Price,Close,High,Low,Open,Volume
Ticker,AAPL,AAPL,AAPL,AAPL,AAPL
Date,,,,,
2015-01-02,24.2885799407959,24.75733433246641,23.848705532925308,24.746225733732643,212818400
2015-01-05,23.60433006286621,24.137510563273064,23.41771781993756,24.05753340346533,257142000
2015-01-06,23.606555938720703,23.866480902659614,23.244436602442416,23.66876002975555,263188400
2015-01-07,23.93756675720215,24.037537355708736,23.70429976744142,23.815378963530524,160423600
2015-01-08,24.857311248779297,24.915072925970136,24.14862518208032,24.266370595759433,237458000
2015-01-09,24.883962631225586,25.159438570127115,24.48407683690557,25.030586292520212,214798000
2015-01-12,24.270809173583984,25.02170407834321,24.170838555190564,25.015039596441564,198603200
2015-01-13,24.486303329467773,25.05947250680508,24.195276317806265,24.75511483629627,268367600
2015-01-14,24.392993927001953,24.54628207628489,24.10418731802887,24.22415306198996,195826400
2015-01-15,23.73095703125,24.450749675943126,23.69541257339217,24.43742071611317,240056000
2015-01-16,23.546567916870117,23.899800647867,23.371062580642416,23.777612852096432,314053200
2015-01-20,24.153072357177734,24.208611982099523,23.659880216682662,23.957571792694733,199599600
2015-01-21,24.337453842163086,24.672911811933083,24.05308966122845,24.204157443782993,194303600
2015-01-22,24.97060775756836,24.986158779800352,24.37522310007527,24.495188855122496,215185600
2015-01-23,25.099458694458008,25.270519929749877,24.77732797289847,24.94839090312455,185859200
2015-01-26,25.12611961364746,25.40603972695871,25.059473097577246,25.268300881851875,222460000
2015-01-27,24.246368408203125,24.988378369065714,24.221930847834546,24.9750477120884,382274800
2015-01-28,25.61708641052246,26.241352712133768,25.61708641052246,26.132493867924392,585908400
2015-01-29,26.414634704589844,26.47906084545902,25.672624750212208,25.84146561266473,337745600
2015-01-30,26.0280818939209,26.659011007530673,25.959211629596137,26.30355786641712,334982000
2015-02-02,26.35465431213379,26.474620069416556,25.788151324610777,26.225803709068003,250956400
2015-02-03,26.35909080505371,26.456839334800165,26.128045898039993,26.325766710736893,207662800
2015-02-04,26.561267852783203,26.77231942992641,26.283569747280083,26.32578040169567,280598800
2015-02-05,26.75084114074707,26.81552154981854,26.596946315658972,26.768682662651635,168984800
2015-02-06,26.52557945251465,26.81998588228434,26.4185217954967,26.768687031674467,174826400
2015-02-09,26.70177459716797,26.72853773231023,26.414058983023832,26.440823819789642,155559200
2015-02-10,27.214754104614258,27.243749769386245,26.79991020192898,26.802139328739504,248034000
2015-02-11,27.85264015197754,27.861561765770272,27.321816893488627,27.382035659559786,294247200
2015-02-12,28.205032348632812,28.432529214905024,28.00653114859303,28.11581792463633,297898000
2015-02-13,28.343313217163086,28.387919575872782,28.024372817680565,28.387919575872782,217088800
2015-02-17,28.510591506958008,28.744779159785324,28.307628647624515,28.434758650170412,252609600
2015-02-18,28.709095001220703,28.722476570465375,28.425839306967546,28.465985716325328,179566800
2015-02-19,28.648874282836914,28.778235123136476,28.622111144584412,28.655565067400037,149449600
2015-02-20,28.883058547973633,28.883058547973633,28.559658186966203,28.68678648192903,195793600
2015-02-23,29.663684844970703,29.663684844970703,28.918748012259847,28.999040829173126,283896400
2015-02-24,29.478565216064453,29.797507356812893,29.255529991547135,29.650303291852076,276912400
2015-02-25,28.724700927734375,29.351432677017822,28.581958540748293,29.34250936350478,298846800
2015-02-26,29.0882568359375,29.18862201757859,28.238493079729604,28.72470829015649,365150000
2015-02-27,28.651103973388672,29.121708392752836,28.602035955957554,28.994576692159352,248059200
2015-03-02,28.791614532470703,29.05702697772314,28.615418213446564,28.827300982962022,192386800
2015-03-03,28.85183334350586,28.887519791957846,28.56857768919465,28.76262062562293,151265200
2015-03-04,28.668941497802734,28.8964383419141,28.619876887550163,28.79384406150389,126665200
2015-03-05,28.193880081176758,28.71578162559271,28.048906862742268,28.677866050476716,226068400
2015-03-06,28.23625946044922,28.854066291893886,28.160428299880568,28.63772184896465,291368400
2015-03-09,28.356689453125,28.898666649129694,27.892775922620835,28.53957821204756,354114000
2015-03-10,27.770112991333008,28.37453817397716,27.611758204879983,28.193880208039282,275426400
2015-03-11,27.263824462890625,27.82810328991539,27.23483049725104,27.82364333428763,275756000
2015-03-12,27.756729125976562,27.857095983937246,27.12776994892551,27.279433948436857,193450800
2015-03-13,27.564918518066406,27.96861337203962,27.33965419967843,27.74557818039915,207309200
2015-03-16,27.868249893188477,27.868249893188477,27.40433793157187,27.62960227726778,143497200
2015-03-17,28.334392547607422,28.396842132527716,28.024373749879125,28.080132550932753,204092400
2015-03-18,28.653331756591797,28.807226585568305,28.184958187699582,28.3254697478802,261083600
2015-03-19,28.436986923217773,28.82729850843841,28.414683744387002,28.715780912661085,183238000
2015-03-20,28.080129623413086,28.637715874194154,27.915084065955917,28.604261958348598,274780400
2015-03-23,28.37230682373047,28.51504921175649,28.21841199535537,28.35223447305032,150838800
2015-03-24,28.256332397460938,28.55742790071318,28.227336729995056,28.37677161973604,131369200
2015-03-25,27.518077850341797,28.285319357030684,27.518077850341797,28.222869783532424,206620800
2015-03-26,27.70989227294922,27.85263466225091,27.3441146876607,27.379801135797873,190291600
2015-03-27,27.48908805847168,27.812488413804292,27.413256908193112,27.78349445074899,158184800
2015-03-30,28.184959411621094,28.191650195497832,27.65636536425211,27.66751780512906,188398800
2015-03-31,27.752273559570312,28.211725585913857,27.73666116163506,28.12251115415937,168362400
2015-04-01,27.712127685546875,27.906168950738486,27.455636827408203,27.839257700224472,162485600
2015-04-02,27.950763702392578,28.004291659587253,27.698734606545536,27.886083307538435,128880400
2015-04-06,28.403526306152344,28.439212747300814,27.729960894895118,27.761185680088445,148776000
2015-04-07,28.10467529296875,28.575278154606114,28.097984507022943,28.468222176225023,140049200
2015-04-08,28.013221740722656,28.191650587493417,27.87271017248661,28.06898054263557,149316800
2015-04-09,28.22733497619629,28.231796633201682,27.80356944835671,28.06898018497623,129936000
2015-04-10,28.34777069091797,28.372304696547733,27.937386781517116,28.091279896730754,160752000
2015-04-13,28.292016983032227,28.67563953079171,28.23848900731811,28.631029764719884,145460400
2015-04-14,28.16934585571289,28.3901502226733,28.08236226564899,28.325469811821563,102098400
2015-04-15,28.276403427124023,28.354465409679758,28.1046670655014,28.19388148911807,115881600
2015-04-16,28.140352249145508,28.34777506407189,28.126970680964327,28.16488625856008,113476000
2015-04-17,27.823640823364258,28.133659611037796,27.75896041204498,28.002069661598362,207828000
2015-04-20,28.459291458129883,28.57526901455029,27.917315848762083,28.006530269959693,188217200
2015-04-21,28.30539894104004,28.59311286068083,28.251869266183697,28.57081138192607,129740400
2015-04-22,28.68678855895996,28.74254736328277,28.173808580164312,28.32324176735976,150618000
2015-04-23,28.92098045349121,29.08825689095871,28.579736793317338,28.615423250089883,183083600
2015-04-24,29.057031631469727,29.135095329016192,28.822843942078105,29.10387053064716,178103600
2015-04-27,29.58561134338379,29.692670665928052,29.251058617737176,29.509780209016338,387816800
2015-04-28,29.119478225708008,30.007157462025948,28.898675532596673,29.98931763900977,475696000
2015-04-29,28.691246032714844,29.349199147137707,28.615414886672202,29.030260466474736,253544400
2015-04-30,27.912853240966797,28.6912455461602,27.7857232558686,28.6912455461602,332781600
2015-05-01,28.760395050048828,29.023578416963183,27.94631774196411,28.124744922498543,234050400
2015-05-04,28.704631805419922,29.121709976263308,28.606495765221478,28.88306066003097,203953200
2015-05-05,28.05782699584961,28.64886887568983,28.053365339233785,28.58195763943982,197085600
2015-05-06,27.881629943847656,28.26971070308034,27.51362153519884,28.22733347190532,288564000
2015-05-07,28.05408477783203,28.237737504672765,27.776364686526524,27.94433980407834,175763600
2015-05-08,28.5826416015625,28.5826416015625,28.24445127913183,28.372112277717704,222201600
2015-05-11,28.291486740112305,28.569205099876047,28.136949097863642,28.531131153120356,168143200
2015-05-12,28.190704345703125,28.41690960439626,27.95553850040013,28.13023234720522,192640000
2015-05-13,28.222068786621094,28.486349789845754,28.19071355816493,28.253424015077258,138776800
2015-05-14,28.880529403686523,28.880529403686523,28.47963017952206,28.535621901288597,180814000
2015-05-15,28.840208053588867,29.001464435626257,28.714787182551436,28.907398782348185,152832000
2015-05-18,29.158248901367188,29.276951075377166,28.748389097394412,28.752869391922168,203531600
2015-05-19,29.131362915039062,29.3127754737458,29.03505541528557,29.27022123553812,178532800
2015-05-20,29.12912940979004,29.335178511920034,28.967872996390373,29.11569194491725,145819600
2015-05-21,29.427003860473633,29.48075713398518,29.077616126305756,29.131369399817306,158921600
2015-05-22,29.684560775756836,29.78086828529664,29.42923873802828,29.474034835932816,182384000
2015-05-26,29.03057861328125,29.767431377512352,28.91859520135844,29.698002208914215,282790400
2015-05-27,29.57257652282715,29.621849495147433,29.126884751560496,29.191833623730496,183332800
2015-05-28,29.514345169067383,29.552419115666552,29.362049382670712,29.532262923489736,122933200
2015-05-29,29.178403854370117,29.440444684906147,29.09329534929468,29.39117169959545,203538000
2015-06-01,29.236635208129883,29.427008424395478,29.126893623368442,29.178405049225105,128451200
2015-06-02,29.106731414794922,29.26350751598827,28.963392776923477,29.08433336428329,134670400
2015-06-03,29.142559051513672,29.326213468709096,29.09328608189842,29.26350303782826,123934000
2015-06-04,28.97235107421875,29.245590897273896,28.871566677919382,29.02162405329183,153800400
2015-06-05,28.813331604003906,29.046259023339374,28.748382726330405,29.003704778414857,142507200
2015-06-08,28.62296485900879,28.93875894592509,28.405716735453293,28.869326349947787,210699200
2015-06-09,28.537857055664062,28.685676004307577,28.134717730578338,28.376600642137156,224301600
2015-06-10,28.864845275878906,28.967868100801432,28.634158012582517,28.64983562186176,156349200
2015-06-11,28.799890518188477,29.155996916506165,28.775254033039708,28.932030112412694,141563600
2015-06-12,28.481861114501953,28.741663455244463,28.46842365161227,28.710308236014342,147544800
2015-06-15,28.425870895385742,28.49754021576761,28.154871224293956,28.242218155111498,175955600
2015-06-16,28.578166961669922,28.63415866876909,28.302688719631533,28.450505937833068,125976400
2015-06-17,28.51097297668457,28.64087241591273,28.385550412672178,28.605038618145617,131672400
2015-06-18,28.640878677368164,28.737184486222425,28.493061452575215,28.495301599403838,141628800
2015-06-19,28.354204177856445,28.62744402087368,28.30941148928018,28.60280752953727,218867600
2015-06-22,28.580402374267578,28.68118674685938,28.46170024827647,28.553525744168624,136157200
2015-06-23,28.45051383972168,28.58041504636622,28.416918464385088,28.551299965731452,121075600
2015-06-24,28.69239616394043,29.070900725144345,28.47066943867777,28.490825637005454,221123600
2015-06-25,28.555768966674805,28.936511869404658,28.555768966674805,28.860363972351166,127752400
2015-06-26,28.38779640197754,28.665514799575778,28.334044839897864,28.593845480559093,176267200
2015-06-29,27.89058494567871,28.325081078476078,27.879387631071896,28.09887413515331,196645600
2015-06-30,28.092159271240234,28.246696929171893,27.964498247780128,28.123514490424732,177482800
2015-07-01,28.354204177856445,28.43035379891395,28.21758425634783,28.421394919452386,120955200
2015-07-02,28.318361282348633,28.374352979468917,28.16830223543072,28.316121136019145,108844000
2015-07-06,28.219820022583008,28.271333144307263,27.96225783142429,27.982415734266397,112241600
2015-07-07,28.150392532348633,28.253417073210287,27.72037490296042,28.195185216642784,187787200
2015-07-08,27.451614379882812,27.915225651240178,27.44489564835654,27.87939184685628,243046400
2015-07-09,26.89169692993164,27.78532409388832,26.701325468158796,27.738291265125472,314380000
2015-07-10,27.610628128051758,27.738289141701422,27.147016898615483,27.31051342214001,245418000
2015-07-13,28.143678665161133,28.166075011179377,27.843562160575306,28.002578438656016,165762000
2015-07-14,28.13248062133789,28.30269593274453,28.004819564965842,28.228786450441834,127072400
2015-07-15,28.403480529785156,28.477390012561617,28.125762068459608,28.1571172959287,134596800
2015-07-16,28.7819766998291,28.795417580581077,28.522176060091958,28.609522988935005,144889600
2015-07-17,29.03057861328125,29.03057861328125,28.73718262083749,28.909638032088125,184658800
2015-07-20,29.579301834106445,29.78087062063352,29.272464943218825,29.33293694616204,235600800
2015-07-21,29.283662796020508,29.76967040326622,29.18735870024738,29.753994502368016,307025600
2015-07-22,28.045129776000977,28.107840221823945,27.321716084585486,27.321716084585486,461802400
2015-07-23,28.031686782836914,28.463941086110378,28.009288734833575,28.264610761744994,203998000
2015-07-24,27.883869171142578,28.161587550306,27.749489420497778,28.06752189572776,168649200
2015-07-27,27.496410369873047,27.68454341889434,27.350833279343277,27.5680796959927,177822000
2015-07-28,27.633020401000977,27.75172422844514,27.447129274256344,27.633020401000977,134472400
2015-07-29,27.545677185058594,27.659900735365955,27.384420810208464,27.58151269446135,148046800
2015-07-30,27.40682601928711,27.451618709013637,27.259007067472716,27.395626992489685,134513200
2015-07-31,27.16718292236328,27.46729771800132,27.07983597684286,27.45833883785414,171540000
2015-08-03,26.526630401611328,27.45161274239848,26.32057963095237,27.211968316112014,279904000
2015-08-04,25.67555809020996,26.360896065522866,25.364244323075575,26.298185624478727,496554400
2015-08-05,25.845773696899414,26.302666255885764,25.106682440859153,25.297053913253954,397250400
2015-08-06,25.90201759338379,26.210241653937203,25.67478840803341,26.091002202592456,211612000
2015-08-07,25.989761352539062,26.153997965979055,25.76028186756647,25.77828072973145,154681600
2015-08-10,26.934680938720703,26.995424952764882,26.216992189331023,26.216992189331023,219806400
2015-08-11,25.533052444458008,26.588212199107108,25.497056434491412,26.504968744081115,388331200
2015-08-12,25.92676544189453,25.967262021018723,24.664624061734038,25.31706818475009,404870000
2015-08-13,25.906517028808594,26.187742785273155,25.769278722336622,26.106749630094097,194143200
2015-08-14,26.088754653930664,26.167497534171147,25.65004309511507,25.719786543832917,171718000
2015-08-17,26.358722686767578,26.46896267827064,25.985254141010692,26.106743846866593,163538800
2015-08-18,26.21023941040039,26.421721719719006,26.099999399070054,26.1944908373532,138242800
2015-08-19,25.875022888183594,26.214742405614185,25.800778867897705,26.120250952413596,193146000
2015-08-20,25.344058990478516,25.72652523420942,25.114577871067688,25.66578124169794,274006400
2015-08-21,23.793949127197266,25.175329896555905,23.76920112347376,24.844608134492457,513102000
2015-08-24,23.200000762939453,24.477890676668554,20.698215800437183,21.343910759095902,648825200
2015-08-25,23.339488983154297,24.997596766572155,23.285494115092074,24.997596766572155,414406400
2015-08-26,24.678123474121094,24.72311890919554,23.63421358890838,24.09317251935836,387098400
2015-08-27,25.404808044433594,25.476801765236914,24.75236398414154,25.24957260310294,338464400
2015-08-28,25.48805046081543,25.49254931723175,25.09433444046086,25.236071589860877,212657600
2015-08-31,25.368810653686523,25.767025524606474,25.197824932463014,25.204574075221142,224917200
2015-09-01,24.234905242919922,25.17082344308042,24.153912107194014,24.78160805083711,307383600
2015-09-02,25.27431869506836,25.27431869506836,24.552131206047807,24.79961122859608,247555200
2015-09-03,24.831111907958984,25.37331431528775,24.756867890627888,25.308069728827025,212935600
2015-09-04,24.583637237548828,24.849114498771744,24.41265316293945,24.516144065929222,199985200
2015-09-08,25.26757049560547,25.323815645291326,24.819859584716458,25.14158190957819,219374400
2015-09-09,24.781612396240234,25.652286183266472,24.696118673279862,25.593792465569646,340043200
2015-09-10,25.326068878173828,25.485804915888515,24.725371021599024,24.808612754279864,251571200
2015-09-11,25.695032119750977,25.695032119750977,25.14383037924651,25.15057952208659,199662000
2015-09-14,25.94251251220703,26.297982273193004,25.84127192849879,26.228238836259138,233453600
2015-09-15,26.160743713378906,26.216988862991936,25.74227966294069,26.08200084721381,173364800
2015-09-16,26.18999481201172,26.219241674699525,25.971763335861283,26.153997088888968,148694000
2015-09-17,25.629793167114258,26.20799332228111,25.58479772733292,26.02126070236914,256450400
2015-09-18,25.524049758911133,25.71528465238944,25.16858169626885,25.24507428048749,297141200
2015-09-21,25.920011520385742,25.95600923584565,25.571292663312022,25.573541233179107,200888000
2015-09-22,25.512798309326172,25.688282888426293,25.314814298882453,25.508297736471206,201384800
2015-09-23,25.719789505004883,25.809782114126207,25.490309982388446,25.564552297182257,143026800
2015-09-24,25.87276840209961,25.98525869950004,25.28107005570099,25.479052361198093,200878000
2015-09-25,25.807525634765625,26.25298799897815,25.65228846418968,26.196742846330732,224607600
2015-09-28,25.29682159423828,25.776029699414288,25.29682159423828,25.614043377533406,208436000
2015-09-29,24.53639030456543,25.537555274474176,24.266414198335106,25.384568356552666,293461600
2015-09-30,24.815357208251953,25.094332630514373,24.462137786982964,24.786108636025755,265892000
2015-10-01,24.653377532958984,24.662376964020137,24.142670548150836,24.53863693251174,255716400
2015-10-02,24.833354949951172,24.97509380902331,24.196661234922527,24.300152092193844,232079200
2015-10-05,24.923355102539062,25.056094573116695,24.53863841291139,24.720872182612375,208258800
2015-10-06,25.04258918762207,25.13933091100052,24.696118869393807,24.889602316150704,192787200
2015-10-07,24.923355102539062,25.146085456225386,24.615132723313057,25.13933631163884,187062400
2015-10-08,24.635377883911133,24.790615060941857,24.345152678206958,24.790615060941857,247918400
2015-10-09,25.224824905395508,25.260820907999182,24.633124842568826,24.747865426520367,211064400
2015-10-12,25.107837677001953,25.36656574183045,25.071841669176738,25.362066884527035,121868800
2015-10-13,25.150583267211914,25.29906958120137,24.900854646148584,24.932351795069557,132197200
2015-10-14,24.795106887817383,25.089830867110912,24.64886918302384,25.038086300416,177849600
2015-10-15,25.16632843017578,25.220323290082884,24.858104410127495,24.957096417011893,150694000
2015-10-16,24.98185157775879,25.197832795746393,24.86711096566764,25.148336778120164,156930400
2015-10-19,25.137081146240234,25.14158000262894,24.772611985992622,24.927849136620136,119036800
2015-10-20,25.596044540405273,25.686037132254842,24.93235239388829,25.049341561766585,195871200
2015-10-21,25.59379768371582,26.003262373405033,25.580297678331625,25.647792555854497,167180800
2015-10-22,25.985258102416992,25.985258102416992,25.670284933640016,25.722031224500117,166616400
2015-10-23,26.790693283081055,26.824440720182352,26.171996563265758,26.25523829612088,237467600
2015-10-26,25.935768127441406,26.57696261365822,25.854774959028116,26.5657146114412,265335200
2015-10-27,25.771526336669922,26.21923721392656,25.645536043641375,25.96275948794311,279537600
2015-10-28,26.833438873291016,26.84018973399438,26.111251259969535,26.3069850251835,342205600
2015-10-29,27.116918563842773,27.15291629319878,26.60846179371959,26.70520354578109,204909200
2015-10-30,26.88517951965332,27.272146394905423,26.87392980397935,27.220400105857035,197461200
2015-11-02,27.26314926147461,27.303645838259225,26.90992978703437,27.177657251136313,128813200
2015-11-03,27.57587432861328,27.782856085589344,27.155159954277803,27.17540910249606,182076000
2015-11-04,27.447629928588867,27.85709450312723,27.362137928706108,27.701857358360492,179544400
2015-11-05,27.321109771728516,27.7210310565169,27.153911928749352,27.531237466156266,158210800
2015-11-06,27.352741241455078,27.522199000787694,27.25332719483977,27.364039114935974,132169200
2015-11-09,27.242023468017578,27.52219308724792,27.12453353860263,27.330141346032065,135485600
2015-11-10,26.383432388305664,26.67715974641705,26.223012645396853,26.412806158404482,236511600
2015-11-11,26.23432159423828,26.530307272122702,26.030971931495213,26.29306743543373,180872000
2015-11-12,26.146198272705078,26.39473593171521,26.130382286872063,26.268208045051107,130102400
2015-11-13,25.382509231567383,26.112307991563497,25.366693244759457,26.028708219114012,183249600
2015-11-16,25.798246383666992,25.81180245123472,25.07974549775184,25.165603465369564,152426800
2015-11-17,25.68753433227539,25.994817836718326,25.603934560512165,25.965444058735248,110467600
2015-11-18,26.500934600830078,26.54612264758906,26.096495204227292,26.15524104406476,186698800
2015-11-19,26.837587356567383,27.05675298010782,26.381181926988305,26.58001172497497,173183200
2015-11-20,26.955074310302734,27.095158250187996,26.853398647939915,26.932478569457885,137148400
2015-11-23,26.604860305786133,27.05222941590253,26.512222597461033,26.94829383745531,129930000
2015-11-24,26.86017608642578,26.966369860320388,26.46251656878648,26.509964520647546,171212800
2015-11-25,26.668123245239258,26.939256603726427,26.64326931094928,26.93473676632122,85553200
2015-11-27,26.618417739868164,26.753985293054015,26.570969785778335,26.726871437654236,52185600
2015-11-30,26.729135513305664,26.9799331123637,26.604865811497337,26.659091806916738,156721200
2015-12-01,26.512222290039062,26.844359671547785,26.403770322901277,26.830803606608796,139409600
2015-12-02,26.272724151611328,26.68620139455058,26.227536116631175,26.51222383986961,133546400
2015-12-03,26.028705596923828,26.387956866531066,25.80728180391958,26.333730877768634,166278000
2015-12-04,26.894073486328125,26.943781367176232,26.008374755730276,26.049044683350242,231108000
2015-12-07,26.724609375,27.08160068530184,26.61841560463565,26.882770933091997,128336800
2015-12-08,26.713319778442383,26.796917829709056,26.403776342532094,26.55289826229715,137238000
2015-12-09,26.123600006103516,26.59130319548043,26.001590253594813,26.580005325802393,185445600
2015-12-10,26.24787139892578,26.4218489614526,26.098749497715907,26.218499347245395,116850800
2015-12-11,25.572309494018555,26.07164489265124,25.497747655049047,26.02645683959842,187544800
2015-12-14,25.414146423339844,25.459334470771875,24.80635735964201,25.346362628378287,257274800
2015-12-15,24.96451187133789,25.48644284294935,24.932879900187274,25.29213117798805,213292400
2015-12-16,25.156558990478516,25.303422671702734,24.582663777260567,25.095554978425934,224954000
2015-12-17,24.623334884643555,25.362169716114146,24.623334884643555,25.31020192837405,179091200
2015-12-18,23.956806182861328,24.74534907981034,23.907098301459307,24.60752503203201,385813200
2015-12-21,24.250530242919922,24.259568194985434,23.8528689711029,24.239232371884757,190362400
2015-12-22,24.227941513061523,24.33865343335697,24.051703995035123,24.26635152486414,131157600
2015-12-23,24.53974151611328,24.593967512874414,24.221160122038235,24.23697610958579,130629600
2015-12-24,24.408687591552734,24.62785316618111,24.3906116892753,24.62785316618111,54281600
2015-12-28,24.135295867919922,24.331867425256085,23.990692098320757,24.309271685658228,106816800
2015-12-29,24.56911277770996,24.725014452648782,24.14433932315391,24.166933344089593,123724800
2015-12-30,24.248273849487305,24.560075483922393,24.216641874565486,24.532963347597033,100855200
2015-12-31,23.7828311920166,24.182750729525285,23.68341542557479,24.1782326146022,163649200
2016-01-04,23.80316162109375,23.80768145913264,23.046250788014717,23.1840765433775,270597600
2016-01-05,23.2066707611084,23.91613364374091,23.138888704262126,23.89353962479215,223164000
2016-01-06,22.752517700195312,23.129844786964597,22.564985839851378,22.720885737061987,273829600
2016-01-07,21.792266845703125,22.623739641764434,21.787748730664145,22.296122001314888,324377600
2016-01-08,21.907499313354492,22.393278576933778,21.86231126624579,22.266750665978613,283192000
2016-01-11,22.262222290039062,22.381972120388554,21.993348858551297,22.36163802413125,198957600
2016-01-12,22.585330963134766,22.75027061471091,22.332273410685225,22.71863863613141,196616800
2016-01-13,22.00465202331543,22.863238586263442,21.984317922164728,22.66666698940705,249758400
2016-01-14,22.485912322998047,22.702819753922995,21.63184556255437,22.133440764418324,252680400
2016-01-15,21.945903778076172,22.07695149490277,21.545984318437906,21.7357761368932,319335600
2016-01-19,21.83970832824707,22.289335591561546,21.57761293531985,22.235109612402148,212350800
2016-01-20,21.869081497192383,22.18540288551802,21.107650936042944,21.487236257271135,289337600
2016-01-21,21.758373260498047,22.115362902239465,21.4510897716426,21.930089186060137,208646000
2016-01-22,22.915205001831055,22.924242954859242,22.226077890611073,22.284821999574387,263202000
2016-01-25,22.467838287353516,22.94005971321839,22.41587048664698,22.93779979393202,207178000
2016-01-26,22.592105865478516,22.793195583057503,22.158294456126995,22.57854979762794,300308000
2016-01-27,21.107654571533203,21.832933453764117,21.089578666501193,21.6996275327327,533478800
2016-01-28,21.259035110473633,21.35619093937194,20.874931632771354,21.191253056427215,222715200
2016-01-29,21.993350982666016,21.993350982666016,21.317780046470006,21.41719579016375,257666000
2016-02-01,21.787750244140625,21.851014201961615,21.55502851766475,21.796788198659847,163774000
2016-02-02,21.34715461730957,21.699626123477042,21.301964857664334,21.55954045429642,149428800
2016-02-03,21.769664764404297,21.880376641918254,21.256773568571514,21.464641259687095,183857200
2016-02-04,21.9445858001709,22.110420391823958,21.624277524740638,21.77648076010939,185886800
2016-02-05,21.358488082885742,22.017280363702135,21.283523421375094,21.92641216407802,185672400
2016-02-08,21.58339500427246,21.740140928319427,21.13587039055476,21.156314832886697,216085600
2016-02-09,21.578842163085938,21.794654346432146,21.338042915538264,21.41982411907647,177324800
2016-02-10,21.415281295776367,21.88779456504508,21.376662872764058,21.79011155008248,169374400
2016-02-11,21.285795211791992,21.51750922210033,21.03363676519184,21.30624138125066,200298800
2016-02-12,21.351680755615234,21.467537794076474,21.129055408324458,21.397115737936975,161405600
2016-02-16,21.953676223754883,22.001381645287527,21.492522082438995,21.585660743574064,196231600
2016-02-17,22.289892196655273,22.310336638293304,21.842367598127055,21.9604950827594,179452800
2016-02-18,21.867353439331055,22.46480906169401,21.828733277306004,22.453449884657154,156084000
2016-02-19,21.817373275756836,21.98093570017723,21.762853045338996,21.80828628182605,141496800
2016-02-22,22.008195877075195,22.0127402408157,21.790113213038563,21.878709241141976,137123200
2016-02-23,21.51069450378418,21.921871011669452,21.478890891747024,21.899154393523894,127770400
2016-02-24,21.83100128173828,21.894608501371707,21.199469982282494,21.34940277127564,145022800
2016-02-25,21.980937957763672,21.980937957763672,21.637911267604633,21.819647698552124,110330800
2016-02-26,22.015016555786133,22.267173329381734,21.940050138496137,22.0808942438888,115964400
2016-02-29,21.96503257751465,22.314874023629606,21.955945584128532,22.00365099953056,140865200
2016-03-01,22.837366104125977,22.891886338341294,22.13086830859153,22.183118094041166,201628400
2016-03-02,22.88734245300293,22.919146065649038,22.635184000475302,22.832822221776308,132678400
2016-03-03,23.057722091674805,23.105427515608564,22.819193238838924,22.84872640591726,147822800
2016-03-04,23.40074920654297,23.568854284344514,23.028191070243807,23.255360750092912,184220400
2016-03-07,23.141775131225586,23.359857808560097,22.935049897600972,23.259902598177465,143315600
2016-03-08,22.95094871520996,23.11678331690598,22.807832464308035,22.89415630455838,126247600
2016-03-09,22.971399307250977,23.07589715499009,22.778303687323117,23.01456036910305,108806800
2016-03-10,22.982751846313477,23.225823289496766,22.751039578289895,23.037273807279913,134054400
2016-03-11,23.23037338256836,23.2349160138526,23.057723929924467,23.225829018116897,109632800
2016-03-14,23.289432525634766,23.378030286578408,23.121327464361922,23.150860629065452,100304400
2016-03-15,23.757404327392578,23.89370578174272,23.591569706935772,23.616558509102784,160270800
2016-03-16,24.073169708251953,24.150406562530918,23.75967446092274,23.76421882480209,153214000
2016-03-17,24.034547805786133,24.18675104356324,23.843724413286907,23.97093885284189,137682800
2016-03-18,24.061809539794922,24.193568356192465,23.89597666154192,24.157220379324066,176820800
2016-03-21,24.05954360961914,24.454818399879436,23.884621971130947,24.064086240997355,142010800
2016-03-22,24.243549346923828,24.37303599957692,23.900522633234456,23.90960962872187,129777600
2016-03-23,24.109516143798828,24.323056185472243,24.057268090942788,24.189026913812217,102814000
2016-03-24,24.00501823425293,24.13677705673448,23.827826171754918,23.95958499423647,104532000
2016-03-28,23.895977020263672,24.123146679600588,23.86644385532302,24.079983889713148,77645600
2016-03-29,24.461631774902344,24.486620578931024,23.82555596299124,23.827828145130344,124760400
2016-03-30,24.888710021972656,25.084076088846768,24.670627333334217,24.681986510799955,182404400
2016-03-31,24.759225845336914,24.96595111033244,24.73423703894916,24.925060493804057,103553600
2016-04-01,24.98638916015625,24.988661341928605,24.579755281248477,24.71151409337506,103496000
2016-04-04,25.24309730529785,25.48616881128661,25.05000167669104,25.08407747780796,149424800
2016-04-05,24.945505142211914,25.154502591293046,24.856909094527428,24.87735526954472,106314800
2016-04-06,25.206745147705078,25.21128951145732,24.806926062688646,25.040912267254328,105616400
2016-04-07,24.656993865966797,25.08407218137641,24.56158302951894,24.97730216923229,127207600
2016-04-08,24.684253692626953,24.936410396248828,24.57293932214658,24.74104610211689,94326800
2016-04-11,24.766036987304688,25.12723766861337,24.722875927989268,24.754679543555184,117630000
2016-04-12,25.088621139526367,25.102250766324442,24.68425936828961,24.838733093780334,108929200
2016-04-13,25.45209503173828,25.520244906217787,25.170405070921433,25.170405070921433,133029200
2016-04-14,25.465715408325195,25.531594809605277,25.290795554225273,25.35667495550535,101895600
2016-04-15,24.954587936401367,25.511154668549523,24.92732868519164,25.467991876578065,187756000
2016-04-18,24.41619300842285,24.750130914317232,24.293521198165692,24.736501290899803,243286000
2016-04-19,24.286714553833008,24.534328706075858,24.132239081542135,24.50706771690664,129539600
2016-04-20,24.33668327331543,24.55476592299774,24.09361182420597,24.225370633336997,122444000
2016-04-21,24.073169708251953,24.291252378951796,23.970942318970557,24.291252378951796,126210000
2016-04-22,24.007291793823242,24.189028230651758,23.766492488217505,23.855088524550453,134732400
2016-04-25,23.870990753173828,24.000477403415204,23.741504102932453,23.852816762537497,112126400
2016-04-26,23.705156326293945,23.920968567337326,23.605202843265552,23.605202843265552,224064800
2016-04-27,22.22173500061035,22.42391584961028,21.735592090299633,21.80828630866852,458408400
2016-04-28,21.542499542236328,22.235365973971092,21.410740721834195,22.174030927600157,328970800
2016-04-29,21.29488754272461,21.517514614977394,21.015469777705654,21.351679968658072,274126000
2016-05-02,21.272167205810547,21.372122412619245,20.99047730763794,21.34713361091707,192640400
2016-05-03,21.622005462646484,21.749219900891493,21.281251017490153,21.399378462550985,227325200
2016-05-04,21.397113800048828,21.78557376458914,21.313060390241652,21.62655394061615,164102000
2016-05-05,21.310258865356445,21.499958074748726,21.182269877679328,21.48395945128909,143562000
2016-05-06,21.19141387939453,21.358256431042555,20.992572334568134,21.33997353400832,174799600
2016-05-09,21.207412719726562,21.431393468217014,21.161701117377966,21.255408594403086,131745600
2016-05-10,21.351402282714844,21.38568555165978,21.051998670949335,21.330833367579576,134747200
2016-05-11,21.143417358398438,21.38568273795412,21.13198902234725,21.365113825525096,114876400
2016-05-12,20.647459030151367,21.20512841784952,20.44861921094909,21.191415807896114,305258800
2016-05-13,20.6885929107666,20.95142890610456,20.569746255195167,20.569746255195167,177571200
2016-05-16,21.4565372467041,21.57309966843478,20.946865455185264,21.115994046908508,245039200
2016-05-17,21.367399215698242,21.643947874157206,21.25769485623188,21.609666351648563,187667600
2016-05-18,21.611948013305664,21.76050765320159,21.45881808553379,21.520528306033533,168249600
2016-05-19,21.529672622680664,21.630236410616472,21.385684989361213,21.630236410616472,121768400
2016-05-20,21.762798309326172,21.810794188993604,21.60281030004855,21.63023726430973,128104000
2016-05-23,22.039350509643555,22.21305115690532,21.86564986238179,21.911361476776882,152074400
2016-05-24,22.37531852722168,22.418742371665218,22.133051383686695,22.21990256001259,140560800
2016-05-25,22.768430709838867,22.79585593003438,22.423315491382887,22.551304502213927,152675200
2016-05-26,22.948991775512695,23.02212861543753,22.544452267397364,22.782147433083022,225324800
2016-05-27,22.935272216796875,22.96269917944234,22.683864495564723,22.727290083823526,145364800
2016-05-31,22.82328224182129,22.946700960333143,22.58558712584136,22.763858026896447,169228800
2016-06-01,22.503305435180664,22.75014284428857,22.473594202938123,22.63129442787991,116693200
2016-06-02,22.334177017211914,22.361602233697674,22.08505359057761,22.306750057006894,160766400
2016-06-03,22.379886627197266,22.459879747264605,22.272466547227165,22.350175395092037,114019600
2016-06-06,22.542156219482422,23.28723864346279,22.295320584402702,22.395882604724427,93170000
2016-06-07,22.633586883544922,22.825572170936905,22.61758825490557,22.683868786045675,89638000
2016-06-08,22.613014221191406,22.754715838899905,22.55359000591911,22.63129711966642,83392400
2016-06-09,22.775279998779297,22.85298709035428,22.50330169082895,22.512444009317583,106405600
2016-06-10,22.587873458862305,22.706720146659556,22.507880328256512,22.519306921931932,126851600
2016-06-13,22.247325897216797,22.654151294413545,22.192473720405708,22.55587353311241,152082000
2016-06-14,22.274751663208008,22.507876453664714,22.112479413707717,22.24275441647382,127727600
2016-06-15,22.201616287231445,22.49187928617611,22.17647534263878,22.35703224302279,117780800
2016-06-16,22.29532241821289,22.341032272689805,21.957063566438542,22.043912987432346,125307200
2016-06-17,21.78793716430664,22.089626767320635,21.781080859829856,22.082770462843847,244032800
2016-06-20,21.735366821289062,22.071339652754666,21.71936819806304,21.941064651137303,137647600
2016-06-21,21.920501708984375,22.021063763622866,21.63938097435582,21.69880519554195,142185600
2016-06-22,21.83821678161621,22.144476641153588,21.792505183664925,21.9982030151478,116876400
2016-06-23,21.963912963867188,22.007338532568866,21.769643527847965,21.927345440527848,128960800
2016-06-24,21.346824645996094,21.63480156479989,21.175410103994604,21.234834300129744,301245600
2016-06-27,21.035991668701172,21.266830394383216,20.912572995872715,21.255402061378827,181958400
2016-06-28,21.39025115966797,21.406251526231177,21.058850367732095,21.232550946981636,161779600
2016-06-29,21.57537841796875,21.60966167678017,21.39939183647232,21.477100672692803,146124000
2016-06-30,21.849645614624023,21.88849916907879,21.552528044198954,21.58452529418751,143345600
2016-07-01,21.915925979614258,22.04848701077855,21.78793698054216,21.824504518683042,104106000
2016-07-05,21.710224151611328,21.803931611423483,21.589091479147037,21.801645595796135,110820800
2016-07-06,21.833646774291992,21.863359751644992,21.56852645647027,21.621092619339024,123796400
2016-07-07,21.927358627319336,22.05534765155568,21.85422179293861,21.872504693744034,100558400
2016-07-08,22.096485137939453,22.144481017484175,21.952497499305284,22.053059547233484,115648400
2016-07-11,22.165042877197266,22.318172776437002,22.107904698938963,22.11247498596335,95179600
2016-07-12,22.26560401916504,22.329598497330213,22.197039254153246,22.208465843129172,96670000
2016-07-13,22.13990592956543,22.32274708671437,22.13304788221459,22.263324626093507,103568800
2016-07-14,22.57872772216797,22.624437577393966,22.242754880727357,22.258753504428377,155676000
2016-07-15,22.576446533203125,22.6952949721516,22.51245202471683,22.608443787446273,120548000
2016-07-18,22.816423416137695,22.88498820081162,22.53530274218878,22.558157670413422,145975600
2016-07-19,22.825563430786133,22.855274660105405,22.70442901036355,22.754710893610838,95119600
2016-07-20,22.84613800048828,22.960414402097598,22.79585610478506,22.855280321863365,105104000
2016-07-21,22.72500228881836,23.083830072674527,22.656435759431616,22.816423746760925,130808000
2016-07-22,22.549015045166016,22.69528866497556,22.46902018806969,22.686146345772578,113254800
2016-07-25,22.247325897216797,22.590155053794803,22.151334151867577,22.455309755859364,161531600
2016-07-26,22.094194412231445,22.391313691284648,22.03705622346884,22.128477674232837,224959200
2016-07-27,23.52950668334961,23.849480906140784,23.48379682740197,23.831196266274034,369379200
2016-07-28,23.847190856933594,23.87233179656846,23.49979147681746,23.502077492343975,159479200
2016-07-29,23.817485809326172,23.895194663918566,23.696353110777437,23.81291552080633,110934800
2016-08-01,24.238027572631836,24.260882506184128,23.86320108247136,23.86320108247136,152671600
2016-08-02,23.879194259643555,24.24259232821849,23.76948816242665,24.23802204003911,135266400
2016-08-03,24.178604125976562,24.1900307212594,23.945479262594336,23.954621585052436,120810400
2016-08-04,24.327957153320312,24.357829331738706,24.192379644450686,24.261317598542362,109634800
2016-08-05,24.697927474975586,24.736991508436272,24.399198594376884,24.419878934503544,162213600
2016-08-08,24.902435302734375,24.902435302734375,24.624388581743602,24.70711167568579,112148800
2016-08-09,25.003551483154297,25.033425427216407,24.81971978406271,24.870274071091757,105260800
2016-08-10,24.817413330078125,25.02422545846181,24.7622640135642,24.980564633257153,96034000
2016-08-11,24.80133056640625,25.03112145398412,24.782946874640338,24.93690634855783,109938000
2016-08-12,24.858781814575195,24.91852794470686,24.766865095872383,24.766865095872383,74641600
2016-08-15,25.15750503540039,25.17129192648691,24.83579746911508,24.8495843602016,103472800
2016-08-16,25.1345272064209,25.329850867701843,25.09546317543086,25.191974929582262,135177600
2016-08-17,25.097755432128906,25.132224408221916,24.895538374071222,25.070179900621508,101424000
2016-08-18,25.065587997436523,25.185078475951002,25.051799353371845,25.100056977850468,87938800
2016-08-19,25.12993621826172,25.20576764584063,24.900145288506703,24.994358658060115,101472400
2016-08-22,24.93461036682129,25.070186152587883,24.782947535456568,25.01503682898498,103280800
2016-08-23,25.012739181518555,25.120741185314976,24.939206163447757,24.952993056471833,85030800
2016-08-24,24.82430648803711,24.98975618882819,24.743880037142876,24.94839376363042,94700400
2016-08-25,24.71860694885254,24.78984156656865,24.514093188883674,24.67724451688325,100344800
2016-08-26,24.573837280273438,24.80592480690834,24.429067903776605,24.68183927443289,111065200
2016-08-29,24.546268463134766,24.688739478946058,24.424479543841358,24.500310975797323,99881200
2016-08-30,24.35783576965332,24.472731221396966,24.24294031790967,24.311878290222047,99455600
2016-08-31,24.38081169128418,24.488813683946145,24.27510809827775,24.279704897588832,118649600
2016-09-01,24.52557945251465,24.541664742714836,24.270511455650873,24.390001932400097,106806000
2016-09-02,24.755374908447266,24.817417681257602,24.5462643438728,24.74847970865459,107210000
2016-09-06,24.748476028442383,24.886351953145628,24.70481695524055,24.794435254398532,107521600
2016-09-07,24.900144577026367,24.992061296935137,24.60371407573253,24.778355668242632,169457200
2016-09-08,24.247535705566406,24.649669792324165,24.183194532191646,24.645074745582605,212008000
2016-09-09,23.69833755493164,24.29349696460865,23.69833755493164,24.045322343897798,186228000
2016-09-12,24.229154586791992,24.29349576234789,23.560462184052717,23.58803772493334,181171200
2016-09-13,24.805927276611328,24.9989525467698,24.64277594586758,24.704820471447803,248704800
2016-09-14,25.68372917175293,25.973266208477725,24.955292409728614,24.985166349975966,443554800
2016-09-15,26.556936264038086,26.593703652355746,26.078970734901933,26.163994005512343,359934400
2016-09-16,26.407573699951172,26.68562051955789,26.205358309282385,26.453532938625234,319547600
2016-09-19,26.099653244018555,26.6971092883535,26.023821819282094,26.46961676730972,188092000
2016-09-20,26.097354888916016,26.22374059702802,25.85377707309899,25.977864381109246,138057200
2016-09-21,26.09275245666504,26.193859241372085,25.83768446569855,26.161688661715512,144012800
2016-09-22,26.338632583618164,26.4121655986843,26.196161599917676,26.276588061214174,124296000
2016-09-23,25.899730682373047,26.377696148443047,25.633174164903654,26.292672889051207,209924800
2016-09-26,25.938800811767578,26.055994682667123,25.63318019237459,25.653860535563226,119477600
2016-09-27,25.987049102783203,26.007731193092027,25.814705947259046,25.96636876563962,98429600
2016-09-28,26.184667587280273,26.343223840430866,26.065177112424184,26.124923226434788,118564400
2016-09-29,25.777942657470703,26.150204538311595,25.69062274855684,26.003138505843307,143548000
2016-09-30,25.977863311767578,26.05139633350615,25.690624671669156,25.842285761995047,145516400
2016-10-03,25.85607147216797,25.977862122653885,25.80092214667983,25.899732304477364,86807200
2016-10-04,25.96636962890625,26.26739512288333,25.8813463715482,25.98015652079366,118947200
2016-10-05,25.977863311767578,26.11803590838885,25.89513844316599,26.05828978036203,85812400
2016-10-06,26.170883178710938,26.274288373428085,25.996241619052924,26.12722235050511,115117200
2016-10-07,26.20995330810547,26.324848774829643,26.083569346608293,26.267401041467558,97433600
2016-10-10,26.667232513427734,26.828085429296586,26.361610220111622,26.43054643269886,144944000
2016-10-11,26.724681854248047,27.273881954369937,26.701701362160282,27.04638770549195,256164000
2016-10-12,26.963655471801758,27.110723217664955,26.828079722006283,26.9659538710153,150347200
2016-10-13,26.880937576293945,26.98664116938697,26.591400580242897,26.83727674862923,140769600
2016-10-14,27.030302047729492,27.154389340032225,26.915406601504596,27.08774977084194,142608800
2016-10-17,27.011913299560547,27.078551098787358,26.834973375204715,26.96135903545888,94499600
2016-10-18,26.99353790283203,27.163582681721138,26.988941102957327,27.156689235074555,98214000
2016-10-19,26.913114547729492,27.060180603741756,26.150208724728742,26.94298673770628,80138400
2016-10-20,26.899322509765625,26.972855528504965,26.73157613256281,26.853365030490583,96503200
2016-10-21,26.79361915588379,26.86485552854249,26.720086136455645,26.841875035524247,92770800
2016-10-24,27.03489875793457,27.05557909666727,26.885534327703144,26.908513066239045,94154800
2016-10-25,27.172773361206055,27.198050499934826,26.956769358674872,27.10383539137024,192516000
2016-10-26,26.56153106689453,26.586808207839233,26.037608060341725,26.26739897571861,264536800
2016-10-27,26.30646324157715,26.623574055308783,26.21914157676064,26.51557205082444,138248000
2016-10-28,26.131824493408203,26.474212483679256,26.06977996135859,26.166293483084026,151446800
2016-10-31,26.090457916259766,26.249014191708625,26.012328101848237,26.11573505446655,105677600
2016-11-01,25.619386672973633,26.14330963879958,25.398787621739835,26.072075021583107,175303200
2016-11-02,25.64236068725586,25.817002228073704,25.559637592305403,25.59870161692522,113326800
2016-11-03,25.367507934570312,25.743989474860303,25.302836431911054,25.633124545206226,107730400
2016-11-04,25.13884925842285,25.464518779814153,24.97024164016342,25.067248907833218,123348000
2016-11-07,25.50147247314453,25.524569187668334,25.282049279752517,25.42525172926626,130240000
2016-11-08,25.651607513427734,25.804049033957416,25.337487194306036,25.478379474007685,97016800
2016-11-09,25.610027313232422,25.711654972155866,24.95638165489821,25.379056642709223,236705600
2016-11-10,24.89633560180664,25.658537965864202,24.44363317512695,25.658537965864202,228538000
2016-11-11,25.04414939880371,25.145777055793495,24.609925180861946,24.741578390068558,136575600
2016-11-14,24.41590690612793,24.90094491285593,24.039425385539747,24.877848200567204,204702000
2016-11-15,24.73927116394043,24.870924388973247,24.51984970960792,24.614546777777782,129058000
2016-11-16,25.40446662902832,25.459900865416085,24.62147610225863,24.64457281967024,235362000
2016-11-17,25.39522361755371,25.487612234916195,25.136537603538326,25.362887865801788,110528000
2016-11-18,25.42064094543457,25.531507684121493,25.328254052390335,25.342111733913566,113715600
2016-11-21,25.806354522705078,25.866405629979546,25.4090846762239,25.43449159167326,117058400
2016-11-22,25.82251739501953,25.965718059253767,25.730128789669845,25.857161580130345,103862000
2016-11-23,25.690872192382812,25.755543707584117,25.482998206259598,25.720897749535812,109705600
2016-11-25,25.820213317871094,25.838691395755834,25.626197024414314,25.66777181857173,45903600
2016-11-28,25.76940155029297,25.977275537742,25.727826752803164,25.73706579248608,108776000
2016-11-29,25.743993759155273,25.875646986383043,25.42294463026358,25.58693361420227,114115200
2016-11-30,25.526884078979492,25.91491497244191,25.469141396989055,25.77633288809822,144649200
2016-12-01,25.288984298706055,25.623892908737552,25.1827379761961,25.49223966539187,148347600
2016-12-02,25.383678436279297,25.427561667814384,25.141158514051124,25.21506906218895,106112000
2016-12-05,25.201210021972656,25.413702616104505,25.002575104190075,25.40677377792987,137298000
2016-12-06,25.39522361755371,25.489922434945992,25.21968718294793,25.29128752437486,104782000
2016-12-07,25.644670486450195,25.681626635567845,25.212756507176277,25.23585321929172,119994800
2016-12-08,25.896432876586914,25.968033222389383,25.545356461588256,25.60540933086868,108273200
2016-12-09,26.31911277770996,26.49234081730568,25.94032093876732,25.94032093876732,137610400
2016-12-12,26.16897964477539,26.561629109351376,25.981892189297174,26.166669444489695,105497600
2016-12-13,26.605514526367188,26.77412214440336,26.272916166606528,26.293702683008302,174935200
2016-12-14,26.605514526367188,26.838793656097593,26.557010892596512,26.570868570197696,136127200
2016-12-15,26.751026153564453,26.96121033444056,26.61475428767768,26.649398482620704,186098000
2016-12-16,26.785673141479492,26.90808733409998,26.71176258581241,26.90115849484473,177404400
2016-12-19,26.940418243408203,27.111336042220785,26.734854492388198,26.74640373051278,111117600
2016-12-20,27.01201629638672,27.13905085632535,26.949654997431686,26.96351267227365,85700000
2016-12-21,27.03742790222168,27.115958851680656,26.97275639217693,26.977376792703833,95132800
2016-12-22,26.859580993652344,26.910394825965152,26.709449696955357,26.873438670768028,104343600
2016-12-23,26.91270637512207,26.91270637512207,26.697903544165595,26.697903544165595,56998000
2016-12-27,27.08362579345703,27.20835018760531,26.905777360958567,26.912706200272364,73187600
2016-12-28,26.968141555786133,27.25916339201579,26.838796755295107,27.14367803289289,83623600
2016-12-29,26.961206436157227,27.048974654266903,26.884985693970066,26.896533169892578,60158000
2016-12-30,26.751026153564453,27.069765082206334,26.660947722379433,26.942732255693226,122345200
2017-01-03,26.82724380493164,26.868818596222855,26.506194713025288,26.746404422467158,115127600
2017-01-04,26.79722023010254,26.910397143515784,26.734858915544862,26.75795563344894,84472400
2017-01-05,26.933488845825195,26.99123151091578,26.74871161266881,26.77411852628197,88774400
2017-01-06,27.233755111694336,27.291497784635254,26.90115675166136,26.972757102214807,127007600
2017-01-09,27.483200073242188,27.584827733944625,27.240681922247372,27.242990360233225,134247600
2017-01-10,27.510921478271484,27.573282794775004,27.323835766594243,27.432390520347283,97848400
2017-01-11,27.65873908996582,27.700313883092928,27.393122453996323,27.425458208410024,110354400
2017-01-12,27.543251037597656,27.55480027539398,27.30304134119765,27.462411659522243,108344800
2017-01-13,27.494754791259766,27.62871823212572,27.441630750169214,27.510922671214846,104447600
2017-01-17,27.716487884521484,27.771920366883812,27.305360262847778,27.33307562294552,137759200
2017-01-18,27.71417999267578,27.831975569405333,27.64950846417077,27.71649019359867,94852000
2017-01-19,27.66567039489746,27.73727074860159,27.570973323433932,27.577902162545094,102389200
2017-01-20,27.716487884521484,27.820424009221703,27.65412656213472,27.820424009221703,130391600
2017-01-23,27.734956741333008,27.903564333071216,27.663354639839532,27.716478665969127,88200800
2017-01-24,27.709550857543945,27.739576409500884,27.600994363456543,27.612543601529538,92844000
2017-01-25,28.150711059570312,28.201524900531346,27.78115825553566,27.81349401575327,129510400
2017-01-26,28.164566040039062,28.280051383142826,28.08603509040193,28.102202967949797,105350400
2017-01-27,28.166873931884766,28.25926255700933,28.086034545713193,28.210758925306386,82251600
2017-01-30,28.09296226501465,28.09296226501465,27.868922192883737,27.931283499112673,121510000
2017-01-31,28.028289794921875,28.037528832965222,27.859682196588174,27.982096366871463,196804000
2017-02-01,29.73747444152832,30.1393646852649,29.33558595995814,29.340204598110404,447940000
2017-02-02,29.686662673950195,29.885297609462313,29.51343465545706,29.559629851021814,134841600
2017-02-03,29.813697814941406,29.83910473243412,29.60120519788106,29.635849392492428,98029200
2017-02-06,30.093168258666992,30.1416736520319,29.772119155377286,29.82524494914192,107383600
2017-02-07,30.37957191467285,30.508914925858356,30.130123168386778,30.150909682827436,152735200
2017-02-08,30.497377395629883,30.538953964805422,30.307983206350887,30.338010532736885,92016400
2017-02-09,30.71773910522461,30.724697983707156,30.416174725734553,30.53911963174307,113399600
2017-02-10,30.64815902709961,30.83837788726344,30.63192281735693,30.727032247438846,80262000
2017-02-13,30.9195499420166,31.042498372851828,30.79428660478246,30.870837798496968,92141600
2017-02-14,31.32087516784668,31.33711137488782,30.910283543568294,30.96131769074927,132904800
2017-02-15,31.434541702270508,31.610842784405573,31.22808665051794,31.436863688896764,142492400
2017-02-16,31.39742088317871,31.525002689146593,31.279112862907084,31.471650104490234,90338400
2017-02-17,31.483251571655273,31.508768642518707,31.339430012032164,31.339430012032164,88792800
2017-02-21,31.710590362548828,31.7221896773006,31.543570141042192,31.601563175187163,98028800
2017-02-22,31.805692672729492,31.808011119315623,31.573720588044605,31.64794981454495,83347600
2017-02-23,31.671146392822266,31.89151915111365,31.617793807883125,31.868324067911487,83152800
2017-02-24,31.70130729675293,31.70130729675293,31.381184673536666,31.527328225807267,87106400
2017-02-27,31.763933181762695,31.8822412003406,31.61315275526133,31.812648872873506,81029600
2017-02-28,31.777860641479492,31.882247383116965,31.71058674735715,31.798737281884286,93931600
2017-03-01,32.42738723754883,32.51089735814615,31.91937117183062,31.98664154193837,145658400
2017-03-02,32.23483657836914,32.54103783382449,32.188439338186164,32.47608594510328,104844000
2017-03-03,32.425052642822266,32.436651953165004,32.149005338882816,32.193080594417694,84432400
2017-03-06,32.3229866027832,32.422736431070135,32.1513295404858,32.32994548154592,87000000
2017-03-07,32.36473846435547,32.47144361547035,32.195396334731704,32.25802977362833,69785200
2017-03-08,32.244117736816406,32.429696100778216,32.20236446322176,32.232518425391376,74828800
2017-03-09,32.16988754272461,32.19540461405092,31.791775445305962,32.18380884131337,88623600
2017-03-10,32.27659606933594,32.32763021168569,32.16061002574344,32.30211314051081,78451200
2017-03-13,32.2905158996582,32.34386849204163,32.20236890781023,32.209327787703145,69686800
2017-03-14,32.24179458618164,32.39489343997054,32.2069966569837,32.31370535106674,61236400
2017-03-15,32.582794189453125,32.65006452340403,32.25107233273767,32.33922284032585,102767200
2017-03-16,32.63615798950195,32.712709213528065,32.536408137729644,32.64311686990309,76928000
2017-03-17,32.473777770996094,32.708068333735724,32.45057914356645,32.708068333735724,175540000
2017-03-20,32.81477355957031,32.82405088578312,32.52944533903811,32.56888016976568,86168000
2017-03-21,32.43897247314453,33.12561133774699,32.41345540460427,32.965550047777434,158119600
2017-03-22,32.80548095703125,32.84723775908273,32.42040657412202,32.44128674495373,103440800
2017-03-23,32.68951416015625,32.842616624949166,32.61760336173916,32.768383839735385,81385200
2017-03-24,32.62455749511719,32.87972823263759,32.55728714046917,32.82405365182945,89582400
2017-03-27,32.68022918701172,32.75909884814108,32.155969998016474,32.33458949849089,94300400
2017-03-28,33.35759353637695,33.41326458311608,32.619920310558804,32.68719421152039,133499200
2017-03-29,33.43181610107422,33.51764818034316,33.21608375882161,33.32974781628725,116760000
2017-03-30,33.38773727416992,33.51996304887859,33.287990986256595,33.44805227580381,84829200
2017-03-31,33.32511901855469,33.466622167817924,33.17433500135819,33.33903678084058,78646800
2017-04-03,33.33438491821289,33.431812760425096,33.183604492325316,33.33670690420712,79942800
2017-04-04,33.58259963989258,33.61043515733627,33.2114428891155,33.230001080615665,79565600
2017-04-05,33.40862274169922,33.74266313112356,33.359907043402615,33.455016453649634,110871600
2017-04-06,33.32511901855469,33.524615203751814,33.27640331094006,33.47125906217055,84596000
2017-04-07,33.25088119506836,33.44573691677253,33.234644988066414,33.34135017583198,66688800
2017-04-10,33.211448669433594,33.37615043540504,33.14881520467108,33.311198523656394,75733600
2017-04-11,32.854225158691406,33.253217642134175,32.49002709082184,33.158108186747405,121517600
2017-04-12,32.89364242553711,32.97483053167873,32.71038249584378,32.8472487163686,81400000
2017-04-13,32.71966552734375,33.02818884617626,32.71966552734375,32.91916167562593,71291600
2017-04-17,32.90060043334961,32.912199745237736,32.67790567978188,32.81940878974575,66328400
2017-04-18,32.75446319580078,32.949318930423296,32.73358655415131,32.803178899263266,58790000
2017-04-19,32.63384246826172,32.9400474250304,32.580489861411785,32.91221189791119,69313600
2017-04-20,33.0421028137207,33.15344841823946,32.745178841928706,32.75909660004193,93278400
2017-04-21,33.002681732177734,33.09778763210272,32.905253845191424,33.042116576461645,69283600
2017-04-24,33.32047653198242,33.392387325772354,33.21376779500737,33.288000575444585,68537200
2017-04-25,33.52692794799805,33.61275649390428,33.37382550966795,33.383106376022546,75486000
2017-04-26,33.32974624633789,33.543163671537826,33.260157455091154,33.513006168922246,80164800
2017-04-27,33.35525894165039,33.4410910056191,33.243913350646075,33.385416440310685,56985200
2017-04-28,33.322784423828125,33.47356838397434,33.23463744949724,33.424852694791674,83441600
2017-05-01,34.002471923828125,34.146293497724514,33.62667824255641,33.659154196004415,134411600
2017-05-02,34.21820068359375,34.35274491646579,34.062779812762194,34.22515956291359,181408800
2017-05-03,34.113807678222656,34.2135574961444,33.46660724325226,33.77280849583223,182788000
2017-05-04,33.990867614746094,34.13237072103223,33.8238474388145,33.98854916827394,93487600
2017-05-05,34.55454635620117,34.5591832471008,34.04420518833257,34.04420518833257,109310800
2017-05-08,35.49404525756836,35.65410655266246,34.57079740742947,34.57079740742947,195009600
2017-05-09,35.72139358520508,35.92784866250966,35.59612663875131,35.6935545195408,156521600
2017-05-10,35.55203628540039,35.709779125219725,35.285269834916285,35.63786835367772,103222800
2017-05-11,35.85950469970703,35.88745866350472,35.47750036721987,35.51011036313134,109020400
2017-05-12,36.360313415527344,36.4348490422703,36.02722222619589,36.03420983013355,130108000
2017-05-15,36.267127990722656,36.48841033875089,36.11572521423562,36.33933557810025,104038800
2017-05-16,36.21355438232422,36.35098195227222,36.03885723449191,36.323031545970274,80194000
2017-05-17,34.99766540527344,36.00392278218751,34.871885010270645,35.77798083100697,203070800
2017-05-18,35.53107452392578,35.71741888804317,35.20264653624211,35.23525653339592,134272800
2017-05-19,35.65220642089844,35.86650124089888,35.55204839214531,35.726745603971914,107843200
2017-05-22,35.86882781982422,36.00625542098801,35.617263443297745,35.87115583613732,91865600
2017-05-23,35.8245735168457,36.08079394664311,35.71043673228656,36.08079394664311,79675600
2017-05-24,35.71742630004883,35.910758306945944,35.56136388455392,35.833891107512834,76712000
2017-05-25,35.84086608886719,35.95267482369602,35.64520613425064,35.8082560964311,76942400
2017-05-26,35.780303955078125,35.92705069103703,35.71042438775377,35.87114632633306,87710400
2017-05-30,35.79429244995117,35.971317672585286,35.71509723621147,35.73606004792661,80507600
2017-05-31,35.58232116699219,35.910752726012475,35.49381034394734,35.864167521111504,97804800
2017-06-01,35.680145263671875,35.71508682723733,35.456534895432924,35.67781724778993,65616400
2017-06-02,36.208892822265625,36.208892822265625,35.612593825519774,35.77331576143785,111082800
2017-06-05,35.85483932495117,35.97596367059215,35.745365720382736,35.95034128121084,101326800
2017-06-06,35.97597122192383,36.29275557793908,35.81990883719749,35.84785924812664,106499600
2017-06-07,36.19025421142578,36.33234134440855,35.98294710470226,36.108731021360846,84278400
2017-06-08,36.101749420166016,36.22985781930265,35.96431829516833,36.162309818925564,85003200
2017-06-09,34.701847076416016,36.14834130052815,34.0123775250175,36.14834130052815,259530800
2017-06-12,33.872623443603516,34.02868585572253,33.19479742581178,33.947162624795524,289229200
2017-06-13,34.145145416259766,34.345464992166164,33.80972626086085,34.27791697953152,136661600
2017-06-14,33.81206130981445,34.35711571630006,33.504592534326,34.35711571630006,126124800
2017-06-15,33.60940933227539,33.65366652351866,33.12491890767413,33.38347089747428,128661600
2017-06-16,33.13890075683594,33.658332856954246,33.12259397606791,33.49062323242941,201444400
2017-06-19,34.0869140625,34.1800880275214,33.462664490861656,33.462664490861656,130165600
2017-06-20,33.7771110534668,34.21036013666981,33.76080783398927,34.21036013666981,99600400
2017-06-21,33.97743225097656,34.02402100425864,33.68394229810293,33.89590904117865,85063200
2017-06-22,33.92153549194336,34.17076829154931,33.80273913277406,33.95414549060834,76425200
2017-06-23,34.07294464111328,34.27792384473783,33.800417411325526,33.805076998923525,141757600
2017-06-26,33.96578598022461,34.538790637195895,33.86329641771655,34.28023871513151,102769600
2017-06-27,33.47896194458008,34.04498257760595,33.45333955289211,33.777111472827634,99047600
2017-06-28,33.968116760253906,34.033336750025995,33.34619528721252,33.65599201574137,88329600
2017-06-29,33.46731948852539,33.80507021422651,33.14121950659293,33.70724021964678,125997600
2017-06-30,33.5465202331543,33.76547461438173,33.49061585255683,33.646678249890044,92096400
2017-07-03,33.42538833618164,33.844662210824964,33.332217943693195,33.7468322324453,57111200
2017-07-05,33.562828063964844,33.72587808698004,33.243715622190535,33.46965763773443,86278400
2017-07-06,33.24603271484375,33.42538945833917,33.17149710919521,33.31358427275497,96515200
2017-07-07,33.58379364013672,33.716565240375154,33.28564398659776,33.28564398659776,76806800
2017-07-10,33.788761138916016,33.99606830351503,33.39510961693943,33.567478769502706,84362400
2017-07-11,33.89824676513672,33.97278594835673,33.63037912816554,33.711902361310564,79127200
2017-07-12,33.9471549987793,34.0496410185598,33.73286023232792,33.97743342439088,99538000
2017-07-13,34.42000961303711,34.587719217296886,33.87728319289419,33.89125840087854,100797600
2017-07-14,34.715843200683594,34.78339480847948,34.317535377930064,34.46661025353686,80528400
2017-07-17,34.83694839477539,35.1490731877301,34.606350378800286,34.664582775436166,95174000
2017-07-18,34.95806884765625,34.96971603651963,34.629637314513324,34.753089697174474,71475200
2017-07-19,35.17702102661133,35.27019142330766,34.92778470640329,35.05123708142619,83692000
2017-07-20,35.018638610839844,35.34474221503444,34.98370058913727,35.28883782608634,68974800
2017-07-21,35.00233840942383,35.04193602218238,34.67856634818696,34.937118393795124,105010400
2017-07-24,35.42625427246094,35.50778103634165,34.916137991215166,35.074531932811816,85972800
2017-07-25,35.577667236328125,35.83388765553219,35.35871285071247,35.35871285071247,75415600
2017-07-26,35.74537658691406,35.854850224762295,35.65220261801073,35.71975418974358,63124000
2017-07-27,35.06987762451172,35.868827946423565,34.310528459625985,35.812923566701464,129905200
2017-07-28,34.82297134399414,34.99300893798298,34.75076374466559,34.91381373576606,68854800
2017-07-31,34.64360809326172,35.01629676393556,34.50385250742596,34.91613521757515,79383600
2017-08-01,34.95107650756836,34.990674100957975,34.56907222250216,34.72979416605107,141474400
2017-08-02,36.6025505065918,37.21049679355686,36.37428053552894,37.10101961724423,279747200
2017-08-03,36.236846923828125,36.61885119226021,36.10873497772112,36.581581616261374,108389200
2017-08-04,36.427860260009766,36.66311787815662,36.26481024969889,36.35332463567779,82239600
2017-08-07,36.991554260253906,37.01717666192279,36.49308499033352,36.583927404573366,87481200
2017-08-08,37.287353515625,37.69498012673168,36.865751703670185,36.942618862556934,144823600
2017-08-09,37.515647888183594,37.56456467727475,37.06143579329844,37.09637381820333,104526000
2017-08-10,36.32068634033203,37.41507558857151,36.15933325594757,37.39168973905679,163217200
2017-08-11,36.82579040527344,37.08068334207597,36.49607273431048,36.62000989770237,105028400
2017-08-14,37.37999725341797,37.46418130917244,37.12276720300728,37.256060111359915,88490800
2017-08-15,37.789241790771484,37.929546235370935,37.44782752936895,37.56942756923326,117862000
2017-08-16,37.63724136352539,38.00203791992535,37.45016519998717,37.868748517324306,110686400
2017-08-17,36.9146614074707,37.58111909094803,36.90998352237161,37.53668810295876,111762400
2017-08-18,36.83047103881836,37.298159559946214,36.64807280103292,36.91465511534858,109712400
2017-08-21,36.762672424316406,36.92168487214474,36.27159785415166,36.83048571690633,105474000
2017-08-22,37.363643646240234,37.415089680004726,36.95207894430535,37.001184251328986,86418400
2017-08-23,37.41040802001953,37.52499300514816,37.15318144533209,37.197612430753,77596400
2017-08-24,37.244380950927734,37.588132341607285,37.076012777199765,37.51563761466219,79275600
2017-08-25,37.382354736328125,37.546045053690996,37.24438743799237,37.333245857028615,101920400
2017-08-28,37.75884246826172,37.88277967185713,37.39872021887868,37.44782909586041,103864000
2017-08-29,38.0955696105957,38.14467490747576,37.41508195124418,37.43846780473582,118067600
2017-08-30,38.198463439941406,38.324737777421916,38.02541739329437,38.30369264920524,109078400
2017-08-31,38.350460052490234,38.472060071259364,38.228860033721105,38.26627597306243,107140400
2017-09-01,38.362152099609375,38.57027335117364,38.263937937226494,38.53753529704601,66364400
2017-09-05,37.90148162841797,38.40892329182387,37.546037320934275,38.29200115090507,117874000
2017-09-06,37.86172866821289,38.11428092170984,37.53668525798803,38.04880480800848,86606800
2017-09-07,37.70973587036133,37.93890588588504,37.49927739784833,37.90382709501198,87714000
2017-09-08,37.09471893310547,37.68400394413304,37.07133307805082,37.61619067356338,114446000
2017-09-11,37.76584243774414,37.89445747547147,37.38935309176762,37.53199821212343,126323200
2017-09-12,37.616180419921875,38.3410989108472,37.12744686885405,38.025407794564984,286856000
2017-09-13,37.333248138427734,37.40574288242973,36.92636126300147,37.38469417962578,179629600
2017-09-14,37.01285934448242,37.274763704216284,36.968428375989156,37.17889029492897,95042800
2017-09-15,37.38702392578125,37.641913329828995,36.94739554582332,37.05730264081281,196458400
2017-09-18,37.10408401489258,37.53201962005067,36.94740872254209,37.4408204627666,113077600
2017-09-19,37.11810302734375,37.36130308630419,37.050289753472114,37.30050128747374,83242400
2017-09-20,36.49607849121094,37.00819446712363,35.97226601948196,36.92401038359898,211805600
2017-09-21,35.8693733215332,36.4329388825635,35.71971312775135,36.4329388825635,150046800
2017-09-22,35.51860427856445,35.607466238606435,35.20759098659773,35.436757360822604,186581600
2017-09-25,35.205265045166016,35.50458550593773,34.88022156503823,35.07431278960106,177549200
2017-09-26,35.81092071533203,35.993319008101935,35.47184714893574,35.49289228236734,146640000
2017-09-27,36.06581115722656,36.18039616709506,35.90445799351549,35.96525980487411,102016800
2017-09-28,35.84365463256836,36.07749893657425,35.70802450806324,35.98629980073919,88022000
2017-09-29,36.04008865356445,36.04242938060803,35.54433979300638,35.82729301530582,105199200
2017-10-02,35.96758270263672,36.11724287650187,35.71269333230357,36.072811899104714,74795200
2017-10-03,36.12425994873047,36.266905088727036,35.99097057722756,36.0143528621013,64921200
2017-10-04,35.89042282104492,35.979284798487335,35.65190419977463,35.92550160759473,80655200
2017-10-05,36.33705520629883,36.34874813157937,36.02370479058724,36.05410211450087,85135200
2017-10-06,36.316017150878906,36.360448134685896,36.142971100309715,36.238848110821586,69630400
2017-10-09,36.44228744506836,36.65040868701951,36.36044409761978,36.435272402949344,65051600
2017-10-10,36.456321716308594,36.94739613012038,36.26924914740937,36.49373765736065,62468000
2017-10-11,36.60832595825195,36.70887729474382,36.42124980420893,36.47269583577528,67622400
2017-10-12,36.479705810546875,36.80007131591153,36.416566859091965,36.56155273162474,64500400
2017-10-13,36.711219787597656,36.779033068008125,36.57558965859569,36.65041798290445,65576800
2017-10-16,37.38702392578125,37.41508409703628,36.865548622088866,36.92400969099048,96486000
2017-10-17,37.524993896484375,37.61853018619602,37.23502568928912,37.36364076377817,75989200
2017-10-18,37.358970642089844,37.58112562063542,37.32155825933928,37.51330876354841,65496800
2017-10-19,36.47502136230469,36.73225143810545,36.2505329035874,36.65508241536522,170336800
2017-10-20,36.538169860839844,36.8889362915039,36.47035658757761,36.622353946926445,95896400
2017-10-23,36.51946258544922,36.874906907717886,36.36278733828268,36.68783076083013,87937200
2017-10-24,36.73694610595703,36.811774436990184,36.52648406555226,36.54752919913833,71028800
2017-10-25,36.575584411621094,36.84216674605642,36.30900207718577,36.69250655072747,84828400
2017-10-26,36.809425354003906,36.90763951377101,36.66210233026315,36.76733153228646,68002000
2017-10-27,38.128326416015625,38.25694153711176,37.11110194792497,37.24906927410899,177816800
2017-10-30,38.986515045166016,39.30220622127214,38.28498226997927,38.32473536572489,178803200
2017-10-31,39.5290412902832,39.671686464628834,39.03797037152198,39.262458914903945,144187200
2017-11-01,39.02626419067383,39.73948982022371,38.726943855679096,39.72311901106657,134551200
2017-11-02,39.311553955078125,39.40275306276326,38.649774350827585,38.95845044956486,165573600
2017-11-03,40.338134765625,40.74969937781925,40.015428545682326,40.688901154891305,237594400
2017-11-06,40.74736785888672,40.92041391941787,40.15574208590225,40.30773944834747,140105200
2017-11-07,40.87832260131836,40.98121466696892,40.59537298896027,40.66786415298291,97446000
2017-11-08,41.21271514892578,41.21271514892578,40.766071739901534,40.84324077665811,97638000
2017-11-09,41.128543853759766,41.17998989425537,40.48780907461175,40.94848271202513,117930400
2017-11-10,40.99241638183594,41.159044258138955,40.89854384203651,41.095678324220025,100582000
2017-11-13,40.828128814697266,40.95251151447844,40.69435671436256,40.71782663473931,67928400
2017-11-14,40.210914611816406,40.71314021334376,40.173364163980686,40.60987827229944,99130000
2017-11-15,39.68053436279297,39.97154500892907,39.51625560328403,39.88940383867041,116632400
2017-11-16,40.154579162597656,40.33528391830124,39.966830566886365,40.173350799262835,94550000
2017-11-17,39.931644439697266,40.22265507873627,39.81195639947576,40.14051391048085,87598000
2017-11-20,39.8917350769043,40.027852737629736,39.793167856587345,39.96448681706631,65049600
2017-11-21,40.63334655761719,40.76476953873058,40.07949000791954,40.07949000791954,100525200
2017-11-22,41.06047058105469,41.069856401160315,40.61222157460599,40.684973318698304,102355600
2017-11-24,41.06283187866211,41.187214633524825,40.98773096500457,41.09334207246157,56106800
2017-11-27,40.85629653930664,41.08863589742661,40.680282850702696,41.08159563636307,82867200
2017-11-28,40.61691665649414,41.03934660435194,40.33294635678257,40.90557807579892,105715200
2017-11-29,39.774391174316406,40.581707708387235,39.2299241324358,40.51365067102977,166665600
2017-11-30,40.330596923828125,40.39865396146706,39.53032064613937,39.99734125233353,166108800
2017-12-01,40.14284133911133,40.28834478942551,39.54439429968047,39.88468659080583,159037200
2017-12-04,39.84951400756836,40.51132385028266,39.80961798699772,40.478468093282785,130169600
2017-12-05,39.81195831298828,40.253167204122676,39.52094765996221,39.67584060017004,109400800
2017-12-06,39.66410827636719,39.94338398324362,39.06566442564192,39.30973523594065,114240000
2017-12-07,39.736846923828125,39.999692852259344,39.64062526038198,39.66878630099756,102693200
2017-12-08,39.74858093261719,40.131118470982265,39.619507100586645,40.01143045944201,93420800
2017-12-11,40.523040771484375,40.5746717353511,39.612462224388246,39.708683891686,141095200
2017-12-12,40.2953987121582,40.45733187455196,40.23907662506999,40.401006206456174,77636800
2017-12-13,40.42917251586914,40.72721978848541,40.36580658424659,40.48314904524731,95273600
2017-12-14,40.41744613647461,40.631010320289505,40.2836739836427,40.459687712521436,81906000
2017-12-15,40.828128814697266,40.875065074443675,40.473755935453724,40.74833681502766,160677200
2017-12-18,41.403114318847656,41.586168275105294,41.03700640633239,41.04170110754632,117684400
2017-12-19,40.961917877197266,41.161401557423176,40.85631034455191,41.07691481510511,109745600
2017-12-20,40.91732406616211,41.168435110364854,40.659169178656214,41.039357666611906,93902400
2017-12-21,41.07221221923828,41.30924631294333,40.85865163417834,40.875077718717634,83799600
2017-12-22,41.07221221923828,41.16843390913819,40.95252418270964,40.99476575524627,65397600
2017-12-26,40.03021240234375,40.24142741840811,39.82133936553588,40.0841889364921,132742000
2017-12-27,40.037254333496094,40.07949590606701,39.82838486898746,39.919911857232634,85992800
2017-12-28,40.149898529052734,40.33060692907235,40.009086137685365,40.131123304803225,65920800
2017-12-29,39.71572494506836,40.03489655488634,39.71337938521208,40.018470473877514,103999600
2018-01-02,40.42680740356445,40.4361968020994,39.72275291570784,39.933971410668605,102223600
2018-01-03,40.41979217529297,40.96426303528432,40.356429810473,40.49019838387923,118071600
2018-01-04,40.607540130615234,40.71080209052406,40.3845901249985,40.49254320598795,89738400
2018-01-05,41.069862365722656,41.15669464308769,40.61222747270617,40.703754451309464,94640000
2018-01-08,40.91732406616211,41.21302582557117,40.818753232017464,40.91732406616211,82271200
2018-01-09,40.91261672973633,41.083935694352036,40.69670706368473,40.964247691292925,86336000
2018-01-10,40.903236389160156,40.905585530392194,40.60049439388969,40.638044843522486,95839600
2018-01-11,41.13555908203125,41.18484447480892,40.95015963130988,40.97362596705587,74670800
2018-01-12,41.56034851074219,41.62371443707862,41.22240167829111,41.34678439009499,101672400
2018-01-16,41.34914016723633,42.10013125931942,41.33740520403028,41.750449409423986,118263600
2018-01-17,42.032066345214844,42.067267647244755,41.08628649993311,41.339743036563114,137547200
2018-01-18,42.069610595703125,42.26674861785587,41.83258015439757,42.09542607592508,124773600
2018-01-19,41.88186264038086,42.14470854361538,41.63544281559508,41.91706393777589,129700400
2018-01-22,41.539222717285156,41.722276632609585,41.44535020004437,41.60962889571924,108434400
2018-01-23,41.548622131347656,42.11186816210788,41.49699473667759,41.609642510426376,130756400
2018-01-24,40.88680648803711,41.60963646144299,40.64742687023852,41.59790149940242,204420400
2018-01-25,40.156944274902344,41.058133675910234,40.020826566259224,40.95487171893902,166116000
2018-01-26,40.25080871582031,40.36580561399968,39.91051630329917,40.36580561399968,156572000
2018-01-29,39.41768264770508,39.93398878050645,39.20881320203056,39.93398878050645,202561600
2018-01-30,39.185340881347656,39.279213415752686,38.6526051170296,38.84739402787731,184192800
2018-01-31,39.29328918457031,39.53032321393203,39.07503395702714,39.16186621989822,129915600
2018-02-01,39.375431060791016,39.57256551146793,39.13605146725061,39.2322731328217,188923200
2018-02-02,37.66692352294922,39.145438994257056,37.57305100264689,38.957690372645295,346375200
2018-02-05,36.72584533691406,38.46016679577537,36.61084843408011,37.33837313664764,290954000
2018-02-06,38.260684967041016,38.422618146423986,36.141480273828954,36.33626920112963,272975200
2018-02-07,37.44163131713867,38.34751526986964,37.33133269703871,38.27476351616194,206434400
2018-02-08,36.41136932373047,37.78427774242691,36.38320827506247,37.61764984878874,217562000
2018-02-09,36.85672378540039,37.2054725383978,35.402814745410176,37.01224818986412,282690400
2018-02-12,38.34126663208008,38.61932214150914,37.11592678638475,37.34921338840289,243278000
2018-02-13,38.72535705566406,38.82197101795642,38.091480291970555,38.16217352280904,130196800
2018-02-14,39.439369201660156,39.47942787850929,38.38133975951686,38.41903971703981,162579600
2018-02-15,40.763668060302734,40.78723007818858,39.82345617338796,40.00961157579968,204588800
2018-02-16,40.6317024230957,41.19488961852027,40.47618161148825,40.61520937144973,160704400
2018-02-20,40.495033264160156,41.06292710816683,40.393705449229564,40.54216089165014,135722000
2018-02-21,40.31122970581055,41.02993405641751,40.29708818267244,40.725957827681526,149886400
2018-02-22,40.64820861816406,40.98988849322406,40.46205318685,40.48326008492217,123967600
2018-02-23,41.355133056640625,41.390477885967094,40.89327357832788,40.92390816081634,135249600
2018-02-26,42.17280197143555,42.27177106953291,41.52243207153538,41.55542177090116,152648800
2018-02-27,42.03614044189453,42.52863093958615,41.981943834814835,42.20344770149947,155712400
2018-02-28,41.972511291503906,42.5616157216928,41.956018237174824,42.241142767845716,151128400
2018-03-01,41.237308502197266,42.363675841065785,40.68590764002808,42.0714787606885,195208000
2018-03-02,41.522438049316406,41.54364494576013,40.636422689181344,40.71889874727326,153816000
2018-03-05,41.666175842285156,41.88296582019511,41.12419909970639,41.286792482040795,113605600
2018-03-06,41.63082504272461,42.00313941685463,41.503580087428105,41.9230220896084,95154000
2018-03-07,41.2443733215332,41.43760127355482,41.065286894172935,41.22316642795256,126814000
2018-03-08,41.694454193115234,41.736867984637264,41.25380524613253,41.350415636468696,95096400
2018-03-09,42.41080093383789,42.41551477558312,41.800489667512856,41.934807190193915,128740800
2018-03-12,42.82081985473633,42.97869939855477,42.46500210036413,42.48385027656255,128828400
2018-03-13,42.408451080322266,43.24026626913157,42.23643358912816,43.02583138817519,126774000
2018-03-14,42.047916412353516,42.53805170675562,41.899460952314094,42.490924073672474,117473600
2018-03-15,42.09739685058594,42.47206996264461,41.96072780085272,42.062052026621785,90975200
2018-03-16,41.94894790649414,42.20815168997699,41.85468904336658,42.09739977305709,157618800
2018-03-19,41.30800247192383,41.81934467481242,40.921550117889645,41.783999848007596,133787200
2018-03-20,41.293861389160156,41.66146194230275,41.22316814533864,41.293861389160156,78597600
2018-03-21,40.35835266113281,41.25850203401474,40.35599394307903,41.246719230566185,148219600
2018-03-22,39.788116455078125,40.690621318863954,39.72920600939137,40.0591030669939,165963200
2018-03-23,38.86675262451172,40.04024758721578,38.86675262451172,39.679715980628345,164115200
2018-03-26,40.711830139160156,40.78959235574448,39.22021728418757,39.604314524877644,150164800
2018-03-27,39.66793441772461,41.27265428475455,39.33332353816898,40.92626059766083,163690400
2018-03-28,39.22964859008789,40.0638226337398,38.92567222897971,39.41109379549831,166674000
2018-03-29,39.535972595214844,40.47147063196925,39.328606704264416,39.54304156007836,153594000
2018-04-02,39.276771545410156,39.80932428812303,38.75600520684153,39.267347455946435,150347200
2018-04-03,39.679710388183594,39.76454155398973,38.85260921827928,39.50297909238808,121112000
2018-04-04,40.438480377197266,40.532735637825745,38.826691689439365,38.85261242545335,138422000
2018-04-05,40.71889877319336,41.055864780040615,40.549236410319416,40.66705729589254,107732800
2018-04-06,39.67736053466797,40.64348958929219,39.634943148327956,40.28767182758827,140021200
2018-04-09,40.070884704589844,40.787234121145154,40.02375706853891,40.03082603416615,116070800
2018-04-10,40.82493591308594,41.001667237385014,40.41963178837809,40.76602547165292,113634400
2018-04-11,40.634071350097656,40.982820196880446,40.459695128902055,40.58458499151228,89726400
2018-04-12,41.034645080566406,41.23729708434805,40.77543777493629,40.862627648070216,91557200
2018-04-13,41.173683166503906,41.43524566042456,40.96632086549492,41.18546597346766,100497200
2018-04-16,41.4305419921875,41.517728305467955,41.197255321453866,41.24438296118362,86313600
2018-04-17,42.000797271728516,42.16574581867566,41.569572330389704,41.588424106556324,106421600
2018-04-18,41.90654754638672,42.13747915817393,41.68033337418262,41.899478578230934,83018000
2018-04-19,40.71889877319336,41.3292100975162,40.68590906905721,40.945112859953234,139235200
2018-04-20,39.0505485534668,40.34657809402919,38.98221043687875,40.20048136914202,261964400
2018-04-23,38.93743896484375,39.33331532710472,38.666448830470245,39.31210843532802,146062000
2018-04-24,38.39546203613281,39.1942873148704,37.990157994264045,39.038762918328544,134768000
2018-04-25,38.56277084350586,38.97985774663225,38.27057737549611,38.32006012932007,113528400
2018-04-26,38.69709777832031,39.0529156119667,38.49680080441086,38.67353215941028,111852000
2018-04-27,38.24937438964844,38.72301305983123,37.8511392172482,38.64525084312514,142623200
2018-04-30,38.94215393066406,39.413437426066245,38.136259584999245,38.20459770537288,169709600
2018-05-01,39.84702682495117,39.87058884581609,38.94451836727421,39.21314985527039,214277600
2018-05-02,41.60726547241211,41.8853210111797,40.9545368189417,41.291502795137106,266157600
2018-05-03,41.68266296386719,41.82640455432889,41.105341479281,41.444666125328766,136272800
2018-05-04,43.318023681640625,43.416992785962016,41.984290502990305,42.00314227461454,224805200
2018-05-07,43.63142776489258,44.222887269371405,43.534813783401674,43.63613801110594,169805600
2018-05-08,43.84115982055664,43.88121849710426,43.280331157672606,43.59138007525462,113611200
2018-05-09,44.14982986450195,44.15925395060749,43.64555676108963,43.95896065930299,92844800
2018-05-10,44.7813606262207,44.85912284220606,44.218176936758304,44.23938742883291,111957200
2018-05-11,44.61103439331055,44.958763733617126,44.341367109957716,44.823931896676854,104848800
2018-05-14,44.5069580078125,44.83339872725097,44.438359977373224,44.71039150392342,83115200
2018-05-15,44.10246276855469,44.251490694559884,43.78548605847127,44.18288904852097,94780800
2018-05-16,44.514060974121094,44.58029841938682,43.99838273695559,44.01494300064036,76732400
2018-05-17,44.232574462890625,44.68675094014407,44.0835465091372,44.47148914238329,69176000
2018-05-18,44.071712493896484,44.42653815868699,44.02913514666882,44.27987803893838,73190800
2018-05-21,44.383968353271484,44.77191100165015,44.213651716473635,44.47149087709368,73603200
2018-05-22,44.27277374267578,44.67964071954757,44.182883435619345,44.56136551951444,60962800
2018-05-23,44.55663299560547,44.589749906860305,43.94160051861835,44.081167996274026,80233600
2018-05-24,44.5069580078125,44.67017836753173,44.048053246327676,44.65362171582824,92936000
2018-05-25,44.608673095703125,44.86178013673768,44.38867935550355,44.52587901519814,69844000
2018-05-29,44.447818756103516,44.64888804007304,44.204172132642654,44.37685652361795,90056400
2018-05-30,44.353206634521484,44.47148185221354,44.18289003228706,44.40524801906384,74762000
2018-05-31,44.20417022705078,44.52587890184993,44.03148945299221,44.286964307344995,109931200
2018-06-01,45.0013427734375,45.0060711819214,44.412331064700744,44.46910445175667,93770000
2018-06-04,45.377464294433594,45.753578569376124,45.263921111511316,45.332519140294664,105064800
2018-06-05,45.727569580078125,45.876597527305044,45.50284736136081,45.67079977882873,86264000
2018-06-06,45.88604736328125,45.909703847988986,45.39875409787338,45.80325688574977,83734400
2018-06-07,45.76305389404297,45.938098925582,45.49811492258149,45.9239064754003,85388800
2018-06-08,45.34671401977539,45.41767986646132,44.89017344949806,45.22134258806852,106627200
2018-06-11,45.235530853271484,45.410579444316305,44.99425205010877,45.263919355004944,73234000
2018-06-12,45.48390197753906,45.56196402783753,45.2165989213175,45.27337230593602,67644400
2018-06-13,45.110172271728516,45.62585415455987,45.04867045116868,45.51703935413629,86553600
2018-06-14,45.13381576538086,45.31596057888163,44.99661610412454,45.31122856036312,86440400
2018-06-15,44.6701774597168,44.98242572578577,44.53297779215371,44.951673018210656,246876800
2018-06-18,44.646522521972656,44.76006570008176,44.28223289505848,44.44308903939621,73939600
2018-06-19,43.92504119873047,44.076433299478275,43.39516704137694,43.794937766180226,134314000
2018-06-20,44.11664581298828,44.28223035687983,43.934501009971406,44.08116469982308,82514800
2018-06-21,43.87065505981445,44.554285825243845,43.7476477954938,44.29407884484899,102847600
2018-06-22,43.74290084838867,44.03385683847325,43.69085947006815,44.02676061501797,108801600
2018-06-25,43.0923957824707,43.74290953112811,42.75176255111252,43.383351830308534,126652400
2018-06-26,43.62698745727539,44.123744728742274,43.17990735674422,43.28635792168182,98276800
2018-06-27,43.56311798095703,44.30115399685234,43.5323652771373,43.816225005599165,101141200
2018-06-28,43.88009262084961,44.048044967835686,43.47795772303814,43.54892355429242,69460800
2018-06-29,43.787845611572266,44.27987088708251,43.26743544249482,44.06697335691033,90950800
2018-07-02,44.27750778198242,44.30589628804153,43.38807946404778,43.482701801789624,70925200
2018-07-03,43.506351470947266,44.45964934537701,43.41646115908934,44.42180041307127,55819200
2018-07-05,43.856449127197266,44.09536737618511,43.591513795499964,43.8233322107351,66416800
2018-07-06,44.464378356933594,44.5731895181121,43.80913274741524,43.861174123447604,69940800
2018-07-09,45.081787109375,45.10543998969581,44.77900280926949,44.826312179384686,79026400
2018-07-10,45.027374267578125,45.24736442747198,44.98715751950538,45.11253256386964,63756400
2018-07-11,44.44309616088867,44.892540536298526,44.37922653382369,44.58975627317487,75326000
2018-07-12,45.18822479248047,45.278115103826856,44.78135779619121,44.83339917544724,72164400
2018-07-13,45.25918960571289,45.37982901334297,45.157471054223706,45.20005200422256,50055600
2018-07-16,45.15983581542969,45.57143118391494,45.04392482493433,45.30413169769024,60172400
2018-07-17,45.28757858276367,45.38692932908867,44.755340121361314,44.885443578265395,62138000
2018-07-18,45.039207458496094,45.37038027787357,44.928028450284025,45.36564825788247,65573600
2018-07-19,45.38930130004883,45.547789667710234,44.87125523932698,44.87125523932698,81147200
2018-07-20,45.285221099853516,45.5194037475689,44.98480100194971,45.36564739079671,82704800
2018-07-23,45.32542037963867,45.408214459941114,44.84049135816543,45.105426639977246,63957600
2018-07-24,45.654232025146484,45.81035617192052,45.42950984329037,45.52412856950146,74791600
2018-07-25,46.084754943847656,46.0918511677494,45.51939597020719,45.66842389108969,66839600
2018-07-26,45.94045639038086,46.35441960496236,45.79852470159238,46.03507510992466,76304000
2018-07-27,45.17640686035156,46.17228590760955,44.96824490529274,46.124976536435895,96096000
2018-07-30,44.923282623291016,45.464981394364806,44.72458117438404,45.39401555990595,84118000
2018-07-31,45.0131950378418,45.450814925890924,44.78847277484671,45.015562853009484,157492000
2018-08-01,47.66490936279297,47.72641117223793,46.67376253103362,47.10428602556714,271742800
2018-08-02,49.058189392089844,49.292375597431416,47.392876093634904,47.4472816772898,249616000
2018-08-03,49.20011520385742,49.3775279901853,48.60637143555113,48.97302524918989,133789600
2018-08-06,49.455604553222656,49.498181901881324,48.98250365093466,49.20249383795133,101701600
2018-08-07,48.9919548034668,49.55731013026369,48.9091607174553,49.51473278966766,102349600
2018-08-08,49.02507400512695,49.157541661352525,48.37929237629085,48.74121422614746,90102000
2018-08-09,49.41065979003906,49.62355375400296,49.01325315197339,49.56441614073816,93970400
2018-08-10,49.26347351074219,49.63616186752561,49.05932655590925,49.22311934343157,98444800
2018-08-13,49.5815544128418,50.07530519742618,49.30382027566264,49.68600218179074,103563600
2018-08-14,49.79045486450195,49.982732084437686,49.43675736149721,49.88778153354862,82992000
2018-08-15,49.906776428222656,50.02546643755546,49.45337972325977,49.66464779498689,115230400
2018-08-16,50.63791275024414,50.75422665369832,50.198758219769836,50.265224342352795,114001600
2018-08-17,51.64914321899414,51.73697266396668,50.599924005213595,50.666390118511444,141708000
2018-08-20,51.145904541015625,52.028954949320145,51.06282007892816,51.77258769595775,121150800
2018-08-21,51.046207427978516,51.55657673944937,50.80645486702831,51.463998659267375,104639200
2018-08-22,51.0485725402832,51.35953977789525,50.761341130701624,50.82306225227025,76072400
2018-08-23,51.15302658081055,51.52333886697955,50.941758488207356,50.95362459260786,75532800
2018-08-24,51.31207275390625,51.48773167368857,51.06282297563626,51.416520556010404,73905600
2018-08-27,51.73460388183594,51.9245086286622,51.352421891870854,51.54707163132223,82100400
2018-08-28,52.15239715576172,52.351795531872654,51.967241003354104,51.9886043389091,91107200
2018-08-29,52.930999755859375,53.0520658931678,52.08355490535998,52.25921381497312,109019200
2018-08-30,53.41763687133789,54.184373483370116,52.79332612805023,52.99510063643723,195175200
2018-08-31,54.034820556640625,54.3291694929372,53.64788992596843,53.76895244440021,173360400
2018-09-04,54.20811080932617,54.40276057560212,53.79744431848956,54.21998053678828,109560400
2018-09-05,53.85441207885742,54.519076959259664,53.43425198819361,54.357660260003286,133332000
2018-09-06,52.9594841003418,53.96834918895152,52.53219933838664,53.70248110255072,137160000
2018-09-07,52.53220748901367,53.498342440262576,52.392154124294194,52.662767245164126,150479200
2018-09-10,51.82717514038086,52.66275374338426,51.385648201410284,52.44910957296742,158066000
2018-09-11,53.13751983642578,53.24434012282994,51.40701743257789,51.75121774304983,142996000
2018-09-12,52.47761154174805,53.41051343783881,52.18563146035263,53.39627121379655,197114800
2018-09-13,53.74522018432617,54.205738079671086,52.83368162441811,53.059191956699685,166825600
2018-09-14,53.13515090942383,53.847291078009455,52.8218111187549,53.5885476860684,127997200
2018-09-17,51.72036361694336,52.92387852093869,51.57556164949843,52.73397376692589,148780400
2018-09-18,51.80581283569336,52.66275478606583,51.53994477094162,51.69898893730426,126286800
2018-09-19,51.8366813659668,52.13340643422851,51.10792648182475,51.86754193214831,108495200
2018-09-20,52.2307243347168,52.76482936769001,52.02182876273851,52.28057573153219,106435200
2018-09-21,51.66813659667969,52.54644195601363,51.58030352525411,52.408761108227836,384986800
2018-09-24,52.411136627197266,52.52270553404214,51.42363842889159,51.468741215335086,110773600
2018-09-25,52.74346923828125,52.8930198156766,52.15239166193312,52.16426138781291,98217600
2018-09-26,52.323299407958984,53.113775246280056,52.166627737921,52.460980243253154,95938800
2018-09-27,53.39863204956055,53.752329565278224,53.06392536912954,53.13039510369861,120724800
2018-09-28,53.5861701965332,53.60990602666179,53.17787624815003,53.360656266454455,91717600
2018-10-01,53.94697952270508,54.45972121127921,53.73096646740976,54.11077230839944,94403200
2018-10-02,54.426483154296875,54.597397034784954,53.79742763731377,53.944602070238616,99152800
2018-10-03,55.08879089355469,55.42112152044148,54.54518854127222,54.60928217007616,114619200
2018-10-04,54.12028121948242,55.15525842665836,53.82118002551818,54.78256999358617,128168000
2018-10-05,53.24196243286133,54.219970566201916,52.36128459795892,54.11315028295081,134322000
2018-10-08,53.1185188293457,53.36301991755084,52.27107056705976,52.74820664224399,118655600
2018-10-09,53.85441207885742,53.949366274419,52.75771738057964,53.087675513125205,107564000
2018-10-10,51.35954284667969,53.73097062315094,51.28595561776469,53.519702543759095,167962400
2018-10-11,50.90614700317383,52.10491688602584,50.40052999940235,50.9227653439931,212497600
2018-10-12,52.72447204589844,52.9072556604454,51.47347842930492,52.32329926558883,161351600
2018-10-15,51.596920013427734,52.65800896630272,51.57555668146875,52.498964791499894,123164000
2018-10-16,52.73395919799805,52.93336112679483,51.45448129702903,51.96959540031464,116736000
2018-10-17,52.50608825683594,52.850288568315726,52.06693376217197,52.76958022920797,91541600
2018-10-18,51.278839111328125,52.161893181865885,50.561950350379284,51.71561753142815,130325200
2018-10-19,52.05982971191406,52.52272018747078,51.61355396002712,51.76310458371964,132314800
2018-10-22,52.377899169921875,53.02120060810518,51.97198137027068,52.173752210932165,115168400
2018-10-23,52.871646881103516,52.99508549645666,50.96548575301715,51.233726314612056,155071200
2018-10-24,51.058067321777344,53.22772054648877,50.92750758714553,52.840793579292914,163702000
2018-10-25,52.17613220214844,52.551193090556765,51.45212237395931,51.680008800357086,119423200
2018-10-26,51.345306396484375,52.26871466151266,50.483615641518725,51.25035220162013,189033600
2018-10-29,50.38153839111328,52.15001887333617,48.92164904724457,52.031328859467095,183742000
2018-10-30,50.633155822753906,51.07942776938506,49.67651469177308,50.122786638404236,146640000
2018-10-31,51.9529914855957,52.33042484927199,51.421258935154796,51.48298005871331,153435600
2018-11-01,52.750587463378906,52.78382052074504,51.46636070706696,51.998093247056666,233292800
2018-11-02,49.25160217285156,50.716236361600885,48.764972440648876,49.74298051932691,365314800
2018-11-05,47.853431701660156,48.518096403459886,47.04159256395258,48.49673307349866,264654800
2018-11-06,48.37092590332031,48.59643618956618,47.8771750452981,47.931771433685064,127531600
2018-11-07,49.83793258666992,49.864044532766044,48.45638280611268,48.89316115705554,133697600
2018-11-08,49.664039611816406,50.052316589712134,49.24955594612284,50.01896757992779,101450400
2018-11-09,48.70644760131836,49.07328675547109,48.177624925691106,48.96371298146972,137463200
2018-11-12,46.25290298461914,47.60592795463001,46.16238267177907,47.40344945530987,204542000
2018-11-13,45.7907829284668,46.969913349271664,45.604980735359135,45.647860121721884,187531600
2018-11-14,44.49729919433594,46.326736701410596,44.29005555745399,46.188575488412376,243204000
2018-11-15,45.59544372558594,45.7288397690571,44.521122151289326,44.87605376570121,185915200
2018-11-16,46.10043716430664,46.44345758742049,45.13093158555892,45.378666538491686,147713200
2018-11-19,44.273406982421875,45.42633459975305,44.066166867445695,45.25958947076237,167701200
2018-11-20,42.15810012817383,43.22765660758675,41.80793366785621,42.48920949003139,271300800
2018-11-21,42.110469818115234,42.94181822856761,42.0556829179585,42.81318369021779,124496800
2018-11-23,41.04090881347656,42.067589699866495,40.99565228703064,41.67216302634215,94496000
2018-11-26,41.59592819213867,41.674537359769296,40.55733995839056,41.50541151846663,179994000
2018-11-27,41.50541305541992,41.63166315620087,40.705033069179756,40.85510181769542,165549600
2018-11-28,43.10140609741211,43.18477681325932,41.66977203052576,42.09854765484089,184250000
2018-11-29,42.77029800415039,43.544474925068734,42.32961122602735,43.511125910789204,167080000
2018-11-30,42.53923797607422,42.95610249446837,42.17001438997108,42.94657212714808,158126000
2018-12-03,44.02566146850586,44.05424530249469,43.165729326561774,43.939906331769016,163210000
2018-12-04,42.089027404785156,43.44681406190694,41.98898034949938,43.103793509629774,165377200
2018-12-06,41.619754791259766,41.63404670780796,40.59545836632005,40.91465661846375,172393600
2018-12-07,40.13572311401367,41.56497310411977,40.09046294943033,41.326764772435425,169126400
2018-12-10,40.40013122558594,40.51685097237606,38.906564089522284,39.30437153494596,248104000
2018-12-11,40.1690673828125,40.921802859456115,39.78078668497636,40.89083825164452,189126800
2018-12-12,40.281028747558594,40.95277432624251,40.26197164560557,40.590696658676194,142510800
2018-12-13,40.72169876098633,41.10759858957868,40.388208671851565,40.6121250037432,127594400
2018-12-14,39.41870880126953,40.27626014246563,39.37106786781869,40.257203042131245,162814800
2018-12-17,39.051876068115234,40.10237572596526,38.76364237574099,39.41156935508812,177151600
2018-12-18,39.559261322021484,39.90704346781616,39.15906941514099,39.39489698355829,135366000
2018-12-19,38.3253288269043,39.887974513339486,37.896553209341036,39.5425732450804,196189200
2018-12-20,37.35820770263672,38.61594722162958,36.9937492985405,38.20860943393784,259092000
2018-12-21,35.9051399230957,37.67502967352524,35.64311294562916,37.36535812309151,382978400
2018-12-24,34.97612762451172,36.10047117163717,34.91895631990907,35.29056071290011,148676800
2018-12-26,37.43919372558594,37.45348564036244,34.94991800671452,35.32628751316479,234330000
2018-12-27,37.196224212646484,37.343915828787566,35.74792096197973,37.12238022196103,212468400
2018-12-28,37.21527099609375,37.76076988179599,36.815082911792146,37.51779646788764,169165600
2018-12-31,37.574981689453125,37.96087800456364,37.27483688012672,37.76316466287465,140014000
2019-01-02,37.617855072021484,37.839390685649526,36.738865845414956,36.896084198987076,148158800
2019-01-03,33.870845794677734,34.71172097757419,33.825585626712446,34.29723714095468,365248800
2019-01-04,35.31676483154297,35.385847281021086,34.25435774125792,34.428248800159444,234428400
2019-01-07,35.238155364990234,35.45254503587292,34.75459276161484,35.421576790854516,219111200
2019-01-08,35.90989685058594,36.16478144522651,35.37869342403088,35.62642842655381,164101200
2019-01-09,36.519718170166016,36.81033262099665,35.643113268150785,36.03853633005405,180396400
2019-01-10,36.63644027709961,36.67693525525436,35.93610723599519,36.32676873470214,143122800
2019-01-11,36.27674102783203,36.612615608918475,36.09093884143746,36.41728668965994,108092800
2019-01-14,35.73124694824219,36.03377252347302,35.54544475489296,35.93372546819039,129756800
2019-01-15,36.46255111694336,36.538775893087994,35.74316093670541,35.79556706051702,114843600
2019-01-16,36.90799331665039,37.131909692527415,36.44586864895017,36.46492574846843,122278800
2019-01-17,37.127140045166016,37.555915645850185,36.507797106981144,36.73171345593675,119284800
2019-01-18,37.355831146240234,37.60833138833237,37.15573339148389,37.517811062008555,135004000
2019-01-22,36.517333984375,37.334386728093314,36.35535044644679,37.258161960363196,121576000
2019-01-23,36.665016174316406,36.955630552057414,36.13619352857585,36.719803058220776,92522400
2019-01-24,36.37440490722656,36.79841536974451,36.14572698586206,36.71027946617382,101766000
2019-01-25,37.579742431640625,37.667881979754206,36.76030888199444,37.03662776471714,134142000
2019-01-28,37.23196029663086,37.239106255286785,36.603090491516575,37.1104717299393,104768400
2019-01-29,36.84605026245117,37.667871630472526,36.71027345041031,37.220038958596476,166348800
2019-01-30,39.363922119140625,39.57830813819607,38.16811541887493,38.88750551255496,244439200
2019-01-31,39.64739227294922,40.257204973829765,39.199559480528016,39.56878309333675,162958400
2019-02-01,39.66645431518555,40.252444803805425,39.525908630314966,39.77126656772461,130672400
2019-02-04,40.79316711425781,40.89083337940167,39.847479971250806,39.878448210142714,125982000
2019-02-05,41.49111557006836,41.705505198302404,41.05519762567575,41.17668253733617,144406400
2019-02-06,41.50541305541992,41.82223051192853,41.17430368331649,41.60307569024123,112958400
2019-02-07,40.719322204589844,41.43394701369877,40.57639578886016,41.06710424288514,126966800
2019-02-08,40.76716995239258,40.826977430058655,40.29110111604144,40.42746391729229,95280000
2019-02-11,40.5327262878418,40.95855893207921,40.48966665155167,40.920281266248566,83973600
2019-02-12,40.88200759887695,40.9083230404144,40.59732336325164,40.6930175371876,89134000
2019-02-13,40.71214294433594,41.26237244865827,40.649944483984534,41.001612731729914,89960800
2019-02-14,40.86046600341797,40.970509708782465,40.52075999715096,40.599706299012496,87342800
2019-02-15,40.76956558227539,41.0757796107842,40.609281961912124,40.968126868792055,98507200
2019-02-19,40.89156723022461,41.01357682194491,40.54707922219934,40.59971009502795,75891200
2019-02-20,41.154720306396484,41.463328928356844,40.90592281110477,40.953768062081025,104457600
2019-02-21,40.92266845703125,41.236059059948154,40.74085503673257,41.09969990731384,68998800
2019-02-22,41.379600524902344,41.386777130641946,40.999225819267565,41.0470710743179,75652800
2019-02-25,41.6810302734375,42.07336721819213,41.61404618411542,41.66428607628652,87493600
2019-02-26,41.7049560546875,41.937009389498,41.42744844702722,41.55663465937493,68280800
2019-02-27,41.834129333496094,41.86523038704116,41.3221775193489,41.4370104938114,111341600
2019-02-28,41.422664642333984,41.84371169320655,41.367642775589275,41.70256689790694,112861600
2019-03-01,41.858055114746094,41.90111474377129,41.36045649397887,41.6929859027658,103544800
2019-03-04,42.06857681274414,42.52311213491494,41.6188234600239,42.03029915498957,109744800
2019-03-05,41.992027282714844,42.10446563638617,41.75518834938098,42.09011242534028,78949600
2019-03-06,41.75040817260742,41.98246149544059,41.611654375939004,41.78629120176347,83241600
2019-03-07,41.267154693603516,41.731261249287456,41.1523253722086,41.594898464214864,99185600
2019-03-08,41.36524963378906,41.40352730012009,40.549474665610056,40.745644967787186,95997600
2019-03-11,42.7982292175293,42.85086008948582,41.94896596170817,41.98245800292062,128044000
2019-03-12,43.279090881347656,43.70013427679356,42.91067471626808,43.06139075201512,129870400
2019-03-13,43.4704704284668,43.85084512569788,43.281476747208835,43.59965297928454,124130000
2019-03-14,43.95370864868164,44.04222619421503,43.673810102809064,43.99437729377165,94318000
2019-03-15,44.52547073364258,44.814940537743325,43.956106016627054,44.221651369018744,156171600
2019-03-18,44.980018615722656,45.06853253381992,44.44653317056252,44.44892780641998,104879200
2019-03-19,44.623558044433594,45.21206527171253,44.47762764277541,45.058958264264525,126585600
2019-03-20,45.013511657714844,45.331687953217426,44.19295096923774,44.551795921259654,124140800
2019-03-21,46.67136001586914,46.96800640409748,45.4082264439913,45.45846632882717,204136800
2019-03-22,45.704872131347656,47.29335848679614,45.640279037651645,46.731166773875984,169630800
2019-03-25,45.15224838256836,45.92735084925179,44.640296590856394,45.8149125148253,175381200
2019-03-26,44.685752868652344,46.1426657813242,44.157056816652506,45.85080500180008,199202000
2019-03-27,45.0876579284668,45.39626288224438,44.62833697497821,45.15464200603648,119393600
2019-03-28,45.14747619628906,45.34842847704672,44.8627919733694,45.2024980623719,83121600
2019-03-29,45.441715240478516,45.472816293174226,45.104400231628766,45.41300882282604,94256000
2019-04-01,45.750335693359375,45.855593802161465,45.06613790916995,45.84602621058282,111448000
2019-04-02,46.41539764404297,46.52065941000779,45.70488437413993,45.714451966336966,91062800
2019-04-03,46.73356246948242,47.008675394600004,46.20725376869622,46.23117821886235,93087200
2019-04-04,46.81490707397461,46.97758167937359,46.20487000301009,46.59959793991464,76457200
2019-04-05,47.128292083740234,47.152216534789176,46.87231432887972,46.996714903688506,74106400
2019-04-08,47.86991500854492,47.90101242016007,46.97040804991617,46.98954688418055,103526800
2019-04-09,47.72636413574219,48.52778574553339,47.66177104187914,47.92253440215642,143072800
2019-04-10,47.99430847167969,48.0230185461718,47.41058684524809,47.53020181294771,86781200
2019-04-11,47.594791412353516,48.08521347387526,47.47278546841466,48.04933044635173,83603200
2019-04-12,47.57566452026367,47.87948761419143,46.93931555354505,47.65461085098631,111042800
2019-04-15,47.66177749633789,47.810102533826864,47.36991669237575,47.50627950340221,70146400
2019-04-16,47.66657257080078,48.17373895023948,47.50150330381297,47.716812471763916,102785600
2019-04-17,48.59477233886719,48.654579815816376,47.513452133525476,47.73593419560427,115627200
2019-04-18,48.76941680908203,48.838791887081165,48.44884955837286,48.59238533537911,96783200
2019-04-22,48.929691314697266,49.02777645010352,48.40577724792963,48.52300121344138,77758000
2019-04-23,49.635414123535156,49.7000072127712,48.77897072124802,48.905762264708024,93292000
2019-04-24,49.558868408203125,49.87464998724384,49.53255297241984,49.606713659529454,70162400
2019-04-25,49.109127044677734,49.702416337244976,49.07084937409673,49.4799342214171,74172800
2019-04-26,48.87467575073242,49.04213597276273,48.353152601713404,49.01821151946166,74596400
2019-04-29,48.94882583618164,49.274178618619544,48.769403426389225,48.89858595528212,88818800
2019-04-30,48.00627136230469,48.65936807287442,47.633073241979126,48.57803076980022,186139600
2019-05-01,50.362674713134766,51.50858421746572,50.0540661276961,50.20956773791471,259309200
2019-05-02,50.03493118286133,50.872235817097604,49.79091931771346,50.200000394810985,127985200
2019-05-03,50.65693283081055,50.67846264636448,50.29330234990099,50.45119496468051,83569600
2019-05-06,49.87465286254883,49.960775780044735,48.68328887915453,48.872278910414465,129772400
2019-05-07,48.53017807006836,49.62106583922841,48.04454166099368,49.252653396273296,155054800
2019-05-08,48.53975296020508,49.12347459298433,48.2646399916479,48.300523022204345,105358000
2019-05-09,48.01823043823242,48.247889120119275,47.046957534876604,47.94167511069751,139634400
2019-05-10,47.35301208496094,47.7540678155775,46.29394807282086,47.41064969242825,164834800
2019-05-13,44.60087966918945,45.50384683187494,43.911646920796755,45.07878186043574,229722400
2019-05-14,45.30692672729492,45.55668236546446,44.52643531944236,44.766586521858535,146118800
2019-05-15,45.84966278076172,46.048988699608614,44.672923466199215,44.73296126111396,106178800
2019-05-16,45.6479377746582,46.22189896136479,45.35014898548038,45.60711251285755,132125600
2019-05-17,45.38858413696289,45.84487002495388,44.850644042816135,44.89146931368547,131516400
2019-05-20,43.96928405761719,44.27187692674311,43.29445974538659,44.07255098317471,154449200
2019-05-21,44.812217712402344,45.14842794409167,44.35592821006204,44.480807866582374,113459200
2019-05-22,43.89484405517578,44.59848910511195,43.83961029513033,44.3463295662008,118994400
2019-05-23,43.14555740356445,43.35688792824401,42.70127630087509,43.179178418700914,146118800
2019-05-24,42.979854583740234,43.741133342206446,42.895800209655654,43.27523949265052,94858800
2019-05-28,42.80214309692383,43.36890001918463,42.72529662605627,42.96784799476519,111792800
2019-05-29,42.5980224609375,43.07112063399836,42.266612621180826,42.36747568884229,113924800
2019-05-30,42.81895065307617,43.04228946300564,42.42750310710411,42.73489628505487,84873600
2019-05-31,42.04328536987305,42.744526651420024,42.02407282819013,42.3218580632312,108174400
2019-06-03,41.618202209472656,42.727699541313214,40.89054439256211,42.17055068266843,161584400
2019-06-04,43.1407585144043,43.186387825636224,41.911185625871745,42.13212427525392,123872000
2019-06-05,43.83720016479492,44.42557355953624,43.50098993729986,44.255064588467334,119093600
2019-06-06,44.48080825805664,44.540846061702176,43.74354227036945,43.96688480542754,90105200
2019-06-07,45.66474914550781,46.089817794904704,44.61288938289408,44.79059892540007,122737600
2019-06-10,46.24831771850586,46.9183379423231,46.01777095823644,46.06340027173679,104883600
2019-06-11,46.78385543823242,47.06963595713597,46.49327453363154,46.795863731308884,107731600
2019-06-12,46.63496780395508,47.062436698954635,46.44284608763218,46.577330189733125,73012800
2019-06-13,46.6253547668457,47.25935379850286,46.49327453624691,46.75743866186106,86698400
2019-06-14,46.286746978759766,46.490873314978614,45.70077742177055,46.00096644363661,75046000
2019-06-17,46.562904357910156,46.81986783646346,46.149844104224044,46.325153410274304,58676400
2019-06-18,47.65800857543945,48.09988593799159,46.87992097277521,47.081647116842475,106204000
2019-06-19,47.518714904785156,48.001421143050344,47.38423082437452,47.95338797340395,84496800
2019-06-20,47.90056228637695,48.17673471399812,47.55714414823279,48.11909710401413,86056000
2019-06-21,47.73724365234375,48.23435827456528,47.58594726046492,47.74204770121396,191202400
2019-06-24,47.68921661376953,48.06865587692064,47.59075376114348,47.67960851553412,72881600
2019-06-25,46.966365814208984,47.852520548463474,46.89912011572079,47.65319463874383,84281200
2019-06-26,47.98220443725586,48.267984915495376,47.39383480439476,47.494697855935286,104270000
2019-06-27,47.967803955078125,48.4072811086545,47.92697868915026,48.09988418890847,83598800
2019-06-28,47.530723571777344,47.910162895592705,47.32179320695116,47.71323715885637,124442400
2019-07-01,48.402469635009766,49.10851466970261,48.18633138073166,48.79151336252782,109012000
2019-07-02,48.68585205078125,48.7819147300247,48.35684607736168,48.368854370319184,67740800
2019-07-03,49.08930587768555,49.096510120268974,48.67624553562588,48.81793385898848,45448000
2019-07-05,49.04608154296875,49.25021154119225,48.726679987747495,48.834750965875664,69062000
2019-07-08,48.0350456237793,48.36645179883374,47.64840203253527,48.22476346565165,101354400
2019-07-09,48.32801818847656,48.39285635985033,47.74444899520279,47.838107796047254,82312000
2019-07-10,48.80592727661133,48.926002876430864,48.40487521294406,48.47452111291263,71588400
2019-07-11,48.450496673583984,49.08449559128622,48.44089223949852,48.82513189798768,80767200
2019-07-12,48.8227424621582,48.99084757881,48.55857466140774,48.61861246481315,70380800
2019-07-15,49.28143310546875,49.43993012454427,48.9908485190662,49.01246124924694,67789600
2019-07-16,49.11091995239258,49.49756352744528,48.87076875458136,49.13253268073563,67467200
2019-07-17,48.83473205566406,49.25259266212955,48.81551952620129,49.00283710794416,56430000
2019-07-18,49.38949966430664,49.44233322466151,48.918801671440576,48.99084776868964,74162400
2019-07-19,48.65222930908203,49.59122135314634,48.59699556073013,49.42071239377778,83717200
2019-07-22,49.764129638671875,49.76652983137011,48.89718370048571,48.90678813569499,89111600
2019-07-23,50.15317153930664,50.169983880822244,49.78093647751568,50.06191658273227,73420800
2019-07-24,50.112342834472656,50.2276143668855,49.75211608931857,49.872191671036596,59966400
2019-07-25,49.71609878540039,50.24923470325559,49.646452890460836,50.165180323684744,55638400
2019-07-26,49.888999938964844,50.36689836996561,49.74490778689905,49.82655829634236,70475600
2019-07-29,50.35490417480469,50.585450949759505,50.057119018324855,50.0619230685826,86693600
2019-07-30,50.138771057128906,50.47018091095403,49.78574847311957,50.13396700672682,135742800
2019-07-31,51.16181182861328,53.16227183444902,50.74395107119599,51.97352408567287,277125600
2019-08-01,50.05470275878906,52.36015527944191,49.64885039077765,51.36832985092455,216071600
2019-08-02,48.99564743041992,49.57440902069414,48.42168622562673,49.3582744127231,163448400
2019-08-05,46.43083190917969,47.706034188848406,46.248318317231906,47.54753718255376,209572000
2019-08-06,47.309783935546875,47.56674746508109,46.59893480823304,47.1440790298721,143299200
2019-08-07,47.799686431884766,47.92456606414611,46.54610071758241,46.927940191771704,133457600
2019-08-08,48.85396194458008,48.87797853284769,47.88375260788875,48.07827451383902,108038000
2019-08-09,48.451385498046875,48.87806552036093,48.04157434056095,48.526114642802234,98478800
2019-08-12,48.328426361083984,48.706897954120066,48.00781135249436,48.12111153140717,89927600
2019-08-13,50.375064849853516,51.139236082096,48.32843339655676,48.458609810927285,188874000
2019-08-14,48.87565994262695,49.76518548893342,48.837088871954535,48.97449693184762,146189600
2019-08-15,48.63218307495117,49.45179803046453,48.133179543590074,49.04681285574201,108909600
2019-08-16,49.77963638305664,49.93873925139219,49.138406285829504,49.24447486471987,110481600
2019-08-19,50.70774459838867,51.281473633330585,50.63060245816875,50.772829141067064,97654400
2019-08-20,50.71015167236328,51.43093334007396,50.70051074443123,50.835505805517215,107537200
2019-08-21,51.2597770690918,51.503250044120115,51.00907247845251,51.34415082233921,86141600
2019-08-22,51.21638107299805,51.69368603628519,50.80416064220066,51.392356495109624,89014800
2019-08-23,48.8491325378418,51.117542118657454,48.45378834228211,50.48595292357212,187272000
2019-08-26,49.77722930908203,49.945973111112984,49.43250641218972,49.62535804808467,104174400
2019-08-27,49.21554946899414,50.27381861209073,49.06367821155097,50.10748412600324,103493200
2019-08-28,49.545806884765625,49.59160956235751,49.01305832980717,49.20108766430298,63755200
2019-08-29,50.38469696044922,50.45942975920625,49.81819976087389,50.26175586024465,83962000
2019-08-30,50.319618225097656,50.73183492972225,49.94837821357819,50.66192810275073,84573600
2019-09-03,49.58678436279297,49.89534549257073,49.230011246175955,49.76275977000869,80092000
2019-09-04,50.4281005859375,50.49800741911156,49.97731278172034,50.23524894918493,76752400
2019-09-05,51.41405487060547,51.580389377293194,50.98737118105949,51.10549369351554,95654800
2019-09-06,51.40922927856445,51.68886397689248,51.22843155300844,51.59967160935337,77449200
2019-09-09,51.628604888916016,52.175820440491954,50.88130973156446,51.79011710368238,109237600
2019-09-10,52.23849105834961,52.25777659132172,51.03558582572097,51.55387119036651,127111600
2019-09-11,53.8994140625,53.92834419825071,52.48678109824821,52.56874552481314,177158400
2019-09-12,53.77888107299805,54.58162335362419,53.72343747139483,54.191101473772115,128906800
2019-09-13,52.732666015625,53.22443417394161,52.31562698975631,53.03399553571428,159053200
2019-09-16,53.00989532470703,53.06534261277984,52.445807264794794,52.48678764401857,84632400
2019-09-17,53.2027473449707,53.23167748452731,52.821866332806906,53.02436259634548,73274800
2019-09-18,53.701759338378906,53.721044875011,52.89901680797547,53.289538809340385,101360000
2019-09-19,53.265411376953125,53.940386472496364,53.12318106622086,53.51852519861264,88242400
2019-09-20,52.486785888671875,53.65112372417019,52.424110665779736,53.366670391422076,221652400
2019-09-23,52.72543716430664,52.99542725138611,52.467497315991096,52.78088076897352,76662000
2019-09-24,52.4747314453125,53.63425064474858,52.356612615724195,53.28229611150563,124763200
2019-09-25,53.28229904174805,53.39559925316639,52.34456157671541,52.68446221097044,87613600
2019-09-26,53.00746536254883,53.26058283287996,52.75193858085113,53.03398250093281,75334000
2019-09-27,52.749542236328125,53.26541822760675,52.37830220769446,53.164168271914754,101408000
2019-09-30,53.99102020263672,54.138069160522186,53.22443596499704,53.25095311079078,103909600
2019-10-01,54.14048385620117,55.015546076070336,54.046469180554524,54.25619705571964,139223200
2019-10-02,52.78329849243164,53.89701137983922,52.534999548530294,53.77165725173804,138449200
2019-10-03,53.23167037963867,53.26541913933405,51.86001779212852,52.65552479613937,114426000
2019-10-04,54.72386169433594,54.83957490284311,53.97174423073752,54.39360564777836,138478800
2019-10-07,54.73591613769531,55.42776769120126,54.44181816701661,54.54547745750485,122306000
2019-10-08,54.09468078613281,54.976974614844835,54.077808243619614,54.43699440099302,111820000
2019-10-09,54.72868347167969,54.911890532546,54.39360512506942,54.72868347167969,74770400
2019-10-10,55.46633529663086,55.55070904691315,54.79376932006951,54.945636920902395,113013600
2019-10-11,56.941646575927734,57.28636583098088,56.00149613077123,56.15577672015505,166795600
2019-10-14,56.85968017578125,57.40448636193365,56.57040454046754,56.625848148304016,96427600
2019-10-15,56.72709655761719,57.28877159224677,56.62102796930183,56.98503273525756,87360000
2019-10-16,56.498085021972656,56.707812893355445,56.216041000119205,56.257021378165675,73903200
2019-10-17,56.717445373535156,56.927169535343786,56.29317474782495,56.671642699499074,67585200
2019-10-18,56.9898567199707,57.271900740857916,56.47879929558,56.55111912414219,97433600
2019-10-21,57.978206634521484,58.093919813964355,57.2092168201294,57.2574288057279,87247200
2019-10-22,57.84562301635742,58.38560312567824,57.76365859690241,58.13489860039909,82293600
2019-10-23,58.62184524536133,58.63631215135406,58.149362643081595,58.36149979091092,75828800
2019-10-24,58.71828079223633,59.012378721892325,58.29159712735194,58.94246820770864,69275200
2019-10-25,59.441471099853516,59.477629173488126,58.54953639292147,58.61703391593217,73477200
2019-10-28,60.036903381347656,60.08511537617219,59.47522462971029,59.64396845076586,96572800
2019-10-29,58.648372650146484,60.20564541734881,58.474810209592064,60.01761606827048,142839600
2019-10-30,58.641143798828125,59.1329157183175,58.14696624531369,59.00273928384229,124522000
2019-10-31,59.967002868652344,60.065839865455686,57.19477040275015,59.60058870417271,139162000
2019-11-01,61.668907165527344,61.69542063687785,60.06342230976246,60.15502399914114,151125200
2019-11-04,62.07387924194336,62.15825297632616,61.56282556855382,62.032895191525135,103272000
2019-11-05,61.98469543457031,62.24022230651498,61.78943447311597,61.96540622347344,79897600
2019-11-06,62.01120376586914,62.07146967136596,61.560415969821406,61.89790356926801,75864400
2019-11-07,62.726898193359375,62.94934582951276,62.407737081003965,62.56006431093565,94940400
2019-11-08,62.898563385009766,62.971096636905955,62.10308095498202,62.547968783728415,69986400
2019-11-11,63.39664840698242,63.46192833748063,62.44883871415716,62.45367180497623,81821200
2019-11-12,63.338619232177734,63.53930688725742,63.087165672731985,63.23948552212569,87388800
2019-11-13,63.94550323486328,64.02045672597517,63.12342768866656,63.13793433992921,102734400
2019-11-14,63.503047943115234,64.04464937211314,63.37248067763679,63.77142842234564,89182800
2019-11-15,64.25743103027344,64.26226412261309,63.59251558460841,63.75450903380641,100206400
2019-11-18,64.5813980102539,64.66118458335217,63.88746954632591,64.26707005063002,86703200
2019-11-19,64.38558197021484,64.79903644265603,64.1679747414967,64.77485622196126,76167200
2019-11-20,63.63602066040039,64.3347823464585,62.96143180915073,64.20422247493808,106234400
2019-11-21,63.35072326660156,63.83429809890106,63.150035579088104,63.756924354829216,121395200
2019-11-22,63.295101165771484,63.63360202803236,63.06782043423232,63.490948356749755,65325200
2019-11-25,64.4049072265625,64.42183411511654,63.47402428004469,63.51996447539667,84020400
2019-11-26,63.90198516845703,64.59591372981953,63.46918371629935,64.54272021403051,105207600
2019-11-27,64.7603530883789,64.79420687494675,64.14863110323618,64.21391106177276,65235600
2019-11-29,64.61767578125,64.79901631197382,64.29126135019413,64.46051546370906,46617600
2019-12-02,63.87054443359375,64.85945376585823,63.698877488748295,64.62249951699418,94487200
2019-12-03,62.73173522949219,62.75107497216786,61.96768626541857,62.45609408970123,114430400
2019-12-04,63.28541564941406,63.66502354195214,63.02912166077709,63.12342226464594,67181600
2019-12-05,64.2138900756836,64.28885095304722,63.52480193558771,63.781095971846014,74424400
2019-12-06,65.45427703857422,65.52439746353836,64.62978096732634,64.67330831520212,106075600
2019-12-09,64.53788757324219,65.47601636379221,64.05189260190541,65.28258942071827,128042400
2019-12-10,64.91508483886719,65.2995259255182,64.28159564264737,64.94409814672522,90420400
2019-12-11,65.46876525878906,65.54855922511847,64.91991057065518,64.99486406704634,78756800
2019-12-12,65.63558197021484,65.90154949046722,64.63458633060003,64.74580642860984,137310400
2019-12-13,66.52779388427734,66.56406051429938,65.50745087998871,65.63559789190995,133587600
2019-12-16,67.66661834716797,67.89148623744535,66.9702768320452,66.97510992369841,128186000
2019-12-17,67.79959869384766,68.12842598196593,67.41031718322796,67.59649818434546,114158400
2019-12-18,67.63760375976562,68.15986542029901,67.48769675492808,67.65211041321663,116028400
2019-12-19,67.7052993774414,67.9857736232218,67.44659248913786,67.57957259640823,98369200
2019-12-20,67.56505584716797,68.34119115362526,67.35228180431963,68.23964460147937,275978000
2019-12-23,68.66759490966797,68.72804173617295,67.78990580821343,67.8285926626282,98572000
2019-12-24,68.73289489746094,68.88280926913254,68.40648784202634,68.83444884230103,48478800
2019-12-26,70.0965805053711,70.11350739294336,68.83687031651944,68.8658836216346,93121200
2019-12-27,70.06999969482422,71.07825660274894,69.6637985518366,70.38916089807192,146266000
2019-12-30,70.48585510253906,70.76874958677095,68.96259754402517,69.987773684802,144114400
2019-12-31,71.00086212158203,71.00811544777629,70.00227906916965,70.10141277966798,100805600
2020-01-02,72.62083435058594,72.68128119000231,71.37321069958021,71.62708447362316,135480400
2020-01-03,71.91481018066406,72.67643886208242,71.6899497146884,71.84711001739942,146322800
2020-01-06,72.48785400390625,72.52654087038833,70.78325591626742,71.03471685901826,118387200
2020-01-07,72.1469497680664,72.75383115765004,71.92692233659784,72.49753708995398,108872000
2020-01-08,73.3075180053711,73.60975223726805,71.84954036585081,71.84954036585081,132079200
2020-01-09,74.8646240234375,75.05805096656148,74.03529512111521,74.28674867142341,170108400
2020-01-10,75.03387451171875,75.59966347515947,74.53096000715122,75.09916182683553,140644800
2020-01-13,76.63693237304688,76.66353282405201,75.23214816687168,75.35062901064134,121532000
2020-01-14,75.60205841064453,76.7844019623262,75.47875189343146,76.57404817184627,161954400
2020-01-15,75.27806091308594,76.28389701753257,74.84525955808967,75.40137480354196,121923600
2020-01-16,76.22105407714844,76.33228158869747,75.45942527825108,75.82210636141797,108829200
2020-01-17,77.06489562988281,77.06730848616459,76.16302603037396,76.47009335198214,137816400
2020-01-21,76.5426254272461,77.1350000250309,76.40480486276103,76.69253240808335,110843200
2020-01-22,76.81584930419922,77.36953706088629,76.7215486894379,77.02861598860008,101832400
2020-01-23,77.18577575683594,77.26556233295065,76.32017294133449,76.86903492947071,104472000
2020-01-24,76.96333312988281,78.17710300745777,76.772319051517,77.43240119345582,146537600
2020-01-27,74.70020294189453,75.38203764467593,73.71612668009978,74.96858335214901,161940000
2020-01-28,76.81343078613281,76.98509775416542,75.48360024038988,75.58273394834251,162234000
2020-01-29,78.42131042480469,79.26998640843951,77.70562191467835,78.44791087101221,216229200
2020-01-30,78.30767822265625,78.36087174184341,77.06972800749904,77.50252948730524,126743200
2020-01-31,74.83560180664062,78.01993693561123,74.54062095731271,77.59680909150437,199588400
2020-02-03,74.63006591796875,75.79789528359555,73.072955177958,73.5758694951839,173788400
2020-02-04,77.09391021728516,77.2849243200521,75.83177975550196,76.23798079684781,136616400
2020-02-05,77.7225570678711,78.52287271376575,77.11808861152979,78.22305134186004,118826800
2020-02-06,78.63167572021484,78.63409595534088,77.43483255655748,77.99336084201738,105425600
2020-02-07,77.56285858154297,78.37961468469555,77.07086561575886,78.12998293153962,117684000
2020-02-10,77.93124389648438,77.93124389648438,76.06506702253098,76.14504296724274,109348800
2020-02-11,77.46104431152344,78.50077572551376,77.24292075377855,78.42807033835727,94323200
2020-02-12,79.30058288574219,79.30542744679461,77.91185062961374,77.91185062961374,113730400
2020-02-13,78.73588562011719,79.06307473499535,78.36749924118695,78.5710817713545,94747600
2020-02-14,78.75525665283203,79.00488833514737,78.2462967714903,78.70435548730526,80113600
2020-02-18,77.31324005126953,77.49501099182893,76.2492705956481,76.4310415362075,152531200
2020-02-19,78.43292999267578,78.66317609010646,77.5555836361956,77.5555836361956,93984000
2020-02-20,77.62831115722656,78.68258415194742,77.12177699482096,78.19301705340337,100566000
2020-02-21,75.87118530273438,77.66466444490703,75.25316708230885,77.22113922163652,129554000
2020-02-24,72.26724243164062,73.72140926120827,70.0981146819672,72.04427432635424,222195200
2020-02-25,69.81941223144531,73.3215345796045,69.34681232251152,72.93860713253768,230673600
2020-02-26,70.927001953125,72.19455366055257,69.43648208910632,69.4437526290761,198054800
2020-02-27,66.29064178466797,69.31531263503878,66.154920085896,68.12774407264509,320605600
2020-02-28,66.25186920166016,67.47579797874893,62.13415384073174,62.34985890817242,426510000
2020-03-02,72.4199447631836,73.0573558601896,67.30854828272852,68.41371468951469,341397200
2020-03-03,70.11996459960938,73.67782627764666,69.26684819330227,73.59785031269487,319475600
2020-03-04,73.3724365234375,73.53239582305254,71.04334864954015,71.84556373045045,219178400
2020-03-05,70.99244689941406,72.59929546384136,70.62647911575432,71.62258011074542,187572800
2020-03-06,70.04964447021484,70.48347300946683,68.15923041604361,68.34584584309786,226176800
2020-03-09,64.50928497314453,67.3982263851532,63.740996701505956,63.92276760464713,286744800
2020-03-10,69.15534210205078,69.42194089429611,65.28483354397228,67.1679847520732,285290000
2020-03-11,66.75354766845703,68.15682117418298,65.88831635585085,67.22858097514904,255598800
2020-03-12,60.161319732666016,65.43752410022596,60.1055776920594,62.02992621470894,418474000
2020-03-13,67.36913299560547,67.84174022351363,61.30525564200672,64.19905222754427,370732000
2020-03-16,58.70231246948242,62.7909413516552,58.166692548418034,58.63929618574619,322423600
2020-03-17,61.28345489501953,62.43466692909921,57.77891021775957,59.98682095947624,324056000
2020-03-18,59.783241271972656,60.59030457265709,57.46869089766941,58.1109503450228,300233600
2020-03-19,59.325172424316406,61.278603044823406,58.79924908019055,59.95773528488038,271857200
2020-03-20,55.55887222290039,61.03380979914329,55.258343060888784,59.90682821520306,401693200
2020-03-23,54.37858581542969,55.37953883867535,51.52841919602518,55.277747569925765,336752800
2020-03-24,59.83413314819336,60.03044512491102,56.785228864020425,57.28449233521307,287531200
2020-03-25,59.504520416259766,62.58977733010226,59.20883946854917,60.77206840473627,303602000
2020-03-26,62.63582992553711,62.69399424747682,59.70810614809417,59.74688482814629,252087200
2020-03-27,60.042564392089844,62.012958412771816,59.875334574134676,61.25679266007546,204216800
2020-03-30,61.75606918334961,61.92814729709058,60.44489394046074,60.76966082427193,167976400
2020-03-31,61.63002395629883,63.6173849288287,61.075018471181984,61.94752021431129,197002000
2020-04-01,58.38723373413086,60.280073989764986,57.9558311223944,59.74203186534972,176218400
2020-04-02,59.36153030395508,59.41485006682693,57.41537005354861,58.24909322048442,165934000
2020-04-03,58.508419036865234,59.54814697291925,57.91705710849798,58.84530096187596,129880000
2020-04-06,63.61253356933594,63.767640864717485,60.44002689202477,60.80841319029708,201820400
2020-04-07,62.875770568847656,65.84954752102261,62.77155701763157,65.63141650239487,202887200
2020-04-08,64.48506164550781,64.80012832217328,63.31203404517182,63.67799451502323,168895200
2020-04-09,64.95037841796875,65.45449387759112,64.15301536095346,65.12246020269797,161834800
2020-04-13,66.22520446777344,66.33426997710056,64.4268809310659,65.02793942933454,131022800
2020-04-14,69.56977844238281,69.86061483646596,67.38852767558943,67.86113496690535,194994800
2020-04-15,68.9347915649414,69.39527634714266,68.0138220005389,68.44279864460466,131154400
2020-04-16,69.4825210571289,69.84848877293005,68.43067451777503,69.64975084803966,157125200
2020-04-17,68.53975677490234,69.5455618535008,67.1001303953059,68.99782307580948,215250000
2020-04-20,67.1170883178711,68.26830406893325,67.09770267537306,67.36430148645341,130015200
2020-04-21,65.0424575805664,67.19462567466853,64.32991524140354,66.95953507438317,180991600
2020-04-22,66.91592407226562,67.35217124293807,65.97071693829112,66.31243969742793,116862400
2020-04-23,66.6566162109375,68.28528415368396,66.61783752226751,66.86019877924598,124814400
2020-04-24,68.58094024658203,68.59063676429346,67.1340437726702,67.18251896495144,126161200
2020-04-27,68.62943267822266,68.9614663795542,67.84902922262711,68.29739158061335,117087600
2020-04-28,67.51697540283203,69.27409398731281,67.42488436575898,69.09232309926307,112004800
2020-04-29,69.7345962524414,70.2047776093199,68.80393005840862,69.00751259495229,137280800
2020-04-30,71.20570373535156,71.38263003955775,69.88483989033415,70.27503779613664,183064000
2020-05-01,70.0593490600586,72.46599383609758,69.27894575366496,69.37588874776901,240616800
2020-05-04,71.05062103271484,71.17907219230422,69.39287106137577,70.08360206516988,133568000
2020-05-05,72.11699676513672,72.95071986963468,71.36567557958281,71.51109377618626,147751200
2020-05-06,72.86105346679688,73.49361268962589,72.43449536031221,72.81984880576161,142333600
2020-05-07,73.61479187011719,73.96137402305452,73.1858151892616,73.48876670304365,115215200
2020-05-08,75.366943359375,75.42040745275091,73.94772346356687,74.27579824490549,133838400
2020-05-11,76.55286407470703,77.04861391058948,74.66461535055964,74.87361403597093,145946400
2020-05-12,75.67801666259766,77.69019956686239,75.5565080151993,77.2381835420649,162301200
2020-05-13,74.7642593383789,76.78130706727246,73.68526209938001,75.85783701982658,200622400
2020-05-14,75.22355651855469,75.28431082691709,73.27698610540817,74.00118013095506,158929200
2020-05-15,74.77885437011719,74.82502825231288,72.95622454544424,72.99025052866202,166348400
2020-05-18,76.54072570800781,76.91497442156756,75.41312930756065,76.10573008655975,135178400
2020-05-19,76.09842681884766,77.40585342154391,76.0668333890782,76.55772557449362,101729600
2020-05-20,77.57840728759766,77.64887695753947,76.91982513329616,76.95870878721165,111504800
2020-05-21,77.00004577636719,77.9818379079863,76.76188611294602,77.43990656911497,102688800
2020-05-22,77.49577331542969,77.57839828930445,76.63549018604292,76.73755327647146,81803200
2020-05-26,76.9708480834961,78.79590239398446,76.91495145206838,78.61607202130844,125522000
2020-05-27,77.30622100830078,77.4520328550853,76.08627697001077,76.82748410104101,112945200
2020-05-28,77.34024810791016,78.60150836399505,76.7035440312258,76.98057986946539,133560800
2020-05-29,77.2649154663086,78.04499886732665,76.90767976403508,77.5832675133885,153532400
2020-06-01,78.21510314941406,78.33661177403135,77.08749955314255,77.21873094429264,80791200
2020-06-02,78.57719421386719,78.60149742135009,77.50548728566115,77.9477804464378,87642800
2020-06-03,79.009765625,79.2722284031161,78.3244552131719,78.89797976869754,104491200
2020-06-04,78.32933044433594,79.13128449132041,77.95508176147044,78.83237798726375,87560400
2020-06-05,80.56021118164062,80.62096548871577,78.55046137346189,78.5796222542504,137250400
2020-06-08,81.03654479980469,81.07057078079636,79.54442247076808,80.25646136244434,95654400
2020-06-09,83.59550476074219,83.98919153470604,80.68416273702039,80.71575616737768,147712400
2020-06-10,85.74620819091797,86.21522971767824,84.1058417038533,84.54570234634012,166651600
2020-06-11,81.6294937133789,85.3136361549305,81.5274306203534,84.88835596262886,201662400
2020-06-12,82.334228515625,84.52138342512704,81.2212129470712,83.77289367482358,200146000
2020-06-15,83.35250091552734,84.00621804239414,80.82268994587284,80.98551479918848,138808800
2020-06-16,85.56150817871094,85.83369372223571,83.77290481904893,85.41083867373153,165428800
2020-06-17,85.44246673583984,86.3683622193704,85.32095806433924,86.3076078836201,114406400
2020-06-18,85.4764633178711,85.89445330068732,84.86648762356708,85.39869601495222,96820400
2020-06-19,84.9880142211914,86.65025173694244,83.87742333103371,86.18366265338062,264476000
2020-06-22,87.21160125732422,87.35498054805204,85.33550774901583,85.3816816208449,135445200
2020-06-23,89.07311248779297,90.49476488581807,88.03785662792788,88.4582791409651,212155600
2020-06-24,87.50079345703125,89.62233679250828,87.12654480257098,88.70129930670531,192623200
2020-06-25,88.66241455078125,88.70129820159251,86.89568177427711,87.65632697012038,137522400
2020-06-26,85.93819427490234,88.77906661891221,85.78994989080277,88.55792002381165,205256800
2020-06-29,87.91879272460938,88.01357302520984,85.3671112421525,85.84585558837018,130646000
2020-06-30,88.65270233154297,88.93946836335702,87.48622233361435,87.50566045318362,140223200
2020-07-01,88.4850082397461,89.27481431029784,88.43640923902939,88.73045803796369,110737200
2020-07-02,88.4850082397461,90.03060182197771,88.37079725072775,89.39389780709443,114041600
2020-07-06,90.85200500488281,91.32102654126581,89.88479363094679,89.91638706165726,118655600
2020-07-07,90.57009887695312,92.0111893796949,90.45831301928035,91.2311060890885,112424400
2020-07-08,92.67949676513672,92.71109019742121,91.46197784699565,91.549467922268,117092000
2020-07-09,93.0780258178711,93.62723968026148,92.02818966997752,93.57377559635125,125642800
2020-07-10,93.24085998535156,93.29918917048931,92.0597996685609,92.67220049027107,90257200
2020-07-13,92.81072235107422,97.16316235330419,92.59686597637041,94.54829427109546,191649200
2020-07-14,94.34660339355469,94.53858170931154,91.25542322619387,92.19103384207206,170989200
2020-07-15,94.99543762207031,96.47541172354836,93.79493186330134,96.22510426302838,153198000
2020-07-16,93.8265380859375,94.68438876337166,93.22628512469839,93.86542173959128,110577600
2020-07-17,93.6369857788086,94.43408214536427,93.16309912532118,94.27855494560396,92186800
2020-07-20,95.61028289794922,95.74880452196625,93.37938613595313,93.72447392303613,90318000
2020-07-21,94.29068756103516,96.47784268487361,94.04038010462556,96.40250793502297,103433200
2020-07-22,94.55560302734375,95.2384810662524,93.90431842493187,93.99180109556946,89001600
2020-07-23,90.25176239013672,94.36604333190014,89.44008553110294,94.28827601915101,197004400
2020-07-24,90.0281753540039,90.37326313898976,86.65509447529368,88.44613797665554,185438800
2020-07-27,92.16185760498047,92.25420534467249,90.86901149818567,91.09258321042107,121214000
2020-07-28,90.64786529541016,91.90912539533898,90.64300020406002,91.73172013590795,103625600
2020-07-29,92.38545227050781,92.57014778095314,91.09503107606254,91.13148218567702,90329200
2020-07-30,93.50334167480469,93.60783733719364,91.14850337011598,91.55677066710048,158130000
2020-07-31,103.29206848144531,103.4427380109372,98.00886768351042,100.01133514701584,374336800
2020-08-03,105.89476776123047,108.51935112132352,104.87895742584206,105.1778638999422,308151200
2020-08-04,106.6019515991211,107.69552926335136,105.36012955059792,106.08432365144441,173071600
2020-08-05,106.98834228515625,107.30912682898914,105.85588103165973,106.32247740598919,121776800
2020-08-06,110.7210922241211,111.21684951983971,106.73075289757836,107.32128306989559,202428800
2020-08-07,108.2037582397461,110.69917615288762,107.40522480472758,110.24147880055945,198045600
2020-08-10,109.7764892578125,110.7965681078349,107.12038961467015,109.65232461053742,212403600
2020-08-11,106.51175689697266,109.53790628694743,106.25125778841227,109.03882559792697,187902400
2020-08-12,110.05158996582031,110.30965211624508,107.41009717699765,107.6048585408266,165598000
2020-08-13,111.99923706054688,113.00470916588479,110.94507089779177,111.4344186850555,210082000
2020-08-14,111.89942932128906,111.98950664875923,110.08568325260936,111.82395872639943,165565200
2020-08-17,111.60726928710938,113.04852867975069,110.97915755635789,113.02418165118854,119561600
2020-08-18,112.53728485107422,112.96333190026704,111.02299161332778,111.35896133229575,105633600
2020-08-19,112.678466796875,114.09537909958976,112.58352304816549,112.94626924012053,145538000
2020-08-20,115.17877960205078,115.2932039654278,112.70283430500798,112.71987797032757,126907200
2020-08-21,121.11420440673828,121.5986783126057,116.12823475555052,116.14040455462136,338054800
2020-08-24,122.56277465820312,125.41364330957006,120.69303859679879,125.3284249869882,345937600
2020-08-25,121.55729675292969,121.90300674261194,119.83119859572422,121.43313953220415,211495600
2020-08-26,123.21035766601562,123.66805506312153,121.8080520118478,122.87682491569296,163022400
2020-08-27,121.7374496459961,124.14765680517117,120.59076927456684,123.81412407030223,155552400
2020-08-28,121.54026794433594,123.13246125062976,121.31628565950032,122.71371757611423,187630000
2020-08-31,125.66194915771484,127.57064628140903,122.70153764471402,124.24017775703048,225702700
2020-09-01,130.66741943359375,131.27119913454118,127.11297533286707,129.28459407612894,151948100
2020-09-02,127.96017456054688,134.36792358657635,123.67536471875171,133.98813369086878,200119000
2020-09-03,117.71556854248047,125.46718865430032,117.34551895820641,123.58771983998423,257599600
2020-09-04,117.79348754882812,120.4617572800833,107.98710202760628,116.92678671535833,332607200
2020-09-08,109.8665542602539,115.87503183912058,109.7302198285856,110.96697001005361,231366600
2020-09-09,114.24876403808594,116.02111927354656,112.24269366983658,114.19033711230628,176940500
2020-09-10,110.51903533935547,117.3455283202875,109.55495382599455,117.20919386101103,182274400
2020-09-11,109.06803894042969,112.21348654678461,107.12039538792202,111.57076060821522,180860300
2020-09-14,112.34007263183594,112.89515070723368,109.84709144123131,111.71682733418477,140150100
2020-09-15,112.51536560058594,115.71924004150326,110.6358893306761,115.23232916774082,184642000
2020-09-16,109.19463348388672,112.96332644603498,109.10699308995494,112.21348694471548,154679000
2020-09-17,107.45147705078125,109.26278591004208,105.86415043956644,106.84771238414066,178011000
2020-09-18,104.04312133789062,107.97736244484516,103.31275496127046,107.509932124424,287104900
2020-09-21,107.19828033447266,107.30540130167184,100.40100249884456,101.80330793878365,195713800
2020-09-22,108.88301849365234,109.90553440635527,106.30239653909264,109.73024617645395,183055400
2020-09-23,104.31578826904297,109.17515670886098,103.97494471367466,108.69798613288378,150718700
2020-09-24,105.3869857788086,107.36384264511429,102.25127870963266,102.41682661585128,167743300
2020-09-25,109.34070587158203,109.49652091920656,104.85138696986856,105.59149358674422,149981400
2020-09-28,111.95053100585938,112.30110737861732,109.82759960623372,111.99922505805824,137672400
2020-09-29,111.10331726074219,112.29138095636048,110.59693323178644,111.55128179324593,99382200
2020-09-30,112.77827453613281,114.19032028160161,110.64561033314116,110.81115821822988,142675200
2020-10-01,113.7326431274414,114.63829765255329,112.79777513856307,114.56039012939586,116120400
2020-10-02,110.06133270263672,112.34981979602337,109.28227974779207,109.93473854776296,144712000
2020-10-05,113.45023345947266,113.5963082073717,110.57746227936272,110.92803870245231,106243800
2020-10-06,110.19766998291016,113.08018139775959,109.31148864679248,112.67117062665213,161498200
2020-10-07,112.06741333007812,112.52511075993657,111.14227817215749,111.61945619842345,96849000
2020-10-08,111.96028900146484,113.35285441626657,111.59023197745923,113.206779666247,83477200
2020-10-09,113.90792846679688,113.93714192982654,111.91159095684212,112.26216737253827,100506900
2020-10-12,121.14342498779297,121.90300475026318,116.1574550435818,116.91703480605202,240226800
2020-10-13,117.92980194091797,122.10749776807862,116.5177635009862,121.99063649380032,262330500
2020-10-14,118.01747131347656,119.80929993505694,116.48857131996704,117.83244278615233,150712000
2020-10-15,117.55001831054688,118.02718887052616,115.05703709797092,115.61211517826072,112559200
2020-10-16,115.90425872802734,118.36803393931339,115.69975705683035,118.10509791229572,115393800
2020-10-19,112.94385528564453,117.26761901216874,112.6322326077899,116.81966187710711,120639300
2020-10-20,114.43379974365234,115.86531895269678,112.60301003753486,113.15808815638162,124423700
2020-10-21,113.81053924560547,115.60236752064498,113.40152850485114,113.6157704572297,89946000
2020-10-22,112.7198715209961,114.94992429837153,111.59023468508376,114.3753655822656,101988000
2020-10-23,112.02847290039062,113.4989460580051,111.28836617190187,113.34313098688261,82572600
2020-10-26,112.0381851196289,113.49891761177703,109.92498646777234,111.02540970017918,111850700
2020-10-27,113.547607421875,114.20980646740922,111.54153712055215,112.46666475299311,92276800
2020-10-28,108.28899383544922,112.40826379960323,108.19161313001005,112.03821414706574,143937800
2020-10-29,112.30113220214844,113.86898592975078,109.2628054431977,109.42836079946737,146129200
2020-10-30,106.0102310180664,109.05829026903429,104.90007487274673,108.15263578946613,190272600
2020-11-02,105.9225845336914,107.7825875731632,104.51054602064647,106.25368777978908,122866900
2020-11-03,107.54888153076172,108.57138995878809,105.88364715111534,106.78930171860765,107624400
2020-11-04,111.9407958984375,112.56404116119307,109.40886108978425,111.1520027380027,138235500
2020-11-05,115.91400909423828,116.4885678267502,113.81055784373574,114.8622797541516,126387100
2020-11-06,115.78231811523438,116.27981870511474,113.28502829338409,115.42137974783128,114457900
2020-11-09,113.47037506103516,119.00146877246537,113.20699283584307,117.54797309772637,154515300
2020-11-10,113.12894439697266,114.7092525422394,111.33401722344382,112.71923542912484,138023400
2020-11-11,116.56271362304688,116.69928328623824,113.58743745496243,114.31906384026838,112295000
2020-11-12,116.28958892822266,117.57725123067529,115.66526826294195,116.6895483082406,103162300
2020-11-13,116.33834838867188,116.73830026220503,114.98240146299398,116.5139390128418,81581900
2020-11-16,117.35287475585938,118.0259659670156,115.25554430373279,116.00667744857009,91183000
2020-11-17,116.46516418457031,117.71380535006969,116.04569809530207,116.62124805150194,74271000
2020-11-18,115.13847351074219,116.88462258409794,115.10920964823985,115.70426632741369,76322100
2020-11-19,115.73352813720703,116.14323708994871,113.94835813134821,114.70924831286501,74113000
2020-11-20,114.46539306640625,115.86036112610928,114.41662243532618,115.73354855431413,73604300
2020-11-23,111.06088256835938,114.73852865880856,110.96333387323223,114.30930546926308,127959300
2020-11-24,112.34854125976562,113.01188278583413,109.83174481299207,111.11941434226163,113874200
2020-11-25,113.1874771118164,113.8898396262195,112.34854493544476,112.7192403972066,76499200
2020-11-27,113.73375701904297,114.61171017176824,113.37282609805314,113.71425025675507,46691300
2020-11-30,116.13351440429688,118.00647643112265,113.9483845971773,114.10446848732421,169410200
2020-12-01,119.7136001586914,120.4452266191373,117.06999077471228,118.04549272197347,127728200
2020-12-02,120.06475830078125,120.34765470402952,117.92840706667509,119.03072137520432,89004200
2020-12-03,119.9281997680664,120.74761774931302,119.21608014318339,120.49398518452733,78967600
2020-12-04,119.2551040649414,119.85016080332304,118.54298442241485,119.59652823225333,78260400
2020-12-07,120.71835327148438,121.51826448637165,119.25510050455729,119.31362823363807,86712000
2020-12-08,121.33293914794922,121.91824631673722,120.07454064303867,121.32318948629528,82225500
2020-12-09,118.79661560058594,122.86445658019646,118.03572533878697,121.47924572192201,115089200
2020-12-10,120.22084045410156,120.83541135490303,117.20654344679436,117.54796759030177,81312200
2020-12-11,119.41118621826172,119.75261038065898,117.5967521638208,119.43069298076075,86939800
2020-12-14,118.79661560058594,120.32815322670372,118.56249723752978,119.5965268299757,79184500
2020-12-15,124.74717712402344,124.76669132932152,121.08904509194299,121.29389959264086,157243700
2020-12-16,124.67889404296875,125.22517271917499,123.45951668180213,124.28869924138645,98208600
2020-12-17,125.54707336425781,126.40551967508249,124.9032386311393,125.74217073899736,94359800
2020-12-18,123.55706024169922,125.93728698989182,123.03028838222276,125.80071733474844,192541500
2020-12-21,125.08860778808594,125.16664972835389,120.42570977316707,121.95724749910264,121251600
2020-12-22,128.649169921875,131.11718805054522,126.47379039741485,128.38578029311114,168904800
2020-12-23,127.75173950195312,129.18571364711548,127.57614141408989,128.92233884278792,88223700
2020-12-24,128.7369842529297,130.19048741225336,127.88830238079585,128.1029139851249,54930100
2020-12-28,133.34132385253906,133.97539397548348,130.23922084365992,130.70747235611557,124486200
2020-12-29,131.56594848632812,135.38991449680984,131.04893362298358,134.66805255137436,121047300
2020-12-30,130.444091796875,132.6584848793838,130.13192410023277,132.2585255999266,96452100
2020-12-31,129.4393310546875,131.43911264182535,128.49309315567558,130.79527790714135,99116600
2021-01-04,126.23966217041016,130.3367658011868,123.65458151272391,130.24897423198516,143301900
2021-01-05,127.80048370361328,128.51261072501254,125.2836873079933,125.73242467921783,97664900
2021-01-06,123.49852752685547,127.83951504225611,123.28391593808439,124.59109223219541,155088000
2021-01-07,127.71269989013672,128.4053127501758,124.72766662301945,125.21541754601186,109578200
2021-01-08,128.81504821777344,129.38084119094302,127.03962734834683,129.18572887365838,105158200
2021-01-11,125.82022094726562,126.98107049808904,125.35198424007667,126.0250828794601,100384500
2021-01-12,125.64462280273438,126.51281872631759,123.75214711009855,125.35196931372295,91951100
2021-01-13,127.6834487915039,128.22972749827673,125.34225008105514,125.60562488862021,88636800
2021-01-14,125.751953125,127.79074851750292,125.60561890945137,127.59565111508242,90221800
2021-01-15,124.0252914428711,127.02983860800374,123.88872179377304,125.62511371158065,111598500
2021-01-19,124.69839477539062,125.55684110809314,123.8301987834441,124.64961670921872,90757300
2021-01-20,128.79551696777344,129.24425439918255,125.40077446290326,125.50808026921992,104319500
2021-01-21,133.51690673828125,136.2483143489001,130.31726250111956,130.52212439802992,120150900
2021-01-22,135.66305541992188,136.4239457057513,131.7122697758214,132.941396802551,114459400
2021-01-25,139.4187469482422,141.53558454599184,133.1950392958399,139.56508118226773,157611700
2021-01-26,139.65281677246094,140.7648880340617,137.90666052106042,140.08203987079344,98390600
2021-01-27,138.5797882080078,140.7649176755725,136.97021613529958,139.91622095789253,140843800
2021-01-28,133.7315216064453,138.51148876469895,133.35107654702082,136.1019984266858,142621100
2021-01-29,128.72720336914062,133.39010003222583,127.020075493765,132.5023899646368,177523800
2021-02-01,130.85377502441406,132.06340228376865,127.72240855449851,130.4733300219918,106239800
2021-02-02,131.68301391601562,132.9706687530236,131.3123184109022,132.40487583442152,83305400
2021-02-03,130.65870666503906,132.4438766522119,130.33678930161688,132.434112108336,89880900
2021-02-04,134.02420043945312,134.03395009949696,131.29279224448268,132.96090698056452,84183100
2021-02-05,133.60899353027344,134.25379046331454,132.72973582683255,134.18541104102158,75693800
2021-02-08,133.75552368164062,133.80437463624327,131.81136898331476,132.89579458373277,71297200
2021-02-09,132.87625122070312,134.70317555376081,132.71994903608007,133.4721970895325,76774200
2021-02-10,132.2705535888672,133.83369484015344,131.3033582625716,133.3354359263558,73046600
2021-02-11,132.0165557861328,133.2475195180307,130.68789013114852,132.76880394646017,64280000
2021-02-12,132.25100708007812,132.40732418293499,130.60972222173942,131.25451909060936,60145100
2021-02-16,130.12123107910156,132.87624896678753,129.73043835612683,132.3682407877475,80576300
2021-02-17,127.82536315917969,129.17357188926405,126.4869335636258,128.22592008727972,97918500
2021-02-18,126.7214126586914,127.00472433071491,124.47440301601213,126.22315381492851,96856700
2021-02-19,126.87773895263672,127.69839634917041,125.83239992851125,127.2392241428884,87668800
2021-02-22,123.09690856933594,126.73119944348443,122.70612324188585,125.06059198229507,103916400
2021-02-23,122.96012878417969,123.790542905723,115.66223979910613,120.9085152328345,158273000
2021-02-24,122.46186828613281,122.66702888075545,119.41375950475715,122.06131877861505,111039900
2021-02-25,118.20233917236328,123.5463093432761,117.76271033657684,121.80732245880864,148199500
2021-02-26,118.46611785888672,121.97339908752899,118.4074952170664,119.76546840374732,164560400
2021-03-01,124.84564971923828,124.98242344672663,119.96085244148553,120.89873262438095,116307900
2021-03-02,122.23717498779297,125.75422768741775,122.12970884679918,125.45137262840403,102260900
2021-03-03,119.24767303466797,122.81357666599573,119.03274075416354,121.93431163375459,112966300
2021-03-04,117.36214447021484,120.75219519765207,115.88694096141373,118.94482157612892,178155000
2021-03-05,118.62242126464844,119.13044438108311,114.86112866250235,118.19256415106085,153766600
2021-03-08,113.67902374267578,118.21211585349621,113.53247830668076,118.14372897717995,154376600
2021-03-09,118.30001831054688,119.24767018634864,116.05301600805683,116.28748419318423,129525800
2021-03-10,117.21559143066406,119.3551274361463,116.69779669055235,118.88619110081129,111943300
2021-03-11,119.14999389648438,120.37119341672582,118.4661251465933,119.71663226274289,103026500
2021-03-12,118.24140930175781,118.37818303802467,116.41449977293215,117.62592748855697,88105100
2021-03-15,121.1332015991211,121.14297328075108,117.64545661813416,118.6126518520549,92403800
2021-03-16,122.67681121826172,124.28879597729674,121.84639708591334,122.80381327731409,115227900
2021-03-17,121.8854751586914,122.96012916956329,119.52122739044147,121.19183477482309,111932600
2021-03-18,117.75293731689453,120.34188170191756,117.54777669894918,120.04879084564699,121229700
2021-03-19,117.22535705566406,118.63218098565969,116.92250202491563,117.1374342868437,185549500
2021-03-22,120.54703521728516,121.01597906896609,117.4891545867303,117.55754145534942,111912300
2021-03-23,119.71660614013672,121.37743414382213,119.32582088820817,120.4884049629532,95467100
2021-03-24,117.32306671142578,120.06832806693622,117.30353080035886,119.99016951544908,88530500
2021-03-25,117.81153106689453,118.85688478567056,116.25816919073374,116.78572816384742,98844700
2021-03-26,118.41727447509766,118.68105774613929,116.18003605408883,117.57708860681974,94071200
2021-03-29,118.59310913085938,119.755693282019,117.94831975836384,118.84712067934997,80819200
2021-03-30,117.13744354248047,117.62592328414752,116.12140478537988,117.3426041395475,85671900
2021-03-31,119.33560180664062,120.67403152206795,118.35864232800027,118.84712206732044,118323800
2021-04-01,120.1660385131836,121.31885121332442,119.6677869981911,120.81083546830455,75089100
2021-04-05,122.99919891357422,123.25321046309428,120.2344018212396,121.0159723796355,88651200
2021-04-06,123.30206298828125,124.20086397868832,122.75496802953083,123.58538215009409,80171300
2021-04-07,124.95313262939453,124.97266854154003,122.25672208309726,122.93082658307411,83466700
2021-04-08,127.3564682006836,127.38577579936182,125.55886591471572,125.97895143391841,88844600
2021-04-09,129.9356231689453,129.97469499267643,126.48695706989602,126.80935551775305,106686700
2021-04-12,128.2161865234375,129.78909211563084,127.62024055602956,129.46669365058517,91420000
2021-04-13,131.3326873779297,131.5573988456583,128.89028808957522,129.38854708502177,91266500
2021-04-14,128.98797607421875,131.88954730756276,128.62650578894565,131.83093211613695,87222800
2021-04-15,131.4010467529297,131.88952648063574,130.56086102498654,130.7367214787142,89347100
2021-04-16,131.06886291503906,131.56710679010823,130.2091339630303,131.20563662038447,84922400
2021-04-19,131.73321533203125,132.34870458701315,130.2677760828126,130.43385740885776,94264200
2021-04-20,130.04306030273438,132.4073001522847,128.7730101601583,131.9090562479768,94812300
2021-04-21,130.424072265625,130.6683121013284,128.27476469287822,129.31033921110608,68847100
2021-04-22,128.9000701904297,131.05914286292207,128.38228272197372,129.97471695767567,84566500
2021-04-23,131.22518920898438,132.0067447760847,129.1149534004929,129.1149534004929,78657500
2021-04-26,131.61598205566406,131.9481447004186,130.48270548356416,131.72344819452212,66905100
2021-04-27,131.29360961914062,132.29011265780838,131.02006210377638,131.89931984498693,66015800
2021-04-28,130.50222778320312,131.9090515894675,130.01374812309555,131.21540391293965,107760100
2021-04-29,130.40455627441406,133.91185238072063,129.3982891326952,133.3256706891164,151101000
2021-04-30,128.4311065673828,130.4827126391567,128.05009294639484,128.74372586570195,109839500
2021-05-03,129.4862060546875,130.98096780991455,128.79257315513814,128.99772630286216,75135100
2021-05-04,124.90425872802734,128.4603978277897,123.78075391895158,128.1673070241669,137564700
2021-05-05,125.14851379394531,127.44435959905208,125.02150429281544,126.22316026424471,84000900
2021-05-06,126.75074005126953,126.76050428037594,124.20086752220477,124.94335888284245,78128300
2021-05-07,127.42597961425781,128.45351756221345,126.71157703177086,128.05229514281538,78973300
2021-05-10,124.13780975341797,126.77028959754912,124.0986641002731,126.64307929080063,88071200
2021-05-11,123.21790313720703,123.57019905466785,120.14503307550105,120.85942812202862,126142800
2021-05-12,120.14503479003906,121.9750547557377,119.6361562653165,120.76156945349975,112172300
2021-05-13,122.29801177978516,123.45278244324763,121.6031932189441,121.91635098532697,105861300
2021-05-14,124.72499084472656,125.15558560180872,123.15920190934219,123.55065100975592,81918000
2021-05-17,123.57022094726562,124.21611308729157,122.493741513493,124.10846439728725,74244600
2021-05-18,122.18057250976562,124.27481643282015,122.11206948298421,123.85400999222864,63342900
2021-05-19,122.02400207519531,122.24908025776814,120.23312756354261,120.52671624181265,92612000
2021-05-20,124.58798217773438,124.98921955050378,122.42523508929487,122.55246033737806,76857100
2021-05-21,122.74817657470703,125.26322700578169,122.53287920868762,125.087075294154,79295400
2021-05-24,124.3824691772461,125.20451299175396,123.24727505830785,123.31577808732766,63092900
2021-05-25,124.18675231933594,125.57639697063634,123.61915150868299,125.08708000544519,72009500
2021-05-26,124.13780975341797,124.66626487146893,123.71700331494795,124.2454584329989,56575900
2021-05-27,122.60137939453125,124.91092068620033,122.40565859338099,123.73658094675875,94625600
2021-05-28,121.94570922851562,123.11026818036667,121.88699448010973,122.88518253436054,71311100
2021-06-01,121.62274932861328,122.66987119812988,121.29002250384599,122.40564739412464,67637100
2021-06-02,122.3860855102539,122.56223722280126,121.39768573021556,121.6227639113054,59278900
2021-06-03,120.89859008789062,122.1805785667547,120.49735272094428,122.01421513150538,76229200
2021-06-04,123.1983413696289,123.4625726722834,121.20195777757243,121.41725514528493,75169300
2021-06-07,123.20812225341797,123.61914040368376,122.16100031844385,123.47234607394033,71057600
2021-06-08,124.03016662597656,125.71339992147556,123.51149976456149,123.89316056697146,74403800
2021-06-09,124.41182708740234,125.01857353724075,123.81486891782897,124.49011839698218,56877900
2021-06-10,123.41363525390625,125.44916444320808,123.24727182583149,124.30417460780706,71186400
2021-06-11,124.62711334228516,124.71519292427574,123.40383973769605,123.82464615632547,53522400
2021-06-14,127.690185546875,127.74890028967123,124.35309909386275,125.08706324389333,96906500
2021-06-15,126.8681411743164,127.80762179662902,126.6234864732758,127.16172980207271,62746300
2021-06-16,127.3672866821289,128.09147028730942,125.71343272844584,127.5825841071138,91815000
2021-06-17,128.97216796875,129.71592783022342,126.87792428717147,127.02472606998036,96721700
2021-06-18,127.67061614990234,128.6981539513698,127.45531881772834,127.91527085168754,108953300
2021-06-21,129.4712677001953,129.57891636339633,126.4473392510089,127.51403013838598,79663300
2021-06-22,131.11537170410156,131.21323957880873,128.80583022689916,129.30493548234813,74783600
2021-06-23,130.84133911132812,131.44809296104657,130.38138705071168,130.90984959941682,60214200
2021-06-24,130.5575714111328,131.76126866490313,130.087823514383,131.57532865567404,68711000
2021-06-25,130.2639617919922,131.0272833359651,129.97037313680121,130.60648437847152,70783700
2021-06-28,131.8982696533203,132.3582217849953,130.49885162942402,130.5575663811202,62111300
2021-06-29,133.41510009765625,133.57168268629854,131.47743909395498,131.91781455854107,64556100
2021-06-30,134.03163146972656,134.47200692367426,132.96492567634033,133.25851428981784,63261400
2021-07-01,134.3350372314453,134.3937519835152,132.85731295249462,133.67936427909643,52485800
2021-07-02,136.96754455566406,137.0066827518455,134.80478963619083,134.95157653755047,78852600
2021-07-06,138.98345947265625,140.08928866847637,137.07515561633554,137.07515561633554,108181800
2021-07-07,141.4789581298828,141.7921084496811,139.60979222790235,140.47096680675352,104911600
2021-07-08,140.17738342285156,140.97984319492215,137.66232556002745,138.55287238610808,105575500
2021-07-09,142.00738525390625,142.53583287499265,139.59997625608412,139.69784411639665,99890800
2021-07-12,141.41043090820312,143.19152447203606,140.9211214586938,143.08387579584243,76299700
2021-07-13,142.5260467529297,144.30714020300775,140.5590282672458,140.95046982883696,100827100
2021-07-14,145.9610137939453,146.37204690308326,144.52244270958388,144.93347581872183,127050800
2021-07-15,145.3053436279297,146.79284867562072,143.9450638275039,146.0491036180456,106820300
2021-07-16,143.260009765625,146.55795044061162,142.7609195385989,145.28575790906999,93251400
2021-07-19,139.4042510986328,140.98962377727935,138.6409295962446,140.676458580126,121434600
2021-07-20,143.025146484375,143.9548463868521,139.903364731854,140.39267418261483,96350000
2021-07-21,142.2911834716797,143.0055860270602,141.53765766277516,142.41840870833036,74993500
2021-07-22,143.66127014160156,145.03133074908345,142.6924319696775,142.81965721627964,77338200
2021-07-23,145.3836212158203,145.540203823437,143.77868681909763,144.39522150375126,71447400
2021-07-26,145.80442810058594,146.62646435226154,144.54200141958395,145.0998213327101,72434100
2021-07-27,143.6319122314453,146.01974493776575,142.43799587828508,145.93165788061674,104818600
2021-07-28,141.88015747070312,143.82761436860707,139.49232507438956,141.71379405719455,118931200
2021-07-29,142.5260467529297,143.41659347796872,141.4887131754286,141.5963618447469,56699500
2021-07-30,142.74136352539062,143.2013156357775,141.02878032832388,141.29301163126834,70440600
2021-08-02,142.4086456298828,143.80806367715948,142.14441431029425,143.23068203244566,62880000
2021-08-03,144.2092742919922,144.87472794218303,142.07587743468324,142.692412088419,64786600
2021-08-04,143.8080291748047,144.630065380145,143.15235637298292,144.1211943573369,56368300
2021-08-05,143.91567993164062,144.67900140948598,143.0447097873023,143.83738863486957,46397700
2021-08-06,143.22967529296875,144.18035929772682,142.72983713831988,143.4354998007159,54126800
2021-08-09,143.18064880371094,143.7785013969767,142.6220079947097,143.2884587780675,48908700
2021-08-10,142.7003936767578,144.7683737944324,142.4063651616791,143.52366155504902,69023100
2021-08-11,142.95523071289062,143.79810459984787,142.63180079586957,143.14144929737975,48493500
2021-08-12,145.9248809814453,146.08169819848888,142.93561820929602,143.27865400221475,72282600
2021-08-13,146.13070678710938,146.4639321601955,145.31723429051934,146.0032909277299,59375000
2021-08-16,148.1104736328125,148.17908677655805,143.55308334263998,145.58185197110114,103296000
2021-08-17,147.19900512695312,148.65932256875118,146.12090537704304,147.2382019565344,92229700
2021-08-18,143.44528198242188,147.7184543955626,143.23945749374153,146.81677773378797,86326000
2021-08-19,143.77847290039062,145.05258644801074,141.622288795524,142.14173267222196,86960300
2021-08-20,145.2388153076172,145.54263929990177,143.85689170892408,144.50375147276918,60549600
2021-08-23,146.7285614013672,147.19899810848202,144.9447991647322,145.3564331528218,60131800
2021-08-24,146.64035034179688,147.85566143575133,146.17970907783348,146.47373764386114,48606400
2021-08-25,145.40542602539062,147.32639940143548,144.85658076220975,146.8265464293222,58991300
2021-08-26,144.60174560546875,146.1502818209155,144.5723442495669,145.3956270795529,48597200
2021-08-27,145.64064025878906,145.78764703013252,143.90588558238326,144.54293486475237,55802400
2021-08-30,150.0706329345703,150.43327460832862,145.65045430503002,146.03268691419282,90956700
2021-08-31,148.80630493164062,149.75698856261775,148.27705066547293,149.6197772630391,86453100
2021-09-01,149.4727783203125,151.89358979635324,149.30616564221367,149.7864127413778,80313700
2021-09-02,150.590087890625,151.6387862531272,149.3649813670927,150.80570783515978,71115500
2021-09-03,151.2271728515625,151.55060281241285,150.0412629951112,150.6979183865653,57808700
2021-09-07,153.56954956054688,154.12819033773275,151.31535065096162,151.88380185111185,82278300
2021-09-08,152.02099609375,153.91255310407425,150.91349517698131,153.8537503925487,74420200
2021-09-09,151.00172424316406,153.00109134257815,150.88410385737802,152.39344334318108,57305700
2021-09-10,146.0032958984375,152.38364527408532,145.73866870260662,151.913208557541,140893200
2021-09-13,146.57174682617188,148.4045013917985,145.78767566355324,147.63024065247,102404300
2021-09-14,145.17022705078125,148.06149059395435,143.98433223540385,147.35582799517005,109296300
2021-09-15,146.0620880126953,146.46392651146115,143.45505793692854,145.60144679799546,83281300
2021-09-16,145.8268585205078,146.0032816187781,144.28813265765052,145.48383770122956,68034100
2021-09-17,143.15121459960938,145.85625880651142,142.8571861047404,145.85625880651142,129868800
2021-09-20,140.09339904785156,141.95555518736737,138.4566583461915,140.9362730273505,123478900
2021-09-21,140.5736083984375,141.72032120475433,139.93655902151735,141.0636509821954,75834000
2021-09-22,142.9453887939453,143.5138248762101,140.83819728383335,141.5732609595892,76404300
2021-09-23,143.90589904785156,144.15092032629136,142.7395953696922,143.72947595082067,64838200
2021-09-24,143.994140625,144.53319056895606,142.6612239249068,142.75923844377732,53477900
2021-09-27,142.47500610351562,143.05326784019874,140.95588573699447,142.57302062293067,74150700
2021-09-28,139.08387756347656,141.8673156069312,138.86825764906274,140.39718798406145,108972300
2021-09-29,139.9855499267578,141.5732829271844,139.20147889330738,139.63271870945067,74602000
2021-09-30,138.6820526123047,141.50470270899655,138.46643267686778,140.79904018482358,89056700
2021-10-01,139.80914306640625,140.07377024882607,136.3396481559879,139.07407919128337,94639600
2021-10-04,136.36904907226562,139.3779177030337,135.51637976546095,138.93686741546034,98322000
2021-10-05,138.29983520507812,139.40733636302537,136.58468595582545,136.7121018284855,80861100
2021-10-06,139.17208862304688,139.3190954107542,135.61437481140692,136.69247443763487,83221100
2021-10-07,140.4364013671875,141.3478883774017,139.87776058117706,140.2109859591421,61732700
2021-10-08,140.05416870117188,141.308676557224,139.72094332329533,141.1616697596059,58773200
2021-10-11,139.96597290039062,141.92614341076353,138.98588764520417,139.43673344275217,64452200
2021-10-12,138.69183349609375,140.3971869093365,138.2311923147278,140.37758102047312,73035900
2021-10-13,138.10382080078125,138.58405301825053,136.42786838688212,138.4272507387237,78762700
2021-10-14,140.8970184326172,141.014638805476,138.69182711662617,139.27988411618807,69907100
2021-10-15,141.95556640625,142.01436913773654,140.65205102360477,140.90688279993503,67940300
2021-10-18,143.63148498535156,143.91570310514462,140.3089968495944,140.59321496938745,85589200
2021-10-19,145.79747009277344,146.19930861705203,143.6314901588186,144.08232097954442,76378900
2021-10-20,146.2875518798828,146.7677991439907,145.17025504219203,145.73870640942664,58418800
2021-10-21,146.50314331054688,146.65996054435885,144.92520541323566,145.84648796823797,61421000
2021-10-22,145.72889709472656,147.1892147352683,145.67988983489477,146.7089824716984,58883400
2021-10-25,145.67984008789062,146.39529798138776,144.68014915737908,145.71903690942145,50720600
2021-10-26,146.3463134765625,147.83603205253846,146.04247453516768,146.35610894373843,60893400
2021-10-27,145.8856658935547,146.7481305695104,145.53283467682837,146.38550388603736,56094900
2021-10-28,149.53155517578125,150.1195971224041,146.73830732587103,146.83632179442895,100077900
2021-10-29,146.81675720214844,146.95396852377547,143.4942691703326,144.2881357422398,124953200
2021-11-01,145.9934844970703,146.71873790698544,144.85658218082636,146.02288585396352,74588300
2021-11-02,147.03237915039062,148.55151413172558,145.6896523186095,145.69946274130425,69122000
2021-11-03,148.4730987548828,148.94353542048876,146.83635841514152,147.3949991515026,54511500
2021-11-04,147.9536590576172,149.39437045239575,147.6400246350039,148.56130705778995,60394600
2021-11-05,148.48365783691406,149.38665026440313,147.28620777558916,149.0823828675765,65463900
2021-11-08,147.6592254638672,148.76834300613436,147.38440226384824,148.6112968984832,55020900
2021-11-09,148.02236938476562,148.63090428124968,147.28623266415173,147.42364425293005,56787900
2021-11-10,145.18577575683594,147.35493167322633,145.11707745747125,147.2469643655917,65187100
2021-11-11,145.13670349121094,146.6678653941325,144.95021313541474,146.20656685181973,41000000
2021-11-12,147.217529296875,147.61993930798695,144.75391557147125,145.68635239017757,63804000
2021-11-15,147.2273406982422,149.07259482755015,146.66786961475387,147.59049667940786,59222800
2021-11-16,148.20887756347656,148.6898256703758,146.57955783160577,147.16847326957455,59256200
2021-11-17,150.65286254882812,152.13494598583713,148.19907309744366,148.208882863622,88807000
2021-11-18,154.9518280029297,155.73704330103482,150.22093166671618,150.86873541090813,137827700
2021-11-19,157.5823211669922,158.04363466373403,153.63662454715842,154.7359171470172,117305600
2021-11-22,158.0436248779297,162.63711008012285,158.02399037507982,158.6914137046002,117467900
2021-11-23,158.42645263671875,158.8092431604203,156.11988475240108,158.14180469691394,96041900
2021-11-24,158.9466552734375,159.14295541860696,156.68916616213605,157.77864919107878,69463600
2021-11-26,153.91143798828125,157.48415368919132,153.46975902346642,156.62043026238874,76959800
2021-11-29,157.27810668945312,158.21054376046072,155.85489671204084,156.42417770765707,88748200
2021-11-30,162.24453735351562,162.460471991212,156.96397844815215,157.0326917313919,174048100
2021-12-01,161.72433471679688,167.15211495820313,161.4887655737255,164.38423368988907,152052500
2021-12-02,160.73297119140625,161.16484040312477,154.8831472601401,155.80577421667738,136739200
2021-12-03,158.84849548339844,161.91083461668495,156.76768701566778,160.98820747292035,118023100
2021-12-06,162.26419067382812,164.77686859282636,161.2434059087715,161.253215674626,107497000
2021-12-07,168.0157928466797,168.40840797838197,165.22829280690507,165.95461956800236,120405400
2021-12-08,171.84375,172.7074885052505,167.54470695562583,168.9482820266579,116998900
2021-12-09,171.33334350585938,173.48286484992437,170.70517418411447,171.67687992199998,108923700
2021-12-10,176.1329803466797,176.309660951534,171.460971245645,171.971363576986,115402700
2021-12-13,172.49154663085938,178.76343034110303,172.28542177740803,177.77209005921313,153237000
2021-12-14,171.10763549804688,174.45460766310583,169.02682698568938,172.01062815391413,139380400
2021-12-15,175.9857635498047,176.18206368948663,169.12496358887716,171.87321047464624,131063300
2021-12-16,169.0758514404297,177.79171370813177,167.59376845508785,175.96609431359246,150185800
2021-12-17,167.9765625,170.26349541805016,166.55336801671226,166.78892215220165,195432700
2021-12-20,166.61227416992188,167.42693392036205,164.3646100212536,165.1694450305174,107499100
2021-12-21,169.7923583984375,169.99846825027308,165.99388352764822,168.3887835557928,91185900
2021-12-22,172.39341735839844,172.6093520110506,168.96792216563543,169.84147054164066,92135300
2021-12-23,173.02154541015625,173.58101641545682,172.03022017962167,172.5995009479716,68356600
2021-12-27,176.99667358398438,177.08500637542028,173.79693877694652,173.81655830166355,74919600
2021-12-28,175.97593688964844,177.97823723210308,175.22999037629228,176.8298657019043,79144300
2021-12-29,176.06427001953125,177.29116449792193,174.84718530534158,176.0151912450478,62348900
2021-12-30,174.90606689453125,177.23226891731628,174.79809958565312,176.15259582853517,59773000
2021-12-31,174.28773498535156,175.91703952431234,173.9834525641687,174.79811232201894,64062300
2022-01-03,178.64564514160156,179.49957387951153,174.4251401333062,174.5429172102293,104487900
2022-01-04,176.37832641601562,179.5584419205672,175.80904564797467,179.25417452208993,99310400
2022-01-05,171.68670654296875,176.83966343060843,171.41188337376713,176.29001709220518,94537600
2022-01-06,168.82066345214844,172.0596675486128,168.46731727841166,169.50772129643173,96904000
2022-01-07,168.98753356933594,170.9211204367095,167.86860642072668,169.69422597653536,86709100
2022-01-10,169.0072021484375,169.3114696396271,165.0615045755219,165.95468751702438,106765600
2022-01-11,171.84375,171.9418925722171,167.66249900972133,169.13477238363146,76138300
2022-01-12,172.2854461669922,173.90494104881037,171.58857842094562,172.8645368239584,74805200
2022-01-13,169.0072021484375,173.35530980310014,168.61458685598154,172.5308401540557,84505800
2022-01-14,169.87088012695312,170.56774768489342,167.92746882126974,168.17284767511228,80440800
2022-01-18,166.6613311767578,169.35067400164021,166.27854073936825,168.33971425733603,90956700
2022-01-19,163.15733337402344,167.91769000661554,162.87270044087128,166.85765136543813,94815000
2022-01-20,161.46913146972656,166.54356549753263,161.14522951347425,163.8934762825247,91420500
2022-01-21,159.407958984375,163.25549850314817,159.29999166470387,161.38080003283116,122848900
2022-01-24,158.63255310058594,159.2999915243486,151.8404666623007,157.06213706108227,162294600
2022-01-25,156.82656860351562,159.75148103294072,154.11759081418975,156.04135309194953,115798400
2022-01-26,156.73822021484375,161.35134029387297,154.90279093312674,160.47779205545413,108275300
2022-01-27,156.2769012451172,160.8114981245685,155.35427426622283,159.44719215998208,121954600
2022-01-28,167.1815643310547,167.2011988377615,159.79075260205332,162.64696676990783,179935700
2022-01-31,171.54928588867188,171.76522050687674,166.37669476906368,167.0146888598467,115541600
2022-02-01,171.3824462890625,171.6081906924981,169.12495732448602,170.79353091508946,86213900
2022-02-02,172.5897216796875,172.62899069570594,170.12612259885077,171.51987313267702,84914300
2022-02-03,169.70404052734375,172.98231399971922,168.93845956073986,171.25483696595504,89418100
2022-02-04,169.4190673828125,171.0996042103979,167.7385305552271,168.72129677126426,82465400
2022-02-07,168.7016143798828,170.95214191132882,168.00384392494493,169.88093057527257,77251200
2022-02-08,171.81698608398438,172.3280286162116,168.47557259889186,168.77040540578523,74829200
2022-02-09,173.24200439453125,173.60562304759242,171.88578239754793,173.01597239364082,71285000
2022-02-10,169.15365600585938,172.4557499144487,168.59348726023444,171.13884725340492,90865900
2022-02-11,165.73367309570312,170.09715694195197,165.14400744238606,169.3600823732159,98670700
2022-02-14,165.9695587158203,166.6574920486195,163.68953396046075,164.48557217382995,86185500
2022-02-15,169.81214904785156,169.96939522398472,167.31592973397568,168.02352253075418,62527400
2022-02-16,169.5762939453125,170.35267256794222,167.11937868964532,168.8883606728898,61177400
2022-02-17,165.9695587158203,168.94733906736835,165.5666209795301,168.08250002280826,69589300
2022-02-18,164.41676330566406,167.6009157130797,163.32589238939244,166.893337952625,82772700
2022-02-22,161.4881134033203,163.81726398261975,159.35549802549073,162.13672755479107,91162800
2022-02-23,157.31137084960938,163.28657531432245,156.9968785115613,162.68708741626082,90009200
2022-02-24,159.9353790283203,160.04348391166852,149.38046449387545,149.95047069736393,141147500
2022-02-25,162.0089874267578,162.27432346013268,158.09756779697935,161.0163841306603,91974200
2022-02-28,162.2743377685547,162.569170605232,159.63069449285575,160.249841950296,95056600
2022-03-01,160.38743591308594,163.72884988791748,159.1786377230553,161.86158516779412,83474400
2022-03-02,163.68951416015625,164.47573001503346,160.14172804891763,161.5569135885326,79724800
2022-03-03,163.36521911621094,165.99904029600498,162.6969453068408,165.56662077426103,76678400
2022-03-04,160.3579559326172,162.69694424174432,159.30640391691654,161.6552144893565,83737200
2022-03-07,156.55462646484375,162.17604917250483,156.2990977080652,160.54465401699207,96418800
2022-03-08,154.72669982910156,160.0729499038518,153.1149639973743,156.08292186895505,131148300
2022-03-09,160.1417236328125,160.59380261054181,156.66273844037977,158.69705635061237,91454900
2022-03-10,155.7880859375,157.62585374072557,153.2918516527838,157.43912578291366,105342000
2022-03-11,152.0634002685547,156.5349891936971,151.83736825574178,156.19101504721644,96970100
2022-03-14,148.0242462158203,151.46392805455815,147.51321856820022,148.83994399421974,108732100
2022-03-15,152.41720581054688,152.88894438184133,147.78838542286357,148.29941304803273,92964300
2022-03-16,156.83966064453125,157.24259840193366,151.79808003042874,154.34344099306256,102300200
2022-03-17,157.8518829345703,158.22533884354678,154.9134219533723,155.8765285127207,75615400
2022-03-18,161.15396118164062,161.64534417157984,157.006687546888,157.74376203179685,123511700
2022-03-21,162.52984619140625,163.48313041290612,160.20068056976743,160.69206357071295,95811400
2022-03-22,165.9105682373047,166.5002188572966,162.067949464373,162.6576000843649,81532000
2022-03-23,167.27662658691406,169.66474104201137,164.76073274272346,165.09488461775757,98062700
2022-03-24,171.07009887695312,171.1388847047802,167.27662120536306,168.11196337652208,90131400
2022-03-25,171.70889282226562,172.25923943454524,169.77284242104022,170.8833729038462,80546200
2022-03-28,172.57373046875,172.701479862601,169.03576656556126,169.202835000459,90371900
2022-03-29,175.87582397460938,175.92495028186923,173.30096665224875,173.64494077798946,100589400
2022-03-30,174.70631408691406,176.51459990792134,173.6547472805492,175.4728703587719,92633200
2022-03-31,171.60079956054688,174.96185802360853,171.3944120690703,174.77513005413485,103049300
2022-04-01,171.30596923828125,171.86615315495757,168.9768182066353,171.03079590947166,78751300
2022-04-04,175.36477661132812,175.41391791306214,171.43371240572407,171.56147679106857,76468400
2022-04-05,172.0430145263672,175.22718178273516,171.41404488266946,174.44096597915822,73401800
2022-04-06,168.8686981201172,170.6376800716011,167.19799877542366,169.3895629453013,89058800
2022-04-07,169.17337036132812,170.37234630580983,166.92284239749918,168.2102636995684,77594700
2022-04-08,167.15866088867188,168.81953778376487,166.28399977180155,168.81953778376487,76575500
2022-04-11,162.8934783935547,166.11694994882637,162.6477868725991,165.80247259982983,72246700
2022-04-12,164.7705841064453,166.9424890030797,163.76815838717138,165.12438053702303,79265200
2022-04-13,167.46334838867188,168.0923181339545,163.89591740962862,164.50522763279633,70618900
2022-04-14,162.44140625,168.3183584761883,162.19571471867903,167.67955149726123,75329400
2022-04-18,162.2251739501953,163.72880457418574,160.7510251034739,161.09498417021837,69023900
2022-04-19,164.5150146484375,164.92778954530513,161.0851710674028,162.17604187582518,67723800
2022-04-20,164.3479461669922,165.96951898738345,163.23743083695035,165.8515768758342,67929800
2022-04-21,163.5519256591797,168.57386081804293,163.05072036783037,165.9990185433864,87227800
2022-04-22,159.00173950195312,164.9769598952382,158.71674389745084,163.59127092738578,84882400
2022-04-25,160.0729217529297,160.35791727852174,155.7290980800687,158.34324409421413,96046400
2022-04-26,154.09774780273438,159.54226611663734,154.0191247048665,159.45382075496946,95623200
2022-04-27,153.87168884277344,157.0361817522216,152.70219483485,153.22305964573388,88063200
2022-04-28,160.81985473632812,161.68469376070493,156.19101949826612,156.50551186924736,130216800
2022-04-29,154.9330596923828,163.3357123056005,154.5399592760181,159.05085178561868,131747600
2022-05-02,155.2377471923828,155.50308325510557,150.6285715632027,154.00928950852122,123055300
2022-05-03,156.73155212402344,157.94036536820087,153.62602227442122,155.42447125561708,88966500
2022-05-04,163.15882873535156,163.61089273431188,156.5153204398764,156.91825813151257,108256500
2022-05-05,154.06825256347656,161.25227067537543,152.27961098375334,161.02623866112972,130525300
2022-05-06,154.7965545654297,156.92245186539364,151.74549742097102,153.54660360417492,116124600
2022-05-09,149.6589813232422,153.36945750408893,149.0979893908198,152.48365942752434,131577900
2022-05-10,152.0702667236328,154.26506562042874,150.5152132745714,153.06432833720223,115366700
2022-05-11,144.18673706054688,152.99541185009565,143.50762988928287,151.07620572555595,142689800
2022-05-12,140.30897521972656,143.89149901958908,136.60835102555794,140.51566592761506,182602000
2022-05-13,144.78713989257812,145.7615132406745,140.85029972421802,142.3069263815123,113990900
2022-05-16,143.24191284179688,145.19065940090803,141.90338667799685,143.25176455295096,86643800
2022-05-17,146.88351440429688,147.40514453340242,144.36392404181558,146.50950977669152,78336300
2022-05-18,138.59646606445312,145.0331931657119,137.69097960525806,144.5312514480339,109742900
2022-05-19,135.18124389648438,139.4231864175674,134.4430864271214,137.6712938917074,136095600
2022-05-20,135.4174346923828,138.47832804040868,130.5160736621358,136.89374952227598,137426100
2022-05-23,140.85028076171875,140.99790624101624,135.47648804751876,135.6142768341469,117726300
2022-05-24,138.14373779296875,139.728316741357,135.16158222827767,138.58662935862338,104132700
2022-05-25,138.30120849609375,139.55114451962976,136.15562265268915,136.2441979580696,92482700
2022-05-26,141.5097198486328,142.06087507401406,134.97456571452705,135.22061822713323,90601500
2022-05-27,147.27719116210938,147.31655295622195,142.96634634088457,143.09429845299417,90978500
2022-05-31,146.4898223876953,148.28109191355486,144.5214022588055,146.71620151537235,103718400
2022-06-01,146.3618927001953,149.34404814498973,145.34814246607627,147.5330901211728,74286600
2022-06-02,148.82241821289062,148.88146841697989,144.54109820216505,145.4957832158868,72348100
2022-06-03,143.08445739746094,145.63355774291225,142.17898598193645,144.58044581379545,88570300
2022-06-06,143.8324432373047,146.22408125410382,142.61201747807138,144.70838950271786,71598400
2022-06-07,146.3618927001953,146.64730702547615,141.82468347271976,142.07073600128598,67808200
2022-06-08,145.6237335205078,147.5035634046079,145.1316284687619,146.23393897895934,53950200
2022-06-09,140.3876953125,145.61384732144396,140.27943162604245,144.75758953991215,69473000
2022-06-10,134.96473693847656,138.53740941897706,134.89583502233484,138.06499277205677,91437900
2022-06-13,129.7976531982422,133.06522343462848,129.36459828330814,130.77201173898712,122207100
2022-06-14,130.6637420654297,131.7759044083777,129.40395419813282,131.02791005525017,84784300
2022-06-15,133.2915496826172,135.1713943388265,130.07319387777778,132.16955091202541,91533000
2022-06-16,128.00636291503906,130.29957424502024,127.00246441029934,129.99447151756362,108123900
2022-06-17,129.482666015625,130.97866943008026,127.76029850473763,128.01620271778103,134520300
2022-06-21,133.724609375,134.8958216908251,131.21488586149243,131.31329785187046,81000500
2022-06-22,133.2128448486328,135.5847798082292,131.7955798825567,132.6616745701608,73409200
2022-06-23,136.0867156982422,136.40165507690898,133.48840199836928,134.65961425641447,72433800
2022-06-24,139.42320251464844,139.66925503284406,137.56304607780373,137.6909831751248,89116800
2022-06-27,139.42320251464844,141.2243087499828,138.74409516157192,140.4467743824865,70207900
2022-06-28,135.26986694335938,141.15544037188812,135.15176651228055,139.88581568421827,67083400
2022-06-29,137.0315704345703,138.44883540642064,134.51199493699397,135.2895293397043,66242400
2022-06-30,134.56118774414062,136.18512818079344,131.65777134820112,135.0828178246583,98964500
2022-07-01,136.73629760742188,136.84456131567046,133.51794149629842,133.89193111018585,71051600
2022-07-05,139.32476806640625,139.3739815709903,134.76787086684834,135.59461869744254,73353800
2022-07-06,140.6632843017578,141.84433323860637,138.85234159739986,139.11808248899268,74064300
2022-07-07,144.0391845703125,144.23602362832375,141.01765171644587,141.0274884130963,66253700
2022-07-08,144.71823120117188,145.22018791054785,142.7104494172261,142.96633860975416,64547800
2022-07-11,142.58248901367188,144.32454481016836,141.50970378477396,143.36985996820178,63141600
2022-07-12,143.556884765625,146.10598530220875,142.75967699315206,143.45845774918337,77588800
2022-07-13,143.19271850585938,144.13755169717774,139.8759205891,140.73219350243247,71185600
2022-07-14,146.12564086914062,146.59805740261146,140.98806413686148,141.80496013260634,78140700
2022-07-15,147.798828125,148.47793549322745,145.85993303693337,147.41498678876548,76259900
2022-07-18,144.74777221679688,149.17671722622794,144.38360430388153,148.3598211223461,81420900
2022-07-19,148.61570739746094,148.8420714884981,144.59029217223815,145.58433884840355,82982400
2022-07-20,150.62350463867188,151.29277530503674,147.99566551668846,148.73382307964516,64823400
2022-07-21,152.89703369140625,153.11356109876007,149.54087389527504,152.06044916137068,65086600
2022-07-22,151.6569366455078,153.81235925179797,150.98768095986142,152.93641282919904,66675400
2022-07-25,150.53492736816406,152.59192281243702,149.8755084226827,151.5781876406526,53623900
2022-07-26,149.2062530517578,150.67271644888328,148.4188819899041,149.85582028627226,55138700
2022-07-27,154.3142852783203,154.84576710893515,149.75740301368916,150.17076942758217,78620700
2022-07-28,154.86544799804688,155.1508622874104,151.97186822338708,154.50128008945563,81378700
2022-07-29,159.94395446777344,161.0462798301135,156.981487908036,158.6940186370959,101786900
2022-08-01,158.95977783203125,161.00693677079695,158.34957233740533,158.46767275111222,67829400
2022-08-02,157.48345947265625,159.84557282503414,157.10946983070068,157.57204979903847,59907000
2022-08-03,163.5068359375,163.95956419348943,158.21178056001122,158.30035586863676,82507500
2022-08-04,163.19183349609375,164.55004790038592,161.83361909180155,163.38867246333234,55474100
2022-08-05,162.96517944335938,163.45796799318663,160.64906724368603,160.85604505164724,56697000
2022-08-08,162.4921112060547,165.3897106347166,161.8317762742878,163.97047703384425,60276900
2022-08-09,162.5413818359375,163.42841029450733,160.89546979944944,161.65436841608152,63135500
2022-08-10,166.79908752441406,166.89763621928432,164.49282549147833,165.26157448955212,70170500
2022-08-11,166.0598907470703,168.52383349342222,165.76421460976547,167.6072389716485,57149200
2022-08-12,169.6178436279297,169.68682621240507,166.9567731335436,167.3707287952548,68039400
2022-08-15,170.69210815429688,170.88922057556053,168.8786498167292,169.04619612673898,54091700
2022-08-16,170.53440856933594,171.20460883381332,169.1841727217911,170.28801428832625,56377100
2022-08-17,172.03250122070312,173.60941569871042,170.08106259876365,170.27817502867526,79542000
2022-08-18,171.6382598876953,172.37744277272193,170.6231165953559,171.24403503116682,62290100
2022-08-19,169.04620361328125,171.23418617524862,168.83922578662404,170.53441975425127,70346300
2022-08-22,165.15316772460938,167.41013274664442,164.72936173644348,167.24258643834608,69026800
2022-08-23,164.8180694580078,166.2767345287208,164.24643288251994,164.67023889482752,54147100
2022-08-24,165.1137237548828,165.68536025466128,163.85218632044496,164.90676099384123,53841500
2022-08-25,167.57766723632812,167.68608131507673,165.92190498494463,166.34569590450855,51218200
2022-08-26,161.2601318359375,168.58297803338863,161.20099961189769,168.10990520235598,78961000
2022-08-29,159.05242919921875,160.55049548789057,157.5149314068537,158.82573564976346,73314000
2022-08-30,156.6180877685547,160.21543879278465,155.44524840968555,159.79164778477147,77906200
2022-08-31,154.95242309570312,158.26396254446672,154.87357512802876,157.99785253340468,87991100
2022-09-01,155.6817626953125,156.13511973195193,152.43920566957192,154.3807937267726,74229900
2022-09-02,153.5627899169922,158.04716944145756,152.734908630889,157.44596671349123,76957800
2022-09-06,152.30123901367188,154.8243141649417,151.47335779942037,154.2132611313819,73714800
2022-09-07,153.71063232421875,154.41038374001005,151.39451980442465,152.58707487686897,87449600
2022-09-08,152.23226928710938,154.1048600544352,150.47792793917256,152.40966597426606,84923800
2022-09-09,155.10025024414062,155.54377193244906,152.51804327379915,153.22765992863847,68028800
2022-09-12,161.07286071777344,161.8908915280311,157.0024374583422,157.28824820471496,104956000
2022-09-13,151.62120056152344,158.22456513012241,151.15797805083207,157.59379629154282,122656600
2022-09-14,153.06997680664062,154.83416823515125,151.39449874644285,152.55747250443096,87965400
2022-09-15,150.17237854003906,153.0009950551444,149.19666683175186,152.41949313430064,90481100
2022-09-16,148.5264892578125,149.16712349652025,146.23009244998983,149.02914328242736,162278800
2022-09-19,152.251953125,152.33080110123336,146.94955831205283,147.15652109079085,81474200
2022-09-20,154.63706970214844,155.800058716333,150.87217230085707,151.1875492113153,107689800
2022-09-21,151.5029296875,156.4505314848071,151.38466523487358,155.07071436973487,101696800
2022-09-22,150.53704833984375,152.24209247430875,148.73344048207258,150.18223999013938,86652500
2022-09-23,148.26036071777344,149.28536935652284,146.41733629369975,149.00940896271652,96029900
2022-09-26,148.595458984375,151.55219019297488,147.48175208341434,147.50146783564452,93339400
2022-09-27,149.57118225097656,152.48849721993565,147.78729002305445,150.5370586818527,84442700
2022-09-28,147.67884826660156,148.46731284335547,142.75096346027843,145.51058195956156,146691400
2022-09-29,140.42501831054688,144.60387054853373,138.65097655674526,143.99281757061257,128138200
2022-09-30,136.20675659179688,141.03609356030535,136.0096441732016,139.2423359620473,124925300
2022-10-03,140.39547729492188,141.0065454207756,135.7041349641021,136.21663934873945,114311700
2022-10-04,143.99282836914062,144.11109281535886,142.17935497441533,142.93825359464822,87830100
2022-10-05,144.28848266601562,145.25435906019973,140.94737686981628,141.9921012373244,79471000
2022-10-06,143.33248901367188,145.41205756578128,143.12552621752397,143.7070131726072,68402200
2022-10-07,138.06948852539062,141.03608513942643,137.43871980031912,140.4841493461153,85925600
2022-10-10,138.39474487304688,139.84354452092543,136.5714361256321,138.39474487304688,74899000
2022-10-11,136.97552490234375,139.31135326076313,136.22649159037823,137.88225418694904,77033700
2022-10-12,136.34474182128906,138.33561191162715,136.16734514961954,137.123356205743,70433700
2022-10-13,140.9276885986328,141.51902589270472,132.43200294708785,133.04307103462438,113224000
2022-10-14,136.38417053222656,142.43561361849277,136.19690846794037,142.22863580040965,88598000
2022-10-17,140.35604858398438,140.83897177317823,138.24691403880277,139.035378783641,85250900
2022-10-18,141.67669677734375,144.58414598172774,138.58198553276452,143.39160620792404,99136600
2022-10-19,141.7851104736328,142.8593858144363,139.45914810857732,139.6464101482739,61758300
2022-10-20,141.3218994140625,143.7858421579012,140.59256694794956,140.95724070036255,64522000
2022-10-21,145.1459503173828,145.71758686598037,140.59257368233722,140.80940185727815,86548600
2022-10-24,147.29449462890625,148.06324356402658,143.89425664068742,145.06709579621315,75981900
2022-10-25,150.14283752441406,150.2906831379681,147.20582147413825,147.92528866954444,74732300
2022-10-26,147.1959228515625,149.7978453865875,145.90480442021547,148.78270233564245,88194300
2022-10-27,142.71156311035156,146.90026566861184,142.05122827640076,145.9344043483702,109180200
2022-10-28,153.49380493164062,155.22841546191245,145.68803498734457,146.06254411260886,164762400
2022-10-31,151.12838745117188,152.01541585586838,149.72886978727786,150.95099079346033,97943200
2022-11-01,148.4771728515625,153.2079455809234,146.97910660092256,152.84328689393647,80379300
2022-11-02,142.93826293945312,149.97528368505897,142.90869682596562,146.80172383520585,93604600
2022-11-03,136.87696838378906,140.7404292605941,136.74883853349507,140.01109670781145,97918500
2022-11-04,136.6103973388672,140.84553006556408,132.66154945569053,140.27294531486436,140814800
2022-11-07,137.14352416992188,137.37057876993973,133.935084352566,135.3566724049037,83374600
2022-11-08,137.7161102294922,139.6214226601732,135.73181901039476,138.61447700110722,89908500
2022-11-09,133.14529418945312,136.77824263467366,132.8688760001459,136.72887901579847,74917800
2022-11-10,144.99183654785156,144.99183654785156,137.7160881791185,139.43384265889435,118854000
2022-11-11,147.78565979003906,148.09169315452817,142.523817082341,143.95528678900914,93979700
2022-11-14,146.38381958007812,148.35824392301274,145.54468320886602,147.06499838857653,73374100
2022-11-15,148.1212921142578,151.6258979697989,146.66022247085542,150.2734222564666,89868300
2022-11-16,146.88726806640625,147.95345884286033,145.40645005416332,147.22293159756276,64218300
2022-11-17,148.79258728027344,149.54286294425333,144.28102140876982,144.5574395514813,80389400
2022-11-18,149.35531616210938,150.74728887735557,148.0522039867333,150.36227675012384,74829600
2022-11-21,146.1172332763672,148.44705404870146,145.83094844283528,148.23974797771666,58724100
2022-11-22,148.25950622558594,148.49644255294848,145.05106689456673,146.23573346771818,51804100
2022-11-23,149.13812255859375,149.88839824806996,147.43023497007337,147.53882889151882,58301400
2022-11-25,146.21600341796875,146.97616104993173,145.23865789115922,146.4134428504666,35195900
2022-11-28,142.375732421875,144.7647839323927,141.54647786060335,143.2839657599813,69246000
2022-11-29,139.36471557617188,142.95816663670598,138.55520957308642,142.44481218129837,83763800
2022-11-30,146.13702392578125,146.81820276871952,138.75268072768486,139.59180207766,111380900
2022-12-01,146.41343688964844,147.22295811269422,144.7351791862477,146.31472470924987,71250400
2022-12-02,145.9197998046875,146.1073724903674,143.78741832063093,144.0934666867535,65447400
2022-12-05,144.75489807128906,148.9900308557214,143.90589516228567,145.88031913079033,68826400
2022-12-06,141.08248901367188,145.4163496587564,140.10514358274577,145.18929508684244,64727200
2022-12-07,139.13766479492188,141.536582777895,138.20968308402922,140.37167982245785,69721100
2022-12-08,140.82579040527344,141.6846751168045,139.2956238058851,140.53950554386986,62128300
2022-12-09,140.34207153320312,143.70846830830249,139.0981746838461,140.51976247530513,76097000
2022-12-12,142.6422882080078,142.65215490653637,139.2561427186447,140.87517003337655,70462700
2022-12-13,143.60975646972656,148.05221126240446,142.39548971088675,147.58822033452066,93886200
2022-12-14,141.37863159179688,144.78450984521314,139.35484405860026,143.49126458622354,82291200
2022-12-15,134.75445556640625,139.98668286120417,134.29046466082826,139.3055040822211,98931900
2022-12-16,132.78990173339844,135.8897473019235,132.01987745650547,134.94203206743774,160156900
2022-12-19,130.67727661132812,133.47108899879476,129.64071583228736,133.38224351436207,79592600
2022-12-20,130.60818481445312,131.54603344731098,128.2289996561493,129.70981804392392,77432800
2022-12-21,133.71788024902344,135.06048935091275,131.05241050570748,131.27946507821224,85928000
2022-12-22,130.53904724121094,132.8392531621343,128.63373518479884,132.63194706396897,77852100
2022-12-23,130.1737823486328,130.72661868998517,127.9821703785141,129.24580060550824,63814900
2022-12-27,128.36720275878906,129.72956043211943,127.07395717087711,129.69994527084378,69007800
2022-12-28,124.42820739746094,129.3543934066322,124.26038315698912,128.01178441919723,85438400
2022-12-29,127.95258331298828,128.81145317017226,126.09662695110752,126.35329671918241,75703700
2022-12-30,128.26844787597656,128.28819633379305,125.80042540883515,126.76789648243701,77034200
2023-01-03,123.47061920166016,129.22606012096526,122.58212678977998,128.61399342864948,112117500
2023-01-04,124.7441177368164,127.01470850998557,123.48048749262259,125.26733892869382,89113600
2023-01-05,123.42124938964844,126.13608257581905,123.16457967496471,125.50426745503849,80962700
2023-01-06,127.9624252319336,128.6238555191488,123.29291630250204,124.39859654565812,87754700
2023-01-09,128.4856719970703,131.70399366511808,128.22900222762775,128.8015871566894,70790800
2023-01-10,129.05821228027344,129.5814334016857,126.48158852267441,128.5942214648839,63896200
2023-01-11,131.78294372558594,131.8026771210122,128.7916923794983,129.57158328133335,69458900
2023-01-12,131.70396423339844,132.5430854442494,129.75915527463124,132.16795510561155,71379600
2023-01-13,133.03671264648438,133.194670216135,129.97636381873417,130.34162751784612,57809700
2023-01-17,134.2016143798828,135.53434166770566,132.4147629011091,133.10580835372033,63646600
2023-01-18,133.48092651367188,136.8374409202126,133.30322054005185,135.07033826196124,69672800
2023-01-19,133.5401611328125,134.50762460018578,132.05934324730586,132.36537653345854,58280400
2023-01-20,136.10691833496094,136.25500917828725,132.5036004355903,133.55004278165805,80223600
2023-01-23,139.3054962158203,141.4872415250396,136.136538833656,136.3537266947968,81760300
2023-01-24,140.7073211669922,141.32926952973608,138.50584268721101,138.5157093840139,66435100
2023-01-25,140.0458984375,140.60860145852004,137.03489874919626,139.0883015683729,65799300
2023-01-26,142.1190643310547,142.4053492196724,140.08539469738815,141.33915831562229,54105100
2023-01-27,144.06387329101562,145.34725220094586,141.2503274776649,141.3293062635936,70555800
2023-01-30,141.17132568359375,143.68871946900538,141.02324989890042,143.10626796433064,64015300
2023-01-31,142.44482421875,142.49418783542103,140.46053336332577,140.87516062877287,65874500
2023-02-01,143.5702362060547,144.73515421762997,139.51280928282884,142.1289150988489,77663600
2023-02-02,148.89132690429688,149.24670877710787,146.27520596359832,146.99586653400996,118339000
2023-02-03,152.5242919921875,155.36746808076367,145.9395881196466,146.13702755609475,154357300
2023-02-06,149.78970336914062,151.14219433077403,148.8518547888618,150.61897306818702,69858300
2023-02-07,152.67236328125,153.2449481745533,148.71364771535568,148.71364771535568,83322600
2023-02-08,149.9772491455078,152.60323674930237,149.23684012618935,151.91219134400382,64120100
2023-02-09,148.940673828125,152.35643407265164,148.49643142830433,151.81346444457745,56007100
2023-02-10,149.30650329589844,149.6327824911062,147.53670230127932,147.77400037597405,57450700
2023-02-13,152.11447143554688,152.51983488560623,149.21751602061343,149.2471763928944,62199000
2023-02-14,151.47181701660156,152.03539434579272,149.15821711991074,150.40399819813007,61707600
2023-02-15,153.57777404785156,153.745854522139,151.1554147270533,151.38281594677636,65573800
2023-02-16,151.97601318359375,154.56645229021515,151.62007371891897,151.77825730248676,68167900
2023-02-17,150.82916259765625,151.27408335489702,149.14834246660095,150.6314217151784,59144100
2023-02-21,146.8050537109375,149.59324968756485,146.73585119733022,148.50565230235682,58867200
2023-02-22,147.2301788330078,148.2584401568736,145.49992024311211,147.1906216167105,51011300
2023-02-23,147.71466064453125,148.6440592209031,145.57903837527164,148.3968793904493,48394200
2023-02-24,145.05503845214844,145.52961956815125,144.07620075664735,145.4505202010405,55469600
2023-02-27,146.25137329101562,147.48727255329774,145.7866739614647,146.04375066348234,44998500
2023-02-28,145.7471160888672,147.39827551462352,145.17365708267755,145.39117653628946,50547000
2023-03-01,143.67080688476562,145.56914623363537,143.37418806129784,145.17366452678502,55479000
2023-03-02,144.2640380859375,145.05501655095708,142.27670261816016,142.75129874916755,52238100
2023-03-03,149.3262939453125,149.4053933099208,145.66803508048022,146.3700174255545,70732300
2023-03-06,152.0947265625,154.53686499973716,151.72890516544965,152.05516933291133,87558000
2023-03-07,149.88986206054688,152.29244288057856,149.42516275115915,151.96616367909397,56182000
2023-03-08,151.14553833007812,151.7387760380252,150.11727673451966,151.08621757661572,47204800
2023-03-09,148.89125061035156,152.79668921738386,148.53531102339875,151.82774843104707,53833600
2023-03-10,146.8248291015625,149.23730682187812,145.94486944980744,148.51554589298388,68572400
2023-03-13,148.77259826660156,151.41247705797895,146.03384150790953,146.14260123729179,84457100
2023-03-14,150.8686981201172,151.66955846534526,148.40679633095857,149.57347804705336,73695900
2023-03-15,151.26417541503906,151.52123700910988,148.22879983662045,149.48447760738804,77167900
2023-03-16,154.09193420410156,154.69505367945354,149.9294186304983,150.4435569750594,76161100
2023-03-17,153.25152587890625,154.97190327803574,152.53964661627768,154.31934477284912,98944600
2023-03-20,155.62442016601562,156.03969557063917,152.4110822679711,153.32071734921686,73641400
2023-03-21,157.4832305908203,157.60187209543255,154.77413390443738,155.5453489444009,73938300
2023-03-22,156.0496063232422,160.31098511352207,156.0298277082381,157.50302524945468,75701800
2023-03-23,157.13717651367188,159.7276317574304,155.90127718884906,157.03831361968307,67622100
2023-03-24,158.44227600097656,158.53125712176995,156.06935559319226,157.06795670652497,59196500
2023-03-27,156.4945068359375,158.9564235953307,156.08912825748425,158.13578467553296,52390300
2023-03-28,155.87158203125,156.70211765807048,154.2204227121211,156.18797942940225,45992200
2023-03-29,158.95643615722656,159.23327640666747,157.5524562960156,157.5722198233599,51305700
2023-03-30,160.52847290039062,160.63723263142947,159.45077243888025,159.70783403649028,49501700
2023-03-31,163.03981018066406,163.13868814753852,160.08354906302839,160.60756909681194,68749800
2023-04-03,164.2954864501953,164.4141279400383,162.36748680694973,162.41692578993744,56976200
2023-04-04,163.76161193847656,164.9579540581038,163.24747358574663,164.7206710388915,46278300
2023-04-05,161.91265869140625,163.18811497040738,159.9747774130157,162.88161441725998,51511700
2023-04-06,162.80255126953125,163.0991701273508,160.1725538630794,160.5976959928467,45390100
2023-04-10,160.20220947265625,160.20220947265625,158.27420958419825,159.59909001148102,47716900
2023-04-11,158.986083984375,160.52848384854775,158.6993469072352,160.5186020856557,47644200
2023-04-12,158.2939910888672,160.23187277591592,157.9775936210526,159.40135205289505,50133100
2023-04-13,163.6923828125,163.92968090167284,159.59908506589906,159.8067227797579,68445600
2023-04-14,163.34632873535156,164.44380780578675,161.97200945675792,162.7333124858637,49386500
2023-04-17,163.36610412597656,163.52430285260365,162.17964384959518,163.22768401184308,41516200
2023-04-18,164.59213256835938,165.5215312907478,163.78137535549732,164.2263111895451,49923000
2023-04-19,165.73904418945312,166.26306428456468,163.67260909854727,163.92968580784367,47720200
2023-04-20,164.7700958251953,165.97633480151939,163.69239520940707,164.21641532852104,52456400
2023-04-21,163.15847778320312,164.5723392677561,162.63445771401044,163.18813815793777,58337300
2023-04-24,163.46498107910156,163.73193954278202,162.04122272168698,163.13870186497232,41949600
2023-04-25,161.92259216308594,164.4339329839802,161.883034935673,163.32657200300784,48714100
2023-04-26,161.91265869140625,163.4155161732815,160.9634966614439,161.2205582348382,45498800
2023-04-27,166.51022338867188,166.65852525119462,163.32654598880194,163.32654598880194,64902300
2023-04-28,167.76589965820312,167.93399523157063,165.98621681699632,166.58933625125528,55275900
2023-05-01,167.67691040039062,168.52720964209172,166.7376300382773,167.370409816753,52472900
2023-05-02,166.63876342773438,168.42835824019505,165.65004401355455,168.17128153704527,48425700
2023-05-03,165.56103515625,168.99189215573168,165.2743132122935,167.58791263315675,65136000
2023-05-04,163.9197998046875,165.15569918374248,162.45649916415186,163.02995828643287,81235400
2023-05-05,171.61203002929688,172.33379095243657,168.8337158986843,169.05123536921852,113453200
2023-05-08,171.54281616210938,171.88887398730245,170.1684967974759,170.53431814830344,55962800
2023-05-09,169.83233642578125,171.58235891028352,169.66425593732595,171.09789605728315,45326900
2023-05-10,171.60214233398438,172.06684167430913,169.96086445482297,171.06824047843108,53724500
2023-05-11,171.7899932861328,172.62051394942262,170.22781484613878,171.88887125937896,49514700
2023-05-12,170.85931396484375,172.33453386665053,169.30487018579348,171.89889318697968,45533100
2023-05-15,170.36427307128906,171.49297161869612,169.77021484316816,171.44346424843133,37266700
2023-05-16,170.36427307128906,171.42365827881974,170.09694535788182,170.28506430037106,42110300
2023-05-17,170.97811889648438,171.21573009717264,168.7306172756303,170.00783790944186,57951600
2023-05-18,173.31472778320312,173.50284672542747,170.86921174934298,171.2850464654308,65496700
2023-05-19,173.4236297607422,174.6414324508558,173.20580942819797,174.6414324508558,55809500
2023-05-22,172.47315979003906,172.97811385055638,171.73059450812943,172.25533943207657,43570900
2023-05-23,169.8593292236328,171.66129487805824,169.58210606257185,171.4137731194303,50747300
2023-05-24,170.1365203857422,170.71077257065826,168.8296136019024,169.3939552495186,45143500
2023-05-25,171.27516174316406,172.17612946392208,169.9880455752579,170.70090944955888,56058300
2023-05-26,173.69094848632812,174.0275895351184,171.39395459047836,171.60187949980389,54835000
2023-05-30,175.54244995117188,177.21569960645425,174.81969058140083,175.20582395511747,55964400
2023-05-31,175.492919921875,177.57210865507508,175.00777185545402,175.57212869440465,99625300
2023-06-01,178.3047332763672,178.33443467261304,175.17605527324477,175.9384263611158,68901800
2023-06-02,179.15623474121094,179.97800874169684,177.48298533965166,179.2354435119536,61996900
2023-06-05,177.79983520507812,183.11659785767154,176.27509267968756,180.81960374527281,121946500
2023-06-06,177.43350219726562,178.33446990727649,175.67113339582835,178.18596289670575,64848400
2023-06-07,176.05726623535156,179.41366034455214,175.56222276728346,176.67111530134713,61944600
2023-06-08,178.780029296875,179.0473419280775,175.70085790805388,176.136483528079,50214900
2023-06-09,179.16615295410156,180.42355258623877,178.83942242611607,179.70079329510486,48900000
2023-06-12,181.9680633544922,182.0670780867689,179.17602617310777,179.4730552624109,54274900
2023-06-13,181.49285888671875,182.324528402013,180.63148796784472,180.9879199183322,54929100
2023-06-14,182.12648010253906,182.56212075064622,180.21561965950994,181.5522278943548,57462900
2023-06-15,184.1660919189453,184.67104599748652,181.95820196536692,182.136425495302,65433200
2023-06-16,183.08688354492188,185.1363708565112,182.4433330473612,184.87893857146415,101256200
2023-06-20,183.17601013183594,184.2552165596262,182.58196693246393,182.58196693246393,49799100
2023-06-21,182.1363983154297,183.5720213426237,180.77996894802234,183.06706733943585,49515700
2023-06-22,185.14627075195312,185.19577812392734,181.84927919785179,181.91859254012144,51245300
2023-06-23,184.82945251464844,185.70073399676707,183.17600887110433,183.71066436514266,53117000
2023-06-26,183.4334259033203,186.18586660248252,183.39381396241686,184.9779592329188,48088700
2023-06-27,186.19573974609375,186.52247023555708,183.82943266258093,184.04725298888982,50730800
2023-06-28,187.37396240234375,188.01751290126907,185.7403249158235,186.06704032710473,51216800
2023-06-29,187.71058654785156,188.18583917474905,187.06703605511274,187.2056476277424,46347300
2023-06-30,192.0471954345703,192.55213441538433,189.36405275409535,189.73039525314567,85213200
2023-07-03,190.55213928222656,191.9580609253223,189.85906633761323,191.85904618822673,31458200
2023-07-05,189.433349609375,191.06698713435688,188.7303811843197,189.6709759307026,46920300
2023-07-06,189.90858459472656,190.11650951153766,187.32445692665846,187.95811200082892,45094300
2023-07-07,188.78976440429688,190.76004279032819,188.35413885501103,189.5125387247038,46815000
2023-07-10,186.7403106689453,188.10663557063202,185.18586681905202,187.38386117936162,59922200
2023-07-11,186.21556091308594,187.4234682366511,184.75023641356677,187.28485666382537,46638100
2023-07-12,187.8888397216797,189.79970063942116,186.60172342547762,187.799720397862,60750200
2023-07-13,188.65115356445312,189.2947191217671,187.8986929500458,188.61155673528532,41342300
2023-07-14,188.79969787597656,189.28483085110778,187.75020804300397,188.34425119556795,41616200
2023-07-17,192.0669708251953,192.39370132812152,189.9085734412509,189.9976776399959,50520200
2023-07-18,191.80955505371094,192.4036133115075,190.51254346863507,191.43333225746687,48288200
2023-07-19,193.1659698486328,196.26493172677777,190.74024473686075,191.18579595006162,80507300
2023-07-20,191.21548461914062,194.52237118378105,190.5917250482106,193.1560464503255,59581200
2023-07-21,190.03732299804688,193.03728574359653,189.3343545000906,192.1759147891903,71951700
2023-07-24,190.8392791748047,192.97787083183135,190.3442356490594,191.49274025459553,45377800
2023-07-25,191.7006378173828,192.51251639930572,191.00757994716116,191.4135192381226,37283200
2023-07-26,192.57191467285156,193.70061320853526,191.40361930588426,191.75014067908202,47471900
2023-07-27,191.3046112060547,195.24515323301043,190.6412547294524,194.07685782549473,47460200
2023-07-28,193.88873291015625,194.68080550669023,192.21548351570434,192.74022840055838,48291400
2023-07-31,194.50259399414062,194.54220593555127,193.3243880114047,194.1164606567971,38824100
2023-08-01,193.67092895507812,194.77982161953312,193.3441984148306,194.29468863259882,35175100
2023-08-02,190.67095947265625,193.24517665133837,189.94820018063527,193.10656507331342,50389300
2023-08-03,189.27493286132812,190.46303425792703,188.79969532419432,189.67097673188036,61235200
2023-08-04,180.1859588623047,185.5225277890391,180.11664551288445,183.6809651573304,115956800
2023-08-07,177.07705688476562,181.31462781819698,175.5919264611557,180.32454086912372,97576100
2023-08-08,178.0176239013672,178.48296594319257,175.81962982094473,177.9087137403543,67823000
2023-08-09,176.4236297607422,179.1364588534764,175.25531908050735,179.07705604232612,60378500
2023-08-10,176.2057647705078,178.95820511217872,175.83943745613908,177.7007905335651,54686900
2023-08-11,176.2652587890625,177.0881424893324,175.03590276334816,175.7993034466227,52036700
2023-08-14,177.92095947265625,178.14898275911253,175.78938877461678,176.44373225185288,43675600
2023-08-15,175.92816162109375,177.94075085454938,175.53159812671015,177.34590561297395,43622600
2023-08-16,175.0557403564453,177.00883168990967,174.98633341606396,175.61093536777827,46964900
2023-08-17,172.50778198242188,175.98767489704687,171.99223724872292,175.6208528452633,66062900
2023-08-18,172.9935760498047,173.59834528388794,170.48527458580276,170.82235510894964,61172200
2023-08-21,174.3319854736328,174.61950689363672,172.25000423465377,173.56859991663836,46311900
2023-08-22,175.71006774902344,176.15620551446153,174.73847648439144,175.5415274877659,42038900
2023-08-23,179.5666961669922,179.9930163205811,176.80063007696822,176.98900304288458,52722800
2023-08-24,174.86737060546875,179.54689311295104,174.50053343712446,179.12057292485625,54945800
2023-08-25,177.07823181152344,177.6135940867137,174.3121656551708,175.8587845923081,51449600
2023-08-28,178.6446990966797,179.04126265908485,177.0187642861302,178.5455506421133,43820700
2023-08-29,182.54100036621094,183.314309953617,177.96062586727805,178.15890766159964,53003900
2023-08-30,186.0406951904297,186.23899207960088,183.15566303930453,183.35394480054703,60813900
2023-08-31,186.25880432128906,187.49808420340318,185.87214960318659,186.22906281435257,60794500
2023-09-01,187.83518981933594,188.2912363685708,186.66530168187228,187.86493132785435,45766500
2023-09-05,188.07313537597656,188.35073289401015,186.00106278496517,186.66531506939765,45280000
2023-09-06,181.3413543701172,187.2304149251444,179.91370149278592,186.78426205503195,81755800
2023-09-07,176.0372314453125,176.68166607969957,172.0517029915355,173.6776376395152,112488800
2023-09-08,176.65191650390625,178.69426259870855,176.26526175899272,176.82047189213844,65551300
2023-09-11,177.82180786132812,178.7537488345446,175.81912716109244,178.52572555213936,58953100
2023-09-12,174.78805541992188,178.58521118121962,173.32075212571604,177.95070042200115,90370200
2023-09-13,172.71597290039062,175.77946927367296,172.48793449989455,174.99623588192003,84267900
2023-09-14,174.2328643798828,174.58977763559852,172.09138484558866,172.50778112260195,60895800
2023-09-15,173.50909423828125,174.9863213204115,172.329312484714,174.96648860625493,109259500
2023-09-18,176.4437255859375,177.84163701778533,174.65915940995401,174.9664984209427,67257600
2023-09-19,177.5343017578125,178.08949677364237,175.61093679016653,175.99759154247158,51826900
2023-09-20,173.98500061035156,178.1588871164402,173.89576095445636,177.72265814247962,58436200
2023-09-21,172.43836975097656,174.78805492740332,172.3689779372214,173.0530629204369,63149100
2023-09-22,173.29098510742188,175.56135441857745,172.55734106823024,173.17201907467273,56725400
2023-09-25,174.56993103027344,175.4522977411563,172.65647493916612,172.70604916227998,46172700
2023-09-26,170.48526000976562,173.6974637546494,170.18782981503577,173.32073296072448,64588900
2023-09-27,168.96836853027344,171.55598552227247,167.60021383109716,171.1395892983555,66921800
2023-09-28,169.22616577148438,170.55467030699108,166.18248681585104,167.88773731405627,56294400
2023-09-29,169.74169921875,171.58574835004075,168.87915010499984,170.54475018871184,51861100
2023-10-02,172.25991821289062,172.8052044328195,169.46409530048962,169.75161672914737,52164500
2023-10-03,170.9215087890625,172.14097132417464,169.35507202363982,170.78271002017956,49594600
2023-10-04,172.17068481445312,172.71597100628938,169.50375199905025,169.62271803074952,53020300
2023-10-05,173.4099578857422,173.9453201351637,171.19907169783187,172.29955283135268,48527900
2023-10-06,175.96783447265625,176.46354642551725,171.69478473153458,172.30947784007347,57266700
2023-10-09,177.45498657226562,177.51446959158443,174.2923416030924,175.29367439346143,42390800
2023-10-10,176.86009216308594,178.17868764053543,176.42386326793854,176.57258591560793,43698000
2023-10-11,178.25802612304688,178.30760034526705,176.07689649671707,176.67174177957318,47551100
2023-10-12,179.1602325439453,180.77624333047942,177.50454119898205,178.52572180730996,56743100
2023-10-13,177.31617736816406,180.3697497847248,176.61225971587282,179.8641290223829,51427100
2023-10-16,177.18731689453125,177.54423017672073,174.99626297065927,175.23421020142933,52517000
2023-10-17,175.6307373046875,176.88984988971393,173.30090022346374,175.135025356181,57549400
2023-10-18,174.3319854736328,176.05706860986896,173.60825021874456,174.07422069011992,54764400
2023-10-19,173.95526123046875,176.31484005715805,173.68757251536525,174.53027383635083,59302900
2023-10-20,171.39739990234375,173.91561041088508,171.1594526769345,173.80655315689722,64244000
2023-10-23,171.51634216308594,172.51767489960218,168.4726633962427,169.4442697526279,55980100
2023-10-24,171.95257568359375,172.18059896074934,169.97963653831403,171.56592094062157,43816600
2023-10-25,169.63265991210938,171.57584256593557,169.18650699014253,170.4059694558874,57157000
2023-10-26,165.45872497558594,169.91022348807488,164.24918667380368,168.90887572221487,70625300
2023-10-27,166.77734375,167.5110029440003,165.39926501775972,165.47858075180807,58499100
2023-10-30,168.82957458496094,169.70203248533966,167.42175441803172,167.57047708446643,51131000
2023-10-31,169.30548095703125,169.43435579022267,166.4600837859852,167.89766069037708,44846000
2023-11-01,172.47802734375,172.73579212701503,168.66103905073186,169.5334969755198,56934900
2023-11-02,176.04713439941406,176.2553249292898,173.9552295409817,174.0147125495176,77334800
2023-11-03,175.1350555419922,175.3036109461129,171.86336822029236,172.74573503559924,79829200
2023-11-06,177.6929168701172,177.8911986418375,174.69882732290304,174.86736758526175,63841300
2023-11-07,180.26071166992188,180.87538968418906,177.4351473327296,177.64333789269085,70530000
2023-11-08,181.32154846191406,181.87674352341537,180.03269413889697,180.7861861177323,49340300
2023-11-09,180.84567260742188,182.54099933642837,180.25081209988173,181.3909588846785,53763500
2023-11-10,185.04489135742188,185.2136688107188,182.19576071339824,182.63256439705196,66133400
2023-11-13,183.45652770996094,184.67758150620577,182.87082057942214,184.46911666550656,43627500
2023-11-14,186.07733154296875,186.74245888927783,184.94561983989882,186.33543591459554,60108400
2023-11-15,186.64317321777344,188.12234646111898,186.41484954526325,186.48434792046902,53790500
2023-11-16,188.3308563232422,189.57176909575145,187.2785495679511,188.1918746986356,54412900
2023-11-17,188.3109588623047,188.99594499592382,187.19910609344922,188.86688524673244,50922700
2023-11-20,190.05816650390625,190.51482899547432,188.49958819031184,188.50951003765908,46505100
2023-11-21,189.2540740966797,190.12768147094766,188.36062302598555,190.01848054916417,38134500
2023-11-22,189.91920471191406,191.52742272571234,189.44269847594794,190.09790401781393,39617700
2023-11-24,188.58892822265625,189.51215989530726,187.8741613770549,189.48237920572873,24048300
2023-11-27,188.4102325439453,189.28383984926063,187.52670339120002,188.53929229982836,40552600
2023-11-28,189.0157928466797,189.6908571482296,188.0230628104096,188.40030507150686,38415400
2023-11-29,187.9932861328125,190.693513100917,187.5962001689742,189.51216190888897,43014200
2023-11-30,188.56910705566406,188.9364275469523,186.82190727725418,188.4599061227721,48794400
2023-12-01,189.84971618652344,190.16738195236098,187.85431892352926,188.94632812953898,45704800
2023-12-04,188.0528564453125,188.66835941071503,186.08725507958516,188.59886103241988,43389500
2023-12-05,192.01385498046875,192.9867262414063,188.79740398889692,188.82719982806023,66628400
2023-12-06,190.92185974121094,193.3441084564195,190.71337975554792,193.03636454966008,41089700
2023-12-07,192.85768127441406,193.5823700079149,192.18261692775607,192.22233461466143,47477700
2023-12-08,194.28724670410156,194.56520996629507,192.26206848199266,192.78821431027762,53406400
2023-12-11,191.77561950683594,192.0833786038581,190.02841974664355,191.70613626728084,60943700
2023-12-12,193.29449462890625,193.30441647720014,190.32622602015354,191.6763396332624,52696900
2023-12-13,196.52085876464844,196.56056130389416,193.43346752411227,193.67171305530522,70404200
2023-12-14,196.6697540283203,198.16877097511053,194.733933428728,196.58041195784497,66831600
2023-12-15,196.13369750976562,196.95765018105735,195.56783406915136,196.09397982207716,128538400
2023-12-18,194.46591186523438,195.20053764226134,192.97681661429394,194.66445486912104,55751900
2023-12-19,195.5082550048828,195.5181768519779,194.46588544128923,194.73392679143802,40714100
2023-12-20,193.4136199951172,196.24289187855894,193.4136199951172,195.46856356116558,52242800
2023-12-21,193.26470947265625,195.6472710587259,192.0932950990975,194.67439969704105,46482500
2023-12-22,192.1925506591797,193.98938969071887,191.56712585784612,193.7610508645393,37149600
2023-12-26,191.6465606689453,192.48045036895266,191.42815882163003,192.20248713561688,28919300
2023-12-27,191.74581909179688,192.09328069742187,189.7007974418798,191.09062871652011,48087700
2023-12-28,192.17269897460938,193.24484932489418,191.76567598880632,192.72862541967714,34049900
2023-12-29,191.1303253173828,192.98672576072192,190.33613820624774,192.4903607097449,42672100
2024-01-02,184.29042053222656,187.07006792285642,182.55314280656535,185.78943757371047,82488700
2024-01-03,182.91050720214844,184.5286619910614,182.09646131024977,182.88072651321147,58414500
2024-01-04,180.5875244140625,181.7589385851153,179.56501368920854,180.82576992798064,71983600
2024-01-05,179.86285400390625,181.43136956938284,178.86020193485106,180.66697820637782,62379700
2024-01-08,184.21099853515625,184.2507162227342,180.18051667398524,180.76622380895435,59144500
2024-01-09,183.79403686523438,183.80395871229015,181.40155386113295,182.5829050186709,42841800
2024-01-10,184.83644104003906,185.04490590225782,182.5829392119836,183.0098210810569,46792900
2024-01-11,184.24078369140625,185.69017636593313,182.28510409693843,185.1838742981323,49128400
2024-01-12,184.56837463378906,185.382420570264,183.84368591687618,184.7073562390581,40477800
2024-01-16,182.29502868652344,182.92043833380222,179.61464536328148,180.83571426310817,65603000
2024-01-17,181.35194396972656,181.60012651740652,178.98925641635856,179.95220591318565,47317400
2024-01-18,187.2586669921875,187.76495384502815,184.47901992929332,184.73712427915873,78005800
2024-01-19,190.16737365722656,190.55453778649462,187.4473029046773,187.9535897974558,68903000
2024-01-22,192.48043823242188,193.90997199821769,190.86228332421425,190.90200101096366,60133900
2024-01-23,193.76107788085938,194.32694137960473,192.42090116695806,193.60225255736796,42355600
2024-01-24,193.0860137939453,194.95235131957728,192.9271733347724,193.9993237123997,53631300
2024-01-25,192.75839233398438,194.84313150183985,191.70610090276801,193.80076191791213,54822100
2024-01-26,191.02113342285156,193.34411833566054,190.54462719280716,192.85769025735726,44594000
2024-01-29,190.33615112304688,190.80273551445788,188.20178731814485,190.6141143586287,47145600
2024-01-30,186.6729736328125,190.40564874926815,186.10712531543376,189.55190020112778,55859400
2024-01-31,183.05941772460938,185.73980101543498,183.00979333970113,185.68022448739953,55467800
2024-02-01,185.50157165527344,185.59091374061754,182.4836784167144,182.65244073831812,64885400
2024-02-02,184.49888610839844,185.96812234304272,177.94686171013706,178.55242764739413,102551700
2024-02-05,186.31558227539062,187.87417583998953,184.48896248395178,186.78216664518396,69668800
2024-02-06,187.92381286621094,187.9337347140823,185.4122068995574,185.50154897397763,43490800
2024-02-07,188.0330047607422,189.66108145721643,187.23881768122482,189.2540584961332,53439000
2024-02-08,186.95095825195312,188.1620751580878,185.98800874758206,188.0131716874575,40962000
2024-02-09,187.71633911132812,188.8494950821924,186.87143559627725,187.5175275780052,45155200
2024-02-12,186.02651977539062,187.53739935899367,185.66868027314752,187.288900125969,41781900
2024-02-13,183.9291534423828,185.09214299646604,182.40833961588856,184.654781996159,56529500
2024-02-14,183.0445098876953,184.41623036442274,181.34478380471282,184.20749952407863,54630500
2024-02-15,182.75625610351562,183.3824789542038,180.26132954316023,182.4481195157763,65434500
2024-02-16,181.21556091308594,183.7403213725013,180.57940354414131,182.31889800876044,49752500
2024-02-20,180.47006225585938,181.33483464555084,178.91942962585208,180.69867728023533,53665600
2024-02-21,181.22552490234375,181.79209525720324,179.57548638259638,180.8478012209779,41371400
2024-02-22,183.26321411132812,183.8496838430312,181.36469145049406,182.3785574262725,52292200
2024-02-23,181.42433166503906,183.92919311532802,181.1360640493915,183.8993744195286,45119700
2024-02-26,180.0724639892578,181.66284976948523,179.56551591408572,181.14598235368476,40867400
2024-02-27,181.53366088867188,182.8159102315647,178.482083088638,180.0128468267154,54318900
2024-02-28,180.33091735839844,182.02070906977036,179.0486680197237,181.4143703487687,48953900
2024-02-29,179.66493225097656,181.47401381447335,178.45225486971108,180.18181486443112,136682600
2024-03-01,178.5814971923828,179.44626969271965,176.31518534052842,178.47215692026748,73563100
2024-03-04,174.04885864257812,175.838040881393,172.74670999766127,175.09254322615726,81510100
2024-03-05,169.0987548828125,171.00722719097524,168.60175641192043,169.73491231886675,95132400
2024-03-06,168.104736328125,170.21201988746688,167.6673753032203,170.03309257401145,68587700
2024-03-07,167.98545837402344,169.7050685827557,167.47852546870348,168.13455182641533,71765100
2024-03-08,169.705078125,172.6572499858552,167.92583043526673,167.9854678195768,76267000
2024-03-11,171.71295166015625,173.33317133974063,171.01715691552084,171.90181348381185,60139500
2024-03-12,172.1900634765625,172.98526395951052,169.98338934079592,172.11054191154895,59825400
2024-03-13,170.10269165039062,172.1503228051375,169.73490248954016,171.73284593382695,52488700
2024-03-14,171.96145629882812,173.26358975503445,171.0171623179081,171.87200022180366,72913500
2024-03-15,171.583740234375,171.583740234375,169.26772563447943,170.14244776104985,121752700
2024-03-18,172.67713928222656,176.64319229534289,172.4783429395777,174.51603957790343,75604200
2024-03-19,175.02296447753906,175.54978158656556,171.99127109820583,173.29340452493878,55215200
2024-03-20,177.597412109375,177.597412109375,174.0389016316341,174.66512448913912,53423100
2024-03-21,170.34124755859375,176.42451903095682,169.81443040365232,175.98715795881162,106181300
2024-03-22,171.24578857421875,172.0111704512642,169.0391141931604,170.7289059277682,71160100
2024-03-25,169.82437133789062,170.90782428626645,168.43276661931924,169.54605342761408,54288300
2024-03-26,168.69122314453125,170.39094937582044,168.5619986920605,168.97947557636294,57388400
2024-03-27,172.26959228515625,172.55785986634996,169.08880538680637,169.3870074763491,60273300
2024-03-28,170.45057678222656,171.1960744249358,169.4863986176142,170.71896018041463,65672700
2024-04-01,169.00929260253906,170.22197004043582,168.46259127116116,170.16233265286536,46240500
2024-04-02,167.826416015625,168.32341441545842,167.2200773611407,168.06498070773253,49329500
2024-04-03,168.63156127929688,169.6553768320082,167.56799252573734,167.7767233727702,47691700
2024-04-04,167.8065643310547,170.88794562795422,167.8065643310547,169.2677258236611,53704400
2024-04-05,168.56199645996094,169.36713152382467,167.9357735582051,168.5719309687928,42104800
2024-04-08,167.4387664794922,168.18426411757292,167.23003563445502,168.01528647300387,37425500
2024-04-09,168.6514434814453,169.05898582949538,167.33937552823474,167.68726532493085,42373800
2024-04-10,166.7727813720703,168.07491474927153,166.10680533820357,167.7866623517303,49709300
2024-04-11,173.98919677734375,174.40668878905643,167.15050896636146,167.32942111379162,91070300
2024-04-12,175.49014282226562,177.2892746522008,173.16419388744958,173.21388159504414,101670900
2024-04-15,171.6533203125,175.56967037066977,171.46445848220424,174.30729011068368,73531800
2024-04-16,168.3632049560547,172.71690119832985,167.25986775641732,170.71897282804144,73711200
2024-04-17,166.99148559570312,169.62557141471189,166.99148559570312,168.59182127268286,50901200
2024-04-18,166.0372314453125,167.62763251332663,165.55018268321453,167.02129381245496,43122900
2024-04-19,164.0094757080078,165.40106519259456,163.0950004513954,165.21221853676252,68149400
2024-04-22,164.8444366455078,166.2559103754066,163.78086788564391,164.52636553527142,48116400
2024-04-23,165.8980712890625,166.0471799196536,163.92996173620628,164.3573882766078,49537800
2024-04-24,168.00535583496094,168.2836737462142,165.21222704669103,165.540232667877,48251800
2024-04-25,168.8701171875,169.58579610298705,167.14055728054169,168.51227772975648,50558300
2024-04-26,168.28367614746094,170.31142312512412,168.16438620722982,168.8601961624801,44838400
2024-04-29,172.45846557617188,174.97327656975762,172.06087287514865,172.32924112310414,68169400
2024-04-30,169.3074951171875,173.93952434742974,168.97947431756717,172.2894858404387,65934800
2024-05-01,168.28367614746094,171.6732091751753,168.0948143120181,168.56199406268553,50383100
2024-05-02,171.99127197265625,172.37893013348045,169.8641193422282,171.4743893691613,94214900
2024-05-03,182.27915954589844,185.8774235329829,181.56348055207545,185.52951854505613,163224100
2024-05-06,180.6191864013672,183.0942290168702,179.33692188523904,181.25534382134734,78569700
2024-05-07,181.30502319335938,183.79001537072006,180.23151991986552,182.34872294128857,77305800
2024-05-08,181.6429901123047,181.97101089337855,180.36072568018065,181.75233037266264,45057100
2024-05-09,183.46200561523438,183.55146169147778,181.01676669426374,181.46406224266897,48983000
2024-05-10,182.19793701171875,184.22843448265328,181.28222127480615,184.0393164696827,50759500
2024-05-13,185.41287231445312,186.22906253508128,183.76059590764,184.57678612826817,72044800
2024-05-14,186.55751037597656,187.4234708736874,185.42281765723527,186.63713980034996,52393600
2024-05-15,188.83688354492188,189.76254724660947,186.4978163614719,187.03531124896162,70400000
2024-05-16,188.95631408691406,190.21045865928463,188.7771592552961,189.58338637309936,52845200
2024-05-17,188.9861602783203,189.92178705781208,188.29936976198016,188.62783545187153,41282900
2024-05-20,190.15072631835938,191.02663488992152,188.1301769262196,188.44869465688268,44361300
2024-05-21,191.4546356201172,191.83285642957057,190.03128423275254,190.20049107683238,42309400
2024-05-22,190.01136779785156,191.92244369758092,189.38431073139583,191.37500087150013,34648500
2024-05-23,186.0100860595703,190.11090276702717,185.76124979940406,190.09099161364105,51005900
2024-05-24,189.0956573486328,189.6928704821682,187.16468542966413,187.94106857836448,36327000
2024-05-28,189.10560607910156,192.1015891258543,188.219749617586,190.61851957640835,52280100
2024-05-29,189.40420532226562,191.35508832801628,188.62783738828333,188.7273779696699,53068000
2024-05-30,190.39956665039062,191.2854232244703,189.7426503955058,189.8720349370489,49889100
2024-05-31,191.3551025390625,191.67362027294615,189.02599856414395,190.5488754083416,75158300
2024-06-03,193.12681579589844,194.08235381042343,191.62385010600926,192.00207093054578,50080500
2024-06-04,193.44532775878906,194.41081372828987,192.13146492648488,193.73397115741048,47471400
2024-06-05,194.95823669433594,195.9834409155792,193.96289161058436,194.49042328995185,54156800
2024-06-06,193.57470703125,195.58530834672572,193.2661524862918,194.77908126144504,41181800
2024-06-07,195.97349548339844,196.02326577578603,193.23629646745044,193.7439169991778,53103900
2024-06-10,192.22103881835938,196.3815891899795,191.25555286655262,195.98344204153506,97010200
2024-06-11,206.18572998046875,206.19569315156764,192.72867525564521,192.74857122232135,172373300
2024-06-12,212.07818603515625,219.17498621319098,205.9368934525013,206.40470686074582,198134300
2024-06-13,213.2427520751953,215.74106295368526,210.61504146610727,213.74042465409653,97862700
2024-06-14,211.50088500976562,214.16840257809503,210.31642191496232,212.85455494843214,70122700
2024-06-17,215.6614227294922,217.9308083607288,211.72981259041407,212.37678083551464,93728300
2024-06-18,213.29248046875,217.61228945527094,212.008492058615,216.5771221156608,79943300
2024-06-20,208.70396423339844,213.24275088537271,207.87784112226225,212.93418113045576,86172500
2024-06-21,206.52415466308594,210.90366690915465,206.14591867526494,209.41064929966387,241805100
2024-06-24,207.171142578125,211.70991411236912,205.6283545307824,206.75309943026167,80727000
2024-06-25,208.09681701660156,210.39606187439708,207.63895156671146,208.17643126307132,55549700
2024-06-26,212.25733947753906,213.8598456726642,209.65948819693895,210.51548557795786,66213200
2024-06-27,213.1033935546875,214.73575892320002,211.36153961685812,213.69064352295018,49772700
2024-06-28,209.63955688476562,215.06419922920637,209.3210543856748,214.76559269472423,82542700
2024-07-01,215.7410430908203,216.4974998735104,210.933524598722,211.10273143743845,60402900
2024-07-02,219.2446746826172,219.35416325375095,214.09874221485333,215.1438424446849,58046200
2024-07-03,220.51870727539062,220.51870727539062,218.01043340115498,218.97591935149836,37369800
2024-07-05,225.28640747070312,225.39589603978789,220.61823649717394,220.61823649717394,60412400
2024-07-08,226.759521484375,226.78938062149984,222.21078721739227,226.03290864697604,59085900
2024-07-09,227.61550903320312,228.33215871662,225.3162642938077,226.8690002119573,48076100
2024-07-10,231.89549255371094,231.9950331368443,228.1828596567971,228.23262994836378,62627700
2024-07-11,226.5106964111328,231.30825199534104,224.7190721562944,230.31290687462652,64710600
2024-07-12,229.4668426513672,231.55707334519846,227.61550023869842,227.85438851986095,53046500
2024-07-15,233.3088836669922,236.12571210202407,232.00498402552307,235.37920328245679,62631300
2024-07-16,233.7269287109375,235.17017597600105,231.24851410299036,233.90608352734432,43234300
2024-07-17,227.8145751953125,230.38256719376508,225.5849968618027,228.38191396445072,57345900
2024-07-18,223.13645935058594,229.3673294560276,221.23536173419896,229.20807059344992,66034600
2024-07-19,223.26583862304688,225.74425318618754,222.24063446922685,223.773474302542,49151500
2024-07-22,222.91748046875,226.71969060050867,222.051519961604,225.9532706718539,48201800
2024-07-23,223.96261596679688,225.88364008312746,221.64345984915792,223.3255956520461,39960300
2024-07-24,217.522705078125,223.75357494115906,216.1192800710717,222.9572958470105,61777600
2024-07-25,216.4776153564453,219.8219755631398,213.62096453779796,217.91089956980477,51391200
2024-07-26,216.9454345703125,218.46831142772768,215.0044993866062,217.68198025772855,41601300
2024-07-29,217.22412109375,218.27918447457574,214.74570631572197,215.95008057489312,36311800
2024-07-30,217.78152465820312,219.30440154226625,215.11399172426283,218.16970866418467,41643800
2024-07-31,221.04623413085938,222.77814001369308,219.60298682237814,220.40921389598267,50036300
2024-08-01,217.34353637695312,223.435042960857,216.00977771238428,223.325554402556,62501000
2024-08-02,218.83656311035156,224.54984915998065,216.69657732981517,218.1298614428512,105568600
2024-08-05,208.29586791992188,212.506173331003,195.0876345333798,198.16324716744046,119548600
2024-08-06,206.26535034179688,209.01251239840335,200.13403637997632,204.34434168651262,69660500
2024-08-07,208.84332275390625,212.64553325809877,205.4292810556757,205.9369016050796,63516400
2024-08-08,212.3170623779297,213.2029189157903,207.85792055043288,212.1179963940502,47161100
2024-08-09,215.2334442138672,215.77092392101787,210.98331610147795,211.1127158331721,42201600
2024-08-12,216.76803588867188,218.7410960979999,214.8448035806853,215.31315848368175,38028100
2024-08-13,220.4949493408203,221.11277276612057,218.2428558389481,218.2428558389481,44155300
2024-08-14,220.943359375,222.24876826808693,218.93043078284688,219.7973936824548,41960600
2024-08-15,223.93284606933594,224.56064415441705,221.97970491871703,223.81327127421198,46414000
2024-08-16,225.25819396972656,226.03546056539557,222.86659157853387,223.1356500786779,44340200
2024-08-19,225.09873962402344,225.19839542072495,222.2587166767679,224.92933693390268,40687800
2024-08-20,225.71658325195312,226.3742750764108,224.6602986155859,224.9791850293864,30299000
2024-08-21,225.60696411132812,227.18143154067607,224.26170199000447,225.7265541171402,34765500
2024-08-22,223.74349975585938,227.54015139464096,223.11570169720306,226.9920749311584,43695300
2024-08-23,226.04542541503906,227.42059644239848,223.5442228703079,224.86956599566977,38677300
2024-08-26,226.38421630859375,226.48387210620078,223.10574735994538,225.96568932825608,30602200
2024-08-27,227.23126220703125,228.0483972344343,224.10226151212836,225.208374045966,35934600
2024-08-28,225.69664001464844,229.05483047059747,224.8894645684117,227.1216236092518,38052200
2024-08-29,228.98509216308594,232.10413336375854,228.07829123837303,229.29401907737392,51906300
2024-08-30,228.19786071777344,229.59295072736154,226.68318070354871,229.38369482859366,52990800
2024-09-03,221.98968505859375,228.1978583447122,220.39528345963856,227.74943764667495,50190600
2024-09-04,220.07640075683594,221.00313580397116,216.71819503548093,220.88356101217042,43840200
2024-09-05,221.60104370117188,224.6901757794695,220.744055533832,220.85367082984084,36615400
2024-09-06,220.0465087890625,224.4510243839852,219.00018373655976,223.16553454066073,48423000
2024-09-09,220.13619995117188,220.49493955114087,215.95091475509392,220.04651885251477,67180000
2024-09-10,219.3389892578125,220.70418549359823,215.97082401031443,218.15315521125123,51591000
2024-09-11,221.88006591796875,222.3085524071335,217.126770108234,220.6842723421212,44587100
2024-09-12,221.98968505859375,222.76695165661573,219.0500213655269,221.7206265576352,37455600
2024-09-13,221.72061157226562,223.2552104631355,221.1326819144566,222.79683029802118,36766600
2024-09-16,215.56227111816406,216.45911247240775,213.17066883128115,215.78148650258865,59357400
2024-09-17,216.03060913085938,216.1402244248995,213.74863736172932,214.99425879157621,45519300
2024-09-18,219.91696166992188,221.9298901997397,216.777986478492,216.7879611815548,59894900
2024-09-19,228.0683135986328,229.01499812075548,223.84317512238368,224.20191472936153,66781300
2024-09-20,227.40065002441406,232.27352055331795,226.82267984404155,229.1644542640561,318679900
2024-09-23,225.6767120361328,228.64626930220686,225.01902026418153,226.54365969576136,54146000
2024-09-24,226.5735626220703,228.5466380182851,224.93930782860403,227.8490778167103,43556100
2024-09-25,225.5770721435547,226.49384776666977,223.23531278607823,224.14211370551686,42308700
2024-09-26,226.72303771972656,227.69960067739044,224.62042810744603,226.50380712846774,36636700
2024-09-27,226.99208068847656,228.71603171782343,226.50380681299467,227.6597471643239,34026000
2024-09-30,232.183837890625,232.183837890625,228.84556632808733,229.234199611622,54541900
2024-10-01,225.41761779785156,228.8455550815525,222.95626872131422,228.71602079696683,63285000
2024-10-02,225.98562622070312,226.57355589970402,222.2388023482828,225.09874435066007,32880600
2024-10-03,224.8795166015625,226.01552277761738,222.53775735368686,224.35137431302277,34044200
2024-10-04,226.0055694580078,227.20136306464835,223.3449237414969,227.1017072618697,37245100
2024-10-07,220.91348266601562,224.89947175407843,220.5547430398763,223.71363756752507,39505400
2024-10-08,224.9791717529297,225.1884276449642,222.46799461113406,223.51431968732726,31855700
2024-10-09,228.7359619140625,228.94523301761674,224.0424685900414,224.44106139019914,33591100
2024-10-10,228.23770141601562,228.6960967971132,226.3742566041183,226.98212047614993,28183500
2024-10-11,226.75294494628906,228.60643037956845,226.54367384020586,228.4968150773993,31759200
2024-10-14,230.48980712890625,230.91829362955485,227.79926770980506,227.89890830734765,39882100
2024-10-15,233.03086853027344,236.65811760908664,231.5560417756155,232.79170373632726,64751400
2024-10-16,230.96810913085938,231.3069145139278,229.0349022193022,230.78874694170784,34082200
2024-10-17,231.33682250976562,233.0308799404877,229.71254238803704,232.6123377292532,32993800
2024-10-18,234.17684936523438,235.35270879965356,233.1903116322836,235.35270879965356,46431500
2024-10-21,235.6516571044922,236.02037141360947,233.62876897482323,233.62876897482323,36254500
2024-10-22,235.03382873535156,235.3925683333293,231.7852533575211,233.07072804715946,38846600
2024-10-23,229.95169067382812,234.31635331873264,226.96219904424217,233.26006870913344,52287000
2024-10-24,229.76235961914062,230.0114839114603,227.60992208421712,229.17441473320775,31109500
2024-10-25,230.5994110107422,232.40306843409212,228.76585988907573,228.935262581316,38802300
2024-10-28,232.5824432373047,233.9077863541258,231.73542973016842,232.50273684103132,36087100
2024-10-29,232.85150146484375,233.50919327337175,231.50623935322642,232.28350596136286,35417200
2024-10-30,229.29400634765625,232.65219696606212,228.74592985962587,231.79520878623467,47070900
2024-10-31,225.11868286132812,229.02495000446748,224.5805658660821,228.53666090957242,64370100
2024-11-01,222.1291961669922,224.56065178607977,219.49844414747824,220.1959891516409,65276700
2024-11-04,221.23233032226562,222.0095968952219,218.94039900502227,220.21591416091667,44944500
2024-11-05,222.66729736328125,223.1655459656629,220.36539125313263,221.02308305755813,28111300
2024-11-06,221.93984985351562,225.27812143912794,220.41521040716108,221.83023455712816,54561100
2024-11-07,226.6831817626953,227.081789771112,223.7833864288354,223.8431738287627,42137700
2024-11-08,226.41383361816406,228.10973956989392,225.8651541338214,226.6233197345054,38328800
2024-11-11,223.69039916992188,225.15686291743452,220.96697301971395,224.4585504714927,42005600
2024-11-12,223.69039916992188,225.04712701721013,222.82249764582772,224.00963641496367,40398300
2024-11-13,224.57826232910156,226.10457929193407,222.2239408664857,223.47093284409854,48566200
2024-11-14,227.67080688476562,228.3192366196321,224.45855435577516,224.47851048945301,44923900
2024-11-15,224.4585418701172,226.3739196007606,223.73030286311794,225.8551667084814,47923700
2024-11-18,227.47128295898438,229.18714506333228,224.62813528483125,224.70794459457642,44633700
2024-11-19,227.73065185546875,229.60613257977118,226.11455519341968,226.43377721041003,36211800
2024-11-20,228.44891357421875,229.37666823104936,225.34639715216647,227.51117324017346,35169600
2024-11-21,227.97007751464844,229.60613029336434,225.16684213362325,228.3292117939797,42108300
2024-11-22,229.3168182373047,230.16477882059493,227.51117639639193,227.51117639639193,38168300
2024-11-25,232.30960083007812,232.68869124314412,229.1871434272115,230.9030055193102,90152800
2024-11-26,234.49432373046875,235.00310615337486,232.76849125195545,232.76849125195545,45986200
2024-11-27,234.36465454101562,235.12283541072824,233.24735459247512,233.90577001446655,33498400
2024-11-29,236.75888061523438,237.2377212602243,233.40696565616557,234.24494059041535,28481400
2024-12-02,239.013427734375,240.21053691361496,236.58928278806928,236.69901868412032,48137100
2024-12-03,242.06607055664062,242.1758064568113,238.32509471728144,239.232908507596,38861000
2024-12-04,242.42520141601562,243.5225604021956,240.66944226019712,242.28553892887177,44383900
2024-12-05,242.4551239013672,243.95151419061432,241.54732536132988,243.40284992887905,40033900
2024-12-06,242.25559997558594,244.04130085085734,241.49743440151175,242.32543882662802,36870600
2024-12-09,246.1562042236328,246.64503053466012,241.16823655952678,241.24804586880077,44649200
2024-12-10,247.1737518310547,247.612695417372,244.7495916510093,246.2958646584201,36914800
2024-12-11,245.89682006835938,250.196445491468,245.6673626102133,247.36328368802742,45205800
2024-12-12,247.36329650878906,248.1414182384854,245.08876927344312,246.2958641332418,32777500
2024-12-13,247.5328826904297,248.69007959411312,245.647431564018,247.223631137632,33155300
2024-12-16,250.4358673095703,250.7750606707362,247.05402592958802,247.3932192907539,51694800
2024-12-17,252.8699951171875,253.21915892963332,249.1789022262073,249.47818331943677,51356400
2024-12-18,247.4530792236328,253.66808268004456,247.14382766353577,251.55318925842403,56774100
2024-12-19,249.1888885498047,251.3935770141874,246.49538898335234,246.90440599607692,60882300
2024-12-20,253.87759399414062,254.3863612366688,245.09876750312787,247.44310326755718,147495300
2024-12-23,254.6557159423828,255.03479114956258,252.8400883307868,254.15691915529422,40858800
2024-12-24,257.57867431640625,257.58862955018265,254.67565812568793,254.87518901917565,23234700
2024-12-26,258.39666748046875,259.47408555117545,257.0100282923795,257.56867823862046,27237100
2024-12-27,254.9749298095703,258.0774615569102,252.4510193654514,257.20952960207876,42355300
2024-12-30,251.5930938720703,252.8899685500744,250.14658624824915,251.62302046123375,35557500
