Price,Close,High,Low,Open,Volume
Ticker,JNJ,JNJ,JNJ,JNJ,JNJ
Date,,,,,
2015-01-02,78.01261901855469,78.78140489808659,77.72152760275591,78.40821019121645,5753600
2015-01-05,77.46773529052734,78.16934295659313,77.38563202345591,77.98274565770309,8079300
2015-01-06,77.08708190917969,78.36340686122637,76.83331229398243,77.8782527030278,7428000
2015-01-07,78.78887939453125,78.99040776276681,77.48269767674658,77.55734118764886,7931700
2015-01-08,79.40837860107422,79.48301641231676,78.93068977572204,79.16206869892389,9916000
2015-01-09,78.32609558105469,79.49046107598453,78.1842797906984,79.49046107598453,7364800
2015-01-12,78.0573959350586,78.98291709126633,77.84840783796317,78.49776289758132,6839000
2015-01-13,78.19176483154297,79.36359610702968,77.8036391065092,78.69930991424103,10151100
2015-01-14,77.62451171875,77.94545944690562,77.25878244068903,77.52001763930402,8887700
2015-01-15,76.49744415283203,77.57224665685625,76.09439321382295,76.85571355233975,10834800
2015-01-16,77.65435028076172,78.08725747949168,76.13171529159004,76.17649683128661,14092300
2015-01-20,75.60179901123047,76.1690566697561,74.83301867763016,75.79586189076564,20460000
2015-01-21,76.0571060180664,76.20638166937131,74.93752154977642,75.05694093192012,11702900
2015-01-22,77.44535064697266,77.4975976670115,75.81075635726022,76.42279531821448,9036600
2015-01-23,76.28096771240234,76.85569053823326,76.08691063634002,76.83329977518738,10126000
2015-01-26,76.3257827758789,76.46759289173272,75.54207161640024,75.98244433010233,8962800
2015-01-27,76.19888305664062,76.70642802276124,75.33307440531638,76.00482593319641,10160500
2015-01-28,75.74359893798828,76.82586129190905,75.71374267860091,76.4899883391748,9053200
2015-01-29,76.41535949707031,76.47507202729568,75.1390340596297,75.76600423799543,7569300
2015-01-30,74.7434310913086,76.13171577571987,74.70610934499149,75.81823360685254,10676300
2015-02-02,75.25843811035156,75.2733633914911,74.17617015652723,75.0046627749898,8990700
2015-02-03,76.47506713867188,76.54970494943225,75.47490794658293,75.68389609451198,10005200
2015-02-04,75.65401458740234,76.46757613387466,75.40023928209577,76.2212720100011,9514100
2015-02-05,76.47506713867188,76.54970494943225,75.7286776420682,75.81078094225461,6642200
2015-02-06,75.45997619628906,76.46760086750288,75.25845353984626,76.21383117461195,9215700
2015-02-09,74.47476196289062,75.43013984991366,73.96721674859697,75.43013984991366,9851700
2015-02-10,74.90017700195312,75.16141215950864,74.2135001036645,74.78075765614174,12275500
2015-02-11,74.92256927490234,75.22859167595702,74.60162159075938,74.9822817962544,8177000
2015-02-12,73.47456359863281,75.0419799702007,72.51172073029151,75.01212371523293,25835200
2015-02-13,74.35533142089844,74.39264748290263,73.39248818698185,73.47459149569183,11153600
2015-02-17,74.96735382080078,74.99721008040456,73.98212003187327,74.18364266607468,8627100
2015-02-18,74.60906219482422,75.34052610116946,74.17615510116066,75.16138859686191,7878200
2015-02-19,75.16141510009766,75.26590916720805,74.34785333552391,74.60162301436357,10028200
2015-02-20,75.35681915283203,75.43949714928469,74.49246192996476,75.29668865825562,10085700
2015-02-23,75.29669952392578,75.74014908310963,75.01108823501214,75.71760157797965,6878200
2015-02-24,75.68753814697266,75.95060767144471,75.16141056674964,75.34931409316651,6587200
2015-02-25,76.07083129882812,76.13096177851205,75.28164025681977,75.8678980978426,9684000
2015-02-26,77.26596069335938,77.55157209389013,76.078408594628,76.19866391377049,11437900
2015-02-27,77.04795837402344,77.66428166967187,77.0254108698739,77.44631290562593,8500000
2015-03-02,77.58161926269531,77.72442779683439,77.04797386454575,77.04797386454575,7277600
2015-03-03,76.9201889038086,77.49141726005294,76.52183432416113,77.49141726005294,6419700
2015-03-04,76.40156555175781,76.7548250552888,76.04078830247771,76.7548250552888,8665500
2015-03-05,77.05545806884766,77.57407351882951,76.66462134588865,76.71723409194773,8042300
2015-03-06,75.24407958984375,76.9878238773422,75.0712058430699,76.7322721300713,9287600
2015-03-09,75.6574935913086,75.85290916868871,74.98103961555752,75.31174598808785,5701100
2015-03-10,74.80814361572266,75.49211513667953,74.79311385821546,75.1538853819879,8735700
2015-03-11,73.89871978759766,75.03365901756435,73.82355950239425,75.03365901756435,9138100
2015-03-12,75.03363037109375,75.34178914308698,74.2820163372878,74.37972409731297,8318000
2015-03-13,74.56761932373047,75.19897802387128,74.13919960141897,75.04865179319043,7821800
2015-03-16,75.9581069946289,75.96562474005066,74.96597677026192,74.96597677026192,7726500
2015-03-17,75.0787124633789,75.55222715885489,74.71794100045216,75.24406843986992,7301500
2015-03-18,76.2587661743164,76.46921720558161,74.50750393872153,75.07873226241318,7972500
2015-03-19,76.43163299560547,76.63456626178164,75.8453749662521,75.94308272635766,6863100
2015-03-20,76.96529388427734,77.34110097772171,76.48426126341747,76.5669392827241,12433800
2015-03-23,77.4012222290039,77.67931577489179,76.83751165627702,77.0178974339287,9016000
2015-03-24,76.63456726074219,77.58912030814564,76.61201975691314,77.28847354358487,8390700
2015-03-25,75.41695404052734,77.0404432059456,75.41695404052734,76.55189290703584,8444100
2015-03-26,75.26663970947266,75.77021980828806,74.83070213093359,75.12383118751931,9972400
2015-03-27,75.41695404052734,75.87543908811155,75.27415126468136,75.37185903071918,5847400
2015-03-30,76.32638549804688,76.5593839465907,75.73260989380964,76.0933813151447,6061200
2015-03-31,75.61239624023438,76.28133249793198,75.60487849173161,75.89049559121729,8028000
2015-04-01,74.52252197265625,75.50713438155216,74.11664976415065,75.50713438155216,11368100
2015-04-02,74.89081573486328,75.15387947827404,74.32710525568615,74.74049523415987,6097100
2015-04-06,74.53003692626953,74.83067789817638,73.68822729559704,74.28951497376971,9697600
2015-04-07,75.2365951538086,75.81534141351831,74.73301491645461,74.82321070266406,7900300
2015-04-08,75.28168487548828,75.49964795840015,74.86077700259129,75.04116281419768,7354100
2015-04-09,76.16105651855469,76.40157279609372,75.4094424344502,75.58982820901437,8073900
2015-04-10,76.70974731445312,76.76987782975492,75.86042528967104,76.16107213181849,6786500
2015-04-13,75.57479858398438,76.6496069555273,75.57479858398438,76.31889492294167,10753500
2015-04-14,75.55223083496094,76.25874977457782,75.30420259251525,75.95059104059894,9322200
2015-04-15,75.61239624023438,76.09342892589643,75.40946290555523,75.56730121794166,8237100
2015-04-16,75.00359344482422,75.40194811567231,74.98855794722873,75.36436510604574,7324800
2015-04-17,74.84571838378906,75.04865162680909,74.49245891042146,74.68788014269363,11084200
2015-04-20,75.31925201416016,75.82283210992763,75.19899673405425,75.35683501477119,6668500
2015-04-21,75.38687896728516,75.90548867614369,75.28165347653942,75.65746043901967,6532700
2015-04-22,75.48462677001953,75.76272613420113,75.13136712032897,75.63494734103746,4763900
2015-04-23,75.50713348388672,75.77771495300696,75.09374926976791,75.53719872871775,7351500
2015-04-24,75.97313690185547,76.31136087430218,75.16139248675235,75.2440704772365,6566900
2015-04-27,75.59734344482422,76.36398726203134,75.51466543956971,76.03328097537346,9113900
2015-04-28,75.71760559082031,75.87544386945554,74.64279715923314,75.49963680574479,7484600
2015-04-29,75.45452880859375,75.61988480566912,75.08623955515483,75.54472455273297,8926200
2015-04-30,74.56013488769531,75.27417190011053,74.23694051529645,75.21404138097542,10170600
2015-05-01,75.25912475585938,75.45454604562367,74.87580565801072,74.87580565801072,6255000
2015-05-04,75.42447662353516,75.57480288980263,75.28167383853197,75.40944686408878,5532400
2015-05-05,74.78559875488281,75.37937454869808,74.62776049086006,75.2591135469511,8828000
2015-05-06,74.53755950927734,75.0636927534615,74.15424049541663,74.8757892521871,8030800
2015-05-07,74.90587615966797,75.1614222428,74.34216549284697,74.36471300202199,6401600
2015-05-08,76.26628875732422,76.41660929365737,75.49212709992277,75.52219235406157,7508600
2015-05-11,75.93557739257812,76.409097981656,75.92054763255132,76.15354618631287,5698900
2015-05-12,75.5146484375,75.95058586989825,75.37183996342085,75.82280715049951,6903100
2015-05-13,75.57479858398438,76.01073039542133,75.51466808090328,75.67250635072087,5826800
2015-05-14,76.53685760498047,76.56692285412839,75.8754335924458,75.89046908419974,5454000
2015-05-15,76.89013671875,76.90516647997605,76.41661609188917,76.64962039860342,6023500
2015-05-18,77.73193359375,78.42341723174046,76.90515918012133,76.94274218116117,10479600
2015-05-19,78.1377944946289,78.25805549288201,77.61166696317163,77.91231372444436,7724100
2015-05-20,77.86721801757812,78.52864208201584,77.6492492449212,78.48354133757485,7146500
2015-05-21,77.54165649414062,78.20790368761992,77.48108751724695,77.9126371454827,6875600
2015-05-22,76.7315673828125,77.53409190903656,76.71642802624633,77.42809330837052,6216600
2015-05-26,76.330322265625,76.88300419042558,76.14862107201222,76.64073400688294,7918900
2015-05-27,76.56501770019531,76.7770091589106,76.3151807321614,76.47416999406539,9297900
2015-05-28,76.58016967773438,76.99656851244701,76.32275434295418,76.47417682699464,5700100
2015-05-29,75.81547546386719,76.93597834860796,75.58077791602746,76.88298194179978,9957800
2015-06-01,75.73978424072266,76.16375559093322,75.49751407257713,75.92148542278768,7298100
2015-06-02,75.69436645507812,75.89120701134904,75.02811910715535,75.648936823789,8312400
2015-06-03,75.77764892578125,76.0350642740577,75.58837514293994,75.95178334751333,5375200
2015-06-04,75.12655639648438,76.06535279165242,74.99784582745652,75.66409327501518,8057900
2015-06-05,74.6419906616211,74.99025943245135,74.34672408406277,74.94482980624345,7557300
2015-06-08,74.1650161743164,74.93725621180053,74.1650161743164,74.64955645125025,7054600
2015-06-09,74.35429382324219,74.60413654126668,74.0438878995376,74.52842820203455,7844300
2015-06-10,74.8615493774414,75.36880740281374,74.34672456113275,74.55871600705208,10025100
2015-06-11,75.13410186767578,75.55807897112652,74.82369593911433,75.10381737627387,6175200
2015-06-12,74.46029663085938,75.12654396819985,74.28616800491034,74.86155608111572,8717200
2015-06-15,73.80919647216797,74.09689629441111,73.44579407462932,74.00604280693797,6833500
2015-06-16,74.46786499023438,74.56628526124454,73.51392366870147,73.8167628252712,6049500
2015-06-17,74.74797821044922,75.04324474431269,74.30886180453803,74.48299038800859,6155800
2015-06-18,75.98204040527344,76.12589027665877,74.73283273443208,74.84639811835864,8815800
2015-06-19,75.60348510742188,75.86089455976698,75.54291613880841,75.61862446148785,11653600
2015-06-22,75.77764892578125,76.34547027430517,75.70194056788021,76.1637690601072,5055900
2015-06-23,75.54296875,75.98208541400419,75.31584362378248,75.78523901700598,6046600
2015-06-24,75.20225524902344,75.5656576506687,75.00540891202898,75.33853259368466,7254700
2015-06-25,75.04328918457031,75.69439161307326,75.03571661414247,75.33098332286139,6581100
2015-06-26,75.43692779541016,75.80790264181233,75.14166127616708,75.2779385755235,9041100
2015-06-29,73.95304107666016,75.21738836167358,73.90761722427153,74.93726690370835,11150900
2015-06-30,73.78648376464844,74.53600625580661,73.66535155880787,74.52086689614288,8967900
2015-07-01,74.55116271972656,74.7101520131503,73.92277233892479,74.42245792640892,6726700
2015-07-02,74.52843475341797,74.96754547003461,74.43758127264735,74.83884070440864,6091900
2015-07-06,74.34674072265625,74.57387157599833,73.16567414810355,73.97576571996322,6817800
2015-07-07,74.89185333251953,74.93728297082515,73.83191893217355,74.67229503860531,7122600
2015-07-08,74.02118682861328,74.64200459166977,73.96062360932721,74.51329980844305,6845500
2015-07-09,74.49816131591797,75.36124929470974,74.49816131591797,74.99027430148315,7316400
2015-07-10,75.35367584228516,75.62623054567273,75.02055214343872,75.54294962096112,6969300
2015-07-13,75.91390991210938,76.07290493845014,75.61107654580141,75.74735387111048,6986300
2015-07-14,75.54296875,75.61867712540585,74.61174475776845,75.14928173218235,9890600
2015-07-15,76.0274887084961,76.42118139594646,75.42938288515292,75.52780894510413,7990300
2015-07-16,76.54988098144531,76.73915474397957,76.30003822861767,76.42874300085852,5775000
2015-07-17,75.77006530761719,76.39845551339096,75.67921183260464,76.38331037946745,8054200
2015-07-20,75.9896240234375,76.20160969030565,75.78520514740308,76.08804428986166,5016200
2015-07-21,75.96690368652344,76.32273923335234,75.7624905937579,76.16374998871781,5891600
2015-07-22,75.84577178955078,76.24703118604546,75.50508137491312,76.0199061683457,6721900
2015-07-23,75.86091613769531,76.16375529072766,75.70949944926734,76.08804694651367,5016100
2015-07-24,75.06597900390625,75.67165160757907,74.99027065046928,75.52023490070513,6524200
2015-07-27,74.40731048583984,74.94484734968998,74.13475576949645,74.92970798819428,8734000
2015-07-28,74.9675521850586,75.12654723469288,74.5132962928698,74.8691319042071,7757500
2015-07-29,75.5051040649414,75.74737428899803,74.99027911679886,75.14926840981936,7853500
2015-07-30,75.58837127685547,75.7095092642433,75.2401082273812,75.55809255618567,5517400
2015-07-31,75.86847686767578,76.45144315713726,75.67920314858384,75.96689712218041,6216800
2015-08-03,75.7246322631836,75.86848214808151,75.12653235226004,75.70949290611976,6172500
2015-08-04,75.5580825805664,76.08804676497628,75.44451717642818,76.01991098819919,6005300
2015-08-05,76.1031723022461,76.46658037425475,75.97446756314577,76.14102935547577,4571300
2015-08-06,75.00538635253906,76.16374054567096,74.95996251003987,76.08045965030557,6988000
2015-08-07,74.83882904052734,75.005390841226,74.31643749199824,74.96753378609425,6027900
2015-08-10,75.55052185058594,75.75493498912114,75.29310650912896,75.38396000190977,6133500
2015-08-11,74.95996856689453,75.20980549700253,74.77826162986501,74.99025305639945,6682600
2015-08-12,74.73284912109375,74.74799425623169,73.74862905566302,74.49815151204537,7462400
2015-08-13,74.5587158203125,74.93726330852733,74.3088730918084,74.75555635533729,5048000
2015-08-14,74.80855560302734,74.82370073778766,74.0968902260574,74.44515323525046,5177300
2015-08-17,75.61109924316406,75.61866603626986,74.24075301170461,74.52845288270723,6901800
2015-08-18,75.23251342773438,75.46721097070362,74.96752562301748,75.13408740557952,7618800
2015-08-19,75.18710327148438,75.70192810711814,74.78584384209768,75.08868300003104,7642400
2015-08-20,74.79341125488281,75.8003489307401,74.79341125488281,74.91454344400206,10620400
2015-08-21,72.90145874023438,75.15960290767747,72.86331789350211,74.16785358717544,16141500
2015-08-24,70.8111343383789,72.63443285599867,62.396496028953244,69.48371327734709,25636300
2015-08-25,69.21671295166016,73.00825496701609,68.96495894341027,73.0006302906669,15671100
2015-08-26,72.55815887451172,72.64207688219716,69.77362108766086,70.8798103615308,14738300
2015-08-27,73.40498352050781,73.54230340480929,71.97838282361838,73.31343499085165,11131200
2015-08-28,72.60391235351562,73.45834739410674,72.0012312740401,73.18370776750112,9200300
2015-08-31,71.69610595703125,72.60393731564777,71.39095006473501,72.3826994392421,9083500
2015-09-01,70.25422668457031,70.86453831429742,69.77361020490528,70.40680750218361,14593500
2015-09-02,71.21548461914062,71.30703313433247,70.56703197586774,71.07816475653516,11517400
2015-09-03,70.67384338378906,71.78002708307879,70.38394845124081,71.45199129697606,9027200
2015-09-04,69.65918731689453,70.09403253181038,69.09465275129732,69.86516999890752,10996800
2015-09-08,71.66558837890625,71.69610454957326,70.57466001410917,71.01712993786987,11394100
2015-09-09,70.35340881347656,72.5962974594858,70.20845848536041,72.46660230363082,7384500
2015-09-10,70.73487091064453,71.31466655657117,69.89569652491892,70.26950945830885,8359500
2015-09-11,70.8950424194336,70.94844424142448,70.03298277290577,70.52122966549736,7381300
2015-09-14,71.19258117675781,71.6426873219884,70.57464485944384,70.87217018410338,7948700
2015-09-15,72.0165023803711,72.28351154919784,71.09341021364816,71.55114104883162,7030700
2015-09-16,72.17667388916016,72.33687931500545,71.57399300886941,72.085125437094,5630400
2015-09-17,72.35216522216797,73.3820668293391,71.9554667353811,72.11567222929675,8258000
2015-09-18,71.2459945678711,72.26063536292268,71.13919088632504,71.77238829860813,14211100
2015-09-21,71.04764556884766,72.1690900957931,70.46785579167177,71.61218599135252,7053700
2015-09-22,71.13154602050781,71.2841268350126,70.09401976332703,70.38392040070465,10618700
2015-09-23,70.94082641601562,71.48247522733072,70.61278493081204,71.10866240663557,5609300
2015-09-24,70.55176544189453,70.90269262975312,70.01774125312946,70.5822757883486,7407600
2015-09-25,69.42267608642578,71.0476223434479,69.23958494403121,70.89504736151282,10794400
2015-09-28,69.70494079589844,70.23895901159075,68.58349672258255,69.19380242332205,14332800
2015-09-29,70.97896575927734,71.58927151091912,70.0558737263837,70.36865418727307,11520000
2015-09-30,71.21548461914062,72.06991996650402,70.63568899698815,71.81053541697608,10970100
2015-10-01,71.07816314697266,71.5969264139165,70.00249576455883,71.27651534854768,9675900
2015-10-02,71.65796661376953,71.68848278815541,70.06352996920674,70.29239836691829,8368100
2015-10-05,72.29115295410156,72.33692429841767,71.7723897105167,71.85630772200575,9419200
2015-10-06,71.26888275146484,72.21486656473427,70.62806063960264,72.10805705905958,8365200
2015-10-07,72.458984375,72.79465057927278,71.2841381091356,71.90970499663598,9397300
2015-10-08,72.53527069091797,72.62681337223017,71.56640129769623,72.25300050935657,7090700
2015-10-09,72.75651550292969,73.20661591677234,72.30640926872272,72.5810489796778,8259700
2015-10-12,73.2294921875,73.59568036188071,72.45898081658896,72.52763782533084,8957900
2015-10-13,72.81754302978516,73.4125996253259,71.947852539856,72.31404076631458,12761900
2015-10-14,72.11567687988281,73.20660506435217,71.80289636788545,72.634440054743,8881900
2015-10-15,74.11444091796875,74.26701592333632,72.36742975080233,72.4742334186323,9561900
2015-10-16,74.94598388671875,74.9993857201313,74.30516188576804,74.66371954740808,9495300
2015-10-19,74.71712493896484,74.91547128944943,74.23650259500053,74.80104294123278,8725400
2015-10-20,74.45011138916016,74.95361941257647,74.2365040411764,74.72475107095748,6041800
2015-10-21,74.48062133789062,74.9307274867329,74.05340667759006,74.48825183407119,7059800
2015-10-22,75.93012237548828,76.14372974851904,74.09919288893785,74.64847231693942,9887900
2015-10-23,76.52516174316406,76.96000692212539,75.93011105830787,76.1971202347993,9178900
2015-10-26,76.24290466308594,76.50228336773218,75.89960212883972,76.32682267232185,7561600
2015-10-27,76.4336166381836,76.97526547053872,76.05979798260456,76.22763397974398,8883200
2015-10-28,76.65486145019531,76.65486145019531,75.90722989131075,76.63196995911238,7256300
2015-10-29,77.33381652832031,77.45587535740174,76.38020828089763,76.64721742610341,6340700
2015-10-30,77.07444763183594,77.9059972181973,77.05919245775442,77.45589100787818,10520300
2015-11-02,77.94416046142578,78.07384984966001,76.92951939270131,77.18890398953543,6297900
2015-11-03,77.783935546875,78.04332007918634,77.13548294664301,77.69238703775966,6229200
2015-11-04,77.76869201660156,78.1119887915489,77.57797029266081,77.73817584232724,5592300
2015-11-05,78.06621551513672,78.18827438885887,77.37198566333743,78.00518316809315,6545600
2015-11-06,77.75342559814453,77.75342559814453,76.94476740753393,77.48641636731695,6221100
2015-11-09,76.92948913574219,77.50165413918465,76.70825712299757,77.34907913307869,6625900
2015-11-10,77.39485168457031,77.63135051421582,76.80743149945049,77.0515550052665,5114200
2015-11-11,77.70764923095703,78.089092627606,77.43300951974062,77.64661689060576,6284700
2015-11-12,76.49464416503906,77.51691533377263,76.456503323595,77.15835766609064,6918700
2015-11-13,76.1971206665039,77.00578451749836,76.09031699530223,76.31918533094215,8517500
2015-11-16,77.21939849853516,77.27280033872701,76.31919189218387,76.57857059586885,5755800
2015-11-17,77.43301391601562,77.59321945326018,76.57857856368003,76.57857856368003,5124000
2015-11-18,78.32557678222656,78.42475577913312,77.288050395456,77.45588640219295,7148400
2015-11-19,78.18827056884766,78.33322093090308,77.86022899497173,78.31796575506999,5164500
2015-11-20,78.75697326660156,79.00289643780613,78.54178536143554,78.76465415147575,7671500
2015-11-23,78.97982025146484,79.15658024349773,78.53408862462527,78.68778837687758,6730600
2015-11-24,78.4188232421875,78.99520619890983,78.24206322228692,78.24206322228692,7492400
2015-11-25,78.35735321044922,78.64170429090328,78.35735321044922,78.51873975991614,5400800
2015-11-27,78.67241668701172,78.86454429904707,78.22667921990505,78.6032476977789,2353800
2015-11-30,77.80401611328125,78.75697353531237,77.80401611328125,78.75697353531237,8983700
2015-12-01,78.66473388671875,78.76463813921144,77.71178252493783,78.18057439088072,7545700
2015-12-02,78.426513671875,79.1028009287347,78.38039904614824,78.77234111683568,6623500
2015-12-03,77.45816802978516,78.67241593340184,77.08928043837236,78.59556019870837,12008700
2015-12-04,79.11815643310547,79.15658430477501,77.8347452598148,77.92696863385969,7845400
2015-12-07,79.40250396728516,79.53314934401746,78.84917547374864,78.85686222040047,7262900
2015-12-08,78.71083068847656,79.3410089573479,78.31889462132881,79.14120048270078,8005400
2015-12-09,78.50333404541016,79.41785738211313,78.13444649465735,78.4956473001342,7947000
2015-12-10,78.87991333007812,79.41786830803024,78.23436735653559,78.61862258743554,6479300
2015-12-11,78.14215087890625,78.67242502054035,77.95002324651941,78.67242502054035,7796500
2015-12-14,78.50333404541016,78.61092502619874,77.45047274681475,78.11907886737414,10641500
2015-12-15,80.02500915527344,80.45537909167801,78.88761671534238,78.88761671534238,9283200
2015-12-16,80.88571166992188,81.07015250612388,79.55618622843087,80.41691990282095,8178800
2015-12-17,79.6484375,80.89342677316527,79.64075075234359,80.81657688641272,8740800
2015-12-18,78.34963989257812,79.2180604741909,78.34963989257812,79.2180604741909,14966000
2015-12-21,78.06529998779297,79.09510126968264,77.50428472864877,78.64936376113191,8321900
2015-12-22,78.93373107910156,79.06437648725148,77.73485629698008,78.31892605431132,5581600
2015-12-23,79.53314971923828,79.67148184327503,78.95676684629679,79.24111784105838,5531700
2015-12-24,79.70992279052734,79.85594168520781,79.1642809515513,79.24881758917992,2546300
2015-12-28,79.3256607055664,79.5177883449954,79.10279194023634,79.29491957966533,4063000
2015-12-29,79.9481430053711,80.07110749455504,79.41786890648703,79.41786890648703,4230000
2015-12-30,79.75601196289062,80.18637593001087,79.56388435424489,80.00962181348761,3847800
2015-12-31,78.94139099121094,79.63305153932991,78.9183366168185,79.44092393503404,4592600
2016-01-04,77.21993255615234,78.24204699804227,76.42836186791284,78.16519712573566,12722800
2016-01-05,77.54271697998047,77.95771338759626,77.28910708700356,77.29679383434929,6467200
2016-01-06,77.1507568359375,77.59649426500569,76.5436329301244,76.71270615241019,7733800
2016-01-07,76.25161743164062,76.92021785521464,75.990320796691,76.32078056651925,9433100
2016-01-08,75.43699645996094,76.80494426561475,75.19875420857164,76.75882964677842,9766700
2016-01-11,74.98356628417969,75.79818550570766,73.83848732619363,75.49846689162588,8151400
2016-01-12,75.49848175048828,75.79820042355772,74.7299711296393,75.30635409527603,6745000
2016-01-13,74.5608901977539,76.0671760196052,74.42255806567654,75.69060163250731,8290700
2016-01-14,75.99801635742188,76.44375393367716,74.54553172382347,74.62238161480211,10164300
2016-01-15,74.54549407958984,75.31400432783303,73.96911139340745,74.06133473397307,12662200
2016-01-19,74.9297866821289,75.62913417219876,74.46868147520074,75.26024648869374,12457800
2016-01-20,73.58488464355469,74.76070483863919,72.64730084104362,73.86154890866517,12685200
2016-01-21,73.73090362548828,74.26885866213216,72.45517330534686,73.60025237664321,11266400
2016-01-22,74.3533935546875,74.61468431973488,73.73858278722187,74.5608888173269,8380000
2016-01-25,74.08440399169922,75.075783114758,73.8077397776703,74.33032708602836,9350200
2016-01-26,77.75788116455078,77.8808397775288,74.65309849854222,74.74532185572744,17266600
2016-01-27,78.51103973388672,79.44861766936835,77.22762267349843,77.22762267349843,19330500
2016-01-28,78.59557342529297,79.18732984770892,78.27280039303173,78.77233343625718,12789500
2016-01-29,80.26323699951172,80.50147337382279,78.87222903342752,79.07204340141696,15614600
2016-02-01,80.2094497680664,80.5322227981342,79.32566144579194,79.62538009703636,9803700
2016-02-02,79.4716567993164,80.12488941340678,79.15656474663565,79.38712019314687,10616300
2016-02-03,80.03267669677734,80.21711756053342,78.39575157149481,79.65610822315513,10168600
2016-02-04,79.84825897216797,79.99427201095605,78.94910290461355,79.625390176546,10389000
2016-02-05,77.26605987548828,78.97983530653173,76.68199015170919,78.89530453096857,15522200
2016-02-08,78.3880386352539,79.54849065284361,77.02009144817325,77.08925455024777,14323800
2016-02-09,78.36502075195312,78.57251601804674,77.59651021146249,77.85780098085965,10044500
2016-02-10,78.18057250976562,79.08741509677172,77.90390827215226,78.42649562505865,9833100
2016-02-11,78.15751647949219,78.4034396080286,76.83568332815258,77.20456508932229,12465800
2016-02-12,78.24974060058594,78.37270509766635,77.40438020460283,78.24974060058594,9035000
2016-02-16,78.63397979736328,79.19499493997795,78.11907926336943,78.67240766066917,10452800
2016-02-17,78.7723388671875,79.34103508656163,78.56484357879111,78.96446652296113,8904000
2016-02-18,80.10952758789062,80.44767406180594,78.77232104791463,79.02593090335111,10744600
2016-02-19,80.62818145751953,81.03070048805323,80.02439405307575,80.17921360771345,9343300
2016-02-22,81.08489227294922,81.08489227294922,80.54303855323933,80.6281878385884,6947000
2016-02-23,80.56623077392578,81.1158267489696,80.47333906750242,81.0074560443559,6629200
2016-02-24,81.24744415283203,81.34033588812315,79.7070264536022,79.99343230233241,9076100
2016-02-25,82.34662628173828,82.35436873516426,81.10035703942796,81.23969167228755,8092500
2016-02-26,81.88219451904297,82.7646453873734,81.6035252021215,82.68723855617581,9049400
2016-02-29,81.44094848632812,82.20728596115401,81.30935631599905,81.49513384503781,10111100
2016-03-01,82.9968490600586,83.0123280597545,81.61898776244219,81.97506381305847,8298500
2016-03-02,82.85750579833984,83.14391746181242,82.38531662908636,82.7568775464086,9767000
2016-03-03,82.55563354492188,82.82656036496333,81.76606863421621,82.6872257281189,6927200
2016-03-04,82.43953704833984,82.81109812371312,82.10668234327565,82.44727950355424,6715700
2016-03-07,82.62528991699219,82.76462454035688,81.65769000633773,82.05247242349787,6973500
2016-03-08,82.22276306152344,82.64850343789509,82.02924309796525,82.4549834743369,7632900
2016-03-09,82.70270538330078,82.84204002124645,82.12214537615411,82.70270538330078,7564200
2016-03-10,82.93492126464844,83.19811150561448,82.10665599538413,82.81880809674463,10474700
2016-03-11,83.37617492675781,83.59291643079985,82.98913483932188,83.21361879872629,7763800
2016-03-14,83.33745574951172,83.8328664777329,83.0665230245293,83.53871229764039,7242800
2016-03-15,83.41487121582031,83.87157562902861,82.64079113450808,83.30650047689758,8476600
2016-03-16,83.14392852783203,83.43033432366329,82.7336612020608,83.39163387042834,7065100
2016-03-17,82.62528991699219,83.29099912798334,82.40080602902901,83.1903708633493,8571100
2016-03-18,83.2136001586914,83.47678452442769,82.33114942946948,82.81881770432527,14758300
2016-03-21,83.04330444335938,83.40712300137312,82.47822933025193,83.14393862666816,7674700
2016-03-22,83.12071228027344,83.31423228960094,82.86527035634026,83.04330545769484,7821700
2016-03-23,83.98768615722656,84.24313399333653,82.98137972114849,83.05104999725218,8191300
2016-03-24,83.84060668945312,84.07283306222591,83.40712375975669,83.77094232107848,6284500
2016-03-28,83.77867126464844,84.29730338700797,83.64707319155934,83.9180058846902,4738100
2016-03-29,84.48307800292969,84.56822726256569,83.39936498500323,83.83285373563031,6612800
2016-03-30,84.35923767089844,84.80819956480977,84.32053131012056,84.72305029570764,5248200
2016-03-31,83.7554702758789,84.35925775666229,83.63162052227202,84.26636601213494,8167700
2016-04-01,84.52178192138672,84.59918872634279,83.36066212976372,83.60062499685574,9043200
2016-04-04,84.05731964111328,84.45210197860763,83.80187780462633,84.23536058728052,10668900
2016-04-05,84.33600616455078,85.02493683104264,83.60837504494528,83.77867357477673,7939000
2016-04-06,84.69983673095703,84.76176455166534,83.50775275825129,84.15798306416444,6828700
2016-04-07,84.58373260498047,84.85466537316368,84.08832179776499,84.37473356990253,7822900
2016-04-08,84.45215606689453,84.87016012035195,84.18897161051233,84.66116104650513,6301600
2016-04-11,84.35150909423828,84.85466233831687,84.10380369948979,84.49084374789447,6823900
2016-04-12,84.83917236328125,85.33458312319654,84.18120550143395,84.37472551408092,8412300
2016-04-13,85.04814910888672,85.41970410285109,84.6146604082481,85.14877735605204,5758300
2016-04-14,85.02494049072266,85.37328001830616,84.72304977694048,85.14879611984429,4457100
2016-04-15,85.28814697265625,85.45844554221081,84.7617722602888,85.20299768787898,10057900
2016-04-18,85.86869049072266,86.00028266698693,84.89334808419628,85.14879588924676,7772500
2016-04-19,87.22332763671875,88.20640655929333,86.29443407356544,86.42602624562261,10526400
2016-04-20,87.92001342773438,88.39220273032666,87.50975194647664,87.61812268093107,8213400
2016-04-21,87.91224670410156,88.03610231257842,87.2929804732382,87.7109842932069,7884500
2016-04-22,87.71875762939453,88.05161231216773,87.33946002997101,87.80390691376181,7508700
2016-04-25,87.86579895019531,87.89676285060412,87.06849770838906,87.71097944815129,6139900
2016-04-26,87.40138244628906,87.90452976089188,87.20011997699063,87.81938048179494,5853600
2016-04-27,87.29297637939453,87.62583092936538,87.05301353142492,87.4400534311231,5759300
2016-04-28,87.06854248046875,87.2465776171678,86.41831204904494,86.77438822820622,6640000
2016-04-29,86.75889587402344,86.86726661162606,86.31767046928064,86.7434109653589,7774500
2016-05-02,87.27752685546875,87.3084907665923,86.64278144184128,86.86726536816543,5178800
2016-05-03,87.23106384277344,87.548433523581,86.7898385460092,87.13042967836843,7554500
2016-05-04,86.86724090576172,87.1149462192325,86.46471608027137,86.72790629782438,5214600
2016-05-05,87.37815856933594,87.5484571343234,86.72793412748828,86.75889803982804,5404300
2016-05-06,87.26978302001953,87.50975185098855,86.91370690637756,87.14593328324767,6099900
2016-05-09,88.02838897705078,88.23738800328383,87.2620513398464,87.4555713627802,6512700
2016-05-10,88.76374053955078,89.01918832342672,88.18318061570234,88.24510842496214,8356400
2016-05-11,88.53153228759766,88.8334230170515,88.48508347138508,88.6863459262749,6680700
2016-05-12,88.42316436767578,88.83342583838588,87.88904725748085,88.63216337710399,7156300
2016-05-13,87.90452575683594,88.31478722519986,87.74971211412718,88.16771603635512,6779900
2016-05-16,88.58572387695312,88.7327950723032,87.71100963024826,87.77293745237576,6222900
2016-05-17,88.1135025024414,88.67857743286925,87.65679236265778,88.66309843585151,9233900
2016-05-18,87.92774963378906,88.2683467440411,87.37815350954915,87.94323454194347,8267900
2016-05-19,87.35491943359375,87.50199651100316,86.85176629497953,87.46329015197082,8232200
2016-05-20,87.81491088867188,88.0331998445146,87.12885903489074,87.47188198781733,7435200
2016-05-23,87.44068145751953,87.9552187344057,87.34712652175546,87.91623602418905,6462300
2016-05-24,87.85386657714844,88.48534599767213,87.72132893937125,87.72132893937125,6125300
2016-05-25,88.368408203125,88.66466252209813,87.97860489746682,88.23587650670356,5453800
2016-05-26,88.01759338378906,88.34502675452902,87.97861067149425,88.18131006915904,3973600
2016-05-27,88.142333984375,88.360622914615,87.85388330424097,88.12674446704096,4647000
2016-05-31,87.85386657714844,88.58669271086539,87.56541000400836,88.29824208565142,10104700
2016-06-01,87.92402648925781,88.14231537340682,87.37050654790113,87.8538647541782,4748900
2016-06-02,89.25717163085938,89.3819115609575,87.98641481960262,87.99421255221556,7310800
2016-06-03,89.46766662597656,89.95881670609917,88.9687188134284,89.24157996905207,6881700
2016-06-06,90.25504302978516,90.434355144141,89.6001764165043,89.63136139064991,6349400
2016-06-07,90.223876953125,90.61368026400393,90.00558210277454,90.44216585554896,6417400
2016-06-08,90.27845001220703,90.3953862482091,89.97440390274855,90.06015515984122,5863800
2016-06-09,91.21398162841797,91.3621088010657,90.1303288182393,90.26286052643624,7375500
2016-06-10,91.2217788696289,91.39329329010266,90.71503334039105,91.01128173616496,6067400
2016-06-13,91.05026245117188,91.71292692197531,91.05026245117188,91.31532586032253,7940900
2016-06-14,91.30754852294922,91.35432302657019,90.66827119910924,90.78520745816165,6378400
2016-06-15,90.75401306152344,91.79088538651335,90.69943488596567,91.71292591102997,6371400
2016-06-16,90.93331909179688,91.12822075410746,89.8262790773751,90.19269515418729,6664300
2016-06-17,90.02896881103516,90.95669657949355,89.66255277354125,90.91771981996986,10702200
2016-06-20,90.85536193847656,91.32312475039141,90.76960472903404,90.90213643528999,5588200
2016-06-21,90.57470703125,91.33092648515223,90.57470703125,91.20618655761379,5493500
2016-06-22,90.7929916381836,91.37769663787405,90.67604944866014,90.85536159898635,5833800
2016-06-23,91.51022338867188,91.51022338867188,90.96450113101383,91.36989395842745,6775900
2016-06-24,90.14591979980469,91.30753805526189,89.65476972430787,89.70934195491863,13939500
2016-06-27,90.86315155029297,90.93331328924286,89.65475894190546,89.65475894190546,10877400
2016-06-28,92.1728744506836,92.28201887932985,90.86313535900322,91.34648755788658,10089600
2016-06-29,93.03046417236328,93.09283413267045,92.0715453634027,92.648452626427,8341500
2016-06-30,94.56629180908203,94.65204901894167,92.89793400478419,92.91352352115554,11559900
2016-07-01,94.55847930908203,94.75338094688261,94.16867603348086,94.56627704001332,7051400
2016-07-05,95.32251739501953,96.07094513031325,94.59748285914496,94.61307832542438,9334100
2016-07-06,95.6109619140625,95.6265573783637,94.75339576322969,95.05744188990744,9332400
2016-07-07,95.50960540771484,95.743483816942,95.11980211107662,95.57196941475299,6058700
2016-07-08,95.77467346191406,95.96957511973152,95.08082403591804,95.89161564618985,6129900
2016-07-11,95.83707427978516,96.2424672414957,95.43168131807461,95.6655598140093,6711600
2016-07-12,95.82925415039062,96.04754307475395,95.58757797669226,95.61876295844803,6415900
2016-07-13,95.8916244506836,96.20346832140945,95.34590213785869,95.64215054368833,5230800
2016-07-14,96.03194427490234,96.46852208142712,95.8214531033069,95.8760253291225,5322700
2016-07-15,95.8916244506836,96.90511554356085,95.66553779310553,96.49191899479099,7192800
2016-07-18,96.00076293945312,96.06313289930264,95.45504066058662,95.89161848367982,6599200
2016-07-19,97.6457290649414,98.03553237458189,96.15667756711005,97.27931300221111,11325700
2016-07-20,97.5599594116211,98.28499371294977,97.48199994922649,98.10568159630904,7334600
2016-07-21,97.56776428222656,98.02772930756286,97.36506490682653,97.61453877350114,5492600
2016-07-22,97.47423553466797,97.7237094683547,97.1779870971424,97.54440323835398,5839200
2016-07-25,97.36507415771484,97.55217808851646,96.78036916952394,97.50540359279773,4880600
2016-07-26,97.56776428222656,97.87960810255136,97.25592046190177,97.47420935175128,5589900
2016-07-27,97.27152252197266,97.63014682775184,96.93629141277405,97.52879415301676,4812600
2016-07-28,97.02986145019531,97.45084983523488,96.99088467901794,97.43526031634948,4320400
2016-07-29,97.630126953125,97.70028868480311,96.93627167939577,96.93627167939577,7020900
2016-08-01,97.76266479492188,98.00434092761148,97.52878044540374,97.692497110896,4615100
2016-08-02,97.33389282226562,98.1524822155529,97.04544215729783,97.95758054552516,7158700
2016-08-03,96.59326171875,97.45082781392726,96.42954504177379,97.45082781392726,5310600
2016-08-04,96.56208801269531,96.97527861919373,96.39057358405208,96.85833642257997,4728200
2016-08-05,96.85832214355469,96.96746659152336,96.48411430706965,96.96746659152336,5146900
2016-08-08,96.39836120605469,96.78816452193203,96.07092784822008,96.67122233758352,5232500
2016-08-09,96.22686004638672,96.67123564976288,96.14890056206109,96.60107389824805,3941500
2016-08-10,96.17227935791016,96.49971273204902,96.07872441618754,96.35158556130325,4333500
2016-08-11,96.4919204711914,96.78037709691368,96.25804202551383,96.55429043587631,4052000
2016-08-12,96.06314086914062,96.49192099584451,95.85264372416634,96.25804254889528,4234800
2016-08-15,95.35369110107422,96.10211279991586,95.33030385234899,95.98517655628977,6469500
2016-08-16,93.8100814819336,95.36149724615171,93.59958432898254,95.19778054270505,11289100
2016-08-17,94.57408905029297,94.58968451549107,93.43586395584789,93.9426095120961,10442800
2016-08-18,94.1141128540039,94.63644786598601,93.47483565852207,94.4649334565766,8728000
2016-08-19,94.1141128540039,94.16904913885233,93.64322955707365,94.10626909017269,7798300
2016-08-22,93.49411010742188,94.09841520179292,93.3528445257928,94.09841520179292,6544900
2016-08-23,93.73741149902344,94.14550877223924,93.40778779217304,93.9179138743974,5603200
2016-08-24,93.16450500488281,93.87083300849505,93.09387519832484,93.76881018093138,6303900
2016-08-25,93.05463409423828,93.55691046412572,92.86628195243215,93.28222900990707,5566000
2016-08-26,93.42350006103516,93.97286300150786,93.04678976784888,93.26653494403796,6482700
2016-08-29,94.1141128540039,94.27892170854919,93.43917793294835,93.62753604180523,5074900
2016-08-30,93.76094818115234,94.70271473787838,93.59613933310558,94.70271473787838,3820500
2016-08-31,93.65892791748047,93.87867905584827,93.39994598271514,93.81589301631462,5693100
2016-09-01,93.45490264892578,93.69819112066166,93.0781923171857,93.54123197520772,4551800
2016-09-02,93.64324188232422,94.02779592687794,93.31362412984961,93.67463490459896,5806400
2016-09-06,93.98070526123047,94.15336388235791,93.67463079199781,94.0042485300012,5280700
2016-09-07,93.8708267211914,94.13765840045826,93.73741088155798,94.05132909537637,4753800
2016-09-08,93.76094818115234,94.03562959456363,93.50196028239067,93.6824686326928,4833000
2016-09-09,92.78778839111328,93.5176595665357,92.74854562317216,93.41563076493108,7957300
2016-09-12,93.51766967773438,93.7452585960616,92.12070722190671,92.41893792025039,7239800
2016-09-13,92.30122375488281,93.25868999983612,92.20704468587519,92.93691600476527,7957900
2016-09-14,92.49742126464844,92.8662817829001,92.18349703714021,92.48957151236891,6124900
2016-09-15,93.1017074584961,93.34500184432538,92.07361159492626,92.45816557641633,5812100
2016-09-16,92.8034896850586,93.5019679021998,92.70146686250754,93.0075413177669,12408800
2016-09-19,92.34046173095703,93.12526930240787,92.32476222646832,92.88982463592998,5457600
2016-09-20,92.56805419921875,92.79564912216003,92.36400853391153,92.74071282956088,5187700
2016-09-21,93.32147979736328,93.39210961125313,92.32477073668738,92.56805919022864,6337300
2016-09-22,93.75309753417969,94.0513222105186,93.50195938894541,93.58828868770772,5340500
2016-09-23,93.24297332763672,93.86297194567386,93.16449377838264,93.71386259837284,4773000
2016-09-26,92.43464660644531,93.10958168305484,92.26198796066976,93.1017319298085,5998900
2016-09-27,93.56476593017578,93.56476593017578,92.38755449368661,92.91337416495942,5349500
2016-09-28,93.69817352294922,93.80019634957233,93.24298370397261,93.43134182827039,5076100
2016-09-29,92.03435516357422,93.60396986124832,91.85385282640044,93.29789547421026,6190200
2016-09-30,92.70931243896484,93.09387244420299,92.12855653655674,92.43463099779927,7941100
2016-10-03,93.24297332763672,93.3999384137507,92.1599411776764,92.60728119479108,6098600
2016-10-04,93.25082397460938,93.76879978235246,92.82702721943937,93.26651748956863,5733900
2016-10-05,93.5333480834961,93.73739968819676,93.07815834516592,93.56474109865046,5778700
2016-10-06,93.1958999633789,93.27437952372146,92.54450823608295,92.99969806871916,4448500
2016-10-07,93.58045959472656,93.83944754818562,93.14881899323515,93.52552330044195,4799300
2016-10-10,94.01993560791016,94.33385380017239,93.66676866020657,93.79234072719603,3657000
2016-10-11,92.32477569580078,93.88654131430529,91.8695858009257,93.71388865298722,6394200
2016-10-12,92.583740234375,92.94475096001862,92.21487975732873,92.57589048297237,4685200
2016-10-13,92.81132507324219,93.54903995983827,92.04221118443593,92.246262785565,7387400
2016-10-14,92.26195526123047,93.23512074021885,92.26195526123047,92.99967612713338,5640500
2016-10-17,92.99183654785156,93.03892906818265,92.21487881985647,92.21487881985647,6956400
2016-10-18,90.57463073730469,92.98398937086337,90.37842887467743,92.12069638521884,12598300
2016-10-19,89.93108367919922,90.95133576897251,89.82906086526418,90.70019762208142,7400900
2016-10-20,90.15082550048828,90.80221107244961,89.9310744054644,90.11943248691344,6973000
2016-10-21,89.0285873413086,89.65642990830169,88.67542028399288,89.5544070629123,8422000
2016-10-24,89.1619873046875,89.61717712617653,89.0285714566117,89.41312548419756,6141900
2016-10-25,89.43665313720703,89.59361821424856,88.75386852418858,89.18551500154601,5595000
2016-10-26,89.90753173828125,90.42550748429268,89.15411737030519,89.18551038408818,6429200
2016-10-27,90.80223083496094,91.46932204030539,90.08805908041512,90.2371744304483,7548700
2016-10-28,90.5118408203125,90.96703055910064,89.91538550699032,90.8963947780309,8813300
2016-10-31,91.02981567382812,91.21817377543867,89.86045423412328,90.47260309534319,8552500
2016-11-01,90.51969146728516,90.99058074327935,89.96247887747163,90.06450768148645,7591900
2016-11-02,90.14297485351562,90.84930268291072,90.11943159046997,90.66094460333532,6591300
2016-11-03,90.27642059326172,90.59819459515822,90.05667541518949,90.15869825140673,6227100
2016-11-04,90.33919525146484,90.9905869383482,90.28425896387265,90.28425896387265,7160600
2016-11-07,91.55565643310547,91.60274297252771,90.91210846043224,90.95135123502193,6398200
2016-11-08,91.86174011230469,92.26983746590761,91.40655022695759,91.41439998018285,6675300
2016-11-09,94.42019653320312,96.13892702212252,92.68577252748007,94.17690810330369,16220000
2016-11-10,93.81588745117188,95.04018521142164,93.40778420601801,94.78119730441314,11904500
2016-11-11,92.97613525390625,93.77663618128955,92.70929761970824,93.77663618128955,8134800
2016-11-14,91.508544921875,93.38423419608574,91.43006537658358,93.06246626410929,10054900
2016-11-15,91.288818359375,91.57919932235484,90.89641456553525,91.35160440341497,7446700
2016-11-16,91.32017517089844,91.64979278999743,91.10043009149909,91.54776999959184,6594800
2016-11-17,91.4850082397461,91.57133754206002,91.13184726672067,91.57133754206002,5730300
2016-11-18,91.16101837158203,91.60354565536244,90.7263890543105,91.5008178299083,7717800
2016-11-21,90.87652587890625,91.4138829687408,90.71848215853554,91.22422929849962,5843300
2016-11-22,89.09061431884766,90.87653752705968,88.7192048964912,90.55254002109521,11649700
2016-11-23,89.35139465332031,89.63587821834885,88.15814447939411,88.70340565052919,7892600
2016-11-25,90.18901824951172,90.26804613448577,89.59634528609317,89.77019698666626,3433300
2016-11-28,89.3987808227539,90.18111341574813,89.33556696016282,89.92033588475006,9065700
2016-11-29,88.88516235351562,89.62007723302584,88.64018670769056,89.25656576231542,7799600
2016-11-30,87.95269012451172,88.91676663258114,87.95269012451172,88.65599505157763,11178500
2016-12-01,88.0158920288086,88.14233183304373,87.71560653722268,88.00009006777005,8143300
2016-12-02,88.47422790527344,88.92465916034844,88.06331059654853,88.28457422655285,6167700
2016-12-05,88.45844268798828,88.83775011722672,88.29249493407362,88.82194815308465,5451600
2016-12-06,88.55325317382812,89.45411571861591,88.38730544494427,88.69549494558315,6530400
2016-12-07,87.79460906982422,88.41889190057225,86.38799971681388,88.41889190057225,11761100
2016-12-08,87.70770263671875,87.8736503582199,86.87006003419432,87.35210123764222,7774900
2016-12-09,88.71131134033203,88.84564912944317,87.87366259220639,88.03961636579373,7672100
2016-12-12,91.16101837158203,91.19262832456378,88.96417788569772,89.05110374915203,9544600
2016-12-13,91.57984924316406,91.64306915571693,90.88444829203061,91.29536566565885,7051600
2016-12-14,90.86863708496094,92.69407431420903,90.54464559530827,91.76160173847951,9378700
2016-12-15,91.57984924316406,91.60355520312571,90.78961842320132,91.13732191325938,6738100
2016-12-16,91.57194519042969,92.03028051268154,91.24004969320568,91.99077258909736,11291100
2016-12-19,91.68256378173828,92.18831697982436,91.61934990733663,91.72207772859842,6310800
2016-12-20,91.3980941772461,91.86432743980325,90.8054210969893,91.65096778366303,5715200
2016-12-21,91.12149810791016,91.82480293331076,90.67106685985604,91.82480293331076,5907600
2016-12-22,91.22421264648438,91.29533049897495,89.99144894249109,90.87650929036059,4602300
2016-12-23,91.63512420654297,91.91960765690904,91.11357523352518,91.1925970744091,2992500
2016-12-27,91.59565734863281,91.66677522860539,91.17682994919113,91.57984935598378,3232600
2016-12-28,90.9555435180664,91.79319207830615,90.91603560429793,91.57192243948165,3278300
2016-12-29,91.26374053955078,91.56403205977118,90.88443318524733,91.05828490137878,2993600
2016-12-30,91.04247283935547,91.6588517842663,90.86072316533377,91.50871205985304,5506700
2017-01-03,91.54032897949219,91.66676879588076,91.05829375921202,91.4929170628376,5953000
2017-01-04,91.39020538330078,91.84854075522827,91.12152374048753,91.27166954173562,5828900
2017-01-05,92.34635925292969,92.43328511146564,91.22423311598776,91.66676037472953,6217200
2017-01-06,91.90383911132812,92.45699822759265,91.477113780646,92.19622063178986,5221400
2017-01-09,91.88803100585938,92.14880860133817,91.57984149446885,91.9433469174171,5457500
2017-01-10,91.7931900024414,92.45698081695996,91.56402240343446,91.69045616520802,5312800
2017-01-11,90.66316986083984,91.86431785880082,90.1021007645424,91.72998008824248,8887200
2017-01-12,90.57623291015625,90.66315875786793,89.5884446670516,90.29964737890216,6627300
2017-01-13,90.56043243408203,90.89232786434069,90.43399866354697,90.8291139935639,4935200
2017-01-17,90.77381134033203,90.91605312106286,89.82553079246576,90.03889647805316,6255400
2017-01-18,90.63945007324219,90.95554352833166,90.41028849800804,90.77379386121751,5014600
2017-01-19,90.24433135986328,90.79749639266359,90.02306775833554,90.62364469746866,5540800
2017-01-20,90.2048568725586,90.90025788203485,90.14954095167961,90.4735324799756,7502400
2017-01-23,90.01518249511719,90.69477535471357,89.9282566352538,90.48931971229267,7989800
2017-01-24,88.31617736816406,89.5331332683354,87.83413619897343,89.22494380330943,12450300
2017-01-25,89.13803100585938,89.13803100585938,87.5259595524852,88.45052808297002,9385500
2017-01-26,88.37940216064453,89.16963289253434,88.18974847310594,88.50584197165827,10164300
2017-01-27,89.59636688232422,89.72280670557474,88.42682866216991,88.5058505372102,8886100
2017-01-30,89.3987808227539,89.77019014951225,89.17751723123337,89.6121464495635,6969400
2017-01-31,89.49362182617188,89.61215763041342,88.8456329291637,89.13011644775085,8713400
2017-02-01,89.47782135009766,89.54893921643345,88.87724435323088,88.88514834803982,7082300
2017-02-02,89.74646759033203,89.78598152249774,89.11428084955826,89.15379478172396,7826300
2017-02-03,89.80181884765625,89.81762683834056,89.02739611561991,89.6911870287939,7267600
2017-02-06,89.6121597290039,89.76229945750991,88.99578076729085,89.65957164021826,6178400
2017-02-07,89.67538452148438,89.7860163396736,89.33558507162265,89.77020834908548,5507900
2017-02-08,89.6121597290039,89.84132734817597,89.41460206030195,89.53313786731944,5272000
2017-02-09,90.1495132446289,90.59994447020067,89.612156165966,89.612156165966,5854600
2017-02-10,91.0661849975586,91.65885802788014,90.26805632425916,90.33917419398648,6438500
2017-02-13,91.57194519042969,91.76160492797143,91.05039598464661,91.09780790454072,5710800
2017-02-14,91.95124053955078,91.98285048958657,91.12939992556491,91.22422977567227,5539100
2017-02-15,92.61505889892578,92.82052062066512,91.34278666993531,91.58776234819567,5979700
2017-02-16,93.31046295166016,93.46850671470226,92.45701216167339,92.45701216167339,7119300
2017-02-17,93.92681884765625,93.95842879824673,93.28673392789854,93.3973657404744,8691400
2017-02-21,94.55900573730469,94.74075541684952,93.50009349467828,93.56331339581632,8595100
2017-02-22,94.44837951660156,94.6459372102289,94.23501986023628,94.25872581883438,5103900
2017-02-23,96.17105865478516,96.32910838731972,94.4167518410078,94.44835575853388,9980900
2017-02-24,97.62679290771484,97.63474313685522,96.17109988323469,96.64837459337716,10835000
2017-02-27,97.3642578125,97.74607502804253,97.12561750112951,97.14948031849151,5946200
2017-02-28,97.213134765625,97.5631389956722,96.99836330465364,97.0540452440815,8885500
2017-03-01,98.52565002441406,98.99496838721278,97.38018598536064,97.43586792787704,9393900
2017-03-02,98.34269714355469,98.92338549298127,97.85746615905325,98.43815450847981,6950200
2017-03-03,98.46996307373047,98.58132695309932,98.02450755625507,98.34268660080821,5585200
2017-03-06,98.40633392333984,98.97906596661909,97.52337303476381,97.84951447508325,6670700
2017-03-07,98.50179290771484,99.00293041939211,97.35632880230747,97.50746811312565,6644000
2017-03-08,98.71654510498047,99.17791317605439,98.23927051060691,98.43813543066888,7909900
2017-03-09,100.18815612792969,100.39497736849675,98.77223870094471,99.0983801214111,8571100
2017-03-10,100.39495849609375,100.61768621996967,99.86200200412276,100.25973181643698,7395400
2017-03-13,100.76883697509766,100.98360842791925,100.06087831400382,100.09269743088035,7162500
2017-03-14,101.06317138671875,101.61999082671169,100.84043754184485,100.91203208063064,7679700
2017-03-15,102.5824966430664,102.61430969305769,100.70520504313251,101.06316557873645,8360600
2017-03-16,102.18477630615234,102.37567889943877,101.63590100606909,102.16886371079383,7610700
2017-03-17,101.86656188964844,102.56657027296264,101.77906084173415,102.1767906708443,13300800
2017-03-20,101.8745346069336,102.15293823295153,101.79498377792711,101.85065964802975,5827500
2017-03-21,101.22224426269531,102.17679345098183,101.13474321240021,102.12111758502212,7578600
2017-03-22,100.43475341796875,101.5404420255124,100.39497800145938,101.06316737178247,10272700
2017-03-23,100.14837646484375,101.02338091251558,99.9574678379951,100.30746597573832,8508100
2017-03-24,99.81429290771484,100.51429530858178,99.53587713786169,100.1165654303645,6490300
2017-03-27,100.0688247680664,100.3392781316022,99.55177479021076,99.55973108586633,5004300
2017-03-28,99.95748138427734,100.05293267619936,99.25747287617376,99.92566226401112,5287600
2017-03-29,99.36881256103516,99.69495391267354,98.92335712355363,99.47222619393278,3971800
2017-03-30,99.1620101928711,99.7745114982231,98.85973161950501,99.22564235721705,4711700
2017-03-31,99.07449340820312,99.29722112023879,98.66085102681548,98.7244892499328,5657600
2017-04-03,99.18588256835938,99.67906375115078,98.85974114333465,99.21770168803569,4956400
2017-04-04,99.17793273925781,99.24952121154085,98.81202194243168,99.0427060234719,5358500
2017-04-05,99.27335357666016,99.90971757090657,98.96312483982916,99.20971535657311,5646300
2017-04-06,99.47223663330078,99.7983719502911,99.03473137637691,99.31314105402127,4324200
2017-04-07,99.36881256103516,99.80631777204393,99.29722410952927,99.52790812361798,3615100
2017-04-10,98.9074478149414,99.39267867638904,98.81995283871144,99.32904651811955,4594200
2017-04-11,98.81200408935547,99.26541587185766,98.5972265735579,98.84382320535792,4161500
2017-04-12,99.75064086914062,99.79836650588294,98.92336210864606,99.0665450877485,5556600
2017-04-13,99.42452239990234,99.94952880048596,99.40065957603525,99.53588629053338,5396500
2017-04-17,100.00516510009766,100.07675353902358,99.37675139329338,99.4483398322193,5367500
2017-04-18,96.90291595458984,98.1358811149093,96.2108637197885,97.98474180562609,13485700
2017-04-19,96.5449447631836,97.26880992529134,96.33812354449175,97.12562693833172,6993100
2017-04-20,96.94268798828125,97.16541576120926,96.5290454938064,96.93473169099764,6330100
2017-04-21,96.85518646240234,97.07791423426706,96.6801843362582,96.871092988017,6021700
2017-04-24,97.75405883789062,98.00860574285699,97.16542025807033,97.45973651354201,5679000
2017-04-25,98.1836166381836,98.43816356586143,97.84952493352095,98.11202209068304,5090000
2017-04-26,98.24722290039062,98.84381763685593,98.2233600819521,98.46995063098426,5021800
2017-04-27,98.43018341064453,98.88359520532816,98.15973002067143,98.30291301209131,4225200
2017-04-28,98.21541595458984,98.5574638886297,97.94495648473504,98.5176884737205,4381800
2017-05-01,98.11200714111328,98.46201138916834,97.84155372679912,98.15973885513313,4556400
2017-05-02,98.39836120605469,98.43018032191351,97.75404079932194,98.25517821912788,4881600
2017-05-03,98.10403442382812,98.39835059324597,97.87335041038905,98.31084955129062,3736500
2017-05-04,98.59723663330078,98.59723663330078,98.02451069344976,98.39042146149755,3753700
2017-05-05,98.24722290039062,98.47790692675561,97.73017291501228,98.47790692675561,4139800
2017-05-08,98.04041290283203,98.4779181871497,97.85745449242386,98.26314065889332,3608600
2017-05-09,98.00860595703125,98.21542721429242,97.74610275383941,98.0245185523697,3762500
2017-05-10,97.6904067993164,97.88927173039156,97.34835887511211,97.76995762684733,4237400
2017-05-11,98.0006332397461,98.00858953608227,97.31653740785717,97.44381387373228,4095900
2017-05-12,98.35063934326172,98.71655008637508,97.84950190421266,97.92904666247625,4097100
2017-05-15,101.01543426513672,101.30975656416828,98.89951443752571,98.96315267551249,9854600
2017-05-16,101.63587951660156,102.11315410553554,101.0711038783275,101.29383161523833,7233800
2017-05-17,100.76089477539062,101.7313567348292,100.58589264252441,101.63589937084485,6480800
2017-05-18,100.99951171875,101.71542661034628,100.1960957810211,100.59382560203287,6571300
2017-05-19,101.02339172363281,101.33362055128975,100.57793619035648,101.04725454593311,6957200
2017-05-22,101.23020935058594,101.5404381671661,100.729065824667,100.729065824667,4858200
2017-05-23,101.4370346069336,101.93817211383067,101.26998877130123,101.26998877130123,3972500
2017-05-24,101.42906951904297,101.81884307841726,101.25406741148178,101.65179726725685,3965200
2017-05-25,102.11770629882812,102.18977560632385,101.15682699911014,101.48512508468384,5294300
2017-05-26,101.62926483154297,102.2298159639358,101.5572016280344,101.877496787135,4005200
2017-05-30,101.78141021728516,102.005615004313,101.0447356001587,101.45310598690703,3665400
2017-05-31,102.69422912597656,103.13463567113995,101.97356664712794,101.97356664712794,8813500
2017-06-01,103.11860656738281,103.11860656738281,102.59011876950103,102.75027547303445,5790900
2017-06-02,104.15959167480469,104.20763381131023,103.15867310345806,103.3348357494746,6562600
2017-06-05,104.3837890625,104.5119095629346,103.93537952922233,104.07150297909281,4634700
2017-06-06,104.76011657714844,105.16048390540251,104.11952640829368,104.23963171947342,5619100
2017-06-07,104.69606018066406,105.28059308025914,104.55993675025104,104.8962438521376,5765200
2017-06-08,104.5359115600586,105.21652868525291,104.06348104641057,104.69605604726661,8101700
2017-06-09,105.3206558227539,105.45677928362332,104.34375830993163,104.39180044691561,5992500
2017-06-12,105.55287170410156,105.56087465387539,105.23257043949008,105.32065175997775,8020700
2017-06-13,105.71299743652344,106.28151222550746,105.21653361918435,105.4967956486216,5733800
2017-06-14,106.31356811523438,106.9461432627316,106.10536923718303,106.10536923718303,7329400
2017-06-15,106.52974700927734,106.777985048003,105.54484667637206,105.69698823556938,5265000
2017-06-16,107.57872009277344,107.77890378314463,106.52974729190444,107.07425328320033,12639600
2017-06-19,107.3545150756836,107.84295154948718,106.89008744896387,107.41856310439279,7488700
2017-06-20,107.474609375,107.9070007247573,107.21836841348342,107.21836841348342,5201200
2017-06-21,108.02714538574219,108.18728991778575,107.31449183264043,107.53068145268915,5841100
2017-06-22,108.9399642944336,109.7006598570934,108.3153921719767,108.45951856104712,7311000
2017-06-23,109.24421691894531,109.30827715389981,108.35541323183297,108.45950042267359,9007100
2017-06-26,109.17218017578125,109.62058971081805,109.06007779202204,109.28428255954044,5561800
2017-06-27,108.10717010498047,109.4844345454876,108.09116421068242,109.30026901514069,6120500
2017-06-28,107.15431213378906,109.06005221068138,106.95412847987141,108.85986855676373,6557900
2017-06-29,106.2094497680664,107.08224765580226,105.94520585175115,106.81800373948701,5750000
2017-06-30,105.92921447753906,106.65788616845398,105.92121152711233,106.25751871870885,5264400
2017-07-03,106.41764831542969,106.75396767805667,106.21746461866007,106.32956700012133,2931000
2017-07-05,107.01019287109375,107.34650000420966,106.0332954861292,106.48170499695041,4302700
2017-07-06,106.1133804321289,107.27444346286882,106.02529911430761,106.98617844256673,4282200
2017-07-07,106.12937927246094,106.49772263655403,105.44876206024064,106.42565944083236,4994100
2017-07-10,105.33667755126953,106.39364125587466,105.08043652091386,106.28955402825689,4019600
2017-07-11,105.0804214477539,105.52883096830985,104.47987036452868,105.24056595963202,3733100
2017-07-12,105.88115692138672,106.40964481047722,105.51282576347018,105.72901535771736,5053200
2017-07-13,105.58489990234375,105.8731649427867,104.88826447887509,105.77708066872053,4424400
2017-07-14,106.17744445800781,106.49773350606681,105.48881200826138,105.69699866767533,4383100
2017-07-17,105.81707000732422,106.44164200313634,105.49678106217343,106.26549163607145,4939400
2017-07-18,107.66679382324219,108.0591460090644,104.96030661018008,105.3926979749055,10256000
2017-07-19,108.2673568725586,108.42750138770963,107.71484790978073,107.97107669037372,5503300
2017-07-20,109.35636901855469,109.76473941099806,108.59566110383952,108.68374242984629,6088600
2017-07-21,108.3474349975586,109.1161458607962,108.17928751444843,108.3634531163173,6773500
2017-07-24,106.50575256347656,108.2273400573321,106.37764425582466,108.09121658040795,8306700
2017-07-25,105.60091400146484,107.17836260464854,105.25659166875901,107.09028128402555,6262900
2017-07-26,104.8561782836914,105.88913261073333,104.69603383046652,105.42470514361413,5382200
2017-07-27,104.76011657714844,105.0163453137456,103.75119530851502,104.77613469138615,5838100
2017-07-28,105.57688903808594,105.68899142217464,104.51191028012161,105.00836194990818,4970900
2017-07-31,106.27351379394531,106.96214614691685,105.77706217374802,105.80908618675593,5440800
2017-08-01,106.10536193847656,106.77798844359364,105.92119635907511,106.63384982883885,3837600
2017-08-02,105.82508087158203,106.09732768571882,105.29659313714737,105.76102064150757,4032100
2017-08-03,106.77799224853516,106.81801921460814,105.304630906092,105.62493216238121,4327300
2017-08-04,106.64186096191406,107.30647235051015,106.33759002873623,107.09028273915214,3192800
2017-08-07,106.38562774658203,106.88207942081654,106.10536567472754,106.56979333246844,3010800
2017-08-08,105.91316986083984,106.33755822497778,105.21652244453153,106.09733539929356,5535800
2017-08-09,106.68189239501953,106.82603101036072,105.99325998853952,106.3455852502144,6332300
2017-08-10,106.56977844238281,107.17834463492424,105.99324848010245,106.52973926367741,5607900
2017-08-11,106.57781219482422,107.69083313477562,106.29755011325437,107.01020363281687,4270600
2017-08-14,106.88206481933594,107.59471821683637,106.39361616139236,107.45859478340842,3041100
2017-08-15,106.80200958251953,107.25041910740795,106.65787096766643,107.17835590910299,3931800
2017-08-16,107.43460083007812,108.07519119827818,107.1863749642338,107.36253762094495,4469900
2017-08-17,106.52974700927734,107.89100587478421,106.52174406025114,107.44258414621845,5741400
2017-08-18,106.20146942138672,107.12230963201762,106.0012857044457,106.23349344006974,4792800
2017-08-21,106.8580551147461,107.01819962884701,105.84913367949143,105.92119687810035,4660000
2017-08-22,107.85897827148438,107.93104147321398,106.41765314567348,106.7139333387459,4150300
2017-08-23,106.33757781982422,107.6908215095754,106.21746027572779,107.64276716099121,5129900
2017-08-24,106.40966033935547,106.5618019252276,105.91320861134741,106.35361524986017,5398400
2017-08-25,106.11149597167969,106.82062901976188,106.06314822675913,106.2968453884988,4133300
2017-08-28,106.15984344482422,106.46604989172678,105.95838633419291,106.11148340966108,5349200
2017-08-29,106.53858947753906,106.73198044463909,105.80528260470642,106.02285973866084,3277900
2017-08-30,105.61994171142578,106.36935627401976,105.48294005334968,106.36935627401976,5430800
2017-08-31,106.6675033569336,106.77226498559078,105.76497946685879,105.87779495311814,7407100
2017-09-01,105.58768463134766,106.89312258549151,105.51516303299843,106.85284100594048,3820800
2017-09-05,104.67710876464844,105.70856817753993,104.53206554844469,105.33789398326405,5146600
2017-09-06,105.29759979248047,105.56352465070428,104.92692559929533,105.19283816155307,5601900
2017-09-07,106.5224609375,106.7883857919413,104.95915183343253,105.45070766207265,3800200
2017-09-08,105.54740142822266,106.64332855485046,105.45875981151137,106.36934984718494,4854400
2017-09-11,107.34442901611328,107.44917836875605,105.5796624838091,105.86169510519271,5724200
2017-09-12,106.87703704833984,107.88432266541018,106.31294726600686,107.84402878153396,5465200
2017-09-13,106.73197174072266,107.77955114563036,106.24848206643394,106.90925497675161,4679500
2017-09-14,108.12603759765625,108.35973469516343,106.36128391326592,106.48215324234599,6274500
2017-09-15,108.34359741210938,109.14942560006997,108.12602035849056,108.61757604498501,15522000
2017-09-18,109.09307861328125,109.40735127201603,108.0696728595681,108.33559777018499,5260800
2017-09-19,108.96411895751953,109.42343475889237,108.26305217312458,108.80295573416004,4903800
2017-09-20,107.35247039794922,108.2147004720939,106.64333740540651,107.3766442685162,8705500
2017-09-21,106.16788482666016,107.83595540873226,105.86973227267163,107.42497508192127,6051800
2017-09-22,105.87779235839844,106.68362075363581,105.78109688567892,106.36129431392706,4334900
2017-09-25,105.70050048828125,106.17593625157957,105.42652180732607,105.94225144628591,6017400
2017-09-26,105.51517486572266,106.32100328254234,105.41847939041337,105.96643681178715,4516200
2017-09-27,104.55623626708984,105.63604338617677,104.29836527365467,105.56352178026026,5796100
2017-09-28,104.33060455322266,104.97526973625634,104.18554904645639,104.68517101868946,3992700
2017-09-29,104.76575469970703,105.1364412052179,103.9921662561567,104.41925436052578,5736900
2017-10-02,105.74079132080078,105.8294329263193,104.77379981257592,104.88661528360275,4492900
2017-10-03,106.44994354248047,106.69168224156829,105.85362606080896,106.08731090191598,3900800
2017-10-04,107.08656311035156,107.32024799619451,106.44996392094103,106.6917026663066,3589000
2017-10-05,107.32829284667969,107.42498832563156,106.65945376000795,107.08654185333373,3741100
2017-10-06,107.35247039794922,107.3766442685162,106.75615290004133,107.17518714981354,2469500
2017-10-09,107.53781127929688,107.83597618670096,107.31218028210667,107.70704067517309,3750500
2017-10-10,107.90039825439453,108.08574760584317,107.11069000862106,107.62641959916176,4184600
2017-10-11,110.11646270751953,110.4629753661803,108.27917465945842,108.69015507545068,8269400
2017-10-12,110.26150512695312,110.81752870886218,109.60878606852631,109.86664477122899,5172800
2017-10-13,109.93914794921875,110.73692238465507,109.86662635398743,110.07614957927426,4106600
2017-10-16,109.68934631347656,110.60799010082496,109.22196441521659,109.95527113296745,5120100
2017-10-17,113.45256805419922,113.7184928853742,110.44683174976984,110.93838753540273,11717300
2017-10-18,113.36392211914062,114.08917498448639,112.87237864822423,113.45256372615074,6827700
2017-10-19,114.45989990234375,115.21738082628731,113.2511568865112,113.38815858209232,9181300
2017-10-20,114.7499771118164,115.73308889659526,114.29066124618849,114.73386939440314,5634500
2017-10-23,115.7330551147461,116.32131861974166,114.492084957945,114.53237883165158,6686000
2017-10-24,114.13750457763672,115.5396500577054,113.56536115132087,115.5396500577054,6585800
2017-10-25,114.71772003173828,115.41878673484729,113.58956530306122,113.75072850773446,6563600
2017-10-26,114.2745590209961,115.83786857115496,113.9280586031616,114.83863661745305,5841100
2017-10-27,114.2503433227539,114.99170393471107,112.9771330448389,113.62179818879098,5140100
2017-10-30,112.81597137451172,113.7910291087589,112.26801398704161,113.68626748634519,6034300
2017-10-31,112.34049987792969,113.02544639453464,111.99398739638504,112.83205551735732,4832100
2017-11-01,112.79985046386719,113.29140625562799,112.28412080496774,112.67898112817394,5006800
2017-11-02,112.75955200195312,113.04965069178675,112.09877916708818,112.90460749485217,3494100
2017-11-03,112.88044738769531,113.13830609010867,112.25190219910317,112.59840252021367,2737000
2017-11-06,112.62255859375,113.21082210486368,112.59033087202789,112.82401566841423,4220700
2017-11-07,112.63063049316406,112.93683690102245,111.93761762911934,112.88043531113985,4201900
2017-11-08,113.87969207763672,114.32288792580879,112.38085054216255,112.5742415170835,4440700
2017-11-09,113.09800720214844,113.95218323565481,112.65479917647134,113.5089752099777,3517100
2017-11-10,112.46144104003906,112.92076925877241,111.69590630478586,112.92076925877241,4240800
2017-11-13,112.62255859375,112.83208182081779,111.54275162458103,112.01818736975727,4322300
2017-11-14,112.40499877929688,113.04159775317649,111.94567072667779,112.46946652155734,4078200
2017-11-15,112.09073638916016,112.67898768369929,111.80869152818028,112.19548572086683,4811500
2017-11-16,111.9053726196289,112.55809157838549,111.72003555261553,112.34858064593402,4193800
2017-11-17,111.20433044433594,111.897343430248,111.11568881953438,111.44608144797351,4247400
2017-11-20,111.14788818359375,111.65556393207696,110.99479113979496,111.32517138795411,4266300
2017-11-21,111.47830200195312,112.21966268168332,111.35743265589724,111.56694362104946,5660600
2017-11-22,110.63215637207031,111.51051852013968,110.07614520144598,111.44605078384336,3917000
2017-11-24,111.21239471435547,111.51055964167509,110.64831718370316,110.80142657687335,2606800
2017-11-27,111.96640014648438,112.13665348643713,111.46371856224513,111.48804046795267,3933100
2017-11-28,113.5230484008789,113.93653311247098,112.08799430459885,112.12853493230693,5052800
2017-11-29,113.35279083251953,114.01762253501883,112.65553404828874,113.68520668376918,5851400
2017-11-30,112.96363830566406,113.73386087253692,112.2744846361509,113.55549197857503,8941900
2017-12-01,113.49060821533203,113.93653036684988,112.37176361937912,113.15820476716632,5990500
2017-12-04,112.70418548583984,114.72299026284831,112.63932294672254,114.00951470382248,5916700
2017-12-05,113.2392807006836,114.16355013990028,112.85822105395482,113.33656831388646,6745300
2017-12-06,114.36624145507812,115.09593567133548,113.66088151349953,114.18787258252165,5591700
2017-12-07,113.51494598388672,114.72298755026186,112.90687361171219,113.51494598388672,4713100
2017-12-08,113.98517608642578,114.12300432261857,113.34467870985196,113.50682884823979,5101300
2017-12-11,114.43107604980469,114.45539794728214,113.36897862242229,114.23648849872495,4358600
2017-12-12,115.61483764648438,116.40127894275665,115.16079986113769,115.61483764648438,8016700
2017-12-13,115.84993743896484,116.28774406422318,115.29862447595339,115.53374032870522,6118400
2017-12-14,114.84459686279297,116.44180128043803,114.81217177969344,116.36073238705718,5337900
2017-12-15,115.50135803222656,116.05267119945427,114.9500324937313,115.51756439272087,12517000
2017-12-18,114.96621704101562,116.58774333955952,114.64190435854852,115.58239258080731,5833200
2017-12-19,114.94998931884766,115.436452118849,114.60947030735187,115.03917375313914,6580100
2017-12-20,114.44731140136719,115.59859341053787,114.38244887491591,115.33914330473279,6289800
2017-12-21,114.36624145507812,115.26618899524463,114.33381637427838,114.79594491043785,6284700
2017-12-22,113.60415649414062,114.60140432064439,113.5392939416737,114.31763220000994,4665600
2017-12-26,113.57982635498047,113.94466736131716,113.24741043689473,113.87981718481528,3271100
2017-12-27,113.96898651123047,114.43921827040494,113.668995721222,113.84736461108723,3753600
2017-12-28,113.96085357666016,114.31759130196902,113.77438153707143,114.07435991005275,2485000
2017-12-29,113.27981567382812,114.48785708625266,113.16630934033782,114.3013726752409,4452900
2018-01-02,112.8825454711914,113.46629590593525,112.46906073460761,113.2311800450378,6842100
2018-01-03,113.96085357666016,114.05814118492167,112.61498392981767,112.9879403802576,5350500
2018-01-04,113.9527587890625,114.43110605991474,113.68520547538327,113.87167752870029,4837600
2018-01-05,114.89325714111328,114.98244158689714,113.73385934592328,114.06627522305075,6158800
2018-01-08,115.0391845703125,115.12836901299002,114.25274331340995,114.88513759011822,5129800
2018-01-09,116.8634033203125,118.11197316400599,115.33916459549916,115.42834903942472,8897000
2018-01-10,116.7255630493164,116.87961001580834,116.19857198935628,116.38504403609038,6558600
2018-01-11,117.39036560058594,117.47955002260561,116.4985337516503,116.85527143972904,4962200
2018-01-12,118.17684173583984,118.71194842671252,117.47958487625978,117.55256296775325,5450600
2018-01-16,119.06867218017578,120.04158544895995,118.39573730669036,118.7119344283268,8804000
2018-01-17,119.1659927368164,120.25242501902433,117.94984772184051,119.86324970691992,10619700
2018-01-18,119.11734008789062,119.53894045912571,118.34711744307343,119.12544326706721,5554800
2018-01-19,119.47403717041016,119.70915299901425,118.71191796465767,119.55511841959044,8738800
2018-01-22,120.10646057128906,120.10646057128906,118.95517830591562,119.19029419176923,7010400
2018-01-23,114.99052429199219,119.53890547463612,114.82025860898676,119.14974267653237,17473600
2018-01-24,115.18513488769531,116.39316414988974,114.96622535760221,116.34452033681677,13034400
2018-01-25,117.0741958618164,117.28500220193709,115.29863492559926,115.37970381919145,7938800
2018-01-26,117.82825469970703,118.04716429706959,116.85534102548358,117.15531954579143,8065600
2018-01-29,116.49047088623047,117.51204061340965,116.36886133359808,117.43907488183022,8013400
2018-01-30,115.47697448730469,116.60394699554587,115.47697448730469,116.2634156301528,8376100
2018-01-31,112.03937530517578,115.59052229290383,111.96640958190434,115.59052229290383,13137400
2018-02-01,113.5230484008789,114.05003944729602,111.07454046821007,111.50424390513791,9393600
2018-02-02,111.62586212158203,113.79871374929508,111.38264307889263,112.71229412107036,9262500
2018-02-05,105.71541595458984,111.07456134345686,99.03472874152983,110.73404227498493,19954100
2018-02-06,106.88290405273438,107.82339224507278,103.77767980525975,105.40730922979687,19193500
2018-02-07,106.55049896240234,108.18012855149836,106.49375197108559,106.93155865861752,10550400
2018-02-08,102.4480209350586,106.41265181052003,102.24533016970521,106.13699533874245,11680200
2018-02-09,105.01812744140625,106.14508748480361,101.70210983393805,103.38849212534471,15030900
2018-02-12,105.61811065673828,106.46941437112615,103.51823104787621,105.39920115960702,9963900
2018-02-13,105.36679077148438,105.88567872392528,104.3452212232699,104.75871837231466,6339000
2018-02-14,105.13167572021484,105.40733227335681,104.09389968499055,104.94520362500305,6259700
2018-02-15,106.39644622802734,106.43698686035833,104.9127481578144,105.48029226792013,5606400
2018-02-16,107.95311737060547,109.00711202671984,106.08025631916183,106.17755631763994,7970100
2018-02-20,106.10455322265625,108.19632331367339,105.93429991515296,107.72607927418005,6563500
2018-02-21,105.32622528076172,107.36933915249556,105.28568465613156,106.0478038626365,6578000
2018-02-22,105.32622528076172,106.22617271399986,104.97759075445636,105.48027223159933,5732200
2018-02-23,107.03695678710938,107.0856005977343,105.41543045286978,105.47217744151081,5126800
2018-02-26,107.76316833496094,108.8565448998145,106.89009062613368,107.4694240764423,6684400
2018-02-27,107.4367904663086,108.59544504108705,107.37968009209696,107.87741312672928,7158600
2018-02-28,105.9762191772461,107.97530605597515,105.96805166049288,107.66523923094157,7985900
2018-03-01,103.85472106933594,106.17202960436353,103.23459370739921,105.34791977725007,9424000
2018-03-02,105.11131286621094,105.34793430150623,103.55283606843915,103.55283606843915,6910400
2018-03-05,105.90275573730469,106.31890060537283,104.58906816357099,104.9562577413913,5799800
2018-03-06,104.62173461914062,106.23732177856562,104.37694566759545,106.07413329436325,5546500
2018-03-07,105.29078674316406,105.52742057333914,103.8465496943603,104.01790565588296,6391700
2018-03-08,107.7550048828125,107.95083854604061,105.5274514344603,105.5274514344603,6423400
2018-03-09,109.17475891113281,109.19108149389292,107.34701560696264,108.12217020655208,7557800
2018-03-12,108.2200927734375,109.52561302736457,107.96714876894774,109.174758427713,4942000
2018-03-13,109.62353515625,110.4721226916819,108.88916834722994,109.17475751470704,9152300
2018-03-14,107.9671401977539,110.72505882989034,107.62442824092925,110.34972661124483,6770600
2018-03-15,108.57093811035156,109.53377119906811,108.08952779123406,108.15480566593361,6147200
2018-03-16,109.07682037353516,109.66430876463521,107.78762287968433,108.65253288589248,14233500
2018-03-19,106.26995086669922,108.90548121672859,105.55190670427136,108.80757063111801,6017000
2018-03-20,107.06145477294922,107.52654262152328,105.56825571613392,106.71058766919695,6214300
2018-03-21,107.04511260986328,108.34247775866561,106.61265756026252,107.21645614624279,5158700
2018-03-22,103.93631744384766,106.62896447774285,103.70785110190707,106.45762094652834,7560100
2018-03-23,102.0759506225586,104.2790324555655,101.91276214244319,104.14031539970178,8452500
2018-03-26,103.94449615478516,104.06689063712,102.16571419054576,103.14486382398253,8358200
2018-03-27,103.79761505126953,105.33977543503424,103.12853232759933,103.71602081184466,7789900
2018-03-28,103.99342346191406,105.27447831020953,103.79759607804151,104.14029555612856,6868500
2018-03-29,104.56458282470703,105.06231565640542,103.47936787753966,104.41771696476972,6119400
2018-04-02,101.63533782958984,104.34430778135037,100.80306659135113,104.2953524806427,8916900
2018-04-03,104.72779846191406,104.84203163033376,101.73323976050966,102.14121714064882,8035000
2018-04-04,106.40866088867188,106.9879817832024,103.12851933981004,103.5446580012831,7717100
2018-04-05,106.6534652709961,107.05327518424505,105.66615441179303,106.40867632280266,5621700
2018-04-06,104.52383422851562,106.59635432634256,103.14486836891537,106.253654740898,6399300
2018-04-09,105.64981842041016,107.00430630476347,104.18110359336909,104.9725744782335,6395800
2018-04-10,106.27811431884766,106.8166474831664,105.49479222070379,106.27811431884766,6019300
2018-04-11,105.77223205566406,106.35972054851275,105.28265416146246,105.37240969371666,4575400
2018-04-12,106.42498016357422,107.14302438236041,105.95989239493852,106.14755851558223,4559800
2018-04-13,106.58000183105469,107.23276809891973,105.77221462437358,106.96350154653236,4742300
2018-04-16,107.51020050048828,108.42407834736099,107.11854568067554,107.22462378935737,6379600
2018-04-17,106.5147476196289,107.86923574749082,105.10314912277626,107.7958027942954,11008700
2018-04-18,104.21376037597656,105.99253607409662,103.57731655275161,105.82119251810418,9383600
2018-04-19,104.07504272460938,104.66253120766368,103.53650954006245,104.14031438087208,5959500
2018-04-20,103.34884643554688,104.68701191931964,102.94902406856919,104.44222296913908,7743900
2018-04-23,103.48754119873047,103.8710409226819,102.63078623138193,103.52833520059811,7501900
2018-04-24,102.96533203125,104.00159182601959,102.24728786614284,103.57729809456231,6577500
2018-04-25,103.4304428100586,103.50387576148209,102.22282684296907,102.7368824039004,5859600
2018-04-26,104.45036315917969,105.43767388577865,103.31619277892055,103.31619277892055,8211100
2018-04-27,104.66253662109375,105.08682419709162,104.03424787329222,104.22192023601315,4266800
2018-04-30,103.21013641357422,105.24186242772078,103.21013641357422,105.14395182116654,8219400
2018-05-01,102.81846618652344,103.33251546991389,101.96987244670669,103.07141018268113,5122600
2018-05-02,100.77041625976562,102.95717533935155,100.5256273334107,102.41864219146709,7390800
2018-05-03,100.38690948486328,100.92544259504162,98.95898870666628,100.60722074820553,7282900
2018-05-04,101.33340454101562,101.59450976600282,99.38327353012131,100.0360334799695,6127600
2018-05-07,100.84382629394531,102.190152632572,100.6235212904651,101.29260381523406,6707900
2018-05-08,100.04423522949219,100.76227333228967,99.29355818221636,100.24822396355033,5951800
2018-05-09,100.778564453125,101.21918072815505,99.97892612616525,100.35426453261896,6808600
2018-05-10,102.27991485595703,102.85108685014134,101.17837731571299,101.3578883360212,4948000
2018-05-11,103.82209777832031,104.11584203480948,102.61448803519087,102.62264310186322,5716700
2018-05-14,102.85926818847656,104.12400071807707,102.48392969797537,103.91185071031846,6101600
2018-05-15,102.10041046142578,102.67158249267614,101.5047670101926,102.43495488011762,5875700
2018-05-16,102.27991485595703,102.72869240672756,101.99433197148487,102.35335401210129,3818100
2018-05-17,101.0560073852539,102.47576708761807,100.81122466428988,102.39417284729672,6473400
2018-05-18,101.37423706054688,101.53743177895609,100.59092108790857,100.99889854606865,5433900
2018-05-21,100.9499282836914,101.98618813475119,100.62354512048073,101.68428884460518,5558700
2018-05-22,100.28898620605469,101.37420112892714,100.16659176694041,101.01518532616232,7172700
2018-05-23,100.72962188720703,101.15392188752767,100.15029470140581,100.25637281410665,4940800
2018-05-24,99.75048065185547,100.68066868506817,99.17931474558152,100.54195785429329,6923600
2018-05-25,99.84911346435547,100.94238342732757,99.56962804106891,99.92309102641288,4594800
2018-05-29,98.14756774902344,99.29837799068122,97.50640374519716,99.05177355625052,9821900
2018-05-30,99.4381103515625,99.93953473276916,98.26264100615506,98.73940619999267,6423700
2018-05-31,98.32840728759766,99.6682754545571,98.26264527081887,99.39701183890294,10337500
2018-06-01,99.6764907836914,99.7258091573584,98.61610184997642,98.95312118905196,5741000
2018-06-04,100.2436752319336,100.58892267677099,99.47920904996882,100.1614758484622,4853000
2018-06-05,99.85733795166016,100.74510007711993,99.38057274540613,100.32588133810678,5125400
2018-06-06,100.93416595458984,100.93416595458984,99.84089594453475,100.2601209618136,6799300
2018-06-07,101.3780517578125,101.50956952189905,100.50672070116796,101.10678813815682,7414100
2018-06-08,101.97809600830078,102.62748171518218,101.37803494225516,101.40269412696797,6208100
2018-06-11,100.82730865478516,102.20827339472916,100.7368874485158,102.15073319723149,5571400
2018-06-12,100.72866821289062,101.2547518239132,100.2436811603287,101.23831445481119,5227300
2018-06-13,100.80264282226562,102.0027714166486,100.66290323906054,101.23008966330738,5836900
2018-06-14,100.62181854248047,101.23010159568234,100.35877044227222,100.86841672930788,5239200
2018-06-15,100.78621673583984,100.8848597728328,99.6600655812981,100.36699166788462,13173500
2018-06-18,99.72582244873047,100.12860385398481,98.84627579645012,99.96420507224347,6787400
2018-06-19,100.75332641601562,101.2465290125951,99.10931357980982,99.18329741857295,8572400
2018-06-20,100.31765747070312,100.82730367437337,100.00529730991799,100.63001763148826,6277200
2018-06-21,99.83265686035156,100.48204255241392,99.55317774477055,100.1450232500127,4417200
2018-06-22,100.97526550292969,101.41914972177331,99.9970821288479,100.02174131799289,9501400
2018-06-25,100.76976776123047,101.46025644081675,99.88200556092171,100.95883200427538,8170500
2018-06-26,100.57245635986328,101.0163404562137,99.95595171572263,100.68753672505677,5496400
2018-06-27,99.96419525146484,101.08212441742953,99.83267122186386,100.3916358048462,5666000
2018-06-28,100.2847900390625,100.62181570438943,99.5203237657771,100.10394761097602,5296800
2018-06-29,99.74224853515625,101.25474349600636,99.61895259850367,100.48205551212583,7308700
2018-07-02,99.93952941894531,100.06283162064533,98.73117913082399,99.74224338766108,5481400
2018-07-03,100.86839294433594,101.48489767314922,99.67648631052774,99.99706826779781,4248100
2018-07-05,102.75080108642578,102.84944411317679,101.29585250246292,101.59999085997558,7319100
2018-07-06,103.36727905273438,103.50701860078864,102.43019249186172,102.88229840781325,7297900
2018-07-09,103.6139144897461,104.18931649039871,103.24400782811675,103.75365407970295,6706100
2018-07-10,104.70716094970703,104.82224133077828,103.66321570101474,103.87693909646583,5075600
2018-07-11,103.77009582519531,104.75650735972667,103.62213440858619,104.73184816886042,4827400
2018-07-12,105.01951599121094,105.38942255153523,104.5345290622728,104.97841317181611,6199000
2018-07-13,103.51527404785156,104.80582394280056,103.01384960413779,103.01384960413779,8250200
2018-07-16,102.49596405029297,103.6549896325413,102.06030172961061,103.57279025963315,7314400
2018-07-17,106.1292495727539,107.30471273484632,104.85513711097032,105.65248434318482,12858700
2018-07-18,105.05242919921875,106.07993728500371,104.53456111027967,105.8826512171166,7152000
2018-07-19,103.52348327636719,104.97020995861969,103.46594308186181,104.83047038216533,5984600
2018-07-20,103.44950103759766,103.68788363891267,102.84943989584863,102.9974012942024,5835500
2018-07-23,104.09066772460938,104.13177055299626,103.12069992594328,103.36730435344238,4631100
2018-07-24,106.33475494384766,106.54847210557233,104.51812144071886,104.59209901099013,7158800
2018-07-25,105.7264404296875,106.22786474659598,104.92909963088535,106.15388719397507,6523000
2018-07-26,107.09101104736328,107.86369920195652,106.73755425565435,106.77864454840234,7640600
2018-07-27,108.13494110107422,108.72678669428792,106.81151033608546,106.84438507223206,6620400
2018-07-30,108.64459228515625,108.90764037284382,107.88834784728927,108.32401026755151,11013100
2018-07-31,108.93228912353516,109.03092587555341,108.31578433777709,108.73500307667666,7598900
2018-08-01,109.03093719482422,109.29398528461108,108.57061558052048,108.82543557823695,5770400
2018-08-02,107.88835906982422,109.32687052408855,107.75683501229932,109.23644930239324,6563300
2018-08-03,108.4637451171875,109.08024993506787,107.60063586359047,107.83079665884,6498700
2018-08-06,108.52128601074219,108.94050474994197,107.69105153792073,108.20891957203139,5840000
2018-08-07,108.06095886230469,108.64457633911479,107.92943483776503,108.40620001960531,4664600
2018-08-08,107.82257843017578,108.34044647802733,107.5924176406467,108.08562649982174,3721500
2018-08-09,107.84722900390625,108.27467581152492,107.41156664832579,108.12670814846328,4057800
2018-08-10,107.47733306884766,108.20070268943849,107.0745454314147,107.83901787914307,4324000
2018-08-13,107.04167175292969,107.60063007049267,106.73753340618643,107.45267494272198,3778000
2018-08-14,106.44981384277344,107.24716094216426,106.32651791722661,106.58955340600001,4542800
2018-08-15,107.21428680419922,107.46911931958914,105.98127722636336,106.65532848280155,5377300
2018-08-16,108.8993911743164,109.22820122019696,107.32936867296188,107.69926899960937,7861500
2018-08-17,110.53520202636719,110.97086441657684,108.66102843075745,108.87474558014371,6700900
2018-08-20,112.51622772216797,112.713501209155,110.1488455357565,110.91330538347302,7935000
2018-08-21,111.2585678100586,112.96833003140227,111.21746498276762,112.61487331090794,5832100
2018-08-22,110.65028381347656,111.52982415357859,110.49410058807334,111.43118739767021,4688400
2018-08-23,111.061279296875,111.37364572595916,110.23105739246164,110.65027611874176,5057600
2018-08-24,111.75176239013672,111.91616115395003,110.83111927852488,111.06128005642783,4809400
2018-08-27,111.64419555664062,112.57925698436688,111.05668869383271,112.1241380316501,4325900
2018-08-28,111.1476821899414,111.62761190773104,110.7918574233792,111.52831784562375,6037500
2018-08-29,111.59454345703125,111.66074372228313,110.83325934624891,111.14770744959297,4648700
2018-08-30,111.66900634765625,112.20687873096651,111.3793944117895,111.462135267862,4821900
2018-08-31,111.45386505126953,111.71038317017565,110.8580753309159,111.37939449282749,6139500
2018-09-04,110.65121459960938,111.5035225185811,110.41951997851471,111.45387547497651,4406800
2018-09-05,112.42202758789062,112.48822785299814,110.43607014030339,110.45261073677312,6174800
2018-09-06,113.25776672363281,113.62186181857273,111.85931630279894,112.12411732690353,6562000
2018-09-07,113.63015747070312,113.93632264101325,112.3310009751757,113.1833088490735,6375200
2018-09-10,113.53916931152344,114.58179537845137,113.41503904371879,113.80395782196298,4892200
2018-09-11,114.61487579345703,114.94587717578435,113.54742632317921,113.89496830481413,7856800
2018-09-12,115.31822204589844,115.83954123826342,114.65623202612262,114.93757368094428,6767700
2018-09-13,115.75680541992188,116.24501824129332,115.0368979502246,115.75680541992188,6456100
2018-09-14,115.42581176757812,116.1374489075975,115.10309333352346,115.84782429629244,4534800
2018-09-17,115.8147201538086,116.1788026772558,115.16927071680158,115.29340095047625,5295500
2018-09-18,116.2946548461914,116.5429026975055,115.7071479787053,116.07124314377792,4581200
2018-09-19,116.22846221923828,116.66702793297371,115.88919059120607,116.47669743349631,5049900
2018-09-20,117.4862289428711,117.6186294742414,116.26982589202687,116.52635665646045,5019300
2018-09-21,118.23098754882812,118.43785867058831,117.24627898902389,117.65173830677064,13283400
2018-09-24,116.23676300048828,117.9165557316756,116.03816215058941,117.58556694159049,6708000
2018-09-25,114.72245788574219,116.64222810875887,114.52385704757803,116.28640318534964,7982800
2018-09-26,114.32527160644531,115.84784019003244,114.15977721717063,114.97897886332468,7133300
2018-09-27,114.3749008178711,115.50028016635504,113.83704098003247,114.56521870452637,6450500
2018-09-28,114.33353424072266,114.65625269741474,113.70465055307984,114.27561689024547,6638500
2018-10-01,115.59131622314453,115.72371677852074,114.19286534471165,114.40800677738905,4871800
2018-10-02,116.24498748779297,116.45185855666965,115.5581740239534,115.67402131746803,6439100
2018-10-03,115.04513549804688,116.8987047833816,114.92101790978222,116.29463218340624,5411800
2018-10-04,115.30996704101562,115.45890818635394,113.63017456106309,114.64797693344161,4738700
2018-10-05,115.10305786132812,116.05465964564947,114.65620932024684,115.68229427901969,4309300
2018-10-08,115.34302520751953,115.582990076297,114.70585882114135,114.93755339320484,5174100
2018-10-09,115.185791015625,115.53333284303659,114.03558855357018,114.80515537787205,4475300
2018-10-10,113.96942901611328,116.2284706408225,113.96942901611328,115.30996240228626,7265600
2018-10-11,110.75048065185547,114.73896049725998,109.95610290244817,114.1183473564826,11603200
2018-10-12,110.77532196044922,111.22217056437087,109.41824817969488,111.21388764026314,6998000
2018-10-15,110.84153747558594,111.95864651272102,110.47744230418161,110.78362013090458,6398700
2018-10-16,113.00126647949219,114.1845757250334,111.50352175114945,111.50352175114945,9592800
2018-10-17,115.40097045898438,115.84780644249983,112.71164638085492,112.72818697647517,8261100
2018-10-18,115.43405151367188,115.6905696079215,113.9528602792591,115.18580371631796,7583900
2018-10-19,115.06169891357422,115.84780650385431,114.11836727995633,114.47417948211334,5924800
2018-10-22,114.75550842285156,115.23545079755641,114.30867248855807,114.69759109174291,4864300
2018-10-23,114.96240997314453,115.4258118769539,113.73773650767542,114.01907819375155,8282700
2018-10-24,113.7542724609375,115.93883059871361,113.50602463533386,114.62313353734584,8279200
2018-10-25,114.58174896240234,115.09478517421161,111.75175424736382,113.74599438729241,9720700
2018-10-26,113.3405532836914,115.26859368911002,111.98347920505313,114.14321426098962,11371400
2018-10-29,113.82048797607422,115.10309139156882,112.7199321486581,113.35709870693283,6783000
2018-10-30,116.46842193603516,116.75804650828698,113.36535563223315,114.13491001489967,9646200
2018-10-31,115.83953857421875,117.03110543072059,115.5250904811147,116.6752932212895,9968900
2018-11-01,116.52633666992188,117.1552201464506,115.7236759474746,115.90572349028166,6913500
2018-11-02,116.4104995727539,117.50278504369601,115.56647457401856,117.47796152175732,7673200
2018-11-05,117.66828155517578,118.11513021108114,115.02033394643907,116.67530278020078,5601400
2018-11-06,117.97445678710938,118.1895981852707,116.72494726413008,117.1138659416443,5798900
2018-11-07,119.77835845947266,119.87765254002444,118.30543734137908,118.41301434624953,7173600
2018-11-08,120.23345947265625,120.63891865881841,119.15772746333087,119.41424555083928,5497100
2018-11-09,120.2665786743164,120.59758000743395,119.47220072765393,120.0183308310807,5343100
2018-11-12,120.49829864501953,121.01134766268576,119.7618378852081,119.97699195360158,7013600
2018-11-13,119.72044372558594,121.43334259147153,118.67781786792338,120.96995332139929,7432300
2018-11-14,119.36459350585938,120.24172472040874,118.79362739884719,120.00175986274031,6433100
2018-11-15,119.57149505615234,119.57976535459332,117.89997304315601,118.66954009610173,6657900
2018-11-16,120.8044662475586,121.42507962023163,119.61288655180051,119.74528710164283,8494300
2018-11-19,122.24427795410156,122.83179748696159,121.11889856306586,121.16854561133917,8714600
2018-11-20,121.18508911132812,123.08830577634521,121.1023482463161,122.05395026561962,8937700
2018-11-21,117.4945297241211,121.00305595378408,116.49326791477706,121.00305595378408,10275400
2018-11-23,117.69314575195312,118.1068881033816,117.17183897511511,117.37871015082935,3404900
2018-11-26,117.72642517089844,118.29270448043967,117.18514017083476,118.25106424040003,7590900
2018-11-27,119.26704406738281,119.37530616733547,116.30244148337447,117.06025076940448,5962100
2018-11-28,121.948486328125,122.0484127325488,119.38360272444397,119.77499808419242,8411400
2018-11-29,121.45716094970703,122.5813710864705,120.61607138144726,121.26561840450599,6900000
2018-11-30,122.33154296875,122.41482344157276,120.83259611246936,121.03244891633818,12517600
2018-12-03,121.75694274902344,122.10669783186839,120.69934182984932,121.22398080752424,8827200
2018-12-04,121.6070556640625,124.07201289359223,121.43218445417324,121.84856142014121,9803500
2018-12-06,121.50712585449219,121.95680737414085,118.90892501900312,120.33293979372033,11572500
2018-12-07,121.10738372802734,122.69794659730223,120.01647824084161,121.15735963168831,9444500
2018-12-10,120.96581268310547,121.48212868088993,118.56749037439499,121.07407474352739,6848100
2018-12-11,121.99842071533203,123.422435176113,121.40715997957041,121.82353684208007,9857400
2018-12-12,122.49809265136719,123.65561995900494,122.41481218620162,122.41481218620162,8869200
2018-12-13,123.11434936523438,123.73891487058579,122.24829078881355,122.38153447959144,6008300
2018-12-14,110.75627136230469,121.06576895830047,108.42455784489289,120.19969776566526,58140200
2018-12-17,107.54183959960938,109.63204734256905,105.61818009755048,106.85898799987133,36933100
2018-12-18,108.60775756835938,110.5897158336031,107.59179683632819,109.96515043473879,24640100
2018-12-19,106.26774597167969,109.38225072663073,105.83471030311325,108.14976557046614,21232100
2018-12-20,106.81735229492188,108.04982457805768,105.55989205652347,106.35933508290009,16609600
2018-12-21,106.66744232177734,108.75766271022701,105.85967638835919,106.42594928557898,19732900
2018-12-24,102.29547119140625,106.59248374188647,100.76320728725206,106.00955863778587,7531900
2018-12-26,105.51825714111328,105.55989738190993,101.60431593575942,102.77849575600209,9253000
2018-12-27,106.10118865966797,106.10118865966797,102.48703304801114,104.81874675575159,9918700
2018-12-28,105.98460388183594,107.21708265661195,105.55157457650925,106.5175723126052,6537200
2018-12-31,107.46693420410156,107.88331131244227,106.10954076472815,106.7424293949505,7409900
2019-01-02,106.38430786132812,106.90894687038696,105.16015864473471,106.700758400991,7631700
2019-01-03,104.6938247680664,106.81734982427523,104.39403284593321,106.70908774753319,8654500
2019-01-04,106.450927734375,107.133779293864,105.53489975659755,105.85967325459676,8831700
2019-01-07,105.76808166503906,106.88397526916067,105.59320409679633,106.28438505125801,8404700
2019-01-08,108.2247085571289,108.67439009756772,106.36766445957882,106.74239484100555,9351600
2019-01-09,107.36695098876953,108.45786923858513,106.86730628793207,108.11643710024931,7403500
2019-01-10,108.01652526855469,108.16641488697532,106.33435865653539,106.33435865653539,6224400
2019-01-11,108.04981994628906,108.12476474863902,106.85065228142462,107.42525451307351,5300400
2019-01-14,106.82567596435547,107.39195525935747,106.25107370428611,107.20874837334067,7374400
2019-01-15,107.72505187988281,107.8333139599658,106.3010433825094,107.025541608924,5194400
2019-01-16,106.62580871582031,107.76669025242835,106.50923002608806,107.76669025242835,6264200
2019-01-17,107.50019836425781,107.85828915034412,106.14281178863983,106.3510002645363,7632000
2019-01-18,108.83260345458984,109.2406447115962,107.7999840988779,108.17472079264891,10593000
2019-01-22,107.25871276855469,107.84163800016515,105.76808241525536,106.75905530899314,10568100
2019-01-23,107.25871276855469,107.67508974925032,106.53421453491725,107.00888403877391,9267800
2019-01-24,105.78472137451172,107.17541879004706,104.09423206236417,107.00054759599892,9917000
2019-01-25,106.78402709960938,106.96723397082714,105.78472497912259,106.7007593352114,7585100
2019-01-28,107.41694641113281,107.55017739813957,106.00126075458509,106.43429005269759,6927700
2019-01-29,108.53282165527344,108.64940669766649,107.00888043246776,107.38361716110141,6669300
2019-01-30,109.62370300292969,110.08172010621254,108.50781602897786,108.56610218386088,7299300
2019-01-31,110.82290649414062,112.58001798441867,108.98251451914462,109.61541570663798,17298100
2019-02-01,111.75556945800781,112.1636234384205,111.14766267642639,111.60567985713128,9575200
2019-02-04,110.65633392333984,111.71392214739045,110.09839037738482,111.55570959209003,7759000
2019-02-05,110.65633392333984,111.48908776031426,110.54807185835233,111.18929587073086,6449800
2019-02-06,110.75627136230469,111.23094719598645,110.17334615965585,110.82289320072405,5066100
2019-02-07,109.96517944335938,110.45650130377341,109.53214376133772,110.29827599456439,6085300
2019-02-08,110.256591796875,110.30656769577065,109.54042306113675,109.88185514944759,4436700
2019-02-11,109.92353820800781,110.48148191500293,109.30729561632634,110.18168993889016,4962200
2019-02-12,111.72225952148438,111.83884455216568,109.99012998935105,109.99012998935105,6262300
2019-02-13,111.96373748779297,112.40509595221071,110.9311309854482,111.64729970811327,7902200
2019-02-14,111.84716796875,112.2718805661624,111.04773138564794,111.83884500467313,3910400
2019-02-15,113.57096862792969,113.59595022567439,112.43008726805829,112.57998956134116,6665000
2019-02-19,112.99638366699219,113.5709859162181,112.94642046389718,113.37112039702141,5935500
2019-02-20,113.54597473144531,113.86241250420801,113.02965878474545,113.22952425186926,6089800
2019-02-21,112.77155303955078,113.07966797491085,111.81389095532336,112.40513922084232,6665500
2019-02-22,113.75418853759766,113.78749310280787,112.27188760282765,112.66327024801642,5223900
2019-02-25,114.17330169677734,115.25468597057257,113.88829064441633,114.29905089594085,6846600
2019-02-26,114.09788513183594,114.81042571170065,114.04759055746284,114.37451808198017,5106900
2019-02-27,113.89669036865234,114.21523971752765,113.49432099555683,113.60330109724403,4378100
2019-02-28,114.54216766357422,115.64030847640772,113.74580707947366,113.96375449257843,10133200
2019-03-01,115.97563934326172,116.19358677966062,114.85233833280833,115.02838214800629,5641600
2019-03-04,116.08458709716797,116.8641913029198,115.27145744188824,116.39475826298326,8377700
2019-03-05,116.32769012451172,116.63784848737568,115.98399352231137,116.36121557275762,6568900
2019-03-06,116.59593200683594,117.06536502851188,116.18518450841475,116.91448132486912,6236900
2019-03-07,115.88340759277344,116.62108259440791,115.43073088684075,116.12650227478109,6100400
2019-03-08,115.73251342773438,116.77198144834742,114.35773974426091,115.75766071289435,7046700
2019-03-11,116.15166473388672,116.5456559663746,115.27986223948129,115.7744426237218,6150400
2019-03-12,116.67140197753906,117.35879534715447,116.10137968272066,116.22711613272661,5552900
2019-03-13,116.86417388916016,117.22462678001122,116.5372464428414,117.01505757618922,6446900
2019-03-14,115.69898986816406,116.35284487518827,115.63192617627809,115.96723184461668,8493600
2019-03-15,115.34691619873047,115.90016927775032,114.70143935026725,115.6822218703238,11922500
2019-03-18,114.98644256591797,115.4977919942454,114.6092205134677,115.38881190245888,7369600
2019-03-19,116.05106353759766,116.36961287320993,115.23793386907566,115.35529213097104,5882500
2019-03-20,115.08704376220703,116.1097427260301,114.55054699356967,115.9588590056752,5475700
2019-03-21,115.76604461669922,116.3360667670568,114.80201851029047,114.84393491336743,5765100
2019-03-22,114.76850891113281,116.0091553087745,114.72659250226752,115.4726585321382,6528800
2019-03-25,114.51701354980469,114.8523192101435,113.7877167034677,114.76849919060432,4500300
2019-03-26,116.1600341796875,116.74682544140144,114.78524780782885,114.78524780782885,4758600
2019-03-27,116.26900482177734,116.92285978808201,115.740899066587,116.17679385006308,6764900
2019-03-28,116.41991424560547,116.9061164421755,116.2774086900561,116.57079796638999,4602100
2019-03-29,117.1827392578125,117.25819391101007,116.41991688914948,116.7552225814568,7168400
2019-04-01,116.50370788574219,117.60184846416502,116.30252963692521,117.3503756531438,5885200
2019-04-02,115.4391098022461,116.52885946645105,114.76848576890413,116.52885946645105,5517800
2019-04-03,114.98644256591797,115.88340500211962,114.73495693392094,115.84986676260503,5947000
2019-04-04,113.64521026611328,114.85231830851141,113.27636636798152,114.73496004920503,5844600
2019-04-05,114.15655517578125,114.49187364883703,113.75418579920617,114.03919690798469,4759700
2019-04-08,114.12303161621094,114.43319001672467,113.75418768527999,114.04758975518199,4329600
2019-04-09,113.64521026611328,114.22361060699345,112.79854237510422,114.00566320859328,5210300
2019-04-10,113.6535873413086,114.11464220955409,113.44401810947798,113.91345114220401,4194100
2019-04-11,113.34345245361328,114.15656947377244,112.6812063808149,113.97216027935953,4485200
2019-04-12,113.98888397216797,114.29905510866513,112.95780701468931,113.35179816262884,5756800
2019-04-15,114.4415512084961,114.66787673271888,113.83799089505786,114.00564369521543,5380900
2019-04-16,115.69898986816406,117.94556598643359,115.31337683759249,115.95047551496368,10745700
2019-04-17,116.1181411743164,117.48452407524917,115.405600561533,116.52051057898245,9543700
2019-04-18,115.27986145019531,117.55997600898907,113.79610751654006,116.81390995938253,10485300
2019-04-22,115.53971862792969,116.09298450909098,114.39128324913963,114.82717807269847,4666500
2019-04-23,117.27495574951172,118.07132919055363,115.05352665369179,115.1960322191696,5790500
2019-04-24,116.68814086914062,117.47612319460671,116.4031297955734,117.06536291251963,5676300
2019-04-25,117.06536865234375,117.1659705823103,115.64869137917849,116.11812441538602,5218100
2019-04-26,117.68570709228516,117.79468719504003,116.78036640063185,117.25819042862604,4613600
2019-04-29,117.22460174560547,117.7191818911418,117.00665442496735,117.65213101639651,4275200
2019-04-30,118.36469268798828,118.57426190761683,116.48696066641409,117.51803764548134,6003700
2019-05-01,118.99339294433594,119.32871134953562,117.14918648455014,118.15511611797065,6656300
2019-05-02,118.4317855834961,119.16108255453017,117.45938109472186,118.9599042403653,8835600
2019-05-03,119.0436782836914,119.11074195953518,118.26408703529823,118.44011799218586,5281600
2019-05-06,119.11080932617188,119.23655858615824,117.30012742757059,117.56838228266507,5818900
2019-05-07,117.33363342285156,118.5156070698615,116.57079827837633,118.04617399359735,6606700
2019-05-08,117.1827392578125,118.1299963856645,117.10729739570719,117.52643590663749,4667300
2019-05-09,116.2941665649414,116.78875972440687,115.38044768958888,116.47858853129962,5604200
2019-05-10,116.56243133544922,116.7300841943859,114.34938034064284,116.04269084432435,4771600
2019-05-13,115.01162719726562,115.7325460878432,114.44998301837647,115.55651504204684,5560000
2019-05-14,114.69306182861328,115.54809513329917,114.61760717965385,114.87747099525986,7179400
2019-05-15,114.76850891113281,115.25471111356761,113.44402969576055,114.76011795470448,6429400
2019-05-16,115.85828399658203,116.6797919757526,114.8188157844015,115.17089063261744,6857200
2019-05-17,116.1935806274414,116.54565544810251,114.72659581247389,114.8439540860276,6915300
2019-05-20,116.03427124023438,116.48694786790658,115.4139418134975,116.19354587622686,4771100
2019-05-21,115.78280639648438,116.99831818749476,115.74928094709853,116.62108333313101,4859000
2019-05-22,116.31929779052734,116.4785724477613,115.25469533938846,115.97561398349082,5456800
2019-05-23,117.1827392578125,117.23304662364163,115.40559606461755,116.10136752769291,6951800
2019-05-24,117.191162109375,117.73976518279666,116.94639122779718,117.73976518279666,5473300
2019-05-28,115.68882751464844,118.5753494167861,115.67194365455777,117.3177658515733,11919600
2019-05-29,110.84420013427734,114.69289635714651,108.4725262789592,114.69289635714651,23247400
2019-05-30,111.50252532958984,112.1017800508933,110.70915128108074,110.93703833043416,7360600
2019-05-31,110.69227600097656,111.40969204818683,109.39250192700436,111.00456950129613,7811000
2019-06-03,110.93704986572266,111.74729498094277,110.59943700220268,110.98768857559716,8434600
2019-06-04,112.86983489990234,113.35092840645852,111.89922527319945,111.91610913622266,6648900
2019-06-05,113.4184341430664,114.05144368701963,112.97954391991411,113.6885115182748,6860600
2019-06-06,115.35964965820312,116.18679137683182,113.59566620600975,113.8573080824408,9115800
2019-06-07,116.93797302246094,117.81574064540288,115.74791191405576,116.12771508861128,6533900
2019-06-10,117.33464050292969,117.44435338837896,116.13614410278952,116.98015674051732,4994700
2019-06-11,117.97612762451172,118.71886313224917,117.73980503179807,117.89172117913596,8230500
2019-06-12,119.5797348022461,120.61787988378596,118.41500582284671,118.41500582284671,9216500
2019-06-13,118.76106262207031,119.8076303915881,118.33905616568669,119.61351102766383,7500800
2019-06-14,118.23774719238281,119.41937281088153,118.19554397768411,119.19992124589348,6548100
2019-06-17,117.68915557861328,118.36436844416994,117.49503622629804,118.16180072091868,5562800
2019-06-18,118.35590362548828,118.94670997126654,117.98453595710983,118.63442937677213,7122700
2019-06-19,118.54159545898438,118.98048572201319,118.08583421251805,118.17022776554565,6393400
2019-06-20,120.02706909179688,120.18742070995292,119.00580791051382,119.21681111602892,7335800
2019-06-21,119.92577362060547,120.21273487685566,119.01423826668157,119.39405432310966,11272200
2019-06-24,120.74449920654297,121.28466701805117,119.92580555617042,120.20433139503477,5894700
2019-06-25,121.74044036865234,122.3650017494794,120.85422413847144,120.92174672424503,7517000
2019-06-26,119.72322082519531,121.4112464251072,118.80323708549724,121.4112464251072,7674100
2019-06-27,118.74414825439453,120.27180917349402,118.66819020262545,120.04392213957507,5233500
2019-06-28,117.55408477783203,119.09019403373826,116.90419140967083,118.78634895447172,12792400
2019-07-01,117.62162780761719,118.38123419867478,117.08146011475957,118.33059548975275,5872300
2019-07-02,118.18712615966797,118.18712615966797,117.05615195685174,117.50347776660166,4501200
2019-07-03,119.96798706054688,120.00174190825963,118.82856455137514,119.0058129180561,3436300
2019-07-05,118.64286804199219,119.73163872739674,118.47405520391028,119.6303613274367,4652400
2019-07-08,118.98048400878906,119.0733259308119,117.85794545291778,118.26306798601144,4078100
2019-07-09,119.35184478759766,120.24649623241912,118.92983841712622,119.39404800036728,4217400
2019-07-10,119.18305206298828,119.84138101066956,118.7272779431393,119.66413265770315,4874400
2019-07-11,118.25460815429688,119.18302718343051,117.33463749363477,118.95514017107763,5817400
2019-07-12,113.35094451904297,118.26309331069675,111.67980244338919,118.26309331069675,17780100
2019-07-15,113.69699096679688,115.08960719271933,113.47753935592779,114.27091359512846,10038200
2019-07-16,111.83170318603516,112.95424182760037,111.19869354535948,112.19462253162109,10214500
2019-07-17,111.29151916503906,112.74322209186845,110.91171601201546,111.82325130643942,8862100
2019-07-18,111.46875762939453,111.84011237990042,110.70913851203409,111.51939632816301,6203100
2019-07-19,109.98332214355469,111.73887057214864,109.88204471376,111.62070927784977,8340200
2019-07-22,108.57380676269531,109.84826146244502,107.89859394270746,109.72166469309064,12624800
2019-07-23,108.74261474609375,109.25746311035773,108.16869217799056,108.54849539260171,5803600
2019-07-24,109.53598022460938,109.54441571631406,108.5147319479718,108.77637385556302,6838600
2019-07-25,110.66694641113281,111.0129947255983,109.44313051315319,109.77229496679755,8897800
2019-07-26,110.33778381347656,110.81887726537896,110.13522899466511,110.81887726537896,4894600
2019-07-29,112.27056884765625,112.51532685510185,109.89889530810609,110.56565965009402,7832000
2019-07-30,111.4771957397461,111.82324402761213,110.7935475330814,111.80636016808879,5509600
2019-07-31,109.90735626220703,111.40969813095654,109.8735885355979,111.10585298454573,8559200
2019-08-01,109.96638488769531,110.34620082224588,108.89449826648809,109.9410655425398,7870700
2019-08-02,110.6247787475586,110.96237876149239,109.52755938435128,110.4475303691436,6574900
2019-08-05,109.85671997070312,110.95393929461125,108.8860974278321,110.48972963311768,9480000
2019-08-06,110.3715591430664,110.75136233312848,109.37561732701845,110.00862693665972,7880600
2019-08-07,109.89892578125,110.48973223770783,108.19401611094467,109.18150966215595,6771700
2019-08-08,111.13960266113281,111.36748972999074,109.91578664008946,110.54879625910641,5260500
2019-08-09,111.4434585571289,112.05114888036779,110.75981016313888,111.24090370179255,4677300
2019-08-12,111.35061645507812,112.00050999840816,110.81044871063385,110.987697087402,6852100
2019-08-13,112.60822296142578,113.18215854951258,111.40972593993033,111.66293243824457,5013200
2019-08-14,109.94110870361328,111.86545696255344,109.83139579107088,111.85702147039294,7736200
2019-08-15,110.17742919921875,110.62476784759609,109.08865831473715,109.86514857316855,7251200
2019-08-16,110.86952209472656,111.13116400255335,110.22807700203464,110.96236401801478,5858900
2019-08-19,111.62068939208984,111.89077966157805,111.25777008090456,111.83169258564767,4958000
2019-08-20,110.22807312011719,111.96673736899905,110.10991184724016,111.37593100461388,7302000
2019-08-21,111.01300048828125,111.75573585961868,110.43907797669362,111.15648111617816,6912800
2019-08-22,110.79357147216797,111.51942304516957,110.39688439863139,111.07209726073286,7213500
2019-08-23,107.80573272705078,110.78508974915775,107.29932001327789,110.62473817245295,15714000
2019-08-26,108.673095703125,108.9111890788111,107.67819625821103,108.34996341821564,8889500
2019-08-27,110.23771667480469,112.584642730814,109.77854028508497,110.4418022786336,20183800
2019-08-28,109.42139434814453,109.58296050645639,108.00133914308817,108.72412452951934,9878800
2019-08-29,109.04724884033203,109.86356529855362,107.84827025625815,109.55744338294149,6749900
2019-08-30,109.14929962158203,109.77855391350252,108.52005181722048,109.07277237631435,7371100
2019-09-03,109.47241973876953,109.67649237003954,108.42650209060321,108.83466032825966,5710200
2019-09-04,109.574462890625,110.1952054746594,108.91120084738446,110.11017953136438,4807200
2019-09-05,109.33636474609375,110.45880316476324,109.10677005643446,110.45880316476324,4754100
2019-09-06,109.02175903320312,109.88909380148858,108.90271232137266,109.59148350947166,6758300
2019-09-09,107.95032501220703,108.97923892452614,107.6442030442964,108.84318183320623,7684700
2019-09-10,110.16120147705078,110.16120147705078,107.43161299369326,108.2819503065611,8239500
2019-09-11,111.53872680664062,111.63226441583357,109.7615252070903,110.42478717223459,6203600
2019-09-12,110.90948486328125,112.04894667608686,110.59486422268058,111.70030527832456,5250000
2019-09-13,111.20709991455078,111.87887358031399,110.50983014546883,111.6747879777183,5369800
2019-09-16,110.15267944335938,111.18159320424338,109.97411589051147,110.63737789417947,5101700
2019-09-17,110.26323699951172,110.96901852106593,109.78705018379262,110.20372013510563,4976400
2019-09-18,110.89250183105469,111.02004724914728,109.50644773722728,110.4588214593022,4373600
2019-09-19,110.63739013671875,111.55575600690737,109.99963714145869,110.22923185278532,4730100
2019-09-20,111.94686889648438,112.24449205789554,110.79040997445908,111.39415499685089,12053100
2019-09-23,112.02342987060547,112.28703233240276,110.96050834715432,111.4111860350883,5183700
2019-09-24,111.86184692382812,112.90775791279863,111.68327042565545,112.3295349189334,7102600
2019-09-25,111.38567352294922,111.87887065164117,110.73940895253834,111.81934082010717,4522900
2019-09-26,109.56597137451172,111.65779396342256,108.86868852812938,111.47071871074037,7545800
2019-09-27,109.35336303710938,110.03362237923841,107.7377146617648,109.36186173759565,6006500
2019-09-30,110.01663970947266,110.78193805939875,109.69350739611335,109.75303723283405,6552100
2019-10-01,110.53533935546875,111.22411042426427,110.34826412997909,110.56084843393405,7673000
2019-10-02,112.24451446533203,114.54042239346327,111.58125246331893,112.89076608969657,12051800
2019-10-03,111.55574798583984,112.55913973151331,110.5523432650494,111.9383971604591,6997600
2019-10-04,113.65607452392578,113.70709268047187,111.60675873521697,111.68328597003611,7233300
2019-10-07,113.23089599609375,113.79212161914931,112.36354848547289,113.17136616859621,5427200
2019-10-08,112.10846710205078,113.31594451732758,111.81085683057074,112.62717337675791,7870400
2019-10-09,109.88056945800781,111.60675286429975,109.28533603775463,111.51321525718029,7787700
2019-10-10,109.74452209472656,110.64587749291363,109.37888330966133,109.65098447934206,5119700
2019-10-11,111.6748046875,112.77173414968328,111.24113731410068,111.51323851649296,7161400
2019-10-14,111.15606689453125,111.70028212023425,110.90096316917668,111.70028212023425,5700000
2019-10-15,112.95879364013672,114.15777223913432,112.32955239890794,113.09485070990588,10008800
2019-10-16,114.94007110595703,116.14754830296717,113.77511336150599,114.71047644223007,12434200
2019-10-17,115.7904281616211,116.91287962158316,115.34824913420111,115.61186459533823,8434000
2019-10-18,108.58806610107422,114.27682447761677,108.58806610107422,113.35845867477826,25868700
2019-10-21,108.86013793945312,110.26318869071125,108.04380877364584,109.41285175658828,13823600
2019-10-22,109.86357116699219,111.00301997897886,108.91969629136338,109.48942069735672,7613700
2019-10-23,110.45879364013672,110.95199075774725,109.75302520428113,110.25472102258448,6693400
2019-10-24,108.41800689697266,111.03704736569404,107.2275333668667,110.90099028222647,12111600
2019-10-25,109.14078521728516,109.77853811966482,108.25642725992039,108.69860623860278,6947300
2019-10-28,109.8465805053711,110.54386341032419,109.27685599711681,109.37039363131493,7876300
2019-10-29,109.79553985595703,110.51833169723348,109.31935307940074,110.28873701028078,4506300
2019-10-30,112.95879364013672,113.54552840028943,112.01491880317721,113.34995447194397,9627600
2019-10-31,112.27853393554688,112.95880638603603,111.30065120836217,112.56765848520928,7686700
2019-11-01,111.56423950195312,113.09484907696536,111.51322134530541,112.28703132143883,5541800
2019-11-04,110.73941040039062,112.20199142870543,110.62036371088203,112.07444603820194,6140300
2019-11-05,110.90099334716797,111.79385014131279,110.27173905007814,110.99453097274728,6257300
2019-11-06,111.36018371582031,111.80234979037792,110.28875036372604,110.9009942863176,5450000
2019-11-07,111.75979614257812,112.56762674828079,111.40265612616363,112.01489986147823,5873700
2019-11-08,113.09483337402344,113.12884114869463,111.3686501131659,111.64926291088209,5003000
2019-11-11,112.22749328613281,112.68668261263336,111.67477932935772,112.47409832539445,4371400
2019-11-12,111.69181060791016,112.32105191182283,111.41119773922573,112.24452466812279,5228700
2019-11-13,111.62378692626953,111.81086218020427,111.15609879143268,111.428199994808,5885400
2019-11-14,111.36018371582031,111.70031346165202,110.66290086921178,111.41970058253771,4217500
2019-11-15,114.74451446533203,114.770023545684,111.20710827186458,111.6067678308683,10495100
2019-11-18,114.6509780883789,115.38226867500188,112.80574773058869,114.13227182373798,9291800
2019-11-19,114.64248657226562,114.95710723648178,114.12378027511251,114.79554106562978,5192200
2019-11-20,115.5948486328125,115.9349783450956,114.00472211645791,114.88906715346408,7594400
2019-11-21,116.02001190185547,116.36865327466812,114.79552423400746,115.59484329358136,6424900
2019-11-22,117.40606689453125,117.88225366455615,116.07103122310345,116.19857661681856,9235800
2019-11-25,117.45742797851562,117.859856448249,116.65258410405988,117.35468473177893,6111900
2019-11-26,117.4488754272461,117.59443272136173,115.71928999802881,116.84951802059008,10636500
2019-11-27,117.94549560546875,118.3736099270857,117.21769603271504,117.4403238415637,5523000
2019-11-29,117.72286224365234,118.39071943455157,117.251933951349,117.81704790211302,3278900
2019-12-02,117.61158752441406,118.03114433637265,117.17491554340661,117.91983041248241,4717100
2019-12-03,117.4403305053711,117.68863107739263,116.58410181355302,117.22627333241658,5741400
2019-12-04,119.34114837646484,119.6493912000442,118.19379210452333,118.58766301549043,7257300
2019-12-05,119.49525451660156,119.65794003173338,118.11672602655146,119.31545383725333,5472900
2019-12-06,120.19739532470703,121.22486720502728,119.40966644762773,119.40966644762773,6640400
2019-12-09,120.30010986328125,120.56553862026472,119.92336721530059,120.20592420128608,4241000
2019-12-10,119.86343383789062,120.72821992972825,119.7949339892782,120.55697684070232,5310300
2019-12-11,120.7110824584961,121.56731090307474,120.4114103418991,120.6682684232653,6631500
2019-12-12,121.01933288574219,121.63581845008385,120.49703297886968,121.00221772257329,5012400
2019-12-13,121.0536117553711,121.41322622365192,120.13744082081253,120.81386877651721,4257200
2019-12-16,121.40465545654297,122.31226880704352,121.1477973116029,121.35328382755495,5353100
2019-12-17,122.92018127441406,123.33973801075771,122.02970923882182,122.44069532717116,10722400
2019-12-18,122.60336303710938,123.19416280230136,122.21806281872644,123.05716310442867,7849200
2019-12-19,124.45285034179688,124.90665052061622,122.9630076576457,123.20275065532334,9414700
2019-12-20,125.06076049804688,126.58484652259416,123.98191705095556,125.76287429576638,14532800
2019-12-23,125.38612365722656,125.66011002718277,124.44426693078803,124.78676622449848,6558700
2019-12-24,124.94943237304688,125.0179322283254,124.37576078322715,125.0093746457949,4238900
2019-12-26,124.86380004882812,125.16347217600457,124.29012853850895,124.98367151270064,3019300
2019-12-27,124.7953109741211,125.48029642608928,124.61549723028776,125.18061120803732,3432700
2019-12-30,124.41000366210938,125.1806040860998,124.1788183089082,124.8209896839036,2923300
2019-12-31,124.89807891845703,125.01795041638091,123.96479275140587,124.23879221238239,4435000
2020-01-02,124.98368072509766,125.02649476499569,124.22163784895102,124.89805264530159,5777000
2020-01-03,123.53666687011719,124.4699529501207,122.44069525845923,122.86880957754475,5752400
2020-01-06,123.38255310058594,123.46816812616883,122.31226729320754,123.29692500999074,7731300
2020-01-07,124.13602447509766,124.53845298079423,121.05360921243658,123.30548164972492,7382900
2020-01-08,124.11888122558594,124.99222483331103,123.04002502249963,124.04181073607317,6605800
2020-01-09,124.48707580566406,125.0350615878307,124.14458959118926,124.80387620730382,6112700
2020-01-10,124.20451354980469,125.16348536181124,124.0675138438006,124.79531335006267,5042600
2020-01-13,124.75251770019531,124.8295751468035,123.91341724098692,124.56414634292219,4593200
2020-01-14,125.45462036132812,125.53167780109575,123.92196382366438,124.19596325174284,7037500
2020-01-15,125.87418365478516,126.20811234420891,125.21489692503432,125.35188359542863,4960300
2020-01-16,126.89305877685547,127.44104448427875,125.18060180803148,126.2252016042149,6476000
2020-01-17,127.72361755371094,127.92911711928014,126.6618893957873,127.0728885269257,9083600
2020-01-21,127.80924224853516,128.57984273520773,127.14994259170837,127.218442445081,9543900
2020-01-22,126.9358901977539,127.73217652610253,125.00937584399374,125.60873325216124,10305300
2020-01-23,127.1756362915039,127.38113586436764,125.66010797103726,126.75607956295326,8671900
2020-01-24,126.99581909179688,127.5352341698133,126.6618774299154,127.21843380137426,9051900
2020-01-27,127.36402130126953,127.97194943726298,125.86562105066636,126.3108636404779,7587100
2020-01-28,128.00619506835938,128.92236608018894,126.85028105745572,127.11572293822894,7336600
2020-01-29,128.89663696289062,129.45319334555623,127.68936466682227,127.96335100220293,6288600
2020-01-30,128.74252319335938,128.8709522477529,127.62086590162025,128.4599662086829,6470600
2020-01-31,127.46674346923828,128.4342859374372,127.26981455567066,128.22022879420814,8651700
2020-02-03,128.579833984375,128.85383337921778,127.7835477400074,127.93766260084878,5765200
2020-02-04,129.8042755126953,130.78893328688596,129.46177619535848,129.71008983355432,6541400
2020-02-05,131.8506317138672,131.87631752372394,129.55593253491978,129.90698935630888,5979900
2020-02-06,131.45677185058594,132.28731461212183,130.7803570260933,132.07325746873653,6201200
2020-02-07,130.0525665283203,131.39685175317643,129.76145192873778,131.2940954330204,5700300
2020-02-10,130.02688598632812,130.06970003271132,129.1963431335424,129.87275803235121,4835600
2020-02-11,130.13816833496094,130.4720969117507,129.75285507596476,130.39502642094578,3715300
2020-02-12,129.36758422851562,130.27518451157295,129.22202692510194,130.035441533596,5166800
2020-02-13,128.51133728027344,129.3247517729751,128.3315366048922,128.57127954874088,5480200
2020-02-14,128.54562377929688,128.9822957294271,127.70651021471366,128.91379586303174,5716300
2020-02-18,127.69793701171875,129.06790804203436,127.62943715370177,128.83672265435354,7230700
2020-02-19,127.52666473388672,128.22876525421964,127.2184219758113,127.75785006869553,6115200
2020-02-20,127.03863525390625,127.90343451548723,126.20809245328527,127.24413482463092,7464700
2020-02-21,128.37432861328125,128.63977041436965,126.32794308656582,126.79887135945215,7776800
2020-02-24,125.72896575927734,128.39157993248108,125.16024822277099,126.23735879267436,10588900
2020-02-25,124.6432113647461,126.45276211256757,123.93663377303248,125.79788371679392,10529000
2020-02-26,123.80738067626953,125.9960765342359,123.72983187732271,125.24641184777406,10093800
2020-02-27,119.87808990478516,124.7466374123393,119.73160444981292,122.84230020105645,12566700
2020-02-28,115.87985229492188,118.30119459402974,112.72608274515802,116.63814229402126,19820300
2020-03-02,120.65361022949219,120.74839647689537,115.4748546687785,116.13835840060077,11508200
2020-03-03,116.83634185791016,121.48946769861838,114.69074588399097,120.63639134074107,13662500
2020-03-04,123.63508605957031,123.77295940166536,118.17198307522851,118.6372891693923,10560500
2020-03-05,122.36836242675781,122.9456920650518,120.49850021512228,121.32572684732222,11339200
2020-03-06,122.38563537597656,123.23008655397723,118.4046381027912,119.3266381020896,12239100
2020-03-09,117.56877899169922,120.36064126804361,116.24177136179975,117.47399273242068,13848600
2020-03-10,122.04956817626953,122.31668952846597,115.66445273541815,120.61054984632571,12698100
2020-03-11,113.5705337524414,119.55926550292355,113.31202460277079,118.99054800331247,17763400
2020-03-12,108.06436920166016,115.25946103744518,107.28022942934977,109.70157226293894,21539200
2020-03-13,115.71614837646484,116.25901636471544,107.40947794197739,111.43356842449174,20084200
2020-03-16,109.54645538330078,115.25944770615267,105.49652210936279,106.47884646217602,18877900
2020-03-17,117.69802856445312,117.85313933092883,110.13240461813429,110.7700588388491,18911800
2020-03-18,116.29347229003906,116.90526369119351,110.90791978815065,112.89841788911716,17521100
2020-03-19,109.47752380371094,116.3193324255215,108.70200285836593,116.3193324255215,18482300
2020-03-20,103.30782318115234,109.8135733209384,101.7912497353788,109.28794286372418,19785100
2020-03-23,95.76805877685547,102.16178582985292,94.0619192388473,100.8175538818269,20815200
2020-03-24,102.6960220336914,103.10101662669018,98.1118400863855,102.33411448962636,17604800
2020-03-25,102.88558959960938,106.81488634494494,100.55902712606041,102.4633641517684,13986100
2020-03-26,109.06389617919922,109.52058996113576,103.73004309200411,103.89376598521174,15066800
2020-03-27,106.12554931640625,109.9686788935122,103.9023916076001,104.82439795710577,12133200
2020-03-30,114.61317443847656,115.45763857475525,109.86527587710508,110.69250256308854,21754000
2020-03-31,112.99320220947266,116.9397365932592,112.06257717524025,116.31931990377093,15746100
2020-04-01,110.99408721923828,112.21768324130466,108.14190055145343,110.03761251312919,12606100
2020-04-02,114.73381805419922,115.46625853558248,109.62401158094647,111.26121446503224,11594500
2020-04-03,115.61275482177734,116.14699753216212,113.38098456249178,114.07033805389666,10071200
2020-04-06,120.4295883178711,121.47223725991694,116.79326154565351,118.05994477972723,14994400
2020-04-07,118.46492767333984,122.38561285802808,118.27535515727509,120.51575044804628,11567100
2020-04-08,123.44548797607422,124.19516590099937,118.30983195404188,118.69758914372159,10758200
2020-04-09,121.69625854492188,125.30673532633412,120.87765713072085,124.0917514319468,11125400
2020-04-13,120.43821716308594,121.92032258061172,118.7751513575134,120.63640185603289,8153200
2020-04-14,125.83234405517578,127.03009029154377,124.12620486666545,125.30671365513973,13838000
2020-04-15,127.2369155883789,127.45233769394707,123.68675034775666,125.4187524914507,11962300
2020-04-16,128.9689178466797,129.83921850927933,126.18566763804472,127.79702094594023,12181700
2020-04-17,130.99391174316406,131.23518351235617,128.90862679610353,130.96806213563102,10920000
2020-04-20,130.69229125976562,131.83833852539954,129.33082187235817,130.05463704591975,12226200
2020-04-21,128.9775390625,130.66645444779232,128.02107737058867,129.35668413766712,9951100
2020-04-22,131.8297576904297,133.5617472275313,130.744021523845,131.6746468887779,11515600
2020-04-23,134.00120544433594,135.28512634495618,132.44155099593837,132.91548241216236,10665000
2020-04-24,133.4410400390625,134.68187319599582,132.3897793449006,134.0528444686101,8653400
2020-04-27,132.94989013671875,134.46647005221237,132.7000062997272,133.3979717615983,8924000
2020-04-28,130.4510040283203,131.9244969513568,129.85643693917086,130.33036818040023,8558700
2020-04-29,129.4600830078125,130.65782947869428,128.52945786414335,130.44240735696502,9285200
2020-04-30,129.28773498535156,129.62379296981948,126.8060810801743,127.92627874450827,14829600
2020-05-01,127.77973937988281,128.96887332183732,126.48720705978224,128.92578628150358,7309000
2020-05-04,127.76254272460938,128.46050822474177,126.7457435756805,128.19338692452533,7198400
2020-05-05,128.82244873046875,129.92540911254923,128.08139599110294,128.3916044203334,6562300
2020-05-06,127.59882354736328,129.52901035269207,127.5643486473042,129.25326374550713,6191600
2020-05-07,127.17660522460938,128.848283053374,126.78023586936368,128.71040973488707,5570500
2020-05-08,128.133056640625,128.54666337234153,127.43509117200306,128.32262913189527,4712100
2020-05-11,128.48635864257812,129.3394348972366,127.63328238791966,127.9176411394725,5887500
2020-05-12,126.78885650634766,129.5462573190051,126.69407023708486,129.33946047575841,7039200
2020-05-13,126.78024291992188,128.34850927287474,125.81514278516528,125.87546729597933,6970500
2020-05-14,127.21968841552734,127.32308682708984,124.3071771055028,125.28088930879281,6871400
2020-05-15,129.6324462890625,129.66690805077747,125.51357547702348,127.41790008451133,10340400
2020-05-18,129.7013397216797,132.3725658329823,129.6496405221796,131.39886689631376,7388400
2020-05-19,128.40882873535156,130.2011424599223,127.87457290458839,129.33945392782041,6107300
2020-05-20,127.2541732788086,129.589355301131,126.90089092570769,129.03787509211276,5713400
2020-05-21,126.41834259033203,127.96075942711992,125.65144024831798,127.96075942711992,6487300
2020-05-22,125.26431274414062,126.93022158418539,124.9953397411417,125.43785567204522,6140900
2020-05-26,125.42916870117188,127.06037687485588,125.20358143353178,126.84346145769433,7072300
2020-05-27,125.71549987792969,126.02785861129537,124.08429168819035,125.22093960645614,7950000
2020-05-28,127.520263671875,128.50939765531587,126.51377274431222,126.69598755891913,6189600
2020-05-29,129.064697265625,129.58529965962683,126.09729539453983,128.37925024500916,8504000
2020-06-01,127.71115112304688,128.70895696494134,126.68730324507503,127.79790936525072,6141800
2020-06-02,128.63084411621094,128.71761558003547,126.78272050037401,127.59832459824509,6078300
2020-06-03,128.97793579101562,129.403094887077,127.06908226406286,128.86514874715965,6339500
2020-06-04,127.31201171875,128.73497653571468,126.3142059483636,127.3727543994619,8170500
2020-06-05,127.80660247802734,129.8369281776931,127.19924178660641,128.1449900946383,9725400
2020-06-08,127.34674072265625,128.07557354091222,126.45305002514645,126.57452216152245,7555600
2020-06-09,126.64393615722656,129.56795250992457,126.37494984832952,128.6308760735696,8247200
2020-06-10,128.24041748046875,130.17529959937593,127.19922596192747,127.19922596192747,10137100
2020-06-11,122.22750091552734,129.42909576021853,122.12338574690189,128.91717852852065,11913300
2020-06-12,123.338134765625,124.69169846149529,121.71561123641058,123.93682359967974,8687400
2020-06-15,122.5572280883789,123.55503385313416,120.94337662609658,122.34031264043487,8649600
2020-06-16,125.3424301147461,126.17537803303891,123.87607954669382,125.02138624421357,7579100
2020-06-17,124.96063232421875,126.17535331689258,124.48341577728765,125.72416555984265,5100100
2020-06-18,124.43136596679688,125.04739835173619,123.09515955195945,123.65914759335274,4797400
2020-06-19,124.7957992553711,126.5745086071277,124.29255381871269,126.49640898252304,12206900
2020-06-22,124.41402435302734,124.64829674491217,123.23400378132334,124.48343888541797,5285600
2020-06-23,123.95415496826172,125.01270333537929,123.7979689727282,124.71770152538711,5921600
2020-06-24,121.31647491455078,123.37282907075661,120.3620416727218,122.76546848025994,8211200
2020-06-25,121.1863021850586,121.96720562094434,119.33817861687515,121.96720562094434,7421200
2020-06-26,119.5724868774414,121.12560912575417,118.88703978715161,121.06486643650977,12849700
2020-06-29,120.63970184326172,121.21236186093361,119.7199823697418,120.3794138711105,5309800
2020-06-30,122.01927947998047,122.35766704216671,119.59849571709827,120.95204596584324,7738300
2020-07-01,121.80238342285156,122.678717187616,121.52472525611229,122.07135649721144,6174800
2020-07-02,122.31427001953125,123.06913145641771,121.75896706514425,122.55721423460888,5152200
2020-07-06,124.05826568603516,124.7437258405236,123.10384576335355,123.35546183002896,6156400
2020-07-07,123.94546508789062,124.9172418450815,122.539844290422,122.67867332415365,5622600
2020-07-08,124.30989837646484,124.41401354627304,122.94766312062731,123.96282574465886,6257400
2020-07-09,123.63313293457031,125.31638568208587,121.97589574206833,123.8673920849061,5738600
2020-07-10,123.52896881103516,123.96279957962287,122.71336484777598,123.85868443179042,4282400
2020-07-13,125.9931869506836,127.23393707951483,124.31859264399937,124.60492265206878,6951900
2020-07-14,128.34451293945312,128.75231498446934,126.0365297143542,126.08860053582842,7447100
2020-07-15,128.63954162597656,130.33149283177534,128.61351282953066,129.91500560970252,8512800
2020-07-16,129.49853515625,129.57662154771575,127.26863777717354,129.00396153136114,9304700
2020-07-17,129.5853271484375,130.65254771911398,129.01266704145144,130.1493021620176,7441100
2020-07-20,129.80223083496094,130.4269484876226,128.78705471978287,130.34884885143705,6191500
2020-07-21,129.92369079589844,131.5982718193244,129.71544718471074,129.80221866590625,5575900
2020-07-22,130.15794372558594,130.50501639426352,128.2838042726012,130.08852919185043,5910200
2020-07-23,129.8108673095703,130.88677258247705,129.5245373601806,130.3314696247274,6566300
2020-07-24,128.51803588867188,130.66984625494317,127.57228789319889,130.5830747965014,5405900
2020-07-27,127.70244598388672,129.2121821474965,127.4248011171634,127.86730382950395,5675200
2020-07-28,127.39876556396484,128.4052562862932,127.32935104110084,127.89332583510446,4842200
2020-07-29,127.14714813232422,127.954080451409,126.73935928656579,127.01700416447234,4489100
2020-07-30,127.40744018554688,127.98010008203002,126.80007964661026,127.92804249861642,5922500
2020-07-31,126.47038269042969,127.93673329119336,124.90860199892326,127.25128627565165,8259600
2020-08-03,127.84996032714844,128.23172036455585,126.80875566677497,127.01699924674311,4078700
2020-08-04,127.73715209960938,127.73715209960939,126.52243105755711,127.53759362258646,4162200
2020-08-05,128.76095581054688,129.55053091933047,128.2403668764364,129.36832942620396,5467500
2020-08-06,128.02349853515625,129.498520916123,127.11245101649594,128.76100310590556,4837900
2020-08-07,128.93455505371094,128.97792755424808,127.67643479087738,127.98879358366511,3635100
2020-08-10,128.43997192382812,129.29027675912204,128.17099889099308,129.1601327882238,4096600
2020-08-11,127.520263671875,129.48117469463486,126.99966126397172,129.40308830529014,6388400
2020-08-12,129.85427856445312,130.3575240374902,127.97145389640912,128.01482639830775,5257300
2020-08-13,128.41395568847656,129.44647542347604,128.00615355382183,128.88248726900045,5155500
2020-08-14,128.62216186523438,129.5765816927972,128.0495020250174,128.07553081416677,4240200
2020-08-17,129.27293395996094,130.34882609882465,128.6135025308838,128.69160215343692,4306900
2020-08-18,130.22735595703125,130.2360410482625,128.90851955777782,129.50719507665912,4322600
2020-08-19,130.48765563964844,131.52017528466976,129.55926441192324,129.78485171037326,7816300
2020-08-20,131.38136291503906,131.52019199609526,129.758839403538,129.9323691351233,4874700
2020-08-21,132.5440216064453,133.31624013598974,130.66119694990368,131.693716686597,6722800
2020-08-24,132.89337158203125,133.54844902327213,131.32119638512088,133.4087092981051,5387900
2020-08-25,132.81480407714844,133.69698381732502,132.3606131875322,133.44367966966675,3863500
2020-08-26,133.02442932128906,133.33012420936865,131.57452101269695,132.64011499105132,8008300
2020-08-27,133.61834716796875,133.86290838605984,132.6663043312865,133.12922473178656,5575400
2020-08-28,134.19479370117188,134.24719776280978,132.67500927575102,133.40870612143468,5395700
2020-08-31,133.99388122558594,134.8585747313074,132.98942136976427,133.63576910322564,6362700
2020-09-01,132.3431396484375,134.57913558853403,131.07665903069704,134.3957080075101,6307700
2020-09-02,134.3607635498047,134.79748188156861,130.36042203153667,131.70550862923187,6881900
2020-09-03,130.62249755859375,135.793242664512,129.53070137928017,135.23424355380706,8672800
2020-09-04,129.78396606445312,131.84527736854292,128.50875584754613,131.1639977562036,7200100
2020-09-08,128.6222381591797,131.79281652379058,128.30780052527132,131.23381776657368,8756800
2020-09-09,130.75347900390625,131.9762984522768,129.37344733754375,129.39964937387575,6960700
2020-09-10,128.3165740966797,130.8233328736974,127.97593435580416,130.36041254193285,6191800
2020-09-11,129.0764617919922,129.73153925270168,128.07201501660498,128.43885679529208,3934700
2020-09-14,129.57431030273438,130.55255491939275,129.27733176332023,129.37341031156942,4375800
2020-09-15,130.0459747314453,131.53081428467866,129.72280745454444,130.53509709462006,3658800
2020-09-16,129.6179656982422,131.067873424548,129.5743045371853,130.4826725940088,4323000
2020-09-17,128.5436553955078,129.81887862196345,127.5654107248574,129.30354092877488,5461400
2020-09-18,130.2992706298828,130.70978691396567,127.69643319294585,127.96719641700362,12174000
2020-09-21,126.73566436767578,129.20747838077662,124.86651045323674,128.9017835471225,7574500
2020-09-22,125.95831298828125,126.9540302980564,125.5303242052532,126.37755887461121,5295900
2020-09-23,126.15918731689453,128.87557573371254,126.10678325219469,128.81442877317264,8784400
2020-09-24,126.36009216308594,126.86668707394811,125.19841969418272,126.26401358813644,5614800
2020-09-25,127.22479248046875,127.74011693306518,125.67880579509313,125.77488436486418,5531200
2020-09-28,128.4912567138672,129.5219054882213,127.88858333704657,128.15934654632318,5843200
2020-09-29,128.44757080078125,129.19872673115472,127.57413429232759,128.91923397879293,6768600
2020-09-30,130.03726196289062,130.7796751716272,128.25544360674974,128.7882405342367,8487700
2020-10-01,128.6746826171875,130.70977810852,127.92352662963697,130.41281287166115,6457800
2020-10-02,127.73138427734375,129.62674026467405,127.3732720416159,127.70518224327449,5485600
2020-10-05,129.46949768066406,129.60052116133966,127.88857963796845,128.39517444256214,4992800
2020-10-06,127.74884033203125,129.80142180182807,127.40820056976557,129.51318610643625,5118200
2020-10-07,129.16380310058594,129.4694979008471,127.35578301934481,127.94972681206566,5603100
2020-10-08,130.0459747314453,130.88447973087693,129.30354829103624,129.70533499083538,4413500
2020-10-09,131.86273193359375,132.30817982654435,130.5351044957134,130.70978915995371,5054100
2020-10-12,132.6226348876953,133.75810534504768,131.9064236724218,132.41301859424323,7273200
2020-10-13,129.58306884765625,131.12031263582395,129.06774439525523,130.1420678004069,11057600
2020-10-14,129.35595703125,130.1682466170023,128.735811223108,129.98483240687034,7706400
2020-10-15,128.5611572265625,129.18128985494636,127.81000108926737,128.8144480196516,5978600
2020-10-16,129.35595703125,129.93241501924868,128.40390107275726,128.91923876082387,6097000
2020-10-19,126.05436706542969,130.05469466545625,125.88841199144922,129.73152741249464,7250800
2020-10-20,126.25525665283203,127.30337785300027,125.87967200395111,126.35133520695652,5325400
2020-10-21,125.7137222290039,126.94527102175336,125.69626309303328,125.87967731381784,5221300
2020-10-22,126.71820068359375,127.25099761483213,125.63513435502766,125.91464050211052,5279700
2020-10-23,126.85794067382812,128.80570062293083,126.08058260785725,127.41693958275566,4154400
2020-10-26,125.74864959716797,126.44740143837926,124.68305603802689,126.15042290974604,6929500
2020-10-27,125.03245544433594,126.02817272669824,124.83156873960641,125.54779321463887,4890100
2020-10-28,120.84868621826172,124.01052238549792,120.69146070289801,123.5301295990874,8426100
2020-10-29,119.82676696777344,121.14565141032257,118.8310497961439,120.53424846767014,7205400
2020-10-30,119.75689697265625,120.13246832662972,116.73480036618882,119.38131229109749,7364100
2020-11-02,121.13694763183594,121.4164404675862,120.08882617449449,121.39023843072172,7088000
2020-11-03,120.97096252441406,123.11962230775728,120.34208714039089,122.29858981597235,6363000
2020-11-04,121.7570571899414,124.49964759167203,121.14565423304315,121.83567661321645,10263500
2020-11-05,122.07152557373047,123.8795461944226,121.63480716226918,122.76154812728875,8016200
2020-11-06,124.2463607788086,125.0673933444882,121.97542020682613,122.63049768017662,5942500
2020-11-09,127.59160614013672,130.13330956612396,126.57841659658682,129.644173928574,12351600
2020-11-10,129.51315307617188,129.92366926543565,127.74880775173503,128.61351461738082,7386500
2020-11-11,129.0939483642578,130.31675442685133,128.27291572469366,130.29055239176623,6382400
2020-11-12,129.53067016601562,129.83636502600547,128.1768405643838,128.92799668784755,4710300
2020-11-13,130.92816162109375,131.37362288687737,129.62674941186566,130.2206799961279,5893500
2020-11-16,131.7579345703125,132.15097842887653,130.84082334860528,131.8190682103801,6266400
2020-11-17,130.44778442382812,131.5657824017375,130.2468843747257,131.01551298238357,7297700
2020-11-18,128.71832275390625,130.80583529384884,128.71832275390625,130.02847740226142,6661000
2020-11-19,128.5175018310547,128.7970080295516,127.16367200321226,128.65725493030314,7987700
2020-11-20,127.836181640625,129.21621307151406,127.6352949538278,128.43885502860152,6354900
2020-11-23,126.53451538085938,128.4166575569534,125.80452383973098,128.4166575569534,7318300
2020-11-24,126.53451538085938,127.31727513119297,126.30584866757162,126.64885544760105,11034800
2020-11-25,126.36740112304688,126.79836384481486,125.6462132643887,126.7016176591198,7594600
2020-11-27,126.64885711669922,127.22933426599775,125.96284354759943,127.08861009279887,3059000
2020-11-30,127.24689483642578,127.40521286158162,125.82209971099178,126.85111990382674,15663200
2020-12-01,129.6831512451172,131.16072823786786,128.28473998819305,128.6629211096698,9738200
2020-12-02,130.29002380371094,131.6708547237005,129.90303900014197,130.0349729578298,7745500
2020-12-03,131.04638671875,131.5565017808304,129.8942360699977,130.20205510077662,7310500
2020-12-04,132.1633758544922,132.19855019106333,131.28386981804553,131.7412032944559,6747100
2020-12-07,131.02001953125,131.84675737929504,130.61544083660334,131.35423613029735,6634700
2020-12-08,133.2891387939453,133.80804412014425,131.53012677006004,131.9259017913949,8339800
2020-12-09,134.65240478515625,135.00420189759132,133.47385627607966,134.4149343531528,8440100
2020-12-10,133.90481567382812,134.54685142646392,133.40349071039796,134.4061406372583,7392900
2020-12-11,134.52041625976562,134.92499485320386,133.00766513330052,133.27151957074335,5977400
2020-12-14,131.1079559326172,134.98656689953256,131.03759384752226,134.7842842925069,8547300
2020-12-15,132.4272003173828,132.585504926348,131.51250673160382,131.92587554860498,7612600
2020-12-16,131.63563537597656,132.73501765855156,131.5300989713114,132.10177239017284,8486100
2020-12-17,135.1096954345703,135.34716579114988,131.89071395960383,132.00504060372373,9920300
2020-12-18,135.89247131347656,136.41139006842394,133.39467741924335,135.13609559393305,17137200
2020-12-21,134.5819854736328,134.92499220952948,131.96985209249897,133.693675998987,7893400
2020-12-22,134.31813049316406,135.3559409236231,133.5617549478387,134.03668218783656,4699500
2020-12-23,133.6321258544922,135.0921088394172,133.59693810390414,134.38850144979835,4607300
2020-12-24,134.0982666015625,134.59957798963106,133.52659313056947,133.55297723414176,2114900
2020-12-28,134.73150634765625,135.32956389745246,133.94874666030856,134.8458464051974,3855500
2020-12-29,135.5670623779297,136.2618662544276,135.2680335409659,135.5406782699739,5212000
2020-12-30,137.2469024658203,137.5371410318861,135.97162155688545,136.09475184974409,5412800
2020-12-31,138.41665649414062,138.66291709682375,136.42017414649158,137.66907103729778,5099900
2021-01-04,137.64268493652344,138.41665448813725,135.55826007252256,138.29352418858016,11765900
2021-01-05,139.26100158691406,139.63039256218715,136.38502611795934,137.4228369408411,9602300
2021-01-06,140.57142639160156,140.92322337547557,137.8361625683678,138.29350938355978,8230100
2021-01-07,141.04638671875,141.62686395636322,139.26979408755489,139.8414676753814,7747200
2021-01-08,140.7561492919922,141.68843702402302,140.6154385163895,141.16951822953288,8228900
2021-01-11,140.16685485839844,141.8819021469051,139.6391593559463,141.21346905552556,7066200
2021-01-12,139.07627868652344,140.421921702074,138.3726712499791,139.97336508342673,6903200
2021-01-13,138.8651885986328,139.36651341265664,137.8625523907804,139.16421738935128,6643100
2021-01-14,141.29263305664062,142.4359935368339,140.37795272460392,141.11673454127163,10030800
2021-01-15,140.98480224609375,141.9610543581597,139.93818804971187,140.98480224609375,7630800
2021-01-19,143.16595458984375,143.39462126903294,141.6883912716484,142.47994113208253,9057600
2021-01-20,142.81417846679688,144.36210408597177,142.30406341247667,143.53536635725263,6839900
2021-01-21,142.24252319335938,142.9021527933919,140.7737495610441,141.88193587802584,6818000
2021-01-22,143.8432159423828,145.25922120768922,142.36563881240357,142.79660160452192,8137000
2021-01-25,145.98037719726562,146.07712337755478,143.93993060415912,145.1272554493142,9924400
2021-01-26,149.93814086914062,152.72617256741606,148.97948279456696,149.2521274377766,14205700
2021-01-27,147.65145874023438,150.325150842944,147.27326421460577,148.74203749651278,14207300
2021-01-28,148.77725219726562,150.27240985408625,147.58112338776954,147.932920452834,8944400
2021-01-29,143.47381591796875,145.997993805566,141.20468886165145,144.46764855729722,22505900
2021-02-01,143.1044158935547,145.39112326132886,143.00766970436683,145.39112326132886,9971400
2021-02-02,141.82028198242188,143.9398937587879,141.7587101470015,143.69363325748796,11443300
2021-02-03,141.16073608398438,142.05783610834197,140.3428018119221,141.54772093449935,8601900
2021-02-04,142.47117614746094,142.55911869187165,140.50986818233875,141.60046041056023,7758100
2021-02-05,144.63475036621094,145.50546608540932,144.11584507809076,144.9953510254927,9495300
2021-02-08,145.048095703125,145.9276015078397,144.13341557110687,145.14484187845136,6035300
2021-02-09,146.23545837402344,146.516893300118,145.09209795256155,145.29438056383535,5544200
2021-02-10,146.71038818359375,147.70423422060088,145.73413602357857,147.660256238219,5921300
2021-02-11,146.05076599121094,147.21172036704206,145.64620074159464,146.87750378850947,4871300
2021-02-12,146.5081024169922,146.74557278058873,144.23897546090328,144.59077247199792,4413100
2021-02-16,145.18002319335938,146.92144085188212,144.80182873558832,146.50807206836615,5656100
2021-02-17,145.69895935058594,146.0771404685671,144.55559892799394,145.09209809596888,6676700
2021-02-18,145.76934814453125,146.138739101934,144.50285719332285,145.0833344493264,5189100
2021-02-19,143.3418731689453,145.96281051120917,143.28031473215145,145.64618783859586,8190900
2021-02-22,143.25335693359375,143.8462987371151,141.8550708207416,143.25335693359375,6447100
2021-02-23,141.98782348632812,144.42154642727613,141.95241631774257,142.90820731138024,7042800
2021-02-24,143.89056396484375,145.48354914283476,142.41263184255982,143.72241365385028,10286100
2021-02-25,144.04103088378906,144.87292401025232,143.35959800690463,144.36848651043033,9719700
2021-02-26,140.23558044433594,143.73128971683607,139.80193030017776,143.36844042298216,14417500
2021-03-01,140.99664306640625,142.95246381738917,140.79308560061563,142.8816629819679,10551400
2021-03-02,140.7311553955078,142.28873339690435,140.35946110553408,141.40374313395364,7610900
2021-03-03,138.25320434570312,140.62497218691774,138.11160263772197,140.04973381608227,8499600
2021-03-04,135.46546936035156,138.14698884267148,134.04947950328517,138.04963937119965,11033200
2021-03-05,138.14695739746094,138.66909830565018,135.51853576988714,136.27076923832664,8331600
2021-03-08,139.2974853515625,141.0055238675679,138.04080058785158,138.94349458855845,6546700
2021-03-09,139.5629425048828,142.26216513512736,138.84610265144758,138.84610265144758,7461300
2021-03-10,140.84619140625,141.50993408677687,139.26206481709949,140.55415651023205,6635600
2021-03-11,140.8373565673828,142.15599698294736,140.64265762001406,141.19134728775484,6305600
2021-03-12,141.24444580078125,141.87278130053528,140.88159656634343,140.9612424459383,5474800
2021-03-15,141.9701690673828,142.1825716408183,140.27098899154737,141.37722707507692,5524100
2021-03-16,142.8109130859375,143.0852579811272,141.81088300062189,142.00558199150814,6369100
2021-03-17,142.2799072265625,143.12949042950456,141.18251429355732,142.3330044887612,6001400
2021-03-18,142.014404296875,142.91709824609845,141.56306407420388,141.7843116644335,4801800
2021-03-19,141.6338653564453,142.92595735223577,141.1294278231034,142.2091172499758,14891500
2021-03-22,142.0409698486328,142.17371301703167,139.82849368276626,140.10283856671245,7544100
2021-03-23,141.90821838378906,142.6604521338758,140.60728139400618,141.78432026589937,7178300
2021-03-24,143.2887725830078,143.7932099963249,141.43914622771294,141.6869424138826,6370100
2021-03-25,143.34190368652344,143.76669531971663,142.1648647723225,143.75785027665017,6269800
2021-03-26,145.96142578125,146.11188599719657,142.81972140497956,143.4480568786822,7619200
2021-03-29,146.9438018798828,147.81994724804602,144.81098525262576,144.98798063402424,8535100
2021-03-30,146.03225708007812,146.607508926798,145.34196566711944,146.04111562632212,7236300
2021-03-31,145.4481658935547,146.36854989350633,144.87291407768927,145.98801053410617,8281500
2021-04-01,144.10296630859375,144.9968016138433,143.59851537624795,143.89942232895865,7229700
2021-04-05,144.63397216796875,145.80216595826843,143.95253929417555,144.81982609056428,7387100
2021-04-06,144.5985870361328,145.59863055170288,144.25344130567942,145.20923259860012,5074200
2021-04-07,144.7932891845703,145.38623117019057,144.53664789379366,144.74019191778083,4608000
2021-04-08,144.2268829345703,145.2357714249965,144.12068841048804,145.1384219432939,5039400
2021-04-09,142.7046661376953,144.19144315419848,141.40372949631583,143.47460327096456,8418300
2021-04-12,143.04981994628906,143.43921780731827,141.89932994885163,142.56307262000254,5022800
2021-04-13,141.1382598876953,141.5365028518987,138.52754100693843,138.81958944838925,18424100
2021-04-14,141.5276641845703,141.69581452242352,139.42138269589447,139.6780374759489,7718300
2021-04-15,141.943603515625,143.71358423831072,141.80200181687866,142.23565195533388,7524600
2021-04-16,143.580810546875,143.81974817082246,142.0940200340323,142.78431128874834,9049400
2021-04-19,143.9790802001953,144.35077452156145,142.3418426739075,143.81092987541234,8353500
2021-04-20,147.3331756591797,148.4925107466773,142.4834327840151,142.4834327840151,14050700
2021-04-21,147.43051147460938,147.71371481527996,146.28002153492255,147.235812553868,6333200
2021-04-22,146.18270874023438,147.1562035881142,145.68711627363442,146.76680564896228,7233000
2021-04-23,146.48361206054688,146.96150092593726,145.13842289651672,145.6074667194693,6015300
2021-04-26,145.24459838867188,146.38624339598098,144.92600135219953,146.2092480432474,6027800
2021-04-27,144.41268920898438,145.05874175475944,143.7843537515429,144.92598512716205,6217700
2021-04-28,143.3507080078125,144.43039712604389,143.05865962299134,144.1295037006689,7448000
2021-04-29,145.31541442871094,145.36851168969633,143.20028800821166,143.27993389968975,6394300
2021-04-30,144.01446533203125,145.43045518992807,143.82862493430883,145.27114991657163,9079100
2021-05-03,146.20924377441406,146.3065932411572,144.35960390629435,144.78440894510774,6594100
2021-05-04,148.4748077392578,148.54560857481923,145.73133275273688,145.87293442385973,10179500
2021-05-05,147.85533142089844,149.0323566008044,147.60752172084045,148.23587075650053,7792300
2021-05-06,148.4482879638672,148.5810311164185,147.12080242282926,147.60753631810485,5529900
2021-05-07,149.12086486816406,149.72265178754992,148.52792299034084,148.94386950974942,5316200
2021-05-10,150.68731689453125,151.80239992015413,149.76691933037256,150.35986126887784,8357500
2021-05-11,149.45718383789062,151.21830610041644,148.9261841936212,151.0236071311098,8217900
2021-05-12,148.85537719726562,150.27136718762236,148.63412960526497,149.156270681455,6758300
2021-05-13,150.4129638671875,151.0678480751677,147.76683789378058,147.76683789378058,8018600
2021-05-14,150.64305114746094,151.8731871341142,150.59879893133203,151.75813407295513,5797700
2021-05-17,150.79348754882812,152.12097291847115,150.7226867086483,150.8023325898958,5722600
2021-05-18,150.84661865234375,151.66080824129335,150.03242906339418,150.43067206287523,5846000
2021-05-19,150.51913452148438,150.58993535780166,148.71374695509027,150.36868780826467,5533800
2021-05-20,151.395263671875,151.85544880346345,150.1739730063178,150.39522053246208,4853200
2021-05-21,151.29794311523438,152.87322472192022,151.21828372766223,151.62538519522235,6501800
2021-05-24,151.87680053710938,152.58921274318845,151.1822023729187,152.1884715354278,5195100
2021-05-25,151.45819091796875,152.30417408829632,151.1554202823781,151.98358941881017,7444700
2021-05-26,150.558837890625,151.45824992491637,149.855325952999,151.38700734970539,5726400
2021-05-27,150.32725524902344,151.53835152204,149.94434179802985,150.72798273600895,8114700
2021-05-28,150.7191162109375,152.28641202545106,150.647873639169,150.9595581921398,6400800
2021-06-01,147.40638732910156,151.56507496272852,147.2728160213916,151.52054666411556,10448400
2021-06-02,148.0030517578125,148.47502190344542,147.03239720080376,147.20159660926294,6806000
2021-06-03,147.86056518554688,148.8490337728712,147.5667082652159,147.7269938581237,5808800
2021-06-04,147.7982177734375,149.2230418307186,147.70916117430897,148.72434389897975,6510300
2021-06-07,146.7919464111328,148.10991351996262,146.6049465621554,147.82494325163285,5362800
2021-06-08,145.50071716308594,147.5221826801931,144.32524869569474,147.18378386030673,7746800
2021-06-09,147.4598388671875,147.62903827544744,145.74115769513875,146.03502820609586,5552600
2021-06-10,148.7866973876953,149.23195324045184,147.78041481226387,147.82494311516558,6463100
2021-06-11,146.8988037109375,148.7866840086636,146.23982021638733,148.77778378413566,7389900
2021-06-14,147.26393127441406,147.34408766298955,145.9548778479716,146.4891903605271,4931300
2021-06-15,146.4802703857422,147.70026703290085,146.39121378294573,147.1392403291687,5062900
2021-06-16,146.42684936523438,147.60233146846295,145.580865869316,146.75634797254455,6988500
2021-06-17,147.13034057617188,147.55778237708068,145.59865940244137,146.21311463457081,5874700
2021-06-18,144.24510192871094,146.2131390451035,144.07590250748456,145.3938697948625,12993000
2021-06-21,145.90142822265625,146.27544149212463,144.48551793364103,144.94858780503841,6592300
2021-06-22,145.7055206298828,146.07953391490915,145.40274991173723,145.78567701020506,5627800
2021-06-23,144.8239288330078,145.76786910466654,144.69034391893692,145.76786910466654,4493400
2021-06-24,145.48291015625,146.22203658965802,144.9753254900131,145.393867128065,4549200
2021-06-25,146.23092651367188,146.73851109698208,145.0554445933667,145.09997289425033,10963800
2021-06-28,146.06173706054688,146.99677709019997,145.61648119767688,146.435750354782,5604000
2021-06-29,146.07064819335938,146.61386093014838,145.5185352303754,146.04393392664284,3749500
2021-06-30,146.70289611816406,146.90770999578763,145.75004211733636,146.04391259642912,6151700
2021-07-01,147.78932189941406,147.8338366121595,146.60493975441065,146.70289658108402,6320200
2021-07-02,150.4786834716797,150.76365377625572,147.50437725536048,147.84277609501152,9059900
2021-07-06,149.57923889160156,150.37179369513868,148.70654130288327,149.52581036814743,6098500
2021-07-07,150.86160278320312,150.9417455816525,149.1429079948227,149.1429079948227,6293500
2021-07-08,150.56771850585938,150.90611729700285,149.23195096793103,150.2293197147159,5755500
2021-07-09,151.16439819335938,151.71651123472887,150.71024200656836,150.825999316064,6120900
2021-07-12,150.92393493652344,152.43780226763465,150.08685167664984,151.1465628848672,7840500
2021-07-13,150.73690795898438,151.17324996285706,150.20259554380368,150.46975175139403,4691200
2021-07-14,151.76100158691406,152.12611464338963,150.5320910983525,151.38698830520624,6162900
2021-07-15,149.9354705810547,151.29795257674905,149.3566433340956,150.76365363835572,6656900
2021-07-16,149.6950225830078,150.57662047182922,149.5614376747926,149.9087366951438,5834900
2021-07-19,148.6085968017578,149.7751649543238,147.2194007242554,148.25238396898143,8219700
2021-07-20,150.00669860839844,152.1083068404331,148.57297417567818,148.62640270552242,9902800
2021-07-21,150.932861328125,151.11096098401475,149.14292377788112,150.76366189918326,7585200
2021-07-22,151.36920166015625,152.33986991134378,150.18481925967666,150.81708865697502,5281900
2021-07-23,152.98098754882812,153.32828654238756,151.7253764725004,152.27748933710023,5014900
2021-07-26,153.05224609375,153.29268806459476,152.15283414166268,153.00773137792703,4484900
2021-07-27,153.75572204589844,153.80915056290826,151.98359923235137,152.98988159646066,7089300
2021-07-28,153.32830810546875,154.3969330865168,153.23926508246882,153.81809229042727,5750700
2021-07-29,153.32830810546875,154.36130500681196,152.3576535495435,153.827006104419,4214100
2021-07-30,153.34613037109375,154.04072849315588,153.0255455772088,153.64890112417072,5346400
2021-08-02,153.40847778320312,153.91606246386394,152.54468021528433,153.586577432766,3721500
2021-08-03,155.29632568359375,155.39428250835627,153.5598306883755,153.8180730874062,6033000
2021-08-04,154.3791046142578,155.4744301704894,154.2900480114524,155.127131160556,4793100
2021-08-05,154.67300415039062,154.81548930639073,153.54205030535496,154.81548930639073,4291000
2021-08-06,154.15650939941406,154.89563587748805,153.5687683077216,154.89563587748805,4581100
2021-08-09,154.69081115722656,155.17168155169344,153.99619945034723,154.69971138352219,3950200
2021-08-10,154.7442169189453,155.04698762602143,153.86260547267452,154.29004727020137,3678300
2021-08-11,154.7709197998047,155.36756094509263,154.55719212269443,155.17164730477376,4221300
2021-08-12,156.01763916015625,156.097781947915,154.58391485279986,154.7887423168004,4300400
2021-08-13,156.95266723632812,156.98828172103785,155.9463847946402,156.09777013388137,5882100
2021-08-16,158.3685760498047,158.41310434640891,156.6855097079401,157.21982209093423,4782800
2021-08-17,159.8201446533203,159.85575914449672,157.89663601465094,157.89663601465094,6041900
2021-08-18,157.78976440429688,159.8468441803725,157.73633587839305,159.8468441803725,7134100
2021-08-19,159.01869201660156,159.6954760646496,156.79241260944613,157.28218320851542,5615000
2021-08-20,159.79342651367188,160.2208683380802,158.5734297955272,159.30364234605264,5428700
2021-08-23,159.10366821289062,160.28612178476192,159.04095540366427,159.80239388465034,6461700
2021-08-24,157.11497497558594,158.745343903091,157.01643604404578,158.54826604001067,5734800
2021-08-25,156.07582092285156,157.5718109449451,155.77125105056604,157.38369988748198,5700300
2021-08-26,155.2427520751953,156.51479142780266,155.01880119616845,155.8250188931144,5031600
2021-08-27,154.9113311767578,156.12067166973085,154.75009306776408,156.12067166973085,7046100
2021-08-30,155.5652313232422,156.12062509147114,154.7769199085616,154.785873022319,3252700
2021-08-31,155.09046936035156,156.30876270662944,154.50818886513574,155.41295917756855,7106800
2021-09-01,155.63690185546875,155.63690185546875,154.13194489816385,154.88441654237812,5327400
2021-09-02,156.70291137695312,156.9358290523994,155.7892015804225,156.17439055307955,4544300
2021-09-03,156.80142211914062,156.96267383998145,155.69958775741668,156.8551818053377,4096900
2021-09-07,154.36483764648438,156.79245703602754,153.78255727590775,156.18331732771568,6859900
2021-09-08,153.9886016845703,154.9560710137492,153.2540499915435,153.73777782169526,4661700
2021-09-09,150.5576934814453,153.61237287948924,150.22623690773452,153.35259589143308,7114600
2021-09-10,149.57229614257812,151.47139499369243,149.48271033421887,150.98766716762802,6699300
2021-09-13,148.5242156982422,150.60247260778232,147.9240290231503,150.42331465040616,6273500
2021-09-14,147.62841796875,149.1871072941451,147.36862730193315,149.0616953522297,5259600
2021-09-15,148.18380737304688,148.66754889817238,147.18946498126235,147.807571558436,7935300
2021-09-16,148.00462341308594,149.1154244340879,147.08194710077836,148.3898122738727,5665400
2021-09-17,147.58360290527344,147.72693472276745,146.51759472458266,147.18049412883667,13419800
2021-09-20,146.74156188964844,147.9598551361426,145.27244476907097,146.44594510900544,7270800
2021-09-21,147.38653564453125,148.68544787015662,147.12675866695633,147.45820155841838,6663600
2021-09-22,146.84901428222656,148.65854060144903,146.58028425317514,148.12106687447394,5657100
2021-09-23,147.68214416503906,148.49732851249024,147.04611775786157,147.27006860042235,4697900
2021-09-24,147.23423767089844,148.38981796646323,146.81320900712598,147.58360042712724,4399300
2021-09-27,146.16822814941406,147.234236302296,145.88157819077827,146.91174655578445,5775500
2021-09-28,145.84576416015625,146.83115346765462,144.91413454396584,146.10555482707696,7610400
2021-09-29,146.92967224121094,147.50298584995474,145.81887114413715,146.01594897859982,5124100
2021-09-30,144.6722412109375,148.16586881287787,144.59162218986373,147.48506318679767,6972300
2021-10-01,143.74960327148438,145.03059584493093,142.0923611613878,144.69915289046284,8568300
2021-10-04,142.62982177734375,144.22435077312667,141.24132374109448,143.31959423876123,8620700
2021-10-05,142.95230102539062,144.3228790649753,142.56709847494147,143.20312487127055,5129000
2021-10-06,143.2479705810547,143.28379671415576,141.39365039162607,143.21213077907413,7312600
2021-10-07,144.52891540527344,145.66658953583703,143.34646204038938,143.34646204038938,5309200
2021-10-08,144.16165161132812,144.7708051030204,143.5525117885126,144.511028100673,4343200
2021-10-11,143.55250549316406,144.9857965069801,143.2748086055953,144.09894615443287,4101600
2021-10-12,141.25924682617188,143.48978864662135,140.94571015420973,143.3285505882699,6686400
2021-10-13,142.61190795898438,143.40021937705504,141.3129956770278,141.37570848022708,6901100
2021-10-14,143.42710876464844,144.349785339394,142.97025386912355,143.06879280763414,4579200
2021-10-15,144.49310302734375,144.94995787809026,143.69583848258438,144.25123226218324,6918400
2021-10-18,143.43605041503906,144.12582292948156,142.611912844675,143.5525092427554,7465500
2021-10-19,146.79530334472656,147.941930638841,143.9824811280903,144.13476607055662,10081300
2021-10-20,146.71469116210938,147.5836216211583,146.24886953061764,146.89384912225967,6003200
2021-10-21,146.374267578125,147.2611178496863,145.370972161399,147.18049882560115,4524100
2021-10-22,146.66094970703125,146.96551961565672,145.98014396971374,146.0697161181395,4304300
2021-10-25,146.98342895507812,147.18945991742243,144.86037919250137,146.6609391723813,6715400
2021-10-26,148.4794158935547,148.7302397560036,146.9565528232933,147.41340764370912,6939100
2021-10-27,146.67886352539062,148.48837667379183,146.29366092960652,148.41671075669535,7018800
2021-10-28,145.88162231445312,147.98675258159545,145.4068474980533,146.70575998950338,6278800
2021-10-29,145.90846252441406,146.23990540918808,143.8749849741345,145.43368781475795,8526800
2021-11-01,146.0338897705078,146.89385347224592,142.79107181958986,146.15930171321446,5846400
2021-11-02,148.3361053466797,149.58127172420637,145.9980575536113,146.6430371978286,8450600
2021-11-03,147.86131286621094,148.49733931967648,146.40114889240843,147.843392970217,6717800
2021-11-04,147.44924926757812,147.7986120566798,145.7203415489849,147.753819151641,8224400
2021-11-05,146.40113830566406,147.44924027794426,145.29930398703897,145.5501278373134,6215900
2021-11-08,145.8994903564453,147.0640374700915,145.12909891223705,146.62508889842206,5578800
2021-11-09,145.57701110839844,146.54448045718317,145.13807617390975,145.66659691933015,6112800
2021-11-10,147.1536102294922,147.66421099681807,145.43366955349575,145.59490758458597,6225100
2021-11-11,146.0697021484375,146.74155470732128,145.55910131150097,146.45490472334603,4118800
2021-11-12,147.8165283203125,150.15457596578455,147.45821239342368,149.9843711164056,18995200
2021-11-15,146.48178100585938,148.21964185069768,146.21303724252473,147.8075662577345,7496200
2021-11-16,145.72032165527344,147.22527831209186,145.67552875634976,146.17717641899804,7594700
2021-11-17,146.26678466796875,146.78635230371188,144.93203262085916,145.899501976842,5414500
2021-11-18,145.47848510742188,147.33280494120564,145.2366280003972,146.41908153025958,6358700
2021-11-19,145.9174041748047,146.18614790812808,144.92306192971998,146.05176920702934,7620700
2021-11-22,143.9968719482422,146.64778718413854,143.951785641551,145.19609616250048,7634500
2021-11-23,144.88951110839844,145.16902690917655,143.1673162449116,143.83455771913563,7734000
2021-11-24,144.4837646484375,144.8263902695318,143.70832704531753,144.3935920459136,5230900
2021-11-26,143.5460205078125,145.31330172224432,143.05912422131004,144.80836816338027,8523100
2021-11-29,144.0419464111328,144.64606434757587,142.8427222954803,143.81652865462087,9188500
2021-11-30,140.59751892089844,143.36565483527397,140.52539736548403,142.92383119753592,14981700
2021-12-01,142.53614807128906,144.33949000474402,140.88608855116894,141.4541456628975,9835800
2021-12-02,141.64349365234375,143.62716709456126,141.33692881530445,141.79677607086342,11334700
2021-12-03,143.7083282470703,143.96980678312423,142.09432945388522,142.38287077764858,8750500
2021-12-06,146.91827392578125,147.44124475317514,144.11407658482878,144.4386786929213,9692000
2021-12-07,147.29696655273438,148.1174904170817,146.4403819041814,147.87403540887175,8311300
2021-12-08,148.1806182861328,148.38801253540996,146.647780240079,147.39616886880594,6216400
2021-12-09,149.5872344970703,149.65936983825446,147.41421753693928,148.03635905763477,8574200
2021-12-10,149.21754455566406,150.299547046131,148.4601304297699,149.28967988948295,6572200
2021-12-13,151.88648986816406,152.56274317457476,147.69372487178114,148.55030964155296,11142300
2021-12-14,153.5455322265625,154.15867559580582,150.72331165205836,151.7782649589914,10482400
2021-12-15,154.3119659423828,154.45623659650303,152.76109080660757,153.1488164697548,8552200
2021-12-16,155.99807739257812,156.44891284239492,154.041453191382,154.42015331821938,8998600
2021-12-17,151.6881103515625,153.98737418164853,151.17416502958528,152.95946977928637,16726200
2021-12-20,151.25531005859375,151.94057506469986,150.1733076116445,151.30940811718008,7954500
2021-12-21,150.76840209960938,151.57088867612475,149.65933695082916,151.5348141342552,7954200
2021-12-22,151.41758728027344,151.63399324879555,149.7855651564198,150.63313800179057,4178200
2021-12-23,151.7061309814453,152.33729786831987,150.9036444199035,151.37251714661298,3501500
2021-12-27,152.98648071289062,153.14878860885045,152.11185894920783,152.50859629666036,3704800
2021-12-28,153.5996551513672,153.8611336788123,152.91437640919483,153.09470785140599,3187000
2021-12-29,154.68167114257812,155.0784086053166,153.20293117317635,153.28407826553425,3662000
2021-12-30,155.36692810058594,155.8808871755873,154.8619945409824,155.19560840891882,4231800
2021-12-31,154.24887084960938,155.7005480105992,154.21279630343344,155.5653028584598,4409500
2022-01-03,154.6726531982422,154.7267650208713,152.4725872889729,153.47344275227215,6012200
2022-01-04,154.2578887939453,155.34890308738323,153.82509053133242,154.2398515201339,6748400
2022-01-05,155.28575134277344,156.412839879544,154.7447433417616,155.08738265962944,7016100
2022-01-06,154.75381469726562,155.5382641485413,154.0054260361505,155.222673761398,7301600
2022-01-07,156.8456573486328,157.16124768117118,154.3029524507888,154.60050551216324,6986000
2022-01-10,156.07022094726562,156.61122901894294,155.2316735704133,156.61122901894294,7698400
2022-01-11,154.41116333007812,156.34073877697608,153.38325890992516,155.98007586964127,8341100
2022-01-12,153.0947265625,153.3562188803116,151.78730624866856,152.93243237219667,8116200
2022-01-13,152.16600036621094,153.66277760061772,151.89551005985524,152.38240636970377,6159400
2022-01-14,151.33644104003906,152.0667922700398,150.71428591569588,152.04876875803427,5847700
2022-01-18,150.6692352294922,151.22826686767652,149.68640334640256,150.6692352294922,7815600
2022-01-19,150.20037841796875,152.12995408495314,149.96594887730302,150.75941011562296,5926500
2022-01-20,149.00115966796875,151.3545219534543,148.71261829180634,150.84056278656882,6011300
2022-01-21,148.65850830078125,151.4717314591004,148.29784536791394,149.84872074437953,10550300
2022-01-24,146.9453582763672,148.02736097728877,142.6984808211967,147.87407852251255,14054600
2022-01-25,151.1470947265625,151.8503969155913,145.6919831252755,146.39528531430426,14081200
2022-01-26,151.8233642578125,152.58076458020562,149.88476339266887,151.06595017701207,9963200
2022-01-27,153.81605529785156,155.00626764285587,152.38240168461184,152.7340528304708,9066700
2022-01-28,154.8980712890625,154.94315759547473,152.65291906886958,154.05952377511312,9783100
2022-01-31,155.348876953125,155.64643000811688,154.02343335675226,154.63656297910666,8054800
2022-02-01,154.0775604248047,155.06939036980802,152.7701263361951,154.85299811336094,8154700
2022-02-02,155.78167724609375,155.98004593458018,152.96845482683426,152.96845482683426,7382800
2022-02-03,155.7726593017578,156.5480968239574,154.2217842573586,155.32182385300004,6240400
2022-02-04,154.75381469726562,155.9710624225131,153.39228253614877,154.18575750377136,6392200
2022-02-07,154.23983764648438,154.85298107524258,153.29308035347105,154.55542799695797,6065700
2022-02-08,154.64559936523438,155.1325094449176,153.7168792691966,154.2037893488798,6296100
2022-02-09,154.6275634765625,155.3038167210237,154.41115748530822,155.15053430328805,5387500
2022-02-10,152.76109313964844,154.3841036272712,152.65289702660928,154.37509187065362,10355300
2022-02-11,151.21926879882812,153.41933476306957,151.06597260182875,152.4906146149946,13125300
2022-02-14,149.3167266845703,151.45368260313256,147.70272785115196,151.21925309053674,8967600
2022-02-15,150.85858154296875,151.5709093789189,149.6864064234214,149.79461630540362,6631400
2022-02-16,150.76840209960938,151.33644542919242,149.4158957060392,150.11919793002318,8482400
2022-02-17,149.8487091064453,150.98480963931067,148.7035830579934,150.7684173997599,6227600
2022-02-18,148.2425079345703,150.0574259975074,147.86137680296065,149.71258713459704,6423200
2022-02-22,146.2279510498047,148.58735012312067,145.5927324829046,148.4330837459254,6868900
2022-02-23,146.30055236816406,147.58914258591307,145.96479694322798,146.56370940589545,8016900
2022-02-24,143.50555419921875,145.31140244923898,141.30950525691475,144.99378628601667,12883400
2022-02-25,150.63818359375,151.53657292650945,144.92118951934108,145.1934299698795,11340400
2022-02-28,149.3405303955078,149.89406707826657,147.3531930216768,147.79783905821745,9373500
2022-03-01,148.8233184814453,149.50391292572021,147.38046158279758,147.9521515002125,8737800
2022-03-02,150.6744842529297,152.11735456714993,148.85956627719506,149.19533551847914,6793300
2022-03-03,152.88868713378906,153.6691024209757,150.928586234084,151.27341123535808,7333700
2022-03-04,153.7961883544922,154.14102729717553,151.40957996539993,152.1264666735409,6302500
2022-03-07,156.27349853515625,157.0992755856709,151.87231746457786,152.7253310202548,11663400
2022-03-08,153.10650634765625,157.09932100251456,152.91593383676766,156.11926347521788,11100300
2022-03-09,153.687255859375,154.47674075362238,152.35329002974814,154.27709866709827,7248200
2022-03-10,153.95948791503906,154.40413393613656,152.52570112048926,152.96127753695862,6171400
2022-03-11,153.6781768798828,155.5929157953102,153.3787137683639,153.47853480553687,5188000
2022-03-14,155.80166625976562,158.00678538436316,154.58567430183788,154.8851236411777,7729500
2022-03-15,159.83981323242188,160.1846520521484,156.5820390406318,157.2898558888,10554400
2022-03-16,158.36978149414062,160.5749006763235,156.59115539167053,159.2227953470228,9603300
2022-03-17,160.4387664794922,160.47505874976287,158.0793673568288,158.99590988020014,7472100
2022-03-18,158.66014099121094,160.62025591199543,157.58934593155973,160.62025591199543,13809500
2022-03-21,159.55850219726562,160.76542421212525,158.188244224634,158.49677693157503,7574900
2022-03-22,158.80531311035156,160.04852741632078,157.81618619762094,159.55850568556758,8442100
2022-03-23,158.20639038085938,159.29533835399974,157.97952564284162,159.01402829433366,5254200
2022-03-24,159.0231170654297,159.2953436827778,157.96139171759646,158.80532192482602,5012300
2022-03-25,160.54762268066406,161.25543949620774,159.0049453608054,159.43145214026424,4809500
2022-03-28,161.37342834472656,161.69103067234983,160.03039296245498,160.3026195727821,5604200
2022-03-29,161.2917938232422,162.79816548422207,160.43878000931792,162.09034845707808,5933400
2022-03-30,162.97056579589844,163.21558361397044,161.2373157049493,161.92699343778517,6277600
2022-03-31,160.8289794921875,163.53321769881398,160.60211470720574,162.97058361628444,11490400
2022-04-01,161.70008850097656,161.91786975472883,159.34977349274914,160.6655860054854,6525600
2022-04-04,160.13929748535156,161.70012813788193,159.27721416891035,161.70012813788193,6860600
2022-04-05,161.17381286621094,163.02502335558432,159.975960196178,160.13931003605845,7446100
2022-04-06,165.36622619628906,165.70199539435345,162.0902991178914,162.7890463256906,10330900
2022-04-07,164.93975830078125,166.01963682738136,163.55134700850306,164.85809030634766,7385200
2022-04-08,165.2664337158203,166.23742152201729,163.73282574332657,164.54954717640106,7144500
2022-04-11,163.19741821289062,167.15393988496146,162.97963692149915,166.06499188782888,5932000
2022-04-12,163.2518310546875,164.07762187817863,161.70915387845807,162.6166126699721,5957500
2022-04-13,163.94154357910156,164.10487954999914,162.65295348180592,163.25186588848894,5643100
2022-04-14,163.2518310546875,164.61301924195857,163.09756472173677,163.34258247252782,6188200
2022-04-18,161.2191619873047,163.69652106841698,160.38430140658946,163.09759483223274,6318700
2022-04-19,166.1376190185547,168.73295268167038,163.29726751349634,163.99601491999258,14380800
2022-04-20,166.87266540527344,167.26288004677286,165.06681668094026,165.37536332075192,8044900
2022-04-21,166.3916778564453,167.7619359209638,165.66570790864228,166.90892227079962,6969200
2022-04-22,164.74008178710938,166.20109116264996,164.5948988873478,165.58402576017264,8003600
2022-04-25,168.79644775390625,169.41352708937023,165.24829350021005,165.46607480365844,11176500
2022-04-26,167.5895233154297,169.3046341371357,167.13579381044306,167.970668284737,10190000
2022-04-27,165.24830627441406,167.71659611362486,164.92162044726183,167.19026817839477,11090100
2022-04-28,166.48245239257812,167.42620376296395,165.08495762597218,165.3844207902449,9403900
2022-04-29,163.7600555419922,165.65664150919878,163.52410734252368,165.61126579032214,8463100
2022-05-02,162.10845947265625,164.62212453577504,160.64745007058585,163.7691109430884,7145400
2022-05-03,161.79086303710938,163.91432767337787,161.23731247948749,162.2536760005122,5898700
2022-05-04,163.5241241455078,163.7963646400166,160.75637117033392,161.66383025421212,5923000
2022-05-05,160.40243530273438,163.07945022062242,159.05033036044892,162.81627937705085,7089200
2022-05-06,160.04855346679688,160.50228300667823,158.52402885922433,158.9323826757722,6434000
2022-05-09,160.9197235107422,162.03589432420415,158.4332805973882,159.21369597554113,7855200
2022-05-10,160.70191955566406,162.59850564357887,160.16652204032994,161.73642231695635,8186700
2022-05-11,159.83078002929688,161.81811772743023,159.60391524817163,159.676513639739,6138900
2022-05-12,161.4097442626953,161.48234265166235,158.5421840554947,160.13930707258913,6898600
2022-05-13,160.48414611816406,162.3353565751215,159.53131130127304,162.16293713199406,7732200
2022-05-16,161.60031127929688,162.55314606289738,159.86706114919917,160.48414051110984,5516700
2022-05-17,162.2718505859375,163.07040521594487,160.24820672755015,162.181099132953,5751100
2022-05-18,159.25906372070312,162.77092582307904,158.9596005717579,162.28997363297114,8608800
2022-05-19,157.8434295654297,158.62384490325275,156.70910575154304,158.55124651755685,6874500
2022-05-20,160.60211181640625,160.7654616589512,157.94326323070786,158.66923329892774,7522100
2022-05-23,163.88079833984375,164.3283016261543,162.07248761690707,162.20034768952476,7040800
2022-05-24,165.67083740234375,165.98136666278342,163.5702810820732,163.7072690383682,6419800
2022-05-25,164.04519653320312,165.8078540298291,163.53375620331283,164.87629403712674,6558900
2022-05-26,163.89906311035156,165.30552386679094,163.11363299200943,165.30552386679094,6897600
2022-05-27,165.38775634765625,165.4516933652419,162.77574522796746,164.17307843487978,5853600
2022-05-31,163.96299743652344,164.54750263898438,159.83492160531003,162.5656644691449,16391400
2022-06-01,162.30081176757812,164.23698258218417,160.64774475687258,163.615937983571,5175400
2022-06-02,161.78936767578125,162.3921426057018,159.45134678655418,162.32821953260924,8666500
2022-06-03,161.1226806640625,163.17758393612223,160.876088369418,161.7163277485248,4234200
2022-06-06,161.10440063476562,163.0223158067739,160.73909009519443,161.84417747130857,5386500
2022-06-07,162.8761749267578,163.75293967201688,161.10438966549677,161.6340996668008,5447800
2022-06-08,161.90809631347656,163.88993450705112,161.46972089030655,162.65700101644111,4333100
2022-06-09,158.64764404296875,163.15928584732148,158.58370704093207,161.84415968794835,5509600
2022-06-10,157.58827209472656,158.8851428792182,155.82561425549827,157.24121725954342,6647300
2022-06-13,155.99913024902344,157.31427064845343,155.33243216220606,155.33243216220606,7997000
2022-06-14,153.6062774658203,156.2730831167386,152.75691035261875,156.2274158206392,7116800
2022-06-15,155.25022888183594,156.5744970788954,154.01728135674685,154.93057169067816,7796100
2022-06-16,155.33241271972656,155.45114491572377,152.8939293408782,153.79807780053773,7056700
2022-06-17,154.7661590576172,157.26856521617248,154.56523410442927,155.8347068891882,12486600
2022-06-21,158.00833129882812,158.78463353728068,154.85748291962506,155.94430047917768,8219700
2022-06-22,160.5016632080078,162.49262963174436,156.8028342249285,157.0859520250281,10593100
2022-06-23,164.08175659179688,164.22788640035128,161.21402529351823,161.65240078347585,10223500
2022-06-24,166.48367309570312,166.7028677719703,164.37397485355584,165.1046098387432,9374400
2022-06-27,166.3284149169922,167.4517719517582,165.76217942466354,165.89003950150237,5908600
2022-06-28,161.59756469726562,167.1047033002762,161.0221874314967,166.37406837809544,9245700
2022-06-29,161.64324951171875,162.83965753280157,161.13179525576945,161.85330237131177,7097900
2022-06-30,162.1181640625,162.83052941647296,159.85320790975788,161.52453091275746,10777200
2022-07-01,163.95387268066406,164.13652794697552,161.36925955203142,162.0633551382964,5498400
2022-07-05,162.6935272216797,163.5976896007274,159.46961370164067,163.32369973413384,5676400
2022-07-06,162.83966064453125,163.88081101227093,162.0268328481003,162.6296077809243,5335600
2022-07-07,163.0223388671875,163.58857446433115,162.11817634064985,162.43783355976979,5725800
2022-07-08,162.82138061523438,164.38311303569424,162.35560761614425,162.86704791374194,3828300
2022-07-11,162.88531494140625,163.49721771137578,162.127282392897,162.29166794197715,3645200
2022-07-12,160.6021270751953,162.97667382268486,160.00847993654344,162.54742620737102,4708800
2022-07-13,160.2276611328125,161.04048898637245,159.36916597464034,160.42858612454236,5291700
2022-07-14,160.44683837890625,160.748225859891,157.35992654183153,157.56997941559501,5359600
2022-07-15,162.77572631835938,163.03144648758374,161.24140530301324,162.30082539591646,5691100
2022-07-18,159.12257385253906,162.7392097719319,158.83032818696958,162.32823190138166,7605700
2022-07-19,156.8028106689453,161.42405726387315,155.14975748905334,161.04047701790682,13256400
2022-07-20,155.90780639648438,157.58825734567168,155.04016938973066,157.26860013942505,7455800
2022-07-21,156.4557647705078,156.52882966945756,155.04930378891248,155.30502396738436,5729200
2022-07-22,157.1955108642578,157.53343772764816,156.22742544440544,156.72060997553598,4257000
2022-07-25,157.50607299804688,157.98097398585367,156.83023306595967,157.19554366207353,4437300
2022-07-26,158.62025451660156,159.80753470797697,157.53345075256297,157.59737382776328,4525500
2022-07-27,158.18186950683594,159.00383909842296,156.2913659240222,157.6613013076305,4648500
2022-07-28,159.0951690673828,160.82128719425458,156.5744928309729,158.36453403291924,5513000
2022-07-29,159.38743591308594,159.6888234011146,157.91703789096687,158.7207239233385,6451400
2022-08-01,158.83030700683594,159.97191979263224,158.49238014596222,159.0677574494285,5461400
2022-08-02,157.92616271972656,160.27332556481818,157.72523773159793,159.83493617124412,5794200
2022-08-03,159.4513702392578,160.06327314513433,156.87589851505678,157.58826392402977,5010000
2022-08-04,156.89414978027344,159.90801085083933,156.72063631237182,159.6522906567991,5651600
2022-08-05,156.27308654785156,156.6566667592443,155.06753679572938,156.44661391541786,5235500
2022-08-08,155.44198608398438,156.61099640129646,154.74789056298727,156.44661085778486,4629800
2022-08-09,155.42373657226562,156.28223168401917,155.01275872438686,155.75252163770944,5532500
2022-08-10,155.8712615966797,156.39184378276124,154.83011116022132,156.19091879189168,5603400
2022-08-11,152.6473388671875,155.21368235832668,152.50120907587967,153.9076839297357,9328700
2022-08-12,150.96688842773438,153.37797424714327,150.82988652217352,153.01264976801832,14606900
2022-08-15,151.68836975097656,152.29114464255628,150.81161894113598,151.6061769754983,10072000
2022-08-16,153.0400390625,153.66106968322694,151.24085632936178,151.47830675451584,7453600
2022-08-17,153.04917907714844,153.9441996044198,151.98063117571462,151.98063117571462,7406600
2022-08-18,152.30943298339844,153.70676608029805,151.5422585112989,153.1405165966407,8312100
2022-08-19,154.6291961669922,155.368959164976,152.5194975621626,152.61083217690125,8128500
2022-08-22,154.0867156982422,155.30955488016255,153.70055817174173,155.29116241813742,5462600
2022-08-23,152.74440002441406,154.252259625026,152.4409874546801,153.54429696231347,5566300
2022-08-24,152.2386474609375,153.16726321141059,151.76974497830298,153.13968153768712,5684300
2022-08-25,153.66378784179688,153.7649253393,151.429573680351,152.57885704773275,5678700
2022-08-26,151.03424072265625,154.0039852868382,150.9698741141252,153.9672143886342,5667100
2022-08-29,149.86654663085938,150.63886166363383,148.96551242595584,150.29867828643646,5259200
2022-08-30,149.3424530029297,150.3630170702786,148.97468798180816,150.14236366934023,6973300
2022-08-31,148.34030151367188,150.37224070868538,148.2759489394493,150.07801742841596,8741700
2022-09-01,152.0180206298828,152.16513228190976,148.46903269343326,148.47823594002202,7509600
2022-09-02,149.6275177001953,152.80872647008792,148.9563260565233,152.49612473512076,5803700
2022-09-06,150.0320281982422,152.8270929623449,149.70104808523354,150.73080140393625,7394600
2022-09-07,150.850341796875,151.17213271657945,149.09423347481513,149.78380348333036,4590600
2022-09-08,152.06398010253906,152.09156178096543,149.94010668768192,150.67565084750666,5838400
2022-09-09,152.35821533203125,152.80872546790013,151.14456526869836,151.69622693918404,5500600
2022-09-12,152.29383850097656,153.14891262989454,151.90768096929486,152.725970173669,6365300
2022-09-13,148.3311309814453,151.19054896105655,147.85302510545276,150.3906521147409,6726400
2022-09-14,151.392822265625,152.0364182283044,149.29653025613223,149.29653025613223,9555700
2022-09-15,151.77896118164062,152.68919866437545,150.87792694467382,151.19971787177863,7174500
2022-09-16,154.09593200683594,154.12351368754284,151.47556010496882,151.9996400970779,20201500
2022-09-19,152.88226318359375,153.02017157021032,150.85952734697224,152.90065564492176,7380900
2022-09-20,151.67784118652344,152.53290138133465,151.0802193748386,151.9076978878391,7143400
2022-09-21,150.1239776611328,153.36036329756521,150.08720676917494,151.7237850333701,8071200
2022-09-22,152.79031372070312,153.69136193739757,149.7102428656883,150.0044520979665,7401100
2022-09-23,153.28680419921875,153.9855633661385,151.39278764389846,152.38577005752336,9598600
2022-09-26,152.3489990234375,153.39714488402262,151.13536309349897,152.44094730374795,8735500
2022-09-27,151.65023803710938,154.16026893194135,151.1537397761216,152.9558222322431,8686700
2022-09-28,152.95584106445312,153.89366031674453,151.7973683617445,152.85470355656543,8660900
2022-09-29,151.2732696533203,153.70055551315065,150.68483714273532,153.06614886296697,7008100
2022-09-30,150.19754028320312,152.38578023132297,150.16076938957832,151.70539944989525,8985200
2022-10-03,150.05044555664062,151.13537643687098,148.67130540624993,151.05261736554982,8657000
2022-10-04,152.27545166015625,152.6248383095303,149.79300227665212,150.6480764371363,6236100
2022-10-05,151.80653381347656,152.6615938586609,150.97905544527643,151.723788782524,4539400
2022-10-06,148.8643798828125,151.70540500958728,148.66210488711934,151.5123192303027,5890700
2022-10-07,147.29214477539062,149.1493905145547,146.34513645948107,148.73565133283435,6363500
2022-10-10,147.48524475097656,148.28514151465242,146.3543397748311,147.68751975340885,5315600
2022-10-11,149.61830139160156,150.88711471366557,147.44845384121422,147.44845384121422,6212200
2022-10-12,149.58152770996094,151.59507436899472,149.40683439735616,149.81138437826456,4341700
2022-10-13,151.84329223632812,152.61562121647017,147.79782094505634,147.92654010352402,6465100
2022-10-14,151.2089080810547,152.33059565033827,150.41820062677039,151.19051562044245,5684600
2022-10-17,153.1673126220703,153.73736679803363,151.71461654355102,152.07319244696566,6710800
2022-10-18,152.63400268554688,153.70054089370493,149.91250784395174,151.70538688306615,10883600
2022-10-19,151.4203643798828,152.85466758743806,150.68482031645198,152.62481094444945,10044600
2022-10-20,151.80653381347656,152.385777088819,151.0893821532132,151.7053963214221,5659900
2022-10-21,155.1165008544922,155.72331187727414,151.18134126243567,151.43879367218923,8487600
2022-10-24,157.20358276367188,158.21495780669227,155.6129784045025,156.12785514300782,6855500
2022-10-25,156.9553680419922,157.32313318034454,154.94182094056234,156.4588696729417,5661900
2022-10-26,158.33448791503906,158.66548210856362,156.78065445180815,157.5161986629004,6123800
2022-10-27,158.42640686035156,159.45616023874632,157.8839484934713,158.46319178348713,5390900
2022-10-28,160.78013610839844,161.25824190148884,158.68384443859725,159.06081273755964,6073900
2022-10-31,159.95269775390625,161.04681800165625,159.4470101567099,160.4583853511026,7810000
2022-11-01,159.14356994628906,160.55949497241377,156.68870225118243,160.03541500019736,6985000
2022-11-02,156.6978759765625,159.92507247111817,156.56915680776186,158.9596716904448,6877300
2022-11-03,156.96453857421875,157.65410864854456,155.32796005349925,156.1278568503287,4819900
2022-11-04,157.66329956054688,158.60111879992664,155.60379256186408,157.73685538611971,5300900
2022-11-07,159.04244995117188,159.84236083737747,157.62653879852797,157.838003042311,6621000
2022-11-08,159.83314514160156,160.6146635020276,158.3068933477059,159.1803599961841,5148400
2022-11-09,158.5551300048828,160.89967087202854,158.45399250773258,160.2284933160341,6150000
2022-11-10,160.41236877441406,160.68819957532722,158.17815471928864,160.30204206578375,7877500
2022-11-11,155.6129608154297,159.16194825251193,153.3787607856623,158.81256163544384,11074700
2022-11-14,158.05865478515625,159.29987247083062,156.53240302445508,156.53240302445508,6581500
2022-11-15,158.49998474121094,159.060835647732,156.78066112273103,158.3161021879485,9351000
2022-11-16,159.48374938964844,160.89047101099808,159.18033691827188,159.64923944894275,5500900
2022-11-17,160.7709503173828,160.89048027553625,159.04242366431134,159.06081612618215,4464100
2022-11-18,162.00299072265625,162.40754073779627,160.55029477253476,160.8996814273082,6555700
2022-11-21,162.8358154296875,163.37252663304793,161.78090420098366,162.76178483751104,5706600
2022-11-22,163.6223602294922,163.9647393259742,163.16892819693996,163.23369613308162,4707900
2022-11-23,163.7981719970703,164.15906228059563,162.87281084752945,163.27072348417514,5389200
2022-11-25,164.0110321044922,164.82534039835474,163.6593903131178,164.14058211396298,3058600
2022-11-28,164.0943145751953,164.50147579037852,163.3817824486247,163.55760334789858,6183100
2022-11-29,162.94683837890625,164.029509209184,161.62357873741914,163.79816892613601,6700500
2022-11-30,164.71429443359375,164.72354296247968,161.73463022492282,163.20595115159503,13288000
2022-12-01,165.3990478515625,166.52798952147734,164.50144645630417,165.63963665404492,6282600
2022-12-02,165.52862548828125,165.6026560829232,163.75193357655115,164.25162244051904,5823900
2022-12-05,165.4360809326172,165.97279214482546,164.71430029686275,165.04743090720262,5120600
2022-12-06,162.95611572265625,166.5650188157066,162.79879189049237,166.49098822406816,7943500
2022-12-07,163.94622802734375,164.60324063566142,163.07638631487677,163.39101982696855,5702600
2022-12-08,163.9739990234375,164.22385049675194,163.17818784019502,163.62237137495208,4798500
2022-12-09,162.6229705810547,164.61249136885863,162.54893999603493,163.89995934294734,4561000
2022-12-12,164.56625366210938,164.5940133721014,162.49345334327433,162.8173213331457,4882400
2022-12-13,165.83396911621094,166.75006756943415,165.00113565341093,165.7321788303095,9177500
2022-12-14,166.34292602539062,167.52738724459184,165.25100657514542,165.25100657514542,9533600
2022-12-15,164.24237060546875,166.41696103475297,163.23371612867896,165.82473040942932,7602400
2022-12-16,162.55821228027344,163.78894446129055,161.80867191226048,163.78894446129055,18841800
2022-12-19,162.38235473632812,163.02085612644288,161.0776063737993,162.26206740014086,5736000
2022-12-20,162.55821228027344,163.27074441031334,162.095531646202,162.8635831931477,6174700
2022-12-21,164.41818237304688,164.88086300438016,162.53970013942512,163.11343372380517,5472000
2022-12-22,163.81668090820312,164.26085030027093,162.25281832792325,163.57609209581022,5709100
2022-12-23,164.2331085205078,164.27013087715687,162.6877569478692,163.48356817712119,3683400
2022-12-27,164.18682861328125,165.0381733307291,163.77968155175589,164.81608156271344,3067300
2022-12-28,163.47430419921875,165.13069444548816,163.46504155098586,164.4921929926047,2645400
2022-12-29,164.30714416503906,164.99191658517893,163.85372618133837,164.29789563553842,2828800
2022-12-30,163.4650421142578,164.5014562076809,162.308340672408,164.24235621429779,4216600
2023-01-03,164.89012145996094,165.06594235457857,162.87282661631124,163.01163927411608,6344900
2023-01-04,166.685302734375,166.74082214228278,165.15844841746,165.5378498646834,9788800
2023-01-05,165.45458984375,166.5557719606146,165.093699530818,165.65817044282875,6255300
2023-01-06,166.79632568359375,167.4255644065456,166.00051463287372,166.68528687834078,5706000
2023-01-09,162.47491455078125,166.34291743116583,162.1047616139729,165.9172592036997,7925300
2023-01-10,162.08627319335938,162.99312322704995,161.30897316448176,162.5859620348117,5047500
2023-01-11,161.8271942138672,162.6044943437583,159.26393937136442,162.46569579195392,6494800
2023-01-12,161.01283264160156,161.66984524041945,159.90240213701676,161.25342144629644,4269400
2023-01-13,160.4853973388672,161.0221085667117,159.5137793069702,160.26331967209867,6088000
2023-01-17,159.49525451660156,161.5495574782479,159.24540304291725,161.01284629620693,6053300
2023-01-18,157.0893096923828,159.16212383007482,157.04305292904277,158.83824176734788,7047800
2023-01-19,156.87644958496094,158.49583133893054,156.11766090544285,156.41376908382676,6939500
2023-01-20,156.14544677734375,157.4131870445721,154.9794826823307,157.40393851615912,8620600
2023-01-23,155.74752807617188,156.96901153390849,155.41439750768828,156.47857126918126,8425400
2023-01-24,155.74752807617188,158.22750322374768,153.61919467307607,156.404540685086,10541800
2023-01-25,156.8579559326172,156.8579559326172,154.6093352234772,154.69261433421056,7099800
2023-01-26,156.2842559814453,157.2281283800216,156.06216420534156,156.89499777581182,6946100
2023-01-27,155.6735076904297,156.26573828209936,155.24784945385926,155.96036739766,6058100
2023-01-30,149.9085235595703,155.960379964593,149.05719289794007,155.39590903330756,23259100
2023-01-31,151.22250366210938,151.2317521896062,149.02940245476782,149.6308814995163,11612500
2023-02-01,152.61053466796875,153.5914150703443,150.2786209906968,150.82459471267896,9865300
2023-02-02,153.18431091308594,153.8135639703368,150.6673410437633,150.83389930839542,10099000
2023-02-03,152.32371520996094,153.9245862113522,151.65745398350717,153.63772648438584,6868500
2023-02-06,151.16700744628906,152.5458007288466,150.92641861546133,152.26818954257368,7021000
2023-02-07,151.2040557861328,151.64823944993816,149.37184406259516,149.53841646649596,7310800
2023-02-08,151.3983612060547,152.27745160748532,150.74134847746976,151.11150146536716,6054700
2023-02-09,149.35328674316406,152.49952318368477,149.0479299834817,151.41685231241112,7949500
2023-02-10,150.0473175048828,150.63954812613596,149.3070398182352,149.69568983969273,7028000
2023-02-13,150.60250854492188,150.66729059496097,149.1219252399963,149.28849756874763,6414700
2023-02-14,149.94552612304688,150.80611940140815,149.6864261106114,150.59329027402723,6316000
2023-02-15,147.47482299804688,149.89001650892928,147.4007924010977,149.86225680005992,12621800
2023-02-16,146.42916870117188,147.7339173273681,146.1330463248006,147.19722023000628,11177000
2023-02-17,149.4861602783203,150.1572134505143,145.97245328244998,146.3452685011391,12401900
2023-02-21,147.2586669921875,149.44891234805596,147.15614456656283,148.7964891551086,9423900
2023-02-22,147.0535888671875,148.0508535291086,146.67145861982826,147.72464200644663,9820200
2023-02-23,147.00697326660156,147.80850810562865,146.0190379532194,146.9883431741773,9385100
2023-02-24,145.36668395996094,146.1868634219205,144.65835620191856,146.00044865587518,8689700
2023-02-27,145.04978942871094,146.23344060926954,144.5371773080425,145.8140358637949,7267100
2023-02-28,142.84085083007812,144.71421319070274,142.63580605208494,144.44392042814633,9062300
2023-03-01,142.19781494140625,142.82226451252222,141.58268041889266,142.60789040163374,6767000
2023-03-02,142.08595275878906,142.37487568005778,140.94889116954326,141.43354386859406,8762500
2023-03-03,143.54920959472656,143.64240272762518,142.4494225435366,142.94339023438053,5747200
2023-03-06,144.9845428466797,145.1429840089073,144.06185524185716,144.14573334748667,8148200
2023-03-07,143.6144561767578,145.62761575003353,142.92477289029165,145.47848965835826,7457700
2023-03-08,142.56130981445312,143.71700165683328,142.11393146761324,143.5119568032273,6230500
2023-03-09,140.95822143554688,143.15778158193285,140.46425368508898,143.0272998029713,7439400
2023-03-10,141.30303955078125,143.0552353376176,140.82771619691275,141.5360437045012,8504300
2023-03-13,142.6544952392578,145.31074892154464,141.2657992495377,141.75043776684151,10799600
2023-03-14,143.4560089111328,143.55853131710052,141.57333119311068,142.85951879135155,8421200
2023-03-15,143.85679626464844,144.36007907045143,142.16051889187844,142.4494418194179,7757700
2023-03-16,143.55853271484375,143.8754149831215,142.22575564573347,143.0179613164278,7605500
2023-03-17,142.02073669433594,144.41601268026085,141.9461736373783,143.97796360904033,20540700
2023-03-20,143.4280548095703,143.59582521705687,142.02071465915387,142.10459275217377,7129000
2023-03-21,143.4280548095703,143.6517439457368,141.82498488732733,143.53057721929912,8376800
2023-03-22,140.78111267089844,143.5864775649359,140.76246835657653,143.39076203961315,7943500
2023-03-23,140.85568237304688,141.37760942720217,139.9050213978665,140.90227182888918,9051500
2023-03-24,142.27235412597656,142.3748765394437,140.57609100123074,141.18189621261556,5696200
2023-03-27,142.878173828125,144.03386552235406,142.7010883662164,143.71698323338464,6772300
2023-03-28,141.49879455566406,143.01797223851722,141.4149022370515,142.03003672582386,6115300
2023-03-29,142.88748168945312,142.95272968643135,141.73179005335064,141.89023118986643,6012000
2023-03-30,142.99932861328125,143.34418449459778,142.42148275697156,143.13913966401418,4555700
2023-03-31,144.46258544921875,144.63967089391045,142.82224121158043,143.33483900859832,9890000
2023-04-03,146.18682861328125,146.33594048058245,143.47465653764834,144.4159883076563,6841900
2023-04-04,147.71533203125,148.16269606563432,145.94449176684142,146.2986626640124,8314500
2023-04-05,154.351318359375,154.39792204835734,151.69506452332251,153.19561229127916,16704200
2023-04-06,153.92254638671875,155.86114275460992,153.59634908715287,154.7054511928573,9615400
2023-04-10,153.14898681640625,153.63362524782005,152.5152080824443,153.43790971013834,5354000
2023-04-11,153.10240173339844,154.04373356947514,152.88802763273492,153.2421985630072,5903800
2023-04-12,152.77618408203125,153.6336377861794,152.01193774154035,152.7948283990521,5764100
2023-04-13,154.8173065185547,155.02235134604794,152.6736650993191,153.01850675399078,5640600
2023-04-14,154.5656280517578,154.82659155954497,152.90663965734885,154.6867947594606,7225100
2023-04-17,154.4072265625,154.93848298204298,153.72685825841614,154.4724745669133,8046400
2023-04-18,150.06402587890625,153.49385523589373,148.79648241110954,153.0837655519818,14571500
2023-04-19,151.48068237304688,151.62047919801395,150.2131390147062,150.97739958171837,6752000
2023-04-20,152.45928955078125,152.68297867271846,150.01741041077813,151.38746184062532,9498800
2023-04-21,151.6298065185547,153.75480355942597,150.95875332444305,153.26083582229472,7014200
2023-04-24,152.552490234375,152.67365695910084,150.86554224294542,151.62980278129837,5278900
2023-04-25,153.95053100585938,154.10898637962373,152.99988409196135,153.13968092593223,6263100
2023-04-26,151.5645751953125,153.2142489974554,151.2104184638341,152.93464109890513,5518200
2023-04-27,151.9187469482422,152.30087727089156,151.10789683748015,151.82553957441846,5739700
2023-04-28,152.57113647460938,152.62705520320438,151.50863796696422,151.74164215040787,6024900
2023-05-01,152.47792053222656,153.1303293040168,151.21037739498638,152.47792053222656,4893400
2023-05-02,153.81072998046875,154.2301346924004,152.44066415909705,153.16763611883133,7541700
2023-05-03,151.79754638671875,154.88251920555527,151.46201982573513,154.29535838991796,5937200
2023-05-04,151.10789489746094,151.8255376251857,150.28771552697737,151.62049278256478,5128000
2023-05-05,151.6204833984375,152.03990232785225,150.69779588519904,151.76960949683175,5194500
2023-05-08,151.275634765625,151.51796821970558,150.37157739027865,150.97739680403325,4994900
2023-05-09,150.101318359375,151.10789827617108,149.85898487370545,150.7537273180071,5520500
2023-05-10,150.6605224609375,150.95877468783826,149.17861903982768,150.2411177106261,6756600
2023-05-11,150.0453643798828,151.16378150647512,148.55413206346282,150.8282549463529,5867600
2023-05-12,149.8496551513672,150.57662709429258,149.13199825642133,150.39022658457148,3904200
2023-05-15,148.70327758789062,150.0826584170451,148.1347467928115,149.868298543262,5104500
2023-05-16,148.50755310058594,149.35569179945887,147.75262177004214,148.24658953500162,5599200
2023-05-17,148.1813507080078,149.17860125221915,147.04428911606405,148.92695274345854,6840700
2023-05-18,147.70602416992188,148.12542890178295,146.8485703874764,147.8737945955353,5173000
2023-05-19,148.10678100585938,149.05742782478146,147.38912414646217,147.80852882792152,6527100
2023-05-22,147.30857849121094,149.44022324772027,147.2240675393608,148.36970820470958,5675900
2023-05-23,147.2522430419922,148.6232606226345,146.8390592689562,147.52457522365128,5793000
2023-05-24,147.1114044189453,147.56214387983326,146.41650307314998,147.5058032383159,5015100
2023-05-25,144.99855041503906,146.76395268052457,144.35060435316552,146.5385901050901,6886100
2023-05-26,144.94219970703125,145.81550828370055,144.80133377841608,145.2614728858943,6845400
2023-05-30,144.96095275878906,145.90940117850647,143.9749630219992,144.5853389856069,5593100
2023-05-31,145.60888671875,146.2004919751543,144.47264583465898,145.27082861919692,11324600
2023-06-01,145.12059020996094,145.59011459366292,143.8153129964193,145.12059020996094,7901300
2023-06-02,147.40248107910156,147.72175421010206,144.69801613710538,145.2896214253537,7659700
2023-06-05,148.6702117919922,148.97069995481652,147.1958983091196,147.1958983091196,6430500
2023-06-06,148.53872680664062,149.88157399187122,147.80626991605922,149.85340367521403,5073600
2023-06-07,148.85801696777344,149.1209494804921,147.84384256353837,148.46361819869546,6504300
2023-06-08,150.49197387695312,150.6422251421705,148.20070656176011,148.83925294580996,5818400
2023-06-09,150.2572021484375,150.93331847041944,149.75012207132525,150.64221561793383,6264400
2023-06-12,150.15391540527344,150.48258825620948,149.0552298968933,150.2478260280407,6510600
2023-06-13,150.9427032470703,151.0365995260749,149.44960482480337,149.99425482651915,6066800
2023-06-14,151.7127227783203,152.20103216940456,151.1680727514855,151.75029275465243,6699100
2023-06-15,153.75045776367188,153.91949400054648,151.590642633315,152.17286263949674,7138300
2023-06-16,154.21998596191406,154.93367224599615,153.88192780859836,154.45474817036254,13426600
2023-06-20,154.1260986328125,155.23416944328565,153.82559611073572,154.2481652447509,7995800
2023-06-21,153.8913116455078,154.8679160275979,152.77384135558245,153.6095941585839,7177500
2023-06-22,155.52525329589844,155.61916390475577,153.8067923207888,153.910088259033,5485900
2023-06-23,155.39378356933594,156.1356401079936,154.97121449641222,155.98538886867726,9450700
2023-06-26,153.6565704345703,154.92427780564392,151.4967551783448,154.92427780564392,6978800
2023-06-27,153.3372802734375,153.8913299842861,152.53909734890698,153.70350875145698,4927500
2023-06-28,153.02740478515625,153.25276733564183,152.04140064053738,153.25276733564183,6780400
2023-06-29,154.0979461669922,154.30453809266947,152.3419147987351,152.72692832647468,4547500
2023-06-30,155.4313507080078,155.82574945745807,154.3326654069507,154.8115751036946,7580000
2023-07-03,153.39361572265625,154.3702200968618,153.02738729123584,154.32326479462915,4033700
2023-07-05,152.88653564453125,153.92888040483317,152.81141001970119,153.05557188258584,7224600
2023-07-06,151.7502899169922,152.47334716726704,151.18685491252728,152.360665897873,6332500
2023-07-07,149.5435333251953,151.22442450658733,149.4965780157014,150.68917409885307,7022200
2023-07-10,149.78768920898438,150.5295458855209,149.30877941449526,149.71256357536362,5739200
2023-07-11,148.96133422851562,150.5295441998199,147.99411499069774,149.43085868682527,6606700
2023-07-12,148.44483947753906,149.25242203748022,148.2570325789186,149.25242203748022,6940400
2023-07-13,149.13034057617188,149.43084307589646,147.81567796174645,148.36971332577232,6401700
2023-07-14,150.12571716308594,150.46377528192534,149.2899643593923,149.47777124124826,5362200
2023-07-17,149.37448120117188,150.12570868617738,148.51054380167312,150.0130274291757,5486800
2023-07-18,149.36508178710938,151.08354260291162,148.5481140150256,149.374481444372,6332500
2023-07-19,149.0646209716797,150.6328308460831,147.74055864216146,148.28520869959624,7522600
2023-07-20,158.11703491210938,158.83070681189358,151.46856796689346,152.0695586005925,21892900
2023-07-21,159.8167266845703,160.4083320475296,157.9292293184615,157.9292293184615,12080000
2023-07-24,160.65245056152344,163.2254491137653,160.56793961887118,161.04684928931306,15155400
2023-07-25,161.8826446533203,162.15496253867965,159.403556048456,160.06088743445233,13790100
2023-07-26,162.1925048828125,163.25363457930303,160.9529536272221,161.51638862135357,14288200
2023-07-27,163.10337829589844,163.66679894386883,161.55393927429992,161.68540552503433,12446400
2023-07-28,163.84523010253906,164.671597629169,162.67141910618855,163.39449069198977,14138800
2023-07-31,157.31884765625,159.84489127445616,156.54883507485786,159.3471965461941,22632700
2023-08-01,158.595947265625,158.7837541551468,155.9384375090877,156.2295403371585,15810300
2023-08-02,159.55377197265625,160.80270849376492,158.55838261882062,158.55838261882062,14595600
2023-08-03,160.23931884765625,160.87787961087878,159.32844018237952,159.5913727528975,17424800
2023-08-04,158.73680114746094,162.15493816970667,157.65690077052446,159.95756744013744,23415100
2023-08-07,162.5493621826172,162.77472473693382,159.03731431411654,159.15939525020363,17736400
2023-08-08,162.62449645996094,162.9719543282079,160.9436050802677,162.4460891888346,27378700
2023-08-09,162.52117919921875,163.62924988159384,161.56334543176507,162.45543890683348,42974400
2023-08-10,161.67601013183594,165.244397995174,161.1783154758403,163.39447094222956,48213800
2023-08-11,163.25364685058594,163.347543137501,161.15955761703037,161.9671401939906,45905600
2023-08-14,162.86862182617188,164.89697061904096,161.28162710384598,162.9437474476204,64036900
2023-08-15,162.39910888671875,163.92036342423515,161.64786694802302,162.26764262210312,88958100
2023-08-16,161.8826446533203,164.0800157131149,161.638497089593,162.01411093051956,85832700
2023-08-17,163.4038848876953,164.69977688317888,162.23007382765533,162.32398444395784,70904200
2023-08-18,161.9765167236328,163.38508978495767,160.8684317977759,162.6150629669686,49631700
2023-08-21,157.14984130859375,159.49746359089275,155.8445638927855,159.34721232592577,151319500
2023-08-22,155.90087890625,157.60994019585965,155.3280585903856,156.68967642453137,56834800
2023-08-23,154.50169372558594,156.35162095769144,153.50630431719358,155.78818596148017,119011400
2023-08-24,155.02757263183594,156.51127154791644,153.87254654777425,154.03218313429105,70755100
2023-08-25,157.25035095214844,158.69752595967202,155.17890041081193,155.40591363204797,18185500
2023-08-28,155.3964385986328,157.2125154196467,154.33707248035878,156.0680103268264,18458000
2023-08-29,155.41537475585938,156.71120767969268,153.95874620469354,155.94505786537422,12208600
2023-08-30,154.86676025390625,156.85308621891812,154.81946402944763,156.17206099850156,9939100
2023-08-31,152.927734375,154.71543644832155,152.54939343533997,154.52625154570984,15333000
2023-09-01,151.79269409179688,153.68442761788083,151.34813555854464,152.68181115830134,8610100
2023-09-05,151.9818878173828,153.20206421080215,151.6035468273767,151.8683884069377,9019800
2023-09-06,149.45640563964844,151.33868573933282,148.83214452988784,151.18734358972588,9753800
2023-09-07,151.3670654296875,152.34130709567256,150.37390238620094,150.52524454064852,9931800
2023-09-08,151.86837768554688,151.9818770879793,150.57254473183463,150.95088569513112,6957000
2023-09-11,153.8546905517578,153.88306539991802,151.7643186630072,152.34129796356703,6309300
2023-09-12,154.7248992919922,155.0559440260506,152.78586938502903,153.43851981333793,6045800
2023-09-13,155.11268615722656,156.02071011171907,154.1762729234244,154.8951264234627,7397500
2023-09-14,154.876220703125,156.3233956186516,154.59245780281415,155.76532328935403,7758400
2023-09-15,152.710205078125,155.897786281956,152.4832062636258,155.10324713285908,13392100
2023-09-18,153.6749725341797,154.3181549985669,152.04808056418918,153.34391339747484,5789000
2023-09-19,153.41957092285156,154.03439291776073,152.64396775882372,153.46686714288765,5550800
2023-09-20,154.09117126464844,154.68705756302265,152.90883770777054,153.41014598126415,3837400
2023-09-21,152.90882873535156,154.64922016508487,152.84261113231625,153.76957097811967,4526700
2023-09-22,151.81163024902344,152.662904645531,151.5751635352399,152.56832661968727,4976700
2023-09-25,151.58462524414062,151.67921770790673,150.13745003177772,151.4049226554388,6722500
2023-09-26,150.4117431640625,151.41435966672944,150.2604010116043,151.158971588554,4904800
2023-09-27,148.60513305664062,150.16580749860577,146.85527370904654,149.99555840287806,10211600
2023-09-28,148.38758850097656,149.40912637896525,147.76331294785314,148.97402129966594,7861900
2023-09-29,147.31874084472656,149.06860004039257,146.94039993188127,148.8510403043649,7680700
2023-10-02,146.75123596191406,147.0066240525193,145.02031232776383,147.0066240525193,7259700
2023-10-03,146.93096923828125,147.08231141485933,145.55946504090537,146.306693584485,5740800
2023-10-04,147.10118103027344,147.48897537621156,146.20261062632233,147.1484772479086,4955200
2023-10-05,148.6334991455078,149.48477343953638,147.62142923739745,147.81059969909478,5993300
2023-10-06,149.10643005371094,149.73070555650548,148.11326710522522,148.57674699659344,5802200
2023-10-09,149.95770263671875,150.27930828871285,148.58619878660681,148.67132332708437,4414100
2023-10-10,149.78746032714844,150.64820254052563,149.3523552681813,149.80638170348126,5273500
2023-10-11,147.7254638671875,150.4401112866871,147.59304309790323,149.88205336133063,6922900
2023-10-12,147.86734008789062,148.0848853835117,146.67555326470278,147.47953128451118,5792400
2023-10-13,148.35919189453125,148.8415786969576,147.60249567742292,148.24567808065808,5359800
2023-10-16,149.00242614746094,149.68345153656287,148.34977561350615,149.27673565759682,6408100
2023-10-17,147.64035034179688,150.3455300586059,146.2404714716275,147.53630441296642,12244400
2023-10-18,144.4622039794922,147.50789563255333,143.81902160941922,146.99713401118828,9097300
2023-10-19,144.07444763183594,144.82167610386574,142.02190383639729,143.45962551065313,7733800
2023-10-20,144.71762084960938,145.54052034967572,144.08389182357433,144.47170067664686,7207000
2023-10-23,143.1947784423828,145.1905580257814,143.02452934116303,144.5852038334738,5874000
2023-10-24,143.04342651367188,143.73391964219866,142.00298173413992,142.58941450865396,6155300
2023-10-25,143.36505126953125,143.9325627431665,142.09757866956753,143.05291346427936,5880800
2023-10-26,140.93414306640625,143.74336841503697,140.82064367705743,143.74336841503697,7612500
2023-10-27,137.71820068359375,140.61255054760483,137.10337865378918,140.45175493657985,11385800
2023-10-30,139.07081604003906,139.26945444930163,138.09657423941115,138.18169880075902,8205300
2023-10-31,140.30987548828125,140.49904595881287,138.70190483958984,139.553179173373,7576900
2023-11-01,140.64093017578125,141.65300009905692,140.42338486320855,141.1138635535018,5733000
2023-11-02,142.10702514648438,142.2583528569644,139.55317338549077,139.71398343319402,5349100
2023-11-03,143.14749145507812,144.02715516651253,142.02190754841277,143.0245385738543,4926800
2023-11-06,143.48797607421875,144.17845472678687,143.17583833004346,143.56364714245342,4851400
2023-11-07,142.7312774658203,144.00820326790895,142.52318563980913,143.70551899997258,4840400
2023-11-08,142.2110595703125,143.61093820036695,142.20159166663578,143.15692624006442,5460000
2023-11-09,139.43968200683594,142.35295348449907,139.28833985487842,142.35295348449907,6973600
2023-11-10,139.27886962890625,140.46120298738592,137.7560236858732,140.22473631569,6930700
2023-11-13,139.6383056640625,139.89367928168838,138.7113459056336,139.2788716992521,5889300
2023-11-14,139.6667022705078,140.4990552826401,139.01405183599792,139.64778089236447,6713600
2023-11-15,140.74496459960938,141.3313973215908,139.29778973661772,139.37346080280568,6729100
2023-11-16,141.97462463378906,142.04082781042231,140.59365263688485,141.4070987319855,6875600
2023-11-17,141.68138122558594,142.6272480229423,141.00037040964872,142.40024922855721,7023300
2023-11-20,142.9303741455078,143.3975510237415,140.67070860290275,141.02349174067956,8851700
2023-11-21,144.08404541015625,144.24612868626386,142.6443542764759,143.1115457535106,5916300
2023-11-22,143.7980194091797,144.96120437477327,143.3880320976918,144.5703045105964,4633500
2023-11-24,145.39979553222656,145.5714079798062,143.83615241138816,143.83615241138816,3351400
2023-11-27,144.23660278320312,145.22818991035456,143.9410382995738,145.19957328605355,6449700
2023-11-28,144.5703125,144.74192495497235,143.81708570755023,144.35101052083309,5909000
2023-11-29,145.02796936035156,145.11377559322102,144.03639672324005,144.2842862454277,5190000
2023-11-30,147.45924377441406,147.91689155226163,144.8468092186615,145.17097578845517,12481900
2023-12-01,151.00604248046875,151.08231953266164,148.23152471893724,149.1563639727811,10342900
2023-12-04,151.48277282714844,152.5696954307358,150.64373974776132,150.64373974776132,8920300
2023-12-05,151.16812133789062,152.19783968982736,150.85348396243555,151.4064816633845,7268200
2023-12-06,149.32797241210938,151.27300081980806,148.89892673488046,151.1395196191511,6642900
2023-12-07,148.16477966308594,149.28984801889789,147.50691735357435,149.28984801889789,6532400
2023-12-08,147.2303924560547,148.59382097514919,146.67739479886015,148.1838336825918,6254700
2023-12-11,147.84060668945312,148.24105029246473,147.16367150877628,147.30668188543765,6090400
2023-12-12,147.85015869140625,148.08851903142718,146.49625915752995,147.78341081298728,5324400
2023-12-13,148.53662109375,148.67964602486043,144.70379735244512,146.50580091689753,10764600
2023-12-14,149.56634521484375,149.84285136321608,147.83108946154957,149.18497448068442,9240700
2023-12-15,147.9359893798828,149.39475373811393,146.60116252606747,148.25062682653152,21727800
2023-12-18,148.20294189453125,149.15638334825485,147.55459414085098,147.9836544337162,7231400
2023-12-19,149.17544555664062,149.2135768107767,147.72621057733355,148.06945005800202,6651500
2023-12-20,146.1339569091797,149.36612244007114,145.98140280457852,149.25169958744016,7008300
2023-12-21,147.630859375,147.90736552150932,146.1625660551823,146.53440761040866,4598600
2023-12-22,148.2220001220703,149.24217481140144,147.80248359622928,148.02177103533324,3798900
2023-12-26,148.87033081054688,149.07055989398518,147.64039787855847,147.78340826075703,4170000
2023-12-27,149.07057189941406,149.23265519507925,148.1838638132909,148.26014087272657,5288100
2023-12-28,149.28985595703125,149.91913077179166,148.72732902339445,148.7368581999716,4377500
2023-12-29,149.44239807128906,149.59493762607954,148.71777335550422,149.22309609237521,4313700
2024-01-02,152.5220184326172,154.114263788388,149.4900672848314,149.62354849584332,9622100
2024-01-03,153.4754638671875,153.92358249064864,152.35993917102724,153.1608264582662,8232000
2024-01-04,153.1512908935547,154.4384280054236,152.95106180591605,154.0665864555467,6766600
2024-01-05,153.62802124023438,153.82823579210802,152.04530498545066,153.02734848789032,5602500
2024-01-08,154.00936889648438,154.13332091844143,152.17876338347565,153.59939612902548,6569800
2024-01-09,154.104736328125,155.67790880030984,153.12269286152411,154.104736328125,6357000
2024-01-10,154.3335418701172,155.04862286038218,153.69473793128367,154.2858814427875,4945100
2024-01-11,153.64706420898438,154.64818051319406,153.2942955730511,154.5242430334219,4946000
2024-01-12,154.829345703125,154.90562275961742,154.16193964426745,154.30495003246517,4496900
2024-01-16,153.04640197753906,154.69585135761108,152.72222087787912,154.04751825501066,6923200
2024-01-17,152.96058654785156,153.790090403038,152.42666172744111,152.7889740905883,5072100
2024-01-18,153.70428466796875,153.8568242254614,152.25504975908657,152.55061424645143,5368500
2024-01-19,154.15240478515625,154.38123596779417,152.81759259067292,153.64708198664744,7071300
2024-01-22,154.90562438964844,155.96394491853073,153.8282309593521,154.4575057707656,6824200
2024-01-23,152.36944580078125,153.036851774721,149.60447195944843,152.22643543077956,9149800
2024-01-24,151.55905151367188,153.12269482947474,150.79629548315216,152.31226381922983,7247900
2024-01-25,152.13108825683594,152.1882924058788,151.09184075359897,151.59716346795673,5478900
2024-01-26,152.07388305664062,153.2561554726721,151.94040186034346,152.96057645739478,5591900
2024-01-29,151.94041442871094,152.61736418987417,151.55904370727507,151.6067041361842,6483200
2024-01-30,151.3778839111328,152.3217815160935,150.76768204237717,151.93088162787387,7200500
2024-01-31,151.50181579589844,153.14173598543252,151.2825283718211,152.9319777368856,8256800
2024-02-01,150.9869842529297,151.1109362933336,149.73797831716033,150.79629887809708,8012000
2024-02-02,149.31845092773438,150.93929831873183,148.67964696680315,150.61513175020443,8295900
2024-02-05,148.54617309570312,149.58542073055838,148.10758365022923,149.3184583023086,9121600
2024-02-06,150.70094299316406,151.33974697534381,148.35548533302477,148.57477277804506,9229900
2024-02-07,150.6246795654297,151.94996262862858,150.3481879400266,150.4530670838062,8690300
2024-02-08,149.11822509765625,150.01446231709463,148.07897749143976,150.01446231709463,9755000
2024-02-09,149.4614715576172,149.88098810958195,148.42222390284363,148.99429457340673,6529200
2024-02-12,150.50071716308594,151.0346419709359,149.07055519276213,149.28984262133767,6701500
2024-02-13,149.18496704101562,151.0727768131752,148.4984881150739,150.30049165858085,8621000
2024-02-14,148.4889678955078,149.17544686285578,147.6308619121423,149.07056772761203,9098800
2024-02-15,150.5674591064453,151.1013839448503,148.6319742930468,148.7177805245703,7462500
2024-02-16,150.39453125,151.0766061781153,149.54912774141914,150.4425682055004,8541000
2024-02-20,151.6530303955078,152.37354079939016,150.28886578988252,150.40414276368077,9501700
2024-02-21,152.44078063964844,152.4503968266684,150.95173753372356,151.8067426256637,7472500
2024-02-22,154.14117431640625,154.41977985412072,151.56655776258017,152.72897289094394,8065000
2024-02-23,155.47654724121094,155.87042981154866,153.86261084395807,154.55430205958726,6726000
2024-02-26,154.46783447265625,155.63986603236066,154.25649821685593,155.43813130583476,5465400
2024-02-27,154.6503448486328,154.70798333399034,153.3630364795766,154.0355099067835,5078600
2024-02-28,155.19793701171875,155.25557549604923,153.98747020549425,154.66955980732084,6071100
2024-02-29,155.0346221923828,155.81277104399874,154.6119204313023,155.63023940545753,9849100
2024-03-01,155.7455291748047,156.1778471579661,154.75602936131753,155.46693825964184,5670100
2024-03-04,153.55517578125,155.25558446129494,152.046914938497,154.97699355133665,8532900
2024-03-05,153.68008422851562,154.90015275432066,152.94035602607065,154.30452078535433,8298200
2024-03-06,153.0748291015625,154.60230759590485,152.95955213106762,153.19012073087868,5773700
2024-03-07,152.62330627441406,154.05472549593537,152.01808752768906,153.7088799297406,5188700
2024-03-08,153.2477569580078,154.0835442994229,152.20060407576446,152.62330583977888,5284000
2024-03-11,154.89051818847656,154.9769905771272,152.63292773184108,153.2189434431626,4620800
2024-03-12,156.34115600585938,156.69660311403862,154.79445975357817,155.2267630638435,8018700
2024-03-13,154.765625,156.28348719791435,153.52633902143901,156.13939099520735,6260000
2024-03-14,152.94996643066406,155.18833935311736,152.45040840878895,154.6119397821748,6988300
2024-03-15,151.96044921875,152.93074599967278,150.92292707770346,151.84517223837204,13165500
2024-03-18,150.5962677001953,152.4503886606638,150.34649605102408,152.33511169317262,6602300
2024-03-19,150.06793212890625,150.69236869346318,149.53955483491467,150.50983702291848,7840600
2024-03-20,149.63558959960938,150.28885996305547,149.10722705097143,149.57795111494497,5982300
2024-03-21,149.6259765625,150.77879014357708,149.00154014823906,149.4722641760044,5915800
2024-03-22,149.12644958496094,150.21202338400474,149.01117260057507,149.5683691231452,7248600
2024-03-25,149.11685180664062,149.84696382415424,148.80942696211483,149.28976728756882,7498100
2024-03-26,149.64520263671875,150.0871074490594,148.67490596921883,149.4914902416347,6864100
2024-03-27,151.74911499023438,151.9988866706455,149.3281957583793,149.85657302350162,8461600
2024-03-28,151.97006225585938,152.88270586885076,151.89320605092655,151.97966378441765,6181500
2024-04-01,151.57615661621094,151.93160368341807,150.60587466200823,151.51851813599572,4364700
2024-04-02,151.52813720703125,151.62421112439338,149.81812702150157,150.41375892326772,6102300
2024-04-03,148.19456481933594,151.8355520290909,148.1849632917599,151.58576572390686,8098200
2024-04-04,146.5037841796875,149.38582583568135,146.41732644812492,149.20329418539023,6947400
2024-04-05,146.3981170654297,146.99373435074727,145.64878736492605,146.05227146067242,6783000
2024-04-08,145.62954711914062,147.02253085156298,145.60072787810446,146.01382809765676,5935400
2024-04-09,146.30203247070312,146.5326010766657,145.00512254157042,145.5911382552564,6135300
2024-04-10,144.29421997070312,145.85053247599922,143.87151817071708,145.571926899271,6809500
2024-04-11,142.93963623046875,144.9378533049054,142.55536991796254,144.87061329668592,8374400
2024-04-12,141.7196044921875,143.20866233583487,141.36414270651298,142.23836555999387,7100200
2024-04-15,141.78684997558594,143.6121519590228,141.57549906530562,142.5361796906441,8502300
2024-04-16,138.77029418945312,140.499522007463,137.75197521296425,139.30827291976266,12774900
2024-04-17,139.07772827148438,139.6925632413026,137.89608063261625,139.29868069501322,9378100
2024-04-18,140.00958251953125,140.06722100460252,137.50220580718315,139.2794559517721,9887700
2024-04-19,142.09426879882812,142.30561970016456,138.85676526044153,140.40346158813676,9750800
2024-04-22,143.25668334960938,144.36147481152358,141.50825231719708,142.6706676096576,10118700
2024-04-23,143.6793670654297,144.572807514655,142.37284105517514,143.96757413481916,10110400
2024-04-24,142.68988037109375,143.13179987227912,141.08554561781045,142.31521554438473,9756300
2024-04-25,141.04713439941406,143.69860760965355,140.5763956226604,143.4968582313812,7642700
2024-04-26,140.3938446044922,141.39294585269835,140.21131296808414,140.93182332728173,6183000
2024-04-29,141.04713439941406,141.43140078043794,140.24976773290786,140.3938639610861,6149600
2024-04-30,138.90480041503906,141.10476713429784,138.84716192611913,141.10476713429784,8817700
2024-05-01,145.23568725585938,145.87935616287106,141.81566663738786,142.89163888615957,14470900
2024-05-02,144.02523803710938,146.34048186945293,143.27590831973376,146.06187627830224,8459800
2024-05-03,143.40078735351562,143.99640459351878,142.0078035115738,143.99640459351878,6532700
2024-05-06,142.7379150390625,144.15011659218015,142.09426084242313,143.9771864740323,5042800
2024-05-07,142.87242126464844,143.84270340202886,142.61303339589065,143.50647398435737,7333500
2024-05-08,143.09336853027344,143.842698205103,142.85319838683262,143.25668246875452,7735100
2024-05-09,143.95799255371094,144.19816270167587,143.03573273564368,143.12219047079367,6546200
2024-05-10,144.01560974121094,144.18852518593346,143.32391864468016,144.10206746357218,5710600
2024-05-13,145.2740936279297,146.02342317943436,143.82347147746702,144.14048311487144,5628500
2024-05-14,145.42782592773438,146.22519254097872,144.77455553304304,145.87934695762962,8254200
2024-05-15,146.6671142578125,146.93610366927328,145.35098644753486,145.85054449402924,5548000
2024-05-16,148.2137908935547,148.3098648100171,146.34046679310998,146.98412098870782,7591000
2024-05-17,148.5596466064453,148.7709975100255,147.6662206894384,148.7709975100255,6521800
2024-05-20,146.49685668945312,148.54995784694083,146.4871627702435,148.26911495886247,7742300
2024-05-21,146.46778869628906,147.77518202216586,146.03197614368253,146.99074307117692,5492400
2024-05-22,148.65647888183594,149.21817940268028,145.5768273244961,146.08040866540617,6609800
2024-05-23,144.9763946533203,148.0173151610358,144.66649955038517,147.9301585487087,8000400
2024-05-24,142.33253479003906,145.08291836634032,142.12915459231587,144.81175462091997,9520600
2024-05-28,139.82424926757812,142.15819308141397,139.6014960302948,142.15819308141397,10499800
2024-05-29,139.88235473632812,140.83142776099328,139.17539323266126,139.28192289299307,8263800
2024-05-30,140.69586181640625,141.0154508335549,139.47562493237015,140.05668378210896,8490300
2024-05-31,142.0419921875,142.82643118883647,140.6086960520048,140.97671031033656,14621200
2024-06-03,143.07821655273438,144.20160267563935,142.1388227558484,142.6036726955785,7329200
2024-06-04,143.13633728027344,143.63023947401015,141.57713846006754,142.82642743354972,8876400
2024-06-05,141.3640899658203,143.3203553855332,141.24788115305265,143.30098232429992,5891300
2024-06-06,141.79986572265625,142.36156619247564,140.09540603229354,140.90889714969526,5016300
2024-06-07,142.43907165527344,143.62057722456805,141.72241613342237,142.0516843013067,5111600
2024-06-10,142.48748779296875,142.90391254732288,141.00576635510188,141.90641418790443,5749900
2024-06-11,142.12913513183594,142.51652241319198,140.85079404664552,142.17756038916966,5661200
2024-06-12,140.82176208496094,142.56496815829175,140.2116362649662,142.4196923654132,6180500
2024-06-13,140.86048889160156,141.39313722702948,139.34003612754233,140.49248940492762,6840400
2024-06-14,140.94764709472656,141.3640866261658,139.92109653335464,140.5602745431085,4075300
2024-06-17,141.34471130371094,141.8095613136776,140.17289974856152,140.44406348581833,6666600
2024-06-18,141.0541534423828,141.770808799438,140.6764600949392,141.35438411416231,6156600
2024-06-20,143.11697387695312,143.40751068353106,140.43437384734492,140.68617930912654,8749700
2024-06-21,144.05636596679688,144.37595497213556,142.7199055403471,143.22350168003067,15172300
2024-06-24,144.4146728515625,144.9957464029669,143.4946520429341,144.29846405220732,6914700
2024-06-25,142.54559326171875,144.49216473177347,142.30348172068787,144.47279167084258,5912500
2024-06-26,142.18727111816406,142.5455914656339,141.18007884486943,141.5868244553984,5267800
2024-06-27,141.19944763183594,142.71022121873537,140.26973285211278,142.1678937544448,5739200
2024-06-28,141.548095703125,142.42938526406556,141.05417869911955,141.4318721141918,10495700
2024-07-01,141.8192596435547,144.00794267014925,141.0251266902346,141.46093928903096,5144400
2024-07-02,141.4221954345703,142.50685043472572,141.1413525425001,141.8095679982498,5492000
2024-07-03,141.09292602539062,142.02262608089595,140.17290511183077,141.58682825629558,3246200
2024-07-05,141.85797119140625,141.92576950702528,139.94045217810157,141.17038278125938,4888500
2024-07-08,140.88954162597656,142.57464324515513,140.66680314934368,141.78051030982363,5260200
2024-07-09,142.41000366210938,142.48748112431292,140.5989993848958,141.07354329939938,5890400
2024-07-10,144.71490478515625,144.75365090743924,142.0516778048629,142.61337835943905,6093200
2024-07-11,144.9763946533203,145.8286320466957,143.94984403529074,144.86018583688417,6350400
2024-07-12,145.1507110595703,146.11915719201514,144.53090612589824,145.26691986672282,5336400
2024-07-15,144.53091430664062,145.50903963594027,144.17257916877918,145.34440555738385,6711400
2024-07-16,146.2450408935547,146.31283921396823,144.45342446695128,144.96669972005577,6469600
2024-07-17,151.63929748535156,152.52058701413986,146.64211188569652,146.76801461189922,13801400
2024-07-18,150.51589965820312,152.11384468056949,149.74113977862996,150.690227650332,10166200
2024-07-19,149.80894470214844,151.57150909794112,149.25692327629028,151.57150909794112,7398000
2024-07-22,149.3731231689453,150.21566649861208,148.74362437386193,149.8863983901577,6840600
2024-07-23,147.5427703857422,148.65647749842003,146.78738360409176,148.47247037362817,6261900
2024-07-24,151.3487548828125,151.4746576041847,147.52339575447238,147.93982048314243,7168200
2024-07-25,154.6027374267578,155.5130791405192,151.07759415425122,151.54244415246225,10019600
2024-07-26,155.57118225097656,156.4815239571768,154.4381020775087,154.7092658056558,8356900
2024-07-29,153.5568084716797,154.95137319480324,153.06290628945447,154.92232099451437,5625000
2024-07-30,156.23941040039062,156.45246972364046,153.36312431383226,153.53743751795594,6545700
2024-07-31,152.8692169189453,155.29033207586676,152.7626872609482,154.80610904448247,8293200
2024-08-01,155.68739318847656,155.73581845001956,152.73364433945065,153.47933721341528,7213400
2024-08-02,158.96075439453125,159.6483576800265,155.91983399954577,156.79142964513863,11280400
2024-08-05,156.1619415283203,160.54900140116322,155.51308438175957,158.6217882447941,12032200
2024-08-06,153.95387268066406,156.38466699259277,153.92482048079626,155.9682422762783,7607100
2024-08-07,153.88607788085938,155.55180633882725,153.1984894318499,153.8570256803274,5993000
2024-08-08,155.1644287109375,155.62927868147705,153.04352947796175,153.56649862496863,5094800
2024-08-09,155.55181884765625,155.85203479550515,154.31220893422585,155.06759576343137,4579200
2024-08-12,154.8351593017578,156.59772342968168,153.70207919581088,155.8907619503775,7605400
2024-08-13,153.39218139648438,155.30970058944666,151.50371440513402,155.21286484317866,9711400
2024-08-14,153.4793243408203,154.5155686971311,152.43340084393876,152.84984032550275,5141200
2024-08-15,154.07009887695312,154.46716535640002,152.8595411547243,153.37281644676403,7237800
2024-08-16,154.36062622070312,154.8932745412862,153.18879991542036,154.1185146911031,5012800
2024-08-19,154.59307861328125,155.23224190337356,154.10885549142276,154.4284445251274,4408400
2024-08-20,155.1063232421875,155.85201606259656,154.63177935685206,154.95136832730483,7275100
2024-08-21,156.3362579345703,156.38468319847294,155.25160295426718,155.33875956290242,5019400
2024-08-22,157.2272491455078,157.3628310247129,155.7164606349583,156.8882870588368,6552100
2024-08-23,158.95108032226562,159.03823693414154,156.59774836040157,157.37250827970337,7093400
2024-08-26,159.41592407226562,160.48122076643287,158.37967958091062,158.98980539459873,6870600
2024-08-27,159.00607299804688,160.06968785239565,158.2352001384254,159.54276417346756,4388700
2024-08-28,159.95260620117188,161.00646850905935,158.77190043687935,159.0548749513738,5187000
2024-08-29,160.25509643554688,160.73324220430905,159.40615802581422,160.64542407009054,7390100
2024-08-30,161.84564208984375,161.96273292981354,159.8452558666619,160.14775046290126,7971000
2024-09-03,163.11419677734375,163.7484587420033,160.7820430192662,161.2406687067502,6956500
2024-09-04,163.30934143066406,164.76328391948624,162.02128259930862,163.7484469815438,6939100
2024-09-05,160.9967041015625,163.31909014014934,160.84057305491643,163.15320648664144,4600400
2024-09-06,160.4014892578125,161.92372994526946,160.14777255025092,161.18211481790868,6016900
2024-09-09,162.57748413085938,163.35812444641866,160.48927984818678,160.8503198522243,7538200
2024-09-10,163.32887268066406,164.38273500838184,162.71411593379264,163.44596353169575,6559600
2024-09-11,160.83082580566406,162.7531316848099,160.11848346516527,162.7531316848099,5920200
2024-09-12,160.65518188476562,161.1040549566711,158.77190123903333,160.22582891758927,4540900
2024-09-13,161.51388549804688,161.73831458603576,159.85503396736758,160.75276520880016,3693400
2024-09-16,162.9483184814453,163.20202029777982,161.7675977623003,162.3335617121032,5187800
2024-09-17,163.0263671875,163.6606291076079,161.91394461894984,162.21645411307708,5066500
2024-09-18,162.12863159179688,164.2753964531513,161.7285662217058,162.59702477398918,4722800
2024-09-19,160.83082580566406,162.34329884081865,160.44049817604625,162.20668789282158,4956100
2024-09-20,160.18679809570312,160.87960545027877,159.59156148246714,160.32340904516008,11839000
2024-09-23,159.26956176757812,160.51858053437735,158.781663346501,160.42099489437064,4671600
2024-09-24,158.84019470214844,159.53301695006726,157.6399688616875,158.8499473094938,6041600
2024-09-25,156.7129669189453,159.36713531944207,156.47877033438016,159.05487320668854,5420000
2024-09-26,157.48382568359375,157.63018922989082,156.14698899582828,156.36166545671443,6122000
2024-09-27,157.49359130859375,159.4744575427559,157.43504588523555,158.07907532112944,7553800
2024-09-30,158.1376190185547,158.2547098639931,156.79101473810573,157.65948814002996,6010000
2024-10-01,158.06932067871094,158.81092084749528,157.27891280512054,158.4986587409692,4408000
2024-10-02,157.2691650390625,158.1961690009481,156.7617465450761,157.6009323703517,4684400
2024-10-03,156.61538696289062,157.53263834050372,156.34216504906684,156.88860887671441,4791200
2024-10-04,156.4104461669922,156.6153700249363,154.93699851326178,155.76643166233066,5331100
2024-10-07,155.66883850097656,156.9666498331943,155.366343921564,156.3714132806655,4266000
2024-10-08,155.8249969482422,156.37144078645875,155.10290193946864,155.62984056166167,4766300
2024-10-09,156.76174926757812,157.3179605880556,155.64934151610063,156.04942177579733,6047200
2024-10-10,156.62513732910156,157.48384326853088,156.12748632664722,157.4545705560028,4793900
2024-10-11,157.55213928222656,158.72309232611406,157.29842261490916,158.25469919697844,5253500
2024-10-14,157.6887664794922,158.2156901922484,157.00569681811706,157.49359521082656,5964000
2024-10-15,160.12826538085938,162.7141210184651,155.1516956038138,156.12749243151075,10548000
2024-10-16,160.3038787841797,160.9967009843346,158.70357281073296,160.03065690257728,5982100
2024-10-17,160.4893035888672,161.00647471041515,159.66963783654336,160.28437970604733,4798000
2024-10-18,161.12355041503906,161.28943407149802,159.96234993034997,160.89912133741535,5908000
2024-10-21,158.88897705078125,161.25040325728241,158.3815586021892,161.10403970935963,6082700
2024-10-22,159.49398803710938,159.7672099568976,157.98149998076008,158.39134774992036,5680300
2024-10-23,161.84564208984375,161.9822530329672,158.4888990422661,158.8792266579589,7441600
2024-10-24,159.70864868164062,161.50411108764825,159.38663397467027,161.00646011659032,5386300
2024-10-25,156.98617553710938,159.95259090983456,156.72270626295565,159.7183943450895,6400400
2024-10-28,157.6887664794922,158.04980652546445,157.1032824524499,157.2301407991871,4842500
2024-10-29,156.21530151367188,158.24496058431984,156.18602880169672,157.55215321493827,5216900
2024-10-30,156.7227325439453,157.37651464616505,155.1809717354881,155.5908046254104,5820500
2024-10-31,155.99087524414062,156.97642464055988,155.6005624844341,156.11773359131007,8613900
2024-11-01,156.25433349609375,157.16181729850038,156.01038431615953,156.69343904208006,5256400
2024-11-04,154.41009521484375,156.40071418991081,154.24421154104465,155.8347502436962,4644000
2024-11-05,154.51742553710938,154.75160723423815,152.56583198382464,153.85387598646443,6547100
2024-11-06,154.05880737304688,156.95692513214905,153.54163624736663,156.02990623755434,8926600
2024-11-07,152.93663024902344,154.90774397926214,152.7219537591223,154.6345220629294,7522800
2024-11-08,151.70712280273438,153.27815617502046,151.64857737970755,153.20009064782573,8926100
2024-11-11,151.28753662109375,153.7660689508041,151.16069315581757,151.85350057914195,7146800
2024-11-12,148.94561767578125,151.28752395696154,148.68214838006844,150.7898729668169,7181400
2024-11-13,149.53109741210938,149.79455181080667,147.75514020294153,148.80900246616036,7161900
2024-11-14,148.1942596435547,149.87263138045654,147.1111245678736,149.47255110712433,7716400
2024-11-15,150.272705078125,150.69229054925117,147.24772908504715,147.24772908504715,11328500
2024-11-18,151.02406311035156,151.5705068933589,148.6431167219827,148.89681850995714,7510600
2024-11-19,149.29690551757812,150.2629496781977,148.36990156578923,150.22390946936702,8233700
2024-11-20,149.4042510986328,149.54086205729854,148.1357122598923,149.3261855666127,9061300
2024-11-21,151.73638916015625,152.28283293815957,149.11149361487657,149.901886571594,10141100
2024-11-22,151.41436767578125,153.3171682066308,150.38002558667716,152.1266950766684,8266000
2024-11-25,152.00961303710938,153.239111553696,151.3851037270132,151.4143764376836,12256200
2024-11-26,151.9899444580078,152.70798747519288,150.652212051104,152.61946470778923,5683500
2024-11-27,152.85552978515625,154.0654010100032,152.06864070717242,152.09814829714946,4140400
2024-11-29,152.471923828125,153.12112085839124,151.64568124903042,152.35389346223945,5687800
2024-12-02,152.26536560058594,152.46208787347192,151.40960044966354,152.2161812801276,6946500
2024-12-03,149.86532592773438,152.26537685764342,149.81614160363984,152.26537685764342,8674400
2024-12-04,148.00625610351562,149.078405208513,147.29804394028233,148.81282189506382,10333100
2024-12-05,147.0718231201172,147.91774242211466,146.51114886938677,147.54395958829437,7898100
2024-12-06,146.86526489257812,147.59315387893253,145.95049948563897,146.9439568107474,8389600
2024-12-09,147.1505126953125,148.41938412367733,146.0095024904752,146.84557590949154,8410300
2024-12-10,146.78656005859375,148.36036826560203,145.9013023227437,147.4750955208046,9398700
2024-12-11,144.2389678955078,146.06851351361195,143.97338457752335,146.06851351361195,13446700
2024-12-12,143.8455352783203,145.350482523371,143.61929039179498,144.78980825104514,6176300
2024-12-13,144.21929931640625,144.52422110183159,142.66516778877102,143.2750263685696,8324900
2024-12-16,141.49465942382812,144.83898308051232,141.1700609204348,144.32749316526093,8732400
2024-12-17,144.0127410888672,144.25864768248564,141.3569528795772,141.4848141021746,10343000
2024-12-18,142.3799285888672,144.33735062692006,142.30123667182025,143.29469398275944,9336100
2024-12-19,141.2290802001953,142.84222689454808,141.0225120524234,141.77990858232343,9516700
2024-12-20,142.10450744628906,143.0881338479335,140.4126688347448,140.7077597570277,17702800
2024-12-23,142.8914031982422,142.95041837745185,141.10119604783188,142.26188293842748,8720800
2024-12-24,143.4619140625,143.4619140625,141.9667977568095,142.6258256327977,3164100
2024-12-26,143.19631958007812,143.973377758704,142.71433728640744,143.12745853429104,4656300
2024-12-27,142.67501831054688,144.19964229633223,142.3110663211856,142.49795774646196,5588300
2024-12-30,140.9929962158203,142.5077891870345,140.60938254291875,142.4684357283566,6268700
