,Open,High,Low,Close,Volume,SMA_10,SMA_30,RSI,MACD,MACD_Signal,MACD_Diff,Bollinger_High,Bollinger_Low,Bollinger_Mid,ATR,OBV,Daily_Return
2015-02-23,0.06604582052452002,0.056848019378784476,0.12043800629994494,0.06105646479516924,0.03192461894606466,0.042280555583327994,0.05125688202089085,0.3986808780259277,0.49758668947783835,0.47003015570337514,0.4974230178949483,0.04578123076479368,0.058602244223937006,0.04694577710681258,0.08259249429129509,0.35567077451078705,0.5521359030138763
2015-02-24,0.06231734137506151,0.05896702521215702,0.12187321099313575,0.06498134593512239,0.02997427693248063,0.04355607551049734,0.050312817816150046,0.4339155062448055,0.505667194313594,0.47480828975889217,0.5080186534874128,0.044843094927028315,0.058888602916454036,0.04660550021059651,0.07737094925595286,0.36489675673222743,0.5853393710300027
2015-02-25,0.06756739664006328,0.06078292356998449,0.12302110574340375,0.06883045391494025,0.05072966919250478,0.04478729434797868,0.04960203375693484,0.46768328525260344,0.5153990532515719,0.4810275981301409,0.5198276958183402,0.04462595099953748,0.05897590235082606,0.046537230063493085,0.07328674009410965,0.37846009348113874,0.584638002457731
2015-02-26,0.0709160128675912,0.07508636240348343,0.13062826327343102,0.08083218696739947,0.062484668703243734,0.047251922603901986,0.049270785122294325,0.5608121732327813,0.5324839038450176,0.49021077013585557,0.5441137178077995,0.04774587549560794,0.05738248576223037,0.04734886953458961,0.07752156329869977,0.39447992923086744,0.6436689696296076
2015-02-27,0.08354699666096155,0.07622118066130712,0.1396697815507596,0.0786429632285649,0.042794257013523705,0.051010189218531954,0.04906449688014758,0.5387875976466185,0.5443948933943795,0.5004907938663127,0.5531013664959861,0.04908193261538951,0.05667948735732076,0.04768613642670316,0.07075111265990144,0.38257489387711424,0.5409155757497546
2015-03-02,0.0795142807248328,0.07682676295338842,0.13988520207724553,0.08400209467967445,0.03460148011522433,0.05440339110277814,0.04945240994949085,0.5780821157542619,0.5578293246338263,0.5120234982866579,0.5633658842108425,0.05271400204916077,0.05596299241318625,0.0491993020971947,0.0649422610958901,0.3927678450877583,0.5949631084746235
2015-03-03,0.08400362538706718,0.07448069244810196,0.13486187700701002,0.077359876158002,0.02885165738857917,0.056457257344171397,0.04918973024901052,0.5100146902222789,0.5632213302135376,0.5225776265141321,0.5553473901539415,0.054442599996314955,0.05595414457105341,0.05008525612903836,0.0644214600973706,0.38377646209240657,0.5092884004594951
2015-03-04,0.07654649260257917,0.06706430145612752,0.13026908297580508,0.07215175471561508,0.043903472144960674,0.058342496996216076,0.04947588318747176,0.4604576818148895,0.5633362013859822,0.5310492200277115,0.5382830140243111,0.05434455310682973,0.05597681286807177,0.050046069129682236,0.06164461311701319,0.3716396286973538,0.51917578505646
2015-03-05,0.07616592815549683,0.0753129183786182,0.1362251382160493,0.07871827669308762,0.03972665722102401,0.060334529476128496,0.049833089145052134,0.5143959171345613,0.5682265859729229,0.5390309183062123,0.5342687920765484,0.05603353207230366,0.05573082041144484,0.05079324163453458,0.06279241874652855,0.3829036129121173,0.6040134293681333
2015-03-06,0.07631817066686242,0.06941025401147771,0.12101198005507918,0.06052804468854278,0.048072914642041865,0.06021595726052986,0.04904548407603826,0.3638881841046436,0.558066240010139,0.5429139463046343,0.5006841171974448,0.05514482230932194,0.05533308497436784,0.05013694684813941,0.07417803290654129,0.36989547098840925,0.42622017536499424
2015-03-09,0.06193700834109617,0.057983346195351504,0.12015111665975176,0.0646796323814186,0.024035451990086096,0.0605954172372275,0.04882240778719038,0.39879060598877386,0.5531386177789557,0.5448067741998359,0.48437633471103975,0.05523597549321435,0.05544998799296519,0.05024225224842327,0.07060854481869619,0.3778803882890307,0.5870230325695734
2015-03-10,0.06033885471753997,0.05435068542098476,0.1183568927025308,0.056150286754292345,0.044373967022464454,0.05967052667359718,0.048279403193729586,0.3380573944989704,0.5427696319114735,0.5437673212217553,0.4603491031813292,0.05509236898285297,0.05595424918583847,0.050419992990676676,0.06719880125419148,0.36564523330787985,0.49431444354346565
2015-03-11,0.05912170368348879,0.049734712281396476,0.10910005810121493,0.04701766725162926,0.047070934810320854,0.05738603959925248,0.04745641492774988,0.2803284415406763,0.5277990625048691,0.5392487471540836,0.43184104015736147,0.05571878653489781,0.05423822904444919,0.04988607114134114,0.0684277846731802,0.3528464799471584,0.4891552129807959
2015-03-12,0.052501379030053696,0.052837125628295456,0.11347718153629849,0.05841467072577888,0.04157445547925466,0.0550382182555893,0.047202391307934466,0.3772830545497868,0.5249311743580248,0.5349275729414371,0.43345854278606294,0.055713603665027533,0.05436219840851719,0.04994528280312538,0.07253075493940608,0.3644966074851019,0.6417111994815999
2015-03-13,0.059273487965115224,0.05139922947455555,0.112113636631054,0.05373489277408294,0.03824882074681343,0.0524295572954635,0.04654127802884511,0.3464114487657853,0.5194108367631938,0.530111062758372,0.42939973922645674,0.05460879213540226,0.056669700681265645,0.05052803993523758,0.07146783582667937,0.3535414538933387,0.5221236259336743
2015-03-16,0.0584365002533922,0.059118224819775245,0.12000730392074499,0.06769845346903547,0.037610100492880244,0.05072205159317267,0.04697588370612682,0.4516334855429988,0.5259850001033464,0.5278769658425797,0.4505601410295434,0.05457443238596271,0.058417035512580706,0.051382551626929396,0.0747807567332694,0.36436313102990037,0.6599511744360105
2015-03-17,0.06125185248372289,0.054955924326429706,0.1176391787273986,0.05886739428820542,0.03476166284417504,0.0487853052041769,0.04691157866285234,0.3916874354149961,0.5247084836584001,0.5257753027364218,0.4516453091781483,0.05455033081848826,0.05856084462834832,0.05144192192406494,0.07585041038068158,0.35413670566102634,0.49236767295892137
2015-03-18,0.05957801746157598,0.06418865402175944,0.11563002775743836,0.0707177342522648,0.03925884322601313,0.04863511801060838,0.04683418713244214,0.4717799726159792,0.5329478704676991,0.5261232013756346,0.471717120080923,0.05480986076129146,0.060055041529705644,0.05232145325796567,0.08601677057203919,0.3653029285266496,0.6437067250147132
2015-03-19,0.06832855288711959,0.06585347377277218,0.12840337124807044,0.0724536981171251,0.03182341563195772,0.04797901895256951,0.047112415566907706,0.4828838586608128,0.5408940410859893,0.5283585349553556,0.4871828405465384,0.05539551667189213,0.06080739500867538,0.052998663505300025,0.080550560521222,0.3749153341897489,0.5691280937024394
2015-03-20,0.07464436935817187,0.07296723043341036,0.13450314765193971,0.07781282956823465,0.06915939588993905,0.049789281357368154,0.04728781653288816,0.5173003568323116,0.5512620284598794,0.5327002712003803,0.5044427916635015,0.056636970206552895,0.06124432230217136,0.05385621367410609,0.07700388488050247,0.3923300199052191,0.5952727865039927
2015-03-23,0.0792097921145214,0.07637255180235947,0.13787581102033952,0.08219051088654983,0.046252595429363434,0.05162322289921972,0.047982385795777405,0.544744095424204,0.5626665121654306,0.5389824020380815,0.5203424657233895,0.05845306196089106,0.06161810298477377,0.05497822931147611,0.07285032502487965,0.40495776093456487,0.5879636936724432
2015-03-24,0.08194905810860342,0.07546441722970643,0.13572292376464778,0.07449160538349531,0.04206170587233905,0.053544137726912355,0.04875515459912927,0.4819299525912872,0.5656132525882136,0.5447338417205178,0.5159939603075212,0.059010904760773863,0.062053967601601756,0.05548313309423403,0.07071348654558335,0.39320581032953694,0.5016405290054495
2015-03-25,0.0744920424387353,0.06994005260578007,0.12431301610153767,0.06226408516933846,0.04241960368514107,0.055140918789354454,0.048940055142755234,0.39420910846454443,0.558472611820688,0.5475763679102392,0.4921582020668293,0.05890504099251859,0.061464819116422875,0.05513452174071254,0.07694688941420164,0.3813790680906396,0.46846383882121406
2015-03-26,0.06003459122217103,0.05715078698057696,0.1187157672941529,0.060754598009594596,0.052662585469884976,0.05538598301325637,0.0490631620257026,0.3840538229108758,0.551621788703958,0.5481631407555063,0.4736744652682949,0.05739561166257445,0.06088696058014009,0.05406859386897711,0.07403964395557763,0.3674118004951374,0.5455083957029887
2015-03-27,0.06254558244503328,0.058210189067671836,0.12294960447981851,0.06226408516933846,0.02501598476186391,0.056279258598917026,0.04975814075314544,0.39626503941242935,0.5473609341488578,0.5475831787371607,0.4641141912313712,0.05605919062383502,0.06052396574905761,0.053199032156772796,0.0671356005342279,0.3756016244630829,0.5676324178681129
2015-03-30,0.06985014994809446,0.0650964993688461,0.12732674504538466,0.0713967812879368,0.026448916454318426,0.05666659022368281,0.05046337520277644,0.46713176639980586,0.5509472393949338,0.5480024587163953,0.472302021752258,0.053929664112266296,0.061380715802735186,0.052529810623029305,0.06750880705660037,0.3840908950849851,0.623419965305616
2015-03-31,0.06779616977613734,0.062296933685418554,0.12610722758838877,0.06422675558712132,0.03963081567190287,0.05722788446834293,0.05069416853357933,0.4120411080273671,0.5483024480722535,0.5476865129190615,0.466277551135823,0.052558522372988525,0.06139876208267325,0.051832567578120714,0.06250411653615387,0.37284693934146385,0.5046929577211207
2015-04-01,0.06391508682901303,0.05450190694038071,0.11189834172507362,0.05328201597978566,0.06201685470823286,0.055401814574559505,0.05066320482402964,0.33730895860223714,0.5379490905132854,0.5448838899892547,0.44590161520623206,0.052155351491665614,0.05980783517322874,0.0508307649964882,0.06769989602217713,0.3569248649408754,0.47663989369104875
2015-04-02,0.05615376396554117,0.05094515401033628,0.11390766865386937,0.05698049703055785,0.026689525658056115,0.05378128215810973,0.050566385565428806,0.3680055038878764,0.5327565817784613,0.5413629598347509,0.44001577590805313,0.05015522337107248,0.059559747070119795,0.049676696882999694,0.0640198300668135,0.3654644168297423,0.5839609806875825
2015-04-03,0.05615376396554117,0.05094515401033628,0.11390766865386937,0.05698049703055785,0.026689525658056115,0.05378128215810973,0.050566385565428806,0.3680055038878764,0.5327565817784613,0.5413629598347509,0.44001577590805313,0.05015522337107248,0.059559747070119795,0.049676696882999694,0.0640198300668135,0.3654644168297423,0.5565593718828475
2015-04-06,0.051588117379599785,0.047690993469775456,0.10780797184835944,0.053357482676179235,0.05082081919726335,0.05122003564083255,0.05027056653373707,0.34317068669114054,0.526125565577954,0.5369131025307444,0.4324041081791192,0.05034250341681046,0.058603846432308426,0.04929600864792072,0.06538039371664789,0.35188203202426493,0.529848891343144
2015-04-07,0.05699116114131553,0.05760509462109864,0.11778309716414326,0.06045288445589081,0.038774943936044866,0.048943420214556,0.05024906145537755,0.4034507516925114,0.5265550323822387,0.5334589874890898,0.4405632617238707,0.050161734483853304,0.058340829703008246,0.049071608774505227,0.06769535252594194,0.36294713211900104,0.6091230641286787
2015-04-08,0.05919767082992422,0.0544265297630665,0.11900290757764465,0.06090568463425272,0.035114198891991265,0.047520545603265796,0.05010384894605846,0.4072619926296835,0.5274840439394801,0.5309244961362354,0.44809869650855877,0.05014292602090398,0.05886601399163127,0.0493240749023901,0.06162677606858136,0.37324722864782883,0.5598822748821038
2015-04-09,0.06475226491460073,0.0635075751480777,0.12424129893103664,0.06973651396727654,0.039938446937963036,0.048303144693714106,0.050136131131471084,0.47913010100583514,0.5351345409260738,0.5307810980381966,0.46769141416601845,0.04975700220043344,0.06168058178401914,0.05053022828957143,0.06210689129554295,0.3845554715822604,0.6213261612760167
2015-04-10,0.0705354401330327,0.06721586056879891,0.128547064434274,0.07524657881117347,0.03131002663456756,0.04982091238355002,0.04993712043932508,0.5200314566498578,0.5454507404718374,0.533207094427657,0.4887451395457433,0.051006327853226896,0.06218163268635457,0.051423841561584305,0.05987742428324738,0.3940605918679364,0.5965045127894174
2015-04-13,0.07213321092426839,0.06600491125050667,0.12582003922275742,0.06384919225734675,0.05789767875789352,0.04998692311431552,0.049410030368184366,0.4241597408300191,0.5449419295319825,0.5350225795467517,0.4837425847842838,0.05063902931548114,0.06363638294200913,0.05196081409075326,0.06067396295266539,0.37899932155304406,0.4745251744482722
2015-04-14,0.06840456576904086,0.06206955915582835,0.12323651997830298,0.06362256232035957,0.04830481097767763,0.04917271707000348,0.04868392414537026,0.4223587867725191,0.5444120770778056,0.5363444734612836,0.4796980779087241,0.0504388344223764,0.06340945647293372,0.05174442326879436,0.05912014114175029,0.3659427191324842,0.5549036763106909
2015-04-15,0.06452420553170513,0.06040502341269105,0.12424149437921572,0.06422675558712132,0.04103224699506583,0.04917271707000348,0.048216001702236944,0.4276530780367375,0.5445005640237787,0.5374237815117305,0.4777103192409551,0.05040887105232217,0.0640103878901156,0.05202895407551733,0.05423737833212125,0.37747953874570783,0.5609747591053605
2015-04-16,0.062469715240621726,0.05344283725473209,0.12022289804296182,0.05811303378801058,0.03491782424938641,0.049678677079110556,0.04771581345227327,0.3756021590677024,0.5399882190083368,0.5371759095815068,0.46683535123644887,0.049972911574815426,0.06311963398416032,0.05135976508235873,0.048938973838935806,0.3672204795740406,0.5119164225277743
2015-04-17,0.05562109782952451,0.04988566561952534,0.11548638512646092,0.05652762023626057,0.06011409835889778,0.04963124658804985,0.04692517834556209,0.36241452366281507,0.5353497874214346,0.5358352405618384,0.45788092639866146,0.04925492199013415,0.06216664707725217,0.05051424272724325,0.04315904110348315,0.35169603335426747,0.5448885698388686
2015-04-20,0.062393481891761415,0.057680514823775675,0.12223206548329113,0.06128294150028557,0.030519166299162355,0.05046129221777107,0.046952074707211855,0.41041139855252723,0.5354642482254135,0.5347908952105173,0.4603090148713553,0.0471979160058319,0.06253115303505719,0.04963666382843612,0.04314317611261209,0.36103588373738554,0.5916388488334745
2015-04-21,0.06543696197818427,0.05851274384975158,0.12302123195887327,0.06196206515189295,0.02960900669282314,0.050619351059407514,0.04685524998908375,0.4172752021539791,0.5362162176587255,0.5341406169678408,0.4635380171623428,0.043383063285489354,0.06431618515910764,0.04856272690524421,0.038637175308351646,0.3701855336733224,0.5615376948170622
2015-04-22,0.0652090432465473,0.05707533679710275,0.12158637074256096,0.06294366851655842,0.01775414430922371,0.05083279228123361,0.04709729267605822,0.4277074093507924,0.5376880140360335,0.533982874269687,0.4675738739155928,0.041467715580972175,0.06506438775060008,0.047949641948012656,0.03454868278830922,0.37685781578176303,0.5637485705029935
2015-04-23,0.06421945310854016,0.057226251971133846,0.1212272137560444,0.06316968552606228,0.035096773155787415,0.05014503812469462,0.047672775997917194,0.43024805745653566,0.539135159103558,0.5342130887840232,0.4707528114631685,0.04152357950748009,0.06510306063726934,0.04799772066219066,0.03142101986116608,0.387154270770365,0.5582125620747695
2015-04-24,0.06125187310967173,0.0625992748975236,0.12187303837409325,0.06784938686182274,0.029838222145966008,0.04937031870642039,0.04800892728814721,0.4825612289118741,0.5439171527500919,0.5355749889089833,0.4800258904622029,0.04214828175489593,0.06521302851196564,0.04837438606746214,0.03444110541007356,0.3963518209661958,0.5907786120001928
2015-04-27,0.06924170444572797,0.06312914456675223,0.1252459171340251,0.06407559234652771,0.046908741419500466,0.04939402993989772,0.048377358034025986,0.4371996008588919,0.5448596176204726,0.5368966230251663,0.47969594911024044,0.04226061819401983,0.06528977888841303,0.0484705597661107,0.03342331748950733,0.3835869619414227,0.5291336291339886
2015-04-28,0.06383918266114952,0.0582102372087141,0.11692174178815362,0.06528328933663241,0.035988836805299566,0.049567960463367755,0.048291307693187124,0.45148231240209485,0.5465532752950858,0.5383710511013933,0.48094794917877737,0.04125130394599685,0.06568105606924146,0.04814599183725121,0.037351480450509345,0.3940698357777405,0.5653798404644986
2015-04-29,0.06429564325640114,0.055637136480353955,0.12115551464432472,0.06264141865130668,0.045650737309707604,0.04940192566028412,0.04842577312285368,0.4184488838056423,0.5459027292478826,0.5393903744810122,0.47721880235137165,0.04113386653848461,0.06563362439869624,0.048061825614427955,0.033354912546291665,0.3815678679454262,0.5372949982971816
2015-04-30,0.060947863704238436,0.05215632028109074,0.11304681945686779,0.05365973254143097,0.05399096274511643,0.0489355244941696,0.04781801034534583,0.3194656143415176,0.5386248472533466,0.5384134073104065,0.46086111448870465,0.0410859394707882,0.06572325299382309,0.04808187874986769,0.03709652225285073,0.36732300293732234,0.4908370694333212
2015-05-01,0.057523623422721104,0.05397242039634664,0.11914639388830128,0.06067913131320091,0.027747804022128,0.04937031870642039,0.047398492071985654,0.4078454611333771,0.538347547536801,0.5375635390910977,0.461902568586032,0.04100587616999174,0.06619924973803382,0.048278240841825526,0.036462287415272604,0.37608370836529015,0.6085390323144251
2015-05-04,0.06292611520482283,0.05518322845285828,0.12302142636529945,0.06233962848166752,0.022904789798705937,0.0494809871775268,0.04684719445643093,0.4274133952654911,0.5395024507388909,0.537168078693519,0.4656260051916801,0.040514972295272456,0.06766113273296093,0.048755106843126006,0.028515858047979126,0.3838323457289495,0.5687413883941469
2015-05-05,0.061404166559999473,0.05321555491630714,0.11677817897370313,0.05592388666511139,0.0449925806577009,0.04884859935296504,0.045911335921345886,0.35741388957017645,0.5356539996763339,0.5359038984618133,0.4585076787110184,0.04075156612988473,0.06693529816609001,0.0485146603937856,0.027252520122465568,0.37146791606978086,0.5095943227366121
2015-05-06,0.057523457332984695,0.05003710745598866,0.11225723978971791,0.05343302598850841,0.03964958184935317,0.047852534968372384,0.04516103580293629,0.3321142120822031,0.5308998418707495,0.5337216812851532,0.4509852457714488,0.04120457678326339,0.06567306318402277,0.04811793371792794,0.02751264746551091,0.3602200386675548,0.5381697978703587
2015-05-07,0.052349409283290904,0.05102109846172087,0.11405145649167059,0.05713173688708684,0.02873034745577549,0.04722017121612898,0.04497817439278784,0.3808958657166393,0.530174677821683,0.5317973112426436,0.45309805592137586,0.040187731391330694,0.06538170952772471,0.0474487406571964,0.02660752880216405,0.369186070940565,0.583957155137606
2015-05-08,0.06406753115267216,0.06365897037648316,0.1250307320017554,0.07079327756459397,0.0361496897548735,0.04752848946828869,0.04533584441019567,0.5281013325184072,0.5401545027422958,0.5327156863890327,0.4763916283263902,0.03883324657966858,0.06630573867174272,0.04721231297009021,0.03455787731064222,0.37970255899435224,0.6572581032135552
2015-05-11,0.0704592487552238,0.06358334260537102,0.12912108339519646,0.06747220661172537,0.02402070713637515,0.0478842221632968,0.045521405556634864,0.4894714279186993,0.5455548536781114,0.5347804065250075,0.4857848268868244,0.03936166440046596,0.06614580908485157,0.047404660367387,0.028945220850347925,0.37172072299699876,0.5325165328706605
2015-05-12,0.06711090364496919,0.05896680570292001,0.12388228878082741,0.06324515222245586,0.032091503881247624,0.0476707648932585,0.04523096961894213,0.4421820206868788,0.5466200854252045,0.5366945321672162,0.48455084933651915,0.03932695214296389,0.06614148749801652,0.04738462350223971,0.024880134531333947,0.36205229363811714,0.525824405383647
2015-05-13,0.06558928420029553,0.05957237186886777,0.12524594235219655,0.06384919225734675,0.02487791931347961,0.04779725690156178,0.04521751734347179,0.4487961775589427,0.5479330037576757,0.5385491834569001,0.4840635140163549,0.039286862741453654,0.06614269821661334,0.0473645785019462,0.020054495589294036,0.3702132654027347,0.5609758362095772
2015-05-14,0.067795901423651,0.06517240498607946,0.12869035642775362,0.07351038509850705,0.022379336830097726,0.04987624661910306,0.045938237742523036,0.5458902361769988,0.5562796846305714,0.5420885584237264,0.4978682099522443,0.04132822189494345,0.06567388331717627,0.04818203053501913,0.02187978598609483,0.3778520963226606,0.6271413718670787
2015-05-15,0.0754814187538807,0.0685780166170531,0.13385730437285437,0.07705808598836283,0.0261962432793627,0.051591640017674245,0.04665358596662983,0.5771964051115797,0.5654151934945756,0.54716998804362,0.5105038699663705,0.043881050546713984,0.0652232392729466,0.04927200183141667,0.017172707973138884,0.38628856461128797,0.5821520996655987
2015-05-18,0.07844893326248037,0.08386454982513869,0.13852167675819704,0.08551158183941832,0.05606194447088092,0.05401847473394361,0.04779921046280422,0.6443139894769099,0.5787774436439254,0.5545260401280684,0.5291422211204189,0.048615982914802736,0.06291424322061956,0.050558310814333374,0.02608361958107272,0.4009662126693106,0.6172617797459556
2015-05-19,0.0882647087968399,0.0821996023785665,0.14526707030212005,0.08958731975622336,0.037594015197922846,0.057544098440889035,0.04883724678261592,0.6732580070679302,0.591985775808325,0.5636638826474687,0.5437422861101334,0.053576136310052314,0.060734102762525555,0.05202494751600251,0.023082881512076464,0.4117845283841253,0.585509266451202
2015-05-20,0.09404771889894137,0.08492400799842204,0.14562588769488105,0.08687013560637491,0.03372282087817668,0.061046018938463176,0.049762339129702626,0.6353826500441029,0.599781950068062,0.5728942296284756,0.5445002715189677,0.05690129527766674,0.05984769437211268,0.05329521399056736,0.023258691437359202,0.401775194836408,0.5373595088066773
2015-05-21,0.08826798305580252,0.08169464808449256,0.14402036110423055,0.08360078040991825,0.03190719320986082,0.0638181630359379,0.050256311707741474,0.5905813426250413,0.6028310882337156,0.5810294611510529,0.5355268498692198,0.05908428798881615,0.05976811016604833,0.054379909644639346,0.021482219451703505,0.3921452817683767,0.5333775451423622
2015-05-22,0.08336254459218484,0.07491036286853381,0.13671976326562485,0.07546570038648903,0.027490439302809692,0.06430751314545169,0.0502641188318983,0.4897240063221027,0.5984437945712566,0.5864571261456967,0.5133409370388646,0.05971030670217736,0.059932188080559556,0.05478426302008088,0.021083764757932555,0.38343835908836,0.4986342491503878
2015-05-25,0.08336254459218484,0.07491036286853381,0.13671976326562485,0.07546570038648903,0.027490439302809692,0.06430751314545169,0.0502641188318983,0.4897240063221027,0.5984437945712566,0.5864571261456967,0.5133409370388646,0.05971030670217736,0.059932188080559556,0.05478426302008088,0.021083764757932555,0.38343835908836,0.5565593718828475
2015-05-26,0.07539145445259432,0.06835487523228079,0.13129861794327713,0.0714363151106161,0.038899604971964666,0.0647226803942218,0.050534441870713986,0.44496986267219935,0.591387521500049,0.5890614109987319,0.4902060426374018,0.060017874162399454,0.06039768737822271,0.055175046971622455,0.019558844126290026,0.3723472079750851,0.5275655856041662
2015-05-27,0.07370518903644685,0.06728766247624374,0.13288884877045581,0.07379317451616074,0.04814194736623401,0.06582739117518766,0.050896812541198266,0.4698092197840809,0.5871538425569165,0.5901021515049633,0.4773942951783062,0.06048460726358518,0.06082116875560806,0.055626840452263515,0.01467782842129009,0.38536977600045713,0.573607503434433
2015-05-28,0.07370525821184715,0.06949829951698261,0.13296115793189955,0.07394533376391488,0.024028749783853845,0.06688477577847196,0.0512430776059043,0.47147074807255124,0.5835112754257006,0.5900376379140321,0.4683377971007675,0.060918614158920636,0.061575588171755236,0.05622697018913492,0.012840454916296484,0.393353292708684,0.5576566284100505
2015-05-29,0.07784393087816466,0.0688882464341618,0.12587712698417775,0.06626611855626463,0.05256473325889416,0.06612607247594093,0.05153356540910714,0.383240864718625,0.5744463708282121,0.5877534860958851,0.4501499890761507,0.06029787459785041,0.06355691494121352,0.05689624866890197,0.019796861389755227,0.3794064737621424,0.5011936811873576
2015-06-01,0.06810990550059204,0.06111310862144159,0.1250821642031208,0.06550601186091298,0.0347388753429854,0.06491620578474833,0.05185345822679199,0.37504978823384544,0.5664730453750372,0.5839624621717174,0.4378026163169738,0.06017308715018943,0.06419906030117162,0.057152509842499866,0.017497570720293176,0.36918481040740986,0.5510238712748743
2015-06-02,0.0653506703636818,0.05836894866776576,0.12060060880448664,0.06504991719732778,0.04153692312435407,0.06277322382118944,0.051987672518199024,0.3698642085982718,0.5596758933734479,0.579255613262685,0.43029830827045057,0.060111642024359924,0.06455072643451998,0.057296400241319434,0.01786504499897204,0.357542526186876,0.5532345289409628
2015-06-03,0.06841663647916096,0.05981737793484476,0.12594966162087473,0.0658862567484273,0.02185120297899662,0.060290974628306127,0.052127488284700485,0.3818614420639544,0.5548558500876088,0.5743030346046789,0.4282847884790393,0.05953305397807229,0.06620734455097188,0.057825306773008345,0.012912547404158314,0.3650709904261106,0.5626597855404843
2015-06-04,0.06550411166893078,0.06012233838324055,0.12031157421727767,0.0593478528192557,0.03983121163824707,0.05740852314449907,0.05199937228537965,0.3059915397901501,0.546058372033173,0.5681742936110558,0.4186472653441,0.0588277765142019,0.06756420191657786,0.05813932748478956,0.016206325493788643,0.353785156969992,0.5089194733443292
2015-06-05,0.05822241202702416,0.04929774282936361,0.11409497970895732,0.054481744912606045,0.03647608719838396,0.054358841265801594,0.05168982800184818,0.25675470127539485,0.5355105596236098,0.5606735434061901,0.40740496475830457,0.059170244510076464,0.06692896510542767,0.05799863826600882,0.015607594017114645,0.3432004600665897,0.5207968233174227
2015-06-08,0.05523311536916631,0.04876407901153068,0.11236012074393487,0.049691869861704374,0.03310688812543312,0.05165950790693008,0.0510428903856075,0.21291452849299686,0.5237693004581511,0.5517812589939353,0.39600267554136875,0.060502395432130096,0.0633100263165094,0.056878355414784476,0.01495510764250177,0.3333198409599324,0.5211285538964049
2015-06-09,0.054006833808606935,0.04541005801074127,0.1112036467428249,0.05159263460366381,0.038399620387039,0.04958124838304245,0.05059813271715807,0.2445741054196286,0.5162904431192485,0.5428255085785285,0.39548263246981613,0.061306116672938615,0.06079175266700254,0.05603530207654761,0.011654157349066302,0.34430650788057315,0.5707097967386846
2015-06-10,0.054313462336991636,0.05310915943039152,0.11409498426378994,0.05668659830226741,0.05301579173832442,0.04778965004899438,0.05029183958218275,0.3249532831732908,0.5146529922656645,0.5352576303035181,0.40685491455738254,0.06154676520844671,0.05984587394618923,0.05568710561548362,0.014460338543201695,0.3583475866952686,0.5943853354684973
2015-06-11,0.05983197483957059,0.05501484339662521,0.11864887557378001,0.059423625979391104,0.027212967964794645,0.04626876900599797,0.050177192236914525,0.3652255694739705,0.515827017242316,0.5294924712484654,0.4216264708825773,0.06162466481504991,0.05929479462968479,0.055452150389843746,0.013408518685612242,0.3669965248501506,0.5767458514034689
2015-06-12,0.05737936315721526,0.050669925967785856,0.11351681964453941,0.052657136410459104,0.04424997620716787,0.04484347913877662,0.05014147054925111,0.29105950590379287,0.511997898916258,0.523937293434417,0.42334706591168125,0.06157414123210003,0.05712901292543904,0.05434504240792737,0.01387541310291282,0.3547872808282991,0.506835318385269
2015-06-15,0.04871829392084115,0.04030290106118983,0.1054933370732295,0.04611865586535202,0.0316250303274832,0.04281301119072334,0.04962269260855001,0.2301489150332376,0.5044651382862559,0.51763795277954,0.4172493646187016,0.06147590182913132,0.05393971931337971,0.05270245469617396,0.016426564163456447,0.3452163327000788,0.5080760596815209
2015-06-16,0.04680205594329356,0.04502895176175403,0.10614380538374157,0.05273313941840074,0.02637050064140113,0.04152305589670946,0.04928042118812437,0.32596330791797207,0.5040709823193383,0.5125014059482859,0.4267773456099053,0.05890119808661376,0.053110261857004626,0.05096223302702518,0.01927679626909637,0.3536892163909647,0.6060389139125767
2015-06-17,0.05354682919487774,0.04983122633224857,0.1137334890332824,0.05554609348753059,0.027082945163889045,0.04044011451554863,0.04926696072336301,0.3634450116128141,0.5063971543322316,0.5089650674265623,0.4398895191056937,0.05463577071033032,0.053891131926069535,0.049154969617852484,0.017880942544174272,0.3623109830533922,0.5774155124827639
2015-06-18,0.05722590654948734,0.06073186106834905,0.11778135777857945,0.06793879765846378,0.04491081374166748,0.041339857530712676,0.0497837896127884,0.502832189361935,0.518078310521069,0.5090128784561742,0.46925818971692634,0.05094816749043518,0.05568281518779794,0.04814989670743819,0.024958595813990847,0.3746583254853472,0.6480985144360134
2015-06-19,0.06504379322158182,0.05806374723961616,0.12551564110427393,0.0641372681745449,0.06393033458753952,0.042351095499909674,0.050033391015424034,0.45947633064442633,0.5246995714278224,0.51068183788752,0.4825419471998454,0.04732685337545017,0.05734949445115656,0.047116570434191596,0.019403243056102498,0.3583363819561121,0.5289353048609835
2015-06-22,0.0705627433711461,0.06294270596465645,0.1270339292009115,0.0658862567484273,0.01971118852903999,0.044047158826925226,0.04985855784029136,0.4778626468477986,0.5314818347055192,0.5136873683478501,0.4934938658451294,0.045696957048984355,0.05801250920255574,0.0466079936329139,0.018095005372863737,0.365417637043764,0.5693321498934879
2015-06-23,0.06673057032333651,0.05928395939209519,0.12334766289709087,0.06352955057475362,0.026351064243327615,0.04529733060297614,0.04971808420074031,0.44960222854174076,0.5352056614968532,0.5170089116659973,0.49608328835588494,0.044584862760641664,0.0583191142874262,0.04618822008780665,0.015917279303723053,0.3569488150708223,0.5393880187185067
2015-06-24,0.06220819132876454,0.0550911494589541,0.12038378287947671,0.06010803613054283,0.03444799959250586,0.04565566310835556,0.04960631129663895,0.40943031884742936,0.535684968430798,0.5197841919484572,0.4916071863036669,0.04257783965911166,0.05893460634959746,0.045461670178629565,0.012547603695093001,0.34678793742601366,0.5315522024065481
2015-06-25,0.062131763809451734,0.05638730952277682,0.12067314611520052,0.05851166650002704,0.029933393474463922,0.04556015217364129,0.049416139579325336,0.3908801160643595,0.534998123338052,0.5218352572190039,0.4856729383511325,0.040155905240593204,0.05979226926653747,0.04464229011590193,0.010669923147369614,0.33757049881818013,0.5448389620003451
2015-06-26,0.061594747911292935,0.057530197223169655,0.12168465434820053,0.06246466568828113,0.046420820805792844,0.04658730996930838,0.049022589547959794,0.44161223373427577,0.5376053476518087,0.5241182270630137,0.48757317407894646,0.03961619418926188,0.05994487376787028,0.04444046934082835,0.010273169990043768,0.3502333947166293,0.5856434345504827
2015-06-29,0.05814584650260557,0.05158459427010065,0.10990260044833522,0.047563172711855506,0.06056113551458869,0.04673859646541023,0.04797170968998088,0.2876208255354254,0.5284941566102076,0.523700662382312,0.46544488177569543,0.039251622512261,0.05841270033092172,0.043487876258698765,0.01962643542926576,0.3346155289841391,0.44749422290792956
2015-06-30,0.05393028444833181,0.04472408708666864,0.10758956541186704,0.04589057022559173,0.045930219309592325,0.046021963551075906,0.046560045154222296,0.27337322230444033,0.5203176403416949,0.5213528655217503,0.44962847894942704,0.038877705605261714,0.05676078439413956,0.04247069825070471,0.019938045417833755,0.32205515644897165,0.5440718314305956
2015-07-01,0.052934008965446755,0.04647747657097345,0.11004729413040348,0.05356963220137112,0.03090923470187916,0.04581496568643495,0.045276764134626446,0.3701769312419912,0.520044160335651,0.5194072742840502,0.45292416856466794,0.03765222967256454,0.05671536121657028,0.04181680333244553,0.02090136470062451,0.33147652130945304,0.6140201583002871
2015-07-02,0.0571493965905604,0.04906904691706637,0.11496244006537604,0.05334139332973997,0.02665467418564843,0.04428615682662784,0.044082162218303855,0.3678871768188741,0.5199812015508,0.5178352955526502,0.4559855649926372,0.03733286218393128,0.05640607536502795,0.04149791780322276,0.01679067226580938,0.3229442525010378,0.5548690267085655
2015-07-03,0.0571493965905604,0.04906904691706637,0.11496244006537604,0.05334139332973997,0.02665467418564843,0.04428615682662784,0.044082162218303855,0.3678871768188741,0.5199812015508,0.5178352955526502,0.4559855649926372,0.03733286218393128,0.05640607536502795,0.04149791780322276,0.01679067226580938,0.3229442525010378,0.5565593718828475
2015-07-06,0.048411773900078114,0.045105334699339195,0.1028188879174774,0.05151678482759303,0.03151980568963691,0.04296439397609819,0.04293903545590694,0.3488259277534225,0.5188757281123134,0.5163054521494603,0.45633082362584304,0.03732450086555705,0.05609935515015885,0.04134050679138068,0.02413867702704689,0.31339529367341207,0.5430421357154624
2015-07-07,0.05546331691642903,0.04876434843521982,0.10917986988109474,0.05699091679777568,0.03356263814922596,0.042032771187463625,0.04228079388822081,0.4182947965345886,0.5224899276339484,0.5159716969345245,0.46613162002668845,0.03737027561732309,0.05682843510197966,0.04172801634656764,0.027111869894582336,0.32337115306289943,0.5972124595534961
2015-07-08,0.0538536765540254,0.04579133311259098,0.11040867969631973,0.04824750624707186,0.03170545680227017,0.04043225891569269,0.04145459542014007,0.3276592627465225,0.5190005156657265,0.5148453064325101,0.4596367334915054,0.037540423353735086,0.056297079727963495,0.041550422036946144,0.027658903008355523,0.31378339782594444,0.49209993592534035
2015-07-09,0.058682484280212055,0.05303306049193368,0.115540828927568,0.05303738129797353,0.03486152571703553,0.039691738237547236,0.040715083327838464,0.3860766389994362,0.520227673128647,0.514246423276994,0.46395915064581805,0.03742176652106188,0.056031395567352815,0.041356683529645166,0.03336439825964296,0.32403069202149737,0.5922873424624187
2015-07-10,0.06427767415243768,0.05570102867021931,0.12052836310610116,0.06162863260092333,0.032535189933822414,0.04001818294534998,0.040276249246598894,0.47812083865598204,0.5280131355594181,0.5156847515660046,0.48065214601969836,0.03769303797781498,0.05598599496322598,0.04147374828379424,0.035967264647818575,0.3337918405968988,0.620231750830354
2015-07-13,0.06634702762267364,0.060198377300185846,0.12616640360160514,0.06725461735511828,0.03264912743977062,0.040519842033596154,0.040311468657743155,0.5306523416173652,0.5386039638174104,0.5194437657223069,0.4996679426131307,0.03923205753435299,0.05595046470746223,0.04224873485358305,0.03318658211830727,0.34357679924300777,0.597781870877732
2015-07-14,0.060292248158753003,0.055624976931328396,0.1166252685243222,0.06352955057475362,0.05211434500008713,0.042192025620906626,0.04024104894380043,0.48772227880158053,0.5441949374036061,0.5238279443746499,0.5047905665157008,0.039489787488629524,0.05753630997548598,0.04317308677559939,0.038015450426666986,0.32972410010538056,0.5294666330547091
2015-07-15,0.06412439255431279,0.06370500466521423,0.12443168068005628,0.06839519878579059,0.03937814249694714,0.04454897037318706,0.04036023861585081,0.5334617800590284,0.5523065880611573,0.5293330570505268,0.5139755465625927,0.04089449182015692,0.057752604565406984,0.044004592273772514,0.03855367406324664,0.34091525351562696,0.5921214282205999
2015-07-16,0.0732452939708288,0.06690652466337366,0.13274427549314283,0.07364116850027758,0.024530745030649184,0.04665109358856767,0.04063653983715032,0.5791708763869583,0.5625885240359509,0.5362694234898768,0.5257032994753774,0.04328859999717671,0.05720671800807442,0.0449652676236747,0.03549209797614605,0.34900367459420634,0.5946567721986176
2015-07-17,0.07278534192644215,0.06347618873479954,0.12681692626355168,0.06581010050861491,0.039806413475187756,0.04795696068494537,0.040866784485451335,0.4873638390854222,0.5645566405424718,0.5423032322430353,0.5183077042264237,0.042959187077265204,0.05732023015619214,0.04485225417234462,0.0346706300820894,0.3377230233299476,0.5000765114212097
2015-07-20,0.06979611882211678,0.06149424325710451,0.1278288990096319,0.06801495389827628,0.019445110941619763,0.04968483959258285,0.04134896175458025,0.5080779413202834,0.567584075560028,0.5478758880452522,0.5145289977512552,0.04351319670791276,0.057160979140081114,0.04505812218266403,0.028325196688979176,0.3447486748995355,0.5726259083003797
2015-07-21,0.07056255029568026,0.06271383809683151,0.12761203147159894,0.0677867916425805,0.025312222277329245,0.05081550835672932,0.04199366915388536,0.5053331312805835,0.569565596328574,0.5528220295439454,0.509395313469985,0.04379740754850436,0.057069843460273106,0.04515902240126812,0.024069240007942944,0.3364969447477505,0.5549015811263633
2015-07-22,0.06910630019989439,0.06195157035026133,0.12515441313447961,0.06657036043583742,0.03087706411196437,0.05273448937485592,0.042527313387648924,0.4899384846605533,0.5699571417886333,0.5568753741241869,0.5020796983581751,0.04417184645434591,0.0570068803676399,0.04532046031049053,0.022427267346567276,0.327082302730763,0.5477183322916458
2015-07-23,0.06979614571760473,0.061113105598816886,0.12710609773313608,0.06672244306765607,0.019444440720996534,0.054167747179418524,0.042884882403800284,0.49167026153807086,0.5701342417836303,0.5601616666831866,0.4957944421681446,0.04481781966534104,0.057043806410573605,0.04567162203235309,0.017245093153386293,0.33410781424111136,0.557666475965252
2015-07-24,0.06404771423158062,0.05615835139531655,0.1202392501025692,0.05873952229198098,0.029552037939849035,0.05386516616310866,0.042860508343801174,0.39180092971235586,0.5639845471287884,0.5612761293445543,0.47799837758612357,0.04482544942285793,0.05706016772316125,0.045683718994786626,0.0177266819339425,0.32497006934052824,0.49845832686153346
2015-07-27,0.05806932134210219,0.048840510510938406,0.11207120907982304,0.05212503873893237,0.04436257327186963,0.0522806218624442,0.04284155013496549,0.32235223653909334,0.5539837098263694,0.5597046532798536,0.4559896838644955,0.044619286143575576,0.056173199590436096,0.04513478373309665,0.018944003123722186,0.3127372953664482,0.5079082347434101
2015-07-28,0.05745605948712318,0.0506699588565257,0.11568533034463302,0.057751100109062814,0.037817868886079915,0.051675435757506216,0.04325600469667856,0.39386675617802275,0.5503434999902183,0.55755094699623,0.45121886521573407,0.04420425630027469,0.05768503408186587,0.04567566520002586,0.01737936513540267,0.3236023908672412,0.5983067366005421
2015-07-29,0.060292113285441595,0.05692076648569022,0.12023933093497652,0.0631493056872392,0.03846128068437568,0.05112602521395604,0.043627124259793204,0.45576606213716203,0.5515557249449817,0.5561265335776179,0.45719472130791916,0.04366073342780896,0.060081498014290524,0.04659193892184277,0.016696715331334933,0.33460194323791187,0.5963166182211759
2015-07-30,0.06443097862401093,0.05653952184763178,0.12262457807596405,0.06398549200646786,0.022804256705222223,0.05011477119654695,0.043927813189910236,0.4651113155578616,0.5531032561076067,0.5553681350044284,0.4626520746736898,0.043830121255976406,0.06101452224047832,0.047144921418778685,0.012116408828297648,0.3423295717156528,0.5626739564391494
2015-07-31,0.06856964573426627,0.06400969571630755,0.12681684335273424,0.06679836945966222,0.027491779744056144,0.050218274140920394,0.04388718065736619,0.49694124415961566,0.5563918626299609,0.5555713473079219,0.4705315542235767,0.044179467229925384,0.06208529806166441,0.047859358095229676,0.012868048099781343,0.3510367745141485,0.5771057857601611
2015-08-03,0.0659637297253316,0.0581401430000692,0.1215402107226703,0.06535385261315885,0.02719487200796758,0.04993957286431561,0.04393052657501939,0.4774198797931006,0.5577849855207477,0.5560770210259103,0.47300993564368193,0.04401146199583594,0.0637303475748967,0.04859397400188681,0.01202616038005408,0.3423916179587318,0.546046982146149
2015-08-04,0.06910634899526213,0.0603508330350202,0.12457617555061407,0.06368132674283056,0.02607426312593579,0.04950960113982117,0.04385196670574931,0.45441837857797923,0.5575046042049807,0.5564125065689004,0.4716154066537883,0.04406540736802189,0.06438626277040504,0.04894917075627592,0.009993180504130172,0.3339806404516854,0.5443645382789456
2015-08-05,0.07033253051276955,0.06416210504123332,0.1296358847327702,0.06915522886520686,0.016463299388892835,0.049780318430872605,0.04405240506430563,0.5214568941467885,0.5613248543574633,0.5576217614840561,0.47877510925932026,0.0432637582928862,0.06743718378714691,0.05005917078267441,0.01147398360885965,0.3403831684649339,0.5965590325394764
2015-08-06,0.06971933323583657,0.06111295713796572,0.11994988268201767,0.05813103853283541,0.032660521190365444,0.04888052727107206,0.043981966242017,0.3826865342620582,0.555828166549289,0.5572354191672413,0.4657007191249936,0.042608779144829745,0.0686548007826292,0.05032959524584646,0.016602945476003383,0.3305958288117542,0.47657886539228295
2015-08-07,0.05845226321386632,0.04945009367289188,0.11380581802173928,0.05645843604657175,0.026225732986784586,0.04864162556064244,0.04390881130485558,0.3644783320595301,0.550172027344694,0.5555333287374594,0.45491942432029225,0.04291273110749494,0.06779126344756281,0.05005510727713591,0.014820529678318706,0.32215319791659075,0.5442470349038572
2015-08-10,0.06266809059595568,0.05699689152193599,0.12313057995749588,0.06360540035082429,0.026933485964909923,0.04984398168854065,0.0439494547564544,0.45251067590414,0.5511302766567461,0.5544076578652493,0.45964263016807516,0.042621867947140624,0.06770327669104814,0.049861368769835046,0.016053245443527292,0.3307437313686196,0.6092865873773189
2015-08-11,0.05868226919863895,0.05150824606973148,0.1182150908319336,0.05767494386925032,0.030613667407037047,0.049836005727093347,0.04430972896842367,0.3857789206688506,0.5473625166521991,0.5525791821702047,0.4538838181960363,0.04270318328673561,0.06699668239891465,0.04955054517051938,0.015369183415895049,0.3213841326327383,0.5132191767258866
2015-08-12,0.05370031780685747,0.04685849183137092,0.10838465854900914,0.05539416408758269,0.035840047826943666,0.04902379768519627,0.04464833431621207,0.3615918850138245,0.5426971421492273,0.5499673945295931,0.4474653275092755,0.04240466437532231,0.06592195197302764,0.04886031462165508,0.020316046601997956,0.31093235194757973,0.5397599565853076
2015-08-13,0.05630624016577368,0.04876415046504379,0.11373359679866368,0.0536454819774419,0.019658241099805233,0.04794087235224764,0.04465103678226645,0.34291546488351027,0.5377843792270514,0.546668029523597,0.44183128995741294,0.040935495928991816,0.06531125977460728,0.04779873498557585,0.017498463485460025,0.30386216153984485,0.543640055463359
2015-08-14,0.053163772368482576,0.047620743813151734,0.11170968724187791,0.05615442401480519,0.02052483636563484,0.046826115390464995,0.04475126278595387,0.377629992719868,0.5359560503415527,0.5435782493712925,0.4435486369723766,0.04059255842189935,0.06463817095185631,0.04728611094905222,0.01613336441456012,0.3111134485441962,0.5751388031901021
2015-08-17,0.054007083671491984,0.055624865280176294,0.11308321932290577,0.064213730878099,0.032082791013145706,0.04670670866783366,0.04520364468439286,0.47754041229729866,0.5407657842729464,0.5422909857511999,0.4583185324657474,0.04004001383425415,0.06480404265372475,0.04708430237669792,0.023143310763624164,0.3207800571329649,0.6160415181173389
2015-08-18,0.060138423409705655,0.05409993740734598,0.12002209161541522,0.060411894930438415,0.03688827288166718,0.04636429598892433,0.04532553136297035,0.4307668831350903,0.5417446735945017,0.5415022596307996,0.46240356948948264,0.03920817665156795,0.06487802274675514,0.04669276592413085,0.020316808496032374,0.3101092237972973,0.5287975458413418
2015-08-19,0.059678757017656014,0.05646319083971707,0.11828748211575224,0.059955876882788695,0.037046444948748224,0.045400833547349695,0.04574269112050122,0.4251453290185752,0.5422432278687612,0.5409940646743444,0.46470225352375244,0.03851549696154233,0.06488928434550156,0.04634160013469524,0.021156657251449662,0.299405336481118,0.553212672779821
2015-08-20,0.05791579810505709,0.05745414255629999,0.11835973210162587,0.05600234138298654,0.05700561510838137,0.0451778917839204,0.04584833024558843,0.3766783724427833,0.5397127655464445,0.539964296331751,0.4604284594876279,0.03772836035994831,0.06456134815590597,0.04577246530493351,0.023091546282388298,0.28453048501394146,0.5275270013915007
2015-08-21,0.05035643842792137,0.051002780455466024,0.09993213708941462,0.037002968484417975,0.09400916593724322,0.04314029040555867,0.04497093778924244,0.20474264838037087,0.52345093253386,0.5351354524091672,0.42929867605145655,0.04124272840718668,0.058623055663223345,0.04461846227261468,0.0412798444378559,0.26192282287716406,0.41630508868149135
2015-08-24,0.002935007620425867,0.025578063355084946,0.0,0.01601150464886336,0.15764527367118708,0.03815570768226473,0.04314518720986915,0.0900630665685524,0.4951085614609705,0.5242921048115821,0.38001558258920193,0.049164422675106456,0.046607790904432345,0.042701179145921975,0.16252680696491364,0.226016816072526,0.39757782648830603
2015-08-25,0.038539670540730375,0.02934189756188077,0.06271249715804217,0.0,0.09085644812559397,0.03211532110458504,0.04088168080591448,0.03011101715927722,0.4613933226157669,0.5073139029185162,0.3297463311332307,0.057425195714066346,0.03194130032142439,0.0396351482913706,0.19296538805574673,0.20406799259814928,0.4317144729789394
2015-08-26,0.017068854366914632,0.02565502736132097,0.07043321098159327,0.03355548123809815,0.08460463015215348,0.02982812188238415,0.03964036990307129,0.3310102472049086,0.4613662621604379,0.4937246768469384,0.3575157400781322,0.056830322645070375,0.029407592687569095,0.03806399936617455,0.21337394565898762,0.22471034348688118,0.8242250633290764
2015-08-27,0.04170645152185215,0.03471897323239481,0.09148320637641782,0.042059466990598815,0.06042910205181341,0.0286147005121965,0.038515139471434146,0.3868358689617733,0.468773815896223,0.4846776579388343,0.3947347746416705,0.05560803782531776,0.02833683703794798,0.03689993722555096,0.20866001372636814,0.24030061754919857,0.6212701284518527
2015-08-28,0.040393115426206716,0.03387366072776965,0.09170135229591203,0.03401494700284202,0.047487812037966655,0.026295998649510932,0.037382303918153226,0.3435333556290385,0.46939749147415705,0.47759364412711514,0.41081972011009266,0.054022745890314305,0.026485889115100747,0.03515945116414976,0.20292497427657644,0.22741474734153555,0.4960510933608267
2015-08-31,0.032283844887264435,0.02527101849458957,0.08587468339291571,0.02489857007848917,0.04670499435004014,0.02217846070909002,0.035846102103273214,0.29779048740378794,0.463887848623191,0.47056949620906807,0.41131026373471596,0.05287889713581384,0.023363455802682176,0.03301166273680123,0.19449594315537003,0.21469246632555702,0.48723236394339453
2015-09-01,0.012280254777099486,0.007757850419189194,0.07043310707832295,0.010418924442513688,0.08363415068972403,0.016942619151997462,0.033802131484658715,0.23345908815893796,0.449576638255236,0.46142555576955335,0.393940595579004,0.053004486353820046,0.017568962811858158,0.030183938788133524,0.1956890458268061,0.1942529212155573,0.44505225863804876
2015-09-02,0.019076960144259747,0.012213116950762326,0.07800831321172397,0.020072072610454295,0.06301749409870741,0.012765526296223406,0.03214543517068369,0.3013478796097014,0.4467969745160164,0.45342581671926,0.40331622938882644,0.05036921816575468,0.015067859168381159,0.02757809281755208,0.18574047047557848,0.21038410406065347,0.632423543907706
2015-09-03,0.022861515740155935,0.016975464472297475,0.07626032054321397,0.01463280089089003,0.0463276601391646,0.008432829975274503,0.03028952343228608,0.2763789749422559,0.44166137393683547,0.44576120923645524,0.40606231140243254,0.049392799242828245,0.011449013688043852,0.025268752588934018,0.18086656491133976,0.19774067639648862,0.5143890876402696
2015-09-04,0.006796809857557151,0.0,0.06395075071362377,0.004443417790909732,0.059528325534199344,0.0050228175887827575,0.028354997229344536,0.23205673725386228,0.4311434822664077,0.4370391348395005,0.39739738349160497,0.04908980657230333,0.006229438270673904,0.022507252798094624,0.17866871859947822,0.18233864195199997,0.47695638035307447
2015-09-07,0.006796809857557151,0.0,0.06395075071362377,0.004443417790909732,0.059528325534199344,0.0050228175887827575,0.028354997229344536,0.23205673725386228,0.4311434822664077,0.4370391348395005,0.39739738349160497,0.04908980657230333,0.006229438270673904,0.022507252798094624,0.17866871859947822,0.18233864195199997,0.5565593718828475
2015-09-08,0.01845905413830362,0.016130489033393203,0.07808114202004146,0.0245921063367891,0.06219111207027128,0.005921477349625559,0.027374021159970674,0.3652462577175594,0.43948913029359393,0.4321168748836453,0.42853322118645754,0.04574402995957405,0.005532512300318149,0.020436020164277813,0.18244699026299296,0.198297131754847,0.716260722107743
2015-09-09,0.033133263054737405,0.025194096474436267,0.0745848274895321,0.01141493160303897,0.03531794596145159,0.007116980890928382,0.02572310102596642,0.3054843056622108,0.43729699375466813,0.4276391787680787,0.43217599579842536,0.04349010577428869,0.0029381697125150374,0.017980056127709143,0.19041669233634642,0.18795445721722456,0.45503931748887677
2015-09-10,0.010890272996675332,0.012289974190850983,0.0715987280305308,0.015245651758354795,0.04185259703789293,0.005199363970836202,0.02401633265660308,0.3292749294013437,0.43974571818612046,0.42466010351850764,0.44445575755338484,0.040936054943394584,0.0013035326044057438,0.015848554263099057,0.1854997918255563,0.19966270933954222,0.5866225914975055
2015-09-11,0.013438645077458733,0.0086026586564929,0.07290947052064423,0.01685412670666786,0.0352964989015084,0.002559569479105739,0.022337080305247392,0.33959518185014964,0.4441206912138098,0.4233543291670805,0.45816685476269636,0.0382369672360966,0.00017561866246129654,0.013895285317088835,0.17453293837654602,0.21000090198150206,0.5691144940705867
2015-09-14,0.016991506524777766,0.015592656779787606,0.07808099733064922,0.01984207157230833,0.03909933071768564,0.0010752221911083382,0.020664065463926296,0.35947584320708986,0.45099899168946334,0.42400372502625794,0.47418760085091355,0.03466438302556929,0.0,0.011967446838171969,0.16628921067509486,0.2211337907481348,0.5798294006681788
2015-09-15,0.023865290773822934,0.022044806280387963,0.08303391724888831,0.028116056286663138,0.03294670539648241,0.0014121945260928692,0.01933731295754737,0.41332897768973437,0.46376080378065615,0.4276662718166425,0.4988774850014178,0.028926691572158325,0.0020813592894576294,0.010051005699113325,0.16018606863492604,0.2309809356965622,0.6207276200334731
2015-09-16,0.02927125687333021,0.022582140527258043,0.08762228861857102,0.029724531234976093,0.02356160600946619,0.003434100752954916,0.018127459851481786,0.42368086251398523,0.47594215505350257,0.4335963811409909,0.5174579867903412,0.023557824534527705,0.00435756513182417,0.008421800302896743,0.14908763333665656,0.23886683111488832,0.568891058619402
2015-09-17,0.029580507343431095,0.033105628579524704,0.0912644146838758,0.031486850981622516,0.041172323105319805,0.004629588246045535,0.01678536607315828,0.4355243513770491,0.4876463439074508,0.4412230230243075,0.5313594451954472,0.017640013897756934,0.007436157186508807,0.006910367418550556,0.1472198102956855,0.2504329231091582,0.5700405563267605
2015-09-18,0.02610515987522688,0.021814477014446054,0.0834710089006998,0.02037845973621899,0.08107122702651258,0.005231340033579723,0.015440272284537926,0.3641374225959942,0.4891024470463032,0.4476829514334405,0.5217993464243962,0.011013467363477525,0.010485105951677842,0.005019080151613564,0.1427695552681155,0.23052896453083793,0.47178982869378316
2015-09-21,0.02448329927195181,0.02089275195394924,0.07706142712124364,0.018386598647039176,0.0331008561398241,0.006691631051538138,0.014083803570616116,0.3519720128217427,0.4894124357508127,0.45292723941821617,0.511838338187073,0.008878249629155843,0.010708402889949675,0.004030729034260716,0.1448444786423211,0.22064960595733568,0.5411232285679209
2015-09-22,0.01204854969839142,0.011982484491123713,0.07349222209253847,0.01922914408890819,0.05699422135778655,0.006129959673892071,0.012502713521597264,0.3587753374287956,0.490966085027119,0.45750530876123424,0.5063793149056498,0.008937507565147551,0.010989478115957296,0.004201554902224736,0.14027317610005255,0.2355220764174415,0.563106997672561
2015-09-23,0.01938571310816939,0.013979558612389753,0.07844514022807225,0.01731389893515345,0.02342018945796577,0.006747767697699691,0.01106468219834511,0.3457129255245431,0.49138924548612506,0.46127198188527163,0.4997307005135507,0.00745245854585197,0.014363357368353369,0.00512075727668182,0.13195490122490014,0.22766573349864055,0.5416930910793015
2015-09-24,0.014056665525049028,0.008142007785531757,0.07276395188438123,0.013406869308154268,0.0354727669254165,0.0065551891516911764,0.009568708910982715,0.31882367114033255,0.48941444324602307,0.4637989581936274,0.4895725732043867,0.0059103654503152026,0.013811650251122853,0.004051058764672044,0.12490960368947326,0.2172907052767038,0.5261511749808345
2015-09-25,0.01722311113391306,0.009601235043386835,0.06533449297468275,0.002068323792733917,0.05817179899279244,0.005006649015024123,0.00773105656191575,0.24800275342555095,0.4799590526279699,0.46349182783661735,0.4663497852207731,0.0027622249756882322,0.012806783807960853,0.0019279116952330977,0.1296180374677214,0.20217215073287395,0.46782545148137916
2015-09-28,0.0,0.0014591946971334036,0.05907048094342582,0.004902883555653603,0.08188688552497711,0.003442044617977813,0.0059050057085364704,0.27585434334683384,0.4754770982505189,0.4621422899082531,0.45780825419164733,0.000757962559819636,0.011778645459291748,0.00038233966976208844,0.13205045027397252,0.22224656140561208,0.5791030344309754
2015-09-29,0.011893997179454385,0.015054838788392866,0.07312802223869841,0.017696901996343106,0.06303491983491125,0.0023508303834446354,0.004247648791748215,0.38981101973491133,0.48248034175397125,0.4627874463742846,0.47415286308701327,0.0,0.011794819622528041,0.0,0.13721874895127442,0.2383813857909341,0.6579000059861912
2015-09-30,0.026491354740140638,0.019894255840664954,0.07866381713980686,0.020072072610454295,0.059349376627798336,0.0013399133784909312,0.002810373613038375,0.4090977871337152,0.49051691939304265,0.46528285201798203,0.4893138818640712,0.00023891072107029565,0.01257498338463181,0.0005124898066110051,0.1362957155323504,0.25374602441848804,0.5750352612176267
2015-10-01,0.021085027420769675,0.015131912307861484,0.07261839535599557,0.018693062388739246,0.05067538132202358,0.0,0.0013402129711403976,0.39832413768277103,0.4964302512460906,0.46873553554297726,0.49715785666941287,0.0001321213399846366,0.012538508719031949,0.0004392775581769648,0.1374752493409603,0.24019403246797263,0.5458680043576738
2015-10-02,0.01112199637046174,0.016053749200475198,0.07320112033067738,0.02451556701729951,0.04191023601149026,0.00043328568030720493,0.00021836471671676794,0.448122348355461,0.5060629603459809,0.47387006447128716,0.5109389679097525,0.0008929219185723758,0.01280456310232203,0.0009639578814031324,0.1389585624564568,0.2519143296848835,0.6017880457593865
2015-10-05,0.02695474568325773,0.0225825934435,0.08951648407194512,0.03087415334602861,0.04895492498220563,0.001741126706781615,0.0,0.4987986075934748,0.5189056563353115,0.48114063812678176,0.5284418073155954,0.0019285591773566813,0.014547031276647915,0.002367177050690672,0.1283093837409575,0.2651067895677155,0.6055526274901958
2015-10-06,0.029503412669787066,0.021353653100749104,0.07859098528445663,0.020608307542494098,0.04189079961341674,0.0018855686403941307,0.00016378036194686363,0.4117825868076594,0.5215351791437867,0.48760470644117765,0.5218332689804407,0.0015354072379596406,0.014529009387684644,0.0021556754516117715,0.1309322731723566,0.2533905540687489,0.47815328252642736
2015-10-07,0.0274953305070883,0.027191218194301925,0.08485489466163887,0.032559550693508243,0.04880814666571942,0.0034822694617752115,0.0013238507675751299,0.5022143859298314,0.5329473820577451,0.49558660405188315,0.5342704254129309,0.003310839388270592,0.01494587069767317,0.0032782524140710922,0.1316219919531558,0.26655234097814007,0.6491470811842793
2015-10-08,0.03097079522979196,0.025501346454717688,0.08754980664347678,0.03332563343182304,0.033348837770417264,0.00556839260962505,0.0013156614765014174,0.5076399059293561,0.5426453537776953,0.5043605773877471,0.5407607268744485,0.0051063573006288054,0.015016056118651755,0.004238126452070112,0.12634632588566916,0.276483521470241,0.5623968281780435
2015-10-09,0.0342919015177916,0.03133909811792357,0.09461504372927731,0.03554741894321345,0.041183716855914626,0.009074710317332979,0.0010836424818011503,0.5240099526007345,0.5519914590698702,0.513681552233157,0.5452428800122047,0.007138700557440036,0.014907095312942653,0.005230561412826851,0.11941078378197531,0.2880519944715817,0.5734712991400803
2015-10-12,0.0337511761780962,0.035256400021659084,0.09607172284683785,0.04029714724395239,0.04586319724726985,0.012781606604815088,0.001307472185427705,0.5586757731393526,0.5628685842946612,0.5238171939961661,0.5519182946449236,0.00993756306182636,0.014194553868376758,0.006316530217282734,0.11597719793277131,0.3005983610828036,0.5926037123798907
2015-10-13,0.03158875629208824,0.03341304854901628,0.09119171803909798,0.036160269810678214,0.07135838975473946,0.014715303833499171,0.0017087174206389388,0.5171110881680601,0.5680956766571273,0.5332130566113116,0.5458565135145657,0.01111035796578741,0.013839931473141887,0.00674360098855209,0.11695937291925632,0.28272414100267845,0.5253685485312374
2015-10-14,0.03483242357829208,0.03133898885014885,0.08980774683592119,0.029111986831253045,0.04535382957361904,0.015662068110313676,0.0023747360850814303,0.45071635464123455,0.5666331162994942,0.5403695414912912,0.5275069591401641,0.01104042402268568,0.013846946184473907,0.006711080741525599,0.11709540475127148,0.27028421941344305,0.5031167792454272
2015-10-15,0.033210519150432716,0.04201575340385477,0.09519763768753464,0.049183982825771855,0.04991132981154736,0.018855429632545606,0.00341196985436798,0.59243132793836,0.5804713129656693,0.5495028557947874,0.5437051817205312,0.014784082695856515,0.011866151974115557,0.007650629116686458,0.12672642741160764,0.28367654383097873,0.7102336158486544
2015-10-16,0.05537650011856399,0.04938963101023486,0.11369816400391564,0.05753450685961625,0.04946496287647968,0.02231355455911499,0.0049405228713851335,0.6387098660739308,0.5972684939018484,0.5609463841130164,0.5626351715182123,0.020967700909207077,0.00943721354608762,0.009623259710707432,0.11956970966218308,0.2969755887950367,0.6187680683543506
2015-10-19,0.05676673853752101,0.04854473715474672,0.11304263840634332,0.05523625864467174,0.0443049342982723,0.024865035739288444,0.00675023062954494,0.6165293263513756,0.6081333030043248,0.5727770353904377,0.5658072731595423,0.02551675771113704,0.008662370338303749,0.011579624079855466,0.11069349900003575,0.28475485991554983,0.5396281315729182
2015-10-20,0.0559943727653337,0.04892883217352406,0.113042652213729,0.05255485413666672,0.026318893653412827,0.02821084725300438,0.007746520673226565,0.5901407583475307,0.6139364451749305,0.583670777466886,0.5581302001686133,0.02885829315597155,0.008758750887677191,0.013348900423739818,0.1025483562855159,0.27629276078610204,0.5367449050565394
2015-10-21,0.053600095169827666,0.048698344433473206,0.11129452741754864,0.05286124126243141,0.033141739597840815,0.030337074883060366,0.009223219099165125,0.5921498770583045,0.6179689928019998,0.5933789230796064,0.5484153733952448,0.03176335348957582,0.0095418133182682,0.015236124185138533,0.09702171894904793,0.2861806629732111,0.5588315656718092
2015-10-22,0.055222139779878554,0.06091147809056352,0.11173167194990274,0.06741742621789648,0.05209624904326006,0.0339075613671197,0.011082057144239932,0.6785404910379538,0.6313529526072361,0.6044416946991622,0.5595152352805655,0.03712261931296934,0.009756130281955433,0.018103567985240043,0.10672878831956836,0.3000295805113731,0.6644650956212245
2015-10-23,0.0709003849272053,0.06913017853041803,0.12921239034453758,0.07339293286950044,0.047344384824596554,0.03787118090464314,0.013096488989951305,0.7086704847197138,0.645416932713852,0.6167556452427043,0.5697674474631137,0.041592587161141004,0.012729595268849203,0.021890222294944972,0.1028432522599543,0.3128854780417925,0.6000104785481495
2015-10-26,0.0722134700953917,0.06452158123104357,0.1289211058876587,0.07055844972251624,0.03650490668518262,0.041040494180942355,0.014903472443947297,0.6771733155974697,0.6531858096784633,0.6285201557560476,0.5652653129856264,0.044381804113941214,0.016834454773460905,0.025375904667410354,0.09409488297759624,0.30229475859109367,0.536108594055193
2015-10-27,0.07120930083254995,0.06928380948153501,0.13045057817893801,0.0724736182603356,0.045362542441720964,0.04484364764500437,0.016483896430625422,0.6877988775808661,0.6595287406503291,0.6394939265652623,0.5587859589360379,0.048105608760002916,0.018817869646067797,0.028284024198626967,0.0896570281146496,0.314736500950442,0.5704284557006577
2015-10-28,0.07530272874041344,0.06605781621837237,0.1289939320630541,0.0746954037717259,0.034458723122477455,0.04961766980055615,0.018086172175651893,0.7004130930249697,0.6649142483550001,0.6495993075811888,0.5516703368237474,0.05166241923458759,0.02095728978807654,0.031184000448474358,0.0834024461339766,0.3248996195430819,0.5726087396278721
2015-10-29,0.07545709147361068,0.07412283820398269,0.13350970025708597,0.08151360909706973,0.028322183096231614,0.05300360184469066,0.019868585026663,0.737555564166096,0.6729669443766362,0.659666862564501,0.5513603887380253,0.05565965530144246,0.023514082659658042,0.03451917041309471,0.08176497186855,0.33378035573926346,0.6056694449472803
2015-10-30,0.08364396372069482,0.0786548977236241,0.1399923117623999,0.07890897375636052,0.0563347242645334,0.05524218300813055,0.021953979809291924,0.7038266977423044,0.6758861198592965,0.6684398527597694,0.5407526709794859,0.0587135439090688,0.02614800676999307,0.037406939876034384,0.07733490808421489,0.31904570357078227,0.5379634508654303
2015-11-02,0.0809410330697331,0.08034492476424127,0.13875425624933324,0.0876428073151363,0.02803532866949142,0.05863617125477305,0.024421522400348117,0.7510778410821075,0.6833312616349834,0.6772918641978847,0.5414001743325754,0.06335695049917944,0.027394355838139428,0.04042081224057714,0.07700375455271521,0.3278664944124767,0.619124839960631
2015-11-03,0.08603820884903568,0.0800375352571796,0.14072069633728745,0.08603379605527528,0.027574887101336015,0.06214247291426889,0.026801718012811948,0.7296741973907817,0.6864098331274787,0.6851316762435566,0.5331061703788385,0.06553656027114896,0.03210379016071352,0.04389427969098858,0.0736896890242531,0.31914192426828847,0.5451617116235369
2015-11-04,0.0865017668306366,0.080728927341568,0.14494535084032723,0.0858807174162961,0.023306251952017562,0.06560065400958093,0.02924469819017428,0.7275315470953787,0.6871341034609584,0.691581902073428,0.5217198430860629,0.06814958933628879,0.035078589693555595,0.046725123468232876,0.06585994477881349,0.31130939142019504,0.5554727839263456
2015-11-05,0.08920490307045748,0.08149701016004995,0.1429787095348536,0.08886850905006582,0.029695465153219136,0.0678472592791044,0.03193333526163833,0.745395013701845,0.6883826671981583,0.6970495840062314,0.5136688374958212,0.07061256694259255,0.03844452252399044,0.04967391873056448,0.06217800062697715,0.3204771089980218,0.5777715722088352
2015-11-06,0.08395299720917981,0.07711872780318263,0.13889983689724272,0.08572740892951058,0.027520599230854807,0.06913906814162363,0.03491404066948267,0.6981229928901891,0.6853892827820511,0.700686506871042,0.4986675214886866,0.07195523808646775,0.04239609713586301,0.05233799607781009,0.06263857750125598,0.3117638836522295,0.5343437302533216
2015-11-09,0.08256261867225656,0.07458376263766864,0.13664175144559332,0.07745327098328503,0.03023365231366861,0.06986117349630716,0.03749895218020716,0.585079585782708,0.6752217425445464,0.7010919427037711,0.4721885822395387,0.07205227824074867,0.04624782527075,0.05431063073940401,0.062096504613374626,0.3024836985051197,0.49780456096639986
2015-11-10,0.07955053557752034,0.07588961276919548,0.13758862027662,0.08212653658046987,0.020101927152380017,0.07087213864589725,0.03979452784800652,0.6219526681720575,0.6693481965465133,0.6999697309793524,0.45967097456906386,0.07149388513686428,0.051712918144010245,0.05675099970066333,0.05878038232828628,0.3096466081293744,0.5900997398901212
2015-11-11,0.08557483975188174,0.08049839693014271,0.14356133570951546,0.08526771331696048,0.027946859547225755,0.07197939306849155,0.04211739569319073,0.6457471619963282,0.665746304846949,0.6981848733118273,0.45424122612909795,0.06845054999045297,0.06082592317064972,0.05973233148031376,0.05405251423530949,0.31844891115146057,0.5789682702960348
2015-11-12,0.080631787345257,0.07473742023183949,0.1342381283095304,0.07308646912780037,0.032196058298470685,0.0710968055921345,0.044055388696020215,0.49844594323972996,0.6523688747856642,0.6934623402198739,0.43016979142275213,0.06712082044733514,0.06474028136035093,0.06100132480449483,0.056742345484726786,0.3087586325512238,0.47000916986822966
2015-11-13,0.0721361509649141,0.06959109101871552,0.13074195890560036,0.07009867749403065,0.04291154562258804,0.0701740895612527,0.04567947798270344,0.46708234090393935,0.6384428195080745,0.686254549176724,0.40980548432361397,0.06651425397543942,0.06670249315226706,0.0616683620514773,0.05497252944970418,0.2968290868305658,0.5349938741652941
2015-11-16,0.07476212277182104,0.07227954430191164,0.13292714538029982,0.08036459991350053,0.024402062670990037,0.06941183157972652,0.04744278248787581,0.5553583906130628,0.6342763563932206,0.679462183148922,0.41320949419113473,0.06586380045710816,0.07004629536992268,0.06300243654544246,0.05536592364963888,0.3048906165351697,0.6309468139602381
2015-11-17,0.0747622034365708,0.07550568954117753,0.13540364347595535,0.08250976948946587,0.020167608773456046,0.06904275479630118,0.049648281413391726,0.5721409284321874,0.6316578000330172,0.673383381797404,0.419056472850211,0.06423240582771694,0.07491566385594561,0.06459275594271308,0.054955225461185475,0.31206725196489105,0.5718976081150047
2015-11-18,0.0836439170935297,0.08387802701205582,0.14217733631907614,0.09147306777483954,0.03373555507001794,0.06962845034756182,0.051747322284713015,0.637165450332194,0.6354419538005075,0.6694523172349452,0.4366551174977281,0.06278728574498949,0.08051355258202542,0.06664267449342576,0.05612568228750631,0.322079246638158,0.620471296142448
2015-11-19,0.09237146018126596,0.08295640685442407,0.14764021998962962,0.09009421078499535,0.020439048125862065,0.0697568199966887,0.053769940691734575,0.620292932616235,0.6363721631549387,0.6665365612637282,0.4449745983558352,0.06340511657756265,0.08228788572676993,0.06784659478296895,0.04877467249937975,0.314845887216457,0.5468396054013062
2015-11-20,0.0968936566744455,0.08969904594946032,0.15414738951339035,0.09580523922751216,0.03724147915010663,0.07081228683861895,0.055916877996782355,0.6601942454707186,0.6404215690057282,0.6652012603490525,0.4579249128744163,0.06561559326543565,0.08239065947955415,0.06903647381013134,0.04629196485931522,0.32559053177131797,0.5968879512513535
2015-11-23,0.09611548079360699,0.09124641392969646,0.15407390480446725,0.09804311408534172,0.030935373306184927,0.07296869313165566,0.057974319999212987,0.6752652762989628,0.6442400776641649,0.6650734571959593,0.46781919979403097,0.06765055817460197,0.08321402891819285,0.07049564651514062,0.0415439694825267,0.33501735894213813,0.57224807293169
2015-11-24,0.0916030359948824,0.08962161664989976,0.151285787941706,0.09240946773760417,0.036041114013911094,0.07404564050557205,0.059978433338171655,0.6012345882409122,0.6418768141899276,0.6643891806968151,0.4632594340336939,0.06826737531313509,0.08469788685303503,0.07155404937661969,0.03879610181100254,0.32452356048514275,0.5171759318936296
2015-11-25,0.09440406167246773,0.0860623767485964,0.15238652081469906,0.09179217314588473,0.022022779458542162,0.07472895733144691,0.06221167758184509,0.5932523441387414,0.6384937077537236,0.6630085545188646,0.45755351578051257,0.06875609595878751,0.08601196607889539,0.07246172424887898,0.0302847071155313,0.3169592410806074,0.5522131453498164
2015-11-26,0.09440406167246773,0.0860623767485964,0.15238652081469906,0.09179217314588473,0.022022779458542162,0.07472895733144691,0.06221167758184509,0.5932523441387414,0.6384937077537236,0.6630085545188646,0.45755351578051257,0.06875609595878751,0.08601196607889539,0.07246172424887898,0.0302847071155313,0.3169592410806074,0.5565593718828475
2015-11-27,0.0952596054997169,0.08830604511538065,0.15113890895065185,0.09495610481519656,0.001601157068883934,0.0770193982925057,0.06384250119555468,0.619609002401931,0.6372118547199985,0.6615883536865604,0.45722923941547133,0.06996174424742896,0.08619759489328294,0.07317539215401192,0.02687553179460911,0.3202559554589209,0.5788533487169613
2015-11-30,0.09681589943750146,0.08722296707300936,0.14710352666743687,0.08623544919731396,0.04603611416806184,0.07870942749174614,0.06486509251240125,0.508284529929022,0.628596353224617,0.6583303328679978,0.44217006595016395,0.06996701266570471,0.08697139003780519,0.07356435790037252,0.02771567284252402,0.30767345356391934,0.49535719736939454
2015-12-01,0.09098053364202918,0.08730013826616956,0.14622292511389345,0.09487895256822365,0.03639834160608989,0.08022953822055856,0.06627752957128441,0.5827946738471921,0.6274749056079525,0.655447721610612,0.4452461875205941,0.0708353417460692,0.08684499707324256,0.07394852797803486,0.02976582059548044,0.3182419035955447,0.6178971440869566
2015-12-02,0.09697147818956331,0.09070493599525264,0.15260655127305767,0.09248669660051256,0.030217567018711214,0.08127443731477657,0.06770026875833823,0.5538252843194642,0.6238855232564473,0.652257625168965,0.44272664112191246,0.0713881367332806,0.08696089493077619,0.07429111525577836,0.027468434340526593,0.30896507987018185,0.5397687115350516
2015-12-03,0.09518177858140475,0.08637159743719713,0.14027957720388406,0.0827623722285622,0.06631028802061062,0.08036215262180368,0.06876562182340817,0.447062185974423,0.6128543951203185,0.6469887576762644,0.4256931046022623,0.0713385189098028,0.08668043297070971,0.07412556096256684,0.036277748829416034,0.29214578598163876,0.4880993970364837
2015-12-04,0.08841307257906283,0.09124645482073501,0.14739691365001573,0.09943231422646825,0.038406992813894474,0.08134014671949596,0.06990628633895546,0.5809032108176597,0.6160943572485296,0.6435716145082812,0.44086621079566013,0.0728781982390726,0.08621520696173302,0.07468639794318122,0.045923403889991804,0.3031339935539135,0.675384167294687
2015-12-07,0.09782715530411545,0.09503790624645903,0.15708220117266247,0.10228779013975897,0.03450295768361029,0.08201907435934297,0.07093578668770473,0.6001699075180547,0.6200233346664548,0.6418055442402786,0.45439517086279835,0.07501841613843385,0.0857680789419083,0.07556559573608679,0.04198336496677299,0.3133063560563576,0.576486400744689
2015-12-08,0.10070574696442625,0.09310333753439004,0.1520193368643098,0.09534186605006156,0.03947934581105408,0.08173616845115039,0.07181879972749106,0.5281461401803966,0.6170294321394497,0.639655337742021,0.45124754260270006,0.07545571993061029,0.08721943177393598,0.07651530897645331,0.04340536745001253,0.3020940537009533,0.5082606050730103
2015-12-09,0.09417027758162255,0.09387708719056342,0.15025831563752767,0.09325814245430719,0.03908793696709082,0.08182505147423935,0.07255933548117688,0.5073439335691479,0.6123255680639714,0.6367766860930423,0.4452786327166969,0.0758002158093849,0.0880478898900936,0.07710629074139697,0.047265897448787314,0.29096354594139134,0.5419427900780972
2015-12-10,0.09541525823806374,0.09387719719834342,0.1512123115492311,0.09703982841095105,0.029251108880021123,0.08237464657222959,0.07335544922361648,0.5380049787012924,0.6107746769234629,0.6340918051033729,0.4468663975646397,0.0765869376451791,0.08848814444052056,0.07773127741755292,0.04958050922570445,0.3000384042434588,0.583156672799857
2015-12-11,0.0959599448166022,0.08637168893120384,0.14849753193891346,0.0896310674553511,0.03807925492913757,0.08181694712709486,0.07364466768670286,0.4629763034959901,0.6032425419720814,0.6300888560026314,0.436066092598898,0.07542430624155505,0.09144750375830446,0.07860963729039738,0.04850560854310906,0.28911868563927795,0.5047009417704299
2015-12-14,0.09035796353950276,0.08575247520467855,0.14372806612917666,0.09325814245430719,0.05714703165988179,0.08255244471483192,0.07415591693914347,0.4945584162460713,0.5994622661190134,0.6259554752715503,0.4349973303907736,0.0729468085350855,0.09646720205476889,0.07983918329054307,0.05043864920680921,0.3040230896059797,0.5821871752077205
2015-12-15,0.09813850852102202,0.10432339195869333,0.1574492194972834,0.10853911415889306,0.04804342493461997,0.08398309468491727,0.07490043541805502,0.6074555829192392,0.6074845066029881,0.624624520145681,0.45796052244878693,0.07517674899998683,0.09716275009618769,0.08133498042384846,0.06229722203733132,0.3170250689231517,0.6640332889110827
2015-12-16,0.11362091094533266,0.11051324841320409,0.16383239684570605,0.11718246429793178,0.0406415083717258,0.08656952084708502,0.07601023722530931,0.6588333407937785,0.6196388017940442,0.6265531644570339,0.4846698159158153,0.07984674429354943,0.09603157373695048,0.08317576877060617,0.06773941005721343,0.3284802339997725,0.6161937344852984
2015-12-17,0.11766696950475786,0.10873388240106452,0.16463977789278106,0.10475750481818458,0.04440814827424891,0.0888731052939089,0.0766828018630834,0.5382218217356727,0.618946954717478,0.627925689042122,0.4801129477307271,0.08097874422027118,0.09627638845630715,0.08388104527241003,0.06947105839262532,0.31623793599740946,0.4717461858658453
2015-12-18,0.10148386429807366,0.09186542866559555,0.15231287779785185,0.0917147144351701,0.08613072251123624,0.08806482906399282,0.07678420985444923,0.4345946809227102,0.607730761474243,0.6262613397963483,0.4552286771530049,0.08094830161027666,0.09648015580950087,0.08396707851129148,0.07166536639879995,0.2952766702204364,0.46614583435221635
2015-12-21,0.09572647659297184,0.0906274118486956,0.1442418368243582,0.08885931513781486,0.04160059408356042,0.08665844399070455,0.07689579713461947,0.41389547799160525,0.5961068770152457,0.622067083663334,0.4344985148134391,0.0809281817155938,0.09576216050369368,0.08359831640057547,0.07741540715763165,0.28362108037215417,0.536437422540718
2015-12-22,0.09238118208561019,0.09031805886046262,0.1464432222949037,0.09758027721943918,0.02323453834533251,0.08689287627404552,0.07761290605630722,0.4777763435396332,0.59305730723033,0.6179606185182331,0.43521787782263843,0.08089140108440895,0.09575088739719761,0.08357374419140906,0.07943284127832659,0.2914386268816258,0.6182396854614677
2015-12-23,0.10171729311428879,0.09643070933988795,0.1581094313988246,0.10359976141797711,0.02290009825434336,0.087975970113222,0.07837797965581372,0.5184610197318442,0.5947157157280794,0.6150838858772303,0.4452943571479284,0.08176666324942217,0.09603789682428909,0.08416784171735603,0.07378294272010993,0.29918628383060897,0.5986646804803779
2015-12-24,0.10179524403988649,0.09828794635820448,0.16009067539844968,0.10537495264177488,0.002891331768591585,0.08884892063817262,0.07909438429846916,0.5303624609241513,0.5968316303351392,0.6133036156731981,0.45427881599591025,0.08281470881823694,0.0964010741210245,0.08488895734885604,0.06795066068302547,0.30275261224487504,0.5688829598052959
2015-12-25,0.10179524403988649,0.09828794635820448,0.16009067539844968,0.10537495264177488,0.002891331768591585,0.08884892063817262,0.07909438429846916,0.5303624609241513,0.5968316303351392,0.6133036156731981,0.45427881599591025,0.08281470881823694,0.0964010741210245,0.08488895734885604,0.06795066068302547,0.30275261224487504,0.5565593718828475
2015-12-28,0.10226197266185044,0.09488324376966639,0.15950360815036446,0.10151611443815811,0.013056567961041416,0.09009366009440489,0.08010730952208511,0.4960035068507454,0.5950179097706426,0.6114327091581646,0.45353613829089495,0.08324677677740899,0.09665294052315965,0.08523723109380943,0.06146033245264057,0.29706200534578103,0.5298302686224462
2015-12-29,0.10350669049886085,0.10045434692544186,0.16251181016168603,0.10776720860948585,0.014175836401826751,0.09161321715989756,0.08144940875993623,0.5408695938369992,0.5977975210782449,0.6106205577317511,0.46221162155694867,0.08412720217083791,0.09803452291434356,0.08638036150320116,0.05719202494050041,0.30298651117476644,0.6000687174652174
2015-12-30,0.10949749514567786,0.10161492910489534,0.1639058948161629,0.10583778950767753,0.011614253179861747,0.09133030322759883,0.08235699786223472,0.5225055291635201,0.5979530136573653,0.6100091319246591,0.4638563756367272,0.08493559816964147,0.09836591329509015,0.08696217089077829,0.05166545329560973,0.2975973117589815,0.5432346423953625
2015-12-31,0.1037400956423219,0.09604377317880186,0.15774251821253937,0.09765719961860586,0.016606056381639707,0.08928539188859486,0.08289668852257437,0.4481741065073443,0.591319766399287,0.607886328624804,0.4514720855510478,0.08493682043618411,0.09891457802356907,0.08723667512978128,0.049269291867815035,0.29116495112772894,0.49992743713028187
2016-01-01,0.1037400956423219,0.09604377317880186,0.15774251821253937,0.09765719961860586,0.016606056381639707,0.08928539188859486,0.08289668852257437,0.4481741065073443,0.591319766399287,0.607886328624804,0.4514720855510478,0.08493682043618411,0.09891457802356907,0.08723667512978128,0.049269291867815035,0.29116495112772894,0.5565593718828475
2016-01-04,0.09082485685464625,0.08203842057925259,0.13396944734375893,0.08036996302898036,0.07109633349105858,0.08673124670520171,0.08250109389820393,0.3215983211664743,0.572551172155149,0.6015656815583706,0.417074778995545,0.08535159570001616,0.09823212437956541,0.0871096610918014,0.0683432429126534,0.27334549421023113,0.43564970941639686
2016-01-05,0.08203329130118198,0.07917560284429892,0.14218742509730875,0.08361143002494231,0.029170012184610926,0.08588257712526037,0.08227011767323367,0.3496550836274213,0.5600253244688983,0.593424248059207,0.4021551791768552,0.08590427004865475,0.09597914459315104,0.08626972351456819,0.0634858407719519,0.2824034053443244,0.5797361142833324
2016-01-06,0.07612008807444093,0.07553866203826987,0.13506999952095644,0.07967528634248167,0.03765902659837565,0.08492071950490243,0.0816954205233178,0.32295634914926047,0.547101076180763,0.5837280657208369,0.38941550247311985,0.08643119127413035,0.09303039391936607,0.08506921591886552,0.062981049256668,0.27157150388328244,0.5285327898383814
2016-01-07,0.07215230085551028,0.06872956164157873,0.12978724371532047,0.0706459451207716,0.04904808564883388,0.0820998450111814,0.08071928159520503,0.2658412142288347,0.5301573228122741,0.5717981445300887,0.37111215333899583,0.0884499516189623,0.08832064570289189,0.08375809880754181,0.06387992340673354,0.258359575766166,0.4919409894328865
2016-01-08,0.07658703439801573,0.06756892756753918,0.12222974996764668,0.06246535523169994,0.051283941647911654,0.07779177467180332,0.07965239713270433,0.21972584640945314,0.5108998309040154,0.5575113954796276,0.35180020775528115,0.09130661303290244,0.08209782618827743,0.08212329643072369,0.07038151244779081,0.24468041002622465,0.49732472981566134
2016-01-11,0.0638273386518392,0.05743236007500496,0.10924258172048273,0.05791191695751985,0.04045786792096222,0.07282089712170015,0.07844527106056631,0.19566582008272349,0.4927941538766996,0.5416228577151856,0.3386750843596432,0.09371817813034478,0.07544778586718859,0.08004597870753205,0.08091289017721864,0.23326362118121477,0.5232324446769253
2016-01-12,0.06188242174569458,0.0574325102756289,0.11775403656435135,0.06308280305529024,0.031031885075929293,0.06879571664230255,0.07730965114832045,0.24885121492521317,0.4831568278185766,0.5265385083123862,0.345264637268693,0.09494961360206322,0.0713534555235712,0.07863651988109133,0.07935868398366339,0.2427106168825166,0.5946342995648667
2016-01-13,0.0657724777206471,0.060140695584522175,0.1148190057738635,0.05366731751903808,0.0413914852491143,0.06312975090270001,0.07614927500915858,0.19689790878787095,0.4692247646237238,0.5110397845666768,0.34186923665486013,0.09673107151755667,0.06530437967172942,0.07653462588115989,0.08524318537752462,0.2310987255169446,0.48770290890523604
2016-01-14,0.05495800199913625,0.06393227664068346,0.1159930986000679,0.06809923142724372,0.05394873884585327,0.05917733301726924,0.07519513524663346,0.3300261532986551,0.47013492653284106,0.49886496388387824,0.3691054367073738,0.09459349594369071,0.06320899765758814,0.07438765503600675,0.09393146423090176,0.24533476679296273,0.6634286935231698
2016-01-15,0.04927805987973155,0.05255737374899194,0.11048971694079257,0.05351270656135043,0.07069017979338438,0.05455401159807505,0.07380652356524742,0.24967446823991774,0.46070139722101694,0.4868017800238435,0.37002019347990167,0.09135777469261175,0.0597760871917008,0.07100740009101847,0.10366053606200057,0.2276001857745752,0.4505876996362579
2016-01-18,0.04927805987973155,0.05255737374899194,0.11048971694079257,0.05351270656135043,0.07069017979338438,0.05455401159807505,0.07380652356524742,0.24967446823991774,0.46070139722101694,0.4868017800238435,0.37002019347990167,0.09135777469261175,0.0597760871917008,0.07100740009101847,0.10366053606200057,0.2276001857745752,0.5565593718828475
2016-01-19,0.06141563626733182,0.055730263882691644,0.11525936971081119,0.057371851228708914,0.06932024883951299,0.05214538357850962,0.0729018798779717,0.28225600191861683,0.4572314612727511,0.4762966432378092,0.38278689605682487,0.08934142281125967,0.05681687561386595,0.06849167527029554,0.10165394435495334,0.2450484857075148,0.5851425074678664
2016-01-20,0.04725546254820456,0.04698646854393984,0.09786971107516773,0.04386607074792093,0.07084433053672608,0.0479827902824288,0.07092209965255669,0.21491776039444638,0.445331212389643,0.46496169293732204,0.3759873695790212,0.09002236316477363,0.05102512144438631,0.06595137010525998,0.11405521223259266,0.2272816910640524,0.4570405106060078
2016-01-21,0.04461014140197017,0.042034307050387576,0.09603537057674671,0.04533242313602048,0.061335240334413274,0.04438600880273336,0.06889282608165603,0.22785039315029004,0.43829289822650896,0.45416030854593203,0.3803594308474517,0.09011989884626614,0.04629502895615634,0.06364050860429804,0.11961076279376823,0.24306132521811422,0.5675618356019905
2016-01-22,0.054335459494482485,0.04551625849550189,0.10828874165197111,0.05158359392328371,0.041989992265654,0.04238957911268704,0.06733375430657074,0.28288141658619076,0.4387652649734302,0.44563553740375544,0.39901409457386017,0.08801619403407357,0.04357368423288377,0.06119852481651378,0.11294750736992137,0.2547982894845203,0.6033708134537441
2016-01-25,0.052001292184274295,0.050158839461878935,0.10894901904463328,0.04888234588800355,0.04849247275218056,0.040967009417428035,0.06575268063613404,0.26769734073375845,0.4383412822665668,0.43871130033390165,0.4121289373835274,0.08441855402071563,0.04146638889075982,0.05829355358688548,0.11164537229062413,0.24170247047691287,0.5365006213648611
2016-01-26,0.05620262785209473,0.0784015996094869,0.11702009397808877,0.08577215263579885,0.1015498181691449,0.04388485523317043,0.0653512224793551,0.5180482983657548,0.46718331276662045,0.44027524125887735,0.4816814211873304,0.08105268600179338,0.042854662335364946,0.05725283246572199,0.14257998003433245,0.2658859391168088,0.8314878933577206
2016-01-27,0.08133301436641971,0.09418679765971405,0.14160040174688115,0.09333552454908645,0.11538250161188059,0.04705326980958824,0.06548320928358997,0.5551923690376857,0.4964309301116561,0.44872961412941903,0.5381419073584639,0.0794981107800874,0.04358873396946694,0.056818521414314205,0.15127621972493946,0.2929600903998355,0.6102639422060987
2016-01-28,0.0969714004327078,0.09155601683643877,0.15157925153556107,0.0941844291135957,0.0715433706467495,0.05129668992625003,0.06551621212661707,0.5593856287891694,0.5205813405521997,0.4614409720615422,0.5730238201469368,0.07653463863269361,0.04520205971610525,0.05609740578281419,0.1427420583450881,0.3108729668300504,0.5625292896320098
2016-01-29,0.10000561256877893,0.10478749301307455,0.15730230537583334,0.11093144674253941,0.090477773473472,0.055782574456442746,0.06560144899787601,0.6362161425018222,0.5524950636283018,0.47946989771623494,0.6165961914055201,0.0778723129548482,0.044363484272625486,0.05636783024598635,0.1474208827855993,0.3327426568341345,0.6742060308847166
2016-02-01,0.10560749809930114,0.10509709410849288,0.16163145806225288,0.11039130439779299,0.05153192327850481,0.06173955847548862,0.06535948547404846,0.6320737515417141,0.5770441321838089,0.49993908099005163,0.6365917639105516,0.08078312782991115,0.04271423125073737,0.05704388937013016,0.14287473646795554,0.3190116691755945,0.5528437478579437
2016-02-02,0.10319539581389592,0.10099585107919651,0.1600170048175017,0.10298223697845132,0.05697813606282916,0.06651640511638202,0.06529623411955887,0.5749911689853093,0.5903448453371657,0.5195901804202426,0.629888350843744,0.08424606978172888,0.04154587108054297,0.058244384763113555,0.1366996106755405,0.3041425601372356,0.505558427581237
2016-02-03,0.1059185843627779,0.10192445172841957,0.15275312973665023,0.10861611317399511,0.05397755833265194,0.07329777777036006,0.06589841726008172,0.6028659956040401,0.6045523785311859,0.5388101480405786,0.6263556388482471,0.0883146550806303,0.04000700825075565,0.0595718941940766,0.14073534893340414,0.31838462396055034,0.5957006713353644
2016-02-04,0.10560760014252313,0.09968072756761825,0.15803625980186375,0.10676415278290141,0.05545472458623929,0.07973161836574738,0.066536352115669,0.5878946622963144,0.6136430153212898,0.556425000509523,0.6132032584860072,0.09205439297652052,0.03902914886870357,0.06101005381639213,0.13510318627686832,0.30383386957347475,0.5437830878093742
2016-02-05,0.09821633864408941,0.08946685456168568,0.13639096714739052,0.08083318297455999,0.08985848961761232,0.08279497332121144,0.06593966671922014,0.4113585666800112,0.6003975250733373,0.567254730191463,0.5576056799435424,0.0926243232053614,0.03952454290931806,0.06155089867516339,0.15635085346837532,0.28209359430664793,0.37725391117357887
2016-02-08,0.07993219928645168,0.09519237047218321,0.1396189942931273,0.09210032243816424,0.08182656566888688,0.08732125922553546,0.0655299510272751,0.475339123484346,0.5979555776008159,0.5753171013506723,0.5349298290190224,0.09435228525003114,0.04089340707276112,0.06312423188712035,0.1679715230881886,0.302155399647835,0.6370722054452038
2016-02-09,0.08771283115717887,0.08536575346064323,0.14512236099023634,0.09186917216098689,0.05314581453923002,0.08795980956356941,0.06504875101354768,0.47389333393241045,0.5953035942488992,0.5811138572156043,0.5163652829931438,0.09574567298171677,0.0430672252424078,0.06492703723616278,0.1590263957087197,0.28808714934068513,0.5549312578172778
2016-02-10,0.09347019791749789,0.09055002348757712,0.14805724853675295,0.09001690530615147,0.05172896814173289,0.08761224540855439,0.06463904351089367,0.4616442050787594,0.591290375416201,0.5847628703287417,0.4987665894867248,0.09686518086698448,0.04477668567176041,0.06635698036079307,0.1533581894184706,0.274314984265745,0.543509041388352
2016-02-11,0.08109958335020895,0.08366340478507528,0.13785835503043742,0.08978537194929703,0.06937386648937097,0.08715152530954728,0.06399836524279678,0.4600257944072324,0.5874830058005812,0.5867443866086026,0.48510305102652673,0.0973327828453131,0.048135628722763,0.06827450347429931,0.15297986087943452,0.2568554795936489,0.5549242319318493
2016-02-12,0.0916807604522446,0.08335395385100475,0.14328799689835103,0.0907115053767148,0.04637993734777614,0.08503385940068242,0.06345942799723603,0.46643440323443314,0.5847564525779214,0.5876580932041618,0.47635337402656647,0.09824538256839088,0.04959893255531456,0.06947499886728259,0.14500791821076567,0.2695098318784913,0.5631018611154048
2016-02-15,0.0916807604522446,0.08335395385100475,0.14328799689835103,0.0907115053767148,0.04637993734777614,0.08503385940068242,0.06345942799723603,0.46643440323443314,0.5847564525779214,0.5876580932041618,0.47635337402656647,0.09824538256839088,0.04959893255531456,0.06947499886728259,0.14500791821076567,0.2695098318784913,0.5565593718828475
2016-02-16,0.09595976906825232,0.09163319294675998,0.15011159676874186,0.09457011373252533,0.05588232534385669,0.08337688149440059,0.06334943762882506,0.4937704837560531,0.5851271312579854,0.5884803507078943,0.4756040363616357,0.09857195932492813,0.05362873886053854,0.07165475435171442,0.1389732135633667,0.2841499440603397,0.583785632765734
2016-02-17,0.09891652275490737,0.09310360061681766,0.15436753818579863,0.0959595437214581,0.04550194833135171,0.08264138390666353,0.06390488175542675,0.5037867170287182,0.586051459100115,0.5893658038672663,0.47612186419441943,0.09893124221686644,0.05736212146020436,0.07370339161689698,0.12955913270046907,0.2966208187414949,0.5663152556945226
2016-02-18,0.09953877756987795,0.10424581373594466,0.15634843240141916,0.10938786549153146,0.05783802912242651,0.08272221072724462,0.06482327526241516,0.5922500323257105,0.5965103429338686,0.5926500221195476,0.4957774452125526,0.09847355838155603,0.06480318671703278,0.07718197200670973,0.1322486259780715,0.3116696237840757,0.6506807346227258
2016-02-19,0.11121441330001347,0.11011602510627538,0.16830261800015434,0.11459629339766009,0.04844622752917806,0.08354248299575584,0.06606748244453475,0.6223590854790626,0.608099120234842,0.5981315271265332,0.5137821043410441,0.09752363047031443,0.07315019287823221,0.08085922080243457,0.12624034935047643,0.32475577870416067,0.5924567470710252
2016-02-22,0.11575975118818738,0.11066165600318434,0.17325438406264593,0.11918267652407288,0.03238573073484329,0.08755888510309784,0.06779680685127887,0.6480259060050386,0.6199702976193575,0.605440412158881,0.5287557323322144,0.09688827501451536,0.08099553192996345,0.0844480853020193,0.11475659654022288,0.33448569406916345,0.5879661708146929
2016-02-23,0.11959939726786373,0.11097312029484419,0.17258892718816587,0.11397417200200888,0.030255769594235024,0.08984976738999118,0.06963202425113324,0.5956124465135206,0.6245144411947885,0.6124066700318241,0.5259482311264475,0.09154192248679216,0.09343541822539847,0.08790383847153038,0.1053724824870518,0.3252008869671516,0.5210932820946859
2016-02-24,0.10933359531939757,0.1132335943352496,0.16527254613414222,0.12081505564423844,0.04665539802392151,0.09288131478893946,0.07187321210714848,0.6363683062153733,0.6323855089471526,0.6199181943644506,0.5304161671934092,0.09420732941791377,0.09441212447957015,0.08976428133156278,0.10925508895694161,0.3379128035994104,0.6034406415734824
2016-02-25,0.12195051081966923,0.12344340109633245,0.17857539058067062,0.13185326669279274,0.040063107973882836,0.09726290198825638,0.07432344799640211,0.6944300965519099,0.6459500794134795,0.6292681504756189,0.5454803537101524,0.09952099193554698,0.09302570926999398,0.09180920490249456,0.10803831223974988,0.3492470975523807,0.6315711038526434
2016-02-26,0.13660522648881368,0.1275742784637296,0.18337939608148335,0.12718934823972972,0.0464764491175205,0.10118027860241974,0.07694297837025876,0.646454074999318,0.6519370452287331,0.6382226092411885,0.5422396319980299,0.10286392140908363,0.09308653255914623,0.09356145031776097,0.10572750808637582,0.33657257673705665,0.5252881144272376
2016-02-29,0.12453656343960806,0.12196249571450934,0.18057081427548194,0.12275826561442338,0.0535921814742977,0.10453658564689317,0.07889043546380581,0.6020422463783903,0.6520951294511038,0.6454251098679441,0.5278840140846188,0.10447725877248826,0.0926796318145039,0.09418934124111844,0.10023579089269491,0.32241104697642914,0.5266807486174464
2016-03-01,0.1293952918861454,0.1300680756128637,0.18352702510562424,0.13838293640532584,0.04144376245772583,0.10912517071085104,0.0819142929760811,0.6858618504471035,0.6628632945934839,0.6538391371313155,0.5378113137739534,0.10938641823208395,0.0905910785977816,0.09567542907740667,0.10369798272333386,0.3340338629626787,0.6624867591430013
2016-03-02,0.13731023964777034,0.13139298571882152,0.19084356133296188,0.1369836229607232,0.051285952309781335,0.11342168633746863,0.08475079588717216,0.671734265822372,0.6689373318891823,0.6620662971309597,0.5362801156367613,0.11370346283678578,0.08975270805616442,0.09748057734856141,0.09657992900646425,0.32035427704501895,0.5472505738093181
2016-03-03,0.13660509661977205,0.12819767045606434,0.18493128191170738,0.13395216024376122,0.03225302705144479,0.1159943431335968,0.08796049025201924,0.6403348441577528,0.6700291646010059,0.6689169260560474,0.5250007627147504,0.11677806716919725,0.08927476418562197,0.09882567903323192,0.09420169283458979,0.3106520934094284,0.5363589433274603
2016-03-04,0.13417592231390463,0.12804198862019633,0.18818329635398512,0.1327862955543987,0.030835510433324435,0.1178994103517742,0.09107640085549051,0.6279314207186166,0.6686170469849387,0.6740496472240417,0.5109241550464796,0.11944986602088059,0.08928544187816823,0.10020720583511578,0.0870730849685877,0.3012461350652872,0.5487621185961223
2016-03-07,0.13017896334367074,0.12757406856519338,0.18389653535359518,0.13465166373419168,0.03256333919999785,0.11951950144238932,0.09403604886622063,0.6397014444424542,0.6675533463859187,0.6778938517222772,0.500365995820917,0.12070091785760206,0.0937185409604252,0.10306445222942684,0.08557092886466747,0.3110131661287458,0.569052443441708
2016-03-08,0.13425391598899716,0.12640490129366144,0.18744394401011166,0.1306094069811674,0.036982773989541876,0.12126173547581032,0.09694791782306289,0.5934577570000239,0.6623037133146986,0.6796763147002587,0.48347199998547963,0.12185483961833388,0.09662358574094998,0.10510891616459694,0.07797621359477921,0.30032258444031484,0.5295477223281652
2016-03-09,0.1367618099862763,0.12835352763548402,0.18833092988987843,0.13542908563094946,0.036522332421386465,0.12279228556663768,0.09871715410473636,0.6270054243348873,0.6605412513671077,0.6806682189079376,0.4769941285151919,0.12320053517462781,0.09986793934397076,0.10742153078956995,0.0722033530519817,0.31091694543123954,0.588923672280265
2016-03-10,0.1379372138870919,0.13193863935956418,0.1881830447970998,0.13776104485748097,0.0560291036603429,0.12341101636264484,0.10029999939180878,0.642915737970116,0.6596482235017289,0.6812418038011048,0.4735664026398499,0.12403240590333886,0.10408752912728092,0.10995628778488153,0.07156653411294217,0.32558773058652885,0.5721276809189458
2016-03-11,0.1419342095250744,0.13591373938342266,0.19660852465642442,0.14219220409872269,0.03786009278534307,0.12498228879184692,0.10201047751002834,0.6726029766708002,0.661035277516967,0.6820422809238988,0.475425567013635,0.1247053043170474,0.10896707642446624,0.11273858914461299,0.0654645728888261,0.33646164981940757,0.5860592436704786
2016-03-14,0.14522540019081398,0.13832968046328797,0.19734738950320696,0.14180337822644073,0.03436824333834211,0.12697691305802428,0.10311041941082988,0.6673252479403331,0.6605450344951604,0.6825619236107513,0.4731243979560015,0.12435108005843742,0.1147666410060697,0.11545107874703175,0.061175909808764334,0.3263174392240942,0.5539845132163814
2016-03-15,0.1428745276588934,0.1387194242036094,0.1932827079649614,0.1425808001231984,0.04263742538768912,0.12741656185445582,0.10425730505782949,0.6729719731079087,0.6594722055031677,0.6827134171469571,0.47010776849166513,0.12363290807710836,0.12061404858212343,0.11799998682919832,0.06309807019253785,0.3381897007158147,0.5617099590201268
2016-03-16,0.14373640349174477,0.13427677870555366,0.19416938631320146,0.13985993840844946,0.03317726129087173,0.12771780284504963,0.10557122767485971,0.6324401018478174,0.655307576446708,0.6818089304818734,0.46145502276789924,0.1212647799081984,0.12772686017503943,0.12033067774907868,0.05809271637898261,0.3282943753890145,0.5385498080956623
2016-03-17,0.14169885142604732,0.1328738799463458,0.19099144660879175,0.13465166373419168,0.04327078387663651,0.12779106293359366,0.10649885324265196,0.5589313320939646,0.6468855239291816,0.6790111243847547,0.4459410845337754,0.12007266031804997,0.1316440073355416,0.12167194371230505,0.055905128738727466,0.3162897579160081,0.5219731162753045
2016-03-18,0.13793731115258567,0.13474446333253765,0.1903263991907267,0.14055959513075078,0.08473867427679843,0.1286051726886327,0.1077029574663837,0.6115947730207589,0.6436368695306558,0.6759727879137981,0.443970168638647,0.1199181936711664,0.1345648123255313,0.12305034661803937,0.05712125973925822,0.3369601206526312,0.596038054764028
2016-03-21,0.1412287794484014,0.13404307511701274,0.1917306467262534,0.13884945083612887,0.03726292621004982,0.12904481346095809,0.10977003007511688,0.5873851173891413,0.6387129285518494,0.6723294308670497,0.4390126048570721,0.11978557738895645,0.13679338219393244,0.12409446416275072,0.055495066518327446,0.3262109942021077,0.5452124346686028
2016-03-22,0.1402099865549874,0.1331078034245219,0.19542592666689018,0.13962679611695117,0.038248150526190204,0.12998921865058388,0.11146335981782829,0.5947240049806319,0.6344151455226709,0.668356270042857,0.4363101789768544,0.11806969142788815,0.14129235172370513,0.12545637305951796,0.047883604628874255,0.3371660077346314,0.5617276937441742
2016-03-23,0.1402883909413769,0.14246046583861882,0.1965344825505706,0.14833312455490932,0.040725285949628896,0.13134067871772936,0.11347512468441334,0.6700925325698159,0.6366577622421151,0.6657300619950612,0.4473471660925696,0.11886622019317117,0.14339719969076137,0.12691731922640404,0.051148937595468374,0.3486386802161842,0.6143910771037022
2016-03-24,0.1475764570036907,0.14074578805185334,0.20059928007763062,0.1468561225517857,0.027945519105979304,0.13229322035092406,0.11550025993355817,0.6469704902247773,0.6362920808086034,0.6635390340713994,0.4509130501437755,0.12028520824526223,0.14352864332878046,0.12771382732552583,0.04660344679180958,0.3398366573125769,0.5468496749329348
2016-03-25,0.1475764570036907,0.14074578805185334,0.20059928007763062,0.1468561225517857,0.027945519105979304,0.13229322035092406,0.11550025993355817,0.6469704902247773,0.6362920808086034,0.6635390340713994,0.4509130501437755,0.12028520824526223,0.14352864332878046,0.12771382732552583,0.04660344679180958,0.3398366573125769,0.5565593718828475
2016-03-28,0.1490653032262268,0.14300587128910713,0.20289020083884524,0.14623415438800536,0.017581227388431722,0.13271654009147515,0.11751148430693259,0.6368533415771278,0.6345341381418539,0.661353258584317,0.450956088827737,0.12091631032284977,0.1449029909625933,0.12872492431171811,0.042185846301114494,0.33320051048791594,0.5524634284443669
2016-03-29,0.14820323751562448,0.14573367288298966,0.20052520306052435,0.15330795047392698,0.03014585341202617,0.13392143183689598,0.11974174491889167,0.6969203907663537,0.6375297630208987,0.6603424126662529,0.4605835106218524,0.12195243985637338,0.14708303565706093,0.13034682027905342,0.04467721579162623,0.342462347874657,0.6031779771273359
2016-03-30,0.15721543437279428,0.14814983804082793,0.20932005222057026,0.152064320610108,0.02100002278750119,0.13491465568793504,0.12179021691783287,0.6755955693487534,0.637920729486328,0.6596300247159762,0.4630290876329955,0.12388668291257143,0.14654224506098013,0.13107317087714787,0.0383305352758532,0.33511175886953143,0.5484317849797116
2016-03-31,0.15259204123726566,0.14362965990110432,0.2027426662494921,0.1460011653283778,0.040567113882547856,0.13555783593517923,0.12357315934300006,0.5773930845037785,0.6326190225192294,0.6577543887678815,0.45349738511953197,0.12447335531628567,0.14689595623898,0.13155191609722572,0.035487941293789266,0.32367214036849024,0.5168762115049577
2016-04-01,0.14585219370846025,0.14604540890133155,0.20015568697573782,0.15369662311433818,0.04643489543888057,0.13755244415314438,0.12515184447020689,0.6474779357273941,0.63333050689002,0.6564291072247306,0.45800701202173927,0.12626116205575677,0.14715113012514347,0.1326001581610723,0.03934338277225713,0.336337977510968,0.6072889775439998
2016-04-04,0.15227814764908565,0.1445644635099923,0.2043682001795506,0.14903239819753344,0.05733067211064538,0.13843981399672756,0.1263787749779247,0.5785340042426748,0.6293909718597523,0.6543986375528491,0.452228671141984,0.12674088103310854,0.1483840225751224,0.13346267076907448,0.03633013055971879,0.3213951973126553,0.5260908737052429
2016-04-05,0.14765472688632797,0.15033206084812645,0.20252072970973,0.15183102508673885,0.03903431931723284,0.13979939445922962,0.1275420091796713,0.6045742262381408,0.6275004340546271,0.6523086526064018,0.4517410005049114,0.12765565707360926,0.1492672452862578,0.1343747304851478,0.04238879674056473,0.33251450033306085,0.5749420876757839
2016-04-06,0.15149479091427442,0.14768230633065071,0.20156003693418822,0.1554846858152874,0.03159285973756841,0.1414602159123256,0.12902099514758303,0.6373763217794988,0.6278838904420807,0.6507311038213897,0.45593992374148956,0.12847586122926602,0.15106658024559727,0.13569536978512564,0.0459481849949023,0.3420787256177873,0.5804790534789355
2016-04-07,0.15368913575248977,0.14861767981308927,0.2071030284551445,0.1543187445099894,0.038256193173668906,0.14208709920011386,0.13021470443117855,0.6186920222232914,0.6263970071701292,0.6491028692366628,0.4555246021888682,0.12932142273535563,0.15220312886470644,0.1366982299357672,0.0430535511750291,0.33112203137439006,0.5489590090995488
2016-04-08,0.15658887825904455,0.148773688935541,0.20806398403608906,0.15299742608764944,0.028060126832550734,0.1427302874714642,0.13096805369563103,0.5968999996682698,0.6233441095182589,0.6470484017298137,0.45203203188336666,0.12991261648191565,0.15321359972847792,0.1375071359977328,0.03928309113588613,0.3222960583408358,0.5479343371708888
2016-04-11,0.15486461522310635,0.1486176492566832,0.20725084214162814,0.1519867086675224,0.03156068914765362,0.14333276142854579,0.13185156355240923,0.5797304706864215,0.6193341385872865,0.6444172360517482,0.4473065430637818,0.13047236736647394,0.15367772724924456,0.13802713047673454,0.036667673735488904,0.31273855589960325,0.5499515364695373
2016-04-12,0.1536890541967375,0.15344973974423126,0.20798983699440676,0.15688392264395468,0.0422064735269556,0.14370727855589593,0.13306743305765012,0.6322878331666726,0.6190912842443346,0.6422524923707915,0.451128424322564,0.1317415509581824,0.1539720149282845,0.13882776309499123,0.039356340265430945,0.3245207593003536,0.5886144198605734
2016-04-13,0.16152542190511487,0.15430678175832657,0.21212825415009973,0.15898250973118144,0.02441881818657065,0.1444318312629348,0.13380137916178547,0.6533775131007864,0.6196845748633257,0.6406668154116238,0.45587332114413043,0.13326811738277777,0.15414122960626997,0.13969853694398304,0.03742455139844367,0.3325857904859439,0.5702168584124103
2016-04-14,0.16152561186652015,0.1538393600829372,0.21316310325629195,0.15874944405561853,0.015697907437170165,0.14576697832241214,0.13457687772882876,0.6488219662386159,0.619161553533821,0.6392694620602406,0.45741645262514713,0.13431591361948447,0.15506907861682007,0.14070138895947815,0.03366258687673751,0.32634321012415407,0.5550463205611714
2016-04-15,0.16207433921843606,0.15469685059156335,0.2135328067407386,0.1613926172118465,0.05323562410274213,0.14657299175441263,0.13555455897342716,0.6768104528310863,0.6199466949716084,0.6383449471513969,0.4612909105048693,0.13476909620129052,0.1574455682289594,0.14212107773229432,0.03075976962389937,0.3404302283693911,0.5737234106233238
2016-04-18,0.16152560953199036,0.1601523467878524,0.2147890288722062,0.1672225535861429,0.03791840197956363,0.14847807502080224,0.13678149494067238,0.7321123036219312,0.6241596207892938,0.6386429114378135,0.47130795591563013,0.13714597011275131,0.15782873109288675,0.14353662571568293,0.033279993807494496,0.35131633275610247,0.5943005405446103
2016-04-19,0.17445606997166274,0.18236474227107602,0.22816591814916276,0.18082609600053323,0.05637560772255011,0.15151477389585621,0.1384266525435245,0.8265497692095221,0.6368933715944463,0.6420174019242755,0.49651713965694383,0.1430485146949103,0.15620253944849405,0.14576518394230653,0.05126726329343467,0.36605952853819046,0.6440290206969403
2016-04-20,0.18652464923779355,0.1842354341413982,0.23976918357726051,0.18782235675980485,0.04087340470736157,0.15490154847112947,0.14046510357995512,0.86232388591467,0.6511573209441821,0.6482299767860075,0.5197725211610824,0.14980153384515704,0.15436018783081396,0.14832390707839116,0.053110123073442816,0.377563154111663,0.6008460947180783
2016-04-21,0.18746476422793845,0.18065003110109312,0.23769955471942084,0.18774436173754216,0.03866904907757535,0.158402265352791,0.1423290544724236,0.8607870074309703,0.6611036270509552,0.6556496527083103,0.5296635574960952,0.15549035598856054,0.15268168104930013,0.1504162666869493,0.049408701746061906,0.366520183376761,0.5560695712427501
2016-04-22,0.18840549685540675,0.180806193792601,0.23814331897712826,0.1858013049992281,0.03615035997549673,0.16183786661358357,0.1440406900104484,0.8210498204425494,0.6661422930608185,0.6628263362554507,0.5276724678596342,0.1595788816680982,0.1526049299700868,0.15248388324827,0.04557794824706882,0.35600355526373434,0.5443560993319034
2016-04-25,0.1874647151774288,0.17924708938662892,0.23555630219048496,0.18727792392267462,0.02697638008479631,0.16553397047838303,0.14564705767124808,0.8300382239120385,0.6698666128805245,0.6694849234680447,0.5234271649289812,0.1632637759691703,0.15316788288510008,0.15466291470468807,0.04349697564481117,0.36460305250708835,0.565853660731846
2016-04-26,0.1885621485966641,0.17932529065338276,0.2368129677533587,0.18261415870148245,0.02505753844050384,0.16822873812089278,0.1471011127073678,0.7344552309336059,0.6678715434923896,0.6743204395730008,0.5084888443890029,0.16573088290004656,0.15373906708609753,0.15621879396042349,0.03999005705773559,0.35640454486629664,0.5272533395229136
2016-04-27,0.18472190678129785,0.1765192067846718,0.23540846678111993,0.18152552287502832,0.0244255203928029,0.17058970295032105,0.14848868161902373,0.7129717354223619,0.664123949745545,0.6772658800862602,0.493001486317632,0.16764577585824725,0.1548965583967089,0.15778290191656352,0.035060684081260424,0.3483381130883118,0.5496822847273071
2016-04-28,0.1779828267638085,0.17270068843752306,0.2293486449585207,0.17927171190263036,0.030328153421543297,0.17273903198179197,0.14989289117014148,0.6682143205673343,0.6581641710296895,0.6781544343677655,0.4761472749182615,0.16846639794544505,0.15758836859683978,0.1595492496078077,0.0343208226503266,0.3390381795884387,0.5423040051328974
2016-04-29,0.17766921828294435,0.16888158920396923,0.22838776798210392,0.1761621775474702,0.037931806392028124,0.1742858710079691,0.15137187713805333,0.6087262016646982,0.6498914849094892,0.6768278475814126,0.45799631680461184,0.16915252861453256,0.15926975797433995,0.16074195559828242,0.032060023003204347,0.32814927401693816,0.5368408529097981
2016-05-02,0.17892309895354896,0.1733240620229436,0.23149176981758401,0.1813703756057926,0.02053488967498321,0.17576759441327716,0.15282593217417306,0.6633820150460654,0.6461960247084968,0.674856445439725,0.4527126729430348,0.1698602507355197,0.1619788816565838,0.16245879278961328,0.028878026382263944,0.3354026619098814,0.5897040406048734
2016-05-03,0.18158732916482356,0.17573992970388153,0.23289579970209506,0.1809037845590542,0.036457321020933665,0.17577573085684606,0.15432429400476522,0.6542242576555564,0.6418340086441526,0.6722050289708792,0.4471406072412046,0.1703841762045144,0.1645303795781079,0.16400227815007795,0.027104180823960627,0.32482188666518386,0.5536076585473979
2016-05-04,0.1775122516956842,0.1713753554953682,0.22979168813533524,0.17725020044644102,0.02077482865809767,0.17466849248246386,0.15566478541180218,0.5835641854455722,0.6345874798213885,0.6682991917059947,0.436861831024118,0.1705300759350904,0.1666947709775375,0.165157818725033,0.025555600533120643,0.31751835756451546,0.5334340307047095
2016-05-05,0.17782600676103666,0.1757401674290382,0.23230476634754593,0.18238093979404868,0.022046237180355026,0.17410677296018118,0.15687788147713277,0.6413469926918836,0.631811771039332,0.6644909092380673,0.4376611990910329,0.17083739149004862,0.16936230386905515,0.166647652796157,0.02480636900033012,0.32508757904243174,0.5891703730722562
2016-05-06,0.18174428499394446,0.17535046263334553,0.23407843471103673,0.18129261043133627,0.02670829183550641,0.17363457036536833,0.15810482563366912,0.6202523533884761,0.6278637347485666,0.6604719451019417,0.4359348647323465,0.17042610293344096,0.1727961350457825,0.168149856357113,0.02125683954366478,0.31654410549486006,0.5496823933901215
2016-05-09,0.1848790076522535,0.18267667946053223,0.23740425835934464,0.18891068612251727,0.029474962568178192,0.17380557209011782,0.15962535587519788,0.6976757242578626,0.6296314140214178,0.6576921249114713,0.4460884618015014,0.17026421330794195,0.17689035866721392,0.17011016627217912,0.022782825526455136,0.3256657435829058,0.6047565481495242
2016-05-10,0.19287214506653094,0.19054824912191237,0.24619875379101763,0.1962952364425229,0.04183182019857296,0.1752384126411639,0.16115695803825825,0.7573473008246436,0.6356803359890006,0.6569580214446239,0.46285114978632264,0.171647054331023,0.17965514430553187,0.17220252994831042,0.02439639131088378,0.3373696538688003,0.6028764877231071
2016-05-11,0.1973391576353627,0.18867786801291908,0.24908117578617528,0.19396335383192687,0.030600933215195775,0.17654104602279008,0.16264978663784824,0.7124381324964604,0.6376609473762573,0.656858531562006,0.4680511999108242,0.1721061200162527,0.18290194407299742,0.17405967807412248,0.017727039809228295,0.3280127162584686,0.5420545868675153
2016-05-12,0.19679062282715243,0.18867789641957167,0.2433905111881779,0.19287510108514982,0.0337885024992527,0.1779657501302675,0.16431986698320145,0.6913105397267076,0.6373727734611709,0.6567079670319964,0.4676326921241504,0.17145449582806638,0.1872038935986754,0.17587142394886424,0.0191115808131975,0.31798965690528463,0.5497724633109069
2016-05-13,0.19208863783604635,0.18345597482707465,0.2420602068391421,0.18766682641089205,0.03126579207343473,0.17917064989979425,0.16553019779791278,0.595325357416757,0.6321922148918483,0.655311626731866,0.4574247536092814,0.1695801608817028,0.19193247525491497,0.17726633306628492,0.016952909631307356,0.3084937805294127,0.5240380616035456
2016-05-16,0.18809196735519462,0.18766469386018536,0.2416906942999263,0.19450755682125076,0.027532663202072857,0.18054652732175225,0.16715044084755493,0.6628970241511816,0.6323566020462202,0.6542350404173538,0.46004483107696137,0.1692616612335447,0.19516311764254313,0.17871490567576576,0.019376827645190803,0.31720952694151516,0.599526017304803
2016-05-17,0.1971038040409694,0.18711880264642633,0.2411730541329702,0.18976541349811893,0.04771300616737017,0.18147461950371002,0.16850201236541473,0.5838938193220984,0.6279405577278022,0.6522861703158324,0.4528973014180353,0.16968201470188504,0.19568013123826256,0.17918949790369687,0.021627603930795186,0.3042765968293949,0.5270029984531382
2016-05-18,0.18981602579825807,0.18298838806210316,0.23851274554764879,0.18790004531832583,0.041238674947019056,0.18258999432166123,0.16965694535577613,0.5542993921284043,0.6221633932459733,0.6493042510691536,0.44443245372270496,0.16968894308352156,0.19568124475788917,0.179193622422832,0.022044668902801018,0.29269663897041887,0.5448707769867851
2016-05-19,0.18495715134635948,0.17527237786237537,0.23348705580445628,0.18214756765474405,0.04099940618452782,0.18256555289453014,0.1706484637725254,0.4691378990345552,0.6124438040282166,0.6445249363807254,0.429704520657746,0.1694696892860219,0.19531222424956118,0.17889648620703658,0.024793913688739122,0.28116668225992864,0.5204375879518636
2016-05-20,0.18504413361464234,0.180620807552617,0.2361326028510795,0.18676689563338966,0.03565774781742654,0.18313888329831596,0.17185164260636576,0.5241557901320484,0.6075958136396712,0.6395075021750166,0.42775335942159926,0.16953269009506466,0.19534991314728456,0.17894774983096084,0.025164673367274182,0.2915803668319552,0.5857559287961379
2016-05-23,0.18954269744835572,0.17983565343502628,0.23821651492121831,0.1830088073848568,0.029137171374072915,0.18252077035847714,0.17295693484400199,0.4708502683637485,0.6002796233534557,0.633691694216919,0.42121145166280416,0.1693349842642774,0.19509986712205984,0.17872110058961466,0.021742708994140963,0.28252931860059527,0.5329307214732385
2016-05-24,0.18756949164638936,0.1851732486939227,0.24178921805692644,0.18715809659966987,0.0268785278738055,0.1815638234910424,0.17403557912848455,0.5202908418398646,0.5970975244789244,0.6282553478177149,0.4243207754711867,0.1695239216351636,0.1953881907394327,0.17896234021571178,0.02411536298966846,0.2911083671949888,0.582759316985676
2016-05-25,0.19277868271400467,0.1869787001334896,0.24424556408506493,0.19232522851660439,0.02237799638885128,0.181392260078867,0.17522355317856475,0.5762185467908894,0.5979609768531657,0.6241189252011285,0.43497240505432777,0.17029143224438947,0.19574484527022695,0.17953570125393636,0.023345344352279307,0.2987469179964357,0.58903285522884
2016-05-26,0.19222626148593003,0.18376044203629538,0.2442456192126775,0.18880227457389087,0.012457390723878485,0.18096570662356415,0.17629431117574312,0.523610407740593,0.5954073175914915,0.6201808616954648,0.4365977678657805,0.1703905773660359,0.19665619329684092,0.18004168294356893,0.017278127599666182,0.29318152405741527,0.5345478464356435
2016-05-27,0.19167384871556914,0.1839174722362119,0.2430547828227535,0.19005494511809007,0.016970656400673974,0.18121581801019282,0.17731552669168937,0.5379464034766241,0.5938198415604716,0.6166394409473474,0.43984787513107837,0.1700991071306398,0.19843456882708665,0.18077925597587818,0.013130981068518455,0.2996900769149319,0.564417291527186
2016-05-30,0.19167384871556914,0.1839174722362119,0.2430547828227535,0.19005494511809007,0.016970656400673974,0.18121581801019282,0.17731552669168937,0.5379464034766241,0.5938198415604716,0.6166394409473474,0.43984787513107837,0.1700991071306398,0.19843456882708665,0.18077925597587818,0.013130981068518455,0.2996900769149319,0.5565593718828475
2016-05-31,0.19341006110816594,0.1861936597788234,0.24030057970756324,0.18715809659966987,0.05354928735441132,0.18044609761000885,0.1780258139339128,0.49368473005564656,0.589866983111134,0.6128327785665777,0.4376744741526376,0.17002799047599548,0.1991235253814252,0.18108652858386742,0.015821502651504088,0.2855375109456295,0.5384133492955232
2016-06-01,0.18891126143885173,0.18171943908893617,0.2384397360678261,0.18786265674183833,0.017653611215739995,0.18024681893542038,0.17827652089084334,0.5028236049612225,0.5868315831586304,0.6090398782262496,0.4377872408848503,0.1698940509843645,0.20000186964279,0.18145597811443925,0.015148255043089753,0.29218878416815175,0.560987267746697
2016-06-02,0.19033211840584907,0.19420033413449334,0.2443201294325631,0.20125037206613638,0.034823993362134945,0.18164501942050326,0.1787549501944241,0.646031428330121,0.5941484939318927,0.6078075959919481,0.45876905222947933,0.17151145819820968,0.20088550651363202,0.1827301575943373,0.02324525983793352,0.3024282350462951,0.6406289965047903
2016-06-03,0.2029602515821597,0.20000891328314507,0.25369869139194434,0.20336420572451286,0.03194807666787753,0.18386707092541077,0.17931147257768398,0.664252606890855,0.6009604647376349,0.6084994496085369,0.4745355014824149,0.17392572138010065,0.200626005384978,0.1838441682478239,0.024816876941486737,0.3120666917279332,0.5696351606367025
2016-06-06,0.20690633165059102,0.20479688003791163,0.2597275422287455,0.21127120010818168,0.02838049229045217,0.1864334448464754,0.18021894430014374,0.7258856504882512,0.6116835994935359,0.611693869000163,0.4950416296105314,0.1781371598528494,0.19946875057583469,0.18543574452518585,0.025978629710237428,0.3209596130779474,0.605355518462853
2016-06-07,0.2151147765919057,0.2066024180207796,0.26359815903501826,0.2109582240119705,0.028836242314245003,0.18936063072169929,0.1810626542023036,0.7204325480306701,0.6191277668399019,0.6160827838090156,0.5048293747792797,0.18163099257174975,0.19820845026303602,0.18660625783676432,0.0224986012232663,0.3119714514451032,0.5546447637500548
2016-06-08,0.21124736601579253,0.2044045210543558,0.26330048470755585,0.21150625779806576,0.025125900944072764,0.19191065151456532,0.18209205627955993,0.7247387498422435,0.624569741517176,0.6209341869364179,0.5086190233122118,0.18439949605553385,0.19696948712459106,0.18741381753203,0.016888322114096743,0.32018424512831944,0.5599130861326727
2016-06-09,0.21329952028113863,0.2141379833234005,0.2647891801522785,0.2209010570317529,0.03525762610536136,0.19490344248112945,0.18349497465245168,0.7909967565676796,0.6350764719054607,0.627402949003862,0.5218717297882919,0.1895063888025742,0.19456480148764588,0.1888439518325965,0.02198653737198264,0.3305143143343908,0.614016460639864
2016-06-10,0.22087640787725615,0.21445196487531915,0.2703716552550959,0.2209793585177574,0.02649047013295836,0.19827339853005121,0.184980984302341,0.7914967979228245,0.6423806343873258,0.6343768569956059,0.5260109165183319,0.19382051891016427,0.19310222974322033,0.19033601900135877,0.019683632923864852,0.33901226862913936,0.5570333396393804
2016-06-13,0.22395449829352965,0.21767020146921778,0.27357226016539604,0.21925695567346748,0.039047053509074114,0.20133177051563722,0.1865164163238603,0.756863022422217,0.6457296083905394,0.640780782095579,0.521340452978043,0.19710590016895013,0.19307196160417428,0.19201315261154805,0.017346954600336528,0.3278903044831842,0.5461343636944812
2016-06-14,0.2185876707723503,0.21405959212205383,0.26992519301721296,0.22184067486380554,0.028574856271187346,0.20496413088170795,0.18795834029013614,0.7761560425311191,0.6492005983773486,0.6467587714663905,0.5178503178840315,0.2005310211258975,0.1924447294173417,0.1934642796569429,0.015474507926258624,0.33682384301264057,0.5722270383109731
2016-06-15,0.2279797328182338,0.2184551275794978,0.2702227287799738,0.21628195890091373,0.02852794082756161,0.20794052859954293,0.18921883597220146,0.6673174949973253,0.6465652413820374,0.6508921167061806,0.5027352270924866,0.20250711516699504,0.19322587941898717,0.1948720545081155,0.01888968566469168,0.3279001086299461,0.5229463151766716
2016-06-16,0.21258917812118994,0.21178307759215254,0.2618862607389889,0.2180825866152727,0.030491017032986914,0.20970339260970527,0.19067366080168213,0.6839303528208194,0.644745467859685,0.6537506117995447,0.4922890519279709,0.2044305679981302,0.19445125831254895,0.19647445866510038,0.024736919767011534,0.337234076525007,0.5675140166696343
2016-06-17,0.21992920313068753,0.21005608355761796,0.26032308142328053,0.20900091670966736,0.057553855578179214,0.21029373411838836,0.191622109006911,0.5312405045545576,0.6353494413685681,0.6537233169050588,0.46864276864863996,0.20441134424825835,0.1973271718977182,0.19790011456767098,0.03006735909589478,0.3222446565999555,0.5014173257970346
2016-06-20,0.21977143962458767,0.21374547175406589,0.27089267639805636,0.21729972498709982,0.02327877290646535,0.2109251109055834,0.19290501331911758,0.6142228281534841,0.6332786396250196,0.6531914756570848,0.4645084948267884,0.20549528170489395,0.19945609151323218,0.19952111566892172,0.03501720701173691,0.3300714470192312,0.6074542013353116
2016-06-21,0.22284959076526456,0.21382402365161235,0.2690318877359953,0.21448133118655477,0.02264407397627151,0.21129409139973587,0.1938160746808314,0.5722388222964319,0.6285568106638493,0.6516030917444618,0.4558511402548423,0.20539380802495943,0.20290816532521705,0.201192005554385,0.03277464825587115,0.32237729269972026,0.5394319766444069
2016-06-22,0.21929789922729193,0.2142949297202561,0.2699994559702368,0.21667338971500016,0.024924834757105344,0.21183525316223217,0.19454213176789903,0.5939807137349082,0.625603805292108,0.6496051066454115,0.4524948510839083,0.20560751548235423,0.2058268401907326,0.20275898521714175,0.03128686639878017,0.3305480686110997,0.5699218010319185
2016-06-23,0.22450693633283214,0.21562927753775363,0.2727534526884072,0.22387597718837138,0.03123898324850574,0.21214682117735562,0.19560789429752257,0.6592139809221966,0.6278623700346748,0.6485629669206237,0.4603270878669769,0.20705587940111558,0.20768797719838017,0.20443402809475186,0.028815105553156778,0.3400383426173934,0.6003596050765169
2016-06-24,0.2076957934703062,0.21358853685222268,0.26024877264521684,0.21017536238379741,0.07925090781383415,0.21101530185796413,0.19622428858782226,0.4765255501326147,0.6183582956988678,0.6453885537164549,0.44285515022261246,0.20612301855569226,0.21092378934014355,0.20556873456022995,0.04099024028219447,0.32051478493343544,0.4738964697540027
2016-06-27,0.20714320443503798,0.2098206485067765,0.2602486697000699,0.21737794985716863,0.05872808211006898,0.21081851065626178,0.19728287183893778,0.543032312331728,0.6155668264621021,0.6421615289493048,0.44242404888562614,0.20549428814301596,0.2144785964762017,0.20701932468597384,0.044961537632086185,0.3357495886460137,0.6006740053009201
2016-06-28,0.22426997395974269,0.22340011340533528,0.271785661475771,0.23053045425971197,0.05344808404030438,0.21172860476827382,0.19856633848246485,0.6415003936428383,0.6225693706777076,0.641304523720901,0.4618440876364335,0.20574488019670134,0.21883302460350607,0.20932198189196993,0.05043319120068093,0.34988100567015823,0.6364803641905967
2016-06-29,0.23745084437090858,0.23156382040920753,0.2833229739267339,0.23914254509709731,0.04173195732571247,0.2141228295174189,0.20032560566713797,0.693548436436636,0.6337291934719511,0.6433674053124774,0.485769761777496,0.20722191380203425,0.2227629357231916,0.2120444533188044,0.05045934627489643,0.3615640471293738,0.6081470140015267
2016-06-30,0.24013437651598013,0.2472628016939704,0.2912129317447205,0.2545656393618967,0.06330233786357793,0.21794375637645602,0.2027008467585022,0.7685544495145091,0.6531736948797395,0.649806580130802,0.5216292906374581,0.21549991168801574,0.21989150231733456,0.2148749838929188,0.059800134328030136,0.37775475515123874,0.6480942342426459
2016-07-01,0.2568665688612669,0.24828306391330934,0.3033453601227274,0.2544871846440214,0.03308544106548993,0.22270760396549416,0.205278248689312,0.7676031269138299,0.6671555115401409,0.6584014176913392,0.5392928808750268,0.22175948390878375,0.21886968724411382,0.21758912493002092,0.05360688313263434,0.36787861794024396,0.5561013113086261
2016-07-04,0.2568665688612669,0.24828306391330934,0.3033453601227274,0.2544871846440214,0.03308544106548993,0.22270760396549416,0.205278248689312,0.7676031269138299,0.6671555115401409,0.6584014176913392,0.5392928808750268,0.22175948390878375,0.21886968724411382,0.21758912493002092,0.05360688313263434,0.36787861794024396,0.5565593718828475
2016-07-05,0.25734037702477686,0.26154898103562263,0.3074393996546583,0.26215981088122486,0.04838456723184137,0.22740587053550987,0.20796443716274515,0.8005691840865459,0.6825643120129058,0.6690722287239808,0.5563034939163202,0.22940118681280397,0.2163967430220749,0.22029082326097493,0.059650734176561665,0.380951887410299,0.6013599657588753
2016-07-06,0.26183903731945046,0.25707465548725816,0.30892798042030345,0.26505642955183895,0.04837317348124655,0.23270267925062604,0.2108877274508716,0.8123781954568203,0.6953009250397184,0.6807457015268163,0.5645193461963479,0.23634362870963743,0.2149867239508655,0.22316292036471608,0.05713533641102955,0.3940227758732833,0.5733372111756931
2016-07-07,0.2670480254803772,0.2582519312990127,0.31242625046419237,0.2640385868497175,0.026432160938737813,0.23766331001726027,0.2136269170161338,0.7984080417693515,0.7028362400862536,0.6919403072846391,0.5605954896970247,0.2418370607501772,0.21490537477272265,0.2259518844092041,0.0516279442025544,0.38553700673236746,0.5506815937705616
2016-07-08,0.27028406894712687,0.26052833538057485,0.31205410671314393,0.2667004542941891,0.026909358022473837,0.24214838411273876,0.2162768460384561,0.8104739468934465,0.7089954835291382,0.7024129149904244,0.5546794076059914,0.24731382319663686,0.21412512347114632,0.22838339419622644,0.04988379350530997,0.39412249805177596,0.5719472799005806
2016-07-11,0.2679955185845583,0.26327595429446327,0.3154039218215908,0.26732709603003035,0.030808031387772224,0.24813397406997284,0.2190746217920596,0.8134002731464989,0.7124661102823007,0.711645760987251,0.5445207485586138,0.2522020996797235,0.21401044349965537,0.2308440156040077,0.04727304528342963,0.4035227139670995,0.5601718801057971
2016-07-12,0.26752175526808586,0.2613133570459565,0.31689234748339834,0.2672485646962197,0.028826189004896627,0.25335700112964965,0.22182496790152784,0.8121127447227507,0.7132570279561405,0.7192268281514833,0.5309860040502568,0.25640428307102925,0.21477857320205174,0.23339191086046962,0.040388755077557015,0.3945366532228471,0.5561069437166123
2016-07-13,0.2677585271583084,0.2628832930122045,0.31458494382543456,0.26787489996831926,0.020883404399060078,0.25726814301338596,0.2247008421943374,0.8154503831963675,0.7124729049235602,0.7250985649275122,0.5169796796996966,0.2602221803614623,0.2157350585393737,0.23583588775907838,0.039050946513324414,0.4018628719203074,0.5601680568414747
2016-07-14,0.2701262352587285,0.2655519912491259,0.3191252737256819,0.2692840202526564,0.021499337151803626,0.2604249065877703,0.22760181939405177,0.8232653227848616,0.7110561417839196,0.7294470282581413,0.5044979136829524,0.2635068217380706,0.2179828908109689,0.2386497900943132,0.03513262142229198,0.40931780505882764,0.5646728598890964
2016-07-15,0.27636143679400116,0.269947839859498,0.317636669987602,0.26787489996831926,0.03403313302672974,0.26181880615199227,0.22997559733207762,0.7958298795308316,0.7070269545624953,0.7319334745852198,0.48924046885077044,0.2660651327047304,0.22063883033227427,0.24129328552161455,0.039026806327206204,0.3992436240832422,0.548457739131842
2016-07-18,0.27028409767338746,0.2614703234564093,0.3156269454908993,0.26897089092457427,0.030054703407267604,0.2633357072383712,0.23231311035946522,0.8029644224229,0.7028928406227386,0.7329044655377741,0.476822764432203,0.26731855311009933,0.22572374777539783,0.24447711736104827,0.03461468993116923,0.4084864134134173,0.5628699115701778
2016-07-19,0.28433287829048315,0.2813294607190958,0.3223258342688936,0.28548997614562854,0.06173268116398556,0.2657791117337033,0.23495746520433025,0.8880923604787805,0.7103961952131661,0.7355292144664651,0.49037372612512714,0.2715919712023783,0.22856666480923749,0.2480973672547615,0.04865522988290921,0.42434910269647647,0.651565477624072
2016-07-20,0.2926988917987201,0.28384116639660817,0.33497936938120043,0.2846286597995804,0.034983505870462436,0.2678289418497365,0.23758228313045693,0.8720127936583633,0.713777815995177,0.7384618526951987,0.49289658386534146,0.27428562168158666,0.23324787434653826,0.25182151923603513,0.04603317361640705,0.41407631771934256,0.5516891399417374
2016-07-21,0.2877266463389686,0.2812508954076858,0.33386293032845904,0.2847070379015202,0.02263804199066248,0.2699935808756152,0.2401903676051561,0.8723807570879318,0.7146028042165478,0.7410111446756154,0.4897554287501261,0.27612837226121256,0.23858230861812812,0.2554334550103088,0.04181438435264062,0.4217692115056984,0.5570029430809436
2016-07-22,0.2870166062447065,0.27818986654761657,0.33207680216408664,0.2837678031491446,0.02496102667075948,0.2717810708673486,0.24243025882341762,0.8526905680465928,0.7126451776125048,0.7425684461533906,0.4816270172806077,0.2776771970101485,0.24335409055756363,0.2586131379251688,0.03641024020859404,0.41359087239538833,0.5512443138877319
2016-07-25,0.28662178054117615,0.2764627999671596,0.3282805390991195,0.2826715823450835,0.018536291776526992,0.27338812278557756,0.24462830276429293,0.8288793837672124,0.7084109380445753,0.7427714618864976,0.4705299435176473,0.27520261967814197,0.25361814929977755,0.26246199356289446,0.03426636967746749,0.4067551411545027,0.5503499894342907
2016-07-26,0.2863059754103452,0.27975953456587577,0.3328208721207322,0.2847070379015202,0.02329016665706017,0.2752165758388677,0.24696023615469598,0.8416437877481937,0.7048114077643373,0.7420473677647853,0.46293316677699264,0.2722967366272172,0.2637776992148384,0.2660365239348348,0.030392550542387042,0.41458431258084916,0.5681018386518745
2016-07-27,0.2868585825495721,0.27724782952840255,0.3297692090305848,0.2817321177449019,0.018080541752734165,0.27666786380980046,0.24909411972977213,0.7747061605170478,0.6979582059142821,0.7397802585169521,0.45028963660668625,0.269924533179268,0.2716712666524924,0.2687548423695223,0.02768748345894162,0.40784382162279353,0.5397245250852039
2016-07-28,0.2859116620753134,0.27544257474618994,0.3302904390502647,0.2793053079903144,0.01478171584522193,0.2777174088614408,0.25133959058501876,0.722188599135503,0.6890487533048391,0.7357723155103901,0.43602517232673754,0.26755319512844233,0.2783898622741817,0.27088710080273115,0.022202162694152122,0.40179270224133995,0.5427844157016144
2016-07-29,0.28085998694265824,0.2779540539948453,0.3297690206258628,0.28533329655768436,0.03288102377540639,0.2795458538906249,0.25373567888169324,0.7719664493708089,0.685028602210286,0.7315758622211679,0.43448051122401665,0.26818285273715625,0.281012523075728,0.27252056901556854,0.020974095382407326,0.41162612138430066,0.590860406234149
2016-08-01,0.288515883137636,0.28101540911110745,0.33542600686272006,0.28666426858788785,0.016756856021865274,0.281398908853168,0.2565027611723524,0.7821214739389575,0.6813301005830661,0.727307817822574,0.4338938906938986,0.268438214746083,0.28417131874441515,0.274228864303365,0.016166567443590962,0.41808999534443086,0.5640864302332645
2016-08-02,0.2911995422345047,0.2825069721582347,0.3308113273838271,0.28235845301700147,0.0338045877942101,0.28107093956520945,0.25882075092982026,0.6902975268691154,0.6736596970976652,0.7220042846673425,0.42540905272055074,0.26863292390347315,0.28611869443731386,0.27530121894061677,0.01973050413275218,0.4080635745694999,0.532241666043343
2016-08-03,0.28606926474312444,0.2754423530242842,0.3249310405328599,0.27492088446968177,0.021418240456393435,0.28005422915566325,0.26097416323434375,0.5560032323246447,0.6605946317419433,0.7145437416137317,0.40773442382928005,0.26833629580854457,0.28747394776310065,0.2758249271138693,0.021949632041270317,0.4006255885989538,0.5143696078901754
2016-08-04,0.2800709838078034,0.27065427796558617,0.324558959961888,0.2746078317575352,0.01751487554673247,0.27899652358813587,0.2630383204554546,0.5507950876491103,0.6488438717027258,0.7056812830093073,0.3962470694522091,0.2678039888150193,0.289147355262234,0.27638605289217444,0.01845998969976445,0.39400330763899893,0.5547699578162721
2016-08-05,0.2811757988673995,0.2705756224337075,0.325452041403132,0.2775826752982178,0.02032108929617451,0.2783487455281054,0.26495184658631976,0.586532381234321,0.640745107738215,0.6965967201580479,0.39442713800871554,0.2675344734571178,0.290582879199763,0.27696379470664034,0.013931098783033669,0.40121201663455575,0.5735691124139153
2016-08-08,0.278176672995604,0.2687703165328865,0.321507137555184,0.2729636537833139,0.0208947981496549,0.2773320190703473,0.26718894252656156,0.5076486276548362,0.6298526706221079,0.6866464369165494,0.3873333890961232,0.2671724408452544,0.29155595056869255,0.27726304199288054,0.013591019826110384,0.3938834169300247,0.5302292268516706
2016-08-09,0.2774665022615589,0.2675930162184814,0.3222515831977706,0.27124140417089493,0.012242249903823341,0.2759217423056085,0.26910805375393887,0.4798916697847992,0.6190879342860575,0.6760350280215149,0.3819160979721796,0.2668256644022905,0.29233845620100907,0.27747502356558673,0.00990550516611502,0.3883629820068696,0.546695063236051
2016-08-10,0.27494072525123303,0.265866034839066,0.3215815754035618,0.2706932937688643,0.014869514746864371,0.2747656291010706,0.27053902317852196,0.4708256934225588,0.6094345398883808,0.6651684243393359,0.3798250212640207,0.2665609002659358,0.29291142237361256,0.27762465331006636,0.005194808820538549,0.38229351486504726,0.5534144349752953
2016-08-11,0.27699287453543364,0.2686919087132228,0.3232936129398494,0.27390319499943117,0.012982843692486692,0.2741998574052159,0.27177751696523555,0.5181981535055256,0.6036060175441934,0.6550396696084626,0.3858709862834412,0.2662644788893861,0.29370858324880544,0.27786988729295903,0.0031993336007418993,0.3879687152478012,0.5749875316027643
2016-08-12,0.27399371188335386,0.26578758361215227,0.319423066641236,0.2695973028126093,0.01420800699174154,0.27255180230489884,0.27231308295263756,0.4449606024461819,0.5951524809600434,0.6448546950369122,0.385410318568823,0.26605853525534984,0.29410428558535806,0.27796133040407867,0.001742781176677366,0.3820374865753219,0.5319209771363733
2016-08-15,0.27123126350816096,0.261862793240784,0.3144360189630374,0.26247286359337163,0.029185427258945094,0.27001819883308,0.2725976062221752,0.34322781439357314,0.5826055026206949,0.6336165953919304,0.37678096788156873,0.2670973246539988,0.29234125349888684,0.27761634732577267,0.0020751580825278115,0.3729763540787211,0.5156112383118642
2016-08-16,0.26325980170161367,0.2544058930917914,0.29791194862816517,0.24697162107443893,0.06148738041588529,0.266312080883888,0.27205646332755185,0.1894003481716478,0.5606546338203989,0.6192199679490964,0.35089985963457043,0.2707167431664844,0.28450967679651884,0.2755713912142559,0.014971095182437583,0.3571649264773028,0.4668021897853163
2016-08-17,0.250552666081721,0.24663488364295316,0.2963488259358952,0.25464394084790076,0.05581530328153421,0.2641884450400972,0.27168547479309446,0.30110293755055745,0.5491244986766057,0.6048629782145882,0.3512246526664826,0.27110962920091686,0.28091513888846953,0.273979489531045,0.019215148441635577,0.37179103273520564,0.6017155720988594
2016-08-18,0.2558405838540193,0.24710572122326135,0.29672090884555447,0.2500247661011261,0.04432236003447614,0.26161382233797836,0.27118617371633025,0.2604411820401859,0.5365876588728752,0.5902897633983257,0.3494528953463768,0.27156969557920274,0.2767516546953116,0.2721381927376483,0.023255111120990685,0.35956666231549295,0.5295923844255198
2016-08-19,0.25220952750012426,0.24239970928455978,0.2983286520911018,0.2500247661011261,0.038091318900355615,0.258727639644842,0.2705920324596419,0.2604411820401859,0.5269008613578069,0.5762454883258685,0.35378704962384605,0.2714754349309666,0.27326006856175045,0.2703467603230256,0.01892360298469073,0.37048890198598394,0.5565593718828475
2016-08-22,0.252130016085065,0.241688530302286,0.2955561966953568,0.2437985721088115,0.02969077360885656,0.2556731352783883,0.26975373021935434,0.20722466317821614,0.5148452624783992,0.5620409671780713,0.35247398661238466,0.2718039205920183,0.26878664088650883,0.2682829754155758,0.017894774271773745,0.3613221648228334,0.52003286824688
2016-08-23,0.25030265169339905,0.24216269270772417,0.29608076834653263,0.2462418542895155,0.023379305999949057,0.25305489353559873,0.26900527815096387,0.24495118602687688,0.5076324160936043,0.5489009416155095,0.36119650774665074,0.27077100536767185,0.2657614003099613,0.2662408421997986,0.016640073279657025,0.36916996412802755,0.5709881509330277
2016-08-24,0.2487931515471279,0.23939711516458628,0.29308368319800415,0.24048861046657943,0.028075541906884903,0.2498915100736956,0.26802952684929504,0.19672374856588154,0.4980926213453485,0.5360394223751349,0.36347860014327255,0.2703288429655414,0.2618310719918975,0.2640512065802789,0.015973815952857073,0.36034076973196577,0.5226718328366159
2016-08-25,0.24386708746541286,0.2362363807511888,0.2909107333051427,0.23938526438052377,0.02312998392810945,0.2462763935115987,0.26696425840689975,0.18785587296926465,0.49035758744398655,0.5238451919092458,0.368946392136813,0.26974465596327535,0.25818805831803293,0.2619318342186874,0.014257634504175887,0.35254507246384925,0.5500205202147431
2016-08-26,0.2437082034419903,0.2404244058638325,0.29263413435174224,0.24308949162645288,0.029273896381210765,0.24350018921644567,0.26608117439325707,0.2486453780346965,0.4877631740563582,0.5134508450350668,0.38369471320611503,0.267117028689977,0.2564064919732456,0.2596890923646238,0.01565727226626737,0.3616246927800582,0.57853796169266
2016-08-29,0.2473629164622817,0.2435059630989428,0.29638046618144465,0.2500247661011261,0.019838530447452693,0.2421964806046043,0.26540613931934265,0.35038212570729194,0.49167121151941423,0.5060978546263052,0.4086157146779744,0.26324258847855264,0.256507559350756,0.2577438853485208,0.016058734464452273,0.36873255912320674,0.5975465224840182
2016-08-30,0.2582478406466714,0.24777293033651338,0.29787905747890286,0.2464782144503017,0.011431282949721388,0.24214480536142524,0.26401618186445674,0.31352351493330205,0.4926963310172107,0.5004679328276008,0.42273461059024703,0.25989726621831133,0.25614339102636596,0.2558389879819525,0.01962446631809439,0.3633815958797933,0.5357532209776737
2016-08-31,0.2492698100741284,0.2394761132242138,0.29600589855435333,0.2454537061617984,0.02398183434022811,0.24118229778847466,0.2626204100129087,0.30292628828293294,0.49335981408387597,0.4961274006508748,0.43329992282263374,0.2576973598353357,0.2552793656512825,0.25427456275510973,0.014953673955041963,0.3554078833183283,0.5505263667695653
2016-09-01,0.24648918893666238,0.2376588674157183,0.2929339506575793,0.2434048428166623,0.016332606367364007,0.24048898292641951,0.26114884627247326,0.28134970305474577,0.4929571464933255,0.49255580432544405,0.43960061519453636,0.25526336153019435,0.25447227870928646,0.25261798259185286,0.012412436490388923,0.3490326668567737,0.5444811217782576
2016-09-02,0.2478397372480292,0.2409774989460597,0.29518173938302084,0.24529618379856444,0.02474119430634176,0.2399937511471465,0.25977813365161084,0.31219608057329534,0.49470580460461255,0.49012919377581365,0.4489826763006362,0.25159754375605525,0.2548210502838686,0.25090387880965315,0.011249947682480027,0.3571650665365423,0.567733353468561
2016-09-05,0.2478397372480292,0.2409774989460597,0.29518173938302084,0.24529618379856444,0.02474119430634176,0.2399937511471465,0.25977813365161084,0.31219608057329534,0.49470580460461255,0.49012919377581365,0.4489826763006362,0.25159754375605525,0.2548210502838686,0.25090387880965315,0.011249947682480027,0.3571650665365423,0.5565593718828475
2016-09-06,0.2511766888968565,0.24224178201595792,0.2986284558475645,0.24868505985428424,0.02121784449004923,0.24050552060905783,0.2585672213972333,0.3658856009793932,0.4992534166518393,0.48930790941227476,0.4621367858899925,0.24853954569511327,0.25539432729540235,0.2496149177690674,0.007576386125412948,0.364561174794491,0.5765404746129927
2016-09-07,0.25165332444268573,0.24208365110752328,0.2992278496843568,0.24758163715229298,0.017686452026278006,0.24064583815214335,0.2572444734541891,0.351690837154042,0.5025422384054109,0.48946086609149353,0.4701197575464159,0.24545872571282557,0.2560569713271479,0.24835881051650355,0.0027683753771660102,0.3579030386692355,0.5500768584870217
2016-09-08,0.24791904456382152,0.24105637236079658,0.2969798815944953,0.2464782144503017,0.01821726675987201,0.24127313869344802,0.25598840544883095,0.33709039456047135,0.5048073489972457,0.4901410919272488,0.47444022296226723,0.24200630018859937,0.2570440080642923,0.24707322149402766,0.0,0.35113397562633086,0.5500692705160564
2016-09-09,0.24521762388768764,0.23584118242919905,0.2897866439542133,0.23670554542309807,0.039156969691282975,0.240992487559065,0.2544706104305211,0.22578442618110034,0.49968350215552165,0.4894233511107347,0.4629852260242379,0.23699227510267884,0.2582616342355939,0.245098382207807,0.0035155544861785737,0.3399890417651049,0.4990112164670776
2016-09-12,0.23512727696294267,0.23813276708274356,0.2837923475004098,0.24403516211740395,0.03434813671964537,0.24109152910045584,0.2529991913675612,0.34329706953670464,0.501772393114386,0.4893636188741766,0.4683769757175206,0.2316995617278581,0.2610043681955594,0.2437412771148847,0.014562313622043438,0.3501290505832346,0.6001738467650858
2016-09-13,0.2403711979964528,0.23323374299494481,0.2846166557189794,0.23181936414136695,0.03916099101502232,0.23918484903695558,0.2510451118672995,0.22770751975459486,0.4946960508960351,0.4875730432324563,0.45419437281053704,0.22930199238416404,0.2602181334699918,0.24211386958598335,0.020829037674136547,0.338983276366572,0.4844372703094935
2016-09-14,0.23584235930031527,0.22928277426837118,0.28439183419321235,0.23378961953675703,0.026875846991312596,0.2378559527561176,0.24931464368956868,0.25650331733066106,0.4912559542756808,0.48529334197004803,0.45018645711512495,0.2297346817248973,0.2583696317104487,0.24141403142942963,0.01866633600906592,0.3475617647240076,0.5683450689520938
2016-09-15,0.23552441100666655,0.2341027752516408,0.28334270130286987,0.23985798470209618,0.02477939688186557,0.23726990414418914,0.24806538098509268,0.340283131828834,0.4938055181088787,0.48409749773401745,0.45906762670401624,0.22804290886788636,0.2585427401478696,0.2406290386297868,0.024141119979512016,0.3557021477804252,0.5927821945036812
2016-09-16,0.24108619651746976,0.23568319064313725,0.289337158788074,0.23686322101820279,0.06899184073413285,0.2365847899185517,0.2467205710918966,0.31086518522794343,0.4941595900579096,0.48322802460036607,0.4617419251018687,0.22732734138641686,0.2578812849446772,0.2399302865152536,0.02323838128662209,0.3383224768748189,0.5387992836177001
2016-09-19,0.2398944530782513,0.23189039446077653,0.28574056568483297,0.2322133998972582,0.02240346477253382,0.23521460961191298,0.24510410057567544,0.2674900062780639,0.491536925539139,0.48188652579045244,0.4578741270628534,0.22690734938671242,0.25642028223719493,0.2389846733885832,0.02240020066841905,0.33067860382227265,0.5288955521259275
2016-09-20,0.2383848707983447,0.22857160813674005,0.28611527038759954,0.2344989298669221,0.02059453931045021,0.23372887415356325,0.24373363363354528,0.30051865624726276,0.4918607862503041,0.48089308845324963,0.46072615725804933,0.22690461032959852,0.2554340143901257,0.23849095136430887,0.017231802704422372,0.3379444569875274,0.5702251726967063
2016-09-21,0.2366369550508003,0.2345770805945907,0.28574064693627577,0.24206498333794946,0.028299395595041972,0.23315110641911319,0.24269410140323078,0.40041339713413543,0.4984859128741714,0.4817300012554095,0.47572412248696666,0.22648295705934995,0.2554248678143187,0.2382691994809889,0.02021492561623836,0.34682043116956746,0.6016876204770694
2016-09-22,0.2469655830000863,0.24121437372825083,0.29697987306431317,0.24639937665274925,0.021618636422737633,0.23314284961395326,0.24182852882366757,0.4510457233448996,0.5075266316477091,0.484626115861123,0.4925973077780463,0.22699628887169232,0.25552382669881735,0.23858300461139548,0.018694338434542046,0.35430029485271086,0.5822034392313984
2016-09-23,0.24823687167248965,0.23931796592146737,0.29375791513915317,0.2412766053624259,0.01781513438593716,0.2336215838311182,0.24066606987480943,0.393102244063075,0.511199473687994,0.4878475697672534,0.49526315154767186,0.227043722008191,0.25567604091298524,0.23868341672122606,0.016883627492274983,0.3476152673534798,0.526390466759245
2016-09-26,0.24203976607265043,0.23173244340169263,0.2851412274504911,0.23315922362008012,0.02603136900604941,0.23248252987611417,0.23936781064183943,0.313008322185985,0.5083584663099942,0.48972503823686797,0.4842504789384552,0.2271497221341876,0.2545104942673284,0.23815621450267077,0.018793798357912783,0.3392132536377586,0.5084931414419562
2016-09-27,0.24013286445954052,0.23631547364312355,0.2863400757879966,0.2445081122867826,0.021678956278827863,0.23381144220516425,0.2387277411110459,0.439994000758194,0.5151789271046766,0.4929067833650085,0.49493777616797396,0.22625493833208288,0.2548470677106037,0.23786333296835005,0.023062172197749614,0.34670572265245303,0.6243482986339086
2016-09-28,0.24537667999057478,0.23868590877718576,0.29450729886858884,0.24584781853362458,0.01984657309493139,0.2350743161411457,0.2386877009372229,0.4534102483242601,0.5219160014662226,0.4971114130758412,0.5033193350153732,0.22616181421086146,0.25487611339950556,0.2378298649767886,0.01914354890967937,0.35381526970647503,0.5644650195418064
2016-09-29,0.2440256920553293,0.2367101990819428,0.28124455119893954,0.22913941533613513,0.02731350105827836,0.23395174370003768,0.23777899536157487,0.3048678896328883,0.514851731368848,0.49873530016225154,0.4821726225293404,0.22628589111652397,0.253012919681316,0.23696373222871692,0.03186797446064177,0.34514532266567466,0.4581029543373837
2016-09-30,0.23528615098078087,0.23157427466632174,0.2838672889485223,0.23591747391131623,0.039048393950320566,0.23385269413454057,0.23727636397310736,0.37347082832771866,0.5148300581135816,0.5000290720554239,0.479467644895147,0.22594296464160324,0.2525704370078451,0.23656622457882215,0.033706219742907606,0.35626756693010875,0.5972220100118386
2016-10-03,0.2370340318786628,0.2346559050240994,0.2841669342753903,0.2412766053624259,0.026699578967404484,0.23480189773960458,0.23696467409531452,0.42361931132425507,0.5192524582130031,0.5021532559470293,0.48627207537559614,0.2254857945454083,0.2526146691355472,0.23635282342310038,0.037707623449188044,0.36480921970756747,0.5884755777146844
2016-10-04,0.24370802673594516,0.2383697919125186,0.29053594815931616,0.24135544315997826,0.02425528435450381,0.2355199910412462,0.23687762739072837,0.42436132591135073,0.5231100329281523,0.5048026619835929,0.4905757674933686,0.22436505667465956,0.2529915778871151,0.2359636909062418,0.03763184931214525,0.3728400764387305,0.5570262016889205
2016-10-05,0.24672719125874176,0.23805363953683878,0.29293362630921627,0.24419260786470243,0.0245555431937085,0.23574282046719008,0.2368046144012791,0.45198634394578513,0.5285686869140298,0.5082665659399699,0.4972497973511978,0.2237553673112067,0.25326025674738306,0.2357837658772275,0.033969636929888664,0.38093367970916975,0.5733579327841262
2016-10-06,0.24100679281317794,0.2333917132298442,0.28783859397286937,0.24080388504085348,0.01564026846357284,0.2351567959275801,0.23681584737886852,0.41775735625531213,0.5305076414576888,0.511515222581948,0.4954860518975018,0.2229298862949285,0.25350854746375473,0.23548251327744307,0.03475923342963613,0.37470314444197317,0.5365556975711686
2016-10-07,0.24633015701528316,0.23908111013003353,0.2936082598953288,0.24466571126595194,0.017991402409845272,0.23551174226019223,0.23700398542223222,0.45740705478571125,0.535154287919852,0.5152585425633421,0.4995393438906747,0.22361324237268243,0.25365003127142016,0.23590512192100943,0.03170123699682911,0.38142500752118114,0.5794383239608277
2016-10-10,0.24903137075017145,0.2440590477865754,0.2985533920276061,0.24907901899423968,0.010335472230748917,0.2371790471910038,0.23721738742855825,0.5006364737826097,0.5422867664791428,0.5200098138834088,0.507798539114991,0.22457800515120008,0.25319096157543364,0.236172902461659,0.029659615545556878,0.3865469739080841,0.5825980686849873
2016-10-11,0.2482371354449242,0.23955527450561198,0.2813947620067119,0.23205587753402412,0.02868075112965686,0.2358749052774337,0.23657717049052496,0.33973536176270686,0.5350619391405352,0.5220314715779338,0.48543197144914196,0.22455697957691678,0.25323781274906876,0.23618545905985422,0.04552347544781582,0.37759130601879365,0.456591610612736
2016-10-12,0.23671623771152683,0.23007284249685023,0.2846914611799618,0.23465645223015574,0.017226680678745825,0.23470281607768317,0.2361559706827311,0.3662626256652592,0.5315225385033808,0.5227770999942507,0.4749761344297235,0.22451609620182567,0.2533721946178391,0.23623147958203783,0.04219550071126221,0.38415336150578244,0.5721115520587136
2016-10-13,0.23337914360014012,0.23615713644650826,0.28304290541770116,0.2369419055838844,0.035337382359525105,0.23551998301714006,0.23585270212592568,0.38980597835829117,0.5306724241801806,0.5231642331730628,0.47203860953150806,0.22442177062047197,0.25315937867215643,0.23607666368184077,0.04898278611175086,0.3945000977613491,0.5701888067278329
2016-10-14,0.2410065706803376,0.23299643550841087,0.2851409152521093,0.23142502192173464,0.023629298292411893,0.23504948153281702,0.2354258708156367,0.34127138224851467,0.5260339947017056,0.5223315687598947,0.4620435372896446,0.2246477875054932,0.2523477572025715,0.23578794734238628,0.048500744831357634,0.3866000563598379,0.5237397887545551
2016-10-17,0.23306141772946365,0.23102107636154667,0.2846914522294317,0.2387546386160404,0.03244873147342642,0.23478535203285988,0.23519280086191519,0.41714204354764045,0.5282029078962075,0.522199605842132,0.4677851145091806,0.22453477923406018,0.25316008402810997,0.23613522453192726,0.04615741663177525,0.3963431372933496,0.6004224209013103
2016-10-18,0.2321079309609142,0.2304679150958352,0.26715791912316345,0.21448056502720036,0.07026190881514377,0.23197070424545996,0.23397412242983617,0.24252133077419052,0.5117620696390379,0.5180449201321202,0.43482275650661273,0.2280049634846687,0.24745012788056175,0.23507244089420676,0.06672976809886652,0.37869805412897434,0.41243479443906333
2016-10-19,0.21772704581387592,0.21000210814679943,0.26191281990014426,0.20801793425816428,0.03542786214366045,0.22818207441340954,0.23256449975731852,0.20759975762197547,0.4944084242782822,0.5104472464054711,0.4066107693864405,0.23118545168998683,0.2405470380399345,0.2332648683494778,0.06687572987559584,0.3683324098760812,0.5171642018232577
2016-10-20,0.2118474794791554,0.20850064363384313,0.26288679568918427,0.21022462643027584,0.03255998809688173,0.22497946109686295,0.23127281379531728,0.23025068689731315,0.48309852828487965,0.5015836610223765,0.396237836580884,0.2319228313396059,0.23593866051021484,0.23134433523186893,0.06381851759866175,0.3780987406433425,0.5701072766569629
2016-10-21,0.20612725927300024,0.19696432672796238,0.2508984193293283,0.19895488202486722,0.0422714849274084,0.22019209485289393,0.22992778825078908,0.1708644337998662,0.4664533643259281,0.4903933551893783,0.37717259236634515,0.23452315225580123,0.22875415714852565,0.22909745665595116,0.06866181060893381,0.3663029514963649,0.48753784438178094
2016-10-24,0.20469694887103873,0.19656910943149886,0.2542701353910073,0.20029451165577383,0.026989784497260805,0.2150828175210595,0.22836934432135303,0.18527531446494122,0.4553609090328159,0.47870921628619134,0.3731261036337798,0.23637800201279258,0.22334472725439092,0.22735265489947865,0.061885173281370026,0.374905249924508,0.5648673524201071
2016-10-25,0.20239265949450702,0.19633190613084872,0.2516474050668436,0.20305276194701016,0.023324347908844634,0.21204527611486634,0.22734441359702273,0.21575536342669832,0.44981892203253815,0.46799700244856696,0.38109009807666594,0.23594794513828532,0.21937937613418612,0.2251517724403056,0.05878540321940606,0.38274156437206674,0.5736396186412104
2016-10-26,0.20239261274815823,0.20470779722604548,0.2554687868652171,0.20778142086550722,0.02891532834778552,0.2092306122792542,0.22641776255486845,0.26721968997284845,0.4501800010721111,0.4595161593679133,0.3993740429384518,0.2342968752637592,0.2170344152650353,0.22313081094257392,0.061394537810467775,0.3917462529951668,0.58575129173937
2016-10-27,0.21303947866345896,0.2152174616243856,0.26438560920307885,0.21676617161279987,0.03641844822478663,0.2071175762795998,0.22559501996762088,0.3565555636247018,0.45838298581615194,0.45475174878136365,0.4298266454889115,0.23396098591414105,0.21606501768189146,0.22247391008778494,0.06750919539209141,0.40231890480397586,0.6117353659453999
2016-10-28,0.2197133120740824,0.2101601314049525,0.2627370056981647,0.2138500158786526,0.04489405822608686,0.2052769185609563,0.22477507811792052,0.3348197837113865,0.4636295440857044,0.4522323636582833,0.4482224775841135,0.23297477351685292,0.2147356194831731,0.22130233920719777,0.06670155866639182,0.38997506385300723,0.5388275074377341
2016-10-31,0.21542291797226631,0.21268877109907125,0.2622125485552341,0.2190516249665284,0.0431461228407167,0.20321339129583815,0.22430613474316663,0.38496293586259184,0.47264374098608275,0.45243690801084946,0.4705424690891236,0.23109130424553848,0.2143153348280742,0.22012240539629302,0.06984276915170762,0.40195363030747483,0.5882895508039722
2016-11-01,0.21129143019627927,0.21039724683011296,0.2631866303517456,0.21392885367620496,0.036707983534019724,0.20315560970792945,0.22357323959805253,0.34423325207418715,0.4766933296005209,0.45359789236696246,0.4783795782892989,0.22897255744102818,0.21358459555165576,0.21866631591170227,0.06906793946821341,0.39132047290722083,0.5254879225602737
2016-11-02,0.21732965500375268,0.20897478630513744,0.26468513870842536,0.21014578863272348,0.030001755978032847,0.2033784632061918,0.22243598455735547,0.3152596637753033,0.47782104016357246,0.4548044169178638,0.4787527365409712,0.22607820642592913,0.212950075420976,0.21685875556969225,0.06405821590002175,0.3820887482569627,0.5334844121922195
2016-11-03,0.21224499932503071,0.20644650030377265,0.2640859731935735,0.21148587795924256,0.02756081246824829,0.20351055604054147,0.22119204489207767,0.3297816065259545,0.4805240034063587,0.4564353331523591,0.48223021966133284,0.22343770754701942,0.2125565571436523,0.21530224990769775,0.057011791009741325,0.39081037715712236,0.5647674611229399
2016-11-04,0.21351615438113558,0.21039730920526756,0.26625883050218324,0.2121162738759197,0.03381732198605136,0.2048889690800222,0.22015308591213834,0.336945923412104,0.4838932231661077,0.45856985105239473,0.48635675267081857,0.21954195206471716,0.21311463188012914,0.21357418621457924,0.0526635647107381,0.400839459057603,0.5604148591028791
2016-11-07,0.2202696817919486,0.21656081252258208,0.27225323288847214,0.22433222508382755,0.02870755995458585,0.20740647619503716,0.21983858710750748,0.462153523425546,0.4965142662256332,0.46338582631555775,0.5083287259179766,0.21444252254851914,0.215744637721056,0.2122603682347094,0.05561027227133686,0.40980072931647166,0.6312199381665934
2016-11-08,0.22495750764188582,0.22327746463958686,0.27697392299236123,0.22740597979714383,0.03056474130154164,0.2099570265789048,0.2192292519861131,0.4896622654192065,0.5093210280307815,0.4703927070243909,0.5262810963346269,0.21367460162415075,0.2160424897717954,0.21201350315499878,0.05325794488977076,0.4191501037278727,0.5750957224597897
2016-11-09,0.25292466471889474,0.2622334578557285,0.2891873168914805,0.25309852081444273,0.09453528912647464,0.2147031569417096,0.2194875886325608,0.6639960496868658,0.5392457840938134,0.48336820015266074,0.5751881549385959,0.2186634716262703,0.21285600887516687,0.2129926005435231,0.09447492543584593,0.44186771236762296,0.7109825898720304
2016-11-10,0.25904238465098184,0.25117075747051754,0.2960807341076641,0.24702992580129735,0.06561191813121042,0.21787272698940363,0.22012501302233778,0.6043716394507812,0.5582034699551021,0.49841756932127845,0.5921815815367728,0.22097573848173557,0.2115429564563175,0.2135281778951149,0.09912437987800435,0.42519436020659296,0.5210728476865917
2016-11-11,0.24887238062865347,0.23844869282690617,0.2894119230586636,0.23859696302093558,0.04034661129750691,0.22046451325443495,0.22022048104791125,0.5280537804950329,0.5665632702709941,0.512515949700124,0.5843891398091697,0.22218987555684921,0.21105290020615164,0.21390893934650956,0.09675703475308223,0.41380082119533274,0.5069294033176038
2016-11-14,0.24164224722694916,0.23449778684463296,0.27719843423240254,0.22385912168257782,0.05321551748404539,0.2209680098629746,0.21959991021916425,0.41528309253159507,0.5617529338459379,0.5226099451169014,0.5515770427504028,0.22002365787763756,0.21170392920355274,0.21311812991731716,0.10533415123745335,0.3997180047272794,0.4690403219274699
2016-11-15,0.2243217760237558,0.2163237628851694,0.2721033951940307,0.22165258274233712,0.03573482318909738,0.22177692802137738,0.218897913269271,0.39999776843734164,0.5561629198369489,0.529308410451533,0.5237539279208557,0.2204018100681674,0.21207652271265742,0.21349889543628509,0.09713537017274898,0.3892882133427154,0.5432459359051731
2016-11-16,0.22630772277825306,0.21703453440044007,0.27405123645595575,0.22196747423693397,0.03002521369984571,0.2230150315418784,0.2181060497688987,0.4025194443777134,0.5519340295611952,0.5336256747151884,0.5042422672295322,0.2207696552216375,0.21318059773726827,0.21423948254027003,0.08782600692543982,0.3985248400663544,0.5584638831765177
2016-11-17,0.22654631652449775,0.21624460641815513,0.27435119240264483,0.22362276152179172,0.024231156412067724,0.22428614623480791,0.21749390026113902,0.4164786087572568,0.5498341825864295,0.5365623274180616,0.492929478633542,0.22124315291894525,0.21411700482374774,0.21495079532057126,0.07778477791379593,0.40655065466489704,0.5665673616089786
2016-11-18,0.2258323870883212,0.21656889434819238,0.2704800741022715,0.22036918920803272,0.03755179129865969,0.2251504868939308,0.21662823486961058,0.3899610716450252,0.5457111779496016,0.5378962195147916,0.47979639151307163,0.22065670960113148,0.21699973737941536,0.21608769014038298,0.07402488000823662,0.395741162682168,0.5369234751254354
2016-11-21,0.22303225237057533,0.21465927240069316,0.2704045828975141,0.21751225759196868,0.02498850571631169,0.22443622109089112,0.21550353674189315,0.3666892200062765,0.540350251176817,0.5376430227137995,0.46679171902372774,0.21985556751004498,0.2196576755579155,0.21700178771058531,0.06822286474359593,0.3875570811430402,0.5392559942990677
2016-11-22,0.21623218565913693,0.20924900079112818,0.25131645356696164,0.19957776957987272,0.06390419598323376,0.2215217293514915,0.21434636807506868,0.24389166756597352,0.5226694831650247,0.5330859750400453,0.43152578582768586,0.22025390598876138,0.2188770410950085,0.21681729886453982,0.08142098025543984,0.3712405999241439,0.4475967675632154
2016-11-23,0.19751186734937842,0.1967574016923046,0.24595972090805462,0.2021965788686354,0.038723336948056554,0.21619068979982214,0.21318984909200256,0.2701679277832049,0.5110931311588267,0.5265892666471547,0.4156321251581303,0.22069432569519398,0.21782858353312562,0.21652079719014983,0.08503655726838061,0.3822949154574418,0.5727891329708488
2016-11-24,0.19751186734937842,0.1967574016923046,0.24595972090805462,0.2021965788686354,0.038723336948056554,0.21619068979982214,0.21318984909200256,0.2701679277832049,0.5110931311588267,0.5265892666471547,0.4156321251581303,0.22069432569519398,0.21782858353312562,0.21652079719014983,0.08503655726838061,0.3822949154574418,0.5565593718828475
2016-11-25,0.20831187934443196,0.20312239497940332,0.2596909644542875,0.21060816580301356,0.008836188696595146,0.2123761822256519,0.21225159928392423,0.35031421182950256,0.5088154770646257,0.5208309501765507,0.42168253930436844,0.22072378426328687,0.2171432305329194,0.21619386600131263,0.08126077790743316,0.38710356932568196,0.6085370421610792
2016-11-28,0.2098318597241946,0.20224711143990382,0.2572011795172682,0.20267244044356025,0.046585695079106135,0.2086137510999646,0.21122716810634934,0.2969688111351106,0.5014770499787753,0.5144169598386209,0.416309920343558,0.22119348492979618,0.21546972465696146,0.2156004436925021,0.07695122603542837,0.37440621885432657,0.5079776193368469
2016-11-29,0.20311196517554675,0.19659830920604693,0.250562026236682,0.19751457905481218,0.03810003176845754,0.20585464617487603,0.20975781820426787,0.2647351467903906,0.4923596119668272,0.5070402884835353,0.4084216720180934,0.22186651531365542,0.21248458978315377,0.2144570326205657,0.07455693530508631,0.3634821584137226,0.5247043228134576
2016-11-30,0.19703189060038873,0.18951701460645454,0.24399814240567608,0.18815050281123025,0.060746116406598716,0.20234592123534267,0.20881969942484668,0.21115896752511093,0.47876890120565413,0.49779177681807724,0.3930837346009233,0.2235697713443494,0.20798528082464518,0.21308844883632239,0.07213261998858075,0.3478256363311426,0.49839247722684415
2016-12-01,0.19039162136236865,0.18171960481306704,0.2417345833374871,0.18878518922029108,0.04040358005048102,0.1988706889146028,0.20813445230496286,0.21786306648511977,0.46939567027056195,0.48808449069720694,0.38932451761712683,0.22483436402593693,0.2044084872871187,0.21195440538526178,0.06305006458860635,0.35923108037775653,0.5605436558055661
2016-12-02,0.19327169005357347,0.1895964806549122,0.24505429300416104,0.19338789154094949,0.02716270141805279,0.19570414395490243,0.207534573084995,0.26708213612485704,0.4664366386789494,0.47958989967003623,0.39926139169244335,0.22537433453849898,0.20192642767291502,0.21099357546758168,0.06074451438066092,0.36786951408967933,0.5854323778573218
2016-12-05,0.19871197125550732,0.18872143549374942,0.24724243386799627,0.1932293731705551,0.022363251535140335,0.19286174880866502,0.20733057784434927,0.2660147479640554,0.46493329331874556,0.472423976942673,0.4101485550459067,0.22575468779721852,0.19952516737481196,0.20999086174957204,0.053982278678226636,0.3602340445915004,0.5555701287926657
2016-12-06,0.1974317807331748,0.19492732290925563,0.24814763862761235,0.1941814794000819,0.02959359161848897,0.19041828012048434,0.2071127754589528,0.2770464974163506,0.46542812205762535,0.4668131071608996,0.4228907236100058,0.2249970678236426,0.19710016289102072,0.20839014563542824,0.0543336474302141,0.3693804731649298,0.5625021063433018
2016-12-07,0.19463149908221644,0.18450415450052282,0.22905923751668067,0.1865630206292237,0.06465082175750612,0.18905522522004792,0.206525259338743,0.22306446248527062,0.46099642580532385,0.4612329554647164,0.42314242888195014,0.22405368587944652,0.19372963792883147,0.20622177528813557,0.06862454823670686,0.35290796595327956,0.5090583657262282
2016-12-08,0.18383149390259512,0.17901438086865695,0.23366171555110604,0.1856902885087972,0.03793448727452102,0.18732649575716565,0.20573817019506657,0.21712696145932153,0.4578607461629422,0.45599656638912,0.42595923410390474,0.21687348720404787,0.19396936306825485,0.20264304311317138,0.06712631837134636,0.3420185001448212,0.5510708763053896
2016-12-09,0.19079177880489318,0.18880096683099235,0.24324362586814685,0.1957687317342821,0.03724550047384598,0.18577233874624022,0.20499004842808244,0.3366956214638848,0.464064307716556,0.4533352930696624,0.44705983979700675,0.20945931727566358,0.1961678917289459,0.19992156417417617,0.06744318977511865,0.35276398505511886,0.6200041562802703
2016-12-12,0.2010319030944958,0.21243156629765036,0.253655336817044,0.22036918920803272,0.04979538164372947,0.18762574676945076,0.2052223212908063,0.5411403894816056,0.4885048476533001,0.45722558830203675,0.5007436652149431,0.20532179462210587,0.19849867072411387,0.19895384378764502,0.08481584531965469,0.36613207922422863,0.7096696664479712
2016-12-13,0.22375242471598078,0.2169668373756971,0.2719891470201542,0.22457517421506012,0.033086781506736385,0.1904598449899978,0.2054191208743621,0.5679997015968707,0.5115200732091915,0.46600610625180916,0.5408143537132301,0.20546523555998952,0.19842681407872054,0.1989918593259451,0.07904677035886365,0.37600849655370233,0.5820334666350968
2016-12-14,0.2284725185229135,0.227548900475938,0.2687448757302012,0.21743303671473935,0.048683485629799614,0.19352665031107785,0.20554397207630792,0.5044588614112719,0.5245677893353002,0.47624396430342203,0.5527558591684204,0.2047620360011182,0.19870365249988375,0.1987678418044021,0.09137126645108473,0.3628727606628499,0.5134999206772837
2016-12-15,0.22215241695079024,0.21656899048000744,0.2710837574401408,0.22457517421506012,0.03098563985292678,0.19727499110648217,0.20605807939133347,0.5524530819970579,0.5404681895049994,0.48835026486768135,0.5680659548895924,0.20527164652466,0.19845514278886878,0.1989062857228252,0.08583718449213279,0.3723100922766293,0.5999558415163905
2016-12-16,0.2307926047963469,0.22086548143031648,0.2753842566753377,0.2244958001059597,0.061500784828349794,0.20053297075500598,0.20652161237445132,0.5517101800273634,0.5529569860777195,0.5011110960687367,0.5734292061718553,0.20544573492060492,0.1983683582131357,0.1989526357184308,0.08039701760148979,0.3564958634904219,0.5560808308889725
2016-12-19,0.22807238424515097,0.22245667425551996,0.2790056310989306,0.22560665455368722,0.028121787129887416,0.2039238937931246,0.20700226370567687,0.5596139804871318,0.563531344592151,0.5139240563203853,0.57385635378225,0.20643130562581002,0.19790840896594397,0.19923069501633328,0.0731351449590206,0.36533472197400607,0.5632572143121639
2016-12-20,0.22735247939379488,0.21919458012722803,0.27123463370265843,0.22274995278542975,0.02412995309796078,0.2069159144455046,0.20694588862592544,0.5298537989009122,0.5694825410614635,0.5256401089808163,0.5648682473218404,0.2072829660587917,0.19758666438214023,0.19950876651695515,0.07201796828559737,0.3573300563206213,0.5393558104725971
2016-12-21,0.2291123565485491,0.21879662696940605,0.26995188462968334,0.21997231866253097,0.02541945757704521,0.2104149221925702,0.20668103330378318,0.5008828139238817,0.5718036223925009,0.5355845962989609,0.5503519671670417,0.2089639819872533,0.19802117634814553,0.20059152193865282,0.07218617081230014,0.3490559166905234,0.5397799070003407
2016-12-22,0.21951199481728478,0.2134656248666018,0.26346322247746234,0.22100379900115807,0.016671067782092507,0.21411336107224,0.20553752437446948,0.5100044595552293,0.5741369735506017,0.54411485320534,0.5387637043067329,0.21061198670160408,0.19832092651762379,0.20159000538062644,0.0742511750244498,0.3555018630680032,0.5628093761033806
2016-12-23,0.22271201317474065,0.2197511699221325,0.2741767398945364,0.2251302566672143,0.005881856189420434,0.2171884392466925,0.2047572569102576,0.5465149003254701,0.5787956991966186,0.5520864283079466,0.534185842351901,0.2124027038611087,0.19801765451336106,0.20236098945847347,0.06983946777886471,0.35969313580872164,0.5815344858119903
2016-12-26,0.22271201317474065,0.2197511699221325,0.2741767398945364,0.2251302566672143,0.005881856189420434,0.2171884392466925,0.2047572569102576,0.5465149003254701,0.5787956991966186,0.5520864283079466,0.534185842351901,0.2124027038611087,0.19801765451336106,0.20236098945847347,0.06983946777886471,0.35969313580872164,0.5565593718828475
2016-12-27,0.22663248866459884,0.2172055223689514,0.2747806652311173,0.22473392243326062,0.007491055905783065,0.21764556454617423,0.20426332800843783,0.5416479149040978,0.5818002523345004,0.5592036617489149,0.5271853312150929,0.21434341757116515,0.1983614799841269,0.20353224306835827,0.061724431617186604,0.35516558083406957,0.5541713416449472
2016-12-28,0.2265522379253897,0.21847835254457715,0.27229072735281235,0.21830576883516584,0.007797346730596776,0.2169889599694519,0.20406546654680613,0.46506100684834156,0.5789095374447829,0.5641855116816852,0.5096879098651503,0.21523873277765426,0.19964893204120115,0.2046360563160543,0.05911169968912172,0.35057401878698613,0.5178111686035483
2016-12-29,0.2213522598371651,0.21617105104696255,0.2719890027879166,0.22140074616259509,0.005889228616275907,0.21740450435120795,0.20405649381355295,0.49652898778163673,0.5786402968656547,0.5681046819816605,0.5009802687207691,0.21567403893764348,0.20273618517164593,0.20640132610042383,0.054174019832036596,0.3547668321793385,0.5753468507993708
2016-12-30,0.22591230691444553,0.21712574503647109,0.2717626310209127,0.21917873080339867,0.022732543098537172,0.21683932643920356,0.20395713314495556,0.4698220199674002,0.5764039599799178,0.5706892442326345,0.4900444348151724,0.2155093978398691,0.20613868186987272,0.20801493235375756,0.05109591315900264,0.34705419004021937,0.543116594720831
2017-01-02,0.22591230691444553,0.21712574503647109,0.2717626310209127,0.21917873080339867,0.022732543098537172,0.21683932643920356,0.20395713314495556,0.4698220199674002,0.5764039599799178,0.5706892442326345,0.4900444348151724,0.2155093978398691,0.20613868186987272,0.20801493235375756,0.05109591315900264,0.34705419004021937,0.5565593718828475
2017-01-03,0.22575240108145833,0.21720545760095522,0.2736489391981016,0.2241783036695587,0.025723737739989247,0.21680607454359258,0.20397692666148082,0.5219672379805722,0.5781174054010827,0.5731788882220256,0.4892666706288604,0.21599306041451627,0.20891441316876758,0.2096496086358094,0.046027717362328635,0.35539191656503033,0.5868793626595219
2017-01-04,0.22351252923320186,0.21903563162829265,0.2742526283827227,0.2226707319082003,0.024891993946567326,0.21649859079846556,0.20405892876276543,0.5024294250727745,0.5779811217254257,0.575137038925041,0.4849115925172795,0.21587553945692983,0.21216701466578314,0.21121266309051323,0.04262743973871996,0.34722800355638417,0.5474664024146568
2017-01-05,0.22751236086936877,0.22492314000559788,0.27523324766961654,0.23227262401534143,0.027494460626549047,0.21749591496771337,0.20458482865693695,0.5947408137893941,0.5848050790223419,0.5783841909724511,0.49547372318698407,0.21671558029301285,0.21535149758543493,0.21323493841436003,0.04559820317497276,0.3559357665918377,0.614568638649544
2017-01-06,0.2328725254427535,0.2251618959138174,0.2776476295684316,0.22782874652881924,0.020820403660476952,0.21831873087785325,0.2055913880716247,0.5365137452321491,0.5863742789989568,0.5813683814542198,0.49331900517253635,0.21450824732531448,0.22201816784014183,0.2154257536300821,0.045443336802292594,0.3486227134628862,0.5299899253962871
2017-01-09,0.2303124754536443,0.2220588834828,0.2786284239407326,0.22766999831061863,0.022402794551910597,0.21901689229998278,0.20649898536321443,0.5344289355487806,0.5870517087442608,0.5839225739456457,0.48979558374131743,0.2095560655166444,0.23159314898882166,0.2176544745596305,0.04007549466732607,0.34097898046957936,0.5556056639093949
2017-01-10,0.22775225297641077,0.22516172061456974,0.27847739093431156,0.22671758561735011,0.021432985310104374,0.21918313572982473,0.20707295093646128,0.5212127386165883,0.5864220740068253,0.5858108589783959,0.4843391103070198,0.2041484552068984,0.24046485750424396,0.21929756258287658,0.03921000718539805,0.33353791319576526,0.5508365999689618
2017-01-11,0.22815238637495283,0.21919448366074423,0.264519672390676,0.21536969295780795,0.045389351266649954,0.2182024054119579,0.20752534375395526,0.3832758439635538,0.5769080153457418,0.5849783266007115,0.4620446191938933,0.2046557933223031,0.23940960411709344,0.2190321371670585,0.04945732210069195,0.3210905684668387,0.4883027227359477
2017-01-12,0.21367194404803092,0.207100593067727,0.25961553317673547,0.21449665437363963,0.03024303540239376,0.21780347092979513,0.2081304013356451,0.3739595708911709,0.5684692660988689,0.5822339717962559,0.44637906665072746,0.20501666203861335,0.2379652941703786,0.2184970641945324,0.05023252529266528,0.3118084224903765,0.5512426646496144
2017-01-13,0.2190321729846787,0.20940798606739597,0.2676884725071039,0.21433798277137472,0.01890223223680771,0.21706377673457633,0.2090634400248368,0.3721668715548751,0.5615098137011267,0.578324486192558,0.43683193638402323,0.20534450386360026,0.237297813869776,0.21833274644354694,0.0431160463144479,0.30489621890474794,0.5555921521223117
2017-01-16,0.2190321729846787,0.20940798606739597,0.2676884725071039,0.21433798277137472,0.01890223223680771,0.21706377673457633,0.2090634400248368,0.3721668715548751,0.5615098137011267,0.578324486192558,0.43683193638402323,0.20534450386360026,0.237297813869776,0.21833274644354694,0.0431160463144479,0.30489621890474794,0.5565593718828475
2017-01-17,0.21103214677794102,0.20964686421340206,0.26187911647771167,0.2164807772533418,0.027750484904620898,0.21678121586294508,0.2100502113825271,0.4019568526204655,0.5575304686965512,0.5742168487126078,0.435208271662085,0.2052676281816841,0.23651623446588288,0.2179030114118894,0.044545028500938666,0.3136574845696736,0.5696235544056294
2017-01-18,0.21847212148006845,0.2100444740426175,0.26746209934973963,0.21513149401457177,0.019434387411648164,0.21583372941658296,0.2108249183180999,0.38467868614137385,0.5532884270566191,0.5698859917540493,0.4333792019630212,0.20521869347236021,0.23557075775605074,0.21740585635590903,0.03893989698983219,0.306634073947917,0.5483524034583547
2017-01-19,0.21695203717247846,0.20845317380118844,0.2637651035909907,0.21116363133484495,0.02296108833105681,0.21462857287566173,0.2114639014029447,0.3353401152442311,0.546907108270784,0.564849689484365,0.4275987537200148,0.20534222018384274,0.23390715663829975,0.216639070013513,0.03664864141976387,0.2988736716081434,0.5323892088720168
2017-01-20,0.2154323269024272,0.20948782958381207,0.2649726082814261,0.2107672204849559,0.036108136076233574,0.2123762785149249,0.2120548379170598,0.33046761229265414,0.5416253987086475,0.5595198471215872,0.4251934739788153,0.20560337068332035,0.23236321576326724,0.2160029015788737,0.034219597443595456,0.28836586722720237,0.5541340699718407
2017-01-23,0.21559215412694388,0.2074189253043789,0.2628598929862802,0.20886247171435435,0.039374791393831016,0.21038991105390759,0.21284934928821242,0.3064468299348098,0.5361238508421444,0.5539010300278301,0.42282560300481126,0.20611427625744871,0.23065439458226145,0.21541307500469375,0.03216494650322935,0.2771754141131533,0.5449007293136858
2017-01-24,0.20279182990166233,0.19572291243648277,0.24286624704214566,0.19180071582268465,0.06926998229277113,0.20663326530870663,0.21306705886164334,0.1454652041523104,0.5190415780900841,0.5451988859251914,0.3975606931528136,0.2096829169726926,0.22386597139577358,0.2138626707023661,0.048240102059987994,0.2597376186231728,0.45190721936187916
2017-01-25,0.19495177835127275,0.19174481866711657,0.23992392593616363,0.20005393761853918,0.0487290606321789,0.2038407399817792,0.21321973727465804,0.27123575855195786,0.5122397333397947,0.5365619851244708,0.398095299484436,0.20986066350346233,0.22101548218562594,0.2125313580905439,0.055933592040056185,0.2728828785423082,0.6081562542554977
2017-01-26,0.1955117666461621,0.19206300279416777,0.24626146050705167,0.19243563207955183,0.05394873884585327,0.20143882011489989,0.21222448727094256,0.21039552645792836,0.501557920422678,0.5270217048931982,0.3906929708279879,0.21075263515050213,0.21665987696839417,0.21081662790208455,0.05504048325574193,0.2586468372662901,0.5093709386962214
2017-01-27,0.19551185336233645,0.19763264262675684,0.24852498713063642,0.20465663993919758,0.04538197883979448,0.2004082600982533,0.21151480603625883,0.360935515330806,0.5029728395498168,0.519737952647603,0.409183055068947,0.21053259048323125,0.21543523981620194,0.21009198975227017,0.05883263956478993,0.27109264134358263,0.6329071093866506
2017-01-30,0.20671180289207203,0.19810972362831236,0.25569219738470517,0.20267244044356025,0.03253586015444564,0.19918650970595075,0.2109888979527964,0.3434842248036523,0.503098292903214,0.5139418480045591,0.4213729014464905,0.20997996831711052,0.21401357226355067,0.20909769591060168,0.05280979326651217,0.26133135270894176,0.5443319430671267
2017-01-31,0.20183181406463802,0.1965185705540563,0.25252352708521497,0.20362485313682877,0.04422450782348533,0.19784008877742598,0.21024245499048244,0.3546726680555569,0.5044345491591953,0.5096340628231472,0.43356825306530605,0.20948406503004124,0.21287100406556392,0.20827193382566178,0.04942734724309594,0.2735352744796939,0.5624414906122421
2017-02-01,0.1993517991585696,0.19588205489052424,0.2528253376256401,0.20346618153456353,0.03329253923806638,0.19661836245744158,0.20949318672274841,0.3530964474555837,0.5058633172202673,0.506539717388257,0.44351122885684346,0.20819320723117585,0.2120001166154062,0.20717231831341687,0.045080922275287705,0.26361585896370726,0.5555804515920151
2017-02-02,0.20207152944502205,0.19826871933258816,0.2550884470921738,0.20616398185274953,0.03827898067485855,0.19609474139084437,0.2088004600503507,0.387733785263844,0.5095101295044303,0.5049623925495008,0.4559417587664331,0.2069286308638223,0.21154938598018602,0.20629596782168935,0.041045030093580126,0.27457731522124595,0.5732063193157496
2017-02-03,0.20751199612093296,0.19858734072694573,0.25425891380544496,0.20671983046425813,0.034534458052901854,0.19567085193876133,0.20822931978252424,0.39501209680259425,0.5132320867387747,0.5046171911864091,0.4660378298122618,0.20339209508098055,0.21248093794054368,0.20493935897268667,0.03880430157277395,0.2847562605079444,0.5599790038561924
2017-02-06,0.20719192736495518,0.19803027606328516,0.2539570657980713,0.20481523492552733,0.02723441502473784,0.19524697853489048,0.20768928517195973,0.3720177959463505,0.5151083802460913,0.5048031311622655,0.4703900240519698,0.20049482126629614,0.21302291777375504,0.20371756169931843,0.03692458577728416,0.27610284045739986,0.5448493464726473
2017-02-07,0.20831199437560965,0.19826906988990833,0.2572013524366996,0.2054501511823945,0.022740585746015868,0.1966765051301239,0.20713512130452938,0.3814069018911373,0.5174392214352822,0.505525932029636,0.47478908454347724,0.19714955332591988,0.2141115895608915,0.2025379004158121,0.03065826661379642,0.2838171633073925,0.560471289593791
2017-02-08,0.20591193359519733,0.19882596970850652,0.25795576830880285,0.20481523492552733,0.02115953529582868,0.1971751632026948,0.206411313542743,0.37291437066119865,0.5191385880588273,0.5065226995295802,0.4770339785344451,0.19341727739562398,0.2156333780964802,0.20137509515528007,0.024538164925275247,0.27643324020327636,0.5526502122329564
2017-02-09,0.20671190125925964,0.20646411895004413,0.25984191906452203,0.21021144848938278,0.02506424064673609,0.19903685210338384,0.205893889564833,0.4545061422606333,0.5248883457920638,0.5087361868513827,0.4870038313998205,0.19265247157034815,0.21587394881830835,0.20110124172797483,0.0259880696119138,0.28463314843646265,0.58980713201525
2017-02-10,0.21407210672518828,0.21712580790040192,0.2661041355600108,0.21941685313069947,0.028977658865745423,0.20058271218861878,0.2059334765978833,0.5667293998098233,0.5366288487518832,0.5133984747158388,0.5070694049758476,0.19369124772658797,0.21532535363993277,0.20136245720562262,0.033965014948740824,0.2936508625688321,0.6129386752186398
2017-02-13,0.22175238392307595,0.2181603167906152,0.2735735350782277,0.2244958001059597,0.024100463390538895,0.20286830658960298,0.2060437508617181,0.6176362093432695,0.5498061595513675,0.5203736657934719,0.5260214301775158,0.19599515909727505,0.21402834663747328,0.201901740116319,0.0312253891637346,0.3016493656156808,0.5873527080583525
2017-02-14,0.2230322572013893,0.2203879314457311,0.27432782637663944,0.22830476133561495,0.02294969458046199,0.20545307176181138,0.20636890393403606,0.6526334916192826,0.5629978503711096,0.5292027210105265,0.5412120701016673,0.19879262561388023,0.21239925736891496,0.20252948053947128,0.030489784409399534,0.30940738694838366,0.5795253168703244
2017-02-15,0.22671259843668867,0.22882202723739975,0.2763651394853789,0.2349709606450755,0.025902686646390255,0.20875261627984887,0.20675343755592945,0.7073543519277032,0.5782129004983753,0.5400131885586861,0.5574478452175742,0.20335437304551662,0.20980214343084358,0.2035827663939761,0.03774330667509157,0.3177825092901293,0.5965870970470795
2017-02-16,0.2355127340342008,0.2353462861145087,0.28700322390391886,0.24195434992719567,0.033540520868659544,0.21250099719578375,0.20744049723890434,0.7560930618029771,0.5950798696565813,0.5528156271949771,0.5737701392280563,0.2095690311224654,0.206664169790445,0.20521745894632026,0.03855136711698659,0.32775374672471463,0.5981911396707992
2017-02-17,0.24503271192173903,0.2402790748457333,0.29492500478081685,0.24814392150237707,0.04407705928637588,0.21683940668026425,0.20800597870659843,0.7934445623768878,0.6124480811245476,0.5673350906617682,0.58783951215907,0.21650434225475912,0.2034830378782858,0.20720180415090228,0.03498179796331474,0.3399268554627865,0.5931837663509729
2017-02-20,0.24503271192173903,0.2402790748457333,0.29492500478081685,0.24814392150237707,0.04407705928637588,0.21683940668026425,0.20800597870659843,0.7934445623768878,0.6124480811245476,0.5673350906617682,0.58783951215907,0.21650434225475912,0.2034830378782858,0.20720180415090228,0.03498179796331474,0.3399268554627865,0.5565593718828475
2017-02-21,0.246712737440819,0.24815594355200143,0.29696205841110623,0.25449247114356544,0.04343163682621045,0.222042180896186,0.208955985606895,0.8271472683449279,0.6301313938402694,0.583305778388019,0.5997309041472256,0.22409252771856736,0.20050602056464117,0.2096243205337749,0.03890053916751843,0.3519650871532623,0.5938779521971513
2017-02-22,0.2537529731979823,0.24720126484523774,0.3039787787932805,0.25338154007990277,0.02003289442818787,0.22706210980677854,0.20987206700403715,0.8075301894938165,0.6422145495408128,0.5990582164629316,0.5979425574196786,0.22955693531193344,0.20141700399376183,0.212893673097878,0.03199073566043112,0.34481660363067157,0.550072662796872
2017-02-23,0.2556727540904593,0.2641483021271821,0.30571386757677266,0.2706810352191963,0.05271955422285908,0.23396033751765333,0.2114384490862875,0.8848706121815155,0.6637058654070768,0.6169531341158421,0.6154981242609319,0.23896838931259667,0.19921722943216147,0.21664329622197598,0.04466245230668717,0.35879577626152753,0.657689166629636
2017-02-24,0.27794536636315403,0.2772941075438501,0.3224635315461345,0.2852998153939036,0.0584439085658217,0.2418244589742461,0.2139300026787715,0.9297055340313334,0.6902945029626525,0.6378174241956867,0.6398292855251744,0.2501385868732001,0.19756772981860005,0.22157349583353014,0.050725028700349256,0.3739711948565765,0.6404873858896838
2017-02-27,0.28301847453220075,0.278415054561183,0.33157680266893885,0.28266338443999306,0.025678162737609964,0.248448366570438,0.21635872803013834,0.8905368167509977,0.7075146110315207,0.658749893320079,0.6403879474541022,0.2591151254729861,0.19660162541808002,0.22571490759972768,0.04563452627002457,0.36564299236004855,0.541649030503
2017-02-28,0.2820523062540542,0.2765731600450535,0.3303618413395114,0.28114577599109414,0.04537795751605513,0.2543814066569301,0.21873903556291352,0.867508766964884,0.718045213989631,0.6780893876170536,0.6273350454118334,0.26616032949096236,0.19767806515224073,0.2298810908861748,0.040199741810671846,0.3531980286381928,0.5479533908265333
2017-03-01,0.28591781342990696,0.29098955833542905,0.3340072990501749,0.29432632182600293,0.04878535916452978,0.2612959473754731,0.22151260923163085,0.9106333927674473,0.7343386567048472,0.6975737972670809,0.6285224878467429,0.2749944974374686,0.1982090605484177,0.23469647104393754,0.05062574847970197,0.36635505353344244,0.6314191707069009
2017-03-02,0.2960647903749841,0.29026882476192084,0.3385641385917987,0.29248907169451066,0.03240717779478648,0.2673199086079995,0.22426879703539804,0.8835065774170399,0.7435956402596942,0.7154411719060473,0.6152724356582155,0.2818473964767484,0.20060597002787162,0.23942273474239995,0.05120554277311112,0.3566206562727771,0.5462635934939137
2017-03-03,0.2950982896985449,0.28682480260488374,0.340158968810637,0.2937671021133358,0.023258666287768605,0.27274633873279186,0.2272118917591044,0.8878959712088372,0.749591954003617,0.7312118677391005,0.5980921622498497,0.2878456009781646,0.20373382302983378,0.24407362224353335,0.045271679314684454,0.3644432449148692,0.5637346589910764
2017-03-06,0.2901054999251087,0.2908294445464439,0.3353743795293841,0.2931281252118909,0.0305339111528733,0.27745760435466316,0.23014634405096435,0.877439584176847,0.7515144412306686,0.7443019022458499,0.5761267117615578,0.29254132502509533,0.20807860855191262,0.24866107594199272,0.051189142030689694,0.35510031322848307,0.5529765799169939
2017-03-07,0.2866426813898709,0.29106972419022725,0.33377952224091134,0.2940867437959288,0.030354962246472293,0.2816043741135469,0.23318281580125677,0.8812563165757745,0.7514323735168239,0.7547537178865802,0.5545090365594765,0.2960097014501758,0.21399440427232497,0.25340053891520187,0.05911097209340582,0.36440584909793444,0.5619378944987917
2017-03-08,0.29606459723450784,0.292831541016237,0.34220942130459864,0.2962433291462726,0.03883928511587444,0.2860933559486879,0.23690402147585876,0.8900654352438551,0.7506873704660922,0.7629316880693373,0.5358770522296981,0.2985871836142958,0.22099134400859977,0.258220787957979,0.05746659660585915,0.3754843948796583,0.5686476021142564
2017-03-09,0.30274880091908873,0.30508557229039956,0.3472979430116059,0.3110215470825991,0.04327078387663651,0.290318280500827,0.24085770747522506,0.9404377098829393,0.7589838146944304,0.7715173456689564,0.5392176598931543,0.3022946377641814,0.22846159570322877,0.26385932695389,0.06534470358881547,0.38748901235266464,0.6392149803212898
2017-03-10,0.31450612572280623,0.3073279201040391,0.35770247432182656,0.31309829862823013,0.03539100000938308,0.29322965888706587,0.2451568205018445,0.9463713541801495,0.7646566964247258,0.7797830117411472,0.5365956359979949,0.305295489102244,0.23630792900533792,0.2693216342771718,0.06092909053677889,0.3978469533473878,0.5680041760597152
2017-03-13,0.31281509833395404,0.31101221400403967,0.35960124884193034,0.31685286254373335,0.033830056177892635,0.2968103761063817,0.2491542809917634,0.956985390112338,0.769479240455333,0.7875832600230995,0.5327819832521069,0.3085789187057898,0.24328293136424006,0.27449455411143564,0.05895255141648037,0.40787869637341806,0.5772078384621816
2017-03-14,0.3211099013994797,0.3174196408805794,0.36704410213914607,0.3198086287164955,0.03729643724121106,0.3008595968076063,0.253327748455202,0.9651303409788723,0.7729760586399803,0.7946846690113182,0.527055664990581,0.31145064391754473,0.2504569480487905,0.2795547533596334,0.05620723671350636,0.4186348257859144,0.5727544868773274
2017-03-15,0.3226399509387904,0.3274309570957432,0.36575296785071076,0.33506600271297027,0.0418599694647484,0.30512632695244124,0.2580108900974317,1.0,0.7847045016142754,0.8032543240274569,0.5390865340580206,0.31643436290361826,0.25666926047983896,0.2852227537875909,0.06710786156568915,0.43034461855986605,0.6399134931279321
2017-03-16,0.3338338486436304,0.32502829894004126,0.37463880136926464,0.33107201399926367,0.036833985011185975,0.3091671785110205,0.2625573824990418,0.9335900095138869,0.7881786777488042,0.8109656820283995,0.5320536125895204,0.31951528133920337,0.2637112477298911,0.2903248002279599,0.06499338669522567,0.41968513002259433,0.5350625738421835
2017-03-17,0.3339140998237152,0.32695029194226355,0.37600562202490573,0.32787643994862126,0.07497020869329765,0.31273950251537264,0.26689389874775815,0.8816763510218271,0.7857505031131723,0.8165367478721433,0.5145159695653454,0.32127185381300405,0.27103719249838065,0.29488644110745366,0.061007465194228144,0.4010561307010413,0.5392929282570722
2017-03-20,0.3306124054444656,0.32278563079639544,0.37615764649451955,0.3279565036011406,0.02488261085784218,0.3163871327553208,0.2712134631639519,0.8819800127565172,0.7812047314199426,0.8198740497207129,0.49621241441010433,0.3224175111043083,0.278343735520168,0.29912372557188993,0.051845272393964414,0.409218082880335,0.556993326144838
2017-03-21,0.3333504750788253,0.3230258174600167,0.3698539898965506,0.3214060709701073,0.03661884419113083,0.31924832838211226,0.27536750016943634,0.7748864191190346,0.7700335604783173,0.8197926105581623,0.46819910826240346,0.3220346920588203,0.28585557884075563,0.302676197494846,0.052034507384146444,0.39860355335892866,0.5210580475329464
2017-03-22,0.3226399690912799,0.3166187024389002,0.3627910705662708,0.3134979273474071,0.0546752580014289,0.321055429289114,0.2792171548745298,0.6620985899080083,0.7527713085699222,0.8154760428143171,0.4334962883831596,0.3188833893900592,0.2955012433001897,0.3058678024664958,0.05352493649521531,0.38421568786734034,0.5134234788354151
2017-03-23,0.3149893781411236,0.3114126639335677,0.35861393578752687,0.3106220715952933,0.04284854488400491,0.32101359159999354,0.2829869667214181,0.6242610973958815,0.7347421179034053,0.8075824874618944,0.40418630302899833,0.31732807061913604,0.3013542170936244,0.30798828934311984,0.05389756635383211,0.3722993077151912,0.540749684263378
2017-03-24,0.3130567338553486,0.3062869269752633,0.35458879232119433,0.30726713639896686,0.029324833148575848,0.32040288491006985,0.2864449822297298,0.580844226449202,0.7159549314649065,0.7966406597934493,0.3792086327894134,0.316886312665834,0.3041464683748064,0.30915454390565045,0.05313124739348768,0.3632090428967836,0.538063260574749
2017-03-27,0.30741943872918587,0.3045247635877104,0.35474057539293347,0.30982319723661644,0.019365354687456017,0.31966665712867937,0.2896660870068063,0.6022940390999822,0.7012615547269302,0.7842684540921211,0.36748805564953535,0.3159903294023335,0.30795969333034445,0.3105964701006674,0.04999254413612758,0.3702180274168762,0.570698370746564
2017-03-28,0.3111240630352273,0.3016416895580003,0.3519307235009438,0.30870506427502364,0.021264089713051743,0.3185037635545006,0.2926663948477174,0.5868229852571809,0.6871623076000987,0.770898270580426,0.35931058393129656,0.31432248465833157,0.3126118793523883,0.31205960462188753,0.047381223231895225,0.36281225507140497,0.550390086527519
2017-03-29,0.3065335542544111,0.29803737436166844,0.3487407483942063,0.30279353192949954,0.012445326752660439,0.3151238174935046,0.2953203693798302,0.5081797640081294,0.6700614634362113,0.7559904595018843,0.3467111996459376,0.3139231434248936,0.31392451239195507,0.31250913246430523,0.047788555042344444,0.35724938219869473,0.5239062301655666
2017-03-30,0.30403718190481965,0.29883840124872596,0.34813328295003854,0.30071678038386884,0.017404289143900388,0.311944666663147,0.29766283965808127,0.4820417926877592,0.6537060751892706,0.7400361402333943,0.3381360679773674,0.313347622958564,0.3153934694573831,0.31294594507317663,0.04664955337981194,0.3506502110132501,0.5450201998008514
2017-03-31,0.29896359404683515,0.29403279505720736,0.3462344675397574,0.29983791898860834,0.023743906018983324,0.3090081487525477,0.2997251843161012,0.4706992480860956,0.639027711478347,0.7236576387203542,0.33466030100925015,0.3128890188119725,0.3165123787669625,0.3132682473638131,0.04205245454959966,0.342726219481792,0.5516659205468856
2017-04-03,0.30395679193585157,0.29787738400334507,0.3481333738789435,0.3009565116458137,0.01904431900893136,0.306180397599913,0.30160685410468935,0.48424054557344526,0.627342251297736,0.7076768956586303,0.33791955031573784,0.31225325506153745,0.31800102883003845,0.31368385978162716,0.040109615495695555,0.3496681156261852,0.5627931352360016
2017-04-04,0.30218516592770006,0.29355252772489304,0.3476777741001239,0.3008766778411007,0.021739276134918092,0.30403032232657623,0.3032594858005283,0.48306804731553415,0.6172278286128907,0.6924012807533627,0.34369739978018227,0.31166827499128436,0.3193268278510991,0.31404434031348827,0.033451388274932686,0.34216304127993974,0.5561149686874715
2017-04-05,0.30387593968980264,0.3001997258636544,0.3491204312555377,0.30183491334546164,0.023668171088558926,0.30280883672977466,0.30498584022437625,0.4959960263617417,0.6092451753191304,0.6782147890616269,0.3526217207258149,0.3112238943349225,0.32038008975343846,0.31434119993431175,0.03374091026767001,0.35007120611733933,0.56189391726727
2017-04-06,0.3049230036611711,0.29907864061134326,0.34980409572593685,0.3038321375501212,0.014807184228904471,0.3020977163763193,0.30616698713546453,0.5232502892341486,0.6038100134262783,0.6655270023077028,0.36490217136873554,0.311226167811706,0.31961309032691865,0.31395951107624764,0.031683861085417986,0.35612764774989225,0.567667332601702
2017-04-07,0.3070972685330492,0.2991586432511899,0.3523102489913519,0.30279353192949954,0.010054649789617747,0.3016291888220929,0.30679027407908455,0.5048709703101866,0.5981351004825256,0.653979132656697,0.37424269955825956,0.3111278150980131,0.3186185815922745,0.31341242656032353,0.026537660916534367,0.3510643661843213,0.5507945088536428
2017-04-10,0.3050840278439041,0.29499391106545403,0.347753494450057,0.2981604130824774,0.016616779911611305,0.30040772729760923,0.30734242065114714,0.4271932073526546,0.5896166068767899,0.6426428682740688,0.3759766019352594,0.3108813564131091,0.3168848016531879,0.31242003634287085,0.022568009362956054,0.3446297646052374,0.5308161115662218
2017-04-11,0.3001717104856837,0.2937125633794,0.34562701212803304,0.2972019477303105,0.013716735274917796,0.2992029880102044,0.3079144890386286,0.41194817315848925,0.5817483784829098,0.6316360380222533,0.37867599891559217,0.3101537595240499,0.3152311907310955,0.3112198378827249,0.020095541894656177,0.3388011993552793,0.551208954896478
2017-04-12,0.3024265085140304,0.2990785857942282,0.34874079598945007,0.30662792964971575,0.023066983189526324,0.29960457044737476,0.3083527853564211,0.548735773241801,0.5823384796293122,0.622975906290338,0.3979049442672562,0.3056240471514601,0.3168807148619125,0.3097100482979156,0.021844649329454374,0.34658373105488693,0.6092286180370261
2017-04-13,0.3071780381226269,0.30060056589769557,0.3532978006428986,0.30335298148997303,0.0219939599717435,0.2998806638895021,0.30873985765854706,0.494878575392981,0.5799363871173071,0.6154562039574777,0.4072496702326475,0.30143470772626835,0.3182554886440948,0.30823843288675823,0.01790692112359829,0.3390254341976482,0.5384322463243219
2017-04-14,0.3071780381226269,0.30060056589769557,0.3532978006428986,0.30335298148997303,0.0219939599717435,0.2998806638895021,0.30873985765854706,0.494878575392981,0.5799363871173071,0.6154562039574777,0.4072496702326475,0.30143470772626835,0.3182554886440948,0.30823843288675823,0.01790692112359829,0.3390254341976482,0.5565593718828475
2017-04-17,0.3062917328369651,0.3018815303156517,0.3530695369133504,0.30918391387142996,0.021799595991008315,0.300859484470121,0.30928914616802483,0.5671581565080175,0.582108904045174,0.6099754982458219,0.423957293418533,0.2977237655110553,0.32009665472989723,0.3072460386017324,0.016171828781617825,0.34654311387544473,0.5889399575374447
2017-04-18,0.29147451815993075,0.28233982369742594,0.3228431773657655,0.2780304954407772,0.07620944662564022,0.29845840713438043,0.30875122985408476,0.23811041561041818,0.5598501244857736,0.6001089524568813,0.3880195372678926,0.29654414910610505,0.31600383919392494,0.30459544525935156,0.05389884041366996,0.3276551450201377,0.3845613370779255
2017-04-19,0.2827769870143312,0.27360970285377373,0.32405819243077727,0.274435675750635,0.032694702442149906,0.2956891998597323,0.3080510782244469,0.2143396564399873,0.539560678449353,0.5872187499394707,0.36324356817731884,0.2967412189783235,0.3108047935200352,0.3021017666848931,0.05252561091836119,0.3178606623457457,0.5360769893090788
2017-04-20,0.28084439636499925,0.27256867697519205,0.3258810225753228,0.2784298943121477,0.028251139710169793,0.29323795581275636,0.30741639997694337,0.2631218868860005,0.5267889405001984,0.5737611132425174,0.358593988891117,0.29664649980749724,0.30717275619427176,0.30023998966088006,0.04750879590435944,0.32672655226254493,0.5794018119897774
2017-04-21,0.2802001290821121,0.27168766638072617,0.32732402291667617,0.2775511861487583,0.02618417930814465,0.29048551089571684,0.30622387814055363,0.25650800069767615,0.5163647450968174,0.5604276913654862,0.35961181029590866,0.29649297842649813,0.30381380932667834,0.29848424206516455,0.03981646337872846,0.31829260504022777,0.551554766815343
2017-04-24,0.2861594548856953,0.28105834947507646,0.33195682008154204,0.2865778458127284,0.023887333232353425,0.28878721686721043,0.30527897589835973,0.3626511030495359,0.5153952040619767,0.5495221714216137,0.3795061397958446,0.29555764095776726,0.30257849353240374,0.2973858386897068,0.042280745974290046,0.3262465692489295,0.6080163638000134
2017-04-25,0.29276308187317435,0.2853833596346429,0.3384883196231737,0.2908915528249636,0.01993973376155963,0.288025937826626,0.30435399547158426,0.40795654338749404,0.5182773302817177,0.5415075770345411,0.4031945041409135,0.2939154156303213,0.3022595461347527,0.2963807495090003,0.03860256051064856,0.3333755845372358,0.5809237905370022
2017-04-26,0.2963866888501703,0.28946769446539833,0.34205751625089076,0.291530299878602,0.019482643296520344,0.2874319373255688,0.3033464615312583,0.41469994465817256,0.5213630028904869,0.5358558533113685,0.4225559647136659,0.29229575531485896,0.30210417299469616,0.29546893384731376,0.03488321182264778,0.34040907942423326,0.5601513203067998
2017-04-27,0.2946956287275776,0.2898681955820164,0.3414500072964829,0.29336762662602944,0.014143665811911963,0.2860431651651344,0.3018607821827758,0.4348266476422817,0.5254800983550699,0.532348449063834,0.4401266077527663,0.29152573433635054,0.3018962239642172,0.29496850846255107,0.03223890074414973,0.34632686240972477,0.5668847584960747
2017-04-28,0.29686997855894903,0.2865845369392567,0.3393994537746856,0.2912108880438151,0.015193231307881928,0.2847715048329914,0.30044056256760865,0.4108821992526746,0.5273355667793657,0.5299994978474318,0.44961902010962085,0.290903090142585,0.30152769151646386,0.2944638365314607,0.028367765230717906,0.34018974665524526,0.5444614877450306
2017-05-01,0.29324615818900945,0.285623471844367,0.33841221440869673,0.29017243565506434,0.016363436516032344,0.2827804031493847,0.29909719944916857,0.39909085890993573,0.5282443057703822,0.5283441447461205,0.4553023919351865,0.29031601147430786,0.3011054856505505,0.29395069184557876,0.02487421191315109,0.33380808746867574,0.5507215997761405
2017-05-02,0.2942123698941741,0.2853029802087962,0.33757668343483294,0.2930480615593717,0.018542993982759243,0.28435321620695475,0.2978534399482945,0.43539507978474884,0.531363216493496,0.5277880000672425,0.46430935150234814,0.2896390325850676,0.3009629217079465,0.29353082881386294,0.022338087773031173,0.3406452193019559,0.5727420514386329
2017-05-03,0.29477597688531754,0.28498250205081366,0.33871579371716465,0.29009237200254523,0.010868297626212596,0.28599296635747484,0.29673775823004933,0.39900930050920375,0.5317649222108024,0.527442018014202,0.46603143280632564,0.2888278970505208,0.30065292105059804,0.29295828535783386,0.018061799117029126,0.33541190581968544,0.5399745367207194
2017-05-04,0.29558154921759394,0.2869849894873516,0.3401589987630498,0.29504520914809595,0.010983575573407253,0.28773311412331426,0.29608030283430586,0.4620057801506409,0.5360185464081573,0.5282128319449166,0.4751825055830275,0.2880732912865097,0.30070944716423165,0.29259781702869225,0.014697567562357627,0.3406693094911423,0.5844338912846161
2017-05-05,0.2964672370200475,0.28578351633168597,0.33734880445516424,0.291530299878602,0.013571297399678025,0.28919716844702614,0.29540007847961414,0.41723884381929316,0.5368329897145225,0.5290300674430923,0.475562885839067,0.2867225255239273,0.3007948815918938,0.2919447071520438,0.015315587031440037,0.33487113709614613,0.536876449334843
2017-05-08,0.29429298026479067,0.2857836297071533,0.3385640272044814,0.28945347171703606,0.010011085449108137,0.2894983372206651,0.2947653920428196,0.39147692728992095,0.5360320105745778,0.5294865874967642,0.47260716847228706,0.2853659208233442,0.3007759175454249,0.29123647759216076,0.012754408846696513,0.3298169593811398,0.5448880381217546
2017-05-09,0.29187721110221765,0.2831407349358236,0.3375008948277801,0.28913405988224883,0.011042554988251031,0.2893142722512113,0.2940282548449292,0.38739383054696347,0.5353045694073313,0.529672646420751,0.47039099871790163,0.28463453984082043,0.30057059210731796,0.2907572646011749,0.008454722139622561,0.32454723049661083,0.5547605586259255
2017-05-10,0.2893000800776361,0.2798568329651804,0.33370342924273244,0.2859386390634775,0.014225432727945382,0.28872864891690553,0.29321710556407854,0.3463782187270575,0.5324664015542543,0.529122498234201,0.46435848701008337,0.2839227391864866,0.3001071431850709,0.2901592906780526,0.006889376339542952,0.31861236028390566,0.5385580641549855
2017-05-11,0.2859982568190138,0.28105818629689283,0.33339961331185464,0.2890539962297298,0.01327707054608236,0.28827687569618166,0.29272757704132923,0.39503583032966133,0.5327830207572478,0.5287603579281054,0.4658990314082164,0.2813056172850511,0.30093858235869086,0.28922628296045505,0.00584018202927547,0.3243490466727807,0.5741668085133301
2017-05-12,0.29091067011044924,0.2881862989946725,0.338488099750511,0.2925688288832883,0.013285113193561056,0.2884190949524089,0.29243727213229354,0.4467193063924592,0.5358700635512842,0.52923093492442,0.4727223516454121,0.27948270381439044,0.3016726381057707,0.2886537476395721,0.007090674381086792,0.3300874137725292,0.5763616875016396
2017-05-15,0.30137978151642464,0.31429604199472694,0.34851310999550644,0.3193292428085409,0.05187306557572621,0.2914727327154055,0.29313173220463506,0.6986975439840688,0.5586852935883576,0.5352264225893961,0.5179936996347694,0.28320620967005616,0.29890944231443217,0.2891923675358512,0.03484855119890076,0.34388969158395233,0.7067890881441854
2017-05-16,0.32497517421693634,0.3223850636409422,0.3692463924100231,0.3255598805251102,0.03430792348225188,0.2948777460838069,0.29400833029974704,0.7356982883508738,0.5811596562424668,0.5455578886074504,0.5535228867418048,0.29100668983460654,0.29591537639178,0.2917157231237315,0.03695957151531701,0.35402129684771466,0.5906146924131248
2017-05-17,0.3284382093377959,0.3185409303979456,0.3646138309351947,0.31677310535495595,0.029261162189369493,0.2976720607863911,0.29457470712993195,0.6224080101228591,0.5917453050922585,0.5564301373416289,0.5579540828274104,0.294220848167435,0.29710166695062534,0.293963435552137,0.03952678262756609,0.3449443376570554,0.5088259386570121
2017-05-18,0.31788843374283016,0.31838053767188645,0.36089223961503425,0.31916934535130903,0.029867711853387893,0.30019861909306844,0.2951923188948379,0.6390259771367639,0.6013593716077605,0.5674957270670702,0.5595383269574925,0.29764635138573825,0.2978999152500671,0.2961263106081562,0.04666363074421531,0.35414805045942227,0.5696897884692003
2017-05-19,0.3224788703794451,0.3145363169500899,0.36453786659004017,0.31940915322918906,0.03245409323841222,0.3031184147665892,0.2957473153401945,0.6407539962420736,0.6084706258909776,0.5780995869828092,0.5557548936776293,0.3003183222144862,0.2995946870114411,0.2983485681640303,0.04358238188272037,0.3638922518668496,0.5578703166050323
2017-05-22,0.3192575824949667,0.3166186635910757,0.36598077901652804,0.32148605800669083,0.018386162356924647,0.30647323735143706,0.29641331489629097,0.6563192554969104,0.614930305984821,0.5881735907544595,0.5514132303780941,0.3035131225597877,0.30001079380129536,0.30020186023053297,0.04142918970169873,0.3706966098380971,0.5679103908087793
2017-05-23,0.3247337933659734,0.3206232545169192,0.3711452488773317,0.32356303940012776,0.012450018297023012,0.31007903792637104,0.29731838988622983,0.6720405337472655,0.6208059368769497,0.597679867638435,0.5467612526292708,0.3067966956683722,0.3000974028057858,0.301936403567618,0.03811513953038165,0.3762604631254835,0.5678876180715995
2017-05-24,0.3285991569065748,0.31942178811855504,0.3709932394581672,0.323483052363544,0.012401092191527607,0.3140111227269854,0.29825476434665277,0.6707755844684835,0.6245245757231196,0.606200730387622,0.5386867281916766,0.30963710555020507,0.3005648626670224,0.30363278900134394,0.03321745381768951,0.3707068341625774,0.556123997100728
2017-05-25,0.3269117963984288,0.3231565285092406,0.3700648351779082,0.33039848331094224,0.021308994494807797,0.31834119516524495,0.2991016899104405,0.7231019872878013,0.6318051841870018,0.6148105179470434,0.5394153817881661,0.313513880072407,0.3005030103170604,0.3055987731809009,0.03462153723018413,0.37812199047709216,0.5942034802905897
2017-05-26,0.33088410002468127,0.32355967552272813,0.37388741788950464,0.3254934545090967,0.012669180440817508,0.3217894424172253,0.29989053702193436,0.6453388571883993,0.6328475353037829,0.6219550623949002,0.5274091187423382,0.31586724361256613,0.3017208418581788,0.3074188494453749,0.0313443594786762,0.37251233781840365,0.5300389323095286
2017-05-29,0.33088410002468127,0.32355967552272813,0.37388741788950464,0.3254934545090967,0.012669180440817508,0.3217894424172253,0.29989053702193436,0.6453388571883993,0.6328475353037829,0.6219550623949002,0.5274091187423382,0.31586724361256613,0.3017208418581788,0.3074188494453749,0.0313443594786762,0.37251233781840365,0.5565593718828475
2017-05-30,0.32658764055993783,0.3213023043931069,0.36899464088287603,0.3270213294933427,0.010391770763099795,0.32259504661981564,0.3005260696854729,0.6580354530853179,0.6338590584233393,0.6279198199110997,0.5177418955165745,0.3180317899766939,0.30340646156075557,0.3093751731387917,0.03196601158510559,0.37764606918142096,0.5648599672577094
2017-05-31,0.3318566947628837,0.3326698679500544,0.3778626690885547,0.3361880430872698,0.04489539866733331,0.3237081506157452,0.3025981759784532,0.7266901153039318,0.6406161555212998,0.6343557908119539,0.5216030376043459,0.3216283950158222,0.3042834685506598,0.3116654933955405,0.03753119874470218,0.38999019025086845,0.6062855872098271
2017-06-01,0.3397199613196119,0.33250847864950894,0.38374920962713444,0.3404497278793511,0.02463731010974192,0.32618784011878754,0.30495020315938703,0.7542589686925043,0.6480855245654465,0.641344153603074,0.52612935974609,0.32526700229001093,0.3058847617434285,0.31433898717453945,0.03221389139062633,0.39810088074852135,0.5794720309632126
2017-06-02,0.3456379490117939,0.3434733677559101,0.3891774905684784,0.3509035125724834,0.029809402659167344,0.3295114088104395,0.3075323794468928,0.812172429410527,0.6607141485330146,0.6500450718354454,0.5401621103155659,0.33084174319006754,0.3060732560590004,0.31730452863537106,0.034402591751859835,0.4072924083970556,0.6125321319662943
2017-06-05,0.35309584133499994,0.3465369732744421,0.39659310669552794,0.35315494845088324,0.016888219264017325,0.33304565843142486,0.3102260802300042,0.8232284011101569,0.6710332756616681,0.6595472423060523,0.546727604507204,0.335652561120123,0.3076633309918003,0.3205762078512939,0.029919522589764463,0.4137837339681191,0.5684937700096138
2017-06-06,0.3547979477838571,0.3530671549407618,0.3983512517563773,0.3569341060816581,0.0234858710790418,0.33675818764137777,0.312732816768139,0.841451165751272,0.6805815871231458,0.6695005750030449,0.550424446569504,0.34003330873189486,0.3103200224875794,0.32415878388284836,0.03166099042261575,0.4216538026923867,0.5765488822889034
2017-06-07,0.3614453760752693,0.3542764761862198,0.40255607603232535,0.3562908386878295,0.024465063409573162,0.3401858209648291,0.31506294032521465,0.8299428747130695,0.6860701743258463,0.6788149923600764,0.5451891476794793,0.34305542875541006,0.3143442188725226,0.3277241662828607,0.029206043491078137,0.413579107419274,0.5531690902800942
2017-06-08,0.3594187091717872,0.35363144274850855,0.3978161578320315,0.3546825935873229,0.04012476827121952,0.3434533974442292,0.31731300537275364,0.8001044660361676,0.6875851998586987,0.6866396527909449,0.5329820174164646,0.34399685647342715,0.32068426312087006,0.331373812527451,0.03242348850050228,0.4022319280162737,0.5480780781250125
2017-06-09,0.356338477806906,0.35605040993557124,0.4004921091650814,0.3625631554732701,0.025988474886163022,0.3468220535879655,0.3197783859909663,0.8429929482210818,0.6931511250568748,0.6942701794457969,0.5313912771751096,0.3456395006271026,0.3268075506433211,0.33527644554928404,0.034902252582965004,0.41062497794066977,0.598182228307733
2017-06-12,0.3657420087345359,0.35709849592025944,0.4089780561628614,0.3648951146998015,0.039581889566407465,0.3509486507441547,0.32240369527455737,0.8544993308504898,0.6976280885599473,0.7014772052399396,0.5279210934945445,0.3467955009871936,0.33330719096131556,0.339116279309849,0.027227771033891762,0.42185870935971076,0.5687843363541604
2017-06-13,0.3675252591657753,0.36435424742042866,0.4088249443829909,0.366503129952502,0.024254614133880588,0.35508364111530766,0.3251232960555711,0.8624906787493336,0.7006529594431948,0.7079878031696949,0.522214534585457,0.3507836090938691,0.33420925056591255,0.3416207613584916,0.02946688985636295,0.42988942603163427,0.5649706175629481
2017-06-14,0.37368635349949575,0.3710460961877313,0.41731111563700296,0.37253418315728914,0.034948654398054745,0.3588902288967736,0.32795532215420853,0.8907306868059761,0.7058531395222423,0.7144770026534828,0.5220391948285048,0.3557024718850642,0.33412964940056156,0.34411464737917874,0.03368400010795597,0.4401549279283165,0.5880589676305711
2017-06-15,0.3695519744821799,0.36935299237686636,0.41195951816897003,0.37470509568755717,0.021112619852202946,0.3624778468473214,0.3309700049307175,0.9002115066332448,0.7097769143192765,0.7206347251846242,0.5193230588810356,0.3597170967371258,0.3361485604172473,0.34719028177384637,0.03759979342785538,0.44752904688567074,0.5678337822639291
2017-06-16,0.3834951689297873,0.37943075948190885,0.4213628714126313,0.3852390972650793,0.07053870993253558,0.36607386603693925,0.3341835400730785,0.9401011730829751,0.7189853253168386,0.7278287874848826,0.5278148700860607,0.36543058332802947,0.337279957327956,0.35069795344655263,0.04143953094628325,0.4652319745159412,0.6111556064670388
2017-06-19,0.3869809023369958,0.3800756254936406,0.42480322440994833,0.3829875847707441,0.03601631585085178,0.36919828443970004,0.33744208901870787,0.8959970205158465,0.7225528012503423,0.7344626495606212,0.523224566128424,0.3694616755787964,0.3398824218075446,0.3540733598443919,0.04123819993384456,0.4547433582508057,0.5450038864063331
2017-06-20,0.3849541657204457,0.3807205056911833,0.42793749179070184,0.3841935962102693,0.020685019094585554,0.37205321323964047,0.34081760287897944,0.9010831106068209,0.7242768223139612,0.7401943380213287,0.5158321179745451,0.37294701432844246,0.34295541527393725,0.35740253013867274,0.03769204171240012,0.46202811941338706,0.5627619368298182
2017-06-21,0.3881159692103836,0.38354260214140257,0.4288552315616668,0.3897422754856207,0.024973760862600745,0.37555663424505215,0.34440219207012623,0.9234909959307678,0.7278235282164385,0.7456531856991478,0.5135964492427599,0.3768194378567752,0.3459982250630097,0.3609160143733552,0.03674050038302165,0.47020911964924683,0.5850645628506647
2017-06-22,0.3975193563320313,0.39877999280724596,0.4384113424057968,0.39890898907954775,0.034825333803381396,0.38018853343364956,0.3484272340923814,0.9545816974539743,0.7354960594629187,0.7519098855112649,0.5201340828412065,0.38159881334712653,0.34908862672748897,0.3649204099392922,0.04603652237411546,0.4804488506458691,0.6034105989765172
2017-06-23,0.3975191727022577,0.3948292809662164,0.4387934440687252,0.40196435596836244,0.046192945793896434,0.3843150824452025,0.35245013870966624,0.9637073900162934,0.741688426517285,0.7584403262759483,0.5223771276008004,0.3865651240373621,0.35157558256750965,0.3687198730367254,0.045506832562380584,0.4930641264029033,0.5720445550561705
2017-06-26,0.4058691251903638,0.39797380519390724,0.4455212394150255,0.4012409483060789,0.02310183466193401,0.3881216381302438,0.3563220382590794,0.9486773694380779,0.7437906862516587,0.7641824318198283,0.5159174759876646,0.3894509952696251,0.3566540661944181,0.3727413402070112,0.04002696327374425,0.48527431162284396,0.5529032147174539
2017-06-27,0.4060309693171319,0.39660292462371327,0.4362705226175826,0.39054590003229384,0.02684635728389071,0.3906396748362605,0.358859430043467,0.7505389227189443,0.7351177143740725,0.7666401020667195,0.4890046764519316,0.38922876053516153,0.363639753282735,0.3761138871009533,0.04552546317563341,0.47670198587194434,0.5024701201345965
2017-06-28,0.40157243082700755,0.3923300239540439,0.4254146571029679,0.38097710600925605,0.029777902289875778,0.3915239152784712,0.3608339008785023,0.6121132675293095,0.7189538226916736,0.7646253303980869,0.45235730123402274,0.3881315225959804,0.36953566751450284,0.378491757801354,0.059691254621384,0.46751704100766456,0.5076893070989905
2017-06-29,0.3809009426250892,0.3724164655565745,0.4157819533376145,0.3714886054865437,0.024363189874842997,0.3911870472568654,0.36278336980788983,0.5003351799703109,0.6971659486661266,0.7576475083411042,0.41168985976855743,0.386292402397273,0.37473467362930746,0.38013962522300604,0.06144386428849544,0.45946363473894913,0.5076684596266482
2017-06-30,0.3752266886801975,0.3681437747898857,0.41555286716702644,0.3686744255624471,0.0211085985284636,0.3894522034251472,0.3645471956979275,0.47033518949929337,0.6762713997107489,0.7469192576432013,0.3809586913760215,0.38538233982393655,0.3775638393088915,0.3810830906710734,0.05706521178940199,0.4520903561370317,0.5419298912167192
2017-07-03,0.3759560930886504,0.369111173083954,0.4183813479552575,0.37357937774835703,0.00546967050613721,0.3884668672703887,0.36647723689912415,0.5159252082716272,0.6621568861553762,0.7348604782571908,0.37005628392338874,0.38458243662381053,0.38056155651919343,0.3821674324462847,0.05411907265900856,0.4561954924454847,0.5821251628761565
2017-07-04,0.3759560930886504,0.369111173083954,0.4183813479552575,0.37357937774835703,0.00546967050613721,0.3884668672703887,0.36647723689912415,0.5159252082716272,0.6621568861553762,0.7348604782571908,0.37005628392338874,0.38458243662381053,0.38056155651919343,0.3821674324462847,0.05411907265900856,0.4561954924454847,0.5565593718828475
2017-07-05,0.37749631200025824,0.37507709476723017,0.4166229904291733,0.37952983098907744,0.014663086794911148,0.38797842388486237,0.3685452894930227,0.5669467821120957,0.6543064753078766,0.7232800241792259,0.37397570140745356,0.38420695524344384,0.38335225386984517,0.383367049243476,0.05759310772523396,0.4622218213415546,0.5874322129475815
2017-07-06,0.38260351439240636,0.37435159226984194,0.4165466449505325,0.3705238576276718,0.014525691567150072,0.3859656490907236,0.3702184653904016,0.4684516062451664,0.6401339221043476,0.7105251878525776,0.3643527643789442,0.38327667888060335,0.38582599345189517,0.3841226863679734,0.060004593400985545,0.45622420458957313,0.5100922558521302
2017-07-07,0.37692891643015913,0.3665311655774304,0.41104214887046775,0.3706845212442581,0.019296992183887092,0.38300965667465914,0.37190021547553476,0.4699657354320608,0.628107162392921,0.6973593203270156,0.36098475762617455,0.3818892799503092,0.3889595698352867,0.384972235620469,0.05969887163658755,0.4632189030672413,0.5573953359236776
2017-07-10,0.3755510086438719,0.36548322044699,0.4075255553174425,0.3627240489376625,0.01276569221056187,0.3788999582858824,0.37305194918285023,0.3903397491224671,0.6117523686632413,0.6827987023209976,0.349556114133852,0.38187367734380195,0.3889927823132121,0.3849807775240033,0.06277435239020959,0.4575890818780711,0.5151457304083183
2017-07-11,0.3649312338668852,0.35677586353365376,0.40179164102637954,0.3601506728986069,0.010845510125022955,0.3745965098316081,0.374286757788581,0.3664673725431044,0.5962701267738855,0.6673371794862772,0.34217406246796545,0.38232439134957386,0.38802308574718547,0.38472889305907354,0.062270791047210367,0.4523605304099422,0.5430708660352406
2017-07-12,0.3698762115580242,0.3656443525054429,0.4116537980278182,0.3681918217852048,0.019693092572212918,0.3722553324477823,0.3757536290652309,0.45018116128142766,0.5896812682271312,0.6533452307936085,0.35421581415788034,0.3822374031118486,0.3882924541565581,0.38481854643802405,0.06536620986001979,0.4594380038981287,0.5988103244902541
2017-07-13,0.37036281649921154,0.3602427959421479,0.4056907898940606,0.36521674839671603,0.015478745293375671,0.370604725681731,0.37678789831114845,0.42033232282258864,0.5817979084840795,0.6402101264845922,0.3612368327030446,0.3825037444047311,0.3872393501388046,0.3844300606652906,0.06396471509785365,0.45324122290764096,0.5410455352802627
2017-07-14,0.36955208009502616,0.366531275017302,0.41142452634357507,0.37116720163743555,0.01520194417598385,0.37057106455670985,0.3778823370083485,0.4792330010476558,0.5797452275769586,0.6291965005770356,0.37862031502958593,0.3824996442266265,0.3868672966213903,0.3842422323417205,0.06286710625929087,0.4593801594322334,0.5876757071349848
2017-07-17,0.3753074051242057,0.36596651677743863,0.411500611004069,0.36754824792763474,0.01893038150298315,0.3704531182213856,0.378475375440506,0.441037517930207,0.5750417804928941,0.6192272160989303,0.3871776921724531,0.38188774501857925,0.3856171383633923,0.38330301750755447,0.0610334890993697,0.4524620733585477,0.5377406134481387
2017-07-18,0.3664713922222528,0.3822523830430049,0.4063786132118691,0.386123551623626,0.054563331157350375,0.37176688906225597,0.379650020054482,0.5947130564805823,0.5851122634173354,0.6137319873124726,0.423838290739095,0.3822156718617492,0.38561229118248763,0.38346950734258134,0.0867146112433502,0.46682654895714687,0.6534809325294413
2017-07-19,0.39257445484711584,0.3859611753630441,0.4326776371498301,0.39215452821247754,0.02270975559734753,0.3730890932386203,0.380904895153107,0.6337201524804748,0.5971491550142802,0.6123002980688221,0.4571351028947032,0.3832563111829389,0.3853851806818499,0.3838921566618789,0.08083643860324705,0.4745344290821245,0.587486961202091
2017-07-20,0.3997893602124313,0.3994251788725809,0.44108721419221564,0.40309061021910997,0.02663255690508201,0.3764998598910837,0.38257233308720695,0.6958683835937882,0.6143018077900247,0.6153793705751444,0.4940964724311228,0.3857479704118426,0.3842337772203407,0.38460082551965735,0.08474356595494217,0.4830620759356377,0.6123298581883547
2017-07-21,0.3965468062931933,0.39289480381286923,0.4371118811681226,0.39295868907069853,0.031222897953548344,0.37883266813226435,0.3839360793511294,0.5906336964705947,0.6193222990958243,0.6190790952507216,0.49918212214018837,0.3846822747756288,0.3847005904202271,0.3842849215215258,0.08429959026450465,0.47357516335109096,0.5054043909499821
2017-07-24,0.39379073042932344,0.3839458476444606,0.41991066541830524,0.3744641385706454,0.04149872054883026,0.38006222597978623,0.38436010173458024,0.43855904728011924,0.6084512858099232,0.6193615183772474,0.4711806110045955,0.3810742738246088,0.3854987616193951,0.3828249230991747,0.09396512743952282,0.461940862507206,0.46231284520602584
2017-07-25,0.38365743365326754,0.3733842005342285,0.4092073992058046,0.36537756524517284,0.027800751451362758,0.3806096465450278,0.38437729105654406,0.3778606612836531,0.5923737300413885,0.6156278121663566,0.438272280045372,0.37715422186313774,0.38572944190255354,0.380920920598691,0.1023297879930169,0.4531690923993212,0.5094543426288997
2017-07-26,0.36679542729290915,0.36040356667520257,0.4038554649254934,0.3578987773245944,0.021898118422622355,0.3795316399891083,0.3840707249451999,0.3320812230172146,0.5736170044711039,0.6080213658355419,0.4065388863027544,0.37568387327091146,0.3837743820942473,0.37918767074985515,0.10083328299102656,0.44563082401332466,0.5174569417698598
2017-07-27,0.36022941159103505,0.35161589310843966,0.39483460511485524,0.3569341060816581,0.024953654243904007,0.37866418597682483,0.38351490684097234,0.3262245372804449,0.5579050041533637,0.5980665945166768,0.38729661360336726,0.3754120634298356,0.38149768616233215,0.37791121749658774,0.10035966640479552,0.4374540255546486,0.551479818659738
2017-07-28,0.362580440412377,0.35838844175486084,0.40209754259600583,0.3651363016645196,0.019141500999298948,0.37803256044234146,0.3831739784642828,0.3925526091622023,0.5516952287771975,0.5885734091555043,0.39107886815387727,0.3753276301796219,0.38090919139624535,0.3775739709423398,0.09880025036511769,0.44441623028876287,0.5997882888986155
2017-07-31,0.3706868348587363,0.3712072214960762,0.41417659907646664,0.3721319494963079,0.022290867707832063,0.37851261863701013,0.38270698141104076,0.4446538524175529,0.5520878392386313,0.5810755545406494,0.40742869134337967,0.37543806185113093,0.3811629748393094,0.3777575323817155,0.09999878530277823,0.4520365733890806,0.5931440539684841
2017-08-01,0.3790366001088311,0.3693530265654277,0.4155527223499663,0.37044333427954024,0.011545890676292822,0.3768704050859223,0.3822600399316386,0.43190467419592354,0.5510763286082396,0.5748281519667329,0.41767494741597555,0.37529496941365814,0.38097708572273226,0.3775910384791157,0.09439327623002983,0.4466616600157202,0.547786417602283
2017-08-02,0.37020022754609083,0.3624997822863769,0.4095893138189023,0.36762869465983117,0.012849469788464967,0.3743017763910482,0.3816698459132474,0.41011668490092273,0.5481240483081317,0.5691031305121884,0.42195536005183976,0.3745534703344281,0.38047644393454483,0.3769592020098398,0.08857763534558391,0.44101433142161806,0.5419131478407785
2017-08-03,0.3688224911911301,0.3697560770560975,0.40966605453718963,0.37719802499441657,0.014827961068224439,0.37159000566774714,0.3812229044338452,0.48449440748537637,0.5530573484703326,0.5657381062356399,0.4412932751614879,0.3749929960326074,0.3807327564204769,0.37731353643872945,0.09213530320016006,0.4470751148905941,0.6064861045253732
2017-08-04,0.3836574483847187,0.3746740756632989,0.41952824709073544,0.3758309668586278,0.007224308097739612,0.3697961926804202,0.38040065320406213,0.47282709294640474,0.5558356717505729,0.5637303433794861,0.45241473173521085,0.3752920877374136,0.380971494958552,0.3775867634597754,0.08851648701864545,0.44260330349324545,0.5494905760033468
2017-08-07,0.3783881031575279,0.3704010683188277,0.4173110816244062,0.37325782066737856,0.006004506563470563,0.36966985313013223,0.3793778626144658,0.4502427615152082,0.5559811649704127,0.5621599657464215,0.4559986844590413,0.3753897812446513,0.38199104050785937,0.37814600595172987,0.08271309732537063,0.43838639991170664,0.5432371410743637
2017-08-08,0.37360502030655207,0.36491854750793906,0.40882483769282707,0.36851330225024836,0.022927577299895578,0.36999826374392575,0.37821180310729885,0.4092093079997475,0.5524188955356373,0.5600263336817599,0.45138335420148457,0.37515372134874114,0.3831240626890354,0.37858998155685075,0.08231275276852007,0.4306330005339058,0.5319358945565393
2017-08-09,0.3761182590973954,0.3698367439562693,0.4162407509217706,0.37623297067180295,0.028265884563880732,0.3719184323297523,0.3777018450330841,0.4754482488829606,0.555425471834371,0.5590598996610567,0.4609474235574408,0.37545598269798786,0.38366740626485096,0.37901688962519553,0.07868334396594048,0.43950197175397304,0.5968022365603924
2017-08-10,0.3779826026545333,0.3733840196057576,0.41624064104479686,0.37510709950073207,0.023410806369240623,0.3738217181963793,0.3774927014581163,0.46496483176384923,0.5568498024825242,0.5586375422909394,0.46540561027913174,0.37560200727051496,0.3845686465037973,0.3795419726381595,0.07877413241674186,0.4316475896645245,0.5507324634205033
2017-08-11,0.38284674128607865,0.37854401867879317,0.4191459654034416,0.37518777608073484,0.014447945974856003,0.3748744247458168,0.37762449990865676,0.46569562256554614,0.5579313942558555,0.558566035140943,0.46828049158668505,0.3757582862678567,0.38483500580641616,0.3797554266723322,0.08150513866747178,0.437628959544729,0.5569773500761266
2017-08-14,0.3873861761697551,0.3775762840123269,0.4200631574237511,0.3782431429695493,0.006207583412307665,0.3755144595434764,0.3779654255555823,0.4942171547279283,0.5609834487908842,0.559260501613827,0.47455691133565586,0.37610927298968966,0.3856103182819609,0.38032322327054024,0.08159785514085136,0.441888301075823,0.5723877630578388
2017-08-15,0.384549086008395,0.37410970264315924,0.4225861341084466,0.37743921195913444,0.012177238503370538,0.37624714869408404,0.37810294832058366,0.48515475376180633,0.5626237237189592,0.5602200482591753,0.4767289893025954,0.37510865595404963,0.38571918990468845,0.3798621679259242,0.07394733569234968,0.4363814518988951,0.552406446254246
2017-08-16,0.38641370997915725,0.3824139343002406,0.4276320338591778,0.3837918222449005,0.015783695676942933,0.3779399381858174,0.37825479961519937,0.5451593026431325,0.5685554511685824,0.5624485751265605,0.4871270660623356,0.37358752781145566,0.38639937838708394,0.37941818825323037,0.0754962506671657,0.4426419598433353,0.5894001165875807
2017-08-17,0.38722408723273183,0.3805594612754384,0.4212864604396457,0.37470509568755717,0.02430555090124567,0.37767884982206656,0.3784037737388851,0.44419728434509004,0.566096973279063,0.5636259128569397,0.47851357851873366,0.3672520176486548,0.3899178711189001,0.377911189023576,0.07815600706422551,0.4346005986692131,0.5098608115015165
2017-08-18,0.37498346089169077,0.37281983023733356,0.4163173765634943,0.37140846521808923,0.017947838069335663,0.3772156743465974,0.3784295672760033,0.41118995279227283,0.5614750716234276,0.5634294826233119,0.46725686663957766,0.3631418916187531,0.3918670097296876,0.3767670783290642,0.07746990511671237,0.42788783944056974,0.5394734042072283
2017-08-21,0.37182182421445986,0.37177159692085926,0.41486470284716204,0.3780020326207668,0.017057785081693193,0.3777125430435119,0.37897390945367293,0.4770773725325736,0.5626959874831938,0.5635730304755266,0.4700426612263086,0.3635621971088997,0.39180958655761644,0.3769549066526343,0.07744357399388291,0.4344145999992156,0.5908385288003724
2017-08-22,0.3798473517884745,0.38096256037102005,0.4202926508879069,0.38805350703698205,0.013641670565116623,0.3797590190832022,0.37996806482214784,0.5628606691190554,0.5710977218716398,0.565757081492289,0.4867626290910574,0.3661123661800837,0.39158987610725104,0.378158782198873,0.08179653218686786,0.4402274786143547,0.6084946801584631
2017-08-23,0.389250705642083,0.3785439016302694,0.4183813064910472,0.37277529350607164,0.0202071517902263,0.379396891175645,0.38013137020521237,0.417053718213694,0.5658595986187779,0.566214256369173,0.47261253412094356,0.36505074815103866,0.3942675866761708,0.37894858286993394,0.08746749145470861,0.43304257968950544,0.47835041720537075
2017-08-24,0.3761995534326198,0.36717634897228146,0.4154764592099899,0.3734991608639674,0.022006694163584764,0.3792284892612666,0.3804264658495261,0.42344835104415696,0.5621054254035642,0.5656554034822002,0.4642871603324927,0.3632142450205652,0.39792448092131305,0.37982802878479927,0.08011022077431493,0.4406035376722938,0.5603178535572831
2017-08-25,0.3756248251208206,0.3697823539231453,0.4169080099133805,0.3705049334916216,0.013527733059168415,0.37873804787332566,0.3804028697721792,0.39709389849078564,0.5567427314011945,0.5638875754538784,0.4543807677015762,0.3627004666001393,0.3990256406095475,0.3801130517678686,0.07466276800763447,0.43481446912786226,0.5410232032313619
2017-08-28,0.3737482523300034,0.36621226801388196,0.4159077941893382,0.37099044867441033,0.02167694561695819,0.3779784619191252,0.380525512595299,0.4019798631846561,0.552814465361921,0.5615058439660152,0.4493504172008148,0.362725893041412,0.3988779953055702,0.3800524489960806,0.06642846483275647,0.4423065179648384,0.559085646659403
2017-08-29,0.37285104152839155,0.36888979425479707,0.41444603405986025,0.37479389355671466,0.00779466584810388,0.3777014136083735,0.3801218460596937,0.4407889189128516,0.5525658933762586,0.5595392394733146,0.4527519850785336,0.36271933819675695,0.3993474772994291,0.3802834220676441,0.06410955540295618,0.446897519774964,0.5763407737256779
2017-08-30,0.37635891285369827,0.365238706699079,0.4113684637669103,0.36556864538812295,0.02222384564550959,0.37579287195226196,0.3791746125993073,0.3546972424143017,0.5453426812854651,0.5561869943273153,0.44139798788912893,0.36299272631067037,0.3988462684032176,0.38017405316182207,0.06359565813070484,0.43929118259859185,0.5087501887897516
2017-08-31,0.3713824305912291,0.36929539983234405,0.414061239253123,0.3760884730175914,0.03546941582230038,0.375937755211709,0.3782125483327864,0.4562207199046672,0.5476808652110666,0.5540810554956805,0.45161027370561646,0.36289738402340543,0.3988266407586146,0.38011514656802126,0.06434749316608765,0.44966551052433135,0.611551801554323
2017-09-01,0.38125362911852745,0.3705122566079362,0.41167611314332675,0.3652447132131459,0.011433293611591061,0.3752922158772761,0.37722512183181023,0.3647995327515922,0.5413150555647999,0.5508285073804331,0.44221490950892567,0.36325815790889615,0.3973284269566236,0.37955311778848544,0.06791416469045558,0.4443141271031995,0.5004302863470914
2017-09-04,0.38125362911852745,0.3705122566079362,0.41167611314332675,0.3652447132131459,0.011433293611591061,0.3752922158772761,0.37722512183181023,0.3647995327515922,0.5413150555647999,0.5508285073804331,0.44221490950892567,0.36325815790889615,0.3973284269566236,0.37955311778848544,0.06791416469045558,0.4443141271031995,0.5565593718828475
2017-09-05,0.365916566037361,0.3585855506452402,0.4022899753194439,0.3561005247042338,0.020319078634304835,0.37299843688808665,0.37657084115123995,0.29955124207630773,0.5294886984547155,0.5453138263778522,0.42367889847049645,0.3651575051041641,0.3935436949905492,0.37864222953346793,0.068664929788224,0.43710583828536115,0.5087434964257838
2017-09-06,0.3644480458484892,0.35712517745786365,0.40605990751504073,0.3623316221164158,0.02337059313184714,0.37030454387314016,0.3764623166659312,0.35830799251948514,0.5251552891172728,0.5398348321993617,0.4239713177925311,0.36559123162964824,0.3924386653361852,0.3783140414645392,0.06567416392147246,0.4449518168204423,0.5894258394809673
2017-09-07,0.3670586723172552,0.36945771244199177,0.40636758796373373,0.37463192746922636,0.011295228163206763,0.3704989920358662,0.3770585052453884,0.4595530436215129,0.5313351270544743,0.5369736320504926,0.4454216310350022,0.3654574076992606,0.39240647220721014,0.3782290413892282,0.07488317474316442,0.45027434803824623,0.6210560918509973
2017-09-08,0.3763588477895278,0.3679972012126804,0.41113760254910103,0.3648401810741019,0.01836069397324211,0.3695921236144998,0.3773401922904508,0.3864313237217542,0.5289616252210367,0.5341001164106913,0.4453207173896795,0.36537617845485804,0.3913983194721501,0.3776839662544209,0.07523869881215459,0.443475312318098,0.505806669308753
2017-09-11,0.3712194385000648,0.3761109136061578,0.41229192260717495,0.38288629850411227,0.02419027295405101,0.3708888432299423,0.37797261029361795,0.5113520713151722,0.5409821930793616,0.5347617774087569,0.4742881019094895,0.36643599448258224,0.39112351134512824,0.378092684135811,0.0846867755335253,0.4514925833030338,0.6509603385153524
2017-09-12,0.39128824367072557,0.38049217126954593,0.4192929699478546,0.37819265306810423,0.022454401539898902,0.3716431412982334,0.37818854825041315,0.476615754559557,0.5469331873845178,0.5367567408765247,0.485213237843966,0.3664298374688272,0.391124494664545,0.3780900036051307,0.08925955825357351,0.4438380657482889,0.5324174980015888
2017-09-13,0.3818247544556105,0.3794372774619752,0.418677487498207,0.37673587767193284,0.017188478103222014,0.37184652831513654,0.3784127464721382,0.46567913262162636,0.5505107402390087,0.5392338056706588,0.4891635961793246,0.3663547577215015,0.39112716300368644,0.37805266328396714,0.09299329492449082,0.43728399363794906,0.5490336459170334
2017-09-14,0.37750084995954347,0.38527886528033495,0.4197544648049226,0.39073537124059954,0.02787849704365683,0.3744822786574008,0.37923601863354184,0.554413786284504,0.5638856604238549,0.5445094863214958,0.5120955709994759,0.36800114179565047,0.3901667854635721,0.3784212992999165,0.10240221145940384,0.4460720106176108,0.6289792851807776
2017-09-15,0.39911950311295497,0.39322988142700743,0.4366033122060794,0.39292015125517976,0.08985714917636586,0.3762450864988204,0.3797961852513293,0.5670976939094303,0.5758425043808013,0.5516748101748747,0.5275793860561149,0.371104678644398,0.38890160988665834,0.37938834446931136,0.09874320060485528,0.4678120057659587,0.5677156063742701
2017-09-18,0.3962648035601709,0.3958268103893936,0.43606533362386635,0.40044659428759244,0.021084470586027505,0.37993183425592625,0.38067322010863147,0.60973936735507,0.590594756930717,0.5610403129944977,0.5456077440863497,0.37587554452270966,0.3870670636252037,0.38092999128672966,0.09934093728979704,0.4751802422352558,0.5949147911863695
2017-09-19,0.4009962552001808,0.39598874724728805,0.4379116254899805,0.39915155513110323,0.018691782961115136,0.38444063563309416,0.3815957928838315,0.5977798714574456,0.6006927205634758,0.5710196821049339,0.5506377900250077,0.37933071632136384,0.3857511455992909,0.382052828573868,0.0976419970203593,0.4683120172508164,0.5500050780099285
2017-09-20,0.38655652325277357,0.3838185857680838,0.42244737470707816,0.3829670517000502,0.044171560394250575,0.3866018162692505,0.3821107682637105,0.46342318240546915,0.5957603852056003,0.5777884221220623,0.5243297615943662,0.3786769474573516,0.3858847741381016,0.38178278646256847,0.11081669017960624,0.4561191601599812,0.4745513993440275
2017-09-21,0.38704581609461053,0.3800051847328807,0.41506136822125284,0.37107120187034826,0.0263859157157353,0.38622889593901133,0.38192685862430464,0.38320238050243266,0.5823541383169666,0.5799016700543836,0.48618246567002066,0.37865813482132904,0.3857229423368834,0.38169231550142246,0.11854279342328752,0.44764305510658786,0.49537737635269763
2017-09-22,0.37627729495640627,0.36840288389325404,0.41421512054850596,0.36815803415768256,0.014878897835589518,0.38657637985296545,0.3816792690575094,0.3648675071018605,0.5692598716416741,0.5783673600530855,0.4562942241350259,0.37864057592253364,0.3851729879131932,0.38140875277709974,0.11219410556874909,0.44157162713541315,0.5414093754491254
2017-09-25,0.37203497704130795,0.3632912539527493,0.4108298097256994,0.3663776330502756,0.026155359821345987,0.3848474016427944,0.3813653708008903,0.3533469665333631,0.5574165609632638,0.5742230941490771,0.4349081368307208,0.3787015599968927,0.3846710865586175,0.3811896326135831,0.10435239836047189,0.4331437024603926,0.5472749859231374
2017-09-26,0.3722798255216716,0.3647518637918248,0.41075302463086805,0.36451655536286653,0.016094007825496,0.3834150826586439,0.3808763036082051,0.3408641077283025,0.5466272525682088,0.5682504474191049,0.41992630823776544,0.3788143305440824,0.38386616778132276,0.3808459308208074,0.09901731046057993,0.42681834708808436,0.5468379975513926
2017-09-27,0.3682007830453472,0.3578553335646335,0.40005871847755115,0.354886698439295,0.02467216158214961,0.3811267841339093,0.38007277582758026,0.27947531480560545,0.5309070880735838,0.5596007050747905,0.39799007534170794,0.3794713791178236,0.38107087250137506,0.3797890492316718,0.09959546405712216,0.41870037350997974,0.5061692835911354
2017-09-28,0.3593085110147368,0.3512023229662209,0.398981603874075,0.35262085876503535,0.012585402862914414,0.37713499195992595,0.37896217965909174,0.26581371588709596,0.5170761273776852,0.5492745669035153,0.3842536181568469,0.38032578026098796,0.3788121226814033,0.37910164564612003,0.09316607757677933,0.41310822825622323,0.5445941861855391
2017-09-29,0.3566164165061224,0.3528250806099196,0.39713527881370314,0.3569907252579373,0.024275390973200556,0.37337204729144935,0.37833103099604093,0.3085293904969972,0.5099049897579995,0.5392475199235923,0.3867043838282379,0.3803294206267661,0.37677716203761424,0.37808773796690764,0.09170342054633496,0.4211432867645699,0.5796851658706258
2017-10-02,0.3613478981035715,0.359802479399437,0.4045979367938043,0.3667822418052554,0.015937846420284625,0.3698463272952309,0.3781662024048368,0.3962918714893327,0.5121366180004778,0.5317754966651735,0.40764035455322833,0.3803293891361893,0.3769407234767682,0.37816936602410944,0.08932060396094563,0.42743600833408496,0.6081618815710601
2017-10-03,0.37350353401935166,0.3684840511199743,0.4149075939244623,0.37390369300301163,0.011969470110170867,0.36720207942462413,0.37802018188546527,0.4531360133466094,0.5196888851270259,0.5276578806000323,0.435126506719678,0.3801127184891132,0.37905781793070503,0.3791145439204564,0.08567411105187303,0.4328994391467815,0.5937442321667957
2017-10-04,0.37962229228445576,0.37481277598336926,0.4206011384942968,0.3802967565026817,0.009879722206956086,0.3669224152552891,0.377743815149837,0.500438038627085,0.5307724171581953,0.5270934843280815,0.4642417376052436,0.3806023093058527,0.3804633570748467,0.38006832066636154,0.08126357724287897,0.4379261652508545,0.5897185525050281
2017-10-05,0.383619576300139,0.3758673557504495,0.42260124584181746,0.38272425580068814,0.010899127774880933,0.36814285771830024,0.37809828861396244,0.5179658344997908,0.5414950685961915,0.52928278477541,0.48680564314362,0.3812369012830795,0.3806692164840991,0.38049794587354513,0.0758361303744392,0.4431659214581399,0.569075336893804
2017-10-06,0.38451700603438665,0.3753806027989697,0.4235244823163936,0.3829670517000502,0.0023766023299549733,0.3696938291591104,0.37843562189187063,0.5197970187630632,0.5501593480049918,0.533168098505521,0.5007028465780463,0.3819064867742227,0.381906223526738,0.3814603092662885,0.06895240805606029,0.4466246843765038,0.5578083859615703
2017-10-09,0.38990139964438153,0.3800053939362078,0.4288331619986402,0.3848282826193302,0.010962128513464063,0.3716261943861846,0.37894595121394736,0.5345148179706112,0.5583370745702476,0.5382903926823308,0.5108387158466976,0.38211882624850724,0.3818936594167862,0.3815634100419456,0.06133108004941029,0.4518776061522981,0.5661319390734358
2017-10-10,0.389085205737962,0.3825202216672072,0.42690943062222797,0.3884694549504045,0.013871556238882714,0.3741348188157648,0.37956871404293857,0.5633588752154328,0.5673875071908951,0.5446172047528659,0.5207085856050553,0.3831710150813351,0.3819009431390713,0.38210900989368435,0.05999107248209304,0.4577385250865706,0.5752541471417758
2017-10-11,0.3998542807335318,0.4064553793210697,0.438065555167526,0.41072362601769885,0.041248728256367426,0.379982707088497,0.3808488612938169,0.7012743256264604,0.5911053040889378,0.5555199682521648,0.55820412208296,0.3887474592104895,0.3797615646125848,0.3839134341368251,0.07892909111866844,0.46932058383413844,0.670434422287625
2017-10-12,0.41176486005307555,0.41002520561007083,0.45076003982830504,0.4121801715660641,0.020494676437589725,0.3862204465553051,0.3825095921985274,0.7085647706340694,0.6103042009908347,0.568970560137039,0.5790811339258487,0.3928792458126277,0.3777788620789856,0.38505194785073527,0.07930294659017767,0.4765655681727143,0.5638625522389333
2017-10-13,0.4138858506941351,0.40921361948021606,0.45322177378034134,0.4089429950624862,0.013348784152767407,0.3916614885772759,0.3836801721943671,0.6712564277226258,0.6221915381191184,0.5826586945579991,0.5810275673540707,0.39567230233220074,0.37660090705656557,0.3859026075506904,0.07534738887389736,0.47081389544521746,0.5403493847289148
2017-10-16,0.41266209809525833,0.4079154626137875,0.4470668543525279,0.4064344361047999,0.02014147016915028,0.39581432456035903,0.3851477286417039,0.6422203824868826,0.6287664120416567,0.5952284883304978,0.5718638375304694,0.3967556508944591,0.376119870921961,0.38622050465964697,0.07823089920546569,0.4636427223258349,0.5439610658603898
2017-10-17,0.42261499945390846,0.4392336121714917,0.45876129340737604,0.4442254761009997,0.06435726512453369,0.40317923428106106,0.3882875492453465,0.808965207190228,0.6616038649786523,0.6133716625406674,0.6175323488246105,0.40807280526955847,0.3692358369450711,0.38861349859687655,0.11451073301846937,0.4800538835906034,0.7467830623799551
2017-10-18,0.4480680867615726,0.44296583111565235,0.48191923841780226,0.44333527554729646,0.03158615753133616,0.4097813564292355,0.39117364377341624,0.7999011195320451,0.685368316009132,0.6337390059179319,0.6357572835591916,0.418454490045418,0.36494377774862385,0.3918184736813439,0.11244543016810463,0.4704910588982716,0.55222711962238
2017-10-19,0.4474160601610445,0.45432519059313226,0.48553562926927796,0.4543413079029722,0.04736047011955395,0.41728192168738854,0.39401362440344967,0.834368709138235,0.7107568211200592,0.6562856631607092,0.6536146720855418,0.43026161350845415,0.3616166329662579,0.3962393195851559,0.12005520505890319,0.48335031785043797,0.6101632399853558
2017-10-20,0.46103980495771457,0.459517605965414,0.49546031257053447,0.45725432238376695,0.02358908505501841,0.4250621430907703,0.3973062653678189,0.8429640447892754,0.7310034176401896,0.6793094016910067,0.6575238960136403,0.440795896582041,0.36022257804015234,0.4009694800186592,0.12046234437266298,0.4912419556975818,0.5706110919540748
2017-10-23,0.45899994915752906,0.4654402068180139,0.49738340844785,0.467126592127023,0.03063645490822669,0.4336813730503689,0.40030767876302475,0.87065912009173,0.7522576523498191,0.702962970413128,0.6626847508216641,0.4519299087999705,0.3594490290313891,0.4063182857818377,0.12575790996142164,0.5006063164476047,0.6040605754070134
2017-10-24,0.46919738979577563,0.45756996376534476,0.48853549915063976,0.4511037483197168,0.02996489384375548,0.44024116001484603,0.4029054420012078,0.7119270460955043,0.754461097363432,0.7224284986380645,0.6283677726636221,0.4578700168780888,0.36252877864246946,0.4109152372635123,0.1349781041582154,0.49138229505551667,0.4801190707767511
2017-10-25,0.45108665572489703,0.4563530493680601,0.48876658864859335,0.4569303902087899,0.02981610486539959,0.44508046629749465,0.40576270749493426,0.7341596755626594,0.7582498086792286,0.7389340201879869,0.6041133547604568,0.46294103564037437,0.36814925699397916,0.41633278094470216,0.13923667428081257,0.5005752232964454,0.5847451585993765
2017-10-26,0.4621004503035274,0.460572581879523,0.4919983584548656,0.45248007698369197,0.024973760862600745,0.4493011380734092,0.4079626213239379,0.6931690947758218,0.7554595180973499,0.7514512335079477,0.571432991113751,0.46547493019503394,0.3761554229315184,0.42163434998133664,0.1442155918077471,0.49239422306058567,0.5351403181851898
2017-10-27,0.4497813873523978,0.45205295901783504,0.48291938257413614,0.45223689800465283,0.020275514293795226,0.4538353758668622,0.41007602894156603,0.6908603834203799,0.7507305960471373,0.7603003463353453,0.5413764229957012,0.46697800868683526,0.38473463843831845,0.4266910104409274,0.1501707095686907,0.4851950380933119,0.5553844291905362
2017-10-30,0.45043406343188275,0.4399639443555994,0.4761490578458122,0.43783264244913556,0.026268627106670973,0.45712375885333734,0.4114080635406877,0.5633277749864103,0.7338192553032973,0.7632146439879941,0.49274630042149037,0.4664938968638842,0.3927909875685228,0.43046310690646616,0.15529057132707894,0.4767434434068233,0.48694907086526534
2017-10-31,0.4417861683854215,0.4322556619319451,0.4735327849047023,0.4330578607375125,0.018211234774262987,0.4559541571264726,0.41261611773248064,0.5255866048415012,0.7148438206318385,0.7608727361961836,0.4496767342239017,0.4654460249873339,0.4001638099089556,0.4336036272274084,0.14795620878106666,0.4699756408970738,0.5331912858789926
2017-11-01,0.4402364695986819,0.4349334832627738,0.4763028379290025,0.4376707529775826,0.01938211020303663,0.45536090286728126,0.41456516627825957,0.5532434435652542,0.7015722769989098,0.755730641137707,0.4267318832051041,0.46470350303232866,0.40703220974447996,0.4366496374871054,0.14083840828804126,0.4769881268981528,0.5792307105775601
2017-11-02,0.4425206721263747,0.43249936330557714,0.47453328589070065,0.43726606760666764,0.009243682835515793,0.4535725863926213,0.4169236357015048,0.5497568686798038,0.6891234147471497,0.7485510095254999,0.4100362238728736,0.4633683013824804,0.41421096144418434,0.4395452858391622,0.13351182562837574,0.4720943170123235,0.5545785328328467
2017-11-03,0.4394207056315066,0.43339199167342035,0.4759952303113556,0.4384801237194126,0.004169442497081189,0.45160633536555606,0.4194291547650334,0.5577263917002964,0.6786860727717647,0.7402367539259529,0.40073906769272194,0.46114614290431544,0.4224082536167738,0.4424924988155532,0.1258889861357819,0.47592773839623204,0.562504012793512
2017-11-06,0.44170477433760513,0.43412212038660036,0.47922638308870924,0.4358903518701759,0.014113505883866851,0.4483349153393418,0.42190583660492786,0.5328253976680528,0.6670648250388381,0.7307232220933582,0.39091214832013543,0.45778689537904216,0.43130549161660137,0.4452034061320316,0.11543005811005519,0.47001625807651604,0.5438921029343793
2017-11-07,0.44227595709617484,0.43136349575745014,0.47299459371515196,0.4359714115298555,0.013987504406700596,0.44675008217085843,0.4244517152246313,0.5334405088849585,0.6566698003398842,0.7205522683855233,0.38552520610971647,0.4535845064627476,0.44069410835879796,0.44772530552873757,0.11053300786980771,0.4759014072592143,0.5569567643168184
2017-11-08,0.4391761037915972,0.4453189737928631,0.4772263665304318,0.44851474262983426,0.015587991254961306,0.445868698310414,0.42778760656492454,0.621137054535893,0.6567856962153809,0.7124440487188198,0.4024273347025359,0.45315883795802947,0.44515274933062876,0.44973165223627976,0.11797189798703978,0.48212101790573336,0.6180482513391495
2017-11-09,0.4486391869208558,0.4415865273904185,0.47984189518215425,0.4406649037339926,0.00939783357885749,0.44463127683892967,0.43092454453810924,0.5420080455789016,0.6497012881769945,0.7042126966505782,0.4014183826790353,0.4517460865280384,0.44964013662563984,0.45124391897311367,0.11668388971261923,0.4771949943948292,0.5185006089995118
2017-11-10,0.442684291044421,0.4312017184314414,0.470686851258851,0.43427237654587014,0.014248220229135024,0.4427498245649565,0.43367802714605863,0.4832810105336984,0.6381592784593116,0.6947850026982122,0.39161550748366963,0.44897260431469965,0.4551960460290069,0.4525886667789236,0.1168191587884913,0.4712553621679825,0.525351953825356
2017-11-13,0.43354670724740674,0.4303087674720183,0.46922460467663385,0.4358903518701759,0.014794450037063199,0.44254640545162915,0.4361402931038997,0.49597105569888505,0.6293189170040634,0.6850656079737029,0.38922529921489685,0.4441445659321762,0.4633109156549392,0.454152494072519,0.11551109937679213,0.4773091426749858,0.5645028089205917
2017-11-14,0.4381153797585714,0.4324182821578513,0.47307148078360706,0.4337055718555959,0.013158441495771578,0.4426142412444606,0.4382709855852208,0.4750111178380469,0.6198179609342518,0.674950158748773,0.38598001215297256,0.44422778997972434,0.46210615862512106,0.4535939878112978,0.11183771686743901,0.47159724677149445,0.5458485565264051
2017-11-15,0.4353416452580773,0.42876733657971955,0.47176366985304974,0.4305496848595035,0.018073169325878692,0.44186844070451203,0.4400614566986486,0.44457768897943456,0.6091727611810686,0.6642360570145244,0.381074628573145,0.4444916909230353,0.4604739889417261,0.4529151952780228,0.10555824857574642,0.4648582964650728,0.5410577897255802
2017-11-16,0.43689155194657225,0.42755009211172923,0.47091722561060567,0.42868822409241714,0.013933216536219392,0.44097006981148834,0.4416991156406408,0.42649562345955233,0.598732039510562,0.6530933929525179,0.3775629710209045,0.4435333193874208,0.4587345010283065,0.4515532619758169,0.09931744139395116,0.4589844920807704,0.5473903212136761
2017-11-17,0.42775480529957177,0.42089733827844666,0.46514721620743094,0.4216482156340179,0.01429245479026786,0.4392072378977502,0.4430772941651987,0.36135952639885477,0.5846512562917142,0.6407113901173563,0.3674077775271071,0.4423773311453224,0.4561403444377249,0.4496629183858418,0.0929074446923536,0.4530356159441197,0.5218247599631651
2017-11-20,0.4265307326489064,0.41846297733804816,0.46399294381588174,0.42108141094374385,0.014419126488057337,0.43765627448104627,0.444368963748618,0.356276754287503,0.5727781119584816,0.6278816223944738,0.36373877339923616,0.4377688026861771,0.45599853554866876,0.4472183598242778,0.08531644498113522,0.44706026861121173,0.5537451914211542
2017-11-21,0.42897839315105835,0.4241426150780434,0.46745526907281476,0.42439949387513065,0.02376401263768007,0.4364443295463779,0.44564912191855155,0.39401371542615377,0.5657100808427072,0.6158770652552639,0.3705005832706346,0.4363283932745675,0.45464465533273535,0.4458006194189821,0.08349276973192354,0.4549884619198536,0.5730419912165
2017-11-22,0.4277544948611923,0.4170025851704944,0.4552221580859116,0.4159023269408829,0.012078045851133276,0.4330287805266885,0.44583363483573335,0.3158829223183491,0.5535452255093073,0.6032774103377723,0.36562432730488625,0.43395450497583654,0.4527305633672042,0.44362242181505196,0.08640911595809933,0.44950234151036517,0.514474693452061
2017-11-23,0.4277544948611923,0.4170025851704944,0.4552221580859116,0.4159023269408829,0.012078045851133276,0.4330287805266885,0.44583363483573335,0.3158829223183491,0.5535452255093073,0.6032774103377723,0.36562432730488625,0.43395450497583654,0.4527305633672042,0.44362242181505196,0.08640911595809933,0.44950234151036517,0.5565593718828475
2017-11-24,0.4212284302675412,0.4170029992033646,0.46068497857809076,0.4217291986777624,0.0032968152456425617,0.4310456146839986,0.44617385893339023,0.38159063181898184,0.5483665349730747,0.5919222577943142,0.3758218315592138,0.43130747391321156,0.4521913877992466,0.441989844400726,0.08204904294187634,0.45315340576450214,0.5856393642776374
2017-11-27,0.42817959120073634,0.42330683560075166,0.46847003534105547,0.4293010749598819,0.012185951371472459,0.4305249625366524,0.4468992008223708,0.45778923817205025,0.5500410126324712,0.5832505328119999,0.39780994869092534,0.4278343635210663,0.45333582851152354,0.4407721716464925,0.07858336979318062,0.45866207571154294,0.594150947109616
2017-11-28,0.43466384699047633,0.44142895386214454,0.4744303172560259,0.4449332541124561,0.019690411689720022,0.43147203975360415,0.44827088250934366,0.5825536364747488,0.563165927695512,0.5795456093807692,0.4385081273399688,0.4290337383433026,0.4528534187541323,0.44114914618732093,0.08866155916525559,0.46573898896277166,0.633644751592526
2017-11-29,0.45042332404906504,0.4422454040757615,0.47984891138173713,0.44322349289751106,0.0250427935867929,0.43246886642827487,0.4482351826597898,0.5645644770945368,0.5719876195728932,0.5787543121801239,0.46238250195093555,0.43023677022799645,0.45269322572671256,0.4416888439904745,0.09028974107320539,0.4575435626252479,0.5482438095328094
2017-11-30,0.44911011468508144,0.4393883450084959,0.4762108364642138,0.43931554387928695,0.045755961947553894,0.43338692847762805,0.44809196287796527,0.5233398399071787,0.5756736675091587,0.5790290890420259,0.4711179571939986,0.43043009582253167,0.4526686728164383,0.4417761666500324,0.09303845420767476,0.445019605492339,0.5375241966185236
2017-12-01,0.4450880472916282,0.44142892621781216,0.4771396090002983,0.44460748315502896,0.025975070473698528,0.4350541772396971,0.44774515459028497,0.5647947532079736,0.5822567502754804,0.5808702184741437,0.4839527153526208,0.4314751174654833,0.4523711495328636,0.4421659255731498,0.0969306719271909,0.4534098542319459,0.5824246044792346
2017-12-04,0.4537065626619229,0.44934741089699726,0.4796941356489456,0.4367100657632882,0.02548044765375866,0.43663162823058366,0.44701317937553464,0.4833448060808068,0.5810525507360013,0.5820465469429126,0.47850530858708795,0.43129739048462723,0.45236628325015615,0.44207195243155484,0.10714171448345539,0.4451229692110575,0.5181386627799853
2017-12-05,0.4468937691594427,0.4437146786177988,0.4817840685764029,0.4420836010102577,0.031033895737798967,0.4388312202625625,0.44612091789636243,0.5271609576698335,0.583804698982268,0.5836654197909988,0.48213153565179956,0.4320082835470286,0.45229142573551473,0.4424007547040232,0.10868656798409071,0.45457038509007763,0.5828838799968943
2017-12-06,0.45551222714766804,0.45310241800963436,0.48944748122615367,0.4534007706796944,0.023302230628278214,0.44186856909020966,0.44620275894158945,0.6078194309318801,0.5941234699447694,0.5875018662361539,0.5003024260110518,0.43490633095851006,0.45115472661379796,0.4433260869111595,0.11517187059363676,0.4624020775827343,0.6117392748750677
2017-12-07,0.4486996340089159,0.44934738358527504,0.48224857959364187,0.44485188798903474,0.017413672232625535,0.4449005016462496,0.44577241169566617,0.5228989133801507,0.595217813974331,0.5908405428150227,0.4962236790073988,0.43424996162814933,0.45144245030485675,0.4431316243758445,0.12067853467220094,0.4558009455679374,0.5152877328265039
2017-12-08,0.44861745752380344,0.4433064423751323,0.486428530265577,0.4495740345530207,0.020015468691984027,0.4478167346166694,0.4456688717588574,0.5565009802551171,0.5991164015329726,0.5944716438084601,0.49861981683232404,0.43567710724276265,0.45091735795926746,0.44360461397996986,0.11259834770037228,0.46294578755030225,0.5795275540119937
2017-12-11,0.45600440632119577,0.44665315317087595,0.48666053404147613,0.45405185289893624,0.015037740123293784,0.4504089220870052,0.44573353713093933,0.5872602958841637,0.6049827042470743,0.5988213010888869,0.5045076969572927,0.4383946592011344,0.4502168641760177,0.4446547149247282,0.10901214641845217,0.469050409561228,0.5782493095826428
2017-12-12,0.4699585760120345,0.46624528867400983,0.50376797391045,0.46593942820761225,0.039555080741478475,0.4526089313725009,0.4467349591303601,0.6597488414696382,0.6179316915528406,0.6054901552764352,0.5235112929491135,0.4436649540756573,0.44797448646366445,0.4462500333693531,0.11691774073511857,0.48027853861069075,0.6139167785531556
2017-12-13,0.46913756071587265,0.46510216084156153,0.5050838564658521,0.4683003482577345,0.026832282650802987,0.4552352694383287,0.4479906204009284,0.6728692466954629,0.6290722251849323,0.6135689737888016,0.5350645993154003,0.44879727170334605,0.44635795860714544,0.4480866849942564,0.1117860290538363,0.48884792311756176,0.5678341476790438
2017-12-14,0.4775098860689796,0.4666532885119261,0.5004394421288875,0.45820451321490785,0.02160121068653379,0.4572135405763077,0.448722221638053,0.567678733839267,0.6292413537102265,0.6200736822480732,0.522166276019169,0.45112732349412565,0.44689493019804216,0.4495548917791463,0.11516374164908535,0.4813717009746442,0.5084436894235859
2017-12-15,0.46897379832228714,0.4627353257522764,0.5017556693421487,0.4647998427841006,0.06971701944846204,0.45932831780698236,0.44970322773482707,0.609400825999693,0.6334449940211526,0.6263127383572544,0.5199895096049432,0.45431648506480926,0.44744484784669625,0.4514720732165114,0.11294091157837641,0.4989029159773417,0.5882671742269798
2017-12-18,0.4696301077477897,0.46812270858672234,0.49881381139857506,0.4594258478415184,0.02492081343336599,0.46170737699562914,0.45044950691131935,0.556550483104431,0.6317030031101425,0.6308749587586244,0.5062494480180856,0.4556042008973099,0.45013403628063753,0.4534777040311859,0.12025613870182414,0.490732980421399,0.5308701842669321
2017-12-19,0.4641306537720954,0.4565309135837452,0.4985041468134229,0.45926288574686935,0.02992669126823167,0.46350659020635054,0.4512822513527316,0.5549307893975748,0.6292664391623157,0.6339246483693627,0.49385570776166615,0.45628866105640487,0.4534886681842437,0.4555047750237313,0.11282469451298982,0.48151694240596,0.555776741750475
2017-12-20,0.4671674939165734,0.45816343590387154,0.4963366563180257,0.4542148916095209,0.027981040799010218,0.463591854357596,0.4519322517638341,0.5042922176717572,0.6226163530200333,0.6347265902560487,0.47543756934993486,0.45622064616974145,0.4567299671854538,0.45708768737036576,0.11087153657073087,0.4727074963626615,0.5323128128380804
2017-12-21,0.46166824680483487,0.45481661646249183,0.49587233679643605,0.4534007706796944,0.027946859547225755,0.4644871921385204,0.4521063369837154,0.4961200175274059,0.6159451544278212,0.6337251343049175,0.46066045240175096,0.45401023646774463,0.4629991305127298,0.45907849594862205,0.10545026613644867,0.4639051933405753,0.5526318055102406
2017-12-22,0.4568258911959925,0.44812322079468614,0.488286622079671,0.44574775812195966,0.017095317436593774,0.4640864602565945,0.45228743496651924,0.4221076902439493,0.6041576043559793,0.630020884586157,0.43851364776799207,0.4515821512098762,0.4680592126034536,0.4603536516460669,0.10206559978823063,0.45737058946451986,0.5196127458259018
2017-12-25,0.4568258911959925,0.44812322079468614,0.488286622079671,0.44574775812195966,0.017095317436593774,0.4640864602565945,0.45228743496651924,0.4221076902439493,0.6041576043559793,0.630020884586157,0.43851364776799207,0.4515821512098762,0.4680592126034536,0.4603536516460669,0.10206559978823063,0.45737058946451986,0.5565593718828475
2017-12-26,0.45239352728794013,0.44151085368334675,0.4854998599859638,0.44550342990388925,0.007749090845724596,0.4631911706203068,0.4526875882962539,0.4198146478295947,0.5941029159396017,0.6245811759497135,0.4242932251592968,0.45002938093432576,0.47138475057184903,0.4612138416698226,0.09428427295345002,0.45278911168267727,0.5553719101746997
2017-12-27,0.4520649830134785,0.4464902478223409,0.4895249517448067,0.44941145553804895,0.010982905352784027,0.46146017033540276,0.45316933426271977,0.4586231656213074,0.5886630659230814,0.6188896610301835,0.4222299139944327,0.45003518979975243,0.47185505042213716,0.4614515913181898,0.08911999527241635,0.45804637529489467,0.5755568700415361
2017-12-28,0.45436304437618646,0.4452656446467236,0.49053112438565527,0.44932978295088566,0.0024804865265548124,0.45947335352444496,0.45372601224250986,0.4577388653156142,0.5838813243579681,0.6131587826646883,0.42190736827972003,0.4499539266927025,0.4725883594320385,0.4617757768951769,0.08030493587750989,0.4545659031944151,0.5561637048788215
2017-12-29,0.45666128256392813,0.4469799685570708,0.484725546062969,0.4424906614751708,0.015669758170994724,0.45782761739078637,0.45415145956260716,0.38589272776381595,0.5745554899646682,0.6062772761935904,0.4124790736883632,0.4496912045931366,0.4731971589946483,0.4619443452600638,0.08201462052173353,0.44832920532068243,0.5234245353849735
2018-01-01,0.45666128256392813,0.4469799685570708,0.484725546062969,0.4424906614751708,0.015669758170994724,0.45782761739078637,0.45415145956260716,0.38589272776381595,0.5745554899646682,0.6062772761935904,0.4124790736883632,0.4496912045931366,0.4731971589946483,0.4619443452600638,0.08201462052173353,0.44832920532068243,0.5565593718828475
2018-01-02,0.4458268364527852,0.436694362645883,0.4780685546519242,0.43850119310165436,0.031682669301080525,0.45507331890524194,0.4545010876961809,0.3475413126838192,0.5639324312754261,0.598155781652154,0.40231855982641757,0.4501356595358016,0.472089077191861,0.4616201596830767,0.07947916316176148,0.4387462120978689,0.5371146068040173
2018-01-03,0.4433643199246594,0.4426533667832173,0.4794617585238322,0.44932978295088566,0.021685658485060107,0.45401594232606357,0.4554873595071157,0.4629796551244934,0.5636287472943965,0.5915837935140403,0.41501527979230846,0.449389278239836,0.47420146986653144,0.4622901459205653,0.08279386672776606,0.4462400817049579,0.6095239256977455
2018-01-04,0.4523111228094824,0.44640856989469624,0.4896797146132298,0.4492484934433999,0.018248096908540352,0.4529671194439705,0.45649092983056183,0.4621153972799304,0.5631566487421704,0.5862099326846757,0.42483278483136655,0.44911625770907404,0.47524524195610474,0.4626705331552339,0.07700750449181676,0.4394645759370383,0.5561655326230676
2018-01-05,0.45428119639557407,0.45195970091321813,0.4901442381642803,0.4586931696510489,0.02710305178258579,0.4534361364686682,0.45771278570757745,0.5492198023594717,0.5697674583558271,0.5835389806425926,0.4469805319409436,0.4496093356575418,0.4752993320389257,0.46295150890305714,0.07802510140538257,0.4480905443766495,0.6023211022009112
2018-01-08,0.46257121815245295,0.45342897365512,0.4950982905445932,0.4601586026479233,0.02020648156960308,0.45414389472167394,0.45928960094665594,0.5616503106087487,0.575813337557213,0.5828912223098311,0.463558665409076,0.45021891935142977,0.4762983071069459,0.46376414899713936,0.07422857501620694,0.4552753032422593,0.5636016250276669
2018-01-09,0.46807059743088264,0.48346944218858456,0.5054709138588692,0.4784777792717886,0.045455032887725975,0.4575717607442019,0.46131150688535427,0.6895267871152888,0.5941030215969023,0.5868774721503552,0.501529921268163,0.45500660740814947,0.47443210937220825,0.46529866129132014,0.09863600425222516,0.46773637377665256,0.6444819396234668
2018-01-10,0.47775601302209936,0.47106137312130336,0.5136761187061468,0.47709355916646456,0.029782593834238348,0.4608802441164167,0.46301431436760143,0.6725878166345909,0.6068650026555288,0.5932095437397923,0.5207516823218612,0.45852244574477263,0.4732548398268067,0.46652195543159336,0.0908934558813129,0.45855044849769655,0.5500195362856006
2018-01-11,0.48251651437570986,0.47710187916163127,0.5165400080833681,0.483769641931595,0.019083191805078392,0.46447863041732884,0.46439802339339764,0.7119820481002184,0.6212509550574374,0.6018182308833568,0.5394063649348313,0.4623878399252507,0.4711625827401983,0.467468569181249,0.08751760331927372,0.46550046807797824,0.5881381951210501
2018-01-12,0.4895757738687424,0.48951030320362743,0.5259066082553129,0.4916675956348836,0.022356549328908085,0.46891273539096356,0.46612404751583936,0.7535532561976988,0.6376700481181035,0.6127489404800788,0.55843311356848,0.4677052748494389,0.4681608937978726,0.4687091464396731,0.08871254341055926,0.4731345369837626,0.5937062513116458
2018-01-15,0.4895757738687424,0.48951030320362743,0.5259066082553129,0.4916675956348836,0.022356549328908085,0.46891273539096356,0.46612404751583936,0.7535532561976988,0.6376700481181035,0.6127489404800788,0.55843311356848,0.4677052748494389,0.4681608937978726,0.4687091464396731,0.08871254341055926,0.4731345369837626,0.5565593718828475
2018-01-16,0.501313051119472,0.5028977759064497,0.5346535871814261,0.5006235387904566,0.044831727708126955,0.47500108205070546,0.468308401691803,0.7946121106055697,0.656295656996717,0.6260806975765342,0.5781073967231344,0.4755701996143388,0.4645567991479992,0.4709611908334428,0.09672739513975201,0.48546535242546185,0.5984020194843586
2018-01-17,0.5129687689695243,0.5050206176607657,0.5303964497526449,0.5016008516627383,0.0570009235640188,0.4816096074355346,0.4703390292254944,0.7988773349847309,0.6703993432364427,0.6402196154868018,0.5847213060289885,0.4820874231112212,0.46174585662596834,0.47291497229366497,0.10973598429605044,0.5003392234779622,0.5610912301207278
2018-01-18,0.5054993434778524,0.49783688637944,0.5341893883119783,0.5011122718425328,0.02305491921830828,0.48703286803842405,0.4726336276378921,0.791864048601306,0.6796900644557152,0.6538189057808372,0.5802995748799769,0.48788093282755784,0.4602013091670897,0.47512812255334236,0.10769424634068772,0.49255921284466475,0.5542956482868314
2018-01-19,0.5098493008163053,0.4995506741977003,0.537672326705792,0.504694296671459,0.044394743861784415,0.4928397932495988,0.4748643959858977,0.8091279611772995,0.6881847971463062,0.666790454744712,0.5751558362913698,0.4937720616036848,0.4589543403918904,0.47754009578670975,0.10332452825231878,0.5047987096622387,0.5731626488483645
2018-01-22,0.5061558830849403,0.5035509721658356,0.539994858424168,0.5110452214066455,0.03281065060996779,0.4983227050571143,0.47691822105143744,0.837793318290718,0.6980546551733741,0.6795984820100229,0.5738159326868673,0.500331297514858,0.458230330568994,0.480557242547607,0.10122535239040362,0.5146174225850566,0.5859090697175867
2018-01-23,0.5057453465196905,0.4978365341375186,0.5005166512515818,0.4596699462117827,0.10293717485922015,0.49827152730851265,0.4774461764576684,0.3622864350397969,0.6652008558841058,0.6817535387851111,0.48652504906791505,0.5003002995585594,0.45892909586719954,0.4808900757850294,0.15184380963593683,0.49014403131948686,0.32038759340155254
2018-01-24,0.4773457580608772,0.4661635847456618,0.5019102709502735,0.46162426549260427,0.0731847409530269,0.4965064325968588,0.47787551642078985,0.3757302838142656,0.6396096103587812,0.6771748699444099,0.4313486210857569,0.4999736526941013,0.4609547569049953,0.48173296642034136,0.14978342276867115,0.5083999128271293,0.5659430622786237
2018-01-25,0.4675781215883962,0.4751430711598872,0.5050839562340009,0.4805946009516465,0.03903297887598639,0.49687310214845903,0.4788212130242181,0.4928051367929906,0.632878162720089,0.6718540870353285,0.4252677075194969,0.5004495569158284,0.46419591539983973,0.483595971851434,0.15642522120616312,0.5195189357290559,0.6474917990094463
2018-01-26,0.48555414979211775,0.48281691302273333,0.5199466308256521,0.48816701354531455,0.03988281862623538,0.49733364571713257,0.47961316387702835,0.5328423138733769,0.6323734032124938,0.6674731465185241,0.43296881520206376,0.5016285261049475,0.46710132857574804,0.48565352116930405,0.15104854100584966,0.5308155537466126,0.59227129955569
2018-01-29,0.48842684000722214,0.47742901122114056,0.5153019587475519,0.47473271573227793,0.039532963460912056,0.49556002940481847,0.4798423439174898,0.44787572366114387,0.6208544784770463,0.6611314672690258,0.41690244041206087,0.5013948803049323,0.47004423757849,0.487002173845301,0.14945755763148053,0.5195920466520519,0.49360792239180323
2018-01-30,0.47652466796091664,0.46828585536932055,0.5067866558461128,0.4645549782544819,0.041963853661348235,0.49178251295969366,0.48006860584056554,0.3907394319394462,0.6033021339338508,0.6517352622817446,0.39187352937427944,0.5000851117168627,0.47374249371980615,0.4881735779553904,0.14375411275105263,0.5078605446959845,0.5083200658437435
2018-01-31,0.46971241155471477,0.4580821717203394,0.4732694853116669,0.4300339063822224,0.0738750681949484,0.48428719546691934,0.47882992370015687,0.2415561863999655,0.5627991647655511,0.6342430651158704,0.32553463247316405,0.5014123953097066,0.4714723212337951,0.48772404604539954,0.17020447670133007,0.4894604021717025,0.3915042206115611
2018-02-01,0.42834363201174963,0.44257179430178506,0.46475435171248114,0.4449332541124561,0.0487833485026601,0.47840347956052376,0.4783135643300863,0.3266291154682747,0.5421790553757796,0.6151709044042704,0.3125883454146654,0.5017991420925795,0.4706056350238651,0.4874906324299688,0.18651963074484387,0.5026170068892338,0.6299831596729136
2018-02-02,0.44057372460880895,0.4400413172879769,0.4676959659605101,0.42588132268218615,0.04790468926561245,0.4701492742107781,0.47712420628981456,0.25744420251603234,0.5116765385434414,0.5924008940416575,0.28228801145399174,0.5046362672032657,0.4651927507853454,0.4862500592391181,0.19455734260755517,0.48964401983462924,0.46389875804259695
2018-02-05,0.4205462431855681,0.41261314301087704,0.3498040705696953,0.3665274172040317,0.11956199741831015,0.4550136997970401,0.47399997263684857,0.10915336074021115,0.44327751167443563,0.5573392999576446,0.1815702628127019,0.5199199087045326,0.4396191719532435,0.48135693962404824,0.3313776311258755,0.4616964591343554,0.26298057770484573
2018-02-06,0.36661931405358394,0.3798786923084534,0.3950874662405809,0.3782515707224462,0.11446429935806267,0.4464866266958126,0.47132246754171747,0.16698236800641542,0.39976052442917104,0.5185724870924642,0.15120954589280644,0.5271756402487936,0.4234205861204724,0.4770084599134632,0.34978615922917056,0.4885787292593275,0.6177920678858144
2018-02-07,0.38205055309450653,0.3834704978045922,0.4210192055529084,0.3749134910319133,0.05653646067212405,0.43740527241864247,0.4687987000079131,0.1595280413048027,0.364834477300447,0.4789573102804926,0.14425801640027391,0.5314118284006796,0.40803439748328596,0.4715101871087293,0.33688529443371307,0.47380191925977005,0.539315743178013
2018-02-08,0.3740065307118784,0.36567462853590627,0.3804573353535914,0.33371557023516873,0.06410861327331731,0.42202240307951067,0.46481578915846844,0.07993838994218233,0.308384015340617,0.4333623233727179,0.09525920357006334,0.5402362878165331,0.38367911518757636,0.4638981877338828,0.35819891535932313,0.4574427199728397,0.3430779836657037
2018-02-09,0.3461811569320109,0.3629806526260573,0.3752709311359458,0.35952510378586144,0.08656569569570911,0.40854953578379793,0.4616132112875643,0.19684349144224444,0.28642583696452517,0.3914783858880993,0.12566769701310881,0.5408622652307721,0.3698187382235384,0.45730199152731843,0.37974211406397473,0.4784948841962196,0.6956560601980128
2018-02-12,0.3665372293455994,0.36624614333125405,0.3926103753789939,0.3655502575636208,0.05260561671691087,0.39711468711996345,0.4586282146911972,0.22230212097427943,0.2767684751334601,0.35559278221889634,0.17481829397286075,0.5380795459208775,0.35927656193743396,0.4506063675636165,0.38078116638499593,0.49245024675636806,0.5882363739725395
2018-02-13,0.3600530917724255,0.3603687911578337,0.4005060763518895,0.3630264520347851,0.028310789345636793,0.3864814466538894,0.4557969693049756,0.216338399067737,0.2703885053545198,0.3253130148195079,0.2207527497065355,0.5325120426554947,0.3503870002504267,0.4433012787827524,0.36381128708813115,0.4835718915672572,0.5433659423817068
2018-02-14,0.3619410363944996,0.3555525518817544,0.39810658023531575,0.36066537875279214,0.02777930439141956,0.3792163728610801,0.45302374231624765,0.21047280062949003,0.2667721587150321,0.30019855259161216,0.263077475283779,0.5252111286010307,0.3429310568369356,0.4358189536387007,0.34516734917793135,0.474804603355035,0.5441872006577
2018-02-15,0.3673581817781951,0.3659196463941492,0.4059245481820949,0.3733664620638112,0.023400753059892254,0.37172107141651833,0.45031723075213337,0.2708002025513569,0.2767616532774317,0.2825672354677303,0.32439467774648434,0.5156103994699283,0.33925109210759097,0.42903687340851393,0.3305351225909565,0.48265688455589173,0.6232626819328296
2018-02-16,0.37441716308560047,0.39179699482217645,0.4170713496794959,0.38899887106419173,0.03924275793105574,0.36785831489246645,0.44817058553180045,0.33969503075166846,0.2995156513709449,0.27406612738868635,0.39920799069812596,0.5033586809017584,0.33958830639739424,0.4228945532800237,0.3347796803450589,0.493819745999768,0.6376814364023369
2018-02-19,0.37441716308560047,0.39179699482217645,0.4170713496794959,0.38899887106419173,0.03924275793105574,0.36785831489246645,0.44817058553180045,0.33969503075166846,0.2995156513709449,0.27406612738868635,0.39920799069812596,0.5033586809017584,0.33958830639739424,0.4228945532800237,0.3347796803450589,0.493819745999768,0.5565593718828475
2018-02-20,0.39009414314601953,0.38363355503970187,0.4156778287460886,0.37043521299038484,0.029815434644776366,0.3682675844232649,0.4450260260583895,0.28331079273605214,0.306130629159872,0.26889440410172954,0.42648910826768377,0.48785193622884127,0.3406344655961896,0.4154295071865495,0.33026896863951916,0.4846269578180787,0.46161514111610824
2018-02-21,0.37310357154904084,0.37530705111555474,0.4094851649345118,0.3626190851061303,0.029912616635143954,0.36663036989026765,0.4415507720923678,0.26101382940062196,0.30815967684910617,0.2652567474491217,0.439059314123935,0.48175585925606745,0.3366027601263816,0.4102770350423173,0.32381282702299474,0.4754138610466683,0.5158871551413512
2018-02-22,0.3673579789339295,0.3637970606188432,0.40654363383586,0.3626190851061303,0.02424389060390899,0.36534275763522983,0.43742282070871685,0.26101382940062196,0.31248806733591883,0.2634126354408629,0.4537556935947086,0.47425980401926304,0.3338078153865899,0.4050208072431567,0.3072014687493355,0.48344233677076054,0.5565593718828475
2018-02-23,0.36727602867140685,0.3724502247087629,0.4107239148544216,0.3797985996905483,0.02018637495090634,0.37016910498655353,0.43395628014839727,0.3425334813943391,0.33157047506890297,0.26663703750145207,0.4952873088480216,0.46119341754186005,0.33657035219647036,0.39966950399008794,0.29827040858075216,0.49062289385918667,0.6466157706490152
2018-02-26,0.3874958100697522,0.39028100717467495,0.42480325474402425,0.3870913641199146,0.03062573137825509,0.3730561623072529,0.43051171145602873,0.3749909061687086,0.3545123075997445,0.2748667653861647,0.5363011569938981,0.44392654101093776,0.3436375755514046,0.3943033540951624,0.29260989898822587,0.49998501366137815,0.5941776263556631
2018-02-27,0.39162622103925393,0.3876521188593389,0.4294776174362839,0.3838138110183674,0.03380391757358687,0.3749689326672704,0.42666896851260183,0.3624863505682872,0.37221659351720054,0.2858108300107259,0.5585425452224886,0.42755301347097074,0.3508632182570274,0.38947643016490896,0.277810114999424,0.4899587329456867,0.5397667080971562
2018-02-28,0.3894782090129826,0.38140823906640975,0.41600007403562966,0.3691464563406007,0.03934865278952525,0.37560989023712976,0.421984546611201,0.3083920426573518,0.3769955581901523,0.29574306423614244,0.5502515648152014,0.4105678180697704,0.3582425247366229,0.3844111505178951,0.2741297514147568,0.4787737421419763,0.4811823497955955
2018-03-01,0.3660180654512025,0.36325191980960403,0.3899023436613407,0.34784193979289946,0.04898709557212043,0.3742668715295844,0.41650624118429647,0.24001682471451263,0.36657022396396927,0.3011212586231745,0.5129355728209172,0.4022755977827003,0.35805735707841213,0.38004754350290804,0.28253777137236014,0.4655745594156504,0.44556435805223077
2018-03-02,0.3478449467441417,0.35495450240400417,0.3929407673263904,0.36046089082114274,0.03214042998674303,0.3729152509803174,0.4114949464594523,0.30284915032875087,0.37002558209307634,0.30627481354722275,0.5110948677107754,0.38551144713958807,0.366371721793311,0.37556286924183,0.2758225532615356,0.4752532130990123,0.6236461938528346
2018-03-05,0.3620529463674659,0.3647306929514087,0.40283420863333574,0.368408721498393,0.024696959745208927,0.3707588125908562,0.4066392018590258,0.3407201242264917,0.38078153453253405,0.3130466764551265,0.524355350691368,0.37178432861094,0.3744238628280657,0.37251162401553906,0.2687572623558403,0.4833763688689768,0.5983077254987889
2018-03-06,0.3733701261870842,0.3639093151627817,0.40080896595490856,0.355544446244919,0.02299929090658062,0.36919927942885444,0.4010988352546011,0.2958793767327616,0.38138365531219015,0.31861245949431843,0.5144726820449553,0.3717928011371553,0.37324698989872906,0.3719285333424316,0.26385625120774814,0.47560798315255415,0.4894909217430209
2018-03-07,0.35255323125375837,0.35676166294819,0.39574500252886324,0.36226320408608104,0.02866399561407624,0.3691620074560954,0.39762831196905635,0.3292276228502303,0.3888445371690256,0.32490258173768616,0.5204079476340586,0.3705386078400129,0.3728406794973612,0.3710797040503766,0.25702324239326324,0.48456014956085824,0.592016803977965
2018-03-08,0.3678356130686994,0.3811618875314613,0.41179343683865544,0.38700938506900984,0.028876455551638487,0.37171644150730765,0.39496984424590764,0.4391590954955717,0.4152376494869189,0.3364348807526578,0.5633625623023368,0.3725082678639421,0.37209471254979964,0.3717218802905018,0.26312674114900403,0.49355671474806984,0.6863245065503155
2018-03-09,0.39410409961627024,0.3936492944939842,0.4291657527796918,0.4012668444922526,0.036479438301500085,0.37396484417659426,0.3921434605688202,0.49360864414088096,0.4482248163607455,0.35378493130371913,0.6110334605486871,0.3753120567864848,0.37638615974488665,0.37530820662446485,0.25842055640283346,0.5041421119476693,0.6296135234035803
2018-03-12,0.40476032171829257,0.39701753086048885,0.435086483347113,0.39167989249251944,0.018947807239186994,0.3744454078899463,0.3887057026368611,0.45286612968955514,0.4679563268739413,0.3725245270395623,0.622419451631587,0.37804083176686853,0.37699030239773845,0.37701531824848633,0.2504196425814663,0.49722038433375776,0.5080753633369407
2018-03-13,0.4047603124751772,0.40654747932160196,0.44388947895441355,0.4057735470458236,0.047166106138818775,0.3767452851997596,0.3862487433396359,0.5063483049307307,0.494999535994386,0.3941765132881082,0.6462837007187877,0.3837069524553539,0.37542158945480864,0.3791507900644533,0.2518075996376943,0.510039026106482,0.6284638482923628
2018-03-14,0.41665549750955855,0.40909417107970225,0.43181435401955637,0.38913969115350266,0.031203461555474828,0.3788392077787227,0.38356175777520496,0.43633925192643813,0.5042077902531011,0.4137659479600204,0.6293830672476564,0.38528611730847595,0.3765694303963133,0.38053715321076664,0.2638847711981539,0.5005561752398794,0.4727814971159763
2018-03-15,0.3944344953936306,0.39709967154938286,0.43625489887861335,0.3952031528989747,0.02702530619029172,0.3837994212918402,0.3823207662547138,0.46037166037262683,0.5165157204060631,0.432468741942243,0.622117896530574,0.38744827484723665,0.3780117083084168,0.3823707785612751,0.25559738102675145,0.5091658968077137,0.5875670503218754
2018-03-16,0.39947340015759825,0.3984139912219564,0.4333724572550349,0.40028332572920167,0.08122135644611493,0.3879700868386414,0.3807299254897897,0.4806967038546793,0.5303677338662229,0.4508425063827952,0.6194218147705136,0.39039514201214753,0.3778337076943149,0.3837998064819552,0.25184370936479406,0.5291012286556722,0.5823941719425997
2018-03-19,0.40104297562320423,0.39077372330389104,0.4120269238901161,0.37209616985446414,0.02615267893885309,0.3883562790403433,0.37881360408090503,0.3666281893655042,0.5200941378470681,0.46301129563420607,0.5685779897931574,0.3892580034547267,0.3772093629930394,0.3829024347723875,0.2693122594405798,0.5206738642176094,0.41388072064659287
2018-03-20,0.3798134808054284,0.3768898568852379,0.41218301632350884,0.38004461345919804,0.027475024228475524,0.39092221965967944,0.3792952108294224,0.4006806189136381,0.5183840680854208,0.4723251642176444,0.5451846510058166,0.3895934219879328,0.3778852887044154,0.3834126019947517,0.26561635641487413,0.5293775655351187,0.5978557368246589
2018-03-21,0.38493480625581855,0.3851051135252064,0.42215445843024757,0.3798805021255175,0.020400175329715033,0.39276730668488125,0.37935324833526185,0.40002268557952975,0.5172630276886588,0.47950016477360513,0.5276586773598547,0.38967445533614165,0.3796375666400188,0.38432901808162745,0.2592799239179705,0.5221523295493061,0.5557130303723775
2018-03-22,0.3772524892163297,0.3678525762609366,0.39442077565899647,0.34866134722227005,0.03649485337583425,0.3887510570355549,0.3784179057255145,0.2877451776045233,0.4931130591477609,0.4792924144154953,0.46716410906838035,0.3909796259343944,0.3768062571436145,0.38358799574731983,0.2738316731056081,0.5115637109871991,0.3955339272748951
2018-03-23,0.35379248644525807,0.3441922462054361,0.3772821371776802,0.3299791642963611,0.04247590221749195,0.3812849874094554,0.37828478060982007,0.23324945185943907,0.460683974244251,0.47113944944876285,0.40206068985160814,0.3946150303076056,0.3677562210279016,0.38094306039913683,0.2749996930573899,0.49972520377218743,0.45731623053920367
2018-03-26,0.3437147059139757,0.34205629274141036,0.37969720061098944,0.3487434795050458,0.041843884169791006,0.37678819009498865,0.37790064007389856,0.31953410533878196,0.4504783626162071,0.4621035986419877,0.3948262865288237,0.39399235201117466,0.36432013818078535,0.3789071546377931,0.2713126673659849,0.5114316351243922,0.6580555044992843
2018-03-27,0.3494970010180082,0.3548723547198225,0.38888972106364916,0.347268469516243,0.038035020368004734,0.3706608623278923,0.3772492747809505,0.31479985984100084,0.44248300588880224,0.4529057895766201,0.3934991938165232,0.3934496491758498,0.3609932451673402,0.3769669466690442,0.2706897382668121,0.5005211604300155,0.5487244680423214
2018-03-28,0.353792285552336,0.3542149095212177,0.3952776171505412,0.3492348174989265,0.03185960754561186,0.36648156284294553,0.37675789001889093,0.3241645838221518,0.4389149468892206,0.4446687864889492,0.4013720779906134,0.3936062454249659,0.35871388731428555,0.3759098291606686,0.2607752929788717,0.5101411292920454,0.5670189269278473
2018-03-29,0.35660085217592574,0.35207874627603375,0.39223932868343925,0.3549705162726503,0.026838984857035238,0.36226793623217224,0.37655498668372134,0.3522535130583547,0.44170896419583305,0.4387673057714565,0.4205094455062554,0.39329804136388724,0.3597901023142952,0.37628828836568196,0.252917445394361,0.5187119143913109,0.5870117116961987
2018-03-30,0.35660085217592574,0.35207874627603375,0.39223932868343925,0.3549705162726503,0.026838984857035238,0.36226793623217224,0.37655498668372134,0.3522535130583547,0.44170896419583305,0.4387673057714565,0.4205094455062554,0.39329804136388724,0.3597901023142952,0.37628828836568196,0.252917445394361,0.5187119143913109,0.5565593718828475
2018-04-02,0.3553620551857609,0.3448494719200419,0.3666873024346867,0.3255544407936951,0.0455884067917477,0.3544414638813239,0.3748514831117328,0.25236577258432186,0.422851976812663,0.42940194695524003,0.39212628418393314,0.3959083517676051,0.353383966880377,0.37443508985336127,0.2733172546362115,0.5062229720682659,0.4012347411403878
2018-04-03,0.3335539595227931,0.34986081285769566,0.37556814457188625,0.3566095609791976,0.03967773111552861,0.3528195272463096,0.3736974782410264,0.3889628850425732,0.43301288161117496,0.42441212815894286,0.4279796412357889,0.3956529652388071,0.3523925580342421,0.37380866732389717,0.28520641562417837,0.5174767319585492,0.7252646565384726
2018-04-04,0.3477621533989109,0.3714673480341808,0.38888959706253834,0.37348912417642655,0.03754709975429712,0.3521329606574709,0.37380628662175897,0.4511003451102384,0.45506441058078534,0.4258512118376877,0.4806583357146241,0.396186472846504,0.35375060431575645,0.3747613580277813,0.30454507086357385,0.528285243526602,0.6455490093586698
2018-04-05,0.3767569822643847,0.37212475573982307,0.41311770557322436,0.3759474996964093,0.023503296815245642,0.3517210511957708,0.37428116723254135,0.459930409810198,0.4752663591763643,0.43197789544740006,0.5190687246668736,0.39681997728583596,0.3545523381367627,0.375487863193654,0.2910712401561838,0.5361589537910955,0.5693152820642847
2018-04-06,0.37518757043345896,0.3675242404035548,0.3890456896605565,0.35456131056154494,0.02871493238144132,0.35233896353295757,0.37399407525537,0.3814968759955814,0.47574285244285563,0.43699659500184285,0.5099898571989724,0.39501147908216916,0.3529673808158936,0.37376518089976196,0.3055303868788859,0.5271961428805927,0.44584636644287623
2018-04-09,0.36221813420471805,0.37163171175384924,0.3989391608447489,0.3658686733912474,0.02869147465962845,0.35609772764216474,0.37349776326984785,0.42515217863008986,0.4855027548228099,0.44341526242323864,0.5214612521734195,0.3907178107771535,0.3536330699605067,0.3718858767032114,0.3102432451659324,0.5361540517177145,0.616288503844104
2018-04-10,0.37543519499348477,0.36974226575502467,0.41148162251062137,0.37217814890536893,0.02616809401318726,0.3585520770181948,0.3729664174971129,0.4490613580801502,0.49864223977365446,0.45178624124519423,0.5374585730531334,0.3883184889339789,0.3540347255361803,0.370850520710982,0.29553267435290664,0.5445846375182847,0.5895328463634015
2018-04-11,0.36626599715315533,0.3651416892348849,0.40945623124168307,0.36709797607514194,0.016490778434445047,0.3606288520824569,0.37237084584424973,0.42875181466271756,0.5056598520123115,0.4602113499010334,0.5379021151650896,0.3822233123150457,0.3562107882767581,0.36879721793944076,0.278760830518907,0.5381763670762185,0.5301672167683369
2018-04-12,0.3741134704972996,0.3730283970492676,0.41592217332665815,0.37365300566230075,0.016386224017221986,0.3631862069082835,0.3725314105445684,0.4555679713815259,0.5166069496853218,0.46964753180668034,0.5461868914591957,0.3799739524197733,0.35688473492440853,0.3679750231161196,0.26692114592573624,0.5445627882769296,0.5907764715551822
2018-04-13,0.38237393739746317,0.37393198316757315,0.41413031702687186,0.37520976485420154,0.017609376654607163,0.3653058948918816,0.3735065039731874,0.4621066654412423,0.526725141165189,0.4796884259809918,0.5511419289593368,0.37644035274337495,0.3584045461366566,0.366913565507234,0.2570682965012552,0.5512048175896477,0.5646357765022676
2018-04-16,0.385017494069846,0.38592671042377025,0.4269844327677538,0.3845510095490271,0.02858289891866604,0.37148469729950484,0.3743648153813318,0.5015387684436896,0.5419700810116054,0.4914757260544874,0.565452051590113,0.3727304521615801,0.36055948030026796,0.3660783300445174,0.25279499293378715,0.5601400368299776,0.6049508884571827
2018-04-17,0.39080001207096793,0.38034026838294177,0.4077424042208003,0.3745544687585115,0.05960808178836309,0.3733640954023204,0.37458378337582443,0.45299230327841306,0.5464226776849612,0.5020021694233046,0.5551205392697448,0.3730361362019815,0.36050550955118144,0.3662088421953731,0.2605485419395229,0.5447213353359937,0.505221214339618
2018-04-18,0.370809397274973,0.36144468618375347,0.3931744951136771,0.3514474857140012,0.04871632644033763,0.3710556403231039,0.37443781199219905,0.3549423419024022,0.532446699240455,0.5069812642716323,0.5096653345885489,0.3707277408756461,0.359845969572829,0.36469060832878486,0.26992658688278337,0.531578736542408,0.4367822948229253
2018-04-19,0.35379247613080145,0.34805350983556793,0.3927848895544124,0.3500544547761034,0.025767302080498856,0.3683438214551663,0.3740028241480008,0.349481013710315,0.5206252830099865,0.5080531144994967,0.4776492095322871,0.36816097531246894,0.35932233256922064,0.3631071305894875,0.2556061231992037,0.5232319061670323,0.549179039818036
2018-04-20,0.3568489467490389,0.3482999942922702,0.3871758632964851,0.34276184357860784,0.03772671888132135,0.3671080449254295,0.3724263201019832,0.3203791487451216,0.5061616887800893,0.5053484428699674,0.4467042322378558,0.3683710766284195,0.3584780705897078,0.3627939233923285,0.2500885436292737,0.5123858587228054,0.5178713370830325
2018-04-23,0.34759690417235756,0.3400843766003694,0.384137482822986,0.3441546446686995,0.03610478497311745,0.3648339009238267,0.3703914587048066,0.32819262570400737,0.496366165443503,0.5007722249168918,0.4313687037609773,0.3669796193090046,0.36142157692184973,0.36354650576941916,0.2386373401147491,0.522892962807549,0.5640002411163529
2018-04-24,0.34809259608905496,0.3413988305645108,0.38047602648938383,0.3389105137366627,0.02990926553202783,0.36134972974890955,0.3685113285029401,0.3058310798401112,0.48531660488267414,0.494389920603801,0.4165695569499965,0.36751730573733743,0.3598209278617849,0.36302446936871546,0.2345392449814592,0.5136805663323358,0.5285807920992677
2018-04-25,0.3395843721913555,0.33638756800468084,0.38024248450760745,0.3435812510079784,0.02509775167789733,0.35888678655526374,0.3662954673944522,0.33458931680180076,0.48091426493673345,0.48819985127105986,0.418144738380621,0.367661921353475,0.35927953461006135,0.3628287133451513,0.22471732718384438,0.521887477527495,0.5816051553950673
2018-04-26,0.3454492107845638,0.3558580469163093,0.3906814120076991,0.35382349910340183,0.0408579896330274,0.35681001149100144,0.3650371800912132,0.39525797654119427,0.4859866820659088,0.4844970509747648,0.43852552439600545,0.3676715381156962,0.35975765562787065,0.36307232843394566,0.22628148241626242,0.5333878817384601,0.6112341608144578
2018-04-27,0.35461863977174535,0.3523255109297947,0.397537053677836,0.3559541882675722,0.014422477591173462,0.3547933450054118,0.3636387712879393,0.40762345379250525,0.49228551634267365,0.4830861128259025,0.45730513822914715,0.36769876347936326,0.3598341838317226,0.3631245520051243,0.21414480740608396,0.5393639293675653,0.5678222750597215
2018-04-30,0.3639531289470447,0.3538865159602753,0.3896688372855771,0.34136888925664544,0.04091361794475505,0.3502708143827352,0.3615396976594537,0.3334841511541368,0.4868223807182079,0.48061187942381756,0.44859245266535697,0.36558931106590775,0.3636928975673349,0.3639641479062161,0.21532307619023686,0.5278519002397254,0.4796172270498453
2018-05-01,0.34297107388373427,0.334662224029346,0.3778273986552073,0.3374356569797309,0.0201582256847309,0.34638330349141555,0.3603047716738842,0.3148759758494361,0.4802680212981407,0.47701825886010385,0.4394201476693031,0.36631598753712924,0.36090374579704065,0.36294619705933084,0.20791105676575486,0.5206772256393564,0.5355183198629746
2018-05-02,0.33636256301915723,0.3308831056172521,0.3640384470020369,0.3168687220423664,0.035360169860714746,0.34276181578908804,0.35805386585912846,0.22820239623123134,0.4603446271946734,0.4692365492563836,0.4051027717493612,0.3679518090876289,0.3531937130895161,0.3599401954487589,0.214617574707507,0.5103257273696482,0.44611625337934113
2018-05-03,0.318024043898668,0.3104265703382443,0.3490809414627809,0.3130174688163566,0.03463700180825524,0.33888287464306577,0.35567159016673167,0.21371839723694996,0.4428247899051395,0.45869632600211935,0.38249939607570105,0.3683585599608813,0.34608086050187137,0.35659921292216223,0.21493226263606688,0.500125353019313,0.5354580709916457
2018-05-04,0.31224144224133854,0.3171630843926272,0.35313180711150993,0.3225223651492498,0.026893942948139668,0.3367631625871498,0.3547402794179563,0.27976824363886094,0.4374959883092524,0.44895174883733335,0.38901895325106917,0.3690405367267099,0.3419695296812052,0.3548982514686858,0.21833641794449735,0.508707622976214,0.6088363539545313
2018-05-07,0.3249627441808792,0.32316032460435595,0.36497309100985376,0.31760592057302606,0.030783233224712908,0.33398267341934795,0.3542994307711128,0.2586427595519682,0.43086488208196405,0.43952295175294565,0.3916064683739665,0.3686005411396328,0.3372904103543076,0.3523359610709822,0.21330248590946246,0.4993125892527503,0.5297714686582558
2018-05-08,0.3143896221995742,0.3087836978741947,0.35227524849592584,0.30957626407674177,0.02571569509251055,0.33091045182666134,0.35290393462569736,0.2251410721013169,0.42093286723113355,0.4295338177601675,0.3870150444230036,0.36732502716468896,0.3319483654017926,0.3490123999600223,0.20842009288863297,0.49097654343881286,0.5125963173990986
2018-05-09,0.3154631586814608,0.31338407766771614,0.3588188091122927,0.3169505478614002,0.031458145392300234,0.3281213768653498,0.35182373164614733,0.27881068871188713,0.4201859232387567,0.42135855021324975,0.40187794158124057,0.36531754853191656,0.32868625995264067,0.3463500513313489,0.19994520614874403,0.5005126168164087,0.5972568956614721
2018-05-10,0.32562367344015264,0.32981495188084,0.37027058714550143,0.332027414714014,0.018988020476580478,0.32583863904613175,0.3512106458294414,0.3774010291413226,0.43247326963082205,0.4178445129694818,0.44007225670553585,0.3610297138889359,0.32868359156152704,0.3441401307247225,0.20265638109844744,0.5074427479846876,0.639159959994442
2018-05-11,0.33842783314710767,0.34254916071166686,0.38398187555297125,0.34751433005302224,0.024140006407309157,0.32495471956816446,0.35094498795677376,0.4632200856432694,0.4551429745775723,0.4206164687413433,0.49157994512544345,0.35663622067259093,0.3302715387200422,0.3426697681260831,0.2021660394874514,0.5154495145266642,0.6401610074800197
2018-05-14,0.35147954922670077,0.34263130655125207,0.38273536789079565,0.33784539900238386,0.02671968558610123,0.32458569895348177,0.35138290483741297,0.4115120615446756,0.46665012042335474,0.4256680592428491,0.5102593669882687,0.34816196124931487,0.3340484837080754,0.34019014708429784,0.19922078124352402,0.5069036599720217,0.505139750885873
2018-05-15,0.33652770987321323,0.32800760924116146,0.37338679759748017,0.33022479498533375,0.02520565719823651,0.32383049416120324,0.3504428370067164,0.3729838840422654,0.47083075846375155,0.4307389558946695,0.5104175623875501,0.34107619114831145,0.3366453657757634,0.33783666555227354,0.19285541756773636,0.4986741992393102,0.515653451104113
2018-05-16,0.3357015967210627,0.32858262137051053,0.37806092633102995,0.332027414714014,0.011415197654763993,0.3254180876221794,0.34896558989827564,0.3838440607051988,0.4763553317658773,0.4361562872160004,0.5132562624896084,0.3390622539804874,0.3366580346227793,0.3368056455929813,0.17906080479030437,0.5040218010609767,0.5663074014897123
2018-05-17,0.3361148395875929,0.3260360385446899,0.36676519175714306,0.31973668635313135,0.02921156586325086,0.3261218017257189,0.3469628441709266,0.322044085494327,0.4722037074909404,0.43946767364860284,0.496000062412959,0.3371680378617917,0.3353881042283121,0.3351960621694543,0.17807702811229856,0.49495520625403716,0.4902114277533786
2018-05-18,0.3219893225542253,0.3165883937208611,0.3646618400921269,0.3229324136356445,0.02224462248482955,0.32616474674147866,0.34583593220485553,0.3430656713802635,0.4722388457538802,0.442125436786563,0.490644245930071,0.33604794217195366,0.3344348912947893,0.33414330916702717,0.1680351042755254,0.5025658852668324,0.5740195143211622
2018-05-21,0.3289280960469797,0.32110670463045854,0.36497331852728143,0.31867141838698176,0.02308105782261405,0.3262763379847847,0.3441543322567254,0.3211549367351671,0.46991038611273184,0.4436781849474189,0.48158970721224237,0.33466698535932193,0.33314952923120844,0.33279039367440966,0.16400079701705214,0.4947804123231962,0.5333521230483276
2018-05-22,0.32215420711450815,0.3149449031779816,0.360610549602731,0.3120341032851762,0.03389841868146156,0.3265337513079497,0.3420114486507594,0.2876895002901782,0.46395818465972855,0.44345445150559026,0.4670331430151041,0.33415258618074384,0.3308218012307579,0.3313635134323325,0.1582836945741057,0.4847343832547414,0.5202576998427706
2018-05-23,0.31447211976097444,0.3127270179341959,0.3604549531276754,0.31645905663564877,0.018939764591708298,0.3264822766674228,0.34020722498785505,0.3208383538191049,0.463606887832021,0.4431889459649286,0.4666908606985335,0.33242742182639484,0.3297173044431473,0.32992358441571357,0.1503817086022716,0.4916544301577795,0.5809204028091014
2018-05-24,0.3173633335861562,0.30796206011229255,0.3511845075891731,0.306626320715072,0.0322288991090087,0.3238219805846484,0.33781911852021385,0.27027892674947257,0.4568572100123008,0.44131420389401166,0.4535047095863341,0.3286571795744192,0.3285879547623808,0.3274178658248452,0.1499941530090668,0.4819572886548094,0.5026632670119863
2018-05-25,0.3110980322680451,0.3105971393928031,0.35491102957046117,0.3076168115282466,0.016620801235350653,0.3196434514138854,0.33541083636913094,0.2782418584427651,0.45336274981808883,0.43895378060993295,0.4495250175095629,0.3230750042226541,0.32920704501873665,0.3248516136109312,0.14737704483161626,0.48839273058933,0.5620418342907313
2018-05-28,0.3110980322680451,0.3105971393928031,0.35491102957046117,0.3076168115282466,0.016620801235350653,0.3196434514138854,0.33541083636913094,0.2782418584427651,0.45336274981808883,0.43895378060993295,0.4495250175095629,0.3230750042226541,0.32920704501873665,0.3248516136109312,0.14737704483161626,0.48839273058933,0.5565593718828475
2018-05-29,0.30227696406990223,0.29404444302669774,0.3352123649854062,0.29052954253008034,0.051653903431931714,0.31468798817156907,0.33206092769228335,0.1980579125360164,0.4387768191786868,0.4334731606708201,0.4239579962423203,0.3229297218507071,0.32394977289397275,0.3221525307294877,0.15727800979156772,0.474636252149209,0.46207311361831593
2018-05-30,0.29911461068347167,0.30049994045894013,0.34243255145768503,0.303489434470965,0.02887846621350816,0.31188795228134747,0.32952893811024075,0.29810689505236726,0.43840761576303844,0.4289977358262631,0.43219460668761855,0.32093188985248766,0.32240084608965003,0.32035031111097334,0.15947010958859117,0.48363323751413895,0.6294651662932117
2018-05-31,0.3057720970612322,0.2977687618577962,0.34243259217462607,0.29234557004745976,0.05510956096527854,0.30773201096920977,0.32742318475000254,0.24693782952859228,0.4309387865985041,0.4235779428438903,0.42445641485772573,0.3222434770843515,0.3184391957531466,0.31904836637701584,0.15659408831039198,0.4691546136353832,0.49468323880471876
2018-06-01,0.3012782244729505,0.2983480409112951,0.34580722410976594,0.30588329937331993,0.024302870018752767,0.30628112420358156,0.3258494022783852,0.3406896702444206,0.43667230318811057,0.4206541818460545,0.44490900483451923,0.32228952645924724,0.3176328998060435,0.31866961023916485,0.1538188896567604,0.47719541457254755,0.6325757248589389
2018-06-04,0.3135113992034141,0.3070383138859767,0.35404775291102863,0.31157908124468714,0.018351310884516962,0.30509207204357003,0.32473838572628855,0.37700988880416025,0.4467492268514339,0.42079695809473433,0.47003633867482697,0.3217100492252628,0.3170669454110894,0.31808862656892956,0.14758450698939854,0.4839924894633434,0.5881094774625639
2018-06-05,0.31517581210223244,0.3086107886659244,0.3531060213293594,0.3076994035066348,0.020176991862181193,0.3039429558595367,0.32343951502625157,0.3560641287107977,0.45286733302089854,0.42241797074104215,0.4821490692474946,0.3214657682535992,0.316265375250533,0.3175626852980389,0.145034912216245,0.47681389320426965,0.5351906336137979
2018-06-06,0.31451006536366466,0.3105144016304502,0.3575009639046761,0.3185131298643936,0.03139581487434033,0.3046215143905041,0.32271277276849764,0.4253162886476955,0.4669343963762548,0.4271792734608125,0.5078807368217129,0.32177879488691274,0.31689287721073434,0.3180371473636303,0.13921890698838144,0.486336941072596,0.6163503418685394
2018-06-07,0.3230815782271229,0.316307862117462,0.36385793565010693,0.32297072160335694,0.03551633126592611,0.3053034911906628,0.3219784363081547,0.45230459032853193,0.4822584932930247,0.43476239549042867,0.5310028417027444,0.32223262168541356,0.31706487492524704,0.3183567609884401,0.13266879611298163,0.4967210731450974,0.580943223054462
2018-06-08,0.32607727956093824,0.32756357982185746,0.37217682129802254,0.32899648830859973,0.027433470549835588,0.3076463536367663,0.32109387003282774,0.4881587613824933,0.4995796440016265,0.4450948153599166,0.5535307026401546,0.3217720558112648,0.31721776247109246,0.31819584779614907,0.12972157737263043,0.5054160907897605,0.5893771051051238
2018-06-11,0.33365029844283944,0.32334277380265175,0.36605545608630474,0.3174400470728308,0.023166175841763587,0.30867515637418064,0.3197216423931165,0.4143130204238404,0.5049614138434273,0.45468619504825003,0.547458588550523,0.3163045069424596,0.31966100300342404,0.3165991911199706,0.12980641154231923,0.49761283032271325,0.4939906297937153
2018-06-12,0.3244131280339261,0.3137422258431235,0.3613465617301861,0.3164494796437206,0.020859946677247214,0.31138979170335357,0.3188337840227785,0.4082099664400716,0.5089241411756891,0.46333525512913454,0.5397371824637249,0.3128173706701919,0.32098369838906116,0.31546327251770534,0.12403314696882509,0.49029151369863394,0.551135042209819
2018-06-13,0.32432986165943556,0.3212736736829218,0.3653490907485344,0.3171923477536017,0.02494561159642531,0.3128249191246334,0.3181125313198071,0.413430479520094,0.5130418289230655,0.4712686237946199,0.5338727772158154,0.31089775814031306,0.3215784117814181,0.31477137426386537,0.12285229764018643,0.49846663144643655,0.560631288076455
2018-06-14,0.3206683470846875,0.31349403460593805,0.3624453783575766,0.31537647346809317,0.02093970293141096,0.31523698146160284,0.3180593637123931,0.400799558569695,0.5152974822337762,0.47817085004238347,0.5254235533244573,0.30819774454016746,0.3225935536780783,0.3138873685995418,0.115799231621809,0.49112864777286197,0.5466132433362672
2018-06-15,0.31559200600977666,0.3100179615108474,0.3557744833279787,0.3170273936446316,0.07411701783993255,0.31640411978790006,0.3182022340844649,0.41390606031397653,0.5186923235055635,0.4845287261214522,0.520963125383996,0.30788592765308775,0.32262715755238924,0.3137435310791732,0.1137435707766172,0.5095793516825876,0.565618243834291
2018-06-18,0.31151426379626834,0.3024035860831742,0.3480048132797249,0.3063786980117783,0.031316058620176584,0.31585947556336336,0.3176270483068483,0.33867286823993387,0.5136323622461929,0.4883688394962229,0.5003324729849564,0.30655919064045023,0.32223557447631246,0.31286468716512816,0.12092648264395814,0.5000729708637565,0.4982235288356239
2018-06-19,0.3036084890294707,0.3136594343291843,0.35051617042008354,0.3166971023470143,0.04327949674473843,0.3168018185577256,0.31759466784994295,0.42100930120914565,0.5178743300409538,0.49248565898375396,0.5025998143906026,0.30632228510545956,0.32227004920651214,0.3127598698736178,0.13010430185702918,0.5120794091068758,0.6136868592718933
2018-06-20,0.31825483562387535,0.309438456966288,0.35907058838054584,0.3123220259705036,0.027896593000483895,0.3161534146174211,0.31769249712110936,0.38994415262117615,0.5182354176599899,0.49586804467620904,0.4965818333034839,0.30633909717321084,0.32228332402943594,0.3127751558133709,0.12190616403364038,0.5032876105277488,0.5325839392202381
2018-06-21,0.3133448359266183,0.3059621895577851,0.3547539701224145,0.3074515509555348,0.015430489408503492,0.3145280677373211,0.3173540555591424,0.35616800144587785,0.5151768852408825,0.49782068563810283,0.4848664454691908,0.3058135301098813,0.32186762655388634,0.3122969434453704,0.11565211070423534,0.4971009138025019,0.5297532402936127
2018-06-22,0.3120967508517912,0.31539746884040687,0.35899215381735783,0.3189258599085282,0.04950584633449638,0.31347335516136277,0.31688725777865,0.4460527567790294,0.5218441387020694,0.5010248362454566,0.4951213675972585,0.30663353090586,0.3223296369273213,0.31294993129482584,0.11820527373785805,0.5104085023801667,0.620018502478035
2018-06-25,0.32158369577670165,0.3158113525318871,0.35789345857723653,0.3168622096878554,0.04058588005999814,0.3134128373532795,0.3157951475698787,0.4304535264212003,0.5258094810789855,0.5045647571052095,0.4978726830216083,0.3071374389271978,0.32279298592070005,0.31344077347733745,0.12047128675956562,0.49896496222042075,0.5452754182685937
2018-06-26,0.3188371490336691,0.31134177698097854,0.3585994605876298,0.3148807683658933,0.022663510374345025,0.3132485437812157,0.3149769363903586,0.41501729385972835,0.5276749701103621,0.5078561338898113,0.4958361025243543,0.30539025248294227,0.3271858394768915,0.3147335905772326,0.11599180298620726,0.4912667461829655,0.5457028386580183
2018-06-27,0.31584149901349423,0.31200412389996846,0.35742243824291287,0.30877248629819765,0.023800204551334206,0.3123667185949367,0.31421260801633977,0.36828343553574433,0.5247507247737969,0.5097690404849854,0.48454086041437555,0.3051301758747268,0.32801610551732086,0.3150140700811366,0.11423587969234178,0.48333098967539306,0.5230257676834925
2018-06-28,0.3129289932221705,0.3073694978873145,0.35444029627039,0.31199196452069267,0.021325750010388417,0.3120122537086897,0.31349876116226316,0.3969820697843906,0.5251666335792053,0.5114017974445076,0.4822453026388223,0.3024396133964692,0.3328820182552944,0.3160571056514003,0.11072433164722056,0.4907496474708942,0.5743413972457136
2018-06-29,0.3167568925774741,0.3137421419934534,0.35538195651459303,0.3065436521207482,0.03480991872904723,0.3109142751527282,0.31302870404392313,0.35450561012847653,0.5216347429738851,0.5118381548734873,0.4724419550863044,0.302371475683746,0.3330225626518498,0.3160921640640484,0.11425621029076197,0.4805131378367794,0.5265631097829303
2018-07-02,0.30926716187977477,0.30174135724650464,0.34690592615651505,0.3085247869789688,0.02256297728086131,0.31113903838823853,0.31251537198178625,0.37356286833179214,0.5206728785517218,0.5119503490012844,0.46978574750335594,0.3024675774471014,0.3325985469488685,0.3159300102619582,0.11366926663366791,0.4881903449883162,0.5675260498998376
2018-07-03,0.31184696513547083,0.3160594531937182,0.3559312604839979,0.3178526238850944,0.014297146334630433,0.31126005795619227,0.31248619899721797,0.4575790199811754,0.5272956872404554,0.5136711961051126,0.4829671169479515,0.3026152157893244,0.33352608029256114,0.316469049118268,0.11918533586582,0.49414020153964316,0.6080921850955731
2018-07-04,0.31184696513547083,0.3160594531937182,0.3559312604839979,0.3178526238850944,0.014297146334630433,0.31126005795619227,0.31248619899721797,0.4575790199811754,0.5272956872404554,0.5136711961051126,0.4829671169479515,0.3026152157893244,0.33352608029256114,0.316469049118268,0.11918533586582,0.49414020153964316,0.5565593718828475
2018-07-05,0.3280746777501503,0.3297984119561066,0.37139218323444023,0.3367561502484463,0.0348796216738626,0.31381908179608453,0.3133670254962878,0.5895452764580944,0.5470325390051307,0.5199087445479377,0.5199771557240667,0.3071042616479066,0.33083419080775756,0.31743757895184843,0.12650218912601421,0.5043912773346615,0.6600325845532508
2018-07-06,0.34105653880288644,0.33641921173505374,0.38222231111791416,0.34294694767859457,0.03473753490173895,0.31753656990359713,0.3143107675889131,0.6247544977852535,0.5671977096804609,0.5298651421556787,0.5504495605757508,0.31223533752057764,0.32766413997693256,0.3184981254243573,0.12180089669726088,0.514612660570915,0.5898254486095889
2018-07-09,0.3498779937487463,0.34328893950249295,0.3899922251186062,0.34542371102307945,0.030771169253494865,0.32031173106495914,0.31569308716499067,0.6385828813518453,0.5846577862209471,0.5421303976969629,0.5693684385877184,0.31641283122580177,0.325100611814645,0.3193702537751948,0.11576341500819101,0.5240051732280685,0.5697888171803007
2018-07-10,0.35112611005298155,0.34966155389404885,0.3939946185065448,0.35640231487387297,0.019843221991815263,0.32445282778084195,0.31743127511444025,0.6955908150286523,0.6062339063909091,0.5572564552659298,0.592809969481332,0.32433763956453154,0.321067069187578,0.3214387774053198,0.11350096124214437,0.5311140199858932,0.6150611734793959
2018-07-11,0.35978106245442787,0.3489997103018676,0.39360239425739785,0.34699211583716527,0.018179734404971427,0.3278158991467438,0.31944299084527883,0.6040299635582096,0.6153582355928654,0.571604477595671,0.5864347163459716,0.3283718842307414,0.32015264933012666,0.3230602991559288,0.11045992732528376,0.5243528002603981,0.5069387008700481
2018-07-12,0.362277244134272,0.355372227546624,0.40231349575427877,0.3595390478861088,0.027372480473122136,0.33313276010296355,0.32143999314982186,0.6684265444224868,0.6312405849050715,0.586994463945083,0.594972612894141,0.33492683268173107,0.31789260928909424,0.3253085037606811,0.11380138116071989,0.5330350725142706,0.6233177129360908
2018-07-13,0.34238834048719113,0.34949625514730354,0.3877947860593992,0.34443314359396926,0.04112004589670827,0.3365303752455556,0.32329583118460004,0.5420295672702662,0.6313083612580274,0.5993231452557858,0.5698881519823851,0.3374265818369123,0.3184035699647644,0.3268511349307923,0.1218157386092116,0.5214799051406782,0.47714174161055495
2018-07-16,0.3480469595435961,0.33790906055488357,0.3786907735757894,0.33419702477337954,0.03484812130457104,0.33942655597487226,0.3243046262757511,0.46925285933354094,0.6226705994752973,0.6070587477990649,0.5322522733785868,0.33834636314230526,0.3192805929198955,0.3277626780650804,0.12403282697692011,0.5112354121299144,0.5019620814435658
2018-07-17,0.36910142473051033,0.3746563589434173,0.405374505857348,0.37068321877335586,0.07200716331802103,0.34593650521646346,0.3264104587991362,0.6411196564797879,0.6426712502755111,0.6181730700745813,0.559937643501266,0.3456725678181133,0.31856010062510653,0.33117663285329746,0.1669522625055276,0.5292452095538329,0.753104374582721
2018-07-18,0.3714315945726544,0.3623246867445342,0.40231380173310016,0.35986956903153267,0.033759683012454036,0.3503370052338196,0.3282692395191734,0.572208603126579,0.6490838322010146,0.6286438442088582,0.554664383244731,0.34974559554962925,0.31894894848331357,0.33346867776104583,0.16594532056560937,0.5192281727479454,0.5003022625702997
2018-07-19,0.36077949677854637,0.3511513785100575,0.3921111552474681,0.34451558234048674,0.025935527456928266,0.3511496626256575,0.3291956858290509,0.4848052745766794,0.6413411786363913,0.6351135718415595,0.5218796416701992,0.3508395198828228,0.32124419489539113,0.33517784757706126,0.1649060257282343,0.5108461875034664,0.4758627660723514
2018-07-20,0.34222182062657447,0.33824025441081185,0.3862250819295113,0.34377263761467003,0.024936228507700164,0.35123613841692125,0.3299368412390947,0.4807420903188094,0.6336544594407474,0.6383962380130156,0.4957647273976671,0.35120200930293033,0.3247331963529906,0.33710614975931286,0.15443102069986767,0.5026730305850162,0.552596976258975
2018-07-23,0.3459666555736455,0.34270953726470643,0.38881494109259784,0.3502113642118537,0.01686409132158124,0.35173755678198504,0.3306927100754343,0.5122548553590867,0.631534420655717,0.6405002393223715,0.4861066984565581,0.35269658402075066,0.3265184381126659,0.33876711069881105,0.14689885500783376,0.5091593140234594,0.5909240113396518
2018-07-24,0.3583662660175134,0.3670421374590769,0.40215684374398775,0.37274694560996446,0.03380525801483332,0.3534493553810304,0.3326632500507546,0.6082102577597002,0.6459823827755602,0.6457417422431164,0.5118155172564789,0.3577068159912048,0.3272922529510641,0.34173405547236624,0.15829718756393915,0.5191858748576297,0.6760949483270611
2018-07-25,0.37417754094879296,0.3638140968774717,0.4060806641139113,0.36663812723072076,0.02954399529237034,0.35550691271122237,0.3344514308924452,0.5706932415772672,0.6515675618837753,0.6513104848198104,0.5144969326184351,0.3605341875749636,0.32987955134570146,0.3444818760148318,0.15550526590096617,0.5100498106679201,0.5248401747151001
2018-07-26,0.38050247694447237,0.3802845235811889,0.42334691148308734,0.3803414235930346,0.03703438097753018,0.3576855778745355,0.33670138128990923,0.624028060920444,0.6651395948563218,0.6591080534220992,0.5327600258454048,0.36469818960858735,0.33319472469711175,0.348281501815189,0.1622137230039067,0.520751176917789,0.6281212363853729
2018-07-27,0.38116802270011474,0.3889745345017661,0.42405300825858216,0.3908247820372407,0.030196790179391246,0.3625442463251639,0.33938954338249105,0.6610454682731834,0.6823775419635705,0.6695915388341392,0.5547685399838189,0.3704616402087825,0.3356320225185382,0.3524667701546751,0.16562091758893802,0.5300236588067289,0.6106083670444462
2018-07-30,0.3961474936766022,0.3907954628035215,0.434334130378098,0.39594280313956765,0.05963757149578498,0.36901097773138847,0.3422012354713925,0.6784703844081401,0.6982305855812073,0.6818826781257687,0.5695805311154398,0.3750892296568199,0.34036521764304173,0.3572130097046884,0.15739399945376134,0.5454485229072488,0.5826915874400928
2018-07-31,0.400308314183924,0.3920367649593448,0.43841508661459605,0.39883191344851,0.03675489897764546,0.3719590343065361,0.3454952686152438,0.6884621386406014,0.711131036815629,0.6948927642645832,0.5754716115069075,0.37886567874590205,0.34607326384471426,0.3620074540636462,0.1458880131414075,0.5560914844542647,0.5712417436734691
2018-08-01,0.40122383727500044,0.3946853830401107,0.44084809168662764,0.39982255749355555,0.024499914881980847,0.37614337293010347,0.34845696121897907,0.6920441894532561,0.7201343854190683,0.707518213864724,0.5723198836988024,0.3826241361837893,0.3509131456376927,0.366359273251756,0.1353084885836955,0.5641734628078292,0.5615804989374086
2018-08-02,0.4053848695225001,0.39501648862642047,0.4330785096342552,0.3883485550043039,0.029814094203529914,0.3807340683339616,0.35116572483813846,0.6056352539977032,0.7165483059923743,0.7167353795666258,0.544392263569319,0.3850833667915122,0.35386277953650647,0.3690983363093121,0.1362484005176969,0.5549809547446187,0.4984554560129598
2018-08-03,0.3911542839365453,0.39253338508144875,0.431587195943813,0.39412669900625297,0.029381131680926723,0.38600772750302637,0.3542538901234521,0.6305090934806528,0.7161964153622484,0.7240224470969149,0.5285769588122069,0.3883841647671783,0.3559001222132231,0.37181549141809,0.13597163810176413,0.5640829845391406,0.5861295527587258
2018-08-06,0.39498233527117577,0.39112635833661447,0.432450440936336,0.3947045363912286,0.024966388435745272,0.3906675666290075,0.35695382295707023,0.6330515301144863,0.7144467280543565,0.7294211811357774,0.5131038755829637,0.3913189560675471,0.35811317572009826,0.374431831727299,0.13278858393741774,0.5722624441233664,0.5595008203771693
2018-08-07,0.39697956858945804,0.38814679815917463,0.4347264090294355,0.3900818373114242,0.01708861523036153,0.3924830767991846,0.3595625789536375,0.5958858699087941,0.7076859509727451,0.7320750971578868,0.4906127225026563,0.3935011127459517,0.3594435345854464,0.376219892123812,0.12304012684170793,0.5657292408397055,0.5330402610067182
2018-08-08,0.39373413741498287,0.3850846615419645,0.431508732338291,0.38768797240906927,0.010767764532728883,0.3946876598251482,0.3621566406322553,0.5764502934256486,0.6987629868834385,0.7320006467059997,0.46825637404848086,0.3946108612512943,0.3626267425367634,0.37838045273073084,0.11440608845461386,0.5605169362433534,0.5443281166662058
2018-08-09,0.39415004095963646,0.38442244848102036,0.4297820548051058,0.3879355184964274,0.013021716488633728,0.39548300119605717,0.36497715531740693,0.5778566851012954,0.6902467703410695,0.7298436784869362,0.45119213678096426,0.39602715413658085,0.36418548952688645,0.37988803362334034,0.1078517960203598,0.5662002600619958,0.5578269845223318
2018-08-10,0.39123751415681374,0.38367764885818745,0.42656433973493024,0.38422094809921614,0.01480584378765802,0.39479137139627973,0.36755061546944645,0.5450040081565215,0.6791476577929347,0.7253845700995146,0.4323283044165455,0.39578128937408763,0.368670957776532,0.3820003853537415,0.1051098268887235,0.5601440985479218,0.5375424680572934
2018-08-13,0.38732624472087995,0.3776358076102133,0.4233467124224831,0.3798459483386408,0.01114643918485087,0.3931055227563086,0.3701623168810365,0.5068031976699765,0.6656515657747777,0.7184934118904995,0.412399986946123,0.3928528735583253,0.3765478932698444,0.3844239064271726,0.09921939423793821,0.5548526604812771,0.5340842860000576
2018-08-14,0.3785881507431569,0.37407689775165,0.41942253594177636,0.37390239053210916,0.016272286511273777,0.39049461504647953,0.37249166791498756,0.4569140528654518,0.649244178062478,0.7089396082814106,0.39058215970725885,0.39288751470116356,0.37685453320997564,0.38459481364659887,0.09448130003141825,0.5484900493512735,0.525902078110453
2018-08-15,0.3792540463071429,0.37631168940472515,0.41612634532205817,0.38157938387763213,0.021865277612084344,0.38858397909868014,0.37476220073068356,0.5129021984290425,0.6410511957217541,0.6992787649480441,0.38970507175108,0.39281566298599924,0.3792376952760129,0.3857473970959018,0.09729250568752529,0.5560214548345368,0.5963780158170006
2018-08-16,0.38982272053773104,0.39402303508206704,0.4289972684154223,0.3985015455349573,0.03851489833423366,0.38964731758867865,0.3769621391275605,0.615196205013204,0.6463843311119936,0.692863556186925,0.41629993653322855,0.39203156769974423,0.38578864857755224,0.3886135352050344,0.10659092663199779,0.5670322119443639,0.6437045548937814
2018-08-17,0.4017230432528046,0.41156906875997645,0.4417113097160782,0.41492869163350166,0.030736317781087173,0.3918259426314611,0.3795267903321685,0.6918234338379332,0.66187943619772,0.6915475856073642,0.4580833064449585,0.3929105487290162,0.39244967755668936,0.3923912408538941,0.11898725833695709,0.5764174415210657,0.6398463060199384
2018-08-20,0.4223610720619936,0.42911483659076444,0.45591626560668363,0.4348225555781572,0.03900751049230385,0.39602756517953297,0.3827119987167057,0.7637007359039625,0.6877833103744169,0.6968745188386243,0.512515536776814,0.39963229498550146,0.3945127010037498,0.39688328555745,0.13373768868213057,0.587531142171893,0.6559301617320543
2018-08-21,0.43958745308345926,0.4316805848699161,0.4661189256363557,0.42219287831895447,0.024913441006510523,0.39939060444901064,0.38505606317695207,0.6618493410672766,0.6969324145971634,0.7033893433893699,0.5222491676937807,0.4040052341749155,0.3952593094952762,0.39950839148671435,0.13708870653460967,0.5793627472675842,0.49458426320138354
2018-08-22,0.4276040204961319,0.41719696426520203,0.45921259334259334,0.4160843664034527,0.01724812773868902,0.4023646029591267,0.3875177640737092,0.6163213978175555,0.6977856716586895,0.7088113465903672,0.5132945440660583,0.4055140147002113,0.3989614375629166,0.4021335136862709,0.13110869310507559,0.5727962098849328,0.5262454471501175
2018-08-23,0.4196982090278466,0.4156244791421637,0.45670118452867847,0.4202116668447987,0.01972258227963481,0.40574493417721447,0.38967948031938093,0.6343366016046268,0.6998763152823686,0.7136638412211158,0.5086279671360652,0.4085162976969393,0.40010395367074436,0.4042502421253402,0.12691440712075822,0.5798798459796555,0.5771539907641302
2018-08-24,0.42385914219880505,0.42108680484576944,0.4624302842913589,0.4271456388485698,0.018059094692790968,0.41024050380345056,0.39262645949681996,0.6639871301711222,0.7050367519424496,0.7188167698975827,0.5110897362120262,0.4127824568822739,0.3995647861123487,0.40617853210487276,0.12228811849876262,0.5866158550420486,0.591030827277132
2018-08-27,0.43461933352450954,0.4277631963575339,0.464583911631676,0.42606543077501235,0.014818577979499292,0.41508114208770885,0.3958996563544165,0.654907490583311,0.7064781670872146,0.72329411032333,0.5055539379647661,0.4162641940414916,0.39917581995367424,0.4077777554196842,0.12355460082745187,0.580557032402425,0.5512224205111447
2018-08-28,0.4285873524444227,0.4181815419111923,0.4620554311466719,0.4210793423134872,0.026290074166614164,0.42002205762569556,0.3976952293961832,0.6122582232016505,0.7020333296056825,0.7257812903186904,0.4892464805592107,0.41847687457992555,0.3992587834908582,0.4089588810295104,0.11620990992741526,0.5721009558202736,0.5319010204278735
2018-08-29,0.4247341182613823,0.4185151301427843,0.4624507166197148,0.42556681426726606,0.016982050151268795,0.4246289296274183,0.400035969004254,0.6348810960590905,0.7001972244438723,0.7273188309950519,0.4814650964512939,0.4212174709515534,0.3991689144581855,0.41032565474371907,0.1090738712382198,0.5786118896848611,0.578850987432062
2018-08-30,0.42791733141080723,0.42401389965541925,0.4676649492631296,0.4263145857970144,0.018142872270694062,0.42754183259381306,0.40295040120920234,0.6387387179875339,0.69759562814753,0.7279081319991979,0.47369518110738196,0.42377630074834716,0.400566495164954,0.4123412877206749,0.10244754887542104,0.5853654061521861,0.5602590690238284
2018-08-31,0.4270796780360727,0.41901492575807286,0.4626876476016156,0.4241540930339641,0.026973699202303414,0.4285080232314563,0.4058143273263356,0.6176840874736584,0.6922228924884293,0.7270563539844053,0.461886919642343,0.4258110349637948,0.4016605430863006,0.41393545504210927,0.09661011941238887,0.5767664691457899,0.5458771800731664
2018-09-03,0.4270796780360727,0.41901492575807286,0.4626876476016156,0.4241540930339641,0.026973699202303414,0.4285080232314563,0.4058143273263356,0.6176840874736584,0.6922228924884293,0.7270563539844053,0.461886919642343,0.4258110349637948,0.4016605430863006,0.41393545504210927,0.09661011941238887,0.5767664691457899,0.5565593718828475
2018-09-04,0.4278337106883491,0.41693214581123494,0.458500533865985,0.4160937135475745,0.015360786463688115,0.4265465224751922,0.40816166204348436,0.5420378860660653,0.6802750897515446,0.723432378947685,0.43917142185400426,0.42668722359199196,0.4030313325308722,0.41507101569794025,0.09413520958405866,0.5705943385814464,0.5166292566933743
2018-09-05,0.4176970786999624,0.4268466680186187,0.4586585467812826,0.4338765786234645,0.02721028708230175,0.4277701745806367,0.41033966132957456,0.6428878802242919,0.682870819114702,0.7211724855234911,0.4503487633659414,0.4296308307915734,0.40465179839416854,0.4173960974344999,0.10414534294443945,0.5792427164993705,0.6452924925657658
2018-09-06,0.43461912391321633,0.43826068065153234,0.4722470106400415,0.44226924142179247,0.02980538133542799,0.4305125572686469,0.4130343366383239,0.682211805815758,0.6897247448501613,0.7210525830159911,0.4678839380128781,0.43343466796056995,0.40653184133823694,0.42029384058670893,0.10975859485032191,0.588433403792468,0.5977775288022852
2018-09-07,0.44534219669886277,0.44142683472673516,0.47675042704980963,0.44600886522988803,0.028553409211244156,0.43321433797987374,0.4153740143683188,0.6989703391596276,0.6963152266043531,0.7225797912049006,0.4813804316190311,0.4372171254451088,0.40880535718136357,0.4233769796537674,0.11297209597756788,0.5973624604262618,0.5747899369475835
2018-09-10,0.45162554014651046,0.4479257878306906,0.4871002965973853,0.44509514358400926,0.018614037368821064,0.4350942175290545,0.4173076233706602,0.6897545813692227,0.6991024389302495,0.7244880035508153,0.4845023955405506,0.4395492698733602,0.41287332519405406,0.4266088169910631,0.1103805316925128,0.5905104823135994,0.5521196014711235
2018-09-11,0.45254691462076047,0.4515915515254705,0.48836426611278705,0.4558976073992608,0.038483397964942094,0.43821858778717904,0.41944376446030895,0.7385804888649821,0.7077452057894174,0.7281431486030656,0.49881683485105327,0.4423566373227864,0.4180651663272511,0.4306464324266017,0.11102460950728074,0.601514656639172,0.6090905711260451
2018-09-12,0.46310207211677745,0.4605894231564134,0.4989506050173752,0.4629607538701582,0.03118402515740131,0.44260489316087315,0.42172862307585646,0.7671076896139966,0.7180471606704408,0.7336044712797755,0.5136167294866906,0.4438338341375857,0.42601296383143905,0.435374579411415,0.10930835632742744,0.6109934457878303,0.5905843169002725
2018-09-13,0.4713958333313414,0.46467197517539205,0.5025850185771848,0.46736509753400124,0.02909561769543298,0.4469824923794662,0.42413510904243046,0.784113710399049,0.7275194029452303,0.7403063911182312,0.5237822342689814,0.4458721046865325,0.43303372336758816,0.4399289800107704,0.1075043522888782,0.620035810346344,0.5776467928897814
2018-09-14,0.47231729278013856,0.46358891153139137,0.5032170199816334,0.4640411917915218,0.0162186688614158,0.4509336585043481,0.426831976351424,0.7466382433510377,0.7303847171959718,0.7463736080380823,0.5185814521348924,0.4485646776268234,0.4372259794889807,0.443408508145118,0.10362011559320813,0.613684403955497,0.5407052433564057
2018-09-17,0.4667044061899316,0.46400528265613894,0.5038488495306167,0.46794668909981263,0.021317037142286492,0.45552012520429985,0.42946212277627616,0.7636629825019048,0.7335123939343937,0.7519976783054304,0.5149502900186304,0.45306460664017745,0.43822146765629666,0.44622325653556016,0.09969773902708631,0.6211012409808853,0.5752409522686898
2018-09-18,0.4745791467632253,0.4676712298286618,0.5089842406712549,0.4727662911336591,0.016529651230592086,0.4614555324020869,0.43224339983812954,0.7841531014440009,0.7375017984327347,0.7574794610086428,0.5137843797954872,0.4583595607019112,0.4367933070805724,0.44823770584874034,0.09384628289986058,0.6275176348588398,0.5795360703357666
2018-09-19,0.4786838962527188,0.4689209868478772,0.5107222952157923,0.47210157127791164,0.0196709752916465,0.46545889533704277,0.4351656964922722,0.7757431904276411,0.7379702175383178,0.761980251301257,0.5057460871499568,0.46271087572363345,0.4376114476599112,0.45088737991959804,0.08767647789706517,0.6204447833255553,0.5534035018800825
2018-09-20,0.47918663768444014,0.4785022029576329,0.5143564163993705,0.4847323211602105,0.019465887780939724,0.4699061197241242,0.4386233079955574,0.8272072325155149,0.745737018687457,0.7674937223737245,0.5140440356121673,0.4686767546150755,0.43875661763489704,0.4545319294950796,0.0897319912430124,0.6274747767315663,0.6165601456536832
2018-09-21,0.4905798079424347,0.4867506258880592,0.5236791168344458,0.49221133892859503,0.07485359030485654,0.47474497665683224,0.44233857097460405,0.8531303300880002,0.7552344617795553,0.774243567486825,0.5241749359642752,0.4755519469672048,0.43931996221783065,0.4583544231914698,0.08911601639600653,0.6460794057454541,0.5917071445392905
2018-09-24,0.4899099004230668,0.48150187848720916,0.5121446033898848,0.47218492941565404,0.03078390344533613,0.4775821320617971,0.44547265634473143,0.637702952481791,0.7451628280018109,0.777162961344526,0.4927880589378142,0.4778432785819281,0.44174587068165294,0.4607455785856529,0.10127298741825069,0.6366842319627509,0.4630377600475376
2018-09-25,0.4767573900157861,0.4686712894010132,0.4976867529451495,0.456977968704689,0.03932787595020529,0.47769527998168326,0.4482208077241919,0.5144041299020514,0.7235215460430573,0.7741685749888896,0.4443302977129711,0.4779789007093226,0.444893729352578,0.4623867385792444,0.1116150571359926,0.6255035829954637,0.484325794398248
2018-09-26,0.46352125106135433,0.46067298129176226,0.4942106953610427,0.4529893431064621,0.03363435175591101,0.47665095862310325,0.4510386117539976,0.4853851068517326,0.7015526513832664,0.7663624786967888,0.4049029462096933,0.47711599934174453,0.44917803951568647,0.46408085430717394,0.11574785321256131,0.6155127372673546,0.5373631820152796
2018-09-27,0.4593324143819354,0.45717356735267933,0.4911293663472519,0.45348772976640184,0.02905808534053239,0.47519756031227056,0.45360064784498977,0.48862523768013516,0.6829733152142878,0.7555418084719556,0.38020140192545987,0.47637969867413676,0.4529074397363725,0.4655631877734805,0.11926986202231735,0.6245472585084587,0.558966306954816
2018-09-28,0.45640053542672343,0.4486754625979159,0.48986536678112136,0.4530723181645274,0.030318100112194928,0.4740487731165871,0.4555449602507643,0.48526597333833726,0.666569762161193,0.7428453396654118,0.3648310302681858,0.47537964797808663,0.45678528588694045,0.46698376734480807,0.11349317825854288,0.6152494258971775,0.5545540315032583
2018-10-01,0.4577408278726217,0.4594232426370839,0.4945266047497997,0.4657032212786968,0.018477312361683214,0.47381381124224464,0.457354015595402,0.5681673933807037,0.661931578077204,0.7315458541006941,0.3762779691001096,0.47440074019515877,0.46221450283402354,0.46918962851346957,0.1154931751220531,0.622072831924991,0.6175553195490564
2018-10-02,0.470557741317266,0.4667545503666748,0.5075619096273453,0.47226752139404204,0.02898168018948477,0.4737615743116398,0.458688149382802,0.6060589049714358,0.6619727833788669,0.7225164138553507,0.39487881493603016,0.4712848966369735,0.47140425142305,0.47217192024037447,0.10924994169846386,0.6310913864127972,0.5879141280060408
2018-10-03,0.47684069897669323,0.4712536291094991,0.5014786521712907,0.4602183630775548,0.022096503727096886,0.4725170274339533,0.4600429665896907,0.5045974499757875,0.6515926004108219,0.7127363886981419,0.38872849092566,0.4695184515186873,0.476028690200092,0.47357041695727964,0.11723369531267247,0.6235116604919216,0.4993295119041727
2018-10-04,0.46017024445675625,0.45675701287678905,0.48915430614204636,0.4628778554280283,0.01758524871217107,0.4702281752458991,0.4617101806831677,0.5216257988027722,0.6442976605845999,0.7031157416270899,0.39003444159762457,0.4686539299252651,0.4791126758399168,0.4746645371782505,0.1227535216719621,0.6301486476720193,0.5693228986434735
2018-10-05,0.47064149535703537,0.4627553464562082,0.4989503882326892,0.4608000312593016,0.014707321356043983,0.4669384201372838,0.463156311215292,0.5041571780793681,0.635917753725591,0.693355387006473,0.38888967212126546,0.4679242094321884,0.4814388280867671,0.4754498065728654,0.12240883548231976,0.6241130748661454,0.5466103095163984
2018-10-08,0.4631018667271928,0.45800633347085573,0.49942441757932576,0.4632098322762249,0.020503389305691642,0.4659984442542161,0.4644412492014486,0.5212052249152181,0.6301796401971836,0.6841338977694508,0.39330515750431555,0.4668688943922189,0.48445444124519754,0.4764115232214843,0.11546118266810815,0.6313598799748341,0.5681187515849441
2018-10-09,0.46176149199290484,0.45750635878329216,0.4930250022522388,0.46163085446305063,0.01581988759059707,0.46648574821667854,0.4657084164259754,0.5065040573595663,0.6235578969201842,0.6751258769721038,0.3950543267844826,0.4667389751663483,0.4851982816303487,0.4767159037849913,0.11689971299603341,0.6250918088314633,0.5490010584514124
2018-10-10,0.4668720714794262,0.46450536538197196,0.4923933430864983,0.4494158992623035,0.03452105364043736,0.46611149588482925,0.46671802498670634,0.4023045314270118,0.6082697525624161,0.6641542350203944,0.3789643333113481,0.4673554570322095,0.48312153438492567,0.47599680160218116,0.12791394848049883,0.614915664729554,0.49800852553597424
2018-10-11,0.4548083657178411,0.4495082074705481,0.4540760524546875,0.4170905634833896,0.06359254339343424,0.46229956404871164,0.46641602304025376,0.2157462761271028,0.5711459035406787,0.6462339115022625,0.32202654732232017,0.47377797659062193,0.47114710789800995,0.473327704869716,0.17022700475371186,0.5986643110570047,0.39995824601569974
2018-10-12,0.4254041151284932,0.4140993489321978,0.4489408765069228,0.41734002496913336,0.03272754325268792,0.4585572654051887,0.46609626671075344,0.2178648232074818,0.5419907519362063,0.6247172053894562,0.2925576386447753,0.47757695620487695,0.4622599344600572,0.47084831974717134,0.171646166675024,0.60846565663413,0.5578030216491504
2018-10-15,0.4210481608713269,0.42151456939451415,0.45905354812991217,0.41800497467268716,0.028710911057701974,0.45356175384940844,0.4658771786066588,0.22389292021794704,0.5197255855649351,0.6020202863100336,0.28288692447082353,0.4794426235133701,0.4550230609373692,0.46819689255230257,0.16886120797925916,0.6174276271891959,0.5598736273663842
2018-10-16,0.4283363210489831,0.44392637507504307,0.46885005687783676,0.43969341367280335,0.0501184279841238,0.450150216882761,0.4667180167974153,0.395114315012362,0.5190233653589424,0.5836898054467148,0.31866570096336005,0.47789169712143875,0.45310586572530787,0.46644103919968627,0.1899448772310525,0.6308632299117234,0.6645947414246948
2018-10-17,0.4407346211432982,0.4606726415041633,0.48038464470967324,0.463791730305778,0.04119309994463977,0.45052446119050427,0.46778386940924077,0.5315068536037093,0.5370470463719109,0.5734643649739026,0.38507873928952097,0.4769517590392599,0.4531919545967661,0.46599986615243894,0.20689250479817514,0.6424336637424164,0.674304678009246
2018-10-18,0.4656151102984297,0.45908949979287295,0.492235152825487,0.464123937001781,0.036654365884161745,0.45065496525184934,0.4685625345021659,0.5331585289155476,0.5515498635713354,0.5688558243972208,0.4311038508377436,0.4737819851509196,0.4542709289010579,0.4649057581341871,0.2048509285176006,0.653055616403514,0.5581487935483216
2018-10-19,0.45841074895330414,0.46067264212191184,0.49381533337092576,0.46038469627336254,0.025534735524239863,0.45061146657276974,0.46907473371237074,0.5075644680349662,0.5600475269570659,0.5672618304478377,0.45580517138011634,0.46801911385983497,0.4568325306716473,0.46321606792580283,0.20285004035657597,0.6447573865842295,0.5386743410012176
2018-10-22,0.4606725296615829,0.4545071284025177,0.49563227517436215,0.45730986893695,0.01842704581494136,0.4499935542355832,0.4695099344781374,0.4862148208929122,0.5642463021036876,0.5670207264179794,0.466890807693751,0.46614597590142626,0.4571833103427817,0.46242634453863096,0.19078775568721654,0.6379444849993753,0.5418046795150568
2018-10-23,0.4538033817890098,0.45642378212941703,0.49018125542364965,0.45938761648974114,0.04133786759925632,0.44975861643355863,0.46963428067380064,0.49901271591383417,0.5689287440543266,0.5679810537179152,0.47673538601877974,0.4663561675032549,0.45722270251178576,0.4625542737805608,0.18926551660714439,0.6495451716257907,0.5665561360250212
2018-10-24,0.4599187341878376,0.46158911975064676,0.4879689828836432,0.44725525326738225,0.041314409877443455,0.4495323286178926,0.46907470641473414,0.414588732808386,0.563182217091748,0.5673340379231308,0.46356474979616763,0.4661471627714239,0.45682850358503513,0.4622498484737496,0.19731985139815642,0.6379493870727562,0.49829142009694344
2018-10-25,0.4510387283038274,0.4530908342100086,0.47122006031945085,0.4555649410076451,0.05097564016122827,0.4535618100181512,0.4686542764003009,0.4688737459087488,0.5648013621964886,0.5672151948169774,0.4678926187916096,0.46628216122794075,0.4569101291646521,0.46236012851594865,0.21637066731272223,0.651564125562548,0.5968920624819998
2018-10-26,0.45506011398187207,0.454840828163086,0.47343245779200915,0.4431006009370896,0.06203897198879926,0.45625975520666995,0.46790818011797575,0.388992485893983,0.5564506040731357,0.5650634622354321,0.45123503781271945,0.4660278293396122,0.4561119958314267,0.46183072574034,0.23332441251156535,0.6356374292070575,0.4964981656178592
2018-10-29,0.44710161532734183,0.4531744654990546,0.48046375320074286,0.44792020297093604,0.0312865689127547,0.45939282359578903,0.46719465264625104,0.42129019653604033,0.5534647310001317,0.5626067034123732,0.4487356400932631,0.46451333461818967,0.4557834108640212,0.46088661761572136,0.23760051905460758,0.6451376474193524,0.5800376400250777
2018-10-30,0.4549760432228179,0.46983740890297043,0.4866259434888768,0.4745112956788996,0.05047632579692583,0.46303935453320355,0.46725682574408267,0.567761479208686,0.5711933231750255,0.5650075649129743,0.4885391832202092,0.46494740918504884,0.45557413917332645,0.4610057405618646,0.25440547685547954,0.6586480417757494,0.6855493439421554
2018-10-31,0.48069444584913745,0.4725867072522021,0.5072460440111014,0.4681959207377503,0.05263912774807211,0.4635006122473183,0.46711767058039444,0.5262066563452794,0.5800447665546689,0.5691082229767169,0.5024673870113728,0.46600151274667445,0.45533490338014315,0.46142927254452704,0.24602456055962849,0.6446856762536282,0.5266207947499894
2018-11-01,0.47290345426121283,0.4738363583532563,0.5091420416983706,0.475092887244711,0.032161206826063,0.46464940746710803,0.4667742253615813,0.5600539291839257,0.5918397211574139,0.5752936580030404,0.5195501362200697,0.4679073247003299,0.454667491694556,0.4620777738608406,0.23729552624300906,0.6543686717734132,0.5894325358365682
2018-11-02,0.4888205216612004,0.4773358213619405,0.5076411592522806,0.47392962749715284,0.03725287290070145,0.4660679891816434,0.4661228627983972,0.5518217405542125,0.5997062596207668,0.5821794085669657,0.5252885508852981,0.46973481715615983,0.4541781683775624,0.46277482979738593,0.23560714387071816,0.6436216462114815,0.5510475799515208
2018-11-05,0.480694542621911,0.48350122897011416,0.502426873505217,0.48656053061132243,0.023367242028731014,0.46913145647459265,0.46663505381931103,0.6130046395448963,0.614845081739582,0.5914164586539441,0.5445551970483101,0.4737420161400191,0.45252673423291767,0.4640145284600179,0.2487673184319907,0.6514669244503655,0.6164670459898678
2018-11-06,0.48513448063390296,0.4842510110196634,0.5187016944539616,0.48963520471586397,0.024690927759599905,0.472299333435903,0.4677986046736461,0.6270077016263451,0.6282766589608224,0.6021140812604923,0.5565231890689225,0.47822935144655865,0.4508748084035886,0.46550129151344266,0.24026326226362207,0.6595888196871749,0.5709864999470735
2018-11-07,0.49828683562386533,0.5012472146579676,0.5337914469224788,0.5077503531036923,0.03390445066707058,0.47863507933441707,0.46974969508266573,0.7011161756729198,0.6516005725247984,0.6164164860263575,0.586060924128774,0.48716586283371355,0.4478576959363151,0.46859829286966526,0.237941907685947,0.6696361092887848,0.6413395095132963
2018-11-08,0.5084231281237154,0.5089120353679923,0.5419286995106133,0.5123205702677304,0.022668201918707595,0.4845791846631985,0.4718458615128204,0.7177189080803803,0.6721579671572544,0.6329213671767875,0.6041081073003587,0.4937169348585547,0.45122623511268845,0.4736540950713295,0.23042137348160338,0.6773353057409162,0.5776261774919912
2018-11-09,0.5145387835960095,0.508495816461839,0.544931137668821,0.5126531600434107,0.021636062158941476,0.49186353235882063,0.4739686786258924,0.7189676511784702,0.6871064519506007,0.6498068446954921,0.6072267297840451,0.49843414857902013,0.45649594950682226,0.4787143105898197,0.21891454400774726,0.6848188109642854,0.558086669797238
2018-11-12,0.5141202759108486,0.5126618430520369,0.5476964527290616,0.5149801392341392,0.03283209766991098,0.4988868237871157,0.4757243752796575,0.7281465068912665,0.6989995398378637,0.6662443039434293,0.6035556494249457,0.5018373342760664,0.4632983624759627,0.4838627639718178,0.20980771568731318,0.6946420057827658,0.5672422371453703
2018-11-13,0.5241728460054579,0.5169107060840692,0.5373467555261432,0.5071687615378809,0.035638311419353016,0.5023070909811823,0.4769678781827448,0.6554784836818093,0.7006903154434125,0.6798106823175681,0.5800298932384107,0.5050271312820812,0.46718341769462823,0.4874450593408277,0.22049750987730063,0.6842323829286835,0.5207672924925174
2018-11-14,0.5143710219627985,0.504912881524338,0.5384524487413626,0.503595241077787,0.028941466952091287,0.5060145168596663,0.4785133611941751,0.6234130554376247,0.697575869245217,0.689896746755754,0.5515120559817022,0.5082326140874639,0.46810915708642586,0.4895582449237168,0.2138022780040927,0.6752222319952447,0.5400789561525801
2018-11-15,0.5008838581920051,0.4982479325255109,0.5299202705177165,0.5056729886305783,0.030448122913100534,0.5092172184413793,0.48003811710989785,0.6344048229206749,0.695009154106424,0.6973334574402944,0.5298031410469285,0.5114045264619235,0.46925519013408945,0.4917641020248049,0.21053084104128197,0.6845472360989804,0.5661701259433658
2018-11-16,0.5117745358436973,0.5168275102192827,0.5462743376627727,0.5180547367227456,0.042756054437999895,0.5138385097617343,0.48207805586754027,0.6952181056007174,0.7006991353814334,0.7046841773246577,0.5290985288509739,0.5162091983887688,0.4704310016039862,0.4948258293870045,0.20970251829942224,0.6964442880760846,0.6137328367277202
2018-11-19,0.5261833601902114,0.5309910727001077,0.5606530096909853,0.532513619440221,0.04423255047096403,0.51865124822914,0.48454729364184856,0.7537840196217782,0.7143652200226445,0.7139304911940557,0.5446311048670539,0.5230757506872402,0.47134404211220693,0.4988184289909179,0.21114222219038029,0.7086498905577103,0.6226427068287239
2018-11-20,0.5351470446173191,0.5335737307223445,0.5604949952961945,0.5218770291251648,0.04572781268137845,0.5220279846477026,0.4866938160228155,0.6573566697480913,0.715131800242519,0.7215163387308823,0.5310251746222743,0.5268439871925242,0.47410191770483834,0.5021360189045505,0.21195310154046829,0.6961318159128584,0.5085181438801711
2018-11-21,0.5245079713619482,0.5125783578416196,0.5164897324276708,0.4848156792979529,0.054693353958255975,0.5196260005879744,0.48795508149824174,0.41471427525771215,0.6857843102275256,0.7203571995893384,0.45936838977606176,0.5250849962878256,0.4799118603504936,0.5041301181494537,0.24710600535482083,0.6817401688218048,0.38770502159756737
2018-11-22,0.5245079713619482,0.5125783578416196,0.5164897324276708,0.4848156792979529,0.054693353958255975,0.5196260005879744,0.48795508149824174,0.41471427525771215,0.6857843102275256,0.7203571995893384,0.45936838977606176,0.5250849962878256,0.4799118603504936,0.5041301181494537,0.24710600535482083,0.6817401688218048,0.5565593718828475
2018-11-23,0.4878157178535233,0.4834182431702343,0.5229683996968911,0.48681022194487256,0.008645846039599314,0.5169542621299247,0.49043913642986603,0.4255458958815071,0.6627360458254945,0.7137534695731148,0.4147551855218438,0.5238753999877922,0.4844832218917071,0.5057889436130685,0.23198772816964333,0.6865090458660394,0.565932097148841
2018-11-26,0.4966472806082537,0.485289138485256,0.5230953930604268,0.4871444206551966,0.03670128132778748,0.5142826921781029,0.49292621048013274,0.4274662428319896,0.6436291427456017,0.7037647610809716,0.38701853099291755,0.5201719192672355,0.49298922034952486,0.5081272490298139,0.2201425325295487,0.6971408026738989,0.5581271832406948
2018-11-27,0.4845916898521522,0.4961893317627035,0.5146678142418081,0.5026156297274426,0.0257847278167027,0.5129877378659992,0.49594081955302205,0.5117224413329735,0.6392839918789962,0.694703653160087,0.39461932868450145,0.5166682193664193,0.5024219545900167,0.5110310528659587,0.23412850357289602,0.7054912745895003,0.6291182411421706
2018-11-28,0.5120753247206319,0.5231035501356549,0.544085246918295,0.5295432196237927,0.04220044154134658,0.515331049662043,0.49914209532664555,0.6259176735172054,0.6552242946004196,0.6913806083063159,0.44163725629908734,0.5202485912790534,0.504580519237961,0.51395272148321,0.24340965551973495,0.7172722174570956,0.6812165341868842
2018-11-29,0.5271661084513583,0.5284696502783899,0.555852259712046,0.5246092299983568,0.032070727041927656,0.5175318774063592,0.501308973555458,0.594900519275519,0.6627625037727227,0.690578712715718,0.46229565830251484,0.5211621908660987,0.5096378123561346,0.5169477284436614,0.2416530929866614,0.7076081299346371,0.5342204594540119
2018-11-30,0.5248055406591491,0.5267927625169324,0.5579195327949135,0.5333899525096125,0.06972104077220138,0.5204347181437251,0.5037768655562666,0.628876022954578,0.6740115901374956,0.6927076662065617,0.48631115767028466,0.5237855440057059,0.5131311867802962,0.5200427448242053,0.23515195767256006,0.7251401852927715,0.5964754014075061
2018-12-03,0.5267445765813333,0.5236903946376255,0.5566472855539776,0.527619699949012,0.0449872188927151,0.5214364716195311,0.5061723942513839,0.5909402961132357,0.6770273410350123,0.6951535601871306,0.48890818123550933,0.5240704843785654,0.5185475460573931,0.5228931739659815,0.22975051174425512,0.7127768761075184,0.5305160381303251
2018-12-04,0.5330677232733255,0.5434782023633773,0.563644111385795,0.526114503281652,0.051530582837258365,0.5207662822312092,0.5086238476152442,0.5808492715258209,0.6767860009365917,0.6970508371672784,0.48441279069827997,0.5250273922352245,0.5217670193845728,0.5249931114632465,0.23754496083020413,0.6990461685674573,0.5497337893695202
2018-12-05,0.5330677232733255,0.5434782023633773,0.563644111385795,0.526114503281652,0.051530582837258365,0.5207662822312092,0.5086238476152442,0.5808492715258209,0.6767860009365917,0.6970508371672784,0.48441279069827997,0.5250273922352245,0.5217670193845728,0.5249931114632465,0.23754496083020413,0.6990461685674573,0.5565593718828475
2018-12-06,0.5177238306198847,0.5221812200451119,0.539553254480928,0.5251109877594552,0.06338678566210425,0.5211049797490018,0.5109655180727338,0.5737478173416992,0.6743752434261897,0.6979749277536211,0.4764384608792711,0.5256443237352931,0.5249035604012574,0.5268765361113588,0.24997029816797703,0.6828378130814209,0.5520031430433775
2018-12-07,0.5260701152562556,0.5296433927682309,0.5501276353035786,0.521096695822861,0.0491244907998815,0.5249047470402967,0.5135964288314191,0.544455239489217,0.6680136459060835,0.6971474405520264,0.46208595957677406,0.5264137709186804,0.5255290726258649,0.5275850992122366,0.2568498496713051,0.6696099182110065,0.5383184235734452
2018-12-10,0.5252269533738189,0.5174019096452203,0.5362934021443156,0.5196750105251143,0.03172288253847401,0.5283467274654255,0.5158806186548622,0.5338084620985579,0.6605913039675398,0.6946574467438944,0.4484633112421926,0.526891997148783,0.5258178032268052,0.5279755496227834,0.26620232003281175,0.6600185214338257,0.5500779087102403
2018-12-11,0.5328143787493534,0.5369379181988945,0.563405189843137,0.5300446709211498,0.05189183175317651,0.5328397374018207,0.5189783654107322,0.5902901520449022,0.661346449737117,0.6928514320165635,0.45406786430040236,0.5285867737316273,0.5259187176858878,0.5288988724488022,0.2690639510432544,0.6738247209039535,0.6038899810197391
2018-12-12,0.5388003486317255,0.5392857431040725,0.57302576424047,0.5350624783799408,0.045268711554469494,0.536237946328263,0.5220831740652708,0.6157707991906516,0.6644494441664603,0.6921708381084073,0.463289609337535,0.5308804253958589,0.5256878529162875,0.5299650525100708,0.26155802354824154,0.686246854969778,0.5792684754908363
2018-12-13,0.5384634508538909,0.5401243993210814,0.5714358987275708,0.5412510539479617,0.026094369744632535,0.5374641260271237,0.5244610575678884,0.6461976121174222,0.6702426244864906,0.6930531305920068,0.47609596548557903,0.5342107761786642,0.5258762435909984,0.5317744961384312,0.2524705452530215,0.694662034254008,0.5844527798959537
2018-12-14,0.5163749112459698,0.5132097847814743,0.4394536032880868,0.4171487149783769,0.3754931148235376,0.52620961914752,0.5226422869942734,0.13525545388977273,0.5794702257894144,0.6714031753232846,0.2914657895148024,0.5521895675830765,0.49812986291116,0.5271850127209892,0.4118346497653651,0.613231312315857,0.0
2018-12-17,0.38131586022777786,0.39808916655173565,0.4126596700960089,0.38486873583323467,0.233358757035641,0.5106547611185904,0.5194276735952547,0.08003992541273325,0.4835688181709671,0.6304642290299735,0.13341099416924573,0.5703380480565797,0.4665541525650515,0.520771462749851,0.4383837809284685,0.5615030933483626,0.39564118651487656
2018-12-18,0.41276211444711575,0.4077314678471682,0.43150280519984674,0.3955729014033357,0.1509685358226221,0.4968252945244124,0.5166358869431898,0.12877265847928432,0.4172732703533682,0.5813855394318092,0.06671359871844623,0.5781147385539093,0.4455025285975426,0.5142688491978629,0.436463410440441,0.5960138300095408,0.6115154287911884
2018-12-19,0.39438347033403287,0.39557408512637116,0.41472699544713454,0.37207402784912624,0.12812741698312252,0.48069239594142654,0.5125568256272489,0.08926973786900771,0.3490430300564694,0.5253185713911357,0.009451354278572743,0.5848330983414215,0.4215058590676538,0.5057510419668154,0.4410324954431535,0.5662763122290203,0.4370983005509904
2018-12-20,0.3762574600384839,0.38215853005826883,0.4121031641592535,0.37759328660527436,0.09714646867455828,0.4652426376539812,0.508564862881404,0.11470787873157617,0.30203616865782623,0.4688879592017529,0.006471638987627981,0.5880312642379394,0.40285993930966557,0.4980909557426445,0.43182973086257037,0.5895395916656909,0.585235432787678
2018-12-21,0.3769318507685194,0.3892854101871148,0.4149653595165409,0.376087860090108,0.118079469399737,0.4500556367443528,0.5038738349518704,0.11196271515910333,0.26687655291870693,0.41508421871925316,0.02799633509543159,0.5921765798634574,0.38701833638238414,0.49231854884806103,0.42847193975737374,0.5619018420030936,0.5487779679537748
2018-12-24,0.37271638347097136,0.3674852693589141,0.3663067451372507,0.33218363460634526,0.036305851160084876,0.43041937332469715,0.49745570191347366,0.04184167819793244,0.2093112296352963,0.35786380837111276,0.0,0.6001954941308593,0.3622979034112578,0.4841093565241297,0.4635727636455389,0.5513527201465132,0.32930374449198596
2018-12-25,0.37271638347097136,0.3674852693589141,0.3663067451372507,0.33218363460634526,0.036305851160084876,0.43041937332469715,0.49745570191347366,0.04184167819793244,0.2093112296352963,0.35786380837111276,0.0,0.6001954941308593,0.3622979034112578,0.4841093565241297,0.4635727636455389,0.5513527201465132,0.5565593718828475
2018-12-26,0.3400056586103849,0.357088656241052,0.3743372424417305,0.3645475082007782,0.0478410183064061,0.4130865980625925,0.49217881756005444,0.18028705927929506,0.19256909905665404,0.3079641612393117,0.05998663851607322,0.6015167453406197,0.34789532141169077,0.4776006334773282,0.47139293698033846,0.5643124015733694,0.7312398197912194
2018-12-27,0.3606608088012405,0.36253865656746664,0.38276499717131895,0.3704014253628626,0.05230267699521328,0.39584138987017903,0.48702759514839744,0.20330475229900835,0.18793838088168152,0.2669039717483092,0.13241752236070387,0.599552782018718,0.33585982938034153,0.47058132424813226,0.47431394206486943,0.5782044573572838,0.5871902305133573
2018-12-28,0.37785942653463833,0.37377405402810626,0.4120237528953782,0.3692306572536329,0.029639166620868254,0.37782542616789694,0.482112972274915,0.20085419313093705,0.18753298426678583,0.23395597745643093,0.19888918748649093,0.5927439506024074,0.3258351979697779,0.46207026105330384,0.45225293208304107,0.5690485047555713,0.5504669377519756
2018-12-31,0.3801358409600645,0.3804819884451929,0.4173509433581496,0.38411652057923173,0.03548818199975067,0.3743659130709752,0.4778560422866166,0.262620343759644,0.20259468430091987,0.2113070377234202,0.2832800692324281,0.5844399157127887,0.3194614530937875,0.4546114424142633,0.43473239769403926,0.5794267543400156,0.634107524073621
2019-01-01,0.3801358409600645,0.3804819884451929,0.4173509433581496,0.38411652057923173,0.03548818199975067,0.3743659130709752,0.4778560422866166,0.262620343759644,0.20259468430091987,0.2113070377234202,0.2832800692324281,0.5844399157127887,0.3194614530937875,0.4546114424142633,0.43473239769403926,0.5794267543400156,0.5565593718828475
2019-01-02,0.3797139709847813,0.37067158368633035,0.4082867034777745,0.3732445661105498,0.03697473134206317,0.37314849569595776,0.4731377249094618,0.2362593126962414,0.2101087090657761,0.19503846999687635,0.33556110303171344,0.5735656197496989,0.3136497006759821,0.4461092546639638,0.4236511453541889,0.5687378533624581,0.5007029678320966
2019-01-03,0.3797982958564966,0.36974933728828163,0.4009721060436784,0.3562683902187499,0.04382974787640595,0.3690320731062825,0.46737340849180764,0.19731046144296882,0.20700386352376077,0.1812589420425033,0.3559563985293311,0.5626100756583013,0.30672994403332476,0.4370121396028024,0.4148430150028948,0.5566164264837455,0.46845397706909786
2019-01-04,0.37119896963239685,0.3729353127203794,0.41186454980480114,0.3739135764586813,0.045017378820760214,0.36922473189335203,0.4617226174865453,0.27162924574901687,0.2218170413813253,0.17388356834426916,0.40843230507234857,0.5493888728095672,0.3041848927150058,0.4289317266435815,0.40687555180265933,0.568986038334774,0.6496155877939498
2019-01-07,0.37549867880981813,0.37042015669974004,0.4124212113581408,0.3670562970062706,0.042155536759590516,0.36812117658366217,0.45620648026464383,0.2542249441294698,0.231955698142168,0.17048025830669383,0.4409795600420174,0.5345460613709067,0.3026905611454319,0.4205405348283484,0.3848674978933062,0.5572144794362223,0.5209927510142797
2019-01-08,0.3801354911418692,0.3884469784871729,0.41981538316553835,0.39172624513345145,0.0485018558409057,0.3697590089728283,0.4528897791631,0.3518541722861865,0.26217699441450054,0.1752006319461395,0.5075453622338899,0.5185831606327235,0.3054028420593674,0.4136722017103325,0.38496995191455463,0.5703122592731822,0.6853409718716085
2019-01-09,0.39404605863417597,0.38626693457991035,0.42458572093690317,0.38311246874548666,0.03544528787986429,0.3750928649857329,0.44919511225110387,0.32699658221076305,0.282598237782569,0.18400635631771317,0.5410208961826677,0.5005830603343394,0.30945234326394166,0.4064220373691929,0.3683378697853831,0.559942973480063,0.5126145836341897
2019-01-10,0.3760046029940044,0.38333242154288616,0.4194973955166913,0.38963562610350866,0.027542716511421227,0.3777203825951555,0.44572095292032243,0.35257187814400254,0.30656464689468804,0.19695347886786746,0.5749556852406125,0.4766769657747393,0.3191870533122022,0.39896766051999033,0.3559639243295146,0.5686608207807574,0.5901043445756785
2019-01-11,0.38704864500753267,0.3829130664251239,0.42442671656261177,0.38996997804570366,0.02134987795282451,0.3797698275540967,0.4417074796365906,0.3539370621707429,0.3283516512718155,0.21267696744957776,0.5977053440673791,0.44495532314704056,0.3364883983608694,0.39126463699405445,0.3373806312764508,0.5760845207088789,0.5582684182892472
2019-01-14,0.38485677408872265,0.37553476176755374,0.418702231199063,0.3776768745908231,0.035250253678505886,0.38065441303286873,0.43629660483238697,0.3136958685849775,0.33862610202666055,0.22778619112370002,0.5926720318462766,0.3894972034305618,0.37631741617312053,0.3825804131442958,0.3267944435711724,0.5657559921544416,0.4937422988232318
2019-01-15,0.38300202031799946,0.37997858926158656,0.41917931744349757,0.3867085909065312,0.02063944409220627,0.3809258845898923,0.4313833168133495,0.3536748773260387,0.35590278760347,0.24412854125836503,0.6027763213919467,0.38273148094451714,0.38006131444091806,0.38096433380651007,0.3135766774998272,0.57303122928874,0.6032398016926891
2019-01-16,0.39050528170456944,0.3793077873426458,0.42116698251275364,0.3756697669304937,0.027809464319464676,0.3811798796438651,0.42576387441431673,0.3161768559315366,0.3632788082071629,0.2590190172094153,0.5908796038982116,0.38193859799867413,0.379901092940791,0.38047595657330424,0.2978093431524318,0.5642576384107422,0.49998153959195163
2019-01-17,0.37617307977098824,0.38023005238561436,0.4176685989527201,0.3844505660576848,0.036976742003932854,0.3841314427533714,0.4206628741950512,0.3563891664849033,0.3778138013484128,0.2745111341914144,0.5958094755486723,0.3801046552345472,0.3806105611231555,0.37988546698470715,0.2889910695316845,0.5749469595660179,0.602028006378428
2019-01-18,0.39463611271102217,0.3941483225843312,0.4334904761787378,0.3978308496362467,0.05682197465761779,0.3866363359736228,0.41609223157406505,0.41453887235546555,0.4012730341187641,0.2926824614127873,0.6177630357702583,0.3832731268979236,0.38008050969877927,0.3812529077809057,0.2811201060773625,0.5897834348015836,0.6252814462193321
2019-01-21,0.39463611271102217,0.3941483225843312,0.4334904761787378,0.3978308496362467,0.05682197465761779,0.3866363359736228,0.41609223157406505,0.41453887235546555,0.4012730341187641,0.2926824614127873,0.6177630357702583,0.3832731268979236,0.38008050969877927,0.3812529077809057,0.2811201060773625,0.5897834348015836,0.5565593718828475
2019-01-22,0.38030415885411417,0.38006240000021796,0.4140908646989899,0.38202551846961186,0.056655089722434826,0.3882040858202541,0.4109942122567506,0.35529636680284044,0.4093684851518508,0.30921330323560964,0.6043208301305355,0.3836181624808185,0.3801958767958592,0.38148821688540635,0.29064446247496445,0.5749818343166425,0.47637591247687033
2019-01-23,0.3828333819429627,0.3783855061370667,0.42140552248159413,0.38202551846961186,0.04794021095864336,0.3871881136284675,0.40603921890803807,0.3552963668028403,0.4172963790185727,0.3243904900907722,0.593228924980638,0.38403636871888136,0.3803958546952154,0.38180344973397484,0.2750329853191633,0.5879622445109383,0.5565593718828475
2019-01-24,0.3827489852302072,0.3733545606874433,0.398109753613223,0.36722339636143253,0.05229128324461846,0.3855240263641958,0.4006074914389971,0.301490825872984,0.4138000523319181,0.335671150260336,0.5613006231287834,0.3777026265101223,0.39065832837096426,0.3836637258235098,0.2862629343700984,0.5740725697340947,0.48036347074364805
2019-01-25,0.3797139804426678,0.37125844833661703,0.41424975982450396,0.37725862819933786,0.03666240853164044,0.3842277641227999,0.3951638485514438,0.3508850542895012,0.4201904684256325,0.3462695356201798,0.5557100349387489,0.37735156488971955,0.39237251741343393,0.38433856467572025,0.27149376415522863,0.5846962031060657,0.6089368605300679
2019-01-28,0.3770162912601861,0.37712782403077716,0.4163171383543295,0.383614532970327,0.032256378154560915,0.38356214847494574,0.3897678809867581,0.3813815268480954,0.431469480791703,0.3575260841666192,0.5611030514852728,0.3777122312088451,0.39340567447778685,0.3850400542669572,0.26243766989514883,0.5943990870378535,0.5894226811747934
2019-01-29,0.38662711561794316,0.38819543270542534,0.42593740218295306,0.39482037968559125,0.030524528064148154,0.385357614428126,0.38455067472715665,0.433270705882765,0.4501206053306367,0.37112479652168284,0.5802948392239874,0.37950073387368677,0.3942818221832406,0.3863986236861998,0.25519308277485697,0.6037400578948872,0.6141579924821281
2019-01-30,0.39859839059662605,0.40261670432915464,0.44024851203626925,0.4057752325964029,0.034746917990464095,0.3873544934681129,0.3841454467667199,0.48078047551482067,0.4741450947360679,0.3879206137054688,0.6064920492676759,0.3834529466402846,0.3925071707727349,0.3875484940642373,0.24761899091037107,0.6139634019604931,0.6122889383285254
2019-01-31,0.4092214602154708,0.4277708584993438,0.4447807029161154,0.41781787855837915,0.10176093766546071,0.39176873075508445,0.38531939802071824,0.5294177790777583,0.5029289696249142,0.40844627523692423,0.6370545491045096,0.39034360060136286,0.3901375394356633,0.38991491047875626,0.26631214870472675,0.6381909892608177,0.6172131221041194
2019-02-01,0.42937055214237685,0.42357838301552175,0.46545248708063014,0.42718387020034665,0.05000046915443625,0.396244256164323,0.3864456712220855,0.5649834025285583,0.5330879309230829,0.4322944740249447,0.6642795576829746,0.39693548897867725,0.3908779087564479,0.3936798439480458,0.25497930400274804,0.651601941557201,0.6032214888118317
2019-02-04,0.42886466177416704,0.41905055800963176,0.4554345442333273,0.41614512284024474,0.037827922195428285,0.3981623384825682,0.38801588862232206,0.5074778962090445,0.548537756662802,0.4551780779063358,0.6563756268674995,0.4008659835711915,0.3913137599582285,0.3959219349904113,0.24847916638982806,0.6407347451678161,0.5020224244492554
2019-02-05,0.4251551522836222,0.41678680920505173,0.45972788484656724,0.41614512284024474,0.02905339379616982,0.40173573771713567,0.3893894593057695,0.5074778962090445,0.560641650410663,0.4764659563545638,0.6433001862472632,0.40355135656821794,0.393763764126995,0.398528081961403,0.23333866252828103,0.6497682859942441,0.5565593718828475
2019-02-06,0.42144575467506795,0.4141877165951089,0.4561501856769753,0.4171487149783769,0.019779551032608908,0.4054142447172938,0.3908524242905772,0.5120374266084902,0.5707456936997358,0.49598472328994747,0.6288040128730495,0.40670060630920146,0.3932179864390867,0.3998777718685429,0.22076178295119206,0.6568638271243205,0.561566874447763
2019-02-07,0.4161346203159796,0.40639019511493024,0.450028296262977,0.4092044086341563,0.02661043962451559,0.4098109814288967,0.3935966120531581,0.4667179278132831,0.5723957749246135,0.5120061254392771,0.600146460240885,0.4083476142945931,0.39429355561052526,0.40126300422953154,0.21120032257134377,0.6483408022257093,0.5169563921172413
2019-02-08,0.4119188473059202,0.4048805860631457,0.4501073430006811,0.41213083090365055,0.015561182430032317,0.41346320145752447,0.3952919672805285,0.48183547157800594,0.5756308025839477,0.5256199827041953,0.5804189372457305,0.41023969027583707,0.3947336997281471,0.4024572843708005,0.19649943548289536,0.6545548105026502,0.5712527621357726
2019-02-11,0.4149543231415599,0.4066417128188897,0.4478815552615195,0.4087862388586062,0.019083191805078392,0.41609947336668396,0.39665958707912885,0.4615871129569426,0.5753246785632009,0.5364356750684285,0.5574906575779603,0.4115297102472494,0.3954038111127868,0.40345624778640143,0.1880360906160997,0.6476047909223686,0.5398107608550304
2019-02-12,0.4130150031614356,0.42030834134141126,0.45440092657188724,0.4268493650262811,0.02779673012762341,0.4194539188185461,0.39871249494406824,0.5534309108498243,0.5884495056050321,0.5483206638362205,0.5662525168173975,0.4152230808142513,0.39682257450953384,0.40606683654723064,0.1895992115864603,0.6563757206748166,0.6472875989094531
2019-02-13,0.4297919043549524,0.4260096530785231,0.4633851475474785,0.42927433599841847,0.03878767812788613,0.42191501646779284,0.4003214313125013,0.5647032677134236,0.600112259996578,0.560701004629238,0.5703114519307606,0.4191991339168052,0.39724695930515475,0.40832667034350845,0.18543985925755377,0.6674434818951023,0.5685435165095443
2019-02-14,0.43173107599083516,0.4246683717254336,0.46449839159884687,0.42810372112105977,0.01203381129000044,0.42299226875774,0.4022760185488098,0.556448855829049,0.6077753823122608,0.5724925816644206,0.5654870971922017,0.4216157350649289,0.40033008774927226,0.41111041162412176,0.17840166777042807,0.6619666053954181,0.550786700177462
2019-02-15,0.43923429600297725,0.43799978934299566,0.47769645490164125,0.44541447880286056,0.03049570857734949,0.424901588752142,0.40545222144292936,0.6359471546377289,0.6262047019609194,0.5864646898153346,0.5833544599175104,0.4277363620919442,0.40049831346347753,0.4143470120895312,0.1785359226406706,0.6713015537051551,0.6420131547507255
2019-02-18,0.43923429600297725,0.43799978934299566,0.47769645490164125,0.44541447880286056,0.03049570857734949,0.424901588752142,0.40545222144292936,0.6359471546377289,0.6262047019609194,0.5864646898153346,0.5833544599175104,0.4277363620919442,0.40049831346347753,0.4143470120895312,0.1785359226406706,0.6713015537051551,0.5565593718828475
2019-02-19,0.44724356850601665,0.43774843577371403,0.48262615375179096,0.43964437947413126,0.025606449130924913,0.42736270244960084,0.40779415668749686,0.5937336016160932,0.6353909155680506,0.5999047937493515,0.5789951952199702,0.4320682110720441,0.40047555291226933,0.4165669104530003,0.1643682951537693,0.662988337547249,0.5285078668477717
2019-02-20,0.44581007348754953,0.4406826692722643,0.483420872855426,0.4451634849984084,0.026640599552560706,0.4304018406529043,0.4105770524992195,0.6187935767080217,0.645774631309752,0.613214219923119,0.5779244162131213,0.4361382383036233,0.4029909937915145,0.4199189323730217,0.15428239180865058,0.6715176651116356,0.5835270999916693
2019-02-21,0.4374641412306627,0.4328015928251472,0.4718133114608628,0.4373865844730912,0.03049905968046561,0.4325213842025927,0.4122038933877036,0.5609920816667935,0.6469154951961059,0.6241427373811933,0.5584151510931558,0.437878235184321,0.407083623790106,0.4228580752843596,0.15592716246923907,0.6621820165057012,0.5187434224304498
2019-02-22,0.4400774153502959,0.43992834202025954,0.47618604125001773,0.4472544104920927,0.020837159176057572,0.43650642007925355,0.41448921879284184,0.6083104151120446,0.6541557548680992,0.634668711445945,0.5551166937726985,0.43788811090625857,0.41558539666989625,0.4271069563997367,0.15470233721557955,0.669498571115639,0.604872163214401
2019-02-25,0.45663777726964894,0.45470079806527486,0.4916186732785507,0.45146323028873103,0.03171282922912564,0.4406257634435432,0.4166920862261593,0.6275637524496633,0.661809363177217,0.6449744519509415,0.5533120908170034,0.4389067675248378,0.4224265347026942,0.43104651078270306,0.1533729289512553,0.6790878670042281,0.576987714943197
2019-02-26,0.4574017940804799,0.45022775618310473,0.49313959156252507,0.4507058817670545,0.020053001046884608,0.44501607284617306,0.41885605725664055,0.6213183605728612,0.665941085516973,0.6542366214512375,0.5447610265666112,0.43931722735958434,0.42913870924719155,0.4346084194752782,0.14276049618778733,0.6719351817044537,0.5528969242014117
2019-02-27,0.44959412597914394,0.4442351159987745,0.4878572422091788,0.4486854429339612,0.015168433144822612,0.44730299924876704,0.42138603500284255,0.6038465919825649,0.6663104736173066,0.6617373314296235,0.5303275539246235,0.44000664686296964,0.4341563036501136,0.4374681389540409,0.1323732060911003,0.665803248141834,0.5467823109855642
2019-02-28,0.4532432941542116,0.45858344474559676,0.49025830932766834,0.45516745753466015,0.05374030023203037,0.4500148261408109,0.42382516894316413,0.6379161803612827,0.6701628128861506,0.6686866689289646,0.5258095848808534,0.4426263644200986,0.4367063258046834,0.4400903935145539,0.13764775178684793,0.6799957309943814,0.5879817541868632
2019-03-01,0.4640214014179257,0.4641541366396462,0.5008229328908617,0.4695626724097971,0.023636670719267366,0.45435688659355955,0.42717049707653765,0.7042545202564132,0.6826889564623336,0.6773311276474098,0.5396994787083693,0.4488987404073831,0.43573743388223185,0.442837546975029,0.13945521226524135,0.6878973130475265,0.6259487446736491
2019-03-04,0.47785435818428057,0.47090612955147626,0.5048244788049304,0.4706567479676663,0.041974577191319834,0.4570005487044225,0.4302419534782972,0.7089225998081568,0.6918014497746967,0.6864909559065252,0.5439224381764991,0.45459304527731204,0.43448525878182875,0.4451455408369476,0.14038749627790922,0.6996310559514252,0.5617679687835277
2019-03-05,0.4775147777579011,0.4686271931095176,0.511627427607486,0.4730980381340496,0.029851626558430502,0.46050420240891043,0.43292366240951285,0.7197450258514999,0.6991551886738151,0.6956299267298518,0.5437515314794701,0.45965317887518153,0.4353211905529756,0.4481691957148233,0.12931711720713726,0.7088314073320452,0.5681707842413074
2019-03-06,0.48311594506855193,0.47293165058829034,0.5135483015331747,0.475791777807658,0.02762649408932432,0.4637119511533506,0.4362644782435049,0.7319254131063369,0.7052382425653876,0.7044392622207403,0.5410504858446428,0.4643723960754077,0.4367954109932267,0.45133586239572643,0.12191478134114772,0.7175667620376713,0.5693447249575564
2019-03-07,0.47513858070072923,0.468458385434424,0.5063451443843846,0.46863646236644396,0.026711642938622535,0.4669847994704476,0.43935035598684513,0.6554803203509394,0.7028024243869249,0.7108868275741538,0.5216980430312272,0.4669043437474595,0.439658877945979,0.45406936914841234,0.11898442440344315,0.7090225881939025,0.5226760802503728
2019-03-08,0.47140449217028124,0.46997771308114333,0.49610074552639005,0.4671211523956079,0.033053940696198374,0.46906547425026657,0.44290963207928324,0.6396428443826159,0.6979885248039003,0.7148592934217957,0.5014169746567375,0.46750720059084594,0.44519672509569996,0.4571441940960308,0.1318228277249551,0.6991530337671621,0.5493396506103458
2019-03-11,0.47157438934894846,0.4676989511625387,0.504904723734685,0.47133035527192335,0.02704675325023491,0.471146189150616,0.44626133148111224,0.664070164743815,0.6956987624246327,0.7174733342667632,0.4902859836413804,0.4681818560412022,0.4507969186030606,0.46028712242025516,0.1291438559339366,0.707767237230659,0.5766403415982165
2019-03-12,0.47615717809261937,0.47588605868258993,0.5127481737161167,0.4765496626408824,0.02304218502646701,0.47385284851834164,0.44957253483858206,0.6932247519350752,0.6961771656223285,0.7196823899949029,0.48696751873688576,0.4678074549327186,0.458390461407883,0.46388471186416425,0.12654972803508188,0.7155445867384068,0.5813694220586445
2019-03-13,0.48413416173743473,0.47453518020962804,0.5169096180770484,0.47848551748126644,0.029033957398096305,0.476973856676017,0.45255345589775764,0.7039037525220773,0.6963339128500619,0.7214882389113301,0.4836636253385264,0.4696354696837962,0.4619960914300688,0.4666260975059673,0.1168939727495594,0.7245740658468905,0.5657204920501718
2019-03-14,0.47352615426083944,0.4657576294507717,0.5082660593962177,0.4667845019753504,0.042751362893637325,0.4781905278091686,0.45472716672508906,0.5730697733009811,0.6859161570990109,0.7203671915083245,0.4596805150671865,0.4691973673135771,0.4664376813061647,0.4686175284229095,0.11485487355175986,0.7126779942844625,0.501277547217567
2019-03-15,0.47064076230385277,0.46119985759083115,0.49938222261556586,0.46324890640329197,0.06573255784339088,0.47752927727502403,0.456345837430845,0.5377192083330504,0.6735120387413818,0.716415417725625,0.4364854252850692,0.46746776287636893,0.4719604195223429,0.4704834014930457,0.11253530897939582,0.6959794314603305,0.5396871133381039
2019-03-18,0.4676703302567723,0.4571485151499801,0.49850176190260653,0.45962895668632997,0.0352180830885911,0.4763743195417621,0.4575018295695189,0.5020050925813229,0.6596291696402321,0.7098348701940688,0.41494514376616126,0.4672903245009269,0.4736553436684853,0.4712380542648502,0.10643834891338116,0.6856576257493869,0.539231837967507
2019-03-19,0.46733098185575217,0.46592645832063595,0.5045044119959804,0.470320097547409,0.025251232200615793,0.4760833815033795,0.45943204001606464,0.5806970512176093,0.6555769173664752,0.7035724272780974,0.4175517062271348,0.46715265077001666,0.4770600249168241,0.4728666413899538,0.10706477564426864,0.6938966105103814,0.6078948511931346
2019-03-20,0.4734413890795547,0.4633099513766823,0.49794157560060925,0.46063921441084477,0.0225247747053375,0.47449642997089014,0.46101732844164045,0.4892900067022273,0.6438548637245413,0.6956755187100746,0.40415882664079394,0.4665733661888919,0.47930375336542885,0.47368825455032004,0.1098842883304556,0.6862273867354935,0.5105012674255891
2019-03-21,0.46215408934003877,0.46558869878709674,0.5003425036385786,0.46745787943180084,0.024464393188949933,0.4743729951470047,0.4628098032016178,0.5383411062936576,0.638744540612574,0.6880994010487699,0.4067874006831281,0.4646491517972521,0.4844876565822879,0.47528475259114655,0.11218270461021743,0.6943019419493668,0.5892718261658467
2019-03-22,0.4685191791137199,0.46229718527568986,0.49962237270758536,0.4574404224909142,0.029582868088517372,0.47335911724690616,0.46452841328587346,0.45210221649993215,0.6261306090084511,0.6789318974142595,0.3937475177784088,0.4637155679805486,0.4865343762581157,0.47582553236874814,0.11111978592196592,0.6851577543237688,0.5087826336089523
2019-03-25,0.46139039105800406,0.45064956157618985,0.4906584420847303,0.4549148547955636,0.015987442746403263,0.47163989634973313,0.4660527733858607,0.43175380218357867,0.613451569901762,0.6684752500651552,0.3831842205213672,0.46339257497712205,0.48723477736761167,0.4760087806049944,0.10736183657025536,0.6788546683705339,0.5444093661654897
2019-03-26,0.4615599511779619,0.46972442940246517,0.5001823851079327,0.47141440295308457,0.017718622616192795,0.47110207261536774,0.4682841641199883,0.5488632543144574,0.6152646701794828,0.6605564697709726,0.4039796088062463,0.46320678920483405,0.48962901055920416,0.47710820494130335,0.11868574810855481,0.6855195273392833,0.6361097494384554
2019-03-27,0.47564772395855004,0.4714968341802457,0.5093064796837038,0.47250870835876035,0.031165258979951017,0.470476112099779,0.4699109695215443,0.5557715898357984,0.6167522953892923,0.6545878238197657,0.41995909078549687,0.462300812180508,0.493097678399102,0.47837299239488695,0.11587936086666462,0.694994394829237,0.5617607930552978
2019-03-28,0.4796365538620998,0.47132825352061714,0.5144288132760905,0.47402417156146737,0.016669727340846062,0.47123433395594494,0.4715053698983215,0.5657817807568184,0.6182867079844876,0.6501908083272661,0.4328370961821081,0.4622579315691425,0.4951474945862152,0.4793741034890906,0.10634670290193321,0.7014400610882379,0.5637558771587066
2019-03-29,0.48150363694333,0.47487315143218,0.5157894124218921,0.48168461586493827,0.0338695991946629,0.47316513448233277,0.4734144137572053,0.6148063190277302,0.6244909586707821,0.6482012035966376,0.45256352017158397,0.4641762821737715,0.49445724371362687,0.48001766270407376,0.1000524207094208,0.711480067609396,0.5928894968705933
2019-04-01,0.48752886427259157,0.4783332430756768,0.5146686558891419,0.4748656443802405,0.025269328157442865,0.47476089648330244,0.47446373492011673,0.5478904554251962,0.6233248452997697,0.6463223247490464,0.453470812666075,0.464615218190488,0.49445196262867686,0.4802411148329542,0.10006897201822831,0.7032373012489361,0.5244305029993843
2019-04-02,0.47921197570229246,0.46752983532079595,0.5000223492925343,0.4641747333669678,0.02280693758771512,0.47411728293432953,0.4753377315504309,0.4551656030630942,0.6134671435159821,0.6423914274649576,0.4366564881836538,0.4642125322254532,0.49391842125979635,0.4797673727278031,0.10594578271037544,0.6955091125342374,0.5058935403407453
2019-04-03,0.4723379703577756,0.4610310661999226,0.4997022322429324,0.45962895668632997,0.025683524502595763,0.4740114770715099,0.47585312458415474,0.41933479054905115,0.6015629146333272,0.6363148885558266,0.4190750113973031,0.4635524827775409,0.49288046709019995,0.4789092815717735,0.10362334292465178,0.6871797895637939,0.5348175799598949
2019-04-04,0.4610508465593325,0.4506495524980918,0.4857763171677486,0.44616002847048153,0.024997218584413616,0.47178092001415395,0.47616571528396545,0.32531912875859276,0.5814376892665338,0.6264971364653272,0.3884193548639203,0.4653659642324669,0.4886186043045705,0.4777159979859169,0.10860683229854137,0.6789938872545531,0.49188583565870253
2019-04-05,0.4540070601914138,0.44702040938494947,0.4903383052786626,0.451295058310473,0.017725995043048268,0.47113730646518126,0.47630968029127774,0.36840812869705014,0.5691807763847868,0.6156242532857545,0.37977356680099855,0.4658902595143398,0.48639435438279965,0.47687578381371165,0.10225769541860871,0.6856602868749366,0.5815071597677475
2019-04-08,0.4540920279328392,0.4464295522488575,0.4903383232859807,0.45095840789021546,0.014843376142558607,0.4707229416270192,0.47629169387831605,0.3660243125858403,0.5590870782703161,0.6044400304162558,0.3772224364224587,0.4658322722516014,0.4842874647439189,0.4757942283260821,0.09423057480548111,0.6795962820434531,0.5549311315297233
2019-04-09,0.45366757078669384,0.44431939844003243,0.48121428550438805,0.44616002847048153,0.020746009171299006,0.4680780117073956,0.476129728809224,0.33152891545802393,0.5474264920747093,0.592620836333837,0.3720194558735814,0.46520971220968377,0.48169768594878304,0.4741808295189769,0.09626163835605925,0.6722987754900813,0.5333447564575196
2019-04-10,0.45273403168738013,0.44322224829921875,0.48737697465779795,0.44624415276757834,0.013935227198089066,0.4653272839490582,0.4760427476189665,0.3323529403383258,0.5383663658390536,0.5809341169565557,0.3731049591216406,0.46368456151912085,0.4798423314270698,0.47246912153733955,0.0885562941499877,0.678173000052102,0.5569680774182248
2019-04-11,0.45332839289375715,0.44364439366358166,0.4800940183575325,0.44312971499255094,0.01588623943229632,0.4620916594600831,0.4756138526073267,0.3087291476170729,0.529026138645406,0.5692843929596175,0.37340810080807774,0.4639450201894516,0.47705768441724683,0.471213278677028,0.09163206759967801,0.6718910630440251,0.541429448884347
2019-04-12,0.4470479535285211,0.4450790126729456,0.48273486701446633,0.4496112698976372,0.02440876487722228,0.4587325680507989,0.4749030003040192,0.37565670483892616,0.5268353754018376,0.5594250638318555,0.3880786708899778,0.46375279878834264,0.47580555912041567,0.47048925066318015,0.09278312411295928,0.6799539933410235,0.5881328898883683
2019-04-15,0.4536673732366129,0.4487924993927155,0.49113843567505444,0.4541570465782748,0.021889405554520437,0.45656372439333237,0.47431512931452946,0.4195033656565122,0.5288059671029025,0.5520229257321325,0.4082129964524992,0.4636255263261183,0.4753549067522783,0.47019874459155653,0.08735095731523379,0.6874904409569071,0.5785777741834097
2019-04-16,0.47335651606158236,0.48179396872475255,0.5052247048575403,0.4667845019753504,0.057845401549281986,0.45683704951886106,0.47409018313755313,0.5251538889071887,0.5401308289402187,0.5488903475020013,0.44319794774122623,0.46315712560960776,0.47546220320679733,0.4700110382951799,0.11630329976066958,0.702540786651122,0.6174811141553245
2019-04-17,0.47912745300159953,0.4771519604942609,0.5061052122305506,0.4709937048516658,0.04978934965812046,0.45802729727067903,0.4739192316863893,0.5559390843843355,0.5522843434100931,0.5493775010508106,0.4728581806065402,0.46424884751803897,0.47543695610150427,0.4705607626660535,0.12507027470064772,0.7159076202870766,0.5766461600205316
2019-04-18,0.482097777863007,0.4779116495570783,0.4907385534970664,0.4625755289468413,0.05610014704640473,0.45974651816785206,0.47370328554030283,0.475483963564927,0.5553918857059925,0.5505325618303243,0.478331040256079,0.46377748705795374,0.4754040680976829,0.470301556569523,0.15463192923665556,0.7012219888524049,0.5165319029455228
2019-04-19,0.482097777863007,0.4779116495570783,0.4907385534970664,0.4625755289468413,0.05610014704640473,0.45974651816785206,0.47370328554030283,0.475483963564927,0.5553918857059925,0.5505325618303243,0.478331040256079,0.46377748705795374,0.4754040680976829,0.470301556569523,0.15463192923665556,0.7012219888524049,0.5565593718828475
2019-04-22,0.4619844459673438,0.46314122098781185,0.49642100263703715,0.4651850677074173,0.017101349422202795,0.4612012404561884,0.4736343044118255,0.4964056243314748,0.5597227503773072,0.5525232331198134,0.485178067556492,0.46426000949606927,0.4757298670395572,0.4707127231299264,0.15586547664571085,0.7077578532616156,0.569057659477328
2019-04-23,0.4657186619019599,0.4830602176588643,0.5027437813703238,0.48261067267642066,0.024634629227249023,0.4645162313784369,0.47403621297961374,0.6153805788040776,0.5761758543502272,0.5581679063767192,0.5151191117726498,0.46756195109310583,0.47526831812740167,0.472183106066431,0.1737426547932688,0.7158679835223105,0.6398309445233816
2019-04-24,0.4846434443097428,0.4770673760863373,0.5156291373968381,0.4767177580032048,0.023869237275526353,0.46771658992117404,0.4740422020811522,0.5595162204311344,0.5842909305834054,0.5646822584007072,0.5222452957898601,0.4683749472600899,0.47499345415352356,0.4724646634772094,0.1656183177230023,0.7079178009130742,0.5288156269710695
2019-04-25,0.4750537646932361,0.47394459929736876,0.5084261254197208,0.48050595631436,0.020798286379910533,0.4713048818966329,0.47411418867945365,0.5838366262443109,0.5931077804971648,0.572065189066078,0.5293624653312988,0.46971463236600053,0.4744616248146244,0.47288924082616135,0.16372254506757236,0.7152262320871235,0.5744838365276203
2019-04-26,0.48659559691576837,0.4802748430781141,0.519230809482185,0.48673552140783316,0.016746802712516905,0.4758717858259528,0.47482502733394283,0.6222828107444578,0.6042216604770706,0.5807087043926815,0.5396917485163505,0.472101387724421,0.47335072161580827,0.4735640918810913,0.15556801880104373,0.7216880051586618,0.5859405698080851
2019-04-29,0.49058378366713973,0.4795146166569608,0.5213912977528589,0.48210500750261553,0.01447877612352434,0.4792749055053186,0.4754968549355204,0.5755320560365638,0.6087893885355107,0.5887484749817944,0.5347446390069212,0.47218224377003193,0.4733119994894329,0.47358641065475404,0.1441592266964339,0.7157001925534423,0.5348350774929067
2019-04-30,0.48922624544454296,0.48812400417231405,0.5164295138803195,0.4935540331969187,0.0260635395959642,0.48340101319103657,0.4767055779194177,0.6447647227282747,0.6203456882749389,0.5980264231545438,0.5448903176654697,0.4758970354124529,0.47146642119918825,0.4745785852908315,0.15104299954679054,0.7241089291126575,0.610484349286694
2019-05-01,0.4956759183202052,0.49572019105666776,0.5227521247070374,0.49986756935561794,0.030437399383128935,0.4868658542943981,0.4777583303952887,0.678438362303593,0.6333590086402975,0.6086537542590676,0.5559472175755029,0.48165447557795427,0.46932162552802004,0.476473533373569,0.15860752347765153,0.7334316922685619,0.5860097384593735
2019-05-02,0.5038234548448383,0.49403241771718176,0.5257137123512362,0.49422779373304626,0.04504351742506598,0.4892991965607013,0.47895506425705403,0.6203197918314829,0.6383190194780353,0.6183771904417333,0.5485406649618358,0.4855304498240064,0.4690019334708252,0.4783104005798473,0.15955710241029622,0.7210566181071946,0.5303908504058608
2019-05-03,0.498561228273399,0.4935255625905097,0.533396654261494,0.5003725449860043,0.02122387647565825,0.4932577368390739,0.48012778711739135,0.6552632033247678,0.6458317425196888,0.6280062028541361,0.5477669526579807,0.4896696128314074,0.47049673827862304,0.4811885665026705,0.1495685529887014,0.7284539868982984,0.5852061798891153
2019-05-06,0.48973592589193016,0.49479234940999106,0.524193235600633,0.5010466886018089,0.024824971884244852,0.4970135801736665,0.4816814430413131,0.6590862001249835,0.6511185530240456,0.6370114696115321,0.5426559547979011,0.4935092292393096,0.4718261888870422,0.48382990204864984,0.15414791732319758,0.7366038939829991,0.5596860724778757
2019-05-07,0.49457300699149276,0.4875334369526898,0.5172299547247593,0.48319992583577454,0.030104969954009457,0.4970752935735562,0.4826892172008438,0.4886895715656963,0.6405841050350995,0.6416212170504219,0.5066388865417997,0.4940556400594188,0.47469150827553286,0.4855416181654333,0.16607356217226096,0.7273506002098646,0.4738321418876822
2019-05-08,0.48931126799595603,0.4836509092987302,0.5223521880096355,0.48168461586493827,0.017106711187188595,0.4975954803227495,0.4830551365641268,0.4761582590345608,0.6301341657926018,0.6427353621864444,0.4779957757702301,0.4936302537394962,0.4789087938448161,0.487427633857618,0.15785761904028908,0.7208136153267386,0.54942888526515
2019-05-09,0.4787030414016037,0.470146645435604,0.5058650648123716,0.47276138771379206,0.023386008206181308,0.4967843796074919,0.48306413932478043,0.4053539924806227,0.6142630364961521,0.6397178731199812,0.44414099313882327,0.492235333425184,0.48316852176851943,0.48883544531694834,0.16013957576241764,0.7129644154291499,0.5145159012613968
2019-05-10,0.4742900881946569,0.46955586987555553,0.4960209339962848,0.4754553572352068,0.017805751297212014,0.4956029904687903,0.4831151313105325,0.42730512708984564,0.6031175744700025,0.6345589329198909,0.42659385341355394,0.4898069461106901,0.4891124428447168,0.4905516276290083,0.16961195501030638,0.7196474820990286,0.5693495017756781
2019-05-13,0.4693681279964096,0.45951214068637225,0.49698143955498664,0.45988186588916824,0.023089770690715966,0.49327552628226135,0.48233831699739016,0.3175821043028763,0.581976324330187,0.6252250291534969,0.3923840281714716,0.4884745452826521,0.4915796926659347,0.4910968980073247,0.17499737339836122,0.7118601883852793,0.4827914420468844
2019-05-14,0.46249360286478913,0.45765499315087843,0.4985818337224849,0.4566827675054962,0.03394332346321762,0.4894139412776978,0.4816904758293675,0.2977820189798865,0.5626097763792608,0.6129882352843293,0.3685976258386778,0.4881344027954845,0.49219931255706817,0.49123098962251865,0.1649717260634759,0.7018047753477811,0.54120167625289
2019-05-15,0.4613055408673573,0.4547010512179428,0.48737708527800294,0.4574404224909142,0.02891666878903197,0.48497048019636957,0.4814505377901991,0.3049267918882575,0.5478489308438729,0.599563440137259,0.3588630939178628,0.48888171411434256,0.4904343514983752,0.49073490840583944,0.16685219337072596,0.7108097440893599,0.5602066975780045
2019-05-16,0.46546413280415033,0.46904950182709393,0.5005028758624409,0.46838416609108957,0.03178387261518746,0.48226383687685626,0.4817624788062512,0.4023361191053481,0.5445738299167265,0.5880169990695403,0.3742544054291776,0.4889295995598236,0.49010739301272055,0.49059636686566166,0.16987730146034022,0.7204138862573314,0.6092075537376512
2019-05-17,0.46215428344075227,0.4676989459443075,0.49962240431182947,0.47175128322114845,0.032173270797281044,0.47926628761538426,0.48267427447439804,0.42980887958627084,0.5446006841593857,0.5787864599856096,0.3932310026820547,0.488568768447477,0.49145564753529747,0.4910835116242147,0.171513883735859,0.7300994028434267,0.5726055400785497
2019-05-20,0.47581731859002263,0.4671078476865338,0.5061848504574739,0.4701514658735385,0.017802400194095888,0.4760305828853487,0.4833461129950304,0.41669005940287857,0.5434551404277052,0.5711198996283879,0.4060463094681734,0.48836872474144644,0.49219028767903683,0.4913471798484488,0.16354890548745823,0.7234170364697452,0.5489573612219248
2019-05-21,0.4801456342657192,0.4722565883427987,0.5093865058122827,0.4676262046419296,0.018391524121910446,0.47439952284171716,0.48393997308605863,0.395474986959056,0.5407037080157305,0.5643090175680707,0.41305777304998886,0.48808648515178377,0.4908878042189896,0.4905516479668739,0.1583907582165178,0.716611558024582,0.5445433630161766
2019-05-22,0.4736110135930428,0.46702351962805344,0.504664442382548,0.47301376060508205,0.02239810300754802,0.4734914106839082,0.4848967498003097,0.44472050577164296,0.5427140638571147,0.5593554303937567,0.42827652465443405,0.4880093844174941,0.490573412526622,0.49035500114479813,0.15328118649191683,0.7242543106032127,0.5822507813039803
2019-05-23,0.47488412084447684,0.474619955546715,0.5061051692961837,0.48168461586493827,0.03241790132475808,0.47442595424715706,0.48615946478025596,0.5162987088348714,0.5509171342493181,0.5574128456260508,0.4529488037049422,0.48809014051951893,0.490615441625334,0.49041757668954533,0.15620988028916324,0.7339909488117093,0.5977170032195974
2019-05-24,0.4914709768943787,0.47972185987488647,0.5208159339835131,0.48176919985764755,0.022508689410380103,0.47508721280540767,0.48753615831336605,0.5169729809820298,0.5573802704320373,0.5574505448303307,0.46917533299925995,0.4876269536326615,0.49056518840003827,0.4901539125328849,0.14578305130011796,0.7416568111648503,0.5569579053006066
2019-05-27,0.4914709768943787,0.47972185987488647,0.5208159339835131,0.48176919985764755,0.022508689410380103,0.47508721280540767,0.48753615831336605,0.5169729809820298,0.5573802704320373,0.5574505448303307,0.46917533299925995,0.4876269536326615,0.49056518840003827,0.4901539125328849,0.14578305130011796,0.7416568111648503,0.5565593718828475
2019-05-28,0.4871987282504965,0.48813495377665994,0.5086481268639905,0.46668244954936433,0.06571312144531737,0.4757994485096083,0.48814439061022885,0.38143407989188766,0.5509245305735141,0.5558907587716032,0.45608547226002605,0.4872815340308537,0.4892813050447872,0.48933512226825826,0.16292606382336208,0.7249623100586624,0.48548041438277084
2019-05-29,0.4606250009760403,0.4490444099017159,0.43991158262423247,0.4180317136341506,0.14163437320297095,0.47175146352072084,0.48685727427264636,0.1366270779852808,0.5090187132352263,0.5443221976927353,0.37407315313709194,0.4931428804994652,0.47520063372831267,0.4853256096953471,0.2336748931811862,0.6924021784253868,0.3243722104712394
2019-05-30,0.42260134033487484,0.42295571182893643,0.4612657930256393,0.42464274947010494,0.035157763232500874,0.46831651221252113,0.4853557977816828,0.18872277270539295,0.4816395978272213,0.5283243108263291,0.33777907326657297,0.4932356582450611,0.4671041128127854,0.4813318915088276,0.2253332418028938,0.7027113788047792,0.5894897521061683
2019-05-31,0.42328501429307386,0.4159874121432654,0.448695063777261,0.416506060512032,0.03817643691950516,0.4628832375252393,0.4834144471695131,0.1589426008506239,0.45479238628220003,0.5089139627397986,0.30981722398768463,0.4940636858449291,0.4579833299303736,0.47720561111460436,0.2267077400708006,0.6917713516108772,0.5162688197650347
2019-06-03,0.42311411470487836,0.4193865729450781,0.4602182943197862,0.418964129568273,0.04235593272593472,0.4573547568192745,0.48186060835142375,0.1790802694279116,0.43668622389507283,0.4889264262101463,0.305087717859699,0.4915838078533131,0.4518838212504258,0.4728836031698289,0.2157519443152748,0.7035847882220263,0.5688201199898647
2019-06-04,0.4325132847689305,0.4355327830386706,0.4726280421272274,0.4383735509532364,0.030387803057010304,0.4540266063630488,0.4809053357369667,0.321983263015936,0.43846398550348287,0.4733742312227648,0.3414310910748978,0.48584811327082844,0.4511365986258963,0.46955625921587507,0.2216737649929085,0.712897186994211,0.6531591622552818
2019-06-05,0.45045678162515623,0.4425859329130404,0.4829424004396964,0.4438826964059083,0.0318066601163771,0.4515399118153952,0.4795254893267934,0.35758488625629553,0.4452800020318408,0.46261115103363,0.38067329707511544,0.48285291764493177,0.4500455867711476,0.46746889051952456,0.2115066166499934,0.7225060911763239,0.5835086140322387
2019-06-06,0.4521656490071485,0.4640857170120689,0.488824837110038,0.4633767783995161,0.04692147561134174,0.4505306156798704,0.4790501610347656,0.4689922848987183,0.4665498256556584,0.45923910408031565,0.4412357310557546,0.4805332391284859,0.450492041303023,0.4664969195190922,0.22223820189457819,0.7352736113266467,0.6514578721338091
2019-06-07,0.47515085901933796,0.4804868200968919,0.5093734349489892,0.4792266234246326,0.029617049340301835,0.45027318630849356,0.47900457944064934,0.5434847490809356,0.4961434209655234,0.46382989548460984,0.5064835600052928,0.4814738868152918,0.4502090310996628,0.4668401616761064,0.22823336996556312,0.744424941973457,0.6324191030747263
2019-06-10,0.4837808316801634,0.4767475012584468,0.5130800875326612,0.48321003913925054,0.01930101350762644,0.4504240876475033,0.478878969364397,0.5609016975678154,0.5229404456275413,0.4741022069752594,0.5530381720819866,0.48270026629910456,0.4497683213997171,0.4672518610885874,0.2192071645661021,0.7514204808065619,0.575367270645752
2019-06-11,0.4930093532643324,0.4895799240325234,0.5283910640522306,0.48965198360572215,0.040988012433933,0.4528297226754995,0.47914786200703874,0.5889393191317076,0.5491017186015059,0.48876315906754925,0.5889988758457664,0.48654942127938805,0.4489627293506985,0.4688323694995129,0.2117920541796852,0.7629480565099814,0.5868725127201527
2019-06-12,0.49830699699039427,0.508700206108025,0.5348375536253921,0.5057557338408373,0.047596387778929064,0.4620171957556264,0.4795825987129775,0.6525576546260483,0.5817790451975464,0.5085398233781226,0.6309172347001433,0.4935725193247801,0.44693500632451333,0.47143767448287033,0.22089370796937993,0.7758566163144363,0.6319249607432218
2019-06-13,0.5104404575366989,0.5005421954797262,0.5341124231464912,0.49753446089005504,0.036097412546261975,0.46965125806669394,0.47949947194905207,0.5975498942481199,0.6007793961484917,0.5290406372214372,0.6368509461136169,0.4981161156611943,0.44651086430560893,0.4735662843029982,0.21443050138477102,0.7653510528813267,0.5185997664936494
2019-06-14,0.5062533457250057,0.4966330175037794,0.5327422384016788,0.4922792206473815,0.02971222066879975,0.47758709898346285,0.4794300458690929,0.5633234953127602,0.6110924035990811,0.547981217002019,0.6240663232599872,0.5008847274337621,0.4461954085308898,0.4748348830725875,0.20531747713478674,0.7561798338225135,0.5321273894503092
2019-06-17,0.4957435920906751,0.4860106883083748,0.5260541302491161,0.4867701518106452,0.02310853686816626,0.48468852915680116,0.47894540362335103,0.5277719857713528,0.6142894571417221,0.5639210639546605,0.5994781935645468,0.502489024430994,0.4461373374362433,0.47563224129448956,0.19234862846366593,0.7483886184500597,0.5308339645365419
2019-06-18,0.5005284033086838,0.49187400376009727,0.5307276361936851,0.49346577163930905,0.033563308369849186,0.4904584231183998,0.4786753016953941,0.5601629811829791,0.6211116974094344,0.5783531501249546,0.5871235389545577,0.5050913010140351,0.44593175325617873,0.4768700078598933,0.18524163762276027,0.7583646178987864,0.5879712965871675
2019-06-19,0.49582890604099605,0.4922140754740858,0.5316947827905579,0.4953305268916187,0.02867538936467106,0.4958466344259155,0.4791075051806274,0.5692245318893325,0.6270403244318999,0.5913589450267007,0.5754364489317502,0.5079828560887006,0.445894581212653,0.47834084229701346,0.17402866444627194,0.7673191653141612,0.5652584277754631
2019-06-20,0.5064243358651378,0.5043661206824939,0.540478245325461,0.5102479559826129,0.03499154851794113,0.500755525756522,0.48012519384188457,0.6370159452373276,0.6420798376608855,0.6054675723935157,0.5844731040551139,0.5128999270603746,0.4447808876435514,0.48031762181560844,0.17316637287947254,0.7775936310021686,0.6260399497358587
2019-06-21,0.5082187156071455,0.5046209967973545,0.540558734276087,0.5092307262079748,0.06137411313056031,0.5038979021086981,0.4814245668184406,0.6291811093197677,0.6520263912439253,0.6192041512693293,0.5814245232336046,0.5166474146482504,0.4438436631473691,0.48178005671425317,0.1666787350234871,0.7618058734122184,0.551880080713633
2019-06-24,0.5164218213127053,0.5154137635746188,0.5492619365010113,0.5174525354703049,0.025332999116649213,0.5074841720094242,0.48292089224531887,0.6649858013233796,0.6648617071861047,0.6333545472953093,0.584815358186903,0.5216699589700734,0.44245618621481764,0.4836745004179248,0.1626936419891208,0.7700619454004265,0.5944119161817792
2019-06-25,0.5236848107075788,0.5262911319728452,0.5581260266941487,0.5274539796806877,0.036205988287224385,0.5114432338546923,0.485328431900678,0.7049858355482941,0.6811608970259303,0.6486890937533666,0.5945183361167351,0.5290284327493425,0.44132663294732233,0.4869008872072509,0.16231906449230357,0.7805901984303281,0.6022929909313877
2019-06-26,0.5286404214833745,0.5166882304617078,0.5385441973672708,0.5071966497383759,0.03725890488631047,0.511594143217808,0.487128200589238,0.5539321885793609,0.6770876442387403,0.6599535539386785,0.5611678797835105,0.5295369075603281,0.450285376617762,0.49163469218626243,0.17871060484211068,0.7698419123352414,0.4646864473779323
2019-06-27,0.5147978656014082,0.5052157873457912,0.5372548352488274,0.49736460336121746,0.02090150035588715,0.5115763537746206,0.48855066679992276,0.4921177735534213,0.6649895967875861,0.6659855665931391,0.5182929869189316,0.5283982632538592,0.4591949019996501,0.495495526826802,0.1769773158488316,0.7625119120383157,0.5112168434175408
2019-06-28,0.5020664109825935,0.49331867545431907,0.5204130305936664,0.48541374328988074,0.07156280704482301,0.5108573216525673,0.48915741683510106,0.4238880358806068,0.6451386180623564,0.6659221983128245,0.4683471818236322,0.5234359986457594,0.4716443011833361,0.4991538654751313,0.18277174108376412,0.7445949738901565,0.5009910665288367
2019-07-01,0.4974524412970359,0.486180501441033,0.5221055061863379,0.48609202416619846,0.025182869697046868,0.5107863002896206,0.4896683658135358,0.4277793812873994,0.6289976609172361,0.6618962442319597,0.4358775888342021,0.5165004518261013,0.48594060859843957,0.5027177144000805,0.17688555723721563,0.7528196726087266,0.5597451245523174
2019-07-02,0.48907884373511734,0.4842261213883401,0.5218638761731155,0.4917708739158365,0.015993474732012285,0.5106087910148372,0.49043864780216506,0.4610548919723198,0.619731907533249,0.6563934741797413,0.42377649729355127,0.5118272759165584,0.49644204534854264,0.5055526013449976,0.1692738435140538,0.7591240190951165,0.5832165025364417
2019-07-03,0.5042882264013201,0.5024966105473445,0.5387860117236237,0.5096546421786815,0.008856295315291888,0.5121089778882438,0.4919360869726298,0.5540187301546811,0.6251952743348868,0.6533367979561998,0.4438198919425883,0.5076708846547785,0.5077263629227441,0.5090444623610195,0.1708970343006123,0.7639368747405402,0.6401060273462983
2019-07-04,0.5042882264013201,0.5024966105473445,0.5387860117236237,0.5096546421786815,0.008856295315291888,0.5121089778882438,0.4919360869726298,0.5540187301546811,0.6251952743348868,0.6533367979561998,0.4438198919425883,0.5076708846547785,0.5077263629227441,0.5090444623610195,0.1708970343006123,0.7639368747405402,0.5565593718828475
2019-07-05,0.5106110470732864,0.49977707213178846,0.5354013284674456,0.4963475268184506,0.01700684831432811,0.5106531643214801,0.49276745015361423,0.4724406511091927,0.6185302887717189,0.6492499776865192,0.43537884874953425,0.5049178330129475,0.51407391317527,0.5107948936386781,0.1683273930597781,0.757420758684093,0.4953160473875578
2019-07-08,0.4967688044641355,0.49314883867653947,0.5295190114761875,0.4997379351928787,0.013157771275148352,0.5096589695536046,0.49341067529123517,0.4900871481233468,0.6150760692116986,0.6451298024676986,0.43510553690790726,0.5043432832028977,0.5168483319121667,0.5118838480417978,0.16240004309939213,0.7631325145283449,0.5723373221620371
2019-07-09,0.5082186515967891,0.5049609235731989,0.5397529254598831,0.5034672158496919,0.014091388603300432,0.5081942652773003,0.49418375801741143,0.509826999473644,0.6144332379703143,0.6416753432445,0.44056044148597245,0.5042100867337976,0.5191402946696627,0.5129593103049064,0.15818362528401345,0.7690393728931588,0.5738650867934484
2019-07-10,0.5109529422121121,0.5008820141551211,0.537818976328302,0.5017721648943486,0.018494738097887056,0.5055045688698353,0.4954339761391794,0.49839265921383397,0.6118951242464823,0.6382866790707568,0.4410995688598801,0.5042855046899116,0.5203515539034841,0.513602775965708,0.15169327923216044,0.7622123253251194,0.5487179678857178
2019-07-11,0.5037752242268073,0.49425336758204086,0.5245227209685429,0.492448541864671,0.024814918574896483,0.5039599765933619,0.498085387423186,0.4369453770187763,0.6021275426285805,0.6331701486804975,0.4269413611605866,0.5037655741735022,0.5194727327775718,0.5128962913946897,0.15500191276123457,0.7540645191290107,0.5133666661121992
2019-07-12,0.49676906084689365,0.4849909979250888,0.4705330994031699,0.4432049518411382,0.10499140106940402,0.49828775205101394,0.49874674365124394,0.21528601267078118,0.5565947813091618,0.6178629338723517,0.3434384688606753,0.5127201790994379,0.5044542010058816,0.5100119142877251,0.21826922200155116,0.7291618462945086,0.32664197100071624
2019-07-15,0.45635292007594275,0.45303869961633847,0.48769701925576514,0.4466800208242113,0.05310359063996686,0.4942311090516619,0.49982181740481846,0.23673847959002764,0.5234584915926693,0.597456224116872,0.3016529949994926,0.517333028674786,0.4948444093998977,0.5075910330692432,0.21542714304432073,0.7432212728695728,0.5734863134316157
2019-07-16,0.43533290647862477,0.4315387375531867,0.4659397050591153,0.4279484206199532,0.054285189598712105,0.4881416390170684,0.5001419204143073,0.17617251065315026,0.483605624602871,0.5713157329000433,0.25467015104075935,0.5242263938778161,0.48147505814266733,0.5044681619480316,0.22244539039095615,0.7289149218553479,0.46559609092608834
2019-07-17,0.4315732080720901,0.42941408179781915,0.4631997828004927,0.4225237825440552,0.04522112589022054,0.480889283432402,0.4995772060102103,0.16010886872604219,0.4490156703538452,0.5418843877048514,0.22770475656267236,0.5294331650472094,0.4685569905274073,0.5007018210984457,0.22048534219507296,0.7165027319955248,0.5297771849804107
2019-07-18,0.4284970325361833,0.420321106486264,0.46126567111297667,0.42430364733991366,0.027399959518674355,0.4719503409900051,0.49887962035844213,0.17231924201919496,0.42439580700586366,0.51227583317411,0.22625269589097158,0.5322662668863113,0.458079251710635,0.49693097337785175,0.20975935385952363,0.725190746678215,0.5653894622910893
2019-07-19,0.42952270741261545,0.419301751643564,0.45336898079909294,0.40938660132859683,0.04172324445761055,0.4628427880064715,0.4969559941019198,0.1272087026004985,0.3952312184362443,0.4814062180777109,0.21591951312525437,0.5340671722200822,0.445493478262173,0.4915762004849191,0.20902734427840172,0.7135095259891123,0.48267205836076565
2019-07-22,0.4102971066791047,0.40026612205114853,0.43443195512616495,0.39523196049069453,0.07043951728029832,0.451897714729773,0.49396333232910783,0.0896224031568078,0.363415314020464,0.44887477786233665,0.20230244892812232,0.5360366642317816,0.4313364696237555,0.4855239567629832,0.21124496881166008,0.6958273271262814,0.48550149488231303
2019-07-23,0.39842014247035074,0.3943176589148918,0.4370107220360461,0.39692716467790856,0.024722428128891465,0.4407396094606587,0.49088914343389367,0.1021630171997201,0.3418802810180078,0.417545891665976,0.21215622661534667,0.5341688122329368,0.42044500620326286,0.4791252127579706,0.20064247655414333,0.7039558051473451,0.5651799652320264
2019-07-24,0.40072714483344474,0.397206846050153,0.4403145418755027,0.4048943025708861,0.03165921157926766,0.4305934402579704,0.4878692959444809,0.16131962877473077,0.3333922235170347,0.3903923099726272,0.24636884550700686,0.5275486390947216,0.414241033959727,0.4726184665517015,0.19004612351308273,0.7135338962967777,0.5970116300333901
2019-07-25,0.410809678861522,0.41199325848435175,0.4491784409548937,0.4162516956064207,0.045460394652711775,0.42261322603455864,0.4846803395943958,0.24011235401889047,0.33778871089718365,0.3697522291069151,0.2997407424083474,0.5224324507766628,0.40984760845947654,0.46779015964659076,0.18707402663316888,0.7259960873050866,0.6138076019171365
2019-07-26,0.42140509803639004,0.41003878357402224,0.4557862614785314,0.41294617768844366,0.01863012266377846,0.4194441775537604,0.48166652761250417,0.22747161056278847,0.3411325858549161,0.3540637073076166,0.3403140235035469,0.5181467277789021,0.4052913874579839,0.46330834895698336,0.17304766098795502,0.719140747770677,0.5400678097030657
2019-07-29,0.41884156645359794,0.42711951477669396,0.45352986209869106,0.4323555990734068,0.03831718325038236,0.4179439585839294,0.4795314975366777,0.35048827280700684,0.36080486262571065,0.3463578568402792,0.40572436467046336,0.5144914741452352,0.4034200201340402,0.4604914691582307,0.18459486641519582,0.7301101874048648,0.6536838145821954
2019-07-30,0.43140220509276583,0.4201512671977794,0.4620715674941366,0.4243883845644939,0.02275197949661069,0.4175711104706449,0.47730888572258146,0.3154269913249152,0.37232657373501765,0.34303078954175803,0.44160429621937475,0.5103508937629483,0.40112993469611624,0.45721559627443,0.18083182300098147,0.7223934835478013,0.5173778956449511
2019-07-31,0.42431039085636446,0.41598747338773445,0.4532882453125927,0.40862373645957006,0.04319102762247276,0.4161153370244114,0.4742860327633446,0.2524184080878927,0.37142992973070144,0.3401483066328106,0.4452472392130401,0.5050618877902412,0.3977442000326009,0.45280127882546206,0.17894686883330665,0.7104055331242902,0.4784796148226031
2019-08-01,0.41251828314118233,0.40527963286308966,0.4439403664376319,0.4092165139519536,0.038576558631570335,0.41453523807851733,0.4712178602673057,0.25625152723106853,0.37319371117313654,0.3382767114508245,0.4535304953252203,0.49489516260965105,0.39755267794150584,0.44746897520639695,0.17526537363336395,0.7214291756841473,0.5595372378855645
2019-08-02,0.417645645931923,0.41148363079915873,0.4499845268556625,0.41582823933132673,0.029891839795823986,0.415209880845716,0.46785376227879094,0.29984526857409016,0.3815770540181148,0.3388441184973724,0.473515781107503,0.4862176965544621,0.3979429435583385,0.4431941714475802,0.17163220465701465,0.7306379306191346,0.5897560835535128
2019-08-05,0.4180728640219692,0.41139865788504193,0.4438601593058874,0.4081152364961541,0.049362419121126294,0.4165591663801126,0.4642510993222445,0.26641361757573884,0.3842098320714969,0.33994645523934097,0.4778990172978351,0.47533995781076965,0.3994227010413539,0.4383298827907247,0.17630623275693794,0.7173603147187133,0.5180637549883037
2019-08-06,0.4132022630744462,0.40935900834408145,0.4485338578083119,0.4132853564345701,0.038642910473269586,0.418272385245935,0.46053970714811243,0.3017434419613186,0.39205743167694596,0.3427610628381409,0.49192943597072747,0.4610256784661845,0.4046018239959005,0.43354208891380464,0.17184769767999944,0.7283978231432766,0.5825438619160014
2019-08-07,0.40482867005455614,0.40672478133168943,0.43725250266175675,0.4085390758509254,0.0312108339823303,0.41865410802054825,0.45630286549081756,0.27964832312607385,0.39639631916030993,0.34608134747328556,0.4960729746549707,0.44343315565440744,0.4128391988659733,0.42859230393771885,0.17940332412125834,0.7189134316250401,0.5328163256174988
2019-08-08,0.418670844383804,0.4155624973933052,0.45369113234148595,0.42099820603787197,0.02108245992415783,0.419151217440645,0.45323168479519105,0.36404698477003444,0.4109582327354019,0.3523239414746336,0.5200184992406214,0.42347153722637476,0.4258379886308291,0.42479897474053785,0.17590358572826206,0.7262812479166187,0.619153628234574
2019-08-09,0.4256776210885559,0.42244593103765227,0.46174945945391566,0.42404958889804456,0.017173733249511068,0.42031409496661143,0.4506195302428281,0.38362964273479955,0.42624368557176623,0.36108257911089214,0.5406350655135448,0.4198009038185294,0.427588334050539,0.4237820082463457,0.17040074465635993,0.7328322387236905,0.5717182852286006
2019-08-12,0.4231142008769265,0.42193607260366384,0.462232931737648,0.4231172495798573,0.031749691363403,0.41934654825504036,0.4483999566557203,0.3782289921271769,0.4389068452417916,0.3712082228102479,0.5518363700951868,0.4142405090562552,0.43081993440881294,0.4225310505413409,0.1640034124857266,0.7232352395769315,0.5519402478340111
2019-08-13,0.42995016742591485,0.43383352089786165,0.4679545399782029,0.4357463905275122,0.019425004322923017,0.4205360898855227,0.44660618252822604,0.45999032554766955,0.4596348422278502,0.3844137117371772,0.5770727500862175,0.4159732704118325,0.4298613000736048,0.42294504813263,0.16621824914043634,0.7302566893693356,0.6191805728297093
2019-08-14,0.43191509140336415,0.4205762888426172,0.45288540945804023,0.4089626853578904,0.037675111893333044,0.4205715885308371,0.44365579387593657,0.31580289436671255,0.45661665041949473,0.39423477053354644,0.5493405887219923,0.41517402915890134,0.42924369102805915,0.42222508362432043,0.180292397020315,0.7194214264865467,0.42523638307414047
2019-08-15,0.41174971280126316,0.40808438963909954,0.4457941123798105,0.4113358639576806,0.03442454187069299,0.4207935513533242,0.4401527754834115,0.33101181887634484,0.45709491149358683,0.40220940562003826,0.5342109159872266,0.4140513336085786,0.42902295399588486,0.4215366184021867,0.1775878679105866,0.7295774020579744,0.5684775677599834
2019-08-16,0.42285773323983056,0.41318304783518833,0.45667272920684476,0.41828600192382603,0.025093060133534753,0.4210509566523827,0.4373715066108489,0.3755209475580686,0.46377105990055806,0.41023334220987984,0.5346148945578129,0.4144741113999818,0.4295332204707695,0.42200909142452625,0.16767272502766653,0.7377833328384573,0.5913883713669822
2019-08-19,0.43165866613086357,0.4208312508632901,0.46650373915898424,0.42582937707796786,0.01905504253890295,0.4229061861476743,0.43473820457917,0.4217401888830394,0.4756759974570788,0.4195844870986459,0.5454900946032706,0.41453540216875673,0.4327242649017361,0.4236335214899103,0.15932423100589568,0.7447274699306818,0.5941252667905568
2019-08-20,0.4270446142771306,0.4215960323169148,0.4555445456377608,0.41184444053703195,0.034765013947291167,0.4227552767845585,0.4314737593439676,0.34699386345754707,0.47524875881978224,0.42696018096998206,0.5293031667397531,0.41323308060977737,0.4356546893512191,0.4244254861098662,0.16219472592042136,0.7345003442656106,0.48738328247717466
2019-08-21,0.4248229413527881,0.4194715600738743,0.45868726414385763,0.419726841205429,0.032156515281700424,0.42392698885132296,0.42855055094875205,0.3956899480410329,0.48171414721158734,0.43445305776855364,0.5302633685231737,0.4131007555997198,0.43736879751727475,0.42521295199396114,0.1606755025842602,0.7441823593707194,0.5960420404917905
2019-08-22,0.4239686537145907,0.41709224053039673,0.4582844203311155,0.4175232902866698,0.03417186869573726,0.42356305551989715,0.42588102495289004,0.3835673537375864,0.48587277486790303,0.4414715626526385,0.5263763453104866,0.41315611984663747,0.43744691255477564,0.42528046150489307,0.15411440774669014,0.7340791861325666,0.5455999042808862
2019-08-23,0.4194396672522388,0.4096985933991557,0.42871037839113846,0.38751880442365094,0.0911439727729574,0.41973712964277,0.4238969726472984,0.24556094407546686,0.4671363124187826,0.4424718756802958,0.4770630307361064,0.4166414804359254,0.4311460031452653,0.42393051127307335,0.17817381014800412,0.7120702772444633,0.4070350522826883
2019-08-26,0.39641023890988925,0.39083119300918856,0.43232770496252326,0.3962290402743157,0.04540476634098412,0.41692108566091124,0.42209944509472874,0.30076357098844325,0.4599758421783384,0.44150861686432613,0.46097344131719264,0.4151637235070108,0.42882852095386437,0.422012536658952,0.17176705234438447,0.7245208433358974,0.6011689654806545
2019-08-27,0.41758765572885215,0.4278174228361433,0.45238077073021354,0.4119412830794088,0.1211014941898574,0.41442793973196623,0.42152912375601004,0.3906827706379757,0.4672657672942535,0.44253340171393235,0.4772635538637778,0.41402361069391136,0.4286811354092167,0.4213517146636838,0.19987067633420894,0.7527901201092013,0.636387574462102
2019-08-28,0.40019818164365295,0.3975949349174397,0.4354129164516366,0.40374360783673746,0.05203525896654661,0.41388133762554535,0.42086000135025026,0.3530251702452018,0.4676985579054979,0.44345981899563447,0.4764575259178938,0.4141396509086256,0.42804235282648795,0.42109262652677315,0.20467028331352252,0.7389539479618299,0.515501096061194
2019-08-29,0.4086345583818186,0.40042020898218644,0.43395148898293867,0.3999863623634944,0.031064725886467304,0.41269268667083814,0.41999359619276155,0.3359644249880133,0.46611464020341,0.4438108592368852,0.4717428624987884,0.41445122994952743,0.42673913525059903,0.42060259379131115,0.20631641505399737,0.7295000893577948,0.5376007164736787
2019-08-30,0.4037278324759054,0.3995642704231974,0.4403653334061063,0.4010111771157395,0.03522813639793947,0.4108834673998304,0.41969518661532657,0.342356332595206,0.46658790735609784,0.4442082495563532,0.4721226569689891,0.4142944139076049,0.42532503391094567,0.41981594955698465,0.19822377343209882,0.7398239959573301,0.561748218857008
2019-09-02,0.4037278324759054,0.3995642704231974,0.4403653334061063,0.4010111771157395,0.03522813639793947,0.4108834673998304,0.41969518661532657,0.342356332595206,0.46658790735609784,0.4442082495563532,0.4721226569689891,0.4142944139076049,0.42532503391094567,0.41981594955698465,0.19822377343209882,0.7398239959573301,0.5565593718828475
2019-09-03,0.4013172270575397,0.39853666205771354,0.43947216600286054,0.4042560152128599,0.024096442066799548,0.4086240556569972,0.4200167063721715,0.3634114021422182,0.4703477020058048,0.4454521390697688,0.47905890659910255,0.41431391829187614,0.42489444733976944,0.419611061831785,0.1906009659702471,0.7478216586487421,0.5729732909135312
2019-09-04,0.4142303640758197,0.40375933366846417,0.4440998345766224,0.4052807533491699,0.01804434983908003,0.4079366304888076,0.42031433796695417,0.37032242095369544,0.47495934037469056,0.4475830234151396,0.48632697917265133,0.4141008248789301,0.42426297951392977,0.4191860939958143,0.18395507292621496,0.7545545864078671,0.5617276799068249
2019-09-05,0.4177597697758141,0.406413371440989,0.445967034502461,0.4028897232364258,0.01768846268814768,0.4061732529358558,0.4202429164297369,0.3562678047655093,0.47760068893303687,0.44993825277439364,0.4881652715546066,0.414114520524827,0.423647991556937,0.4188861674248643,0.17864874014074364,0.7478960301048931,0.5445113456942159
2019-09-06,0.4089791747677841,0.40067724314298925,0.44401879024854674,0.3997303885232394,0.031121024418818186,0.40430977465951023,0.41965427564688607,0.33729129959349197,0.4780867911499399,0.4519421554591933,0.4852864861604131,0.41313675001320205,0.42239493070446954,0.41775704980484196,0.16907286148690379,0.7384304065247437,0.5406053120367094
2019-09-09,0.40140349730788893,0.3915163540243365,0.43200315424818136,0.38897082963182605,0.03732994827237229,0.4044618475180085,0.41880005342475124,0.2764814949497865,0.4711267404456946,0.4518311284935821,0.4679566645725537,0.4122748998652762,0.4195533447400833,0.4158947033205931,0.16515401901122415,0.7276672741502745,0.5020687844612393
2019-09-10,0.39572168586600187,0.40341696384711034,0.42997344758500844,0.41117290186303135,0.04104833229002323,0.40602694138552586,0.418045331089162,0.4332271323426899,0.4833582705365249,0.4547547370530398,0.4928225943794425,0.4107400834427378,0.41986672060759356,0.41526057274008243,0.17870363267027764,0.7392074551852451,0.6701152878423229
2019-09-11,0.4174153977183289,0.4182283857672071,0.45221831902053944,0.4250062920836969,0.02740331062179048,0.40739526009955307,0.4180673466333319,0.5100849894847248,0.5041529316721063,0.4622150161813158,0.5299962618559168,0.4079049019192994,0.42165000773280814,0.41469037627373884,0.1803667708520971,0.7478961701641326,0.6258924005339503
2019-09-12,0.43032852363062035,0.42242375810684196,0.4601746356394346,0.41868731619358235,0.021012086758719233,0.40896033791885855,0.41842590382393896,0.4704098944976001,0.5161678336148634,0.4711423175695049,0.5420171033173692,0.4089793903124129,0.4215755528573729,0.41520666112606275,0.17661410998171936,0.7405430600926968,0.5252797695392832
2019-09-13,0.4300701908683512,0.4207113742840036,0.4593627715252687,0.4216760272185772,0.021815011065342484,0.4112319302547268,0.41886982618469915,0.48730446003612055,0.5282113631746749,0.48125028728960495,0.551691548773498,0.4103170323683031,0.42129502022954923,0.41575562486076434,0.17204838585687157,0.7480639611330008,0.571437744984373
2019-09-16,0.41956762962091976,0.4136907950998585,0.45424803172555206,0.41108732186316155,0.020018149574476923,0.41228722056632294,0.41870091113724917,0.4206865401606528,0.5298643627285281,0.48974377040443523,0.5384623783280998,0.4095190713717388,0.42135278604509574,0.41537344382635366,0.1660790465281103,0.7409185589136781,0.5039878491996095
2019-09-17,0.41517735305877157,0.41155048333000477,0.45246201911441986,0.41219756338340574,0.019178363133576307,0.4131189512583221,0.4188463611360095,0.4277502129682806,0.5322118366048056,0.4971167021476575,0.5292805337470162,0.4073224039165103,0.4221696411010415,0.4146497249480623,0.1598875205050563,0.7478884669059624,0.5621243390553575
2019-09-18,0.4177599549865799,0.4120642669362211,0.44978296309142907,0.4185167691213262,0.015138273216777498,0.4145051797771281,0.41903275213061064,0.46820355320638624,0.5390189301622175,0.5046915257580474,0.530934844110189,0.4081691175140262,0.4220055862751416,0.41500396175519705,0.15835431018621612,0.7540140978028067,0.5882019575795773
2019-09-19,0.4154356293004521,0.41745805956622295,0.4544916962477302,0.4159548854725844,0.017527609738573743,0.4158735145393674,0.41929697141781264,0.450307149415243,0.5425210348695755,0.5116138969949646,0.5255886222041026,0.40759334066669217,0.4221985438540107,0.4148037069957715,0.1574711681398079,0.7473891557173021,0.5438038736217684
2019-09-20,0.42722911083994497,0.42439261006968954,0.4620416116066256,0.429104938165194,0.0666078659773224,0.4189499568118539,0.41958580771398235,0.5317556307532572,0.5552850170230876,0.5202953585391649,0.5400026814028209,0.40991952137511734,0.4210299936321352,0.4154185816851721,0.1572992609010637,0.7642706359081637,0.6221838372473714
2019-09-23,0.42740153014165994,0.4248209275384476,0.46366562834435576,0.42987377907718416,0.02056773048552122,0.4232337863267531,0.41979331889026283,0.536248722350027,0.5657896025504884,0.5298276390951339,0.5469743277999697,0.4118590812687589,0.42353339131830314,0.41766722558782043,0.15357261438242417,0.7715308867038402,0.5603513405650508
2019-09-24,0.43669873628235256,0.43107071347585135,0.47056621001532484,0.4282511301808175,0.03342859402458101,0.4250224157415502,0.41997623489568536,0.5229322544816908,0.5725943589329205,0.5391293661469232,0.5450851627901021,0.4138321251841858,0.4249032491193404,0.41936729217521274,0.14881495560172606,0.761583039162244,0.5485618414582378
2019-09-25,0.4315336189810802,0.42071134479661176,0.46155467859293353,0.4234692998031354,0.016138912607252053,0.4248614441494053,0.4195388121022742,0.4834209968198358,0.5740318981971098,0.5469247907055648,0.5327424574625149,0.41500453160203243,0.4249195590225344,0.41997931956343515,0.14331618733265575,0.7552482998208923,0.5329571771749056
2019-09-26,0.4280042287101241,0.41848543044612674,0.44369394757761105,0.4051954798130418,0.03639901182671312,0.423448423140386,0.419404589621576,0.35500941828950366,0.5610369127649477,0.5499606733868035,0.49374257320664455,0.4149720703173617,0.42510747403905647,0.420056400073898,0.15918229171198858,0.7446797097300274,0.46597772447272995
2019-09-27,0.40665452344509323,0.4021324315568413,0.43289595780376267,0.4030604235405527,0.026082305773414492,0.4214987820129136,0.41910974238575827,0.34186553509223544,0.5490966840259732,0.5494486922613944,0.4646712294977468,0.4148147890122472,0.42559672246743585,0.4202196033098511,0.1676450257220223,0.7362670515121075,0.5458003240008857
2019-09-30,0.41061471687527573,0.4096668605578535,0.4515689179607879,0.40972118311859795,0.029739029493728746,0.42135570417733514,0.41880458483247873,0.39436995915148204,0.5447757847190129,0.547974939004963,0.4567904286230935,0.4146406571639957,0.4267027883192719,0.42068202129145926,0.16447678213608954,0.7454438729404989,0.5901897555459407
2019-10-01,0.41879285852874115,0.4141188804441336,0.45782021759458613,0.4149300707203393,0.037251532459455,0.42164188392081015,0.4184162513795272,0.43353556278021527,0.5453748753677439,0.5469434828399282,0.4604146294002887,0.41479319862623554,0.42768065734378624,0.42124871150978094,0.15872391811892486,0.7561906183839516,0.5827006500262162
2019-10-02,0.44238054412135164,0.447509223236072,0.4695921920058729,0.4320939556539306,0.06659915310922049,0.42306384378400674,0.4191377251933571,0.544658519238318,0.5588696573793889,0.5494418667733371,0.48933828609393454,0.41725963906422014,0.4279873773901638,0.42267223600404136,0.18894832820985655,0.7730702778047003,0.6422936811378683
2019-10-03,0.43273892489267884,0.42756064545911077,0.45976866616539935,0.4251772222356299,0.032724862370195014,0.42402971345740637,0.41933191785258794,0.49252948237882227,0.5640893312969782,0.5527260960805394,0.49577753579703493,0.4180759599293685,0.4295154875720405,0.4238554889546049,0.19160941340784085,0.7632694924645327,0.5225360965518596
2019-10-04,0.4301562230808912,0.43911882901685395,0.4698357135153569,0.44626912956252685,0.03430457237913576,0.4258273459192293,0.4203561088109574,0.6050397629484547,0.5839637787946421,0.5602482379132866,0.5305031674313443,0.4228135631901474,0.4295766000940512,0.42632625082215325,0.19591807872248038,0.7734003974320978,0.6609506247041884
2019-10-07,0.44522129105589514,0.43997494431482465,0.47706117488740796,0.4419994000972257,0.022199717703073496,0.42709728106856437,0.42229720828486783,0.5730930324166639,0.5958991086272604,0.5692054321276416,0.5422620463792394,0.42349867082045056,0.4345096759013688,0.42914156053768426,0.1907303073406552,0.7657991023883461,0.5358175015943436
2019-10-08,0.4397119768344683,0.43518054716305743,0.4717843431097578,0.4307277402934314,0.03857454796970066,0.4273566602977198,0.42352636900952134,0.4937478034602741,0.5961790898664199,0.5764401423980599,0.5281479412454929,0.4243775312653676,0.4356826111650115,0.4301797353580803,0.1868858290434425,0.7547758800062074,0.5015972948550245
2019-10-09,0.42843445643672096,0.41797152228187184,0.4476718958592053,0.40835473791029264,0.038020275514293794,0.42577368872184784,0.42339858331160707,0.3656077606058588,0.5789224376139553,0.5779778733062394,0.4814666552187298,0.42428901993658663,0.43400291363979837,0.42929569715317184,0.20007238774695527,0.7438684866150986,0.44637346200641637
2019-10-10,0.40958155235236837,0.40829693245772347,0.4485650398260651,0.4069885225497937,0.020138789286657376,0.4259614768765242,0.42351419699322224,0.3586606258036185,0.5640213495225199,0.5755381584836592,0.44887529934262926,0.42453272225872973,0.4325071765413714,0.4286746031444839,0.19253370891755753,0.7366978737326739,0.5496944046275213
2019-10-11,0.42843469191000205,0.42970115593106817,0.4663449375710781,0.4263728139079376,0.03382268375103716,0.4284030197792451,0.42445432487872037,0.4702261675325577,0.5668400776825577,0.5742805942660136,0.45856189060561403,0.42490394715670143,0.432623656839242,0.4289239575789383,0.2079113518626002,0.7467280761070703,0.6540824240763724
2019-10-14,0.4303282891820971,0.4189132231669912,0.463097119873907,0.42116354322651917,0.024028079563230623,0.4296013959505257,0.42517233735218973,0.440778825903051,0.5648967392537608,0.5727959297342623,0.45670102117894806,0.42497566866051606,0.4336213382669313,0.42945890852427104,0.19386714001149627,0.7387446994580827,0.530804349554215
2019-10-15,0.44444666171305236,0.44365650372684007,0.4767365967463949,0.4392668927602922,0.052906545776738784,0.43215022917569124,0.4264197465471192,0.5313309979682308,0.5768881273675255,0.5745614851146181,0.48333345842676834,0.4272100340869448,0.43419477465363243,0.43089603091544304,0.2088252682452689,0.7527629486167469,0.6464813750475068
2019-10-16,0.46080297873358755,0.46369059746338936,0.49053811149030546,0.45916328503081705,0.06916207677243194,0.434985242144332,0.4283395374856557,0.6123610622460807,0.6010173995655324,0.5819165830437107,0.5291344027317185,0.4340411290745344,0.43146895397577956,0.43305397200527795,0.22509293744300338,0.7701781945691749,0.6538104661837032
2019-10-17,0.4699284773536069,0.4713963487061372,0.5055576486269496,0.4677027439614193,0.04235191140219537,0.43943900617787157,0.4306487728909657,0.642989546820611,0.6257862359422677,0.5939008294346825,0.5670658379132587,0.44203175661970684,0.42872734722375483,0.43580128816867725,0.22474017225606954,0.7819907908248873,0.5975796972157358
2019-10-18,0.4471153834078895,0.4448551831906531,0.441014700790597,0.39537515567400383,0.1592028663995614,0.4341088011332349,0.4304935994739373,0.3266136550777042,0.5895717894606658,0.5945691878840358,0.4743429811041188,0.44311682112462136,0.42402024098532987,0.43401055944420297,0.2908964978773185,0.7457592863477536,0.21167657489210623
2019-10-21,0.4071707376269055,0.4044438238217285,0.43581839587967586,0.39810735654719565,0.07847412211151666,0.42951191914358666,0.4308191265238811,0.3379098991061978,0.5627981471910715,0.5885099549853923,0.419216817567587,0.44338762219234795,0.42036218193637975,0.4323240663482839,0.28897816790345854,0.7651205153731822,0.5704515625376719
2019-10-22,0.4079459084131084,0.4118928275803899,0.44418094495409155,0.40818403760616595,0.03685409162988272,0.42715088209720353,0.4307126357125223,0.37985453748891823,0.5492847359881464,0.5803344317293337,0.40187584628989714,0.4429334930142065,0.41869648967902695,0.4312586957340647,0.2862243355112448,0.7757842056876376,0.6076673664770198
2019-10-23,0.4156936772712686,0.41137903900888184,0.4521371651175706,0.4141613830402199,0.03068605123434532,0.4277590210731802,0.43032624039179146,0.4044382943052563,0.5432119192367274,0.5722983755360644,0.40301864520760666,0.44265512656316364,0.4179937579856675,0.43076453441189444,0.27166709062384553,0.7851589308213802,0.5865990206552832
2019-10-24,0.4222363960952159,0.41223543289535614,0.4280249943191453,0.39366738647338007,0.06699994504190888,0.4263638777725153,0.4294348005714902,0.33224722014328373,0.5230036942639681,0.5608925681434679,0.37540676361690184,0.4434260654955807,0.4159721278836236,0.43015250295609864,0.2913378403994821,0.768195515975437,0.45412007922491215
2019-10-25,0.3999398388556529,0.3995641114026771,0.4378483740328437,0.4009256737318051,0.032387741396712966,0.42369875920198463,0.4286954822924106,0.36384144054525386,0.5129545992639326,0.5492929909368945,0.3738190056956509,0.4435327375684638,0.4156350060152515,0.430039168166493,0.28052352722412355,0.7779258515181581,0.5935228594305079
2019-10-28,0.4067408988695903,0.40726980195284246,0.4475909325453634,0.4080134139179742,0.03861409098647092,0.4223215257060985,0.4285859614433546,0.3945181173932268,0.5108503821092145,0.5394950941581944,0.388582050115267,0.44355745211730857,0.4154278679551028,0.4299485019618374,0.2689683895173267,0.7889573373954247,0.5924152962442921
2019-10-29,0.41603804927983223,0.4070127354705324,0.44799667406916666,0.407500853309981,0.016027655983796747,0.41899461898631574,0.42841862146955456,0.392472669373032,0.5092426760680974,0.5312608244638823,0.4013944755295708,0.44356622966651693,0.414628651502423,0.4295540815999339,0.25564387828966095,0.7826458478878227,0.5539830572995257
2019-10-30,0.44702928832114874,0.43749211634677687,0.47373262782169256,0.4392668927602922,0.050351664761006026,0.4169108388774424,0.4291579315593429,0.5196880500900676,0.532471506253913,0.5303942978745464,0.46176606920863705,0.44443127312282293,0.414498926217601,0.4299348959297793,0.2757023895376657,0.7961301912256808,0.7163011742206183
2019-10-31,0.439109458309208,0.43158469588650306,0.4669131473597826,0.43243558610999056,0.03734335268483679,0.41321725458195313,0.42974512556743727,0.489691952022208,0.5456830578270432,0.5329548703437726,0.4898478615449745,0.445044415984159,0.414638219631145,0.4303202456036441,0.26773444075928776,0.7853642576664226,0.5231687934194985
2019-11-01,0.4362684371720912,0.4329544440062991,0.46894266389699213,0.425262495771758,0.022967790537289062,0.4163474021964578,0.4296082224587944,0.4583869022750658,0.5506370851944299,0.5362234259852005,0.49564910512727417,0.44249552050437935,0.41503416065942267,0.42920499434035864,0.25936272928416293,0.7776024547342544,0.5212857727654228
2019-11-04,0.43411626033004447,0.42396469177047313,0.460418092381475,0.41697939376108784,0.026979060967289206,0.41832390000699193,0.42914880595932325,0.42285679663936565,0.5482250029932997,0.5382442132504385,0.485424839115333,0.4400637303073561,0.4148824067881224,0.42787667139477303,0.25158899702421267,0.7690023972539425,0.5155665129212262
2019-11-05,0.423183385956709,0.41985531435961554,0.4570895932585267,0.41860204265745427,0.02776321909646217,0.4194149938799342,0.4288050167902854,0.43014833551458903,0.5475661477504841,0.5396985775593509,0.48078354583426147,0.43912241769777316,0.4145640659455313,0.42723291286870735,0.2436138898900487,0.7777663240444177,0.5646496333843294
2019-11-06,0.4222364366319459,0.4199408932190627,0.4572520090280442,0.4232133259628804,0.022352528005168737,0.4203630179414036,0.4287958966497928,0.451575028069047,0.5505502811225497,0.5415970133038012,0.48442228566120615,0.439577736203948,0.4156745632064637,0.4280217617276605,0.2361002235311145,0.7853995525947655,0.5795169767361906
2019-11-07,0.433513425079053,0.4276460971300571,0.4678870408263426,0.42722631542857237,0.025192252785772015,0.42387769676765086,0.429580837469444,0.47052054704694973,0.5559017976630782,0.5444337547881157,0.4921108019499414,0.44024224906196385,0.41714131875716165,0.42909619489477224,0.22523104748576397,0.7936262121426878,0.5764559452956045
2019-11-08,0.4298117794821058,0.4332966937517362,0.467562367912565,0.4406330315048558,0.019356641819354092,0.4280363101071142,0.43091951904315373,0.5308777428189657,0.5701565108145588,0.5502138557202975,0.5162288117809387,0.44188258074303766,0.4169653751163319,0.42985327600772405,0.22216538772776626,0.8006333758926676,0.6227927672129108
2019-11-11,0.43816227134393115,0.4288448131010043,0.47048514114740636,0.4319230255019971,0.015123528363066555,0.4305404009167574,0.4317105526953636,0.48330248862581443,0.5744857560282843,0.5559041602854317,0.5154930166116426,0.44268545767339573,0.4172812575245338,0.43042450157006495,0.21499450443792126,0.7945108262990914,0.514037155124931
2019-11-12,0.435838107125219,0.4251634542455318,0.46796859200381846,0.42654359082799986,0.02086932976597236,0.4325347764356463,0.43212433300544506,0.45465005958733545,0.573509956747177,0.5602160801893806,0.5041984753236429,0.4413069480997932,0.41735049419236414,0.42974901597372983,0.20184959962835589,0.7871875488456597,0.5300940254650127
2019-11-13,0.427573776543399,0.4200266003590789,0.46553303101385246,0.42586048314775027,0.025270668598689316,0.43113070230491013,0.43190223943152606,0.45089906063338997,0.571943195486393,0.5632797478853839,0.4939702447741554,0.43558861988433073,0.4197091307570392,0.4279809558342056,0.18640061920944864,0.778944502366721,0.5531825508463701
2019-11-14,0.42748772995550455,0.41891353872858295,0.4608242165319202,0.4232133259628804,0.014092058823923658,0.43016484065561633,0.43183226739882874,0.4356524308409753,0.5684448453911976,0.5648690943944755,0.481889595601065,0.42554671714084613,0.42533941639680284,0.4256189934122441,0.17691979908959374,0.7730375039426676,0.543465647787753
2019-11-15,0.42938156660135507,0.44982096629561474,0.46602004478530545,0.4571994653740027,0.05616582866748075,0.43350964915607204,0.43222170640607505,0.5949943110253533,0.5911979574729893,0.5717442990113012,0.5252021369557968,0.43175338604405,0.42551036701792844,0.4289012727236956,0.200223175648884,0.7877368611828058,0.7250641047237113
2019-11-18,0.45494933462927556,0.45598536666882694,0.4812830787428103,0.45626015400569175,0.0481010639082173,0.4376235842728612,0.432729805511216,0.5892052286885561,0.6078267499456986,0.5813398681962,0.5474929174597636,0.4365761893360266,0.42671881419508295,0.4319886298640707,0.2093218849760505,0.7747228367710406,0.5520395860797872
2019-11-19,0.46166415834946084,0.45170462158032176,0.49386701402251376,0.45617488046956367,0.020624699238495324,0.4415586460168329,0.43363646649385934,0.5886433801876656,0.6201141404999551,0.5920425112143263,0.5565643265303644,0.4411651233010613,0.427087779670715,0.4345364844448012,0.19560926836056333,0.7674506809400103,0.5561487172597958
2019-11-20,0.46261100037586733,0.46155033327035766,0.4927303044858221,0.46573869445679883,0.036724739049600344,0.4460123940021604,0.4356810103628491,0.6290608191149982,0.6361627789111223,0.6045571484585558,0.5714118826419823,0.44747549704847966,0.42606186521935985,0.43727474619045426,0.19682150760028258,0.7780873398212508,0.6026195625202436
2019-11-21,0.46975615662234615,0.4659167965865918,0.5002804994393851,0.4700082706902292,0.028886508860986856,0.45049301471876213,0.43792635291920246,0.6464694700271241,0.6509685687259738,0.6182152873625074,0.5807817828391608,0.4518628952243605,0.42965405529799516,0.4413277167144891,0.19340696083676515,0.7870860058970541,0.5769526245188094
2019-11-22,0.47586824894246715,0.4811565075479767,0.5124584213475211,0.4839273175266995,0.04772574035921144,0.455027292632746,0.43997697324216845,0.6992582296652372,0.6719348381065546,0.6343054551310399,0.6007099285869508,0.45944080499276396,0.4306624263176654,0.44573430984211804,0.19391183231992945,0.800021597134724,0.6227988341591205
2019-11-25,0.4875724886435161,0.4809310007992067,0.5180108061092529,0.48444309600398106,0.026788718310293377,0.4605278013049027,0.4422315724271987,0.7011334190475462,0.687344850700389,0.6509728288561007,0.6054395782205175,0.4661425898056858,0.431875876201138,0.44979199468338904,0.18605394281076923,0.8085818777910305,0.5589849366967736
2019-11-26,0.48245826774995615,0.4782585775446415,0.509100166780945,0.48435720954036954,0.05711352062872056,0.46658271151459363,0.4438381038738196,0.700395671580746,0.6977707036737082,0.6668744485885693,0.5991649581312692,0.4713013946824841,0.4347268867652415,0.45387233183931786,0.18724804120828428,0.7936844767863015,0.5561556479994749
2019-11-27,0.48843948426073835,0.4861037363344136,0.523406220634889,0.4893443706249908,0.02284178906012281,0.47323147779143293,0.4449134314954174,0.7204090648513084,0.7080121778902392,0.6821180555896031,0.5937731744205974,0.47793583863573563,0.4332070488433951,0.4565309667737403,0.17921321111896785,0.8014199485814519,0.5800040751868666
2019-11-28,0.48843948426073835,0.4861037363344136,0.523406220634889,0.4893443706249908,0.02284178906012281,0.47323147779143293,0.4449134314954174,0.7204090648513084,0.7080121778902392,0.6821180555896031,0.5937731744205974,0.47793583863573563,0.4332070488433951,0.4565309667737403,0.17921321111896785,0.8014199485814519,0.5565593718828475
2019-11-29,0.4922533738518281,0.4862760036978562,0.5237331076711701,0.48710864101335305,0.007801368054336127,0.47992333351794125,0.4456048478812432,0.6991834728819666,0.7125260288118134,0.6954246304415943,0.5779010523638018,0.48330384340554666,0.43348281037303027,0.45943358287853675,0.17153454207676147,0.7968275461789318,0.5460934346202424
2019-12-02,0.4932939263078412,0.4826556157792432,0.5229977732783132,0.48599119759517906,0.017440481057554524,0.48293873641544927,0.4488334240215427,0.688128901856071,0.7133473312117232,0.7062721639617717,0.5577515653351325,0.48748869373604686,0.43562352150845884,0.4626576958944939,0.1608121749037046,0.7902208117945566,0.5513184831820711
2019-12-03,0.4862724737236007,0.47920701527532605,0.5173569704242961,0.4842713996926934,0.02430555090124567,0.4858723977442826,0.45190337905327194,0.6703486691585272,0.7108103755290753,0.7143253791897419,0.5348548049373414,0.48995062717334903,0.4402401494608833,0.46623025756104797,0.15401236248114367,0.7821794506204344,0.5484857666462498
2019-12-04,0.5000549487110527,0.4989489615204836,0.5327255123666766,0.5033598003082259,0.0344654253287097,0.4908141477893019,0.4552944143498917,0.7559510181568401,0.7214193554676798,0.723380773365683,0.5430667009519754,0.49524112148185984,0.44379565117444997,0.4707300835319661,0.16174028133292748,0.7923439698054688,0.64630069824842
2019-12-05,0.5074229778079059,0.4990350355760078,0.5319897228435059,0.5049073655878761,0.022506008527887207,0.4949163436388909,0.4585276201694114,0.7619794241791884,0.7289316372094119,0.732475243487597,0.543386890879786,0.4999846679313794,0.44758968918620623,0.47506725538930183,0.16042579706559687,0.8000092719216519,0.5637191402574865
2019-12-06,0.5083767700704239,0.5148116681522621,0.5443340907022024,0.5119584067409767,0.0303308343040362,0.49930984663574207,0.4627422333609684,0.7890376263609236,0.7380972819717242,0.7420081712210782,0.5469796307994444,0.5053428620903228,0.4510726025020507,0.4795657187232274,0.16268842845165585,0.8093097656584829,0.5891387506304828
2019-12-09,0.5164379466092254,0.5081732072166754,0.5492386564053694,0.5129898870796034,0.014249560670381476,0.5023536147482556,0.46673499046804723,0.7929548539865268,0.7438980983870427,0.7510631616660642,0.5430633927637251,0.5107903816152716,0.45314713299504616,0.48340717544546363,0.1498765912608915,0.8152496780038084,0.5612974924237888
2019-12-10,0.5199919431483419,0.5098111667148406,0.5480124382738488,0.5086046973996169,0.02141622979452376,0.504884096842808,0.47031897638141873,0.7415794292131173,0.7428970827225319,0.758060619882176,0.5262038880370628,0.5136187803440518,0.45838427933400305,0.48747823853469807,0.14168085662332877,0.8078121122109807,0.5364331355943167
2019-12-11,0.5211186399876516,0.5182595682807609,0.5538982553995947,0.5171169576731435,0.0302711846685692,0.5083150762184964,0.47422450934927174,0.7783431606434661,0.7463395000521088,0.7645063987576428,0.5216834045565722,0.5160092105240918,0.4655508567690966,0.4922868177102182,0.1438671419004768,0.8171001406755001,0.5957695113296153
2019-12-12,0.5244994852533488,0.5189493376690797,0.554715738796793,0.5202124713121209,0.019419642557937218,0.5115479404149784,0.4771085347164631,0.7909740943882382,0.7491244873317436,0.7703489196595147,0.516740283610764,0.5170506602120665,0.4745113168963776,0.49729600552402453,0.1387131919357529,0.8241204699939886,0.5707181503006763
2019-12-13,0.5225926729201823,0.5167081640966253,0.5512825273310512,0.5205567067099853,0.014358136411343885,0.5150510083597223,0.48024821883192137,0.7924285090340819,0.7492804236922394,0.7750613410113024,0.5074802008578123,0.5150452584826689,0.486933941674243,0.5024640076623965,0.1356690765552341,0.8300830719361061,0.5581298828739142
2019-12-16,0.5280536181155336,0.5257601894557615,0.5609289209215277,0.5240819591307614,0.021703084221263956,0.51904031306082,0.48376907623016885,0.8077085237960497,0.7497822544263492,0.7789548709722287,0.5007701707153415,0.5180777131195448,0.4909183014154409,0.5060148281506696,0.13262464336256938,0.8375805830834209,0.5726381364321798
2019-12-17,0.5390623850989066,0.536105280399803,0.5693489881350658,0.5393011783913949,0.05768924014407062,0.5248036673759601,0.4881273022895215,0.8642430174007483,0.7593996377091369,0.7844383025457755,0.5137978907076395,0.5232255716564868,0.49443839822131064,0.5104235120108784,0.13839714199934913,0.8525982949748425,0.6257738965685515
2019-12-18,0.545303398841157,0.5346395539670936,0.5711472967345522,0.5361196250569352,0.03843246119757701,0.5282346547757545,0.49231435851661554,0.8226912686753269,0.762123094585957,0.7894957916525098,0.5103077004050363,0.5259368079872365,0.5001434977708089,0.5146678130389319,0.13156566769445097,0.8416047651514684,0.542268582335196
2019-12-19,0.5467773021648251,0.5518817653370116,0.5782596686398268,0.5546925536589281,0.04892476505416052,0.5334487349571483,0.49699885685139955,0.8826206623783952,0.7758785985950756,0.7969295434592281,0.5297788958788918,0.5332309391925752,0.5020777636690762,0.5193904118540211,0.14209483748849341,0.8547909223685249,0.6402001787654557
2019-12-20,0.5726955535500727,0.5687787099847248,0.5879877211940413,0.5607973113935941,0.08322732677142661,0.5385637094043022,0.5017578831944819,0.8988103804141117,0.7886844789654675,0.8060304283196296,0.5434394535139616,0.5407967366692298,0.5039268875841284,0.5242104412478499,0.1556813055008557,0.8751454515201749,0.5836428099139765
2019-12-23,0.5628136033307026,0.5594679850406354,0.5924020135334559,0.5640646745757297,0.029783264054861577,0.5439128513392965,0.5061556526106658,0.9072625476685607,0.7984530087363045,0.815716968774111,0.5482383398293362,0.5487766863968507,0.5042157582512236,0.5284649681547056,0.15066312882918861,0.8843315168583703,0.5709843961804479
2019-12-24,0.5650672526984478,0.5530022070811516,0.5917479500729216,0.5596793316638721,0.014235486037293755,0.5492619772260784,0.5107075062681653,0.8511483443669507,0.799938776052054,0.8238321218522584,0.53536232625981,0.5543132531018172,0.5065046481543954,0.5324592924096183,0.1433911005278337,0.8783945457570734,0.5372488375931433
2019-12-25,0.5650672526984478,0.5530022070811516,0.5917479500729216,0.5596793316638721,0.014235486037293755,0.5492619772260784,0.5107075062681653,0.8511483443669507,0.799938776052054,0.8238321218522584,0.53536232625981,0.5543132531018172,0.5065046481543954,0.5324592924096183,0.1433911005278337,0.8783945457570734,0.5565593718828475
2019-12-26,0.564807038600034,0.5544675784901332,0.5909303749456104,0.5588193944046617,0.0060614753164446675,0.5536295382879609,0.515420385956047,0.8399724191073634,0.7975863783833725,0.8297448864121398,0.5173158630683359,0.558519425932747,0.5100840269499499,0.536412521973386,0.13489656209336334,0.8741657371401808,0.5527594673425363
2019-12-27,0.5668008222012771,0.5576575287762888,0.5940368373591506,0.5581316131523512,0.008832167372855795,0.5576008689914312,0.520133099128344,0.8305225059961479,0.7923839710975914,0.8331938283946828,0.49712719831482,0.5620154126598326,0.5137926599953314,0.540064466396784,0.12690014997081359,0.8693579236273774,0.5535181087777838
2019-12-30,0.5631600757471605,0.5546400714148261,0.589867638876547,0.5542622785655812,0.005418063518148905,0.5611309059567225,0.524802267110238,0.7765257582375913,0.7826000619387214,0.833543361717386,0.47173051474548566,0.5636882349210376,0.5192088445788737,0.5436296820262987,0.12121643572072413,0.8652635718803625,0.5394403784421298
2019-12-31,0.5572660086855671,0.5530023902078942,0.5878242266899497,0.5591636298025263,0.015549788679437496,0.564805063891383,0.5284351676591924,0.7994767258575812,0.7759760176727513,0.8321915922710565,0.4577899690405547,0.5649332222550797,0.5257066551309156,0.5475144380643067,0.11659179755782312,0.8714751991502325,0.578311448814084
2020-01-01,0.5572660086855671,0.5530023902078942,0.5878242266899497,0.5591636298025263,0.015549788679437496,0.564805063891383,0.5284351676591924,0.7994767258575812,0.7759760176727513,0.8321915922710565,0.4577899690405547,0.5649332222550797,0.5257066551309156,0.5475144380643067,0.11659179755782312,0.8714751991502325,0.5565593718828475
2020-01-02,0.5639402479132435,0.5530884191255081,0.5902764590705886,0.560023260597995,0.02454414944311368,0.5669753197915203,0.5321321630596171,0.8034936227349634,0.7688442687905682,0.829353741086837,0.4456129534232226,0.5646258260554248,0.5340806931487369,0.5515361370862599,0.10914081577631343,0.879566421413601,0.5603594840391841
2020-01-03,0.5433965401324775,0.547484868509849,0.5732728832569792,0.5454920524374788,0.024379275169800395,0.567956908688738,0.5353144615160589,0.614614335514595,0.7497478670474791,0.8223803219715089,0.41172593765574433,0.5641356151443236,0.5390676504078519,0.5537729565538734,0.12431906770912357,0.8715096537231386,0.4923662316126428
2020-01-06,0.5477307071331458,0.537398381175066,0.5720467153527448,0.543944410541893,0.03764227108279503,0.5668312389426816,0.5381008678038887,0.5970941879201017,0.7313213433356957,0.81226342875099,0.3859681799930125,0.5631007161013598,0.5442874630502285,0.5558454501353547,0.12164983036398483,0.8606812537430831,0.5496424191801894
2020-01-07,0.5478173330820414,0.5481745622198169,0.5600296586468959,0.551510923708533,0.03530722243147999,0.565858661116596,0.5410047412828792,0.6484569345836262,0.7205274505044289,0.801511551094531,0.3807650910941567,0.5630107601921522,0.548587026256271,0.5579453103487304,0.14790853013830804,0.8710216873328742,0.5904190049336709
2020-01-08,0.5552718021009441,0.552743371742441,0.5789949930737809,0.5513387677016331,0.030098937968400435,0.5645258570960948,0.5434065566237777,0.6463359201934324,0.709979738022008,0.7903123161698526,0.3770994270174514,0.5624486685832012,0.5532457632411051,0.5599812689885246,0.15280693615535976,0.8617696540928951,0.5557936614652709
2020-01-09,0.5629868218536446,0.5531746743251866,0.5895408396861385,0.5550362527452447,0.026794080075279177,0.5640395802192112,0.5459217335912457,0.6714314582337138,0.7026737398899379,0.7795535778010501,0.38070887413164284,0.5607166829198836,0.5599713578719342,0.5624463403212896,0.14418442605833579,0.8703310552231172,0.5730072084254073
2020-01-10,0.5629001329597779,0.5544677112516494,0.5888049578440674,0.5521987049608433,0.019622049186151097,0.5633461851160956,0.5483388710957432,0.6335518768630757,0.6930449377937492,0.7685751672301862,0.37890887096425657,0.559214985128306,0.5652521751136584,0.5643088454408898,0.13846351441153357,0.8632684280143128,0.5439742007337888
2020-01-13,0.5605598379410556,0.5511057306405396,0.5873337182417632,0.5577018743705523,0.016610077705379055,0.5633011779050717,0.550774393558701,0.6729169017168695,0.6880184576422742,0.7585544971461192,0.38675663637831725,0.55792917138888,0.5705662986938284,0.566299174045519,0.1308652489480107,0.8697016290010022,0.5810227096576199
2020-01-14,0.5568324156547894,0.5581748630139969,0.5874153168667157,0.5647525324439756,0.03299228039886169,0.5643998385100507,0.5535407824893827,0.7182234630579207,0.6878262432432953,0.7504906217482197,0.40279069348691204,0.5565227485870573,0.5767181609406516,0.5686455495273173,0.13262697186908293,0.8795582979777126,0.5877641100154157
2020-01-15,0.5685347543917522,0.5649855555786991,0.5997596148404073,0.5689658725808039,0.01907045761323712,0.5654264426423977,0.556497102918173,0.7430412435774432,0.6892763999379645,0.7443966718183327,0.4189323447685069,0.5551992893086969,0.582857598085725,0.5710284558832299,0.1264252430014923,0.8865056564324447,0.5751023748443161
2020-01-16,0.5773760756988234,0.5773993535502071,0.5994321817018505,0.5791976242930744,0.029228991599454704,0.5674346035755385,0.5598792473744508,0.796080112987456,0.6965516652811573,0.7413132933093698,0.44360109230438166,0.5589026143282644,0.5832795051850842,0.5731465754323035,0.13677689520891226,0.89557589277961,0.6014394427032836
2020-01-17,0.5859579122991071,0.5823135210776962,0.6135747969296718,0.5875382648712489,0.046705664570663365,0.5718381688014186,0.5628784578503577,0.832281563035296,0.7068766154055827,0.7413894604975881,0.4694905412608523,0.5636387039043519,0.5838611974505096,0.5758764132340428,0.1337622920123128,0.908298313854828,0.5928506069237842
2020-01-20,0.5859579122991071,0.5823135210776962,0.6135747969296718,0.5875382648712489,0.046705664570663365,0.5718381688014186,0.5628784578503577,0.832281563035296,0.7068766154055827,0.7413894604975881,0.4694905412608523,0.5636387039043519,0.5838611974505096,0.5758764132340428,0.1337622920123128,0.908298313854828,0.5565593718828475
2020-01-21,0.5874314751307069,0.5888653628769964,0.6182344920609039,0.588398125514524,0.0497906900993669,0.5764938755127665,0.5658531659673721,0.8358415809689015,0.7138116247125071,0.7431583760661671,0.48336099194893434,0.5689872918625168,0.5819269288414591,0.577665856605414,0.133031090104035,0.9216654276092615,0.5602764104590404
2020-01-22,0.5711350561374356,0.5803306214057342,0.5977973992690432,0.5796277461545504,0.05489374992460018,0.5794385940597834,0.5682641696928553,0.7119977002745488,0.7107232719176682,0.7438128966476041,0.4742295930384208,0.5713495795149043,0.5814920890784224,0.5786655725220404,0.14976864967904738,0.9072319028056106,0.5186718389619264
2020-01-23,0.5827505928401467,0.5767961626038778,0.6040102739094776,0.5820353253093465,0.04394636626484706,0.5826534922827439,0.5707242027039973,0.7257783634765873,0.7082767967597171,0.7437339854299418,0.4682198223480425,0.5738074398461043,0.580867183970485,0.5796196421332094,0.15159527582958218,0.9193776999919885,0.5670315338151213
2020-01-24,0.5874313876233065,0.5783477039818532,0.6135746826853324,0.580229564327314,0.04649320463310112,0.5852920269898191,0.5732761386693314,0.7006320290546528,0.7031723414649622,0.742413710798408,0.45804803886393847,0.5758979921935835,0.580895659031167,0.5807106628634695,0.14251489144584947,0.9066996776956782,0.5487197240635393
2020-01-27,0.5782433034197677,0.5827447789910962,0.6059724130872469,0.5839271259868609,0.036675812944104935,0.5886149938735149,0.5756565308247811,0.7239020380655505,0.7002086386761571,0.7406275785215866,0.45423078192747035,0.5784533813440945,0.5809292031060819,0.5820436431802678,0.14975801102040845,0.9173261122524383,0.5726349355249356
2020-01-28,0.5863915605114661,0.5923140649319862,0.6153734691153633,0.5903759658875208,0.03499691028292693,0.5920370022986016,0.5781563992774689,0.761600050601146,0.7010381706738396,0.7394029731569551,0.4588319568190991,0.5819776433292633,0.5807220192472135,0.5837555097972562,0.1560484252344432,0.9276016984143614,0.5845153724267109
2020-01-29,0.5949728012360224,0.5976587081737987,0.6233846323285929,0.5993179649428465,0.027972998151531515,0.5956570938064701,0.5809625990818233,0.8067893316254848,0.7067170389118976,0.7398219032388111,0.47229915467857253,0.5869012935208427,0.5804334172428208,0.5861475356520851,0.15797062711241075,0.9364094637467864,0.5951288567805938
2020-01-30,0.6000004481668001,0.5917964038961032,0.6227306393512392,0.597770323047261,0.029192799685800568,0.598673828705588,0.5835880557726537,0.7834696660738036,0.7081917190672311,0.7405202374286648,0.47458860356949634,0.5908766400692157,0.5804374530539008,0.5881971816753992,0.1535507983218901,0.9273467905985515,0.549930050110623
2020-01-31,0.5975733878183666,0.5873998218125867,0.6193789714158483,0.5849586829414236,0.043810981698955656,0.599277193338445,0.5852147956598811,0.6128305800375287,0.69783085310684,0.7385271892894874,0.4525353047386035,0.5922938629618034,0.5816271291333576,0.5895210140202698,0.1519503608041077,0.9152292853785438,0.5016150368688139
2020-02-03,0.5947127362792116,0.5916240422805776,0.6242838466175945,0.5961365648402578,0.024465063409573162,0.600177706667793,0.5873531505878838,0.6826871906931813,0.6964710353487096,0.7365978494241749,0.45305733298646467,0.5940993934751689,0.5851504911781756,0.5922097530632904,0.14937575988579196,0.9233039806516563,0.6049769245765149
2020-02-04,0.6126564847191781,0.6111076282199595,0.6403067577015723,0.6084326563166199,0.029667315887043695,0.6022759542399353,0.5892678668957182,0.7448750931292598,0.7030251049202068,0.7366685399889061,0.4694456655800386,0.5973560633926677,0.5886488380010965,0.5956334618918291,0.15743535546296147,0.9324658157414258,0.6093594338773985
2020-02-05,0.6146498616201096,0.6220559746818699,0.6412057167509037,0.6289825825163201,0.025904027087636707,0.6074449630174569,0.5916972528498979,0.8228120766696578,0.721951521262813,0.7413863659246177,0.5075244862434449,0.6058882180692519,0.5880843766110272,0.5997464657274161,0.16633405289447953,0.9408412182016506,0.643969443630035
2020-02-06,0.6365807873843158,0.6261941057731402,0.652895927752012,0.6250273614659386,0.027387225326833083,0.6119475858329401,0.593869303980905,0.7800967180645955,0.7318096091881298,0.7475885159796822,0.5196870998613253,0.61141831102705,0.5902153421089064,0.6036586250054765,0.16425593643706363,0.9321558646445101,0.5399967627351573
2020-02-07,0.6286926849534359,0.6172284655137714,0.6431679162134852,0.610926045319092,0.024030090225100297,0.6151624760317947,0.5956951828591716,0.642947995076449,0.7267717330272392,0.7513094877415988,0.49935622165004656,0.6131531213149278,0.5943695585482934,0.6066258382388572,0.16472092810245206,0.9241720678178043,0.4973327593407729
2020-02-10,0.6143033095842744,0.6038660161137097,0.6377725316046031,0.6106681560804513,0.018234692496075858,0.6179631057058664,0.5975425122205243,0.6406037610414579,0.7205976753566914,0.7527656935443894,0.4807986351117501,0.6135061975769239,0.6002239359571665,0.6097300066589018,0.15470299915263044,0.9173993632346737,0.5554645221909013
2020-02-11,0.6195906649183397,0.6079175558525287,0.6430858376340493,0.6117856761145607,0.010726210854088947,0.6202053779581048,0.5994541630037334,0.6465300868786741,0.7146447489894414,0.7524645476813296,0.466398822413301,0.6138159018461627,0.6056566180836959,0.6126013390588982,0.14344135469013022,0.9226029841581795,0.5613046575652745
2020-02-12,0.6159502893687218,0.60593494004226,0.6380177479856898,0.6040473134047625,0.02045446320019624,0.6207006899784387,0.6012279634502987,0.5721260268264206,0.702230571087321,0.7491662176257518,0.44183977038421857,0.6132467672325111,0.6104232270133664,0.6146875159563268,0.1372292213170985,0.915366403373971,0.523728334937429
2020-02-13,0.6011273652752466,0.5963654920418269,0.6295157784377602,0.5954487069720119,0.022554934633382616,0.6204575435158909,0.6025207713451771,0.4974826608710288,0.6842445783300997,0.7420978913777482,0.4109482646601613,0.6120292839497198,0.6144962012547747,0.6160935010753299,0.13124329090412643,0.9076908769333076,0.5198613368712772
2020-02-14,0.6045949415270727,0.5929174676124482,0.6235483297015422,0.5957930189858119,0.024137325524816254,0.6215922403812913,0.6037952188494681,0.49992873792531695,0.6688663849997722,0.732655827444539,0.39149775926250124,0.611666586329021,0.6166355222268077,0.6169745577491474,0.12873274130527665,0.9156970832383264,0.5580386537757729
2020-02-17,0.6045949415270727,0.5929174676124482,0.6235483297015422,0.5957930189858119,0.024137325524816254,0.6215922403812913,0.6037952188494681,0.49992873792531695,0.6688663849997722,0.732655827444539,0.39149775926250124,0.611666586329021,0.6166355222268077,0.6169745577491474,0.12873274130527665,0.9156970832383264,0.5565593718828475
2020-02-18,0.6038146656192874,0.5937794566206347,0.6228124735076931,0.5872803756326083,0.034287146642931914,0.6206647179108656,0.6052841029405244,0.4289684441898534,0.6490034354757148,0.7202102496778947,0.3668868418922763,0.6116735559846628,0.6166009016685648,0.6169608662980544,0.12846975384704953,0.9055698198109872,0.519995906504595
2020-02-19,0.592892345132103,0.5853305333598704,0.618888299996926,0.5855604244982519,0.026810835590859797,0.6182692734975955,0.6067668477930391,0.41521493760894473,0.6309940171108823,0.7058183559087408,0.35093864755373966,0.6117566322505482,0.6162133632942658,0.6168102115251504,0.1227827174949285,0.8970049171997787,0.5491228059144727
2020-02-20,0.5876915803620874,0.5820549353498154,0.6092421638863538,0.5806595329569192,0.03585546290127784,0.6132083253567034,0.6078053891191336,0.3761732236847117,0.6122346198900697,0.6896847015465423,0.33666658875482885,0.6116752123571095,0.616407118494083,0.6168649895322431,0.12621036341466754,0.8865499151521128,0.535340890514686
2020-02-21,0.5831838096275567,0.5894687457217125,0.6103864395862976,0.5940728380036492,0.03794722146636229,0.6099664099685588,0.6093279694131944,0.48583192415535154,0.6069620331971592,0.6754792243264589,0.35246615251627655,0.6113777125639815,0.617994394068775,0.6175040662816571,0.13723062292916058,0.8974420420861207,0.6148555642485899
2020-02-24,0.5774991529837062,0.5869698356840187,0.5992378555445094,0.5675075648659241,0.05679449561206558,0.6054191249786139,0.6097723121575628,0.3080747408341317,0.5820593859170652,0.6579817190184447,0.3254911373355207,0.6129841969087076,0.6149835940029439,0.6168286498340649,0.1591534820753768,0.8826113092793728,0.4423040842387189
2020-02-25,0.5730499829068075,0.5674488158827158,0.5875553784260236,0.5566041978637178,0.05639303345875395,0.5997569225447644,0.6099292762995726,0.25348115899417806,0.5539141545441505,0.637051994665982,0.29736739162171466,0.616371961218111,0.6085817848745761,0.6153780637758937,0.17041796307030624,0.867864471957059,0.508678120181188
2020-02-26,0.5674669765600221,0.56285066946276,0.5855809342575972,0.5482106156741645,0.053476233306479826,0.5930986075816859,0.6095911104437385,0.2154074008078155,0.5254486451287425,0.613297615721196,0.2742220543180476,0.6203576064682604,0.5999844154603223,0.6131394871166962,0.1777010393526234,0.8537271724448572,0.519378555168287
2020-02-27,0.5431281637646191,0.5502706706673322,0.547407798555933,0.5087518766115683,0.07005011909820474,0.5831181682660501,0.607595852458194,0.08429411607080178,0.473545751128319,0.5815112603252107,0.20840770495180305,0.6307522031429494,0.5796259141057495,0.6083312943606216,0.2194095460082244,0.8361263480001502,0.3805900846008339
2020-02-28,0.4803183362515687,0.48537462133661236,0.48052247611210663,0.468600759340536,0.11866524222443543,0.569833185414287,0.6040199248072396,0.002826171138605449,0.4033477115937335,0.5387935221828389,0.11883549971713969,0.6459485623183304,0.5502067378643783,0.6014736264193039,0.2853064632158916,0.8083661865622683,0.3716333496677088
2020-03-02,0.475258610079231,0.5100143146190563,0.5067664168472742,0.5165398098315869,0.06295583380137074,0.5615328735509849,0.6017874776545639,0.26014077357183024,0.386284575200629,0.5004169542202984,0.15440722886869512,0.6479938208727466,0.5408193471464094,0.5978412388874261,0.32261531974613356,0.8244844839573345,0.7849728372039398
2020-03-03,0.5207959218871508,0.5174758026685502,0.4992801265875918,0.47820602254883593,0.07739439668750159,0.5501093469008344,0.597892058461187,0.1730412354454241,0.34575246986142205,0.4597332909015604,0.13550279348886424,0.6531197092062365,0.5229871182839007,0.5915802554485541,0.3766490402615926,0.8053488903666695,0.3811383588010956
2020-03-04,0.5005573553572759,0.5404671772543683,0.5325172903358176,0.5464803980044616,0.05660415295506975,0.5460164349419839,0.5963985637992565,0.4038826113414005,0.36797848693893875,0.4326602725911644,0.24702898522031388,0.649251895797991,0.5203891255910006,0.5882911832900064,0.42857629298551536,0.8201398463494118,0.8792006972631154
2020-03-05,0.5277746359875585,0.532137822173588,0.5547297472566898,0.5337597010139735,0.0618231609481209,0.5411045425957023,0.5947643225214053,0.37294956036754495,0.3778216927096202,0.4134260820128012,0.31126066594203383,0.6415785327409796,0.5181794213388434,0.5832357593726414,0.4284842324512431,0.8042582490690262,0.49975138753172466
2020-03-06,0.5075362053813742,0.5350012528645347,0.5347385676642952,0.5339331594917759,0.06785447633652045,0.5348060205253103,0.5930504813343181,0.3734647765140919,0.38760969518630917,0.4004493579321192,0.36253460688647743,0.6335516650804304,0.5167736131365056,0.5783995288351091,0.44986944499979664,0.8214002394452757,0.5573420200822162
2020-03-09,0.4887803423206024,0.5061101947825719,0.5140885653556709,0.48556130558150923,0.07864167726732285,0.5262236613331664,0.589677527992389,0.26500259092166817,0.3605026588439081,0.3833919493843001,0.32909730850726426,0.6301692813534626,0.506930267622049,0.5717438606420817,0.48648830540923527,0.8020039956099831,0.33833538123629414
2020-03-10,0.5205343070425209,0.5258046995636927,0.5085766072023329,0.5305583041522387,0.07093078899712207,0.5234958343735919,0.5877760401194024,0.3910708076472384,0.3754619279513857,0.3734302511484049,0.3872398541568957,0.6227838019379633,0.5060308963966355,0.5674907939939731,0.5269545323631417,0.8197888578953354,0.767875062700986
2020-03-11,0.5041336870300767,0.49804152942447755,0.48611676469360166,0.44541011169454137,0.10487947422532548,0.5127293776983163,0.5826110242118138,0.24031045304409776,0.32471168432049813,0.3529619196607925,0.3011480639614367,0.6214326481399627,0.4897297098585077,0.5586578434009652,0.5910410505444219,0.7949095749538224,0.17136547834883403
2020-03-12,0.4100936943722201,0.45474887590632584,0.4285281107577622,0.39011608463455916,0.13018566451704572,0.5003044666812394,0.5751573307492736,0.16986307955288887,0.24565231975414492,0.31711619808906555,0.17514508953964353,0.6281916808245341,0.46000179031797817,0.5473001420425003,0.6409094562987067,0.7647419352489329,0.2877448282513641
2020-03-13,0.4276281256021278,0.46481291551630366,0.4297621128502459,0.46695681121412125,0.12043395444912557,0.5001322934370019,0.5704965513312027,0.3351830204562007,0.24531712244822518,0.28835706709907655,0.23321290774052753,0.6210945019067476,0.45365909319542774,0.5404784517853536,0.6982801399757967,0.7928717130197388,0.9491583345327421
2020-03-16,0.3774673726858807,0.45474874167998336,0.41149813864826623,0.4049994962502247,0.11234908307116535,0.4884505029084417,0.5640847513445698,0.2567478223832767,0.20161857275525147,0.25458750878361386,0.19215725768024144,0.6185441260720986,0.43599831501321906,0.5303491412362709,0.7689709961537429,0.7664314698544896,0.2609359589426936
2020-03-17,0.420910868683149,0.4808633693905886,0.4557592957016866,0.48685925614354464,0.11257628786243855,0.4893567695218516,0.5601912893917594,0.39384401579837486,0.23328805016118753,0.23537154764010482,0.3114100386900157,0.6091820181502211,0.43497832816540594,0.5250177406184366,0.8102930579306792,0.7929191931019144,0.9691433363334438
2020-03-18,0.4424580096225482,0.4713196675830247,0.4631635382968037,0.4727544156636684,0.10325552965525191,0.4816353327196389,0.5553571836281136,0.37518776820479455,0.25101735953129606,0.22436522391805058,0.37868014944154094,0.5990341926973658,0.43345187680394337,0.5190288208747007,0.8293831557801365,0.7683792736976032,0.4903927141035207
2020-03-19,0.4770907599793365,0.4654202087881305,0.44210251367176967,0.4043072712736594,0.10969769028568824,0.4680775784056669,0.5473521843607275,0.2924564814829012,0.21649529650717336,0.20705793324097382,0.3270497639389672,0.5929153859766433,0.4210092628170182,0.5096662031138322,0.8576262247255972,0.7424931048836416,0.2315916664103777
2020-03-20,0.4059061814803343,0.3999168639154609,0.37612199566787274,0.34234987969382746,0.11842932456506032,0.4480127635282939,0.5372806147611274,0.22982359884490183,0.14634056128316997,0.175934112032468,0.21383653766150862,0.5900347367259594,0.39720893748233943,0.49630212250724015,0.8890006654052414,0.7147822442980483,0.24408934307109015
2020-03-23,0.3201534203653852,0.32287471297447956,0.3023260980415906,0.2666340282781757,0.1253332672048985,0.4250841692619701,0.5250137692010349,0.16577751125541373,0.03865524561914413,0.12451388500226318,0.047526943535531996,0.6022137140761118,0.3526412125720636,0.480328616465729,0.933689587172416,0.6856286334868196,0.15189608247156122
2020-03-24,0.33550681910479463,0.3323313740360494,0.3409927774381555,0.3362060478320946,0.10381650431689103,0.40472935516662656,0.5152349067025187,0.27479021501923523,0.012750119932776305,0.07699768545638536,0.07951670724438153,0.5961439001786794,0.3354633972474824,0.4686275834636411,0.9508669476014013,0.7102857824745554,0.9576607311429947
2020-03-25,0.33681532045290774,0.36972453370524616,0.36435733201804477,0.33810972397960015,0.07956323062425688,0.3934916186687375,0.5054840543092384,0.2776352644409075,0.0,0.03584457530815999,0.13165612662766596,0.5881144280354492,0.32140292603804455,0.4574732363553127,0.9531240795496134,0.7298746077640998,0.566794178817198
2020-03-26,0.35129646258035885,0.3969669560337523,0.3946326540137983,0.40015353833459166,0.0868063048994468,0.3945428568067616,0.49821948433475416,0.3669108691475727,0.043217292481628866,0.013565814762993789,0.2863133329060623,0.5811697064465041,0.3170187554159619,0.4517077036592876,0.9600400511166531,0.7509770532544444,0.8895133028694028
2020-03-27,0.36071802059172275,0.40147854697944285,0.39627815402426747,0.3706460600446747,0.06714471269652544,0.3844560820373052,0.4902099482001133,0.33470614685028693,0.06050300210299914,0.0,0.35770757331514985,0.5787679719603255,0.30907877668931116,0.4465072463550588,0.9592319124096709,0.7339833856127788,0.40717977067129446
2020-03-30,0.42012570228731116,0.456744229771072,0.45320888008226456,0.4558805220456609,0.1316252984157325,0.3897849310080138,0.4852249793163076,0.4438912012082958,0.14411437912852498,0.009739492398454286,0.5486722302623338,0.5715817267183926,0.3100425475411642,0.44328681856034113,1.0000000000000002,0.7644518725640197,1.0
2020-03-31,0.47709063321128753,0.4716667585767842,0.47418764683626013,0.4396124306290591,0.09135911359301255,0.38483669748527893,0.47996369010285644,0.42448092882862426,0.20191793353604537,0.03176717679304253,0.6493621869656183,0.568264299527517,0.3093610069878735,0.44123786809202903,0.9812200649710416,0.7423980046600509,0.478190739020383
2020-04-01,0.41349570806499847,0.4241226850493267,0.4367549285840696,0.41953691030151063,0.07031418602375529,0.3792631453754419,0.4740484068340224,0.40024999610749995,0.23596140139960098,0.05777368567859753,0.6819648404602442,0.5521583086559289,0.31247906837936756,0.43449838348746583,0.9634528213065678,0.7247419968749982,0.4584626033095582
2020-04-02,0.4258832437620691,0.456831019991518,0.45090540563409787,0.4570920498325367,0.0635342341992137,0.38479137733411817,0.4696457975468139,0.4487393406130457,0.29461770780425156,0.09302500243398887,0.7577171809540155,0.5400686683817545,0.31679996442453173,0.43042806476411055,0.9595526637603875,0.7409811653937148,0.7433735112730332
2020-04-03,0.45432232779623616,0.46368505201828314,0.4867751609324692,0.4659185120572412,0.05332476344563103,0.39773291239728714,0.4650797627669382,0.4600260309050627,0.3501465846385108,0.1349019296273124,0.8120077086685986,0.5280188959128417,0.3220000402803468,0.4268171377479688,0.9168225856080616,0.7550868115177995,0.5990345714965355
2020-04-06,0.4947124200616463,0.5173023177069302,0.5193539260706558,0.5142901361197018,0.08632106516823207,0.42367032177002384,0.4631836689070058,0.5198285562771221,0.43252110514250264,0.18869099762179314,0.909616286227385,0.5332203089014654,0.3196883217503347,0.42834236377273593,0.9164722757935018,0.776087854118778,0.7875663648845579
2020-04-07,0.5195745742401817,0.5264986552656339,0.5335042368232975,0.4945606133565327,0.0633505937484501,0.44025504171837093,0.46097310626984245,0.49041556932304414,0.48344923271342455,0.24426503488419865,0.9242423987067954,0.5259224743284515,0.32339020594591894,0.42643123081658785,0.8939089003272283,0.7598870618316722,0.46610624466740824
2020-04-08,0.5011678219255703,0.5447181704880211,0.5338334045520973,0.5445764153932141,0.05792917912718508,0.46187861944356146,0.46084362265891243,0.5503583475412388,0.5619444119873482,0.30805637126634977,0.9915752897330268,0.5426658606145104,0.31666009037939935,0.431696012722002,0.8955239354126299,0.774954914930819,0.7896676258924393
2020-04-09,0.5557773931159872,0.5559100259267393,0.5583497535354179,0.5270102967986415,0.06039022925566638,0.47516452506752394,0.46149415537393457,0.5226731063593335,0.6099955757720543,0.37092367309563423,0.984003712144578,0.5561464626524283,0.3173094748262958,0.4389637855871411,0.8785100702283104,0.7593727643043902,0.4779922584427604
2020-04-10,0.5557773931159872,0.5559100259267393,0.5583497535354179,0.5270102967986415,0.06039022925566638,0.47516452506752394,0.46149415537393457,0.5226731063593335,0.6099955757720543,0.37092367309563423,0.984003712144578,0.5561464626524283,0.3173094748262958,0.4389637855871411,0.8785100702283104,0.7593727643043902,0.5565593718828475
2020-04-13,0.5207960283421561,0.5218138722883432,0.5382760484625259,0.5143767887426675,0.04046993189218026,0.49021766783946463,0.4631251182055921,0.5024735132611506,0.6373801157444166,0.4279618885457707,0.9362399357224034,0.562608295201353,0.3156851050539967,0.4414813326806182,0.8463890296175802,0.74795345439307,0.49924191104064275
2020-04-14,0.5680774616856613,0.5732616543546394,0.5893653112559004,0.5685457107909332,0.07857063388126102,0.5020172682935459,0.46497804631227535,0.5696033842494743,0.6988184459419963,0.4887237384949717,0.966751551801287,0.5821733520587186,0.31289068399163156,0.4501640718661908,0.8603806520330625,0.7673348519489803,0.8048875961127742
2020-04-15,0.5692117235933855,0.5775130594215332,0.585169612714694,0.5826507045026802,0.06599930565143433,0.5169978891947017,0.4686993256904973,0.5859780069520266,0.7559156126952803,0.5513953369545621,0.9824001105872959,0.5982604599622919,0.30647882938757987,0.4552496812436164,0.8374419887375585,0.7840891583504159,0.618449419624485
2020-04-16,0.5932889043557948,0.601545409021832,0.6090280626300387,0.6000438243150631,0.06746976969878944,0.5359026590555561,0.4706077471632596,0.6063328613305254,0.8114494349009358,0.6152097074770839,0.9917640324380035,0.6180346528832489,0.2996123909778282,0.4620075309407776,0.8147174692796115,0.8011507547232177,0.6320346224863067
2020-04-17,0.6253919799295812,0.6156007061142654,0.6350255556029202,0.6203792258955733,0.059013596095562726,0.5530039789776767,0.4736939306401332,0.6299428361340009,0.8673523390914184,0.6800291946367495,1.0,0.6422669620211082,0.29758844377933735,0.47347888435955143,0.7767459061501141,0.8164452236718042,0.6436172153954371
2020-04-20,0.6161446214337892,0.6216735824990098,0.6390564693592397,0.6173502915044803,0.06776801787612445,0.5688636647726192,0.4766660154542407,0.6236105660626257,0.9052246561471291,0.741212130020999,0.9702019433834458,0.659371961068154,0.30918660363271944,0.48807877502888064,0.7437871612442939,0.7993213009374445,0.5437926627816642
2020-04-21,0.6090786662410838,0.6098744479703091,0.6265516642907357,0.6001304003220934,0.0525198284771381,0.5778538491564668,0.4807480194554409,0.586693269060673,0.917798798673956,0.7932552884208335,0.8953102303366509,0.65751411867705,0.3465737972395576,0.5057842414985514,0.7152637134926683,0.7853838659599464,0.4838114421815413
2020-04-22,0.6325453224352872,0.6390257519780136,0.6525490140050426,0.6287729613169973,0.06300543012748937,0.5919101171091002,0.48424732809910964,0.6248799132564098,0.9451189309467559,0.8416183265416624,0.8651551715881771,0.666294416419125,0.36863044837277903,0.5213167453308867,0.713097762924532,0.8015125277387323,0.6791727811433066
2020-04-23,0.6451073278457987,0.6563776235828989,0.6687562018328131,0.6505790823939263,0.057304533506339614,0.6030119412981433,0.4915573322604706,0.6524926947664322,0.9785068686208706,0.8885316718123704,0.8532763280318865,0.6741259623647996,0.3937828942142164,0.5379058785628243,0.696735461415703,0.8164498456267062,0.6478876296873263
2020-04-24,0.6566217856748563,0.6503037591150249,0.6682619112261893,0.64495378718315,0.04382237544955048,0.6153643464926478,0.5006369930871136,0.6389810776127645,0.9955075488911604,0.930249343533956,0.8107027627042847,0.6845069687731976,0.4091074137229135,0.5509024295333531,0.6667530543413149,0.8043299593996276,0.5333813258364711
2020-04-27,0.6499919670295616,0.6481349689420282,0.6712238076814604,0.6400215597242286,0.045635992455996664,0.6285233187824727,0.5068031498284632,0.6265791045694,1.0,0.9647298997309527,0.7514015368561879,0.6849892211516292,0.43726010716930885,0.5652036911875553,0.6322298541246063,0.7918310728705813,0.5361516801137607
2020-04-28,0.6189360760125094,0.6225410700586382,0.6440747870102633,0.6149272359307284,0.043187676519356635,0.6333809280510986,0.5142827050722144,0.5641838107571404,0.9793822075765768,0.9872365123413849,0.6532865447012766,0.6891662861144708,0.44986578964295243,0.5736475499394358,0.6170427605356271,0.7798438227432675,0.4523449743133705
2020-04-29,0.6200703413649046,0.6097876073240043,0.6314054345978012,0.6049762050058555,0.04805682934708447,0.6357191124433553,0.5184911162406648,0.5400924580280284,0.9507869113542238,0.9981992385532178,0.558695459045369,0.6881188104829962,0.4685344774970758,0.5824267841619328,0.59067127031593,0.7668390422413063,0.5144420393608262
2020-04-30,0.5945974880756851,0.5993763933575909,0.6149514691762991,0.603245451024604,0.08521654158115768,0.6360544237883804,0.5231404060833592,0.5357328830889494,0.9224886070372892,1.0,0.48362193840049283,0.6799473195868869,0.496505459696552,0.5921799499551024,0.5749471172182808,0.7460688172669512,0.5491779561549623
2020-05-01,0.604716330461286,0.5927823238760692,0.6119070147342108,0.5881018516922353,0.0348119293909169,0.6326739641845952,0.5296888580403755,0.49683233924009723,0.8845943168936071,0.9921078518809556,0.40419783395787323,0.673221482293843,0.5173797424300474,0.5991353169349856,0.5601276562752119,0.735831887455118,0.491888012288189
2020-05-04,0.5973016453465972,0.5876638413529738,0.6143753959566783,0.5879291593737873,0.034070665381630325,0.6295926432556097,0.538438648763042,0.49637778141616135,0.8509439856219556,0.9775065952674347,0.3492231196924217,0.6646682184114202,0.5391825873169075,0.6056129149123377,0.532563299493801,0.7257498631621231,0.5558131787811933
2020-05-05,0.5993083651800265,0.6024132205592734,0.6271275572152818,0.5985729515867736,0.029807391997297664,0.6294295292271405,0.5502653636041416,0.5207283941225669,0.8291883450334261,0.9604675238342779,0.3292475635880764,0.6624020555522613,0.55048518834734,0.6100875259975376,0.5126645923651416,0.7349409706329388,0.602556746992799
2020-05-06,0.6080316559795406,0.5984220729842378,0.6221910400268867,0.5862850580155018,0.027322884147003505,0.624979705029688,0.5591754760781581,0.4851721906886574,0.7996445902030703,0.9395601126333608,0.2975502265142471,0.6540564516550983,0.5688525623087429,0.6149572163914852,0.491667423383099,0.7262690627627861,0.5038938855875482
2020-05-07,0.6025358953488918,0.5915681587315471,0.6147047116425172,0.5820450555331455,0.023160143856154565,0.6178020298003423,0.5678666942613019,0.47275556930625035,0.7704265523500509,0.9156382484976173,0.2728496736918925,0.652212064108555,0.5747408624135389,0.6169464426838009,0.47348440322328267,0.718467062828894,0.5382126005405448
2020-05-08,0.5986100712238797,0.5885312959044045,0.6209569523631447,0.5916499356617683,0.017406970026393284,0.6122194345229496,0.5746895557133797,0.4984638640007723,0.7522748105930515,0.8920302736591579,0.2754216956592494,0.6470384108617436,0.5869544487606974,0.6203781890368076,0.44772655830990227,0.7250667942512965,0.5982583035893267
2020-05-11,0.5945100424480024,0.5965133293252012,0.6228491859384554,0.5951978663994303,0.025284743231777033,0.6075249794033232,0.5826901546016955,0.5081515071533753,0.7384160582914684,0.8697307048648089,0.2861428292461303,0.6354920274039458,0.6074650005992589,0.6246690149661107,0.4280813642969483,0.7333127819742637,0.5718474943933601
2020-05-12,0.6089042968504524,0.5985957243543927,0.6138820439895548,0.5781512038470394,0.03300367414945651,0.603673368362622,0.5870465599086659,0.45168910258402933,0.7124922169428171,0.8455064225394839,0.27037164645852774,0.6345073145479695,0.6095027366318576,0.625178974742246,0.424409062851836,0.7234537319904826,0.48330685509019583
2020-05-13,0.5738354257178221,0.5865361780239771,0.6054904710982295,0.5780647044559445,0.03254323258130111,0.6008548850525138,0.5919795022262805,0.4514028996090959,0.6902469527641326,0.8206483440816048,0.26517829456708086,0.6348322659405284,0.6086796644201652,0.624935502018511,0.41694586713500026,0.7136909027042078,0.5561826922200163
2020-05-14,0.5678160204451269,0.5762116948965421,0.591093146392001,0.5824777057204905,0.031879043943685376,0.5986798467851507,0.5977849507232341,0.46606351974718135,0.6745426008498927,0.7968941507404802,0.27422357516217366,0.6350818135272188,0.6065538568985899,0.6240029091933705,0.4161503823917111,0.7233149332841818,0.5757780131355572
2020-05-15,0.5894507499648584,0.5998104982747583,0.6026112527481989,0.6067071122189777,0.05512899736335207,0.6006284046583016,0.6031156141511343,0.5414770393758752,0.679139387909403,0.7790229111623709,0.3224287431699474,0.6337850481931736,0.6064378287652316,0.6232770507716225,0.42987190065578873,0.7377976188808818,0.6617140640440317
2020-05-18,0.6297533732267443,0.627052459123006,0.642100395149983,0.6073989541158654,0.035344084565757355,0.602667506544501,0.6081564476488811,0.5435310788662708,0.681775453358178,0.7653751402374939,0.357036021113312,0.6328637518493044,0.6063300946898308,0.6227487299704617,0.4246469767364258,0.748145755728843,0.5595060544225974
2020-05-19,0.6089042305602544,0.6051894464009511,0.625152910727332,0.5944192952636412,0.02675788816162504,0.6022324876572801,0.6110113846541793,0.4907583514692769,0.6724983841419104,0.7521721298016514,0.36068040707328936,0.6327356024095551,0.6058549068920936,0.6224455249355838,0.4145377548703889,0.7395919177975516,0.5013059698151511
2020-05-20,0.6058510983002093,0.5990296571116818,0.6158566675835978,0.5828240097486116,0.024117889126742738,0.6018700066890553,0.6141561379408121,0.4460311209421233,0.6550411105836382,0.7373102743275519,0.3470877617816057,0.6295443262371204,0.6042608891613849,0.620006075245848,0.40975142920158525,0.731589773210477,0.5067022998522743
2020-05-21,0.5949465645756423,0.5826321121859246,0.603927518698178,0.5744304275590585,0.029304726529879102,0.6010725148577157,0.6152198122012117,0.41462741153643906,0.633796913347343,0.7201886841194511,0.32857140131140145,0.6203111051587847,0.6056894840540353,0.6159633102627502,0.4004868690695913,0.7225037101692531,0.5201414197083988
2020-05-22,0.5694051209079077,0.5722561245963254,0.5976633893687543,0.5628414245507337,0.02698308229102856,0.5980553546809754,0.6164964462462198,0.3726795972504499,0.6074094819399757,0.6999926098500494,0.30337895093996214,0.611836273296669,0.6057012173777939,0.6116039294562261,0.387123799921098,0.7139028123335045,0.5059447273528734
2020-05-25,0.5694051209079077,0.5722561245963254,0.5976633893687543,0.5628414245507337,0.02698308229102856,0.5980553546809754,0.6164964462462198,0.3726795972504499,0.6074094819399757,0.6999926098500494,0.30337895093996214,0.611836273296669,0.6057012173777939,0.6116039294562261,0.387123799921098,0.7139028123335045,0.5565593718828475
2020-05-26,0.5836352321125008,0.5735665953276785,0.5996515800173542,0.5644969416833977,0.03322551717574391,0.5948399990839682,0.6182821866791702,0.37982563579047773,0.5873169296582044,0.6788872763293382,0.29592844278748476,0.6022433095408132,0.607567397422797,0.6075942948561215,0.3737225146400682,0.7238082219255455,0.5638564085280953
2020-05-27,0.5672090999702378,0.5631706678397257,0.5889651445623779,0.5673723377398988,0.039108043585787566,0.5937111116713721,0.6182403803482389,0.3928426632933359,0.5733084709980781,0.6585529503086858,0.3022461103355859,0.5986704832637318,0.606196290366403,0.6050695847663954,0.36238159947821824,0.7349429314622913,0.5692166212534862
2020-05-28,0.5821422317273487,0.5881560854062877,0.6121606510015211,0.5854961437284302,0.02730947973453901,0.5944894178650656,0.618341761041968,0.4706957352445897,0.5757667513253591,0.6428909245992748,0.3405311335669651,0.5962915398033205,0.6065792238555675,0.6040353798973566,0.3626610999942762,0.7436120381476549,0.6361571207806497
2020-05-29,0.5991832936340068,0.5989888228170426,0.6081843273236475,0.6010056607683888,0.042821065838452695,0.596429879415178,0.6183760304953477,0.5294019403463854,0.5891197523893227,0.6336499345185529,0.39314536677933254,0.5958760254723819,0.6067697672218512,0.6039164684650149,0.37174488882560897,0.7555226758709863,0.6237114226125532
2020-06-01,0.5932978985600826,0.5901653516688119,0.6138174360329124,0.5874130744327642,0.026989114276637582,0.5944091848283349,0.6172014732338097,0.46820501749340765,0.5888311700631955,0.6261860692449559,0.4077072014204284,0.595829127154932,0.6067449037816725,0.6038799009827425,0.36606052457881044,0.7469205175020827,0.49841136397346186
2020-06-02,0.591277336708225,0.5902525310803937,0.6147284336939624,0.5966488189845095,0.026563524180889864,0.5932833064555202,0.6164638965439654,0.5038238498409766,0.5951350486240714,0.6217675214407098,0.43266065952339094,0.5967313003225582,0.606741371638248,0.6043428314785628,0.35515664831538907,0.7554337382539318,0.5964878999622045
2020-06-03,0.6041024464934651,0.5971542910027046,0.6174624768826639,0.6001343843507355,0.02831414044875292,0.5938818566247269,0.6164640384916774,0.5172499760585252,0.6021802495368238,0.6199678034445423,0.4541194599776522,0.5969780393027496,0.6066528363396421,0.6044257286185752,0.3501056458801729,0.7643127937392399,0.5715206370323208
2020-06-04,0.5889937028146405,0.5904273301543976,0.6102552840554395,0.5834048351550688,0.04058588005999814,0.5939426873729473,0.6148476089219116,0.4397228187156665,0.5944266930517367,0.6166184521580466,0.44142170029435673,0.5968606731725,0.6064676092389288,0.6042728163425946,0.3496071608566479,0.7528692535794939,0.48494354280039026
2020-06-05,0.5968116841652521,0.6015223487797672,0.6187051768558399,0.5883716164008669,0.05100714053051983,0.5954027697641476,0.612631207320213,0.4610777465380455,0.5915873257769243,0.6132396804047303,0.44118062776462386,0.5971326109475473,0.6068598826189405,0.6046086961922768,0.34881318862264155,0.76649057485354,0.578099379850848
2020-06-08,0.5809125369365958,0.5837881200200739,0.6115808999391025,0.5837535908931234,0.03646469344778914,0.5975929334714786,0.610450693921763,0.4393745921842484,0.585376455048172,0.6090070249281829,0.4341838689941854,0.596631397357915,0.606537236317913,0.6041894758371129,0.33517005064622407,0.7559082589572085,0.5366093560300946
2020-06-09,0.6017307102417931,0.5988141627487495,0.6108352373418618,0.576695884153641,0.04109993927801153,0.5988705476903357,0.6081944514189906,0.40631002291114754,0.5747484635236093,0.6030033963039829,0.4196724413068638,0.5956209301640595,0.6056120843023068,0.6032071976064155,0.34246709780828777,0.7443572933607998,0.5259597554820002
2020-06-10,0.5872369307605657,0.604929247125255,0.6187050257694832,0.5927280751050691,0.05376643883633614,0.6015260935023085,0.6074035133085097,0.4812988406223007,0.578255863932076,0.5990643099996692,0.4365893870110688,0.5963685827202859,0.6063909630481555,0.6039810899990372,0.3535445453864282,0.758555238523686,0.6264547863389918
2020-06-11,0.6046291870506518,0.5974160812308702,0.5702433659862088,0.5323451409982213,0.06567089754605421,0.5959595063165525,0.6048157273566187,0.2603608862344419,0.5349652515877569,0.5852512558738908,0.3556816836853347,0.6033192636645793,0.5943559928777283,0.6015538186231972,0.41181443260869766,0.7418695611495838,0.29658562300989966
2020-06-12,0.5542089303902672,0.5497175169175195,0.5663501327955301,0.5434983525658484,0.044050250461446894,0.5899366764829838,0.6026869866563364,0.30886049584806236,0.5096431221407712,0.5679643772961853,0.32721702153085325,0.6056259309661963,0.5878299955975875,0.5994843879242686,0.41087921109534764,0.7540370675180774,0.6069408860935811
2020-06-15,0.5380461280445764,0.5382729902067802,0.5589772113928578,0.53565632849542,0.04379690706586794,0.5845161119797385,0.6008183951655929,0.28554359212316777,0.48431139017905733,0.5478960742112202,0.3044259133436178,0.6051210923083322,0.5807940904851056,0.5957122711208642,0.4053777521994769,0.7419225035420981,0.5214542081961804
2020-06-16,0.5651888560547996,0.5646559696165894,0.5869772360513726,0.5636258951135505,0.036622195294246956,0.5810575697996528,0.5999524895548597,0.39963037392649187,0.48636387707423545,0.5323469264215546,0.34145605993981964,0.6009675654092123,0.5804244306556255,0.5933883405074953,0.4130649080232677,0.7525377333597018,0.6825641503142071
2020-06-17,0.5723036729656247,0.5646557207616547,0.5927757877264171,0.5597918038570763,0.020007426044505325,0.5768324285966496,0.5985707486886843,0.3866401483239827,0.4857780832852696,0.519763336553495,0.36575596498862845,0.5988020846097807,0.578976039795419,0.5915499520288732,0.395714829689646,0.7453945720882104,0.5396703482771203
2020-06-18,0.5513977862634979,0.5532988872398865,0.5795213908120475,0.5544768031847712,0.017978668218004,0.5738027508144187,0.5974374463458122,0.368151400827979,0.4820111488014275,0.5087687289743106,0.3787761520038909,0.5980420090580604,0.5767453905647829,0.5900449865857744,0.382913281409779,0.7386753701345521,0.533075466746775
2020-06-19,0.5801217325481575,0.5686746225091237,0.5909535303443488,0.5581365165722184,0.06763866529584207,0.5706361817824003,0.596585604477616,0.3838905478400753,0.4825870721795148,0.5001148836230375,0.39795645513190336,0.597703460630233,0.5753617412999946,0.5891799358121508,0.3752178453092434,0.7557722614356968,0.5727983020323878
2020-06-22,0.5597427695232594,0.549280526004744,0.5808470081524805,0.55430265516355,0.02125068530058724,0.5675517394761483,0.5952549511389224,0.3691376488877733,0.48088764109803606,0.49277326466101357,0.4087088927858712,0.5978282246142003,0.5743248299236502,0.5887266088564465,0.358916618107749,0.7483692902750148,0.5395973878409108
2020-06-23,0.5621144041962792,0.552949559884653,0.5862314741872005,0.5496845530398714,0.025513288464296673,0.564722800755813,0.5936333486669622,0.3509557499704414,0.4768313596548469,0.48590097228071194,0.41255457433187703,0.5980923111762931,0.5724769018950423,0.58794021274408,0.33936753793787755,0.740075542351393,0.5360650099278508
2020-06-24,0.5423503326386113,0.5364384582934913,0.5534269072979462,0.523196432149119,0.04085865985365062,0.557440643641152,0.591675354685567,0.2580066178579841,0.45442301937288326,0.474884322744164,0.37859553928777434,0.6007919955446607,0.564992659024225,0.5855948948312906,0.3514387022627177,0.7285749980811884,0.43857342871680605
2020-06-25,0.5342688567550217,0.5222859149677936,0.5436515595771446,0.5218892110588974,0.03556391693017507,0.5563455778356988,0.5896738673792791,0.2538324034753842,0.43694915351881086,0.4617674695725551,0.3613863832826521,0.6010788415724903,0.5579315405101631,0.5822179752962535,0.35040381789653974,0.7181809218026856,0.5506100225409964
2020-06-26,0.5251337300574347,0.5138122865130856,0.5393443049050278,0.5056829487021836,0.0719468434619308,0.552385111771866,0.5869377324195876,0.2037670432358638,0.4122645133367585,0.4451945551630099,0.333067273642993,0.5997863799221422,0.5491268517115716,0.5771572513311245,0.34525051988863975,0.7001837297103182,0.48272313760547203
2020-06-29,0.5181943261856722,0.5146857578851045,0.5472968365739713,0.5164001389813068,0.021412878691407636,0.550368381093428,0.5837201681460186,0.2631027106845984,0.4025880202622853,0.4295530582347531,0.34069934725423834,0.5979666474583084,0.5434517933924331,0.5733871439088369,0.33208244938093157,0.7076205952069488,0.6060462306523434
2020-06-30,0.5239915550179389,0.526217282349009,0.5461369409548792,0.5302541388886016,0.03768918652642076,0.5468733051583433,0.5809715608960216,0.3342440131353293,0.40715433237643195,0.41816447029555626,0.3755478605348063,0.592521659262519,0.5420087777696608,0.5698622216585651,0.3340846936702977,0.7184587993337661,0.6199646092785902
2020-07-01,0.5353232623120193,0.5294497811336583,0.5645276460657017,0.5280760244604036,0.02721028708230175,0.5435516622521511,0.5786078039205064,0.3260191162971226,0.41069401519732984,0.4099253671808424,0.40135487028161143,0.5853252858539749,0.5417706136829915,0.5660366122011711,0.31553709713551625,0.709810421415842,0.5467035591406069
2020-07-02,0.5402420024761293,0.5333806737599336,0.5667640732138065,0.5332164940318099,0.020356610989205423,0.541325037006776,0.5768403283364135,0.35313385148629334,0.4189278985721028,0.40536195840535283,0.4314736626952905,0.5807563193078807,0.54114732189133,0.5633720914884566,0.3002997666989695,0.7170265535510899,0.5798610508084611
2020-07-03,0.5402420024761293,0.5333806737599336,0.5667640732138065,0.5332164940318099,0.020356610989205423,0.541325037006776,0.5768403283364135,0.35313385148629334,0.4189278985721028,0.40536195840535283,0.4314736626952905,0.5807563193078807,0.54114732189133,0.5633720914884566,0.3002997666989695,0.7170265535510899,0.5565593718828475
2020-07-06,0.5483233238306661,0.5502413554575774,0.5796043225442445,0.5507300540946812,0.027086966487628393,0.5405493466716659,0.5759959032361667,0.43889346695061754,0.44010998941914314,0.40692804140393785,0.4816989734276475,0.5750022253101751,0.5430814014566597,0.5613736846836279,0.30038049289514146,0.7256491605689541,0.6356158596486247
2020-07-07,0.5414716334072743,0.5519884042653755,0.5742195101111099,0.5495972874894223,0.023509328800854663,0.540056546196536,0.5755240253654447,0.43353820626490386,0.45708331349165837,0.41236116591406813,0.51338567253601,0.5696694348391121,0.5449514298040085,0.5595603117796417,0.29979363043004525,0.7177741897713057,0.5515179279756334
2020-07-08,0.5544721716335722,0.5469216416821567,0.5781131664449163,0.5532570008768695,0.027763889317085393,0.5404306942150062,0.5751235553831219,0.4515983494271609,0.47419280508694356,0.4209214595153348,0.5390098262348966,0.565857666921166,0.5463918220466325,0.5583159313403583,0.28766644367934946,0.7265382566210203,0.5728619631790587
2020-07-09,0.5535060176771726,0.5560071906957984,0.568835202976168,0.5464607843249928,0.024286784723795377,0.5428672060032126,0.5743784936812358,0.416424607573938,0.48330070482517207,0.4300128243569046,0.5433614460833905,0.5558781894680286,0.5517686003184757,0.5558595808843441,0.3002316277268894,0.7185008171056029,0.5263736403693161
2020-07-10,0.5534178628947776,0.5423785862763655,0.575876200207658,0.5454147469586347,0.014527032008396524,0.545331071969058,0.5729504259954566,0.4109205521309108,0.49038762941961495,0.439031312352526,0.5427642901742451,0.5563829686251619,0.5526377866817885,0.5565534519111435,0.2853154822202454,0.7125029202351426,0.5518879129889627
2020-07-13,0.5609726502811817,0.5753140891649369,0.5912021364152146,0.5701609279415635,0.0324185715453813,0.5520839510223331,0.5718514531607654,0.5344607328392346,0.5153305690418977,0.45238914964009225,0.5783210988946654,0.5602969728948505,0.5514347645639169,0.5579689795566665,0.30268224543539923,0.7222396985028787,0.667165598523265
2020-07-14,0.5759931499783603,0.5906019026170537,0.6076041660902544,0.5937734229280082,0.035737504071590286,0.5601873753946597,0.5720780672233571,0.624439323147433,0.5531210135440422,0.4723826012268467,0.6326935986647818,0.5700240306019521,0.5475787799530091,0.5610544412079714,0.30678395392543256,0.7326700501244006,0.66003427419041
2020-07-15,0.614731016790642,0.6065018813104692,0.6322079506272925,0.596736161150894,0.04288004525329647,0.5671501409907657,0.5720811791539652,0.6346005875642986,0.5849182808126286,0.4962085206033838,0.6640969992579158,0.5771392941260792,0.5437581867576119,0.5628122795362662,0.3007762784137715,0.7445930130608042,0.5693048514764781
2020-07-16,0.605507763244416,0.5989014471014316,0.6193677361056825,0.6053623493203976,0.048187522368613296,0.5752444580026875,0.5722674473092005,0.6640339624380021,0.6159439101214632,0.522910372130041,0.6876625070045622,0.5861216258464962,0.539336245162711,0.5652316394824044,0.29927868043068595,0.7576251051144591,0.5935834839063194
2020-07-17,0.6171029947864187,0.609734427838911,0.636018881389436,0.6062339322017926,0.035697290834196795,0.5828916878718381,0.5730808295367508,0.6670327873282644,0.6401425420844888,0.5502315891764012,0.6927376138536429,0.5945851752411145,0.5361076226832769,0.5679794478221505,0.2893943851320214,0.7680470531816137,0.5602754432294401
2020-07-20,0.6191231711473432,0.6074629781854834,0.6338648444000029,0.608412123245926,0.027322213926380283,0.5889328206913839,0.5737948565552312,0.6749206837799284,0.6597054911253687,0.5769066041151795,0.6874426068864283,0.6023700644596425,0.5334217283394739,0.5706486015006393,0.2802162773429906,0.776718820992527,0.5658400635923788
2020-07-21,0.6135891811714139,0.6192564668346121,0.6427286852371327,0.6096318489378924,0.0231963357698087,0.5952203336882288,0.5747168779181652,0.6795526227988729,0.6746881659478758,0.6019366091216347,0.6739633270286447,0.6098234123923071,0.5316154379994241,0.573586052301563,0.2747821556912342,0.7845283841253496,0.5617476138579177
2020-07-22,0.6164877396896188,0.6082490062154153,0.6290600532868186,0.6119842646191823,0.025436883313249052,0.6013709313629682,0.5759741743171843,0.688886793862411,0.6867688107633834,0.6249358826299057,0.6573234286048172,0.617140577216062,0.5306910456880799,0.5768935709041709,0.2740381431791612,0.7928061652956735,0.5665562851505976
2020-07-23,0.6189472268454251,0.6120927248117911,0.640905970854147,0.6084988524848273,0.02983420082222666,0.6078682747339018,0.5765360743349158,0.6589271671649672,0.6920199075820068,0.644628562554692,0.6302290631472156,0.6223718287687311,0.5343656086116119,0.5814223132523393,0.2624270059801924,0.7836094554552793,0.5417742922599771
2020-07-24,0.6214944343274585,0.6099085984376063,0.6222668400948922,0.5955159757633149,0.022056960710326624,0.6131154543528906,0.5787867999852682,0.5553817633669427,0.6846724708401412,0.6585731503989709,0.5831289573794286,0.6245149263530986,0.5399849932570321,0.5853311899988987,0.27370659095138694,0.7760379930295318,0.5013389030696871
2020-07-27,0.5940004361800816,0.5952320828759821,0.6208587079118489,0.5873256556504444,0.02386186484867088,0.6149131429834561,0.580348331277439,0.497208630748943,0.6711652401674024,0.666402205902934,0.5330180308283424,0.6227716337497883,0.5504672539870635,0.5896656365822492,0.2675240617891631,0.7680893510719293,0.5213727961720277
2020-07-28,0.5942638784889015,0.5871075362822047,0.6199473968940713,0.5842760349567867,0.01827892705720869,0.6139184667692158,0.5820806120182606,0.4761074042136812,0.6568764919604997,0.669146360271854,0.49135213927252847,0.6209048340368571,0.5596127452846283,0.593269197223486,0.25273807141327276,0.7613074025789948,0.5433741689636774
2020-07-29,0.5853921486259434,0.5825648648067401,0.6143144418616068,0.5817492414064694,0.015912378036602087,0.6123488633540793,0.5827263321598951,0.4582286165815677,0.6425339664151467,0.6678093492348266,0.4579109000606837,0.6196657755734164,0.5663682452628672,0.5960030944631909,0.24077300536495652,0.755020003260579,0.5456085996143945
2020-07-30,0.5946153440189038,0.5828268438949034,0.6148941704002794,0.5843631472753649,0.025519320449905694,0.6101495842622372,0.5836017892137842,0.47593396765111023,0.6322033584991836,0.6641954769862966,0.4392542045209559,0.6174163815346284,0.5746759681812318,0.5989914021307274,0.2292214326758832,0.7633150117173559,0.5679100949518047
2020-07-31,0.5877639804221454,0.5823902046325928,0.5968352594876528,0.5749530248545923,0.041183046635291404,0.6068734861821764,0.5843313403983766,0.40756631460736764,0.6160336487284551,0.6573220384192726,0.4125451824301656,0.6145341344874856,0.5820891472555291,0.6012072125832197,0.24199021028965664,0.7517466787752547,0.5157799850844187
2020-08-03,0.5853920988396987,0.5853602869379504,0.6149770048315623,0.5888070247618872,0.0131617925988877,0.6048202137246331,0.5854241057504342,0.5004132492798725,0.613080253989795,0.65109591370186,0.4178492990578443,0.6139466467366536,0.5867451702955869,0.603228735406041,0.23774204481769648,0.7574592749749434,0.6170414291993586
2020-08-04,0.5906625067566064,0.5803807180512017,0.6122433163757243,0.5876741815406928,0.01372142681928037,0.6025205530656844,0.5866131061916621,0.4918939417280735,0.6091727804925045,0.6451526657330917,0.4201672029107714,0.6126106465358728,0.5921735651631822,0.605250254161289,0.22828226545332267,0.751629729310309,0.5516671131138374
2020-08-05,0.6091965611391986,0.598638753171086,0.6286453341022827,0.5979554271472477,0.02246981661423307,0.6010512910971243,0.5883329583183973,0.5550972284452198,0.6132007922370134,0.6413901021943474,0.43803582189977575,0.6119089037993272,0.5976517332289056,0.6076233129226987,0.22567484374480543,0.7592874682275614,0.6009988256820333
2020-08-06,0.6030480939348385,0.5981150895797722,0.6178765406901524,0.5905497308290649,0.018250107570410026,0.5991714516684742,0.5907327017686544,0.49702074698012894,0.6100142639469518,0.6375952604364608,0.4377713328285649,0.6083665519851177,0.6059962645341451,0.6099640141400067,0.23053435155803922,0.7525115422819235,0.5248036554613857
2020-08-07,0.5952303775545288,0.5928734865672518,0.6232611841461172,0.5996987461419089,0.010188693914262697,0.5996095197160071,0.5935049924484362,0.5520895235309795,0.6137406304982498,0.6354771314822721,0.451510387334006,0.6028630570666375,0.6174488017389453,0.6128459751085433,0.22125840243984432,0.7576028356953857,0.596016445406112
2020-08-10,0.6070888141868681,0.5960183797855005,0.6279830422317755,0.5947320415120462,0.01328176209044493,0.6003852020270112,0.5966777394617225,0.5128627721918313,0.6121575052776606,0.6333927299103221,0.45178675090794584,0.6012743536891912,0.6217015056283212,0.6141504661432684,0.21032850297560138,0.7518651688918345,0.5352907566240752
2020-08-11,0.6095484540524133,0.5979404388572187,0.6167996788540197,0.5854961437284302,0.02864187833350982,0.6005129859163939,0.5991395741169004,0.444517098332698,0.6032015364758873,0.6295194968506497,0.4371289912387532,0.6013058137916117,0.6207886849329688,0.6137110218145938,0.21749756216533803,0.7429176244384325,0.5168567558593945
2020-08-12,0.5954939292922318,0.6067639769426594,0.6260778834345467,0.6089347971573956,0.02106101286421464,0.6033601714539635,0.6019429022098518,0.578513653917732,0.6133000611800498,0.6289080154405582,0.46385592002343395,0.6028195908212804,0.6205240650063361,0.6143586526702616,0.22867719587523452,0.7502809588343485,0.6580424574001306
2020-08-13,0.6042779787062923,0.5975910686624408,0.6264091789286707,0.5944707811722468,0.020378728269771842,0.6044187596731604,0.6043084935865678,0.48207467623332184,0.6095265977295388,0.6274894866477345,0.4572429401765717,0.6017820837190845,0.6204362459009584,0.6137804146118762,0.22648329702341854,0.7430602047441985,0.4950596945681041
2020-08-14,0.5961084903570076,0.5989010458215145,0.626823049100743,0.5965616300499957,0.014244198905395676,0.6066818625047917,0.6065654294493176,0.49351099330241405,0.6074568844278333,0.6258449263468989,0.4553908285915278,0.6006611720237459,0.620564169950906,0.6132669079119875,0.22036462023882367,0.7489989966156085,0.565549184252793
2020-08-17,0.6023454906292628,0.6066764016010378,0.6322078523008089,0.6030968161098794,0.014691236061086589,0.6081784545786731,0.6084312147429863,0.529262360057299,0.6101091844096785,0.6251824971495505,0.4634384517339868,0.5997819866500572,0.6209060624773904,0.6129847159598036,0.21733041955796986,0.7550312079997354,0.5846125687539729
2020-08-18,0.6106024130990088,0.6055408234241193,0.6350245317434139,0.6126813163996793,0.014796460698932873,0.6107974907079649,0.6106788475710766,0.5783641231627836,0.6187386351639645,0.6267778494236427,0.4819388070894648,0.6004551089722835,0.6205358127738488,0.6131466135047878,0.2093285145297896,0.7610854086844572,0.5974950582858778
2020-08-19,0.6134133611007776,0.618470150563043,0.6412375278960426,0.6152952988845103,0.03821195861253607,0.6126135224450374,0.6128892218545451,0.5913299437953163,0.6266772442282207,0.6300092836215087,0.49534493047357586,0.6012468547745365,0.6200709768928433,0.6133223977443747,0.20995052349956586,0.7720328590180503,0.5676419463442337
2020-08-20,0.6149068021354124,0.6184703188223115,0.6431429730903678,0.6242700895601977,0.018496748759756737,0.6161451080628032,0.6156615043450359,0.6345128748821232,0.6387981376322875,0.635579613066211,0.5145099354809481,0.6051105025041806,0.6177615326663614,0.6141596995342316,0.20799109674370755,0.7788603267638079,0.5945341379490126
2020-08-21,0.6327383817883333,0.6365538597011227,0.6517582451561422,0.6359457451914882,0.030883096097573393,0.6199413126509968,0.6188870504476384,0.684784436315294,0.6561016983751843,0.64429746674069,0.54030088003312,0.6131256304575369,0.613790871432846,0.616306133459734,0.21753321651740284,0.7882762293139506,0.6056261703743324
2020-08-24,0.650100672002261,0.6388918587849561,0.6580595995589006,0.6394539888746001,0.021936320998146165,0.6246251117577434,0.6213559060550299,0.6989934075767856,0.6710872707564146,0.6549624563580525,0.5562557929972111,0.6206760509602055,0.6115439750849386,0.6190736491912052,0.22095520770131924,0.7958224810765961,0.5711733958731702
2020-08-25,0.6504547060289197,0.6403873838549796,0.6679834469058609,0.6386649979715932,0.011719477817708034,0.6301935685602172,0.6229553564946358,0.6917461344383877,0.6808337305465536,0.6658948451350215,0.5584468728413199,0.6265934657371742,0.6112225922500102,0.6219611827349045,0.2128068893222342,0.7904112923602167,0.5532813723773667
2020-08-26,0.6423195554386708,0.6366936517272574,0.6604782202002625,0.6407700974133311,0.03949878220912759,0.6335277290718998,0.624524249959482,0.7012097818929535,0.6885547179650814,0.6765423118062363,0.5561122092470965,0.6318351724412036,0.612091103845611,0.6250946254786329,0.21057034372965058,0.8016276564335651,0.5653105462619805
2020-08-27,0.6472712183252162,0.6420579981636203,0.6709020376376037,0.6467343415224277,0.023192984666692576,0.6390013730368885,0.6259983005146402,0.7277846532683927,0.6975215006149454,0.6872686602230615,0.5567585695540239,0.6376353218998122,0.6127397021561111,0.6284059391269545,0.2013869334037048,0.8094365192701904,0.5813144450069365
2020-08-28,0.6501006398421959,0.6459272222113446,0.6709851482240682,0.6525231351394009,0.0219885982067577,0.6448623085061126,0.6276475473035018,0.7523542642211691,0.7072293630073438,0.6982406301181744,0.5587712021709251,0.6427364723584389,0.6157261192182947,0.6325241697939898,0.19763432743499545,0.8169936956535135,0.580479427147575
2020-08-31,0.6523993864141872,0.6520828814927491,0.6739870023578355,0.6505055310959181,0.028469631633341062,0.6498274969650023,0.6291473013135765,0.7300780671932428,0.7114991455594235,0.7080697851516138,0.5494069296255446,0.647469346662617,0.6174044785219625,0.6357997701503924,0.19792511208256183,0.8080821464246517,0.5482581794731225
2020-09-01,0.6600928771689017,0.6492693437878079,0.655724875538371,0.6339284476117472,0.028101010290567448,0.6520527420641312,0.630012969434869,0.5682710539189304,0.7004407062826792,0.7132095925420826,0.5109822198483954,0.6485285639132304,0.6212310120457217,0.6382554291189773,0.21895974505357765,0.7992476297774906,0.48825266228915337
2020-09-02,0.6328577613873115,0.6514677671084987,0.648886592159246,0.6541898381986367,0.031949417109123975,0.6561262276621523,0.6315167198189874,0.6689119375547266,0.7053792296952714,0.7185377177445337,0.5125253038383674,0.6531338213751315,0.6224599055140513,0.6412409382962136,0.25037336512278097,0.8088863665776076,0.64108881794798
2020-09-03,0.6685820668084416,0.6614936012851551,0.6409648219179803,0.6166494089272122,0.04395239825045608,0.6553281019264324,0.6318071175399885,0.4247065864096185,0.679048917857024,0.7163154834394181,0.4506573437552008,0.6522938452057546,0.6261025833628123,0.6426265814820864,0.302750702811714,0.7967393088580745,0.4022945226866275
2020-09-04,0.6273755984506172,0.6217434463578051,0.6312077817871015,0.6082287046965186,0.034082059132225145,0.6524252531649603,0.6322600617697479,0.38353926944952826,0.65055879015301,0.707521033441969,0.39680433480857324,0.6519749315129718,0.6273388981192024,0.6430794406668827,0.3141879888279291,0.7866549035580088,0.5209658766066205
2020-09-07,0.6273755984506172,0.6217434463578051,0.6312077817871015,0.6082287046965186,0.034082059132225145,0.6524252531649603,0.6322600617697479,0.38353926944952826,0.65055879015301,0.707521033441969,0.39680433480857324,0.6519749315129718,0.6273388981192024,0.6430794406668827,0.3141879888279291,0.7866549035580088,0.5565593718828475
2020-09-08,0.6280824442263077,0.6212152434608207,0.6292891578653138,0.5965623962093499,0.044515383573964874,0.6479331499525526,0.6325891593505998,0.3303900871619178,0.618244822535821,0.6925270603092748,0.34600518418777976,0.6518282417402615,0.6276849387662985,0.6431766149885165,0.3266961525788006,0.7743901960773328,0.506928417999663
2020-09-09,0.6095136389022827,0.6230626343411669,0.6394634366207016,0.617964751306589,0.03247755096022508,0.6457651809226493,0.6337894610135096,0.44221228505095717,0.6083303684682015,0.6780901104177479,0.35056945581158877,0.6498928051041063,0.6331353961886111,0.6449003873920023,0.3366460216777506,0.7841392995581411,0.6484319091616959
2020-09-10,0.6192402399609259,0.6114539810378499,0.6261206606871151,0.5934928553724818,0.027324224588249957,0.640813761829799,0.6342078764623386,0.3383304377027219,0.5813596544801312,0.659898095235689,0.3198002945191352,0.65092637779944,0.6304264875118067,0.6440805680313786,0.3394439385892878,0.7754671115695093,0.4532226758611615
2020-09-11,0.5997867400965272,0.6004612386174482,0.6270379922220398,0.6011238025408142,0.012196674901444058,0.6360368991406936,0.6348050450269606,0.37567698871306315,0.5656293257743709,0.6414703548471505,0.3178687523653547,0.6503806588396578,0.6316972117175236,0.6444337798100892,0.3269404270128359,0.7809780224643814,0.5893942870502554
2020-09-14,0.6092479991487078,0.6087276486545559,0.6385457717493556,0.6061232987910389,0.015153018070488444,0.631177372110714,0.635915616627576,0.40001012412116294,0.5568932852515623,0.6245766155500156,0.33043842115998223,0.6497223483785896,0.6333934764084396,0.6449414129344051,0.31299804340960646,0.7871067346644937,0.5779448715828445
2020-09-15,0.6210087163259516,0.6185772695134193,0.6427989575226035,0.6108598491508846,0.010347536201966963,0.6270252181766479,0.6367013408894066,0.42329825310655717,0.5535376524716852,0.6102351854555914,0.3513521490049889,0.6493835299396366,0.6345687617034964,0.6453535557123551,0.3061590607400724,0.7922312221177068,0.5767422668919508
2020-09-16,0.6204779796989682,0.6139161416835512,0.641381123715192,0.6065616951735407,0.014799141581425772,0.6241590556281907,0.6373742876940977,0.40255784460831373,0.5475980010958618,0.5972992002927212,0.36286842327475516,0.6495661568555192,0.6337294388552631,0.6450286623776469,0.2939232317135626,0.7861764611960274,0.5383109520843384
2020-09-17,0.6085406535350845,0.6013406165245836,0.6222011802280881,0.5957732520744722,0.022428933156216357,0.6180409957036209,0.6372965385646437,0.35219819419152426,0.5347895172667829,0.5837958875571841,0.3582197175297289,0.6504553452567788,0.6307355653186334,0.6439922284785431,0.2922220707305676,0.7785272658923819,0.5106042648483238
2020-09-18,0.5950117315540392,0.6103107416341702,0.6234521191866612,0.6134034982069957,0.06741816271080113,0.6177010464252791,0.6381107997761025,0.4437336039989898,0.5382533734415692,0.5738463297158418,0.3873393330551964,0.6501405987780503,0.6299045956916959,0.643415316448992,0.30030293386935336,0.7955780777037456,0.6322858810779336
2020-09-21,0.6044733309069698,0.5951847229217169,0.596433389830532,0.5776170375452562,0.03659136514557862,0.6144950389118592,0.6373240463933606,0.2986459566684146,0.5139997087542137,0.5599133939383669,0.3546993684413474,0.6513125081024694,0.622491575310313,0.6403186201607527,0.33856477467400803,0.7849692906111568,0.40491825617046096
2020-09-22,0.5789185144983097,0.5724958430320368,0.6027711614795391,0.5698107165007357,0.021319718024779395,0.611693293887042,0.6364361197789298,0.27266831599644775,0.48948246624355957,0.5427288408118902,0.3280554805374439,0.6519497896324732,0.6144268321963978,0.63662122874298,0.3231260783518013,0.7775518933488108,0.5225508489371159
2020-09-23,0.6035889662008408,0.5918429555421847,0.6082749127854158,0.5718279374645411,0.044700364465974904,0.6068613136132476,0.6359491326661769,0.2835031701464518,0.4724728053287498,0.524791991016653,0.32189113031982464,0.6511757028007475,0.6081169251550146,0.633072820325562,0.3277778971617943,0.7898552571795766,0.5654017044549924
2020-09-24,0.5777690015482423,0.5716164263123145,0.5996022982343138,0.5738454648920884,0.02345705159224313,0.6048036118491461,0.6346989281932277,0.29487585166609326,0.4615392270154116,0.5077497458014374,0.32922155748578064,0.6488618569291532,0.6033865608415802,0.6295197626720779,0.31621882681233937,0.7977193033565476,0.5653889666570528
2020-09-25,0.5728171414238433,0.5804105695266748,0.6041887916621446,0.58252896178129,0.02289674715122724,0.6028561452544227,0.6342734508457294,0.34389063890227217,0.46053567530522443,0.4938687909019198,0.355125301918995,0.6439186529942632,0.6016586110460996,0.626111071323467,0.3104822131655408,0.8054662600093335,0.5945017831162444
2020-09-28,0.5969570264127476,0.5983505375369178,0.6252866755391545,0.5952470538299731,0.02498783549568847,0.6017170592029942,0.6342266135603151,0.41066072544239424,0.47037697279493657,0.48518778107319294,0.3977338682729464,0.6364224449431367,0.6033020604983036,0.6230702594222068,0.30815313291767243,0.8136502014892218,0.6117531877615259
2020-09-29,0.6046499960756634,0.5950966067904289,0.6222844686179759,0.5948083509837295,0.031190057143010333,0.6000359608338247,0.6339313022646699,0.4085402651982932,0.4786454209390835,0.48027935967608304,0.4286466149128362,0.6282282721162441,0.605833659723371,0.6201132720676286,0.2974405870824416,0.8041701518074085,0.5546742602084137
2020-09-30,0.6033238409743261,0.6110144127308954,0.6287892794087023,0.6107723537526294,0.04271181987686706,0.6004769496559722,0.6338632874725393,0.4879914898814603,0.498001309156029,0.48111966809254547,0.475751946291902,0.6244072387294041,0.6073136898841854,0.6188839050406998,0.2989304349207865,0.8160579598747086,0.62518022402122
2020-10-01,0.6197707318860478,0.6103106529763924,0.6256202971437531,0.5970890541494617,0.0291070114460278,0.6006147556538534,0.6332146137265907,0.41876426269522143,0.503385576409562,0.4831179736910047,0.48524062340196444,0.6120310905770668,0.6140113285164498,0.6158523997467187,0.30364495323710106,0.8070132143091242,0.49846109829101015
2020-10-02,0.5923591451265983,0.5994060682453626,0.6203667332983184,0.5876162598935116,0.022591126547036752,0.5979140180764172,0.6319086674790663,0.37480327505828553,0.5009486681553834,0.4841164466622694,0.47704795323743476,0.6093191288011882,0.6137218488666903,0.6143110173215527,0.30124938771771825,0.7993301246695301,0.5159126798710886
2020-10-05,0.5993445074710132,0.5991420807628329,0.6252866402221512,0.6050707490701698,0.019288279315785167,0.6007892879852798,0.6308086163877172,0.46066829538146287,0.5127910362975572,0.4878318108106586,0.499310272631391,0.6088972920754999,0.6138212617093223,0.6141433600930428,0.29413888714992165,0.8063230023770853,0.6320077193889764
2020-10-06,0.6106630652539934,0.6011648522376916,0.6207002139392,0.5877915571537639,0.020128735977309006,0.6026724493938488,0.6289679258116617,0.38237812141857014,0.5093986420070412,0.48996860970084244,0.4863754431990382,0.6086393962943982,0.613154529283629,0.6136777124583839,0.29419902182963664,0.7991544903832525,0.4828714730611561
2020-10-07,0.594834872278483,0.59782287086274,0.6201997565986314,0.6020009017695599,0.023378635779325835,0.6058325108758332,0.6276616137758025,0.4479386529787523,0.5179401115829668,0.4937816760886085,0.5001108488476292,0.6059525592439458,0.6142291523888487,0.6128301847897246,0.2907014659901529,0.8070021496292071,0.6179719441956613
2020-10-08,0.6126083475093417,0.6120696391969243,0.6387960744368023,0.6108598491508846,0.015405691245444173,0.609709084910561,0.6265959358688534,0.4859708181188431,0.5316848282478985,0.5002172329698983,0.5215996451108019,0.6078593391417865,0.6141086958681322,0.6137522059923479,0.2824569967582645,0.8131836641625942,0.5944281686310499
2020-10-09,0.6227772687477174,0.6264041875351896,0.6505543755784281,0.6291040953899042,0.01969912455782194,0.6145869710952602,0.6259677844863359,0.5570943541256539,0.5564525449031474,0.5114655707531436,0.5610357721498928,0.6131355102706842,0.6116402222095397,0.6152376918278157,0.2816859295233619,0.8202623981839359,0.6340178961776736
2020-10-12,0.6400204705787936,0.641002786983992,0.6636470657697379,0.6367351957901076,0.034571990407802435,0.6189320887324267,0.6254052730015375,0.5843432487187776,0.5815419813555606,0.5266433676958219,0.593233924063137,0.619312446665962,0.6085221539047879,0.6168628906645175,0.27630636670538455,0.8304491867880438,0.5885119059077761
2020-10-13,0.6170297553538086,0.6144441267635152,0.6365447332422781,0.6062112538849068,0.05993581967311999,0.6201263324890743,0.6238271037996684,0.44105052609112366,0.5777209167021786,0.5378445381706632,0.5606492812615262,0.6187830682109313,0.6085739957035466,0.6166160947335502,0.2924086827864152,0.814961996325966,0.4294834778010426
2020-10-14,0.6154379312747053,0.6048582340537019,0.6333755963549971,0.6039305507191747,0.03747538614761207,0.6194097798158008,0.6227583030430567,0.43156881171221834,0.5726678726095211,0.5455609906495247,0.5320953569536421,0.6185304844187688,0.6085547894565361,0.6164764061377548,0.2803778267418482,0.8041684710965349,0.5468417339846388
2020-10-15,0.6035891610488834,0.5949210433093013,0.6245364103622469,0.5959490090303373,0.025895314219534782,0.6192903811172755,0.6206832294969443,0.39798180598780813,0.5623926571577855,0.5492035314912525,0.4987135554253911,0.6185377393427901,0.6085659964105684,0.6164857371504724,0.2706495168557973,0.7957948894064233,0.5224918486563108
2020-10-16,0.6046500444881221,0.6024837596486097,0.6302066792686599,0.6039305507191747,0.026688855437432893,0.6209990021703121,0.6202300668860893,0.43428976516096546,0.5602243336171538,0.5515835407741756,0.48836831928059715,0.6174152883327751,0.60871671188411,0.6159828142758199,0.2613943442272566,0.8043343012360508,0.5908375097412893
2020-10-19,0.6128735150810282,0.6037149343213393,0.6061900099326106,0.5707753111277366,0.03442186098820009,0.6174071876122823,0.6188956328246832,0.3073866066903806,0.5332989817356367,0.5468562648926344,0.4301309288074554,0.6179826734093817,0.6074035603521827,0.6156195840645358,0.2863345012758721,0.7941788859015808,0.4150432414287032
2020-10-20,0.5786530305975403,0.5760132547597154,0.6061065647722627,0.5727926853234132,0.021517433108630697,0.6158363324365966,0.6180487372882956,0.31707484416074344,0.5139034079044285,0.5382976247215089,0.3987365703408785,0.6176890452222373,0.6080237085154795,0.6157778980776083,0.274626535668946,0.8016376006395665,0.5653956377202849
2020-10-21,0.5738780472142809,0.5724076501113815,0.6043554654733111,0.5673544862269447,0.02081973343985373,0.6122077594485976,0.6162455345570123,0.29780179645782284,0.49498571025473126,0.5267915863752286,0.37458546701037776,0.6181708432070326,0.6070507589063306,0.6155404006187739,0.26153389931388604,0.7943246875698545,0.5327775105756417
2020-10-22,0.5742320085187601,0.5754858634514783,0.6037718379399936,0.5774416636690684,0.021211142283816986,0.6087078209052262,0.6156736436041709,0.34942581979372916,0.4884079766337445,0.515966765164507,0.3801673885743084,0.617912857029652,0.6076994570175317,0.6157313243654816,0.25404032371655494,0.8017193952354087,0.600861764616368
2020-10-23,0.5894410260102939,0.5911394168150397,0.6080247617447615,0.5788449611423129,0.013669149610668839,0.6034441036035988,0.6148798665394511,0.3566224937220827,0.48500109953385107,0.5064678488832071,0.39103190875580773,0.6180693480094316,0.6071461519841924,0.615535739179988,0.2611840820526251,0.8075380162793655,0.5626737311495701
2020-10-26,0.5766190290582288,0.5673948418445658,0.594681856078677,0.5677052339793204,0.03226844212577896,0.5962144883355739,0.6135110620234087,0.3111959695866466,0.4746244779044917,0.4963131199979626,0.38565815298136896,0.6189065421836856,0.6033529610776748,0.6140735320654376,0.26082239405705765,0.7978326112812675,0.5080755212321352
2020-10-27,0.5705181096794679,0.5631738305159382,0.5960997833010778,0.5605130662731673,0.018599962735733347,0.5914284460691085,0.6117172469494591,0.28327555880457317,0.4618930889732103,0.48505379952417804,0.3766070835270579,0.6201744371903747,0.598397048631118,0.6122527805838269,0.24804955070442633,0.7909835744126335,0.5249804947512191
2020-10-28,0.5500916302811208,0.542859084149292,0.5565720403774465,0.5184988026844691,0.04229896397296062,0.5824810462188993,0.6085796374544062,0.15452649041605254,0.421107695595631,0.4660015534057188,0.31275152641979137,0.626451617315997,0.5821056514378936,0.6073539378933894,0.2761640411498302,0.7791820428368382,0.37102934676653765
2020-10-29,0.5197618450091269,0.5140140825920696,0.5388097396349368,0.5082364812139643,0.03411758082525605,0.5732947767546844,0.6054607732466212,0.12995117934000822,0.38283808304500555,0.44133456333157506,0.2667440807373216,0.6328962740467815,0.5660052868346975,0.6026367164099538,0.2765085934931253,0.7690902143970814,0.5096732956613376
2020-10-30,0.5080897174667302,0.5038128316875388,0.5187957670920967,0.5075348324773418,0.03518122095431374,0.5631991032515814,0.6016887584804341,0.12825222354795018,0.3542113887483348,0.4145506745524762,0.24939812463456676,0.637484496598634,0.5527534360320089,0.5983851588314695,0.2905976773447523,0.7587761119443079,0.5533263688392922
2020-11-02,0.5284277401616676,0.5167405267656926,0.550818378273842,0.5213935825726329,0.03333074181359019,0.5580272780128243,0.5996855623420755,0.21137467286780348,0.34448557281190495,0.39072825069694284,0.27366449148706407,0.636809594317571,0.544550096547387,0.5939427019117156,0.28158342926830415,0.7687035108369435,0.6204539102566993
2020-11-03,0.5376237333461958,0.5338890417451361,0.5532363911043724,0.519726726281526,0.028471642295210736,0.5524695975848214,0.5979011103575872,0.20626794027974005,0.3379288255971272,0.3700554896948428,0.29947296001049767,0.6371685037665061,0.5369404822295892,0.5903291106351862,0.2874262079834544,0.7597915414303633,0.5489620287800115
2020-11-04,0.532937279704253,0.5477838495073222,0.5609084598471733,0.5276208491880435,0.05461359770409223,0.5483082319769711,0.5963260476267985,0.25388430532966727,0.34116566364570045,0.3543144623085168,0.3398837905379373,0.6345689027830862,0.5317120389037017,0.5863802415097943,0.30240109721536446,0.7741665214719218,0.5925892634686585
2020-11-05,0.5423106436594461,0.5415403481684176,0.5655786546984555,0.5307788048143923,0.03955172963836235,0.543421158190806,0.5947916174285542,0.2729396378191327,0.3484542077716618,0.34351669218611103,0.3803890463179499,0.6296936402837782,0.5282254723751821,0.5821287042691754,0.2999834033841059,0.7853939502251872,0.570879670956575
2020-11-06,0.5409839114740372,0.5535002071604223,0.5688306627963856,0.5526189433666499,0.025653364574550648,0.5406744665578286,0.5937259477108962,0.3927272448984061,0.37297322444548475,0.34091711754068155,0.4475654013001545,0.6200024658261004,0.5300908339563818,0.578068074504972,0.3085093829685156,0.7937169705298552,0.6553421474682248
2020-11-09,0.6119891634349331,0.6045064697698221,0.6127778391404891,0.5862125793405896,0.0686084745376483,0.5426127696234045,0.5934040567061892,0.5321199270849934,0.41960780581377205,0.3503228089669449,0.5459370512019833,0.6096451735384022,0.5354048850462275,0.5753858069707718,0.35195919893810934,0.8110165275504927,0.705843467889384
2020-11-10,0.6015549458455717,0.6023957028793723,0.6239521660639896,0.6055091454526719,0.03533135037391608,0.547325278981719,0.5937853173414168,0.5951213448906274,0.4722175866577554,0.37080430926605,0.636692690128452,0.609504563125166,0.5354753039820851,0.575348531730778,0.3471118015638025,0.8213620032729043,0.6400616136466681
2020-11-11,0.6185329878168396,0.6063534874328154,0.628956094714075,0.6012994062648084,0.028601665096116335,0.5559971149808024,0.593447803899105,0.5745601229264969,0.51111912037555,0.39677033475615686,0.681633117832851,0.6090026837668369,0.5357133424923192,0.5752088431349824,0.33894641785206414,0.8124228623738696,0.5386127992379954
2020-11-12,0.6047387082349144,0.6015166786775368,0.6280388156951694,0.6056850556404078,0.01739490605517524,0.5662030557497079,0.5937540724662068,0.5892604092061111,0.5453424461110334,0.42597181263388983,0.7081445493703864,0.6107898434571727,0.5349047058087585,0.5757257340557003,0.32647844633825185,0.8190200727299618,0.5753165814840755
2020-11-13,0.6178256117017039,0.6169945852830823,0.6418818419345348,0.6197189497640804,0.025324956469170518,0.5779522728416894,0.5948978652909446,0.6345806699568977,0.5828125203090239,0.4585612746134427,0.735905832123047,0.6141329746627017,0.5331342009331145,0.5765639469819341,0.31723298798935706,0.8272744640072964,0.6163792867982769
2020-11-16,0.6340074190541943,0.6248214026210284,0.6534732308635732,0.6280516989009061,0.027824209173175622,0.5891227432582785,0.5957166579101308,0.6598719662372738,0.6180845721200973,0.4933197861333944,0.7536791143421677,0.6233595034912566,0.5297052892305788,0.5796047751534867,0.3018744041200191,0.8360511361885623,0.5916988611574988
2020-11-17,0.6258723641403855,0.6189293465876593,0.6478025896958363,0.6148949040059791,0.0347361944604925,0.599089854533709,0.5966823281944879,0.5870650115256677,0.6349687691371524,0.5252849028930728,0.7307899214034848,0.628939032857934,0.5284257684499477,0.5818400001324402,0.2901668638021324,0.8258300330707875,0.5014261295232567
2020-11-18,0.6158797857009463,0.6112778063611006,0.6332086249357479,0.5975272973000928,0.0304688997524205,0.6064112655753316,0.5965229372925563,0.5011275727604094,0.6340672724283761,0.5506349720872297,0.676585946305108,0.631818612628143,0.528663497865202,0.5834418877076402,0.28662420598064464,0.8165006871306287,0.4830498706076636
2020-11-19,0.601997765250104,0.5910518952925232,0.6183655738209949,0.5955106126478352,0.0393607167607433,0.6131907284920618,0.5959760564346542,0.49157076147263873,0.6308593308815723,0.5701249627731839,0.6285682190874354,0.6336647215177494,0.5286803057152759,0.5844011760151111,0.27756059883715234,0.8053131752606082,0.5479089392410392
2020-11-20,0.599786722210856,0.5952726683021918,0.6228684009413318,0.5886686563825098,0.028417354424729528,0.6169662710070897,0.5945353745108578,0.45856687776879906,0.6222290233569099,0.5835914486811429,0.5792113702125822,0.6345781245843026,0.5287826089545261,0.5849227202394682,0.26847799752686996,0.7964125506524239,0.527165403241322
2020-11-23,0.5995619988259363,0.5872223301674435,0.6053890865591004,0.5755970584077753,0.0348742599088768,0.6158544909886642,0.5923570722209978,0.3988681474500195,0.6047340338340017,0.590055901443527,0.5218364191632588,0.6350570444384794,0.5291277790869605,0.5853417006078188,0.27315411155837277,0.7861625953313213,0.5001027224859697
2020-11-24,0.5816650743392594,0.5761531797387398,0.6101754927930482,0.5755970584077753,0.05978300937102475,0.6127217515878943,0.5912663132452537,0.3988681474500196,0.5903860492174562,0.5916937846393924,0.48228730723279284,0.6358111388462412,0.5299539470924491,0.5861425162668656,0.25714624888042736,0.8016178522868032,0.5565593718828475
2020-11-25,0.5821992298933828,0.5709285127316261,0.6038776139915399,0.5739188629582256,0.036726079490846796,0.6098541447003419,0.5901970211311772,0.3907997647539137,0.5773970783991248,0.5898051155335506,0.45339059088245776,0.6351530514730955,0.5365274026588235,0.5890847912094994,0.2440708462447769,0.7909809132870839,0.5492366297523377
2020-11-26,0.5821992298933828,0.5709285127316261,0.6038776139915399,0.5739188629582256,0.036726079490846796,0.6098541447003419,0.5901970211311772,0.3907997647539137,0.5773970783991248,0.5898051155335506,0.45339059088245776,0.6351530514730955,0.5365274026588235,0.5890847912094994,0.2440708462447769,0.7909809132870839,0.5565593718828475
2020-11-27,0.5861170747278405,0.5752677456596906,0.6069006463195902,0.5767453014319902,0.0063275529038648946,0.6068232392298804,0.5895128085917326,0.40679826732352825,0.5690300982693784,0.5862335269316653,0.43960067848158907,0.6327731781640545,0.546269644484907,0.5927219540722102,0.23338301977538203,0.7952653254220405,0.568908738676613
2020-11-30,0.5837127649038648,0.5770385822549366,0.6055568924508056,0.5827509181462162,0.09080350069635922,0.6029515197793333,0.5887581954466908,0.4409687338971469,0.5667857636371402,0.5828235123441677,0.4409246226808814,0.6293297983970595,0.5578226778130956,0.5967152085553951,0.22748386552301772,0.8172030842165001,0.5827409936303316
2020-12-01,0.6020551286754087,0.6148510519318715,0.6290689870453187,0.6072163017258122,0.0510929287702926,0.6007693962262982,0.590056558410681,0.5597754044476586,0.5833347394808456,0.584171248607113,0.47990983118729313,0.6289365718384231,0.5673564025046717,0.6012715737925631,0.25163678406563705,0.8308423330731967,0.6627154936026762
2020-12-02,0.6159455455882615,0.6199872690270665,0.6445197208790042,0.6133106396932605,0.03773744241129295,0.6006034737606997,0.5915001802899728,0.5851131048085352,0.6005155834711069,0.5894808045637304,0.512373146665076,0.6272158843313377,0.5790853838914568,0.6062399841859265,0.24957739114765146,0.8416906214652549,0.5825061350260669
2020-12-03,0.6176370564647174,0.6188359045000968,0.6444356747728078,0.6209061902994265,0.03482198270026527,0.603051981587501,0.5934081841088904,0.6158574196137245,0.6191318411009561,0.5983133356851708,0.5412405518068861,0.6258783855489977,0.5903872023175433,0.6111925432468746,0.24352777134606077,0.85192965216568,0.588746950408986
2020-12-04,0.6332191280384268,0.6253003797080416,0.6577032236057868,0.6321232229412629,0.03104595970901701,0.6068864772099257,0.5953564437529627,0.6583470982474122,0.6414013829994196,0.6108639923938307,0.571707027632809,0.6245965655361744,0.6024887163878191,0.6165729621882758,0.23142528100171136,0.8613795891110103,0.6038193091218816
2020-12-07,0.6293015390282487,0.6217583478709343,0.6513213879853429,0.6206414056265978,0.03029263172851239,0.6102350329679226,0.5968456171989701,0.5822846447633336,0.6491003725058188,0.6228006556766524,0.5666759399444652,0.6234685295601633,0.6108874758180586,0.6201843040968746,0.22521874173681258,0.8520870787508283,0.5085926855807577
2020-12-08,0.6350889838526227,0.6415055963802645,0.6600543655098335,0.6434283639088377,0.04172056357511765,0.6173391110962684,0.5995435709539124,0.6655822013912285,0.6712313717117986,0.6378004972662243,0.5917757504925224,0.6302118456981108,0.6100145123920496,0.6232219148180962,0.23522092273875192,0.8637677392029732,0.6525853866053161
2020-12-09,0.6602875213851868,0.6535491310637183,0.6786121518153584,0.6571185589461938,0.04239279486021208,0.6258769846442843,0.6029855463707744,0.7074678340806386,0.697532649654237,0.6562779544210222,0.6202714771871751,0.6392952308698999,0.6061305788986829,0.625961880876883,0.23086798406755807,0.8755888790722923,0.6132687756433862
2020-12-10,0.6601984953180219,0.6489442901594751,0.6779403355327202,0.6496111166657664,0.03537424449380246,0.6338043521050288,0.607656971867241,0.6591503854402441,0.7107586354827695,0.6743172688116835,0.6166813171404698,0.645454477960122,0.6049132862126457,0.6285267704538045,0.2208997653653598,0.8652344395585556,0.5257758648486414
2020-12-11,0.6487117867995836,0.6527516336062422,0.6741611849609527,0.655793103263341,0.025887271572056086,0.6420831513399207,0.612914294734049,0.6794054727504242,0.7239502076592538,0.6919975934592246,0.6137397402426593,0.6521289039752357,0.6033554426842888,0.6311870283498986,0.2201412043963917,0.8736063405377938,0.582049503087252
2020-12-14,0.6640267566416719,0.6533715727894105,0.6553519001222451,0.6215244808983066,0.043111271368309015,0.6461439668744361,0.6169756535324523,0.48881850911044195,0.7063505056835511,0.7018073282117641,0.5492477990354951,0.6522849869001554,0.603386416045869,0.6312828847778442,0.24526533300252326,0.8616350571637779,0.4159064848559778
2020-12-15,0.6350887181751314,0.6291964399629637,0.6598861379311748,0.6347726019882601,0.03684671920302725,0.6490299810613446,0.6210152561142367,0.539089304182911,0.7007889512867509,0.7082853941620756,0.5219479661917743,0.6531355385298901,0.6032235671080163,0.6316397004263319,0.23717539327561196,0.8722972068265993,0.6123505394548442
2020-12-16,0.6368694675442667,0.6307018114196914,0.6600541001008683,0.626823545456043,0.042701096346895465,0.6504452086995368,0.6248310289923943,0.5006133576334391,0.6886798465906601,0.7104855682060464,0.4868947418471123,0.6541414045514787,0.6034543375858351,0.6322729971543544,0.22619732711105764,0.8604116397071304,0.523417380829756
2020-12-17,0.6358901715764756,0.6570022687894626,0.6634970770534613,0.661710764883699,0.05231340052518488,0.6547187352622245,0.6296085440249574,0.6180462351484926,0.7039984002566071,0.7160184220810486,0.5142028591029318,0.6610861362777002,0.6031146071091259,0.6356805251770554,0.24787024098870822,0.8743059364388761,0.7028892768330971
2020-12-18,0.6675884337444841,0.6677174288093044,0.677856190504624,0.6695715598583064,0.10068255268269208,0.6586407578338104,0.6345536174124157,0.6403536470943909,0.720177050387323,0.7244292478168509,0.5377850803237927,0.6687119128713209,0.6031226676031766,0.6396124528604374,0.2591617943918465,0.8983081684229162,0.5886826724940709
2020-12-21,0.6529856258666781,0.6527516069883623,0.664252649551763,0.6564113938622208,0.03872869871304235,0.662387004337527,0.6382516583123342,0.5753028663711095,0.7209360311885262,0.7313448332315886,0.5255330188947092,0.672530100125959,0.6063877344447962,0.6432089440596065,0.28116369882617487,0.8872527324157025,0.5030898650702844
2020-12-22,0.6564581615242763,0.6570906213582337,0.6794513656884781,0.6537617083514818,0.01732252222786697,0.6634692315732463,0.6406583790385859,0.5623984460251013,0.7175600061269168,0.73604584061399,0.5073866743175621,0.6739029842486669,0.6132845338603387,0.6473587390939872,0.2745350311265131,0.8806706484574716,0.5456889197623828
2020-12-23,0.660019919218182,0.6544342235847533,0.6797872773931645,0.6468727099018051,0.016704578813253747,0.6623961678666744,0.6421321293197378,0.5282644717358358,0.7077743647144425,0.7373965996302368,0.4799345997536654,0.6731788130561073,0.6216125543402254,0.6511427942244743,0.26457842583102587,0.8742176991180188,0.5282414319445645
2020-12-24,0.6515612157720853,0.6494751684467843,0.6791156577162653,0.6515537903244034,0.0,0.6625996271005327,0.6439226522986755,0.5460903789818334,0.7018349715896249,0.7370144293589936,0.4657349050400648,0.6712578466048479,0.6318518936673835,0.655264466058362,0.2499657108313135,0.8771798119732721,0.5759002163687998
2020-12-25,0.6515612157720853,0.6494751684467843,0.6791156577162653,0.6515537903244034,0.0,0.6625996271005327,0.6439226522986755,0.5460903789818334,0.7018349715896249,0.7370144293589936,0.4657349050400648,0.6712578466048479,0.6318518936673835,0.655264466058362,0.2499657108313135,0.8771798119732721,0.5565593718828475
2020-12-28,0.6646500008816426,0.6568250438269732,0.6831461748066109,0.6579129129646805,0.011665860167850052,0.6628216380676558,0.6457834885307724,0.5703855044157493,0.7002466884102382,0.736317524410686,0.46315595599559845,0.6686513560937865,0.6431743464161811,0.6595736896208482,0.2403102682981393,0.8825797959504951,0.5827420607162745
2020-12-29,0.6716843591670266,0.6662119457753597,0.6957420858791642,0.6663037369805583,0.020757402921893826,0.6675114392057536,0.6474432667479549,0.6016985172816278,0.7036231344021645,0.73659156506983,0.4711119247179546,0.6661423034984492,0.6546499409046281,0.6640095448694419,0.23324565274973383,0.8898796835109377,0.5909448965133647
2020-12-30,0.6772937047859445,0.6790520713029766,0.7024596029030744,0.6831730336424403,0.02210320593332913,0.6725804916937906,0.6494071952356145,0.6590204414708918,0.7172675567106084,0.7401712004731333,0.4981981056445488,0.6704524770909425,0.6582809602071179,0.6680421205818954,0.232275845721487,0.8974608100242079,0.6252635261816737
2020-12-31,0.6932318414520996,0.6903869665312765,0.7067421654092877,0.6949199420936761,0.02000608560325888,0.6797123332291858,0.6522584224920561,0.6946411963320365,0.7349244528861127,0.7473835197774569,0.5279644687373056,0.6772637130471734,0.6599323645903029,0.6723747937033693,0.23484172201628192,0.9046036911772202,0.6038158378547674
2021-01-01,0.6932318414520996,0.6903869665312765,0.7067421654092877,0.6949199420936761,0.02000608560325888,0.6797123332291858,0.6522584224920561,0.6946411963320365,0.7349244528861127,0.7473835197774569,0.5279644687373056,0.6772637130471734,0.6599323645903029,0.6723747937033693,0.23484172201628192,0.9046036911772202,0.5565593718828475
2021-01-04,0.6995536977474645,0.6879074673173149,0.6985130279964403,0.6871475619085489,0.06468299234742092,0.6823763685453951,0.6554515198936607,0.6464008032771149,0.7407511462292691,0.7545883965523594,0.5279034843414402,0.6814068358046067,0.6627024520982508,0.6758915767398452,0.2450511921857961,0.8881244611220762,0.5255562170547518
2021-01-05,0.6907390098127345,0.7001280095125484,0.7064065890852459,0.7033990276671634,0.05018209894333016,0.6859191718634655,0.6592954966902763,0.6965144809543835,0.7554245776689651,0.7639661293310526,0.5457079568800345,0.689402415869249,0.6620326942902967,0.6796756400054782,0.25945100723341197,0.901573369472352,0.6217491659674825
2021-01-06,0.6995535478639846,0.7131448982819448,0.7202613358817717,0.7165585807357658,0.0409853315514401,0.6922184802962538,0.6638521110556533,0.732642936833819,0.7745219626965236,0.7761716958891898,0.5688793445753011,0.6982311838451255,0.6631239955703198,0.6847679242703792,0.2708097069691543,0.9131003849388137,0.6087330954889656
2021-01-07,0.7152248113559182,0.7202295152951723,0.7339489540876717,0.7213282291797153,0.03774883616188777,0.6992948271139746,0.6690443945727537,0.7452106760646748,0.790518095333598,0.7898757406334684,0.5811579372055974,0.7080840312541087,0.6612422723469117,0.688903661772087,0.27207661537762273,0.9239510543379428,0.5752933291715376
2021-01-08,0.7286697667366119,0.7208494647616299,0.7467965142426188,0.7184136057642766,0.0409772889039614,0.7067874164106805,0.6741328324195123,0.7250970914532104,0.798086540456467,0.8027029633520979,0.5739732210303561,0.7158514693493928,0.6597463946274708,0.6921578422884842,0.25692848892610265,0.9124257195823544,0.5451500274182094
2021-01-11,0.7291147173392595,0.7227973716025167,0.737475474469372,0.7124957909120476,0.033184633717727195,0.7131699669199808,0.6790702160626524,0.6837646789124101,0.7966929598821713,0.8126215249316836,0.5501395305861486,0.7214083572694209,0.6607006241284731,0.6954964168117987,0.2577334601087222,0.9025288536039202,0.5333462151353785
2021-01-12,0.7165601180281341,0.7080975339590116,0.7253836604817571,0.7015440026386529,0.03209217410187085,0.7177395188043082,0.6835166926523791,0.6107981693700388,0.7844838999436294,0.8175494781023458,0.5092462775530227,0.7246185175139727,0.6622540911411968,0.6979253518250415,0.2560210438199806,0.8928602841857991,0.5134193939739617
2021-01-13,0.708368445949667,0.6974711378610563,0.7205132931029062,0.6994241929373132,0.030348930260863265,0.7212082756714385,0.6876736668835955,0.5969646533404029,0.7706245593510119,0.818078506828626,0.4732013075537612,0.7243533750734373,0.6708129698899111,0.7020610811916026,0.24749861807314585,0.8835560088495029,0.5481437924898359
2021-01-14,0.7281353937556417,0.7283762500734263,0.7445291151210299,0.7238010851114934,0.05305399431384823,0.7254633146937094,0.6918274882377485,0.6855878980627961,0.7756835376657878,0.81974767521461,0.4825436593828478,0.7285730389652775,0.6759276743233057,0.7067876418229024,0.26586095259624676,0.8976050710408474,0.6534819941818124
2021-01-15,0.7267997338920965,0.7235943169716732,0.7403304553609703,0.7207097853489645,0.03696869935645415,0.7281643250907525,0.6956540327634321,0.6647869685472196,0.7747183291739849,0.8208452945171704,0.47786036240296376,0.729447643735499,0.6850107632879686,0.7117721028597639,0.26323257659007415,0.8869174305964451,0.5444795144219701
2021-01-18,0.7267997338920965,0.7235943169716732,0.7403304553609703,0.7207097853489645,0.03696869935645415,0.7281643250907525,0.6956540327634321,0.6647869685472196,0.7747183291739849,0.8208452945171704,0.47786036240296376,0.729447643735499,0.6850107632879686,0.7117721028597639,0.26323257659007415,0.8869174305964451,0.5565593718828475
2021-01-19,0.7419362628045089,0.7380282095046482,0.757040546597097,0.7426133618957541,0.046531407208624934,0.7339733445936151,0.6999903606584535,0.7327230001501146,0.7879610311431529,0.8249848555439878,0.5027861595101153,0.7375070620949197,0.6852990209679236,0.7160672566868573,0.26571131443452645,0.8996034362694045,0.6423387598142409
2021-01-20,0.7526212062471452,0.7477693265053811,0.7629186854988176,0.7390807543451771,0.03166792444736958,0.737710347327123,0.7038011708262205,0.7084982399428472,0.7929336652933062,0.8295211845843377,0.5060372931281766,0.7438517422727756,0.6861449109699352,0.7197575298516854,0.26354080246624545,0.8900235243498589,0.5429356475551638
2021-01-21,0.7358821604715223,0.7330697823818075,0.7483079912909457,0.7333400755356508,0.03152114613088336,0.7394678993790577,0.7078165331064267,0.6687915630924122,0.7896991126672814,0.8323536292642657,0.49207559375594645,0.7473018746917751,0.6907667701801082,0.7238417067966312,0.2624198540692,0.8804742854037544,0.5343655482470605
2021-01-22,0.7451420789607298,0.7568019653212938,0.763506577543457,0.7494145584834336,0.04036135615121785,0.7424094243318532,0.7115927353301162,0.7203521079000339,0.7965815209483903,0.8363146120352777,0.5013228818488571,0.7523916190920813,0.6956882066728419,0.728919957934298,0.2726719633406822,0.8918709057182825,0.6189540821678414
2021-01-25,0.7687372176044501,0.765037027063292,0.7785371517892373,0.7708763675465623,0.05234087957073709,0.7479039309726595,0.7156458338635899,0.7775286441720892,0.8153891473216384,0.8441154156674426,0.5327865338148652,0.7597588338859148,0.7012748959641538,0.7355033656909995,0.2722400757800728,0.905770944878846,0.6389384922657346
2021-01-26,0.8104967121226269,0.8319830905675507,0.8266523511189244,0.8106210372801649,0.08103503511285845,0.7581807406464961,0.7213824868559969,0.8552564095034831,0.8571624640875315,0.8606441580343591,0.6043036271014536,0.7768341936478743,0.7005731845751738,0.7439483145524739,0.32919916825811313,0.9256673402582356,0.7068820895458157
2021-01-27,0.8053326492946008,0.807808362985942,0.8103622039048314,0.7876577091145766,0.08104575864283003,0.7671995630649563,0.7260807159021477,0.723455149527926,0.8689938933310497,0.8767810436235753,0.6010927363542291,0.7842528002529744,0.7067174611401182,0.7508365218327129,0.33512868326249146,0.9057687039310147,0.47199977217326955
2021-01-28,0.7971412875154776,0.8072773394533246,0.8133014939295368,0.7989631565458931,0.04577271746313451,0.7776244335442491,0.7324027121228663,0.7479372592054323,0.8831671701095235,0.893181203364155,0.603250015709093,0.7931029317983903,0.7116945607081017,0.75787946772926,0.3360503116911322,0.91829616254491,0.5988350147708225
2021-01-29,0.76205947088446,0.764240309637964,0.7524223906590451,0.7457049681220248,0.13666468728175943,0.7799184612807272,0.7363551424309348,0.5146250404877695,0.8501504174632146,0.8981698333152051,0.5097434656171471,0.7930139650819416,0.7184371552178833,0.7611993151459693,0.3989623228700304,0.8867745701722001,0.35891244586286625
2021-02-01,0.7714085699470613,0.7581300233649559,0.7696363770128282,0.7419953777606157,0.052655883263652725,0.7821477344811102,0.740458621483094,0.5013406474333952,0.8180372334198494,0.8942517739225961,0.43676168240080804,0.7930289970789105,0.7234285077371024,0.7636985703631636,0.3914108917488778,0.8728087031690923,0.5422838000738087
2021-02-02,0.7542234731226439,0.7435182947309573,0.7577119171031298,0.7290998432054882,0.06252086061689786,0.7807324426500689,0.7428596397329948,0.45533946169027245,0.7800457951980625,0.8817606431149692,0.36651357837835224,0.7912360812236762,0.7297405673941232,0.7659258351015379,0.38182736835420306,0.8567813042204331,0.5068055414269654
2021-02-03,0.7324986258694485,0.7245687656497841,0.7441935112605272,0.7224765488198656,0.04347721182858973,0.7789934583796118,0.7447446016165945,0.4321609540228308,0.7426288182149281,0.8625525357858562,0.3114743931720869,0.7905521875462959,0.732475321055405,0.766938668941449,0.36700217448102135,0.8447335485016743,0.5307738502342145
2021-02-04,0.7330325512537067,0.7296159377660212,0.7457885799115046,0.7356362551203387,0.03782189020981926,0.77923394083894,0.7475673192210447,0.4774004364393713,0.7210605662819074,0.8418741346074772,0.29942674417129933,0.7906358557764152,0.7344180541576714,0.767951510916506,0.35748485075304537,0.855599484357904,0.6080315433319625
2021-02-05,0.7674018399057233,0.7592812860107219,0.7802166978398385,0.757363308551909,0.04946496287647968,0.7800664257969104,0.7512585602796081,0.54507990570167,0.7186391702446492,0.8247350625680718,0.32842815445802287,0.7922655501971706,0.7365690244879751,0.7698646288483324,0.3611702511914877,0.868898529321962,0.6407597478209536
2021-02-08,0.7689152595881049,0.7635315636053763,0.7803844523826727,0.7615142067013662,0.026275329312903217,0.779085912129908,0.7553431439074966,0.557335037041012,0.7179444150639895,0.8108526978530507,0.35511374983207655,0.7940081684081869,0.7393549472121487,0.7721528583725019,0.34882682925497954,0.8773515246008452,0.5724050063994244
2021-02-09,0.7704291635177335,0.7694648579188785,0.7895374866473738,0.7734379447315628,0.022983875832246453,0.7751916690135839,0.7596857775566453,0.5922607259523074,0.7244930282570763,0.8013596247193255,0.39107978775025226,0.7965525253378526,0.7432111639193689,0.7753883036471476,0.33322838231996366,0.8851166889547604,0.6019473254711716
2021-02-10,0.7943808819059542,0.7814196199298225,0.7956673546588667,0.7782072867117705,0.025511277802427,0.7742019115763731,0.7639717686092004,0.6060559943387906,0.7312274004174529,0.7954237343117586,0.4202274910735082,0.7979181967096426,0.7499557233375608,0.7794583905188353,0.3251172002041467,0.8934100167006636,0.5745665632981669
2021-02-11,0.7864564307413694,0.7764607359186539,0.7948277912490816,0.7715832261667938,0.018473961258567095,0.7713343688816695,0.7677227914926018,0.5742799387558728,0.7294077679007507,0.7902268756146722,0.42628314767083797,0.7967788989063184,0.7588060623990355,0.7832893447672975,0.3124419360592855,0.8865873109690474,0.5316304420707851
2021-02-12,0.7633059562191279,0.7717673211109177,0.7813922869971134,0.7761758917999114,0.015403010362951277,0.7745256361122136,0.7710364079611746,0.589213226629125,0.729396100917092,0.7860665152656234,0.43477625827814054,0.7981842845596955,0.7629263597459429,0.7860699458814686,0.31263607285891426,0.8927682652654767,0.5739214296400194
2021-02-15,0.7633059562191279,0.7717673211109177,0.7813922869971134,0.7761758917999114,0.015403010362951277,0.7745256361122136,0.7710364079611746,0.589213226629125,0.729396100917092,0.7860665152656234,0.43477625827814054,0.7981842845596955,0.7629263597459429,0.7860699458814686,0.31263607285891426,0.8927682652654767,0.5565593718828475
2021-02-16,0.7827163675502408,0.7735380517421684,0.7867661369904492,0.7628390494567355,0.023733852709634955,0.7767086262687054,0.7734563107162914,0.5237076617289094,0.7172315870762429,0.7797423018844114,0.4170455564638028,0.7973644143012858,0.768253170271263,0.7883066067137305,0.30789655700196983,0.8848463746226103,0.5062983190453532
2021-02-17,0.7683812906063753,0.7650371991444369,0.7844152542481563,0.768050312152475,0.030574124390266785,0.7807879694641681,0.7763388101455796,0.5428720194431333,0.7097218849212672,0.77283341170922,0.41225469047719415,0.7981414319839834,0.7701568071978301,0.7896570653921888,0.2958922405373392,0.8941977098633638,0.576378124304635
2021-02-18,0.768292568955146,0.7656574060196459,0.7839117017536464,0.7687571707727062,0.020603922399175356,0.7856350109850817,0.7786674678195528,0.5455727815979619,0.7025356557756266,0.7655364463248167,0.40907478605956515,0.7986646042817803,0.7727732862409195,0.791232599161199,0.2861989970087433,0.901465523857971,0.5592380240128885
2021-02-19,0.7739907998552754,0.7638860660474829,0.7722394594619145,0.7443799721347842,0.04072260506713599,0.7865507540677764,0.7796587214492242,0.42816831447173637,0.6767005445785949,0.7533360995439288,0.3688962747971244,0.7980313284542503,0.7746009398471695,0.7918187120411282,0.29050384604640456,0.8899934116133759,0.46422619207705407
2021-02-22,0.7497661913486714,0.7425759316823963,0.7586319220657477,0.7434910740519832,0.02903529783934275,0.7850978933720515,0.7804483656517157,0.4242391671167068,0.6543254062637526,0.7380651836001145,0.34373590326592246,0.7981707492054412,0.7738270616400956,0.7915042316935854,0.2857130409834012,0.8809636523864133,0.5531354874157146
2021-02-23,0.7462719559403749,0.7483678227177224,0.7595613296430647,0.7307823291474217,0.03302780209189261,0.7818792960361863,0.7808890532425011,0.36884217724474583,0.6259705197358414,0.7188650960292463,0.31154010740495935,0.7980333798506406,0.7697044770256999,0.7893756218734576,0.2873400597826894,0.8710995602700118,0.5075771972490228
2021-02-24,0.7545148409050829,0.7590606149060994,0.7639552441962955,0.7498900369786813,0.054765067564941025,0.7794130870313644,0.7822213799263377,0.45692173179879775,0.6173332242001259,0.7013777982964472,0.325574778631717,0.7887504028332656,0.772824210104274,0.7861513868303074,0.30190208581897204,0.8855061936996871,0.6308608917908457
2021-02-25,0.7610555713782131,0.7529125254972417,0.77299641770426,0.7514010564571335,0.05096893795499602,0.7766056288430151,0.7839977463507729,0.4635068510050602,0.6109250231942932,0.6858097227467554,0.34130096508631114,0.7843979041103618,0.7734592989209822,0.7842265054770423,0.2902215008329433,0.8991195315970844,0.5623573684754233
2021-02-26,0.75093127680046,0.7414179614290102,0.7390295324750981,0.7131859472583563,0.08245456239284847,0.7704895909931785,0.7844880665049926,0.3105352317693693,0.5762706149898459,0.6648204361074475,0.2968793357640682,0.7787336145415994,0.7701810843778117,0.7796725563783025,0.3140283174149294,0.878926490748527,0.41007574253027845
2021-03-01,0.746003225715126,0.7335763397723922,0.74849260241572,0.7208286932807443,0.0565431628783563,0.7646929928065335,0.7843821625928274,0.3461086714558816,0.5545872223426285,0.6426887341654919,0.28751833722197695,0.779804003364997,0.7664307659003445,0.7783518641998739,0.3167825311424165,0.8937047013404789,0.586650011475838
2021-03-02,0.7310410193814302,0.726893558879864,0.7443525661135274,0.7181626119598242,0.03683532545243243,0.7600139600188004,0.7842914088691487,0.3362991807696584,0.5355114453436386,0.6202853139884088,0.28529186669327,0.780941825872128,0.7627218493666602,0.7770865723672244,0.3093270284228552,0.8830449326847283,0.546119267832708
2021-03-03,0.7173332619418386,0.7101419511778899,0.7228911040317244,0.6932785222931303,0.04279157613103081,0.7521829941685453,0.7825336485140332,0.25253910736823476,0.5018809439756015,0.5940799235163982,0.25413836384241406,0.7852181674593562,0.7544992545364534,0.7751848029643791,0.3111796736174234,0.8711404575679329,0.45893197442066347
2021-03-04,0.6970846498053817,0.6851923342342576,0.6841079231199015,0.6652835191844387,0.05977228584105315,0.7413460376972184,0.7799043128289974,0.17741112512883472,0.4548760090045589,0.5615390478302368,0.20222513428774813,0.7938020978631238,0.7395586576281138,0.772148400312372,0.33303974214264787,0.8556874415602823,0.44475841467293015
2021-03-05,0.679075674552322,0.6904492021362194,0.698133759627482,0.6922115687764013,0.04166560548401323,0.7358823596719856,0.7784389374628501,0.30157051790344797,0.4394952673347501,0.5317183167312659,0.22451411225920614,0.795877325903053,0.7327986812930299,0.7698429649539404,0.34062404731921603,0.8673566171547917,0.6663123971453551
2021-03-08,0.7061338862795666,0.713973542169622,0.7222151204098167,0.703765405070366,0.029702837580074602,0.7317218285711681,0.776812495119865,0.34877104435798406,0.43743102500770703,0.5073533419990253,0.26921880702004264,0.7948773489689521,0.7281299616068445,0.7669974291026178,0.34462938223072415,0.8765258753842524,0.6027363058183458
2021-03-09,0.7051479070600243,0.7266260558896873,0.7299037538134515,0.7064311799275443,0.0358326754000882,0.7291714948381648,0.7745163653100363,0.3596901529499457,0.43909676579454515,0.4882716075137815,0.3125098975149273,0.7927420619711262,0.7244747979710201,0.7640730474141013,0.35408654706903286,0.8869761154177771,0.5671256101263907
2021-03-10,0.7224399505348688,0.7190522049382555,0.7338751587632889,0.7193178270341626,0.03029866371412141,0.725969619739378,0.7712633059191903,0.4120145126258546,0.45140127383872136,0.4760366233596463,0.3686124547189808,0.7880185272962,0.7235928258458285,0.7611997869844502,0.3480168304473429,0.896269886311114,0.6075405686393829
2021-03-11,0.7288907603673732,0.7255571000653251,0.7470563890384317,0.7192291057809405,0.028086935657479724,0.722600201305564,0.7688252502355267,0.41167462366102386,0.4620807094566069,0.4688788101362752,0.41021500465917093,0.781766632427768,0.7237712527420451,0.7580686098789451,0.33304250497260734,0.8874383109079815,0.5562115773365145
2021-03-12,0.7265612185276941,0.7227055382075678,0.7493376621745936,0.7233171788633489,0.02251874271972848,0.7236612609494345,0.7661300453526215,0.429210749894895,0.4745263342627093,0.46621771779194454,0.44706132271472987,0.7762753193144148,0.7243041699493536,0.755506144575598,0.31306199256585343,0.8951062741497142,0.5725859569757057
2021-03-15,0.7307725753622211,0.7258246674546815,0.7435078772922284,0.7306050398728482,0.022849161486978284,0.7246851529339252,0.7655920471457708,0.46062727214811644,0.4906355704651646,0.46805629101251456,0.4839317696487978,0.7694901966658735,0.7264588083234872,0.7530867683591673,0.30564735222294526,0.9028432865964988,0.5850478277472866
2021-03-16,0.7371339324568348,0.7349133800415719,0.7582100381973654,0.7390479627248151,0.028512525753227443,0.7268725082041269,0.7654870331365687,0.496152537613535,0.5103057546444252,0.4743716011892629,0.5206143386086084,0.7658670434693614,0.7276671117954899,0.7518236892862904,0.29066143739517203,0.9117637996166859,0.5893942893565448
2021-03-17,0.7404487015011617,0.7353587351913782,0.7522106786410746,0.7337154936192333,0.02604812452163003,0.7311075351058253,0.7656514850203834,0.4698013313725287,0.5221161502222289,0.48233256077106085,0.5340988583325321,0.7602193338509852,0.7298431144272252,0.7500008389369544,0.2852967980226151,0.9033582844199781,0.5359432411374461
2021-03-18,0.7348938297248339,0.7332202609235392,0.75584398331952,0.7310492590664425,0.018008157925425886,0.7379952833341547,0.7659569237393234,0.4563441498439184,0.5296518699328147,0.4905572556143338,0.5362599160428445,0.7534696020805643,0.7327975224708293,0.7479989096138113,0.2727772103300943,0.8966329198597838,0.5462128355607456
2021-03-19,0.7391944884047551,0.7333094589825586,0.751703834776562,0.7272278094393131,0.0856314081469338,0.74166258868222,0.7656573376337376,0.4365006199013524,0.5328783132949704,0.49793163285937775,0.5292923782491112,0.7513283599151913,0.7331827665376823,0.747088293886192,0.26677737137622815,0.8757759982162054,0.5417022067458022
2021-03-22,0.7178708853030077,0.725735474252218,0.7392831467645878,0.7313160357535925,0.036387618076118296,0.7445480090852782,0.7647292944121006,0.4579338712190368,0.5386780048236431,0.5052595058720335,0.5289113206332173,0.7496386482063285,0.7336314409168062,0.7464419158430431,0.2681816465977437,0.8863422072999996,0.5724964253360657
2021-03-23,0.734893916804595,0.7306362152297312,0.7467186339956046,0.729982918477197,0.03393595103636215,0.7470146192954042,0.7636058601649723,0.45021386335435026,0.5423246791702502,0.5120199218195013,0.5242615538210844,0.7495544504690647,0.733633299465854,0.7463994747851976,0.2657727703266528,0.8762883349141353,0.5513774013936508
2021-03-24,0.7339080801801227,0.742041406803603,0.7546608758410885,0.7438467252242261,0.028519227959459693,0.7495835689545217,0.7625515489940337,0.5233813731643238,0.5557443518096327,0.5207333052064269,0.5402642503108364,0.7483879823619172,0.7341942058572078,0.7460786327533087,0.2673612430392036,0.8852102485267168,0.6104998952587581
2021-03-25,0.7548735951790805,0.7417744433365983,0.7615896844161046,0.744380278598526,0.027846996674365264,0.752217690403251,0.7613463201076612,0.5260822948211739,0.5665793491788194,0.5303724983859448,0.5478503742874893,0.7469580496344163,0.7349230162190571,0.7457058966236627,0.2592730291776091,0.8939916827221241,0.5586152904846827
2021-03-26,0.7517373001036466,0.7653870350833352,0.7678419378350959,0.7706860535629666,0.03689095376416008,0.7571787063269771,0.7613143545748365,0.6420688886858621,0.5947708690758416,0.5450269731583874,0.5889458004173246,0.7560551626436559,0.7316514412930829,0.7487586021087007,0.27325194876324266,0.9046630762947496,0.6578847283706251
2021-03-29,0.7673272233302307,0.7825846784911916,0.7868535589727556,0.7805512746401636,0.043029504452275595,0.7624096531793588,0.7614702459197159,0.6774401489011375,0.6237969319310767,0.5638992077813884,0.6235063001939537,0.7661593384045705,0.7275770704893315,0.7519292997545575,0.282631988120129,0.9166172724415518,0.5938765618063454
2021-03-30,0.7779889808491972,0.7703772228788863,0.7919231023603904,0.7713973559074526,0.0343246789978325,0.7657976554428628,0.7617751714430815,0.6147580387246876,0.6387519213905171,0.5826801700733207,0.6227584109140344,0.7727170838242631,0.7264721782459812,0.7547555553093319,0.27345307877722047,0.9064821656968032,0.5221643184823708
2021-03-31,0.7774513540298721,0.7679712598365231,0.7874448253491325,0.7655317931231834,0.04132982495177762,0.7691298259762366,0.7616854386510233,0.5761029912017144,0.6450008441668978,0.5992439495911817,0.6045907229746891,0.7763768794492824,0.730380419999381,0.7585915126727214,0.26357966840980085,0.894883159781261,0.5343824586260204
2021-04-01,0.7563068462857429,0.7541597892307395,0.7752774848338276,0.752023024620914,0.03428044443669967,0.7713264410648587,0.7610892145846383,0.4933079666260149,0.6385730023047365,0.6109118986133979,0.5644740841080303,0.7719304804359864,0.7441940669252688,0.763196550489742,0.2589121297408028,0.8847572969463164,0.505279407144343
2021-04-02,0.7563068462857429,0.7541597892307395,0.7752774848338276,0.752023024620914,0.03428044443669967,0.7713264410648587,0.7610892145846383,0.4933079666260149,0.6385730023047365,0.6109118986133979,0.5644740841080303,0.7719304804359864,0.7441940669252688,0.763196550489742,0.2589121297408028,0.8847572969463164,0.5565593718828475
2021-04-05,0.7656248556554365,0.7622686136665948,0.7786575334442941,0.7573554937264958,0.03533537169765543,0.7744817603001478,0.7615515219038586,0.5191360847122319,0.6365459697379365,0.6197470321466229,0.5412618760773726,0.7714209743128794,0.7516484173140111,0.7666550696089685,0.25457768344247,0.8951036130241647,0.5769906546764636
2021-04-06,0.7695671401634526,0.7602193140052116,0.7815303998648006,0.7570001490179944,0.019833838903090116,0.7771716974307953,0.7620328392974248,0.5168791487477469,0.6336852923260571,0.6261105999033291,0.5210097632274701,0.7714696122540926,0.7572601859360472,0.7694813251637429,0.2441398716979448,0.8879967270956923,0.5552028720432557
2021-04-07,0.7648186529875448,0.7580807672631193,0.7842343189678777,0.7589553876900411,0.016709270357616317,0.7802060291945544,0.7630366225424389,0.5272599108941485,0.6319527790010552,0.6307747638004925,0.5070847772659384,0.7712306123690839,0.7630931927514834,0.7722698580454814,0.22814692436393266,0.8944506568498212,0.564025164755926
2021-04-08,0.7688502652688233,0.7565658607901824,0.7802629396277813,0.7532674206440871,0.0196006021262079,0.7811926732786049,0.7631569559854757,0.48768576085381604,0.6253393392316371,0.6328773105315383,0.4860947795813398,0.771236795007847,0.7666976344109498,0.7740722566372127,0.21667165798081625,0.8873925115366794,0.5348699065942785
2021-04-09,0.7520060512130372,0.7460510240458937,0.7543227340724564,0.7379810092080862,0.04224668676434908,0.7805224678420709,0.7626788105773191,0.3923903933993724,0.6077128481827698,0.6302182252308407,0.44707776851380154,0.7701586209201569,0.7698046085977602,0.7750678032913996,0.22773094191712664,0.8756019045815617,0.4980400163442196
2021-04-12,0.742777871689292,0.7384772304998113,0.7590544867482262,0.7414471141267144,0.019489345502752595,0.7774602282373525,0.7636857330505779,0.414630541831344,0.5958511191410993,0.6251696029391731,0.42749780294707157,0.769335900270747,0.7725818323180237,0.7760303293870676,0.22168597958660094,0.8826368000609537,0.5699698338405937
2021-04-13,0.7048794919526294,0.7193197129963682,0.7268622817847413,0.7222508382741034,0.10930762188297143,0.7713543328576055,0.7637364029242145,0.3111071076808967,0.5714896904801463,0.6151308750591843,0.3866086700468896,0.7700594086302947,0.7709467149545751,0.7755868012149894,0.2539882683367092,0.8568321457243555,0.4824676181777821
2021-04-14,0.7135702721274536,0.7209237452282529,0.7353962485755138,0.7261613156181969,0.037555142401775814,0.766616691999037,0.7640213902535796,0.33764393268588494,0.5551004120288104,0.6030634757345065,0.36998565178715037,0.7705710934711293,0.7690481121945291,0.7749026435527802,0.2554061214939046,0.8676423380032818,0.5718570395940775
2021-04-15,0.7394631211977342,0.74123969352094,0.7581252449637718,0.7303382631856984,0.03625692505458947,0.7629308188694944,0.7653417987891403,0.36615230685953665,0.5453455636002104,0.5910070932042676,0.3700759238593489,0.770702143788161,0.7685536866014596,0.774723344930025,0.25559743945705005,0.878181235535382,0.572854504240906
2021-04-16,0.7450176539178172,0.7423086068595013,0.7609132932258754,0.7467794300004252,0.0464764491175205,0.7623816490491268,0.7682454320489259,0.4675343932438529,0.5501816488990667,0.582553037601958,0.39959354065101205,0.7707223777973474,0.7702058418133938,0.7755584665006943,0.2518368829077131,0.890855756350706,0.6205117968827952
2021-04-19,0.7554109639070646,0.7476552545957242,0.7632793835580086,0.7507789350614823,0.041812383800499446,0.7616928758311149,0.7703321398478903,0.489870155579522,0.5569781205460625,0.5774636553293593,0.42716381396671727,0.7705800584549883,0.7728575571850397,0.7768088059345859,0.25003307582194545,0.9025556049186563,0.5719391495656582
2021-04-20,0.7419716116880971,0.789356395379476,0.7646312172355932,0.7844614455205153,0.07999619314686007,0.7645689401264796,0.7732072743747399,0.6406204870085548,0.5876978574903202,0.5809579291422141,0.4974986492193004,0.7759704321207902,0.7729477587935735,0.7796303186991123,0.29921241260321385,0.9222349084768893,0.6857244961914783
2021-04-21,0.7900838870514454,0.7815150754566687,0.8008792046798859,0.7854389116246677,0.02827191654948976,0.767342600780004,0.7760222558288893,0.6442202831284962,0.6120588574661647,0.5897530726608704,0.5409341962334425,0.7804842565211209,0.7741882096004103,0.7825745013335357,0.2867115675073405,0.9311051402301116,0.5602224093770838
2021-04-22,0.7853357418170771,0.7759017642970689,0.795218432898457,0.7729082221540341,0.03430256171726609,0.7693996124709822,0.7779316381784706,0.5615879201116467,0.6209370301508357,0.598975739339162,0.5444373387988315,0.7825831273414289,0.7751133446337312,0.7841173887607529,0.2790409147289995,0.9209746554402649,0.5096318303057865
2021-04-23,0.7735987939054118,0.7739413972709952,0.789979774737292,0.775929954647197,0.02614128518825827,0.773374064551719,0.7799518434743892,0.5748687674654744,0.6293540487705069,0.6084268496783579,0.5463092156650807,0.7848970784776764,0.776081179697453,0.7857923746923394,0.2729311823419974,0.9293996388712569,0.5679723823964659
2021-04-26,0.7796911245187602,0.7681494071635255,0.7879516768903848,0.7634875267341731,0.026225062766161364,0.7756823912452383,0.7813830804158138,0.496784839624346,0.6256102004140931,0.6150656880087383,0.523265341766091,0.7841149156892405,0.7761226598510157,0.7854102017930749,0.2638829439627134,0.9209571480353329,0.5096611582591734
2021-04-27,0.7666995914822109,0.7547834345804472,0.7770517794799751,0.7551333251354283,0.027497811729665166,0.7791262252388723,0.7822570033425081,0.44870048572166726,0.6154753388851031,0.6178807044569045,0.49193278609945224,0.7810811183056604,0.7765497845727037,0.7840607518727485,0.2542431826798798,0.9122486847036821,0.5248019550908769
2021-04-28,0.7586361505181028,0.7484569361269999,0.7701232040176348,0.7444686933880066,0.03574353605719931,0.78104358538757,0.7824501395831908,0.3915988966917014,0.5987001819478935,0.6160012648985227,0.4534662181785172,0.7791855592372471,0.7756416995303838,0.7826310975458091,0.24416677477831725,0.9018170725490053,0.5157856162179549
2021-04-29,0.7500352519820924,0.7579023583759903,0.7714754031274264,0.7641986758467881,0.02868142135028008,0.7845898390712568,0.7835362306630228,0.49375527826418725,0.5999170494079077,0.6147974082348578,0.45900197253846964,0.7790305217926067,0.7756598924917973,0.782560321773669,0.2449359272811081,0.9107728804975352,0.6325512301379149
2021-04-30,0.7701939804405916,0.7585260375490235,0.7774744592544592,0.7511342797699837,0.04667550464261825,0.7850459292610535,0.784251843674208,0.42585392967805574,0.5903968010977582,0.6114896380885234,0.44176241788762244,0.7789975995342603,0.7755993391280175,0.7825131379255754,0.23844951797858208,0.8980567620880928,0.5069209619317168
2021-05-03,0.7652662985667126,0.7673474482411751,0.7825439888697262,0.7731746923774424,0.03002052215548314,0.7873914717585889,0.7858888938788972,0.525113811468263,0.5991409275543116,0.6109969603938501,0.4648294026126878,0.780831356122278,0.7753896135072867,0.7833529860162003,0.2412022541332188,0.9072924083970555,0.6410588081897666
2021-05-04,0.7762863432832477,0.7898910117544229,0.7956405903889024,0.7959259476337742,0.05405061238058344,0.788592166896528,0.7881908926806619,0.6075443471624369,0.622633083758074,0.6163885603886922,0.5130454189293111,0.7872687079146427,0.7728870785759107,0.7854195734815237,0.25039649051264057,0.9215497386774709,0.642474717179088
2021-05-05,0.8002083042812412,0.7947918424337723,0.8135535324063078,0.7897050401410041,0.03805110566296213,0.7890389651714799,0.7903187434779805,0.5742214084304116,0.6354854270892774,0.6238671668833385,0.5301464370588196,0.7914621007771799,0.7718304537248263,0.7870520858146801,0.24126987916955603,0.9106359025613473,0.5334258806845238
2021-05-06,0.7938471545027369,0.7902476642097849,0.8089065726851666,0.7956596306422369,0.022888034283125316,0.7914217555694559,0.7921647953099252,0.5955582077731523,0.6490699749972517,0.6331957088483208,0.5453048853049552,0.7966787772090497,0.7709561990164572,0.7893027065578606,0.2332451341085334,0.9183810384440203,0.57879529270487
2021-05-07,0.8073759618807667,0.8017420911218127,0.8223410771864968,0.8024137850455654,0.021455772811294016,0.7941954483194048,0.7942324821154892,0.6195487168991984,0.6636785067282285,0.6442563900193478,0.5594981060583076,0.8023572677945173,0.7719496018257431,0.7927234704634663,0.22343066445101176,0.9258268677319759,0.5816803184074824
2021-05-10,0.821711218894439,0.8226820701447517,0.8341704131308388,0.8181444156751608,0.041839192625428435,0.7999197493102358,0.7959233850982791,0.671401854644275,0.6857164361744328,0.6585325243269572,0.5858456629003376,0.8108602847017777,0.771332847979398,0.7967953633376157,0.23220675198463106,0.9375323186695044,0.614802933904395
2021-05-11,0.8284308678369677,0.8168011117051257,0.8261434819353927,0.8057911687109715,0.04090356463540668,0.8052252240599228,0.7968226620701379,0.5983443519071026,0.6920694294482892,0.6715180723555477,0.5752705452103519,0.8133093699218746,0.7776908781890505,0.8012305555717918,0.2354053236876836,0.9260223904302562,0.5112962367827641
2021-05-12,0.8095262748093383,0.8072668413485111,0.8233550864186926,0.7997477037246453,0.031121024418818186,0.8110146807921531,0.7978327619883333,0.5642106708751871,0.6908366489869094,0.6816028966777836,0.5515018944199899,0.8138190942812423,0.7849914244115471,0.8051372887073218,0.23004980905022973,0.9165567668501069,0.5342334488469738
2021-05-13,0.7954598962544263,0.815286222549487,0.8150746059318578,0.8153893066372767,0.03956781493331975,0.816375955175546,0.7996091447913506,0.6211444250972653,0.7000864211648034,0.6919488270077702,0.553641407915843,0.8164716289658914,0.7913001947273625,0.809652685348111,0.24622855645671313,0.9277875570251193,0.6145765947715144
2021-05-14,0.8358670922548986,0.8233947923980758,0.8421127959668872,0.8176998900178246,0.024682885112121203,0.8233474750713893,0.8019491582822794,0.6291868119323247,0.7073543771056388,0.7020155525178707,0.5513535920000028,0.8204274797940817,0.7947611855729358,0.8134178832096526,0.23784955117113174,0.9359077715510551,0.5650409483892674
2021-05-17,0.826190722441745,0.8258896277318717,0.8432956163594273,0.8192106030325353,0.024179549424079412,0.8281688875974714,0.8041530057007621,0.6347027833951044,0.7123814414383506,0.7113070184278173,0.5450010825667297,0.8240175189607449,0.7983349488557508,0.8170509500262404,0.2302940493052941,0.9439228015881598,0.5620963534152587
2021-05-18,0.8224280951931541,0.821256451946718,0.8367053712472806,0.8197441564068352,0.025006601673138763,0.8306634056485568,0.8063885238375904,0.6367698734007543,0.714855995380612,0.7193496341938442,0.5347679525049825,0.8281305074295892,0.7978434206617616,0.8189241243901118,0.22519100781836884,0.9521106647267528,0.5585129711912531
2021-05-19,0.8218005772609943,0.8104743503234453,0.824115234247747,0.8164554939946514,0.022914172887431083,0.833465022287677,0.8084372060283361,0.6128404904289007,0.7124097756079648,0.7251812620211676,0.5166510253044979,0.8312976591826905,0.7978741504879371,0.8205708081479883,0.2268661385567475,0.944360066533741,0.5445222149470901
2021-05-20,0.8220691899970437,0.8232161937178291,0.8380567641429914,0.8252537615551195,0.018352651325763414,0.8365644616481992,0.8110020210187655,0.6501669583437657,0.7152838013164311,0.7305543908247493,0.5128940652192739,0.8357082153030636,0.7988903398428692,0.8233498554492307,0.22268297103754411,0.9511574215430159,0.58883284170144
2021-05-21,0.8345231654500228,0.8334636876563624,0.848027336253596,0.8242764486828381,0.02940190852024669,0.8388541724156046,0.8140766575952251,0.6424512923722123,0.7148949668876784,0.7347571301699567,0.5033038452807536,0.8394487308400077,0.8001726033941684,0.8259165917043452,0.21846126131092417,0.9420510499120707,0.5529951762151231
2021-05-24,0.8402237547053598,0.8306041082757283,0.8476828489837004,0.8300894529354056,0.02064413563656884,0.8401051947469002,0.8172349122930748,0.667876258161956,0.7170932648233044,0.7386607272504173,0.5008526611118423,0.84295284747582,0.8036404207417313,0.8294525167398836,0.21138913280247826,0.9493272674610453,0.5777726518903288
2021-05-25,0.8381495633971937,0.8277341917889209,0.8474271465767921,0.8258856897905053,0.03572141877663289,0.842209725194106,0.8209273380690804,0.6320520385436308,0.7137125392654196,0.740950986308382,0.4876329022015002,0.8438953121183866,0.8101930061112351,0.8332087903460188,0.20153891203051663,0.9389002772612705,0.5412771322124192
2021-05-26,0.8321098691438676,0.8192169901343183,0.8350144766724036,0.8168542033226033,0.024205017807761957,0.8440013155040479,0.824158652162362,0.5587528264046548,0.7023455751398989,0.7399836921852442,0.46094037584229025,0.8402103461502161,0.8216942737513774,0.8370517683405987,0.1981661940680117,0.9308799249730666,0.5236358202876289
2021-05-27,0.8254380173094403,0.8200234944110512,0.8358643567739158,0.8145286032187121,0.040211896952238736,0.8439111726963037,0.8271582857516414,0.5404772945354248,0.6899262984504859,0.7361511877718848,0.4374627234619416,0.8383635629251746,0.8289529507143528,0.8397238059284238,0.19492105671066415,0.9195145378689369,0.548030943792337
2021-05-28,0.8277824473954866,0.827555354160675,0.8425813374682763,0.8184637508940121,0.02872498569078969,0.8439911730339579,0.8297123400136003,0.5636471529356273,0.6815623730292815,0.7310252832498176,0.42686454913436095,0.8314512985637287,0.8432466726114142,0.843298356638229,0.19654986978964137,0.9284794496680315,0.5710125553178661
2021-05-31,0.8277824473954866,0.827555354160675,0.8425813374682763,0.8184637508940121,0.02872498569078969,0.8439911730339579,0.8297123400136003,0.5636471529356273,0.6815623730292815,0.7310252832498176,0.42686454913436095,0.8314512985637287,0.8432466726114142,0.843298356638229,0.19654986978964137,0.9284794496680315,0.5565593718828475
2021-06-01,0.833461798193707,0.8202925598227064,0.8103579247734677,0.7851966520368537,0.0558528356364348,0.8404288390416798,0.8309386153780322,0.3463250953066252,0.6483154896841284,0.7187363842821853,0.36817067449302165,0.8290551460316326,0.8469978656568934,0.8439366076703017,0.22772332524852487,0.9138455000927193,0.4346921817968029
2021-06-02,0.7897374907135309,0.7891803086674987,0.8080625225158603,0.7911884778827033,0.03144071965609639,0.8374381584150158,0.83117829408965,0.3844810108811845,0.6256643789069108,0.7033266589876148,0.3425984936679878,0.829507388897008,0.846027333016587,0.843685093354525,0.22044238969562222,0.9233779319300892,0.5790024844203018
2021-06-03,0.7950565220907556,0.7929460534600179,0.8131638653330219,0.7897575986727056,0.02475727960129915,0.8346420463126688,0.8313321654093978,0.3764610774093639,0.6059552523652237,0.6861448362709577,0.32807785362915687,0.8295009128819483,0.8460396055664977,0.8436878837096793,0.2116436195518351,0.9152421708285736,0.5512214463491714
2021-06-04,0.8051535223565399,0.7967117598755964,0.8145239365967248,0.7891314932484123,0.029458877273220795,0.8308589049691796,0.8319101874114895,0.3727490496975325,0.5893847765529685,0.6683183350664781,0.3227953312656713,0.8301400202114283,0.8446857976009882,0.8433413020751406,0.20641711923639663,0.9061238941622749,0.554221421381453
2021-06-07,0.7960481449029894,0.7855042087728177,0.8039814311995891,0.779026311061464,0.021768095621716756,0.8261197876750918,0.8320205080813071,0.31437305572019175,0.5682882047193982,0.6488613860484569,0.30943537401531934,0.8323263167923648,0.8399423351927545,0.842099650977415,0.20145061953469753,0.8986127972687328,0.5188095281299382
2021-06-08,0.7895571575069561,0.7795866309358817,0.7822159819866622,0.7660595236863911,0.037746155279394865,0.8194138335941942,0.8321121462484219,0.24909057183231204,0.5417202323324836,0.6267525603768801,0.28770578633366883,0.8351258522229096,0.8315138709112034,0.8393344415598978,0.21834903397669167,0.8877626881065614,0.5077873940098737
2021-06-09,0.7779273528538849,0.7806625082923901,0.795734394172296,0.7857334232804415,0.023040174364597335,0.815208624270703,0.8332024029476469,0.3861416919143142,0.5358715653481376,0.607625066751973,0.3121349452198352,0.8353827032195787,0.8291155218762817,0.8382695671895986,0.22045502504270661,0.8955396174365908,0.6312155106599131
2021-06-10,0.7960481435214183,0.7968014845542502,0.8152042317625715,0.7990580070739494,0.029142533139058714,0.8133448009577958,0.8351473759562348,0.4622912372899654,0.5415173110328664,0.5937135286707519,0.3548747020551142,0.8353746026043273,0.8290505258217157,0.8382329508964486,0.2178820924578536,0.9045917861418664,0.6064501301931574
2021-06-11,0.8056945385620032,0.7923182838113165,0.800495381994545,0.7800993938530268,0.035354137875105725,0.8097389763105439,0.8357139056531865,0.3638576869308266,0.531671622264628,0.5801594626132561,0.3578038426970301,0.8350796562160244,0.8256015015257067,0.8363593941807048,0.2253425860143823,0.8942415484053134,0.4862063639483711
2021-06-14,0.7825252123878007,0.7777934782623113,0.7977748905032788,0.7837660792905977,0.018876093632501943,0.8061050351955749,0.836876550225976,0.3849514826342955,0.5269243341586248,0.5681470286730417,0.3704360404353363,0.8338968637257723,0.8232128664606994,0.8345578335090342,0.2175526338828276,0.9011482896806033,0.5703408437339254
2021-06-15,0.7891062064593645,0.781379676233797,0.8019408143180863,0.7758963968674809,0.019758103972665718,0.8051310050062878,0.8369735223513436,0.34610521286766754,0.5174946227498054,0.55621469449549,0.37109238122468996,0.8326580398955387,0.8198843663683136,0.8322582635910301,0.20930006761599676,0.8940572304461896,0.5270540046253872
2021-06-16,0.7852298700997823,0.7803936103574634,0.7942040055863694,0.7753599320876349,0.03266387229348156,0.8034732567858222,0.8362407718837049,0.34343267701293206,0.510053760272143,0.544836261794174,0.3756310729767063,0.8308670285897083,0.8170118558156941,0.8299018859469502,0.2106939474502537,0.8842691904968125,0.5545372734641213
2021-06-17,0.7797302692242501,0.7799450670822412,0.794373889607957,0.7824245342613055,0.025198954992004266,0.8027052535443401,0.8359813733591813,0.3894423436500956,0.510008576733766,0.5357223876506477,0.3941869600598205,0.828816956700044,0.8155078221478832,0.8280951675925743,0.21119569575052557,0.8924972506371294,0.5831977145025757
2021-06-18,0.771436375380142,0.7664065030977265,0.7798353455541899,0.7534503794978821,0.07290726961501186,0.7989683150036805,0.8344774919464054,0.2548261215186493,0.4884832571636949,0.523129946574727,0.3656834378229896,0.8272039397113603,0.8095353863313021,0.8242830950184958,0.22558646696341503,0.8742993536546217,0.44782953337551246
2021-06-21,0.766928417105288,0.7670337963325407,0.783746154914503,0.7700835458467842,0.03000845818426509,0.7980317252933803,0.8333255917235053,0.353738342756638,0.48489077665805014,0.5121712232524643,0.37907018909876344,0.8229927312893411,0.8081170103001544,0.8214059703943888,0.22592984824892445,0.8835324788972743,0.6202263245933124
2021-06-22,0.7754029642360011,0.7650612975991531,0.7925034408379751,0.7681162018569404,0.023544180273262348,0.7982471243970907,0.8315431270069839,0.3449470781782871,0.4813118737024453,0.5025228180664343,0.38980699044808353,0.8164936975072273,0.8082319059300184,0.8181157837208084,0.20904080058066019,0.875650225019174,0.5491144359052234
2021-06-23,0.7752226800633538,0.7619232952197514,0.7857017340489288,0.759263077286708,0.01594119752340075,0.7954748438898126,0.8298853688149329,0.3056017438748479,0.47257307153409345,0.49265186678220063,0.38798343845608513,0.8104900632639732,0.807341107178701,0.8145787604405299,0.19845278048880652,0.8693568031534618,0.5230118244361764
2021-06-24,0.771436348381943,0.7664960881745952,0.7884225998281772,0.765880702093109,0.016315180631160164,0.7920001331359682,0.8286787149919136,0.3463227902653279,0.471599830959231,0.484515412175059,0.4021959764253264,0.8052032289686334,0.8073750652040167,0.8118725552385684,0.19269664926919236,0.8757283780747904,0.5817884872931139
2021-06-25,0.7684610137096827,0.771696220430854,0.7891875381564898,0.7733924348659201,0.05930715272853518,0.791297702889402,0.8271824004840899,0.3910298002509916,0.4773984930209643,0.47943436616473256,0.4272321216467678,0.799349693791848,0.8090400763933953,0.8096886182889782,0.1909743823837344,0.8910841929702586,0.5850674773969436
2021-06-28,0.7819841949615131,0.7742965759236842,0.7945440434624603,0.771693399881935,0.023384667764934856,0.7900333123973707,0.8255432265232491,0.3820532283754052,0.4814657676172388,0.4763712340048461,0.4437669917314533,0.7906282174054974,0.813065235569402,0.8072055601479133,0.18552597825635067,0.8832352731911488,0.5501442738518061
2021-06-29,0.7780175128368861,0.7704411781313638,0.7936089028860377,0.7717828872945113,0.010955426307231815,0.7896024981417374,0.8238534154459355,0.38263485930028757,0.4854837875385425,0.47491030228704145,0.4568954888442878,0.7897392188706763,0.8125559158913066,0.8064934175826974,0.17684388823663652,0.8884867943745487,0.5568976436074863
2021-06-30,0.7780172968934714,0.7733998023868363,0.7958192183250808,0.7781320498631831,0.027055466118336834,0.7898928263480572,0.8223708098113692,0.42459521342113987,0.49415489888734554,0.47587711288254364,0.47678851041251363,0.7880220239942369,0.8129392066608859,0.8058002461784735,0.16957451052484798,0.8971028186081584,0.5805584024270132
2021-07-01,0.7846887374064703,0.7827245237871767,0.8039813662025451,0.7890421590677067,0.02818478786847054,0.7905859004869301,0.8213940949031174,0.4911761854546067,0.5098246112298592,0.4805097607615544,0.5068265337013651,0.7878910185597622,0.8129982964667254,0.8057622631807582,0.1637299159793155,0.9059548426602515,0.5976204754978232
2021-07-02,0.7962286815420409,0.8122234371389585,0.8125687590913754,0.8160492763050279,0.0465468222829591,0.7971419803143965,0.8210661465527799,0.6203744797973714,0.5429815833408959,0.4923819107165417,0.5661473150508703,0.7952903676773467,0.8082259371188304,0.8071913399123152,0.1841152339580703,0.9186440696957185,0.6574557045403996
2021-07-05,0.7962286815420409,0.8122234371389585,0.8125687590913754,0.8160492763050279,0.0465468222829591,0.7971419803143965,0.8210661465527799,0.6203744797973714,0.5429815833408959,0.4923819107165417,0.5661473150508703,0.7952903676773467,0.8082259371188304,0.8071913399123152,0.1841152339580703,0.9186440696957185,0.5565593718828475
2021-07-06,0.8132674310352394,0.8082779873270896,0.824046438176362,0.807016870445901,0.026698908746781262,0.8010100648448873,0.8204512017669999,0.5607700888322951,0.562185976625209,0.5066093654370024,0.5854467803369898,0.7997973092141638,0.8065523131094893,0.8086773708025803,0.18413835410408272,0.9101025569774992,0.5234181383851981
2021-07-07,0.8093909932683038,0.8140165574743983,0.8282126556437522,0.8198946301040101,0.028005838962069533,0.8064329001701543,0.8200879684911894,0.614833542716793,0.5868221418947084,0.5240588224903648,0.6118480015662646,0.807069981663021,0.8047735507743422,0.8115354998602566,0.18449920461658617,0.9189171852126574,0.6040939018774931
2021-07-08,0.8203896386537267,0.8136578334916762,0.8290627947509867,0.8169433842714381,0.024400052009120356,0.8124738484352599,0.8197693613922029,0.5949224756844309,0.6034534480460526,0.5421144127033168,0.6168146819057887,0.8121222309774606,0.80287964108755,0.8131924501726668,0.18324932058752338,0.910856075685772,0.5457582994845852
2021-07-09,0.8264303203067086,0.8218172984722028,0.8431768003816279,0.8229353633491584,0.026849038166383607,0.8184492718500863,0.8199860281959038,0.6205229864303583,0.6203920551702294,0.5607305927561068,0.6214081783875621,0.8168003627043746,0.8005918948766401,0.8144601093328674,0.1754095812341336,0.9194289616736295,0.5785318290342728
2021-07-12,0.8296756507391699,0.8290796293581877,0.8372249719550228,0.8205205822964324,0.03837415200335646,0.8233850760324976,0.820199517554668,0.6027536080020173,0.6310159570819621,0.5782400338351031,0.6123395131690995,0.821875891288638,0.7996536542187135,0.8166060876901811,0.18341298928139113,0.908447617004088,0.547739374670592
2021-07-13,0.8228237312378693,0.8163474632269483,0.8383300382444235,0.8186424192554235,0.01726689391613931,0.8283021198548849,0.8202058833635962,0.5884033503926887,0.6369774955156128,0.5937158182177362,0.5956756455496343,0.8259505506972392,0.7991584563439299,0.8184576876462692,0.17329686724872992,0.9018771579627318,0.5496884441914842
2021-07-14,0.8321096763406338,0.8259413972756193,0.8414759019415073,0.8289265762675245,0.027130530828138003,0.8342868672809806,0.8217639451261155,0.6372378003956252,0.6484229796863695,0.608915285324013,0.5934114902856669,0.8317305560971376,0.798834346475085,0.8212730827808359,0.17182828608672032,0.9105088688311609,0.5942288240176173
2021-07-15,0.8257991433892738,0.8176030335905258,0.8302532969674968,0.8105942217027663,0.030441420706868283,0.8376866810286397,0.822455356052414,0.5054761195494129,0.6423769147635718,0.6195858099679176,0.5563011472350883,0.8337855180051362,0.8004613183324635,0.8231436864385011,0.18076647844904334,0.9011852653198196,0.4898636047897382
2021-07-16,0.8171441113050267,0.8103402891702773,0.8322085739746449,0.8081795938819111,0.02493220718396081,0.8396909743426478,0.8231117168129171,0.48980498026526015,0.6347424589944144,0.6262419853939587,0.5234074026495796,0.8353727615378465,0.8015627276261365,0.8245110336805184,0.1714054871044188,0.8930129487568061,0.5476676469174346
2021-07-19,0.800375481204065,0.8022708208239504,0.8098479414313257,0.7972694846773875,0.040915628606624725,0.8377241375558385,0.8234016668526728,0.4217272104050866,0.6195209579349009,0.6278181135988912,0.48178128426658223,0.833988344336117,0.8076518152268654,0.8268374089053276,0.18229872034829472,0.8815004994512479,0.5163190037384445
2021-07-20,0.8041619825602201,0.8257620991122943,0.8227712040471077,0.8113095080758942,0.052196111916120544,0.8381737121714953,0.8245518910006667,0.5010029016830524,0.6174115073353874,0.6285594922356882,0.47494131155944413,0.8349813351652008,0.81101188500365,0.8290261130506045,0.20486722748293837,0.8953702858160888,0.6087225574774277
2021-07-21,0.8257992270204709,0.8157203055967188,0.8282128063327366,0.8206102229408797,0.03666307875226367,0.8382486573223168,0.8264954882083545,0.5476961259518742,0.6220122489244426,0.6302856841772626,0.4830109127709195,0.83653273999961,0.8149941865542801,0.8318130433085371,0.2058984976786666,0.9059940592472993,0.5907924447815855
2021-07-22,0.8263401103267575,0.8280935957831366,0.8381603189079038,0.8249920415197077,0.021225887137527925,0.8390916057146208,0.8278942409618536,0.5688860995397269,0.6280950960784522,0.6331647456465956,0.4924575736687207,0.8367380654255626,0.8217731356275667,0.8353026224160431,0.20923362835897333,0.9133918482161214,0.5725885330220992
2021-07-23,0.8411249556181052,0.8380454852429742,0.852868811760679,0.8411779240375986,0.019436398073517838,0.8410021774695716,0.8293949394701653,0.640117824146105,0.6442034125045561,0.6394352153918996,0.5202469142469033,0.8398317520500395,0.8265892871796064,0.839300184459153,0.20983920089276423,0.9204156790155964,0.6155983825296132
2021-07-26,0.8485178004351429,0.837687061371091,0.8569499702008859,0.8418935168744682,0.015884228770426646,0.8432405981508896,0.8315966139967498,0.6430719012937594,0.6562745884915565,0.6474245286703089,0.5343311897027666,0.8428192187057798,0.8307922197292125,0.8429369364969794,0.19998654434502125,0.9266971958459549,0.5591420407787793
2021-07-27,0.848337092317805,0.8428870727144249,0.8553341973926286,0.8489579658162681,0.03333945468169212,0.8464155924942961,0.8339193480835133,0.6724627720217489,0.6698501643822525,0.6571594263980163,0.5486345813389855,0.8457834243773285,0.8359512243274049,0.8470389456824463,0.19955499605095164,0.9366264155087034,0.5820440287760104
2021-07-28,0.8567217549282647,0.848805170930963,0.8673226857319055,0.8446657878818874,0.024367881419205574,0.8480639846070682,0.836369545756075,0.6374207161979191,0.6758547290846625,0.6664261727811056,0.5447985297347295,0.8461306949681339,0.843344582674341,0.8509083303616662,0.19066339794915135,0.9285720288253119,0.5411463910551235
2021-07-29,0.8568119968479085,0.8484464490117307,0.8589054865373439,0.8446657878818874,0.014069271322734016,0.8516323527271216,0.8388388572340032,0.6374207161979191,0.6791075838725602,0.6746406959695262,0.5361765690795973,0.8460051778802419,0.8505505180891898,0.8544406352571354,0.19316199531560277,0.9344742652352238,0.5565593718828475
2021-07-30,0.8550088926625806,0.8452187189967508,0.8652821955836337,0.8448447627070402,0.021658179439507895,0.8554723528863201,0.8410628393894727,0.6383248203811553,0.6803029234030359,0.6815067075187489,0.5251268085772023,0.8465581464514876,0.8559149879060574,0.8574032195923154,0.18291561142080306,0.9419623924134952,0.5572038524267174
2021-08-02,0.8543779383307014,0.8439635169858335,0.8606911264041587,0.8454708681313335,0.010767764532728883,0.8605205587467516,0.844341454827996,0.6417021495918389,0.6802110264981982,0.6869768840210033,0.5136892781017374,0.8491922314763541,0.8563261416520117,0.8589652246131567,0.1779295136482936,0.9471746970098471,0.5588136881911596
2021-08-03,0.8567215605201822,0.8588470003450408,0.8703832906117995,0.8644290216566434,0.02625991423856905,0.8660838480249072,0.8477029076754939,0.7315364831931732,0.6929857872205721,0.6944992443665048,0.5305049579339485,0.855226667577902,0.8562055472697933,0.8620132605242627,0.18111078669750788,0.9556244709262229,0.6247911804637253
2021-08-04,0.8699742392899908,0.8596539684280962,0.8773550513409986,0.8552181006679761,0.017949848731205337,0.8697083848875463,0.8508062777445674,0.6453758018771194,0.6943766573658849,0.700859681702938,0.5209841124334506,0.8587095484013999,0.8563685538498548,0.8638885988370297,0.17387625213143718,0.9489112915198612,0.5238115752862937
2021-08-05,0.8668192307619565,0.8530194112645295,0.870213532141033,0.8581694997324189,0.014584670981993854,0.8731831116896028,0.8543302334246047,0.659677230428688,0.6960374069261859,0.7063570476134069,0.5139120692443864,0.8622390745193812,0.8571112231177574,0.8660773111174529,0.16829065952813269,0.9549212334849146,0.5671148916958574
2021-08-06,0.8676306208622434,0.8538263683624723,0.8704686226651491,0.8529827541360154,0.016528981009968857,0.8744194499067656,0.8574336089532056,0.611534141546443,0.6917315335890821,0.7096944726416077,0.4962134237491286,0.8645503046039561,0.8579220854749133,0.8676725400754692,0.16378328113558285,0.9485049796661995,0.5380445032967842
2021-08-09,0.8656471149850605,0.85660573887211,0.8745495278428538,0.8583483213257009,0.012300559098043893,0.8761427871703594,0.8604605183412878,0.6404195921835654,0.690786266161977,0.7121316084230788,0.48883641618754753,0.8673935864204728,0.8590114354722646,0.8696808310829589,0.15767327811927798,0.9540375997431874,0.5757767430136873
2021-08-10,0.8614997459655208,0.8553502559860211,0.8732740373583613,0.858884632873676,0.010478229223495788,0.8771824224509864,0.8635670713148252,0.6433432026794361,0.6888298291143641,0.713599477910411,0.4808942078283769,0.8698341583194796,0.8607731358818277,0.8718173075894842,0.15211285123645654,0.9591893987480944,0.5584735962457239
2021-08-11,0.8704249130771123,0.8585779538362697,0.8799056137077558,0.8591527886476636,0.014117527207606199,0.8786996685739271,0.8666799900972907,0.6449034405717455,0.6859005140830448,0.7140523300830769,0.47257711370265193,0.872227236907784,0.8615185590264082,0.8734220302631426,0.1421947248108608,0.9651017194232472,0.5575161537430234
2021-08-12,0.8665484488399239,0.8659301962744264,0.8801607493700282,0.8716725986554671,0.01464767172057698,0.8815281338720035,0.8700127640474485,0.7125158535275007,0.6915146978220506,0.7157972954377383,0.483164742899183,0.8753799734762381,0.8647614853915259,0.8766647076827805,0.1419286874278242,0.9711248269568096,0.6012224429805283
2021-08-13,0.8798008213024956,0.8748962082048108,0.8931689513601043,0.8810623412374164,0.025248551318122897,0.8853212572034609,0.8732913685669174,0.7550735094243122,0.7013896173609321,0.7196253023850436,0.5002332724143839,0.8791950357876769,0.8685764595900408,0.8805340842268541,0.13568144369795884,0.9793632514808464,0.5897885953302289
2021-08-16,0.8911602823186723,0.8892420587522614,0.9002257574391547,0.895281186229205,0.017880816007013182,0.8905379692916496,0.8761143373096273,0.8089661433971915,0.7181449648008555,0.7268142818976134,0.5277732215121737,0.8829586172020182,0.8751172293671291,0.8857375678054777,0.1385977826052359,0.986062004785544,0.6065784665682952
2021-08-17,0.8980122300679184,0.9037674528303767,0.9117890038267477,0.9098581341031703,0.02631956387403605,0.895295830897549,0.8797784881933189,0.8534242232404894,0.7403710375082996,0.7380393915530247,0.5608454399035665,0.8915788316408885,0.8767036109255525,0.8909695569364668,0.14424925893902305,0.9945242439742312,0.6073797388449427
2021-08-18,0.9177558020947706,0.9036776923642775,0.9102585358968184,0.88946864167225,0.033639713520896806,0.8988829433294138,0.8822573538441664,0.6653991604075087,0.7401665707766636,0.7469691223932363,0.5420370103483654,0.8941585981498194,0.8813652495288667,0.8946252801352856,0.1514216348483243,0.9845322777722065,0.486120060272155
2021-08-19,0.8917916155467248,0.9021536399474062,0.9012464144778246,0.9018097833186424,0.02345839203348958,0.9034534581064712,0.8852810748682572,0.7122778451589531,0.7471619701166712,0.7558357619821946,0.5415200380094685,0.8988611663092786,0.8846829376879378,0.8987035672343662,0.168157539616728,0.9923966040676564,0.5997427603401455
2021-08-20,0.9122565201568119,0.9074435608815701,0.91825070249393,0.9095898250973119,0.022209771012421865,0.9093820046935565,0.8883685031173737,0.7391978206088656,0.756266621922253,0.7651714037000804,0.545363060975769,0.9057642660996533,0.884835895691935,0.9023355846170911,0.16773512406373783,1.0,0.5835724428757213
2021-08-23,0.9173057949464923,0.908100566306058,0.9227144101761452,0.9026631316074062,0.029133150050333567,0.9140231637005748,0.8912951755827138,0.6819656193728652,0.7557896590611144,0.772522448754069,0.5291011933044182,0.9099907257922305,0.8869380221116497,0.9055618697170897,0.16222875051731553,0.9909497921240769,0.5326258137671008
2021-08-24,0.9046092203619208,0.8925872183119441,0.9033852815443867,0.8826922686476483,0.024261316340112832,0.9165165744250202,0.8935772198118955,0.5392725495865005,0.7379390316792331,0.7740069609195428,0.4810305786258079,0.9109792790690611,0.88950587069771,0.9073528384283776,0.16782096497021734,0.9829176748597586,0.4872556040299977
2021-08-25,0.8928193529433434,0.8807714820018304,0.891496859339404,0.8722568717790181,0.024030090225100297,0.9178889854331501,0.8951210431270015,0.47622823620423643,0.7138966518016636,0.7692733172151831,0.43007875060222556,0.9106207304199839,0.8928103933355224,0.9088176609924388,0.16936923916458516,0.9749338780330528,0.5198876250714516
2021-08-26,0.8770395346551784,0.8701288632304487,0.8843128331874687,0.863891024558089,0.019548324917596373,0.9170740090746542,0.8970199650221183,0.42915465609909126,0.6868434552964293,0.758823632858769,0.38324127557329923,0.9098180979433926,0.8956833827476908,0.9098383371133087,0.16693489449702528,0.9678866573405887,0.5269646332421272
2021-08-27,0.8800326725122881,0.8661606618231872,0.8817473383436426,0.8605628283232257,0.033049919372459026,0.9149270632026901,0.8988863372149808,0.4107434578285611,0.6615522691987156,0.7442350709483239,0.34932714061783227,0.9089046623604694,0.8982976916109239,0.9106728160074264,0.16308005965640734,0.958017943269285,0.5447224767638853
2021-08-30,0.8665194005961233,0.8661601928491964,0.8820034680042929,0.8671294269166337,0.007625770251051241,0.9119786856632991,0.9013753903439238,0.4493125343928785,0.6454184097175825,0.7285907100044173,0.3406758793907929,0.9078369439429427,0.9017030236867488,0.9118226782503178,0.1591589254093291,0.9625736501510678,0.5799637707603424
2021-08-31,0.8728679129707652,0.8680544595890383,0.879437754378959,0.8623617704870054,0.03345674329075645,0.9070043176270496,0.9031943410819424,0.4206818616947377,0.6280649224137393,0.711801335017541,0.3312935866623279,0.9078696302096266,0.9014494258225602,0.9117129269926232,0.16132609402640166,0.9526199201214145,0.5396381149435353
2021-09-01,0.8675170382433571,0.8612898173186196,0.8758455595204749,0.8678491570140164,0.021530837521095192,0.9047400753723541,0.9048774260215205,0.4544455016833157,0.6177149066027912,0.6958207917551625,0.33792118747989186,0.9075117021215361,0.9031621848462424,0.9123835152309321,0.15958025470220868,0.9600814360441892,0.5760946972991366
2021-09-02,0.8805765132474667,0.8743680876291666,0.8916682422896117,0.8785542419753428,0.016282339820622153,0.9023044863563477,0.9067858038180637,0.5160308888513667,0.6169187679736091,0.682840280940734,0.3625035782325376,0.907585910306877,0.9052536971720809,0.9134657500032715,0.155339839029188,0.9664461480627846,0.5945361178135785
2021-09-03,0.8874687267867513,0.8746383748240585,0.890812652984509,0.8795435069335505,0.013283772752314607,0.8991576887217193,0.9081527384459777,0.5215633586206332,0.616263770466445,0.6722945568844724,0.3824543222751676,0.9071199601090895,0.9085594617544429,0.9148758718441292,0.1509466581342672,0.9721842350440542,0.5600449576068938
2021-09-06,0.8874687267867513,0.8746383748240585,0.890812652984509,0.8795435069335505,0.013283772752314607,0.8991576887217193,0.9081527384459777,0.5215633586206332,0.616263770466445,0.6722945568844724,0.3824543222751676,0.9071199601090895,0.9085594617544429,0.9148758718441292,0.1509466581342672,0.9721842350440542,0.5565593718828475
2021-09-07,0.8806668863784451,0.872924544072984,0.872509776011739,0.8550748288687312,0.03180196857201453,0.8941736917581694,0.9086223779104728,0.37007517666500395,0.5964596426818803,0.6589805378725553,0.35977079818028307,0.9073815619473279,0.9079413551904115,0.914702080715367,0.16918868567974024,0.9625763112766175,0.47040035844084577
2021-09-08,0.8559086650612032,0.85443486054752,0.8674638448707183,0.8512965906291815,0.017069178832288014,0.8908855735671951,0.9087057012173839,0.35029669502342914,0.5775373388714165,0.6436690620299528,0.3434035537669752,0.9080280252739666,0.9064672269799828,0.9142992282744036,0.1693865299443799,0.956047169710901,0.54304545739723
2021-09-09,0.852009149451925,0.840905813302105,0.8385557545174137,0.8168427109322894,0.03350902049936798,0.885081962311833,0.9077143875329116,0.20555589423465714,0.5363055083235085,0.6212651412852925,0.2852877650217066,0.9144381798422724,0.8953526458861111,0.9120529679695986,0.1957636207741639,0.9460825150605701,0.4330244441958021
2021-09-10,0.8280670178284829,0.8193493414801907,0.8314569235221286,0.8069471499446642,0.03072559425111558,0.8791181417544037,0.9063705030296064,0.17343780756009736,0.4966509005095433,0.5935757093395758,0.24197806623473195,0.9207483965662212,0.8819571283123274,0.9086166659347068,0.19770764195258886,0.9366995264316995,0.5202701484501873
2021-09-13,0.8223536100148189,0.8106005818355619,0.8165753905723817,0.7964221124315868,0.02787179483742458,0.8724005848161093,0.9046452432409987,0.14154351683802574,0.45820751010608024,0.5619561718992723,0.20977461822433374,0.9260059016428327,0.8675297874156461,0.9041230796209418,0.20828178606924877,0.9279129100444323,0.5177074327748555
2021-09-14,0.8085688104435625,0.7963499523902322,0.8112726843963692,0.787426328989593,0.02107642793854881,0.8640531554018837,0.9025771633494634,0.11594541430726402,0.42230855629104586,0.5278192040788549,0.18914668890349223,0.9286289417260706,0.8533518470014175,0.8983970186543908,0.207167821801761,0.9205463542860088,0.5231181658155991
2021-09-15,0.795872276869059,0.7911187699492905,0.8095621294808245,0.793003662624793,0.039009521154173527,0.8567891728875022,0.9000323356887808,0.15641698703939816,0.3998414925739866,0.49497635154784503,0.1997507234514953,0.9255435655411864,0.844107161140265,0.8921931642798697,0.20180593341251465,0.9316604751145543,0.5774185343467061
2021-09-16,0.8017667817246149,0.7956282123091283,0.8085356009212356,0.791204260765401,0.023796183227594858,0.8487620336917131,0.8977515744485342,0.1505886750516789,0.3825711359485642,0.46444865704712046,0.21872122471840416,0.9243805586369062,0.8348560187923567,0.8869762658451243,0.2038878150535112,0.9237255589624187,0.5498548529199005
2021-09-17,0.7895238528313989,0.7816481803173647,0.8031474382339788,0.7869762869849063,0.07576777123493511,0.839170932027364,0.8952150179718362,0.1365200078389362,0.36773108581468184,0.43637163456963046,0.23880213328421035,0.9200116891175641,0.8271507000233941,0.8808797059141387,0.1988739287323046,0.9049298891459132,0.5407869926451354
2021-09-20,0.7820874048997363,0.7839933434136204,0.7912593505545163,0.7785203394239172,0.034555905112845044,0.8285906185650181,0.8925619824784331,0.10916376362779201,0.35176440847503304,0.4099776794582807,0.2525932573388052,0.9130098019049823,0.8204355245556451,0.8739211702948018,0.20947876234847682,0.8947464619635521,0.5249246238017305
2021-09-21,0.7923353150817941,0.791298986049503,0.808963440014366,0.7849972973728779,0.030486325488624344,0.8212512896945107,0.889948544937135,0.16289470766726616,0.3463985796233013,0.38754099758722327,0.2850193189883512,0.9048400102229669,0.8163510838051046,0.8676742403210298,0.2098735999909799,0.9040794494439368,0.580929518827333
2021-09-22,0.79904604952629,0.7910280697623486,0.803745967438588,0.7795993982584432,0.023740554915867206,0.8137423312213942,0.8871236762788964,0.14337386054011414,0.34041223432788986,0.36811731103784995,0.30970792806794667,0.899653548560677,0.8107381405704809,0.8622009952936511,0.2119485003092206,0.8961561582086759,0.5363381609073188
2021-09-23,0.7904306893745968,0.7894049031355252,0.8081935197379958,0.787965858406856,0.01731179869789537,0.810718013542027,0.884587343642821,0.21259782903332708,0.3444251435441406,0.3535666771235831,0.3496379241972427,0.894579379877474,0.8070090574734775,0.8577259489781284,0.20840929170731334,0.9027360012190755,0.5880159095088665
2021-09-24,0.79360483165954,0.7883224313961559,0.8059698199837594,0.7834678900699236,0.015310519916946258,0.8082589941362562,0.8814446813551756,0.19379992711825628,0.3464903906685143,0.3424348073107372,0.3776514195478298,0.8902413774962578,0.8029317152909453,0.8534562500235665,0.20421128667048147,0.8965743750976913,0.5397431428968914
2021-09-27,0.7868030986273803,0.7766874379911348,0.7970750609383884,0.7727628051085974,0.02453409613376531,0.8057811180811884,0.8775860566465931,0.15163646218273397,0.34230846300015505,0.33249936959511434,0.3874550339530822,0.8861776644132185,0.7977867442269965,0.8487949088595366,0.19746604460864856,0.8884852537229146,0.5164152914521615
2021-09-28,0.7786413522338617,0.7726289916968097,0.7878383783626591,0.7695245559819232,0.0368319743493163,0.8039062375500979,0.8731054498214347,0.13949035896520645,0.3389307609775638,0.32371914546457226,0.3969209021541501,0.87998124267575,0.7937996596266997,0.8436130240941351,0.19837736964989758,0.8778261853633613,0.5443273716037407
2021-09-29,0.7777341980364118,0.7793933473280272,0.7964763644799498,0.7804093819277566,0.020168278994079268,0.8025872189438491,0.8684932956839958,0.23323690466425967,0.34691032089848195,0.31866020407942963,0.4274132478656121,0.8730183355750397,0.7922682726025397,0.8392621363802677,0.1962626629336268,0.885002960852322,0.5977660757159917
2021-09-30,0.7926072575872082,0.7860675955798542,0.7847591868754776,0.7577397992585876,0.03255529655251915,0.7990824338404027,0.8637999037791054,0.14517684891539678,0.33830231282092615,0.3124930363274967,0.4183323948870249,0.8647417856516809,0.789097688328796,0.8334163830073378,0.21832846305825462,0.875237610499737,0.4713721955554673
2021-10-01,0.7644031809338397,0.7545000470143517,0.7608974551146829,0.7484744809557685,0.04325201769918621,0.7950500798101662,0.8583366912156501,0.1153941474991187,0.3269411091661055,0.304761219468195,0.4055115949738761,0.852071100173084,0.7883373353425723,0.826510392297455,0.23073244438926419,0.8632369146854353,0.521199120646959
2021-10-04,0.750436766433129,0.7463823549600792,0.752772162714224,0.7372294068815667,0.043603213305755985,0.7907256162220592,0.852195629191914,0.08228578503517103,0.3120539897167521,0.2949093066846478,0.3881394407231742,0.8366421895040478,0.7891219343663037,0.8189548752428348,0.24281987714005523,0.8511628278296588,0.5133681119006805
2021-10-05,0.7492576505898091,0.7473743887223083,0.7654300166613918,0.7404678092401117,0.02020111980461728,0.7860619736697948,0.8464167412956761,0.1094595551159841,0.30553549300577654,0.2854223750271372,0.39113011126198816,0.8252698481653723,0.7886674920875559,0.8128703390579668,0.23844180192479733,0.8583464662213529,0.5690954207184312
2021-10-06,0.7493488248513637,0.7369123706114795,0.7542265036708474,0.7434369832015731,0.03483605733335299,0.7822746276947176,0.8414551883248139,0.1349597026589771,0.3054441359756203,0.27781032992649995,0.406493009749784,0.8113703987080533,0.7915383822109375,0.8071440259018827,0.23608465280356108,0.8685884381658067,0.5680272930978146
2021-10-07,0.7507087714354527,0.7609035601790055,0.7728710018690054,0.7563004922956932,0.021408857367668288,0.7789582646503287,0.8373237564924562,0.23903383759407276,0.31787759592668163,0.2747828560712222,0.4440591773636685,0.8049272785221077,0.7917477835432302,0.8039298133588793,0.24061440256929065,0.8760244633070002,0.6061399044765896
2021-10-08,0.7624986379201569,0.751884339563686,0.7748382648971869,0.7526123543962032,0.014934526147317174,0.7757267164072444,0.8333589876525035,0.2231528838024343,0.3274555756793558,0.2747197801328756,0.46834957728588655,0.8000863555008345,0.7909641101073929,0.8010451555893698,0.22956072600121016,0.8699414104189507,0.5424699681163659
2021-10-11,0.7583267911760186,0.7540489841273486,0.7721868896369034,0.7464951848799984,0.01331527312160617,0.7729756676846636,0.8292948499546625,0.19709808070590323,0.3328488563219544,0.2759975981009818,0.4793369177690837,0.7971595218639856,0.7886741268569851,0.7983945134361115,0.22556027859938235,0.8641967406534268,0.533131061224144
2021-10-12,0.7505274389750302,0.7389864038451688,0.7499497876062539,0.7234658137780735,0.030639135790719585,0.7681518639749686,0.8241762318405338,0.11448162701565595,0.3221025092489463,0.2743731991548526,0.4555560315711936,0.797881048626761,0.7811268606698577,0.794998822051165,0.23323407658879822,0.8548318196664461,0.46798430089856674
2021-10-13,0.7307572013691651,0.738084574149344,0.7534564515862275,0.7370495126651887,0.03207809946878313,0.7636107174261776,0.8197114576447845,0.2173752730515472,0.32654326023895275,0.27416736590571616,0.46717981793910646,0.7948018418796475,0.7783530639955846,0.792028192056371,0.23443768946422025,0.8644974478405386,0.6096528733125971
2021-10-14,0.7478976958831588,0.7476452949984482,0.7692791487705563,0.7452359253653528,0.016516246818127592,0.7623011672651073,0.8153428475643504,0.2738211137252345,0.3387473336929734,0.27700836730806966,0.49214570789566836,0.7909094803486497,0.7774804252288913,0.7895877132706377,0.2304307364536851,0.8709110405337042,0.5882534447731378
2021-10-15,0.7598685095371177,0.7536881422901089,0.7762066786359422,0.755940857094808,0.03219404763660101,0.763083132451175,0.810974232024389,0.342571627541211,0.3588007794917347,0.2842200112341604,0.5279589346599534,0.787375094272026,0.7778266349943438,0.7879400288897753,0.22397631620402966,0.8806008989562224,0.5977684468368628
2021-10-18,0.7527947578713364,0.7453903257105947,0.7658578825215107,0.7453257192416708,0.035860824666263634,0.7639310718374627,0.8061921610162249,0.29448200890707815,0.3686399546473236,0.29241255776898734,0.5359964914652882,0.7849874693309103,0.7767598694635119,0.786177712163485,0.222538555665066,0.8701447764346408,0.5159974309345023
2021-10-19,0.7586894258456994,0.783812870311321,0.7789434035479609,0.7790600220730509,0.05339245572857673,0.7679728943128777,0.8034838150509104,0.4731325723514494,0.4039290776879475,0.30765774130382206,0.5937860926041838,0.7838480171096042,0.7773041763821834,0.7858624996527819,0.25457146743722436,0.8842645685419104,0.6864128625893615
2021-10-20,0.7866219080887994,0.7802052299454607,0.8005817804564591,0.7782504980993502,0.026060188492848073,0.7716189678762454,0.8008812419691035,0.46908614153088296,0.43261187563597736,0.32691800228303064,0.6266858043080308,0.7836092280634769,0.7774071128591845,0.7857908859605807,0.24400141097969544,0.8758565322788927,0.553514578958461
2021-10-21,0.7895239003806346,0.7769580953027737,0.7922000422950087,0.7748318950606855,0.016146955254730748,0.7735597905111319,0.799384430644288,0.45122222465434997,0.45381729542528493,0.3475487666305439,0.6379157659541147,0.7810160093316808,0.7786861143908058,0.7850935981723677,0.24124713886277252,0.8695201122266674,0.5436942093201262
2021-10-22,0.7782785273089673,0.7739818595159689,0.7980161191755851,0.7777108154502163,0.014673810324882743,0.7761883913748756,0.7983427637387671,0.4659760374633581,0.4736888284414419,0.3689474187053824,0.64420786995458,0.779857466538196,0.7792692864553415,0.7847879525936232,0.22718715873328352,0.8755486820705685,0.5674187543262373
2021-10-25,0.784263967817591,0.7762366062075761,0.7873251483467713,0.7809492178087613,0.03083349977145476,0.7797968158324985,0.797791477042267,0.483028315317289,0.4925609017393475,0.39071423002686945,0.6472245821459764,0.781311227195577,0.7786398633248505,0.7852225727805875,0.23121413435878527,0.8849542202369913,0.5687508544471096
2021-10-26,0.7918818291939941,0.7917499739048734,0.8073383971959761,0.7959722236587711,0.032332783305608535,0.7873905249140712,0.798095960343915,0.5568083825084655,0.519353723709498,0.414726322395518,0.6656225085045909,0.7865492144849738,0.7760477836340528,0.7866266908835327,0.22789268608801003,0.8946730709220772,0.6129917911994863
2021-10-27,0.8020390973380743,0.7893147713971562,0.8010094270030527,0.7778907096665942,0.03286694914231866,0.791667886999467,0.7975574980772365,0.451614830511707,0.5269926431020374,0.4358173398985312,0.6416870994679811,0.7861251837805848,0.7762174535130212,0.7864929734850652,0.23016107002388023,0.8848425930231449,0.4893223066440355
2021-10-28,0.784717726060791,0.7842641607951695,0.7925425626041399,0.7698846508784208,0.027907316530455493,0.7942493863604995,0.7967978976539308,0.4102845022927321,0.5271632339992334,0.45273216770911895,0.6074672272974196,0.7871348970946411,0.7764672497697657,0.7871377489044085,0.23716438125973957,0.8760485534961866,0.5264229667116255
2021-10-29,0.7718394861647192,0.7666760006843163,0.7779170824227221,0.7701541857392461,0.04297387614054794,0.7957379703765087,0.7961985398188284,0.4117935597676688,0.5277437919393736,0.4664070120881347,0.5809186681971901,0.7883043524881205,0.7775663211931697,0.7882887337974787,0.24093433233686426,0.8879911247261141,0.557579499645176
2021-11-01,0.7791854764644573,0.7732602877467001,0.7675684054934006,0.7714137517176335,0.02500928255563166,0.7984702105944296,0.7959453378578841,0.41929476375472624,0.5293882121237465,0.477751881968682,0.5618267601732635,0.7889468532248917,0.7805391224700656,0.7901035954332234,0.26652862329020033,0.896179548101665,0.5613256639139803
2021-11-02,0.7840827313064244,0.8003186035781704,0.7981871493837017,0.7945330699277474,0.04246316802565068,0.800090726962667,0.7962850897064225,0.5413404840408942,0.5483913819093886,0.49150795450185447,0.581584255073412,0.7932223132692168,0.7818776223089926,0.7929739434805267,0.2836894316718912,0.9080153941911271,0.6439694638201456
2021-11-03,0.7962349266805165,0.7894050119478615,0.802035669923128,0.7897651070343773,0.03084958506641216,0.8012966698659848,0.7966472856720305,0.5118918450873033,0.5596723953149411,0.5052911456109606,0.5818064658134031,0.7960106519200086,0.7839277539955883,0.7954335235895915,0.28071977051647945,0.8986064946029573,0.5388123206759
2021-11-04,0.7953280967482764,0.7823698647583865,0.7955356517079605,0.7856270803620716,0.04094712897591629,0.8024272664131765,0.7965639569055921,0.48622491753049707,0.5652514783209336,0.517691737365916,0.5704773891558113,0.7981551956716911,0.7848339543880724,0.7969904848197744,0.27853153242773343,0.8870874625131444,0.5411075769654018
2021-11-05,0.773018304924962,0.7788522091330545,0.7915157893366821,0.7751017363852525,0.027485747758447122,0.8021540135046027,0.7962658776295638,0.42378403110672574,0.5614655843665992,0.5266798056709516,0.5425150299633866,0.798802690759664,0.786557745563092,0.7981844558254869,0.2766136840489155,0.878381520247804,0.517146875866604
2021-11-08,0.7839010258104057,0.7749737881889214,0.7898907538590046,0.7700640853991864,0.023215772167882218,0.8010139966568685,0.7961697244333036,0.39543531979225394,0.5545388180964995,0.5321643086250403,0.5138066696443955,0.798611606939727,0.7892616708543368,0.7994357389363405,0.2720994205664258,0.870567895397037,0.537560674289068
2021-11-09,0.7741974178781931,0.7697426196733865,0.7899764643980561,0.7668256830406414,0.0267947502959024,0.7979614341240872,0.7960735657775159,0.37711934145913845,0.5465919059851194,0.534594713702078,0.48878126451526,0.7940917101324111,0.7985373743268059,0.8017377331279194,0.261188289717204,0.8620063542075755,0.5443042611429597
2021-11-10,0.7734716473840698,0.7810166454285818,0.7927986465765416,0.7826582128643519,0.027547408055783797,0.7984607421492508,0.7961536898013813,0.47349820972032536,0.5523696313594153,0.5379619990680089,0.4964581005994046,0.7920811830987172,0.8054628745849873,0.8041591187254671,0.2615338723311643,0.870725181922946,0.6166072580826711
2021-11-11,0.7821781104942341,0.7717268650727014,0.7939962081476236,0.7717733869185185,0.013430551068800827,0.798658552412426,0.7966536951571775,0.40974047304344113,0.5486141060818747,0.5397309015809584,0.4833608849705628,0.7898258268395536,0.810612626108724,0.8055680040240991,0.2537688185490926,0.8649564219682356,0.5157188977708392
2021-11-12,0.8179098211764851,0.8060909269687806,0.8121279993869032,0.7893153714934323,0.113135251862208,0.80066533319932,0.798108822990428,0.5042623439646201,0.5589463924380518,0.5436907003831923,0.5013131803594084,0.7903612538753216,0.8136097831065506,0.8073398714120552,0.2782186961940182,0.8915609546213665,0.622866281759793
2021-11-15,0.7958722232056686,0.7866090103147898,0.8002396711541065,0.7759115668226951,0.03606658239759364,0.8011363963710693,0.7994870370019141,0.4295779534789434,0.5567778836864133,0.5463244704200132,0.49044764546064007,0.7862068055441954,0.8211497618158962,0.8089636872738992,0.2745008874202933,0.8810618339132719,0.506493094627656
2021-11-16,0.7793664369112959,0.7765972443162268,0.7951078009052118,0.768264836771665,0.03672674971147002,0.7983852834556396,0.8004774225667314,0.39039371572866005,0.549197107706932,0.5465644626335985,0.4708329303378055,0.7863067056351486,0.8198985185719271,0.8083905662224882,0.2652405875461513,0.8704247548543131,0.5277368249678263
2021-11-17,0.7765553086199243,0.7721779104247761,0.7880092605174226,0.7737525297624178,0.02211459968392395,0.7967082613323607,0.8015575409236074,0.42143057156546343,0.547402785011727,0.54631454343746,0.4668185758543261,0.7861953717425377,0.819535006209151,0.808151767140258,0.2605137714145971,0.8780082623746539,0.5773520242794704
2021-11-18,0.7818154426491467,0.7776798779884257,0.7909173894240483,0.7658362648505627,0.028442822808412073,0.7946355384416707,0.8018972927721458,0.37952360408671054,0.5400180230997355,0.5442958593928757,0.45232524306262484,0.7865277427696301,0.8182352769588034,0.8076741852460898,0.2591993431084233,0.8691023155153703,0.5266770174706983
2021-11-19,0.7780968358678223,0.7661347423815079,0.7879236127106376,0.7702439796155643,0.036901007073508456,0.7941267780195406,0.8025254932904101,0.40612950400635767,0.5376645244879203,0.5421012831098954,0.45088397473982283,0.786440350884423,0.8175312954259369,0.807277767705789,0.2473876248836875,0.8797758099765876,0.573287791741383
2021-11-22,0.7694341491438946,0.7707827651897887,0.7786503379346764,0.7509576034228936,0.03699349751951347,0.79212572644439,0.8026844856468426,0.31009633377457807,0.5213474691331785,0.5363269924557987,0.4215516461799155,0.7881880546850245,0.8125380058160695,0.8056854999409979,0.25463641505469736,0.8690829873403254,0.4835827515975663
2021-11-23,0.7556501681328439,0.7558938425110191,0.7711606047279865,0.7599216678676214,0.0376603670396221,0.7914026581969767,0.8039833781849889,0.3650315177112538,0.5156568583040917,0.5303060535466952,0.41953060011183696,0.785248442765336,0.8117370757704138,0.8037715603594029,0.25254083768296276,0.8799151689198463,0.59093036808635
2021-11-24,0.7613097355012023,0.7524439997468055,0.7763259133739792,0.7558470791898478,0.020884074619683307,0.7885946864658381,0.8046531202471062,0.34502162505392103,0.5084886976567468,0.5237238991571594,0.4149319771049934,0.7855269119369429,0.8091052038504739,0.8026012544940531,0.2401634988699101,0.8725888101631465,0.5410323904109741
2021-11-25,0.7613097355012023,0.7524439997468055,0.7763259133739792,0.7558470791898478,0.020884074619683307,0.7885946864658381,0.8046531202471062,0.34502162505392103,0.5084886976567468,0.5237238991571594,0.4149319771049934,0.7855269119369429,0.8091052038504739,0.8026012544940531,0.2401634988699101,0.8725888101631465,0.5565593718828475
2021-11-26,0.765508857571431,0.7573464758909056,0.7701276397769777,0.7464300613348872,0.04294907797748863,0.785940440559051,0.8046956663439978,0.30025431426697685,0.4962013237941164,0.515431992086204,0.4009221924662416,0.7872622825899377,0.8048199075728889,0.8013560402022819,0.24231134007636293,0.8606514211250791,0.520573290934013
2021-11-29,0.7554676449847612,0.7506283851712459,0.7680615391785072,0.7514102503693846,0.04740872600442613,0.7819705782669945,0.8045342444978801,0.33355526632485605,0.49093934515733323,0.5075025252935887,0.403892043193271,0.7878866473613254,0.8021820606132463,0.8003609165756984,0.23857424307084354,0.8735207643424863,0.575714933006049
2021-11-30,0.7464301294764496,0.73773656047957,0.7459368450180522,0.7168206072349194,0.08623594714908253,0.775781890160676,0.8035186304570284,0.19473553780853464,0.4612941713100095,0.4938578199241366,0.3570611404020644,0.7943461804433262,0.789710120254656,0.7974625429496571,0.2568842717813775,0.8525375092649187,0.4239734820082155
2021-12-01,0.7315512859150392,0.7475416362485137,0.7493805494663804,0.7362887164264184,0.05174706409855996,0.7724329813420115,0.8019947234978134,0.3099619783542335,0.4537953807493276,0.4810952235094198,0.3642891778943037,0.7917467790449854,0.7861976366834925,0.7943703250594139,0.27675225663130243,0.8663134559393241,0.6330109270583507
2021-12-02,0.7350200172316071,0.7403696010568732,0.7536849535791145,0.7273244987498194,0.06179300102007579,0.7675705014409931,0.8001802714103584,0.2767224392933622,0.442214941937064,0.4680330696088225,0.3618345913861377,0.7903065469151779,0.7810427152906524,0.7910553261898534,0.2767450598084048,0.8504381613247138,0.5218355449118455
2021-12-03,0.7409535392326742,0.7438194745191711,0.7609162474165133,0.748059988745119,0.044473159674701716,0.7657087643956674,0.7992264100837297,0.38418646043405874,0.450046044788444,0.4595120218070242,0.399044603779901,0.7871551945693439,0.7802989811667508,0.7890608730660893,0.2771970006263418,0.8626940450733042,0.6373866362390876
2021-12-06,0.7617661849604404,0.7787717060575532,0.7801998131241735,0.7802949177202315,0.05078328684236276,0.7667614147763623,0.7993184795535077,0.5147312430494135,0.48169942536816734,0.4604909046837326,0.4768874311872168,0.7879355584373452,0.7800460721350447,0.7893365813067335,0.29549896442360635,0.876268586561372,0.6804062284819561
2021-12-07,0.796545145458846,0.7855804968887898,0.8024102476852858,0.784097826290988,0.0415295506974986,0.7702322418628623,0.7994306619221626,0.5281743340096687,0.5101382337575738,0.4682780344124816,0.5326744892811094,0.7899269623891462,0.7794837740382062,0.7900816386735676,0.28635793043141866,0.8879093301302718,0.5708509528668122
2021-12-08,0.7917073068020065,0.788304253383256,0.8043903863752574,0.7929716371637853,0.027489098861563248,0.7736936165523959,0.7993237534569592,0.5595501569738424,0.5395721928700796,0.48175685132152163,0.5793124109487093,0.7937765952003403,0.7782922290026292,0.7914697386735998,0.2786723270745285,0.8966159726918097,0.5898220009753465
2021-12-09,0.7981884821586637,0.8011049357518891,0.8117079578416927,0.8070971639462264,0.043291560715956474,0.7790611176421095,0.8003643557546406,0.6064972535121076,0.5734250219426801,0.5008773149350351,0.6255402988745625,0.798844483652002,0.7756620283205841,0.7927672131447077,0.2779547993328023,0.9086249320012392,0.6091918063122045
2021-12-10,0.8108768866845432,0.8075505707274631,0.8216938267083392,0.8033846621792714,0.029873743838996915,0.7850260615743904,0.8015579340095788,0.5868923695861914,0.5968538981673596,0.5219438431301872,0.6414864330600172,0.803783261150456,0.7739278917895703,0.7944454694050758,0.2721303608819351,0.8994199586657172,0.5428564764527701
2021-12-13,0.8033916294688775,0.8303375989793249,0.8143765582692511,0.8301867551733954,0.06050349654099135,0.79327644744964,0.8036968458093744,0.6689939841148933,0.6349430333227707,0.5481778101712503,0.6838286420542563,0.813120163036181,0.7686402790767045,0.7966153488219927,0.30523761546206907,0.9150257793036143,0.6557313619511025
2021-12-14,0.836070893882544,0.8464062713818628,0.8433015830159095,0.8468471967953087,0.056080710648331214,0.806894334414603,0.8063844783278001,0.7116495987597713,0.6764086197352274,0.5793772942035471,0.7245162949664197,0.8272221401698551,0.7616332314712607,0.8003813520630108,0.31775385952583746,0.9297073490203416,0.6171223985762756
2021-12-15,0.8499461216376573,0.8494022693178445,0.8627573097365572,0.8545438804362359,0.043144112178847026,0.8192793816726561,0.8085226148747074,0.7301400486552128,0.7132630469348299,0.6134135371026554,0.7477608151990773,0.8415572977088958,0.7560174676952859,0.8049619437656308,0.30725250006894556,0.9416854952970908,0.5842355845799352
2021-12-16,0.8628169172169408,0.8694655635861923,0.8749815886069919,0.8714761553970373,0.04613597704092233,0.8343766088834205,0.8114339133109382,0.7682169931305376,0.7530744637168925,0.6504474463115096,0.7723238177167918,0.8580126872755619,0.7494310912854375,0.8101501332693553,0.30655696270835064,0.9542888660187712,0.6171430889748378
2021-12-17,0.8480292083116757,0.8446815202147289,0.8476061123289426,0.8281945876204738,0.09792794592123835,0.8427692300631094,0.8129505590987344,0.5573278235481158,0.7491776540696367,0.6791148518193749,0.7037683381413207,0.8635325810893141,0.7503675126553281,0.8134607635653941,0.33663173749353104,0.930862277508895,0.4033716542713207
2021-12-20,0.831324267861132,0.8240732889096203,0.838050411277473,0.823848318835683,0.03913820351383268,0.8473306455038679,0.8146873603282286,0.5395185851313977,0.7405480736080845,0.6999234486488722,0.6393729327136382,0.8678750618084402,0.751587831928305,0.8163066410928583,0.3256988488717222,0.919721265306374,0.540739416755834
2021-12-21,0.8336062396073441,0.820351095293735,0.8331432687655228,0.8189586898368578,0.03913619285196301,0.8509816779647953,0.8164294354611742,0.5189362373373907,0.7278975967204797,0.7134547160884809,0.5797421927794033,0.8709773567916422,0.7556190959770465,0.8199168481485593,0.31738118279561467,0.9085806732815711,0.5387107172653939
2021-12-22,0.8244778255338533,0.8209864647441325,0.8343484344317468,0.8254779397821733,0.01382866211899633,0.8543861135975589,0.8185191678383085,0.5408104208823683,0.7208755201026594,0.7225503049367443,0.5433960577700601,0.8746398449200546,0.758812277877608,0.8233972589462724,0.3088551379898351,0.9144326284245183,0.5804334993178873
2021-12-23,0.8319631728201274,0.8280676991247278,0.8450233127932215,0.8283755544599477,0.009293279161634428,0.8566146325319696,0.8201480396709789,0.5507479552285788,0.7156022429647406,0.7285280522394736,0.5178483343680891,0.8780093846804592,0.7630493010513325,0.8272478270322783,0.2956650204070408,0.9193368026940674,0.5671252237800575
2021-12-24,0.8319631728201274,0.8280676991247278,0.8450233127932215,0.8283755544599477,0.009293279161634428,0.8566146325319696,0.8201480396709789,0.5507479552285788,0.7156022429647406,0.7285280522394736,0.5178483343680891,0.8780093846804592,0.7630493010513325,0.8272478270322783,0.2956650204070408,0.9193368026940674,0.5565593718828475
2021-12-27,0.8434646427254525,0.8362382072827235,0.8565587589428124,0.8412330875111046,0.010655837688650348,0.8605785569855245,0.8226228325143986,0.5940452995049941,0.7192971047269504,0.7342202354083662,0.5155084099690352,0.8818619296266955,0.7691570012567938,0.8322809606489923,0.2835315252046937,0.9245257173974304,0.6033538625504015
2021-12-28,0.8493983352923736,0.8434104655904722,0.8642208063021638,0.8473907102412138,0.007185435301592576,0.8623803539584046,0.8246920097709379,0.6139956872731047,0.7249055283624096,0.7401552469386787,0.5174981556700616,0.8859331798303288,0.7751642522944892,0.8373766047292834,0.2659602720705564,0.9289894053588905,0.5787822462026803
2021-12-29,0.8513154887926065,0.8556666186440789,0.8669757871937057,0.8582565354350616,0.010368983261910153,0.8635752717399633,0.8276258942719502,0.648177468139179,0.7355125470560837,0.747515595133251,0.5291774236255975,0.8855993542326185,0.7905516089233188,0.8448854992608996,0.26145103071107434,0.9341183747077664,0.5956176129019243
2021-12-30,0.8706674911740798,0.8637463876143652,0.8828157193199192,0.8651380255230666,0.014187900373044798,0.8646848130327917,0.8310774074831494,0.6690685689348908,0.7468995268840785,0.7562083046056458,0.5400948473946328,0.8869548499375509,0.8028570859646685,0.8517261647466114,0.24866649196928278,0.9400454016030619,0.5811225094736853
2021-12-31,0.8744102141924398,0.8619306397011133,0.8766174895121984,0.8539102666502708,0.015378882420515183,0.8628451101827718,0.8339333626903039,0.6039678348613877,0.7450623119526489,0.7627099955451359,0.5221415503364767,0.8813207306453624,0.8221343067281078,0.8584466578523173,0.24046332054183847,0.9338694894392532,0.5166592055739301
2022-01-03,0.853232582284959,0.8521260893047806,0.8600028181202725,0.8581659753993894,0.026120508348938302,0.8659840602416503,0.8372229954550855,0.6187468603713797,0.7446034532460735,0.7677983387399734,0.5105605200872328,0.8770464581070799,0.838255558129367,0.8642922322520306,0.24258974885085463,0.9422901310338221,0.571792535695217
2022-01-04,0.8609915728256897,0.8583900968823803,0.8729158628991401,0.8540008266859432,0.031054672577118934,0.8691419792873109,0.8402071840413997,0.593678693136946,0.7388566277032244,0.7704536621255678,0.490624254497632,0.8760965904863015,0.8470749498124105,0.8682053108016141,0.235279076068259,0.9328383733183787,0.5416912133012562
2022-01-05,0.8695718323034974,0.8691023623535279,0.8816962617552387,0.8643228319701443,0.0328488531854916,0.8738930364512513,0.8442462952657196,0.631989733061094,0.7399965209531564,0.772858658300885,0.48857306291693503,0.8757176890738995,0.8559985292257951,0.8724644910121095,0.2365143282119989,0.9426650696178456,0.5935044765747675
2022-01-06,0.8709414961472398,0.8602966819088307,0.8746376188077419,0.8589810157204408,0.03476233306479826,0.8774018657041632,0.8477756995540845,0.5980994591546871,0.7346642495962139,0.7734694021331394,0.4738708845334437,0.874377403168597,0.8644021983335942,0.8759689574372038,0.22975235694363108,0.9324385041897321,0.5375661979714386
2022-01-07,0.8646427718071937,0.8766377188810768,0.8774782566670772,0.879987726127145,0.03264711677790095,0.8828072887192285,0.8521987302034671,0.6726574747538843,0.7442631507393536,0.7763220529485052,0.4922411636707894,0.8780297481740972,0.8683859095133383,0.8798387488737347,0.24032406673437864,0.9422230426581226,0.6315068273753595
2022-01-10,0.8849989907380592,0.8710998467374618,0.8863452353398006,0.8722006356824162,0.03742176849775409,0.8860505682054073,0.8566798338456173,0.6236396870932779,0.743659043130642,0.7784553915637259,0.4863470895619584,0.8779137607775663,0.8758247460790948,0.8834922186370497,0.23432158512093296,0.931440722167848,0.5291472327193139
2022-01-11,0.8786093048151712,0.868376411190676,0.8686974689365509,0.8555400408286321,0.041729276443219575,0.886904060273105,0.8603898938950681,0.5279357056070575,0.7283523309964919,0.7763922641958698,0.4519610726218152,0.8781911275676636,0.8782350676468657,0.8848382355256705,0.24582786673931248,0.9197582409455902,0.49761929934296145
2022-01-12,0.8477554862528321,0.8383267224567603,0.8534600872177415,0.8423201144029148,0.040221950261587106,0.8852350141112731,0.8648613396332786,0.46095077372705445,0.7043048992272192,0.7688192646647605,0.4068129507717385,0.8781112697583072,0.8778359790133995,0.8845978907656578,0.2522708876827022,0.908390752952869,0.5092888332582365
2022-01-13,0.8421871176100714,0.8414133140838298,0.8544931647108943,0.8329936565836266,0.02710707310632514,0.8818684843556491,0.8683068582834116,0.41708009766469295,0.6766300395168154,0.7559449899473923,0.36337408123384995,0.8777428164284989,0.8759241356571664,0.8834537800711459,0.24736377516241162,0.8997639441578209,0.522923963371303
2022-01-14,0.8388094278164145,0.8253441089626441,0.8432154096640382,0.8246630526929927,0.025017995423733584,0.8788053781474735,0.8717749520792714,0.37954388255424637,0.6471822467554256,0.7383930500411034,0.3250450979714582,0.875274924096637,0.8734917581703866,0.8809684522242853,0.2387955093011848,0.8915737000121571,0.5263320920155515
2022-01-17,0.8388094278164145,0.8253441089626441,0.8432154096640382,0.8246630526929927,0.025017995423733584,0.8788053781474735,0.8717749520792714,0.37954388255424637,0.6471822467554256,0.7383930500411034,0.3250450979714582,0.875274924096637,0.8734917581703866,0.8809684522242853,0.2387955093011848,0.8915737000121571,0.5565593718828475
2022-01-18,0.8248432676582499,0.8169014018576728,0.8334016855789511,0.8179628359082035,0.0382072670681735,0.8745948408175429,0.8742655338758815,0.35017218893043406,0.617914906908555,0.7171434206489095,0.2947460764103451,0.8761262455219366,0.8715250591562732,0.8804252441055367,0.23336056778055256,0.8806272300932403,0.5321146249411004
2022-01-19,0.8257561826950287,0.8259800547575227,0.836070650683946,0.8132544802125939,0.025546129274834684,0.8703274125754784,0.875439856377742,0.329637802383234,0.5906299662193014,0.6934238728580834,0.2745074622434154,0.877187366403409,0.8693033599397207,0.8798628126362624,0.23484796228677693,0.872326619266885,0.5393055667675255
2022-01-20,0.8265777583771293,0.8181726033105217,0.8241044583182934,0.8012116810187467,0.02611447636332928,0.8637176835747368,0.8760496091529805,0.27946700609845704,0.5596582459039127,0.6668203955224269,0.25087642351162676,0.8795222199409164,0.8650065139461603,0.8789206162710059,0.242304690292536,0.8639072382054713,0.5122906864507856
2022-01-21,0.8165365201424516,0.8193527291878051,0.8201444076718042,0.797770706126938,0.056535790451500825,0.857307032645931,0.8762205960910722,0.2656610087040933,0.532661041826277,0.6388886342998996,0.23999241005376773,0.8823843432732715,0.8591062326175404,0.8774496272661076,0.25599194640344536,0.8491305682651533,0.5438087295704089
2022-01-24,0.7965455819339297,0.7846730271096247,0.7666843915621032,0.7805669042909905,0.08002233175116584,0.8468945353382192,0.8752753444391258,0.2017360773768775,0.49866940145311345,0.6081716282335314,0.2171699978695663,0.887511350825584,0.8487308948710787,0.8749114453742364,0.30412206534893105,0.8294458023965816,0.492663195753686
2022-01-25,0.781574533851851,0.8231653286998921,0.7952648992367289,0.8227615984076145,0.08020061043694363,0.8417167080681119,0.8759657289742763,0.42581889488471775,0.5045393497528116,0.5850436977155095,0.27935519880240617,0.8871731424825872,0.8471152911463548,0.8739307860376373,0.3513364257914676,0.8491678240228486,0.7151005855603247
2022-01-26,0.8288595415505241,0.8305190478047659,0.8352955310645312,0.8295528349236886,0.0526009251725483,0.8389950275737975,0.8759431429094949,0.45425179891257467,0.5147788167865778,0.569063170179155,0.33792131633958566,0.8863333675045785,0.8460846374097176,0.8729837655306703,0.3511602970981217,0.8631222061683209,0.5813672294449374
2022-01-27,0.8457471258944037,0.8549402661512262,0.8591417697241946,0.8495638446336092,0.046592397285338386,0.8397536747075861,0.876039934870459,0.5312352747654874,0.5383300448525425,0.5620790387550423,0.41163816055167113,0.8853806996514028,0.8461431427001639,0.8725222668205854,0.35718679057822245,0.8758209572320708,0.62933242567128
2022-01-28,0.8591659657521288,0.8543048415786156,0.8617245384651319,0.860429669827457,0.051393857830120515,0.8426270910479429,0.8762496407767472,0.568778739065644,0.5651210326414521,0.563089925197722,0.47714966973891115,0.8846924351936364,0.8463525808196642,0.872272298182591,0.35143427304654007,0.889523092687283,0.5955626627924472
2022-01-31,0.865007811400513,0.8613857516836763,0.874809543968433,0.864956752219851,0.039810434798927104,0.8468471128712648,0.8760173597247326,0.584168980792326,0.5893476723721023,0.5698652680418848,0.5243838654339239,0.8861517092618961,0.8460216609945449,0.8728587608738076,0.337609929779389,0.9008045843069785,0.5726959927842936
2022-02-01,0.8671989634720715,0.8555758183883106,0.8628435765893899,0.8521899324362373,0.04047998520152864,0.850431769926668,0.8768722944151907,0.519571100809576,0.5982006849593338,0.577465897651195,0.5311462995394979,0.88546621320763,0.8460934133586541,0.8725414901711104,0.3369236455994059,0.8893831735070665,0.5111845620776916
2022-02-02,0.8481201713875898,0.8647447692456309,0.8647371207971518,0.8693030210046419,0.03530655221085677,0.8563018207804031,0.8784918086179273,0.5806825280229748,0.6175217675060289,0.5883048747931727,0.5576814540160107,0.8875808524829828,0.8455388609455706,0.8733538902783788,0.3417891308069746,0.8997234670376182,0.6178831935880013
2022-02-03,0.8719452746204416,0.870464199171324,0.8767033021356888,0.8692124609689694,0.027649951811137184,0.8634236482314058,0.8802823097587557,0.5802053138601511,0.6318040166564619,0.6004935459273949,0.5687409027684819,0.888335043322949,0.8452806741972699,0.8736134827943551,0.3375950593810809,0.8909832102586108,0.5562384048575719
2022-02-04,0.8604439343084035,0.8646543186034172,0.86878362214184,0.8589810157204408,0.028667346717192364,0.8698342991602116,0.8814759972042415,0.5258600008017098,0.6343008386610803,0.6108594101402663,0.5538047469819363,0.888335043322949,0.8452806741972699,0.8736134827943551,0.33691020947796646,0.8820303435541097,0.5202945158109902
2022-02-07,0.8641864147967525,0.8533968977692572,0.8678364878304691,0.8538195533827276,0.02647907638236354,0.8775061630350393,0.8823825462665736,0.49913253898450866,0.631372693442871,0.6184309461996134,0.5309079057801005,0.8841747128955536,0.8467904608084585,0.8722242031981207,0.32332115378320936,0.8735347702664318,0.5381443768006773
2022-02-08,0.8606264856067384,0.8562113338567567,0.8718827142679398,0.8578942952923722,0.028023264698273376,0.8811856650243516,0.8829761715979246,0.5169156824209646,0.631217765465608,0.6244500187654546,0.5181869552941631,0.8818853028068804,0.8476312742260713,0.8714646734061553,0.30886861749650363,0.882353040041816,0.5711456252948655
2022-02-09,0.870211168681584,0.8579361440450208,0.8785113458400174,0.8577131752210275,0.02193364011565327,0.8841349412636238,0.883343952660045,0.5158711268872918,0.6300164142793762,0.6289694032450276,0.5058984486918664,0.8821642206367301,0.8475745935554485,0.8715800460498897,0.28879981776043584,0.8748073485161283,0.5559127219717822
2022-02-10,0.8623607228725182,0.8486759973049516,0.8617243280163246,0.8389696995467785,0.055228860236212554,0.8830253999707954,0.8826567783269953,0.4145026223217367,0.613960475336107,0.6286305899947241,0.46609017427434923,0.8819523313211272,0.8474368948376642,0.871402171077724,0.28392018124708984,0.8603037940927494,0.4896320538378176
2022-02-11,0.843282599273183,0.8389622057829609,0.8465731435192582,0.8234863851567352,0.07379397149953822,0.8791562723065133,0.8811727641343644,0.34391719246171476,0.5889166676843858,0.6221916503218559,0.4161054844545737,0.8818181663188499,0.8465641605744562,0.8708974259303173,0.2842034907102672,0.8419205987364415,0.5005976095764089
2022-02-14,0.8304115538783879,0.819171003978185,0.8144625143484069,0.8043806693397967,0.04592820864772265,0.8728120449278688,0.8794080647199457,0.26978851833170453,0.5543749627280092,0.6085334293905246,0.35695039332545186,0.8825642819414848,0.8436370538120214,0.8698206254356549,0.30223431314733595,0.8293606463789924,0.48680099168918517
2022-02-15,0.81598877610842,0.8203513037401657,0.8334017149568341,0.8198642901935816,0.03027051444794597,0.8694265301372507,0.8780434067149502,0.352464725268212,0.5389635535517996,0.5938112691793338,0.34823243058059306,0.8825330713897767,0.8438714950290737,0.8699215744651361,0.2999485907869953,0.8386485347842723,0.6138131664252018
2022-02-16,0.8192747846468459,0.8179905995222179,0.8308190098679903,0.8189586898368578,0.04267629818383615,0.8641538900296583,0.8767948837764347,0.34874628504215693,0.5263121449866578,0.5789177015291235,0.34682791089055726,0.8823699485822861,0.844646509372552,0.870224413418434,0.29358462140292596,0.8267681498566632,0.5532449577456678
2022-02-17,0.8258473708903454,0.8144501486626139,0.8240181942893728,0.8097229452851128,0.027564163571364417,0.8579234605234926,0.8748495340604573,0.31062733426224504,0.5096628548934646,0.5629023936815956,0.33763632502212537,0.8817426486690928,0.8461990554482907,0.8706762801153911,0.29226054609683905,0.8180458206603065,0.5227371769623589
2022-02-18,0.8151583268924906,0.8051127708805934,0.8159772175703023,0.7935931456319533,0.028875115110392036,0.8510752871863677,0.8725198172381717,0.2502448832465683,0.4848534724703724,0.5439799935134771,0.31381548954162664,0.8822182283828676,0.845263992829438,0.8704544916239132,0.28994817804846473,0.8090495355915738,0.49712794260655696
2022-02-21,0.8151583268924906,0.8051127708805934,0.8159772175703023,0.7935931456319533,0.028875115110392036,0.8510752871863677,0.8725198172381717,0.2502448832465683,0.4848534724703724,0.5439799935134771,0.31381548954162664,0.8822182283828676,0.845263992829438,0.8704544916239132,0.28994817804846473,0.8090495355915738,0.5565593718828475
2022-02-22,0.8022048546648254,0.7903112872349556,0.7943173022557185,0.7733625546511044,0.03186228842810476,0.8426489005682783,0.8687208487852972,0.1860220761080027,0.4508300071497176,0.5204626383153331,0.27616423676397056,0.883533333073898,0.8431407114440698,0.8700720095890924,0.2979532682231756,0.7994290064925861,0.4812106267847913
2022-02-23,0.7832796303855626,0.7802608178718728,0.7978695932124479,0.7740916318926091,0.03955642118272493,0.8338721172857267,0.8652253044857584,0.1905422969270109,0.42583803700410505,0.49549363183244116,0.26426934571282734,0.8875563534322942,0.8338129551512566,0.8674881000403012,0.2879661466051554,0.8106574156605277,0.5593122269981163
2022-02-24,0.7673859987524086,0.7573273530287346,0.753423126748397,0.7460236904133929,0.07217270781195753,0.8221747038226216,0.8613233256702316,0.11428569045539522,0.38641256639573324,0.4658085641232142,0.22562574372165686,0.8948820245207098,0.8173696744841311,0.8630535016717991,0.32149363938800635,0.7926130236044637,0.45063282759180445
2022-02-25,0.7694071570683948,0.820005586592063,0.7879057358447566,0.8176510090510235,0.0618312035955996,0.8199419642084106,0.8604443854378726,0.43369846294214937,0.41157982901364787,0.44825880401110046,0.32506295929566187,0.8928116462381336,0.8161118748188577,0.8613592354436639,0.39127380703427794,0.8084963015957229,0.8321409553325694
2022-02-28,0.795773746710872,0.8034679888569982,0.8111253253765619,0.8046197110583228,0.04864863415739193,0.8179660280853019,0.85943344475246,0.39306620730089065,0.4229954778396191,0.4370304875535854,0.37686113172689006,0.8890016975460743,0.8141074569061623,0.8583962606214657,0.39573289551766877,0.7953678487853222,0.5087962380965214
2022-03-01,0.7973359793313274,0.7995397152156107,0.8113856723685541,0.7994257635639895,0.04438804165555217,0.8174470930966576,0.8585342605925669,0.3770191778864273,0.4294384702156462,0.4296346403087719,0.40826454397948025,0.8839784529010825,0.8123211105224218,0.8549171921228793,0.3851067008412129,0.7831297525601428,0.5373567702076643
2022-03-02,0.8099217605000762,0.8258531963007882,0.8255074463896405,0.8180155476717758,0.031355601636946846,0.8172534714168583,0.8585361386699865,0.4419710292529658,0.4499121746314704,0.4287603082895166,0.4617021111909829,0.880774506612963,0.8119924899546195,0.853102859271639,0.39012129352624547,0.7926443968741018,0.6255267267417169
2022-03-03,0.8309598416211609,0.8414769956438917,0.8452614451342703,0.8402510244508267,0.034977473884853415,0.8194834507385765,0.859498003663758,0.5110214416025158,0.4839044302968144,0.43643259129907686,0.5317334304836658,0.8760525079067235,0.8137751359132172,0.8515604762234872,0.39097116787718955,0.8029159213180806,0.6380386064091907
2022-03-04,0.8395960281486791,0.8462285791905269,0.8498537399224154,0.8493643367377625,0.028066158818159756,0.8236351553227016,0.8612136437651176,0.5373585876063163,0.5181696019405938,0.45100938116996586,0.5883092471004174,0.8723480029604519,0.815486751999314,0.850506730733221,0.388414616934447,0.81174315488479,0.5894703741857131
2022-03-07,0.8456588277879601,0.876013751796102,0.8542717330632833,0.8742419906658806,0.06399601620861554,0.8320816343024243,0.863938253662505,0.6034773402643432,0.5641889381321034,0.4740046391674212,0.6572905253420507,0.8755769378595518,0.8137779888269582,0.8513169424861553,0.4177663817705024,0.8280788242194919,0.6458701879377707
2022-03-08,0.8800184161932533,0.8760142090763554,0.8642356758650293,0.8424384094072112,0.06022200387923696,0.8393160560099938,0.8661426852504174,0.4888025688029865,0.5759952371301531,0.495308548083745,0.6434315405700965,0.8738822796808233,0.8143162046615523,0.8507127126355878,0.4317545588635301,0.8125318284621663,0.44419441240989527
2022-03-09,0.861368656534912,0.8496087157683696,0.8588638257673388,0.848270414411764,0.03440443525199625,0.847084915279161,0.8670515436928322,0.5052607830506832,0.5893454099050673,0.5156396091412765,0.6354599847210751,0.8722565468774627,0.8149701968591282,0.8502017766419052,0.41855538036376794,0.8226836022564104,0.5775905910412601
2022-03-10,0.8480475097394088,0.8488776728063683,0.860509923214935,0.8510042242195998,0.027187499581112107,0.8580796898689419,0.8678158393096868,0.5132591161573969,0.6014082440440585,0.5348753410057897,0.6264848117212105,0.8710724669153634,0.8154784804216618,0.8498455955348234,0.4031840605296939,0.831327218160193,0.5663807096862521
2022-03-11,0.8532841333563593,0.8608469429327352,0.8686540741300405,0.8481792414486081,0.020596549972319883,0.8612769591308364,0.867766507020259,0.5024197243899948,0.6081179852313939,0.551916428382299,0.6085018034360432,0.8723588982004519,0.8151305405243011,0.8503345340931188,0.39317936327593683,0.8240609448172198,0.5464284363146735
2022-03-14,0.8675241967899804,0.8851510294547824,0.8801775477358306,0.8695037547554553,0.03763020711157698,0.8680723659463551,0.8680898093127943,0.5668972446796308,0.628834155033034,0.5706513594046879,0.6223812287753766,0.8788640971531921,0.8133122425298135,0.8527776161256431,0.41076997093566825,0.8348868237309652,0.6331731952249069
2022-03-15,0.8918692924421968,0.9070789165980571,0.8992378697074251,0.910055649984696,0.05656326949705304,0.8796588060223226,0.8696966464929486,0.6654045598571086,0.6748396795819882,0.5969697287367963,0.6845202379402638,0.894980938804902,0.807920901871542,0.8583879465020259,0.42779541110210706,0.8496692361001008,0.700266816153797
2022-03-16,0.9114380390446123,0.9110081414286257,0.8993249082042628,0.8952932915470021,0.05018880114956241,0.8877522243343631,0.8712323842480013,0.6063964692875212,0.6982713821280541,0.6237952775845548,0.6886760880024764,0.9048720354088932,0.8057369129024526,0.8623925047708871,0.43852915961609673,0.8362189271574305,0.5055663217051971
2022-03-17,0.909141089603627,0.9100028813132237,0.9135336340280985,0.916070460611173,0.03590505922739647,0.8956929118112064,0.8728986702218237,0.6530697867753339,0.7306471714590659,0.6532293554963378,0.7100504837311975,0.9182915432936573,0.8022181463072061,0.8675482106357428,0.4283071068340565,0.8466842935888164,0.628995339158764
2022-03-18,0.9255856894360842,0.9114648013811757,0.9088551471979561,0.8982091408174079,0.07837962100364197,0.900808504114529,0.8739317984265186,0.5839970258446934,0.7404189562339392,0.6791832520473318,0.6815337328009018,0.9263921877361808,0.8032704420752154,0.8722459809845595,0.42689080492115605,0.827342812916151,0.495092029013646
2022-03-21,0.9040879534844327,0.9129264308505614,0.9145731375393052,0.9072306672137044,0.036594046028071515,0.9042634595191951,0.8756508944087115,0.605777326781989,0.7527152672701112,0.7029747539302842,0.6638149808828796,0.9345137353296181,0.8069762207242258,0.8782790460992747,0.4198073477879315,0.8379521602456974,0.5879537869650198
2022-03-22,0.9148367127686378,0.9057083434146753,0.9110209080047017,0.8996669888366752,0.042406199272676574,0.9102570976548315,0.8772844013801294,0.5758833035726578,0.7542972781278379,0.7223975793955042,0.6280178644730365,0.938017250638315,0.8167945164956775,0.8849846030765147,0.4088458784262211,0.8261282191915893,0.5303863836242327
2022-03-23,0.9093245173118812,0.8981248466834819,0.9125803937820595,0.8936524846739399,0.021040236024894673,0.9150100324595954,0.878558436690103,0.5518499333643228,0.7486393174457375,0.736542374590588,0.5847694647454084,0.93878516045008,0.8287184110266149,0.8913321404036263,0.3870154427564807,0.8187692266320963,0.5356483619120012
2022-03-24,0.9072116099252422,0.8981249003363734,0.9124072598616565,0.9018542205611887,0.019418972337313996,0.92033563166734,0.8801311463645897,0.5754232130671535,0.7481326803337653,0.7477334341332033,0.5605664318620055,0.9321615380688019,0.8521271103040834,0.899605250571432,0.36697493026528394,0.8257894158913454,0.5851828210627478
2022-03-25,0.9135504445296595,0.9178601579729695,0.9223706037575269,0.9171636167778173,0.018059764913414197,0.9275604725922454,0.8829171322688106,0.6175530778216423,0.7570470001056998,0.7588817360798279,0.5602160743407053,0.937478664705491,0.8572244314105629,0.9048884179073102,0.3600179850524793,0.8325255650129779,0.6097136236064399
2022-03-28,0.9223699937724966,0.9222459150499918,0.932161079952898,0.925456525628222,0.023386008206181308,0.933420493313376,0.8865502457393329,0.6393663842500761,0.767930579653732,0.7704808291203407,0.5639098753278726,0.9412012108747289,0.8662351853808278,0.9113036965970209,0.3460590544443496,0.8403747649105665,0.5850789581268148
2022-03-29,0.9404686535012249,0.9333931205085393,0.936060161343676,0.9246367351191741,0.025592374497837196,0.9349475930385874,0.8908348719100426,0.6353490852821948,0.773336290070651,0.7810914435260476,0.5558102402495776,0.9413890938953132,0.8793585388831483,0.9179512011708135,0.3419804480184402,0.8320644899966889,0.5537545126633664
2022-03-30,0.9388148753835622,0.9375959019625515,0.943684192748749,0.9414953055500966,0.027899273882976798,0.9397864018266587,0.8951684864199551,0.6804370201265888,0.7877680221318228,0.7931342397201369,0.5675455974370952,0.9458030339296518,0.8879369517669863,0.9245067948625789,0.33334798080602046,0.8408568488127738,0.6142690537731985
2022-03-31,0.9493800028493743,0.9407940060835855,0.9376196017958028,0.9199890592444214,0.06283653453043672,0.9401968027564153,0.898768116609041,0.5766752990785087,0.7800715558505701,0.8008729601894913,0.5322778217946298,0.9473427698646563,0.8948289215866455,0.9287401215783775,0.33744561630863024,0.8247634819623307,0.4836982842695335
2022-04-01,0.9260446035056354,0.9245298481629167,0.9256628554648384,0.9287369135193798,0.029561421028574182,0.9433940238736734,0.9030084878507881,0.6024292301926226,0.7780229121729834,0.8065593884096618,0.5154612536796601,0.9501597286639999,0.900364072734645,0.9329540459704342,0.336635618810871,0.8339031876922662,0.5865909006901783
2022-04-04,0.9365181301090003,0.922337513034583,0.924970094243638,0.9130631319138699,0.0318066601163771,0.9440048669734006,0.9072651066460257,0.5317296396942985,0.7619396736464308,0.8071474867013226,0.4736853260312164,0.9517538780824485,0.9028480423129209,0.9350150771308874,0.33403775970991845,0.8242942835101534,0.5030408954712291
2022-04-05,0.9207166761125419,0.9356772427986582,0.9316413823090343,0.9234519462937617,0.035730801865358035,0.9464959025624454,0.9126126700409386,0.565014894231,0.7547687456897099,0.8058518805283817,0.45825017324045525,0.9509515350600862,0.9122924323022664,0.9393161208038463,0.33958576596598833,0.8347232345392808,0.5923779445287242
2022-04-06,0.947542150544478,0.9626303807570649,0.9518280645429021,0.9655530157372963,0.055065326404145715,0.954026157013108,0.9194342839910093,0.6760467313572103,0.778662704243928,0.81070009522987,0.5085928972175562,0.9580381971033062,0.9174537800215287,0.9455427047769143,0.3635416943813099,0.8491926145082324,0.7007838099392907
2022-04-07,0.9684887959215437,0.9658285588634166,0.9657774409618632,0.9612703381789082,0.03532263750581416,0.9602488994256458,0.9271033476194971,0.6564701490990352,0.7915186330535041,0.8177448765357815,0.5265916554046718,0.9619718214644079,0.9251224433665074,0.9513967804044308,0.3595988409440286,0.8388489595559337,0.5422602696926515
2022-04-08,0.9653651583445074,0.9680213277211931,0.9675101118759085,0.964550879301937,0.033709416465712176,0.9652118411348319,0.9323372709519436,0.6646075017016027,0.8013040498904846,0.8257906931608348,0.534794180477077,0.9634371834102192,0.9359874468638328,0.9575750009332031,0.35639918158244654,0.848855491918862,0.5675408383586651
2022-04-11,0.9807072599409884,0.9772493082604317,0.9603190304214698,0.9437734037740243,0.02558299140911205,0.967130196272684,0.9372952042561516,0.5685328954619306,0.7903646024373072,0.8295331356066273,0.4995321533274285,0.9626045726403499,0.9447458012121842,0.9615180086857413,0.37465524164792363,0.8405471778343367,0.4871451704672579
2022-04-12,0.9457964618732012,0.946275348712138,0.9481890747128531,0.9443198286254756,0.025753897668034362,0.9691916372702202,0.9424576623751616,0.5701939038794077,0.7794508254965968,0.8298392009454515,0.4713743362762583,0.9649727881085782,0.9459463515496004,0.9633371087326685,0.3686495175654749,0.8488912070249233,0.5584080332548077
2022-04-13,0.9522276561915964,0.9465497930389235,0.9572000154327044,0.9512460624197688,0.023646724028615736,0.9702128492032792,0.9472045576483997,0.5919453620018285,0.7735099250805824,0.8286209045105681,0.4588836524520608,0.9672301184346196,0.9495680848224363,0.9663076655111464,0.35142067470871896,0.8567948899666602,0.5799843553834878
2022-04-14,0.9531460552848231,0.951666006066618,0.9614449478443997,0.9443198286254756,0.027300096645813864,0.9727610485240644,0.9509124448059526,0.5579260289160259,0.7610489794340535,0.824577335850463,0.4357332542387126,0.9690056400268509,0.9507405029354087,0.9678074366633818,0.33623010772985196,0.848127744110649,0.5332329387810375
2022-04-15,0.9531460552848231,0.951666006066618,0.9614449478443997,0.9443198286254756,0.027300096645813864,0.9727610485240644,0.9509124448059526,0.5579260289160259,0.7610489794340535,0.824577335850463,0.4357332542387126,0.9690056400268509,0.9507405029354087,0.9678074366633818,0.33623010772985196,0.848127744110649,0.5565593718828475
2022-04-18,0.9506658425532427,0.9424382288047186,0.9355400260756114,0.9239073514139279,0.028174734559122165,0.9722552409729729,0.9535683520107586,0.46567078223960773,0.7334150323319615,0.8145366819506401,0.38659288816020043,0.9681122085038701,0.9543956412424447,0.9691717657661503,0.3449670554538766,0.8392778209471478,0.48752301589358105
2022-04-19,0.9597612929901936,0.9931476251391369,0.9633516132125043,0.9732994997362497,0.08220859142412498,0.9785638894652428,0.9570976907847949,0.6175463335758187,0.747038119571241,0.8098593072206395,0.4305398209202773,0.974291782876142,0.9550459906264829,0.9726793886279794,0.4064949732678109,0.8594194600548247,0.7257130574106285
2022-04-20,0.9737255789465286,0.9783461741103507,0.980246410150475,0.9806809854188382,0.03974408295722786,0.9845575757455155,0.9620231617391864,0.6358579674799196,0.7610351790390193,0.8095646592020576,0.4664520660214208,0.9803239083157428,0.9574380329998536,0.9769804567063769,0.39602318343977894,0.8706870858098141,0.5810904145192591
2022-04-21,0.9892510659790824,0.9833709265661912,0.9859643330350779,0.975850810385903,0.032534519713199185,0.9856360797960116,0.9665687478592512,0.6140565269912197,0.765923651482488,0.8105328933244904,0.4768001748514365,0.9829223516441045,0.9634992092210034,0.981344401329932,0.3850301606953216,0.860926077293652,0.5405778595746235
2022-04-22,0.9758380415925237,0.9676555348873777,0.9757407680124403,0.9592651459169644,0.039467281839836034,0.9854260728915895,0.9704259967669334,0.5417603872296757,0.7547232241705407,0.8085489946051817,0.4526102754658463,0.9825781755225874,0.9699604890172703,0.9843923721598686,0.37101542501612295,0.8497162960045581,0.5015240536692795
2022-04-25,0.9746439263967684,1.0,0.9819790627757427,1.0,0.06073271199413423,0.9891387144390275,0.9758352473617408,0.6483266889119197,0.7744267021249035,0.8118145269540664,0.4956243321423333,0.9916514104224613,0.9694082772172475,0.9887901915322965,0.39457311951759166,0.865370016902349,0.6930827718638081
2022-04-26,0.9999999999999999,0.998903609480499,0.9999999999999999,0.9878798187113736,0.05412098554602203,0.993758047877498,0.980052890590995,0.5987619350635662,0.7781161556184066,0.8153356061898445,0.4977182939704875,0.9967341640927673,0.9708026877816732,0.9921042711303336,0.38460680116067403,0.8510979804017906,0.5169145911004502
2022-04-27,0.992099363555054,0.9829144219540713,0.9788601469545793,0.9643688398393672,0.06015364137566803,0.9958578120056899,0.9819880255312398,0.5106490747465602,0.7605961378309107,0.813837569553419,0.45659144959664466,0.9974299883758851,0.9743105155770856,0.9942136657350829,0.38331249059276107,0.8355652706868897,0.4791017688723997
2022-04-28,0.9738172752097577,0.9799906016914479,0.9804196110923963,0.97676238678559,0.048852381226852246,0.9985301763440141,0.9848907033737336,0.5449284776155192,0.7538320682364117,0.8109732581420608,0.4453961372206618,1.0,0.9754095021890715,0.9960860103140394,0.37634231703048227,0.8487363015060849,0.5979687594133064
2022-04-29,0.9761138149723728,0.9621737344022208,0.9655173698466625,0.9494235225478783,0.04254694560355377,0.9990646941466731,0.9860790459419123,0.45146614089136045,0.7255016755299432,0.8017044866334275,0.3929177246026451,0.9987473905684688,0.9798326528994473,0.9976486986871635,0.37771525982264964,0.836882948011691,0.4658917528019275
2022-05-02,0.9574641561563267,0.9517576828704222,0.9380524418504944,0.9328378580789397,0.033715448451321205,1.0,0.9873128390755496,0.4011071172220398,0.6887357211170788,0.7852346031848785,0.3339115136259837,0.9984693525662308,0.9805557261292831,0.99786641960553,0.39191084366718587,0.8268751551156077,0.5006396367031613
2022-05-03,0.9421221534580192,0.9446312182669703,0.9436841619536044,0.9296484899190668,0.025359807941578202,0.9954283618480909,0.9881115679316054,0.39153795712502454,0.6559183285060617,0.7639762977711508,0.294674984728765,0.9964820215905591,0.984370417025152,0.9987469434272698,0.38859517122885057,0.8186134807578214,0.5456966369229649
2022-05-04,0.9361506565780954,0.9434435054832238,0.9390923676668322,0.9470542513607948,0.02552267155302182,0.9919065816879596,0.9897999376936898,0.4492866330451772,0.6421554085431034,0.7435800664880777,0.3017388560385505,0.9949340717655984,0.9884780270330275,1.0,0.39013091554952206,0.8269091895107954,0.6159583868468087
2022-05-05,0.9478178532722649,0.9362252406039284,0.92280391771518,0.9157056155266791,0.03333878446106889,0.9856074818819295,0.9905856728745751,0.35537985773580233,0.6065795642684718,0.7185013203028344,0.2633701340239264,0.9965948437114586,0.9814626133927612,0.9973535799876314,0.409785026024059,0.8169801099072864,0.45071274490547497
2022-05-06,0.9084979511129091,0.9102769892014748,0.9177790463214212,0.9121518619779246,0.02894749893770031,0.9806732343760985,0.9909525694932594,0.3455560962490923,0.5753550711225209,0.6907482303483574,0.2414564498612315,0.9981813932275337,0.9746013160107699,0.9947458588658458,0.3963091997160527,0.8079686984406924,0.5443268343647404
2022-05-09,0.9113459185728569,0.9257181805240617,0.9169126259447499,0.9209003291803667,0.0384726744349705,0.9723890028213878,0.9910857055280083,0.3772118140680683,0.5572062034344488,0.664075982692097,0.25031291664208455,0.9978101231265538,0.9703418258644824,0.9924284323018819,0.4044465956308533,0.8189706318184339,0.586739454369131
2022-05-10,0.9368855661352186,0.9313828420477737,0.9334607743441948,0.918713097455853,0.04069445580096056,0.9651450645240035,0.9908454426469605,0.37031814112508615,0.5412321999442783,0.6388040431240907,0.2617870994040339,0.9985651712465037,0.9668973299601459,0.9910979698128399,0.39712039859333903,0.807504402061896,0.5490548033763812
2022-05-11,0.9160314049988708,0.923525493199745,0.9280892776464412,0.9099649367171528,0.02696967787856406,0.959447259131461,0.9903226983596162,0.3422167503499412,0.522178723070682,0.6138939250102039,0.26475187945964157,0.9998217949724441,0.9619467084764096,0.9892740537593485,0.3875488257996178,0.7989063054109365,0.5265030455401949
2022-05-12,0.9207166461108883,0.920144736206733,0.917952383327253,0.925821217480845,0.03206134395320251,0.9541121112374767,0.9897642433036632,0.40498763935642385,0.5195509121017631,0.593318642727784,0.3002717046970369,0.9994303964887051,0.9596464437621296,0.987924237757442,0.38789009727762136,0.8085684321040427,0.6113342116658297
2022-05-13,0.9412035287605575,0.9287333212298352,0.927396090385915,0.9165261721950811,0.037648303068404054,0.950666720567262,0.9896408634443467,0.3729403408188034,0.5107870388730682,0.5747000151654641,0.31630461491785056,0.9996782362668774,0.9564346148535424,0.9864486605300737,0.3864765684827548,0.797738771590832,0.5247641420742245
2022-05-16,0.9242076805298637,0.9309261383474221,0.9306016670418381,0.9277349303158914,0.022799565160859646,0.9501322830056639,0.9896051635947926,0.417382093857897,0.512833347542527,0.5603090861957842,0.35094655316078943,0.9995907844233379,0.9569319500680417,0.9866518683475785,0.3836643629098172,0.8054654196538968,0.5951219063268752
2022-05-17,0.9413873977343356,0.9361341708223327,0.9342406601077086,0.9344786649520022,0.02437056230169847,0.9506381547496042,0.9903681816822395,0.44354102177361204,0.5199466164781595,0.5505482273320778,0.38888554033240125,0.9963468981818778,0.9561503544262965,0.9845908534574175,0.3827834561107456,0.8135203665742462,0.5796002213906971
2022-05-18,0.9424896244457083,0.9331188575225629,0.9219376737111359,0.9042236449801432,0.04352345705159224,0.9461524387256391,0.9896830928886501,0.3370070256628929,0.5029471278752764,0.5385528382247067,0.3705757065051334,0.992385000916134,0.952106709567866,0.9805317002222533,0.3945403492908347,0.8014629467679649,0.4536169307548925
2022-05-19,0.9046393942039453,0.8913639035903029,0.9004510410156416,0.8900075581620298,0.03189982078300534,0.9434610412076844,0.9869914694557079,0.29428756985432186,0.47938824917982314,0.5231543521062214,0.34269058794465335,0.9896717245366907,0.9457763598065966,0.9759742448754913,0.3894215624549583,0.7918345743515677,0.5072742180347138
2022-05-20,0.9058338720843878,0.9129268078845578,0.9122341778640436,0.9177108077886228,0.03624016953900885,0.9440432382486926,0.9854394786876376,0.40278320234902315,0.4826842728299524,0.5116473210933603,0.3745773330590951,0.9870203260241891,0.9440926532100727,0.9737681071118585,0.389398622793687,0.8023699704026814,0.6534639766366195
2022-05-23,0.9415822668102461,0.9487993219672617,0.9516580089729146,0.9506360463419147,0.03301439767942811,0.9471575061572576,0.9849437044655628,0.5069060058440003,0.5109350257274914,0.5093994046520781,0.4504469032624521,0.9761787636082199,0.9500296495797679,0.9711473534858235,0.3996006677719265,0.8122312613342939,0.6697519329523213
2022-05-24,0.9568380793499723,0.9654432350680386,0.965958214310274,0.9686119835750758,0.028852327609202394,0.9523834941120796,0.9858286829352066,0.5555133188665942,0.547101272849743,0.5165082394315564,0.5271165122332565,0.971125331190542,0.9531949244327703,0.9701244157943034,0.3923549295640094,0.8212227843888851,0.6171218558975502
2022-05-25,0.968673087360843,0.9636962202072876,0.9656094924882453,0.9522869665184531,0.02978460449610803,0.9568159461198608,0.986112545601931,0.4978149717809968,0.5630971910259223,0.5261348459346213,0.5477472385367225,0.9688949805964714,0.9542113857093212,0.9694829839200578,0.38388520359725076,0.8120364389322108,0.5021532482620329
2022-05-26,0.9730185363272682,0.9586385005191651,0.9615983598932963,0.9508194648913223,0.032054641746970265,0.9594340514528471,0.9860973462776982,0.4926518184334135,0.5743523754444365,0.5366081029534503,0.5546847281040987,0.9629993796616737,0.9575357320259174,0.9681056629887712,0.3749753519763558,0.8023757128314992,0.55162018702175
2022-05-27,0.9615538535593416,0.9601102105706723,0.9583723714515285,0.9657692259070657,0.02505753844050384,0.9645913530595925,0.9868615709206966,0.5371099025515285,0.594190019437365,0.5498724028412137,0.5775546495472555,0.9662786970499989,0.9558903497196097,0.9689734634418183,0.37285579190702134,0.810574220472291,0.6069207941772977
2022-05-30,0.9615538535593416,0.9601102105706723,0.9583723714515285,0.9657692259070657,0.02505753844050384,0.9645913530595925,0.9868615709206966,0.5371099025515285,0.594190019437365,0.5498724028412137,0.5775546495472555,0.9662786970499989,0.9558903497196097,0.9689734634418183,0.37285579190702134,0.810574220472291,0.5565593718828475
2022-05-31,0.9452806710513028,0.9510063510485771,0.9302948142695749,0.951461506430184,0.09568404727468187,0.9670762742798017,0.9878433031346129,0.48370491032855273,0.5983829872611637,0.5615165036303904,0.5642786706938384,0.9683709059846292,0.9557122071163952,0.9699622009786166,0.4074618069588126,0.7876165502961132,0.5087946483082934
2022-06-01,0.95591345946048,0.9478798746384474,0.9380552553721905,0.9347694990428755,0.020512102173793567,0.9671067337864953,0.9864705104338175,0.4257979231694146,0.5884664613974915,0.5683895026261454,0.5251840640049368,0.9686746500001592,0.9559434396151395,0.9702340775653897,0.4146325387535956,0.7803679244173115,0.5003507513724468
2022-06-02,0.9428768193552103,0.9293050723330125,0.9266326279948868,0.9296334731957235,0.04391017435119292,0.9697679446173632,0.9846517289411479,0.40851002986817125,0.5763543387577946,0.5709048798352542,0.48947752970235275,0.9670799259924204,0.9557361694240206,0.9693092009264421,0.41304736039262,0.7682296904298642,0.5390872071230806
2022-06-03,0.9366821321807567,0.9372133015675588,0.9402353694018052,0.9229384662945431,0.014203985668002192,0.9732168498460422,0.9827665050002338,0.3856309726561112,0.5614801752518119,0.569253913147966,0.4553383343942745,0.9670592121246907,0.9565268175795155,0.9696931960984605,0.40344791415720205,0.7622993021128216,0.5337117365166412
2022-06-06,0.9379764607836011,0.9356499817979604,0.9389273763454703,0.9227548945132648,0.021926937909421018,0.9737451248941681,0.9814656743298668,0.3849786303302675,0.5495395343381152,0.5649923510156968,0.4339470066539821,0.9668953848676981,0.9578235893666002,0.9702561156765075,0.394301875961629,0.7547550111795285,0.5559303156772365
2022-06-07,0.9358496692249126,0.9430062804631691,0.9424150794143266,0.9405474131970183,0.02233778315145779,0.97268852665328,0.9793474268412138,0.45585624846231737,0.5536380447751311,0.5625924988459935,0.4492019355795563,0.9678514591088708,0.9589266598323657,0.9712991878549295,0.3904535344232203,0.7623851584266081,0.6175369589172301
2022-06-08,0.9462053465459105,0.9443856152618864,0.9459030847050621,0.9308257703828077,0.014866833864371471,0.9687311177738652,0.9773146373346789,0.41776542239254283,0.5494327649965965,0.5596369239938299,0.4446483207879286,0.9680151269636658,0.9600460566005306,0.9719422548935661,0.3839772086159372,0.7563162515217436,0.523604296709446
2022-06-09,0.9379762807479212,0.9370290669529722,0.9183488246469572,0.8980836439151817,0.02275197949661069,0.9630543194910494,0.9749529495200416,0.30761035946156484,0.5213471418831678,0.5503554245665053,0.3928134315070987,0.9691119613831077,0.9576505736100785,0.9713114719257263,0.405364873832751,0.7485995476646803,0.44490428266728993
2022-06-10,0.8913768833256247,0.8939947866523787,0.8920158928452965,0.8874452148176751,0.030377079527038706,0.9564170357100165,0.9717706510635996,0.27689732107081483,0.4916005147424524,0.535604106766583,0.3479935120848625,0.9715657316404468,0.9510369540986149,0.9692740733650511,0.40595113482958356,0.7392893898403268,0.5195353082168291
2022-06-13,0.8720526713181754,0.878178433198683,0.8873072294902958,0.871486728396126,0.0394230472787032,0.9465426831009133,0.9689938262463264,0.23357974259889208,0.45686517846701413,0.5152482950382196,0.30207005555227595,0.9758859454993108,0.9417886640761753,0.9668829098357219,0.3962781367157566,0.7280888524610369,0.5006469875826272
2022-06-14,0.8811133319357013,0.8676952190386331,0.8627173967900571,0.8474572128731627,0.033523765353078924,0.9356501516708507,0.9659517830483401,0.17614673646410078,0.41250880736690976,0.4880393812459651,0.24591545198541592,0.9827609976527812,0.9261561873471261,0.9626209311349259,0.40331881788576773,0.7181211165074379,0.471511579400022
2022-06-15,0.867984305025893,0.8707300105818192,0.8747508076570797,0.8639661081748055,0.03807657404664467,0.9282348024193064,0.9636115730144256,0.2507095085507392,0.3918005052948986,0.461172126786888,0.24871502278279015,0.98419033886312,0.9171816728318164,0.9588773890326294,0.40289040417281075,0.7290402748746609,0.6158996061491387
2022-06-16,0.8565191316751882,0.8594195204491837,0.864025587613957,0.8647914150312038,0.03312096275852085,0.9214437928139217,0.9606806148200905,0.25439923552543225,0.3779861728391333,0.43627607419326164,0.2648671329181227,0.9862118901192253,0.910901715770991,0.9567839149090389,0.39726745159009236,0.7389238352253469,0.5594944753248167
2022-06-17,0.8771376142610589,0.8777182472856904,0.87998239464772,0.8591049803039584,0.06951327237900172,0.914758412541023,0.9586639800550799,0.23864138861010226,0.36480228639360923,0.4131122518558966,0.27906109974073856,0.9883460127119427,0.9054127972463278,0.9551432836999523,0.3939037214777944,0.721435198231444,0.5363469582088334
2022-06-20,0.8771376142610589,0.8777182472856904,0.87998239464772,0.8591049803039584,0.06951327237900172,0.914758412541023,0.9586639800550799,0.23864138861010226,0.36480228639360923,0.4131122518558966,0.27906109974073856,0.9883460127119427,0.9054127972463278,0.9551432836999523,0.3939037214777944,0.721435198231444,0.5565593718828475
2022-06-21,0.8782471209156154,0.8929828066540386,0.8827726445480532,0.8916635349903063,0.040915628606624725,0.911502166099413,0.9579339975678242,0.3789298528890021,0.38120729822782273,0.3986214858871278,0.35012848463461355,0.9878033942496812,0.9032023740274472,0.9537604227340875,0.40749982106674687,0.7329476475370023,0.6727120749409726
2022-06-22,0.889805004797578,0.9303168276433895,0.9013459150063093,0.916702082382817,0.05682264487824101,0.9090048075147742,0.9577844174365994,0.465948222343379,0.41491622368463343,0.39533084204057656,0.4419027515009156,0.9842534889368107,0.9032563146965379,0.951958853927271,0.4413724587004427,0.7477842628318073,0.6440515746690432
2022-06-23,0.9360349465822718,0.9477882895788032,0.943461827199959,0.9526541100810099,0.05434550945480232,0.911290923482654,0.9589937082113446,0.5673691022232188,0.4700577799508647,0.4062788098943598,0.5585745284452042,0.9812890147199348,0.9046180634787172,0.9511116435293143,0.44786251122483167,0.7621032191775833,0.680234981633463
2022-06-24,0.9709845172652579,0.9727076811105899,0.9736314925210877,0.976774645335258,0.048654666143000944,0.919532354455514,0.9613740839882118,0.6236113139941746,0.5324085354367111,0.43039317751431305,0.6664605561709136,0.9860612089323321,0.9022981683231129,0.9524117049769212,0.43983957718706745,0.7752329325211391,0.6377240091110052
2022-06-27,0.9789360720742671,0.9802480354299918,0.9868853962660203,0.9752155110493587,0.025426159783277454,0.9287246740957157,0.9631339626399521,0.6175485637189224,0.5802619908329271,0.46147021192149146,0.7235129376413244,0.9904889152762203,0.9003239996923041,0.9537069016070865,0.4205472100808919,0.7669573922986466,0.5513886392661145
2022-06-28,0.9838362971661644,0.9767535688801159,0.941630252365251,0.9277073485791384,0.04779209220091069,0.934612747091715,0.9635323388935234,0.4557425388723267,0.5814365094568735,0.48662110458961905,0.6749538855602478,0.985205736168398,0.9017274444913307,0.951686180096168,0.45848059007605046,0.7540079351962705,0.39885563222519144
2022-06-29,0.9380688397017175,0.933810883896929,0.9426767346941801,0.9281661248004635,0.03339709365528944,0.9430655169706071,0.963547702003578,0.45703705608512785,0.5823283439451868,0.5069614632874222,0.6355361699724684,0.9822533610647254,0.9022963033869887,0.9504494182213226,0.438088987403232,0.7639491999536123,0.5581268673591826
2022-06-30,0.9347404140052028,0.9337189773042778,0.9304694030326771,0.9329353135488004,0.05805652104559779,0.9502887691225078,0.9634927136437815,0.47120380992185223,0.586250761370905,0.5241997788909415,0.6101178997376422,0.9820466850344499,0.9023144887441809,0.9503520405210333,0.43529270353502814,0.7790436643082558,0.5728495992502814
2022-07-01,0.9401953777848283,0.9468684454557259,0.9449439285869382,0.9513698737714157,0.02267691478680952,0.9593562657684719,0.9651724955692932,0.5243942010385876,0.6028451445765898,0.5420773624133454,0.6153560876740407,0.9848540417752899,0.901729461763605,0.9515060354182059,0.4300257257593202,0.7867446815305001,0.6193422632176402
2022-07-04,0.9401953777848283,0.9468684454557259,0.9449439285869382,0.9513698737714157,0.02267691478680952,0.9593562657684719,0.9651724955692932,0.5243942010385876,0.6028451445765898,0.5420773624133454,0.6153560876740407,0.9848540417752899,0.901729461763605,0.9515060354182059,0.4300257257593202,0.7867446815305001,0.5565593718828475
2022-07-05,0.9529548896892223,0.94144314251144,0.9268070316377736,0.9387132277029432,0.023869907496149582,0.9676937613393658,0.9669078391049767,0.4802219758208885,0.6056480337377372,0.5570697359797168,0.5917145571995657,0.9864139996997648,0.9017975390481924,0.952343524316426,0.44696325210285837,0.7787943588620243,0.5139370441700802
2022-07-06,0.9459280221412746,0.9442937552013733,0.9512221193901716,0.9401807293300742,0.021585795612199622,0.9727750425650742,0.9677084242003423,0.4847680473468778,0.6083031696216938,0.5697175523134437,0.5725031576448057,0.988120169019768,0.9018903481305157,0.953268669415199,0.42925190388100254,0.7862673596424343,0.5615395918405137
2022-07-07,0.9439865329121718,0.9413513666074564,0.9520942227409132,0.9420152212878908,0.02420099648402261,0.9754261269740644,0.9674012711898045,0.4907907141563946,0.6110900334216149,0.5805221653388418,0.5573998730143768,0.9883004272746577,0.9018604556402131,0.9533465959808693,0.40792915643143157,0.7942868715752014,0.5627794498897976
2022-07-08,0.9483318252053522,0.9493511915653108,0.9543611013674026,0.9399971575487959,0.011483560158332918,0.9741005446490388,0.9663817481273466,0.4825864714744013,0.6110326381660384,0.589151720226153,0.5395773560956956,0.9892732208649223,0.9018320962080021,0.9538335088877552,0.395212029113028,0.7889249837111104,0.5497245379471233
2022-07-11,0.9425067773386578,0.9404315396050904,0.9521811629098854,0.9406391990876576,0.010256386197208396,0.9703160231593034,0.9659667476128954,0.4850040225905003,0.6107607196827792,0.5959883949648255,0.5248864215304313,0.991804459250664,0.9037462821846075,0.9560928016968095,0.3750435065227664,0.7940304231077576,0.5587365396790187
2022-07-12,0.9450960300261514,0.9351904347141542,0.9319518650127975,0.9177109610204935,0.01738485274582687,0.9642934821935537,0.9647871184504192,0.39128046737715166,0.5924852794043035,0.5969567862594877,0.47680146272722673,0.9920940789353113,0.9066664411621131,0.9576996232381934,0.3766344308378101,0.7874353136402572,0.4788400579450211
2022-07-13,0.9236452574758115,0.9156959251524861,0.9258480054734978,0.9139504976779625,0.021291568758603954,0.9628527058015907,0.962940859156434,0.37707551212905993,0.5748194095883493,0.5933806782494905,0.4395636462634029,0.9910781993412362,0.9122310885021968,0.95995404309466,0.3616244546704743,0.7800237988659683,0.5436314037097866
2022-07-14,0.8947052148452016,0.9127532689520754,0.9066647621697231,0.9161515202708527,0.02174664856177356,0.9615943975819709,0.9616827929640538,0.38723808668148135,0.5623442379182634,0.5874473566873374,0.42024854029975656,0.9861988633716107,0.9245722204889796,0.963601053551874,0.3695147295642882,0.7875304138638478,0.5641438764106563
2022-07-15,0.9425994858272241,0.9357419142111338,0.9437232382469579,0.9395386877912125,0.023968429927763615,0.962285979237112,0.9618527152943058,0.48688043923945296,0.5701121968807641,0.5846138234268945,0.44564833467037984,0.9838837815872968,0.9349988943283042,0.9676132344527462,0.3666239980551531,0.7955013252405236,0.637039131494188
2022-07-18,0.9428769445745347,0.9327995239286053,0.9207034436988436,0.9028529858953894,0.03680047398002474,0.9572047301078278,0.9608985482341438,0.34816536284036953,0.5481870618811036,0.5769471869149949,0.40604568545357306,0.9794512532682295,0.9436209253576225,0.9696339396933715,0.38123962160966696,0.7848488396652248,0.43212298326920695
2022-07-19,0.9298399356327692,0.9195578888003015,0.8855631403373035,0.8795574510337979,0.07467263073658587,0.9510092536077625,0.9593529178154742,0.27914994670311283,0.5133819620166711,0.5622419385614402,0.34837100704600554,0.975343765440054,0.9500346773042111,0.9707197702003421,0.42441885652970823,0.7662820266459902,0.475727786116289
2022-07-20,0.8916541028915913,0.880937072863925,0.8845168463326282,0.8705696356490883,0.035795813265810834,0.9437187754950928,0.9574935993319899,0.2547682089845191,0.4797107824642718,0.5421850671623778,0.30451958505373933,0.9785912701237441,0.9444401091874141,0.9695998859712827,0.41714211692021663,0.7558394898706357,0.5249117917787347
2022-07-21,0.87177519546811,0.8702702075024613,0.8846040571443797,0.8760723453631846,0.02422378398521225,0.9368124755334976,0.9551964049143215,0.279815562481808,0.4582784923554171,0.5208611399496647,0.29413727697641956,0.9815522142025285,0.9370634404194625,0.9674428356799591,0.3968003964373015,0.7638637638175443,0.5760465497687307
2022-07-22,0.886106344728684,0.8803851206186208,0.8958521911346494,0.8835010264619948,0.014356795970097437,0.9308955478520212,0.9535102626394093,0.3138130229883473,0.44813693920353004,0.5013042959237162,0.3086168301623073,0.980045386500242,0.9312633105658873,0.9637714685949534,0.3757057584128899,0.7698260856411827,0.5827750051551805
2022-07-25,0.8909144916808648,0.8848911469551335,0.9016075058476795,0.886619754729406,0.015565203753771665,0.9252380074238068,0.9531018135578168,0.32832120747026367,0.4436951037308262,0.48456486770445606,0.33170285255517407,0.9723915453951931,0.9295724848256853,0.9589851065037684,0.35414389821162384,0.7760409342735604,0.5675134946746855
2022-07-26,0.8949825511620547,0.9032819042808742,0.9083214871469466,0.8978085927070057,0.016156338343455895,0.923153601434659,0.9534710523137483,0.3799126173196771,0.4498771287378237,0.4726958589632646,0.37161127248609943,0.9629172785323162,0.9311159848546905,0.9548755397674606,0.3487514117070727,0.7823793151551379,0.595781205142662
2022-07-27,0.8956297419724709,0.8951898815301116,0.8964626638127281,0.8934062410574838,0.016980709710022343,0.9210019694847417,0.9542520267867564,0.36280621320400014,0.45251245850841193,0.46384969152215677,0.39638055992253285,0.9618295700419189,0.9285901688164268,0.9530544791502935,0.3489693370698739,0.7758686614090295,0.5412355782256384
2022-07-28,0.902749149124702,0.9134888882248984,0.8991658221587139,0.9025777814553427,0.02277476699780033,0.9195803707063189,0.9562159279767793,0.40602272137232037,0.46261204975349945,0.45926012527888,0.43125932731545624,0.9603638466670331,0.9273810961602705,0.9516959829473668,0.3686776915078325,0.7835901272802344,0.5885723285687862
2022-07-29,0.9063551543093474,0.9020866574928073,0.9119837910436573,0.9055127847096046,0.029064117326141413,0.9160167849534916,0.9576962023931533,0.41982935228562807,0.4737246547719063,0.4583253290759503,0.4612066651531773,0.9582140166560534,0.9266828631117768,0.950240109044151,0.355513244730825,0.7926259090544936,0.5667450934984342
2022-08-01,0.9098684620364511,0.9049370182681891,0.9174768797618541,0.8999179826411275,0.022428933156216357,0.9157093974976377,0.9589477335312565,0.39411308129736417,0.4790487331326778,0.4588887274177536,0.4734829336139663,0.9522984393763373,0.9273147318633451,0.9475085059156811,0.3395737615574227,0.784976713750848,0.5371786097932851
2022-08-02,0.9176352474585759,0.9079717273505161,0.9101525761755848,0.8908383813657786,0.02465942739030834,0.9168908668774002,0.9600783688950022,0.35345839475004076,0.47713958905841575,0.45886925445590393,0.46870686189024424,0.9484273807883571,0.9262173375914285,0.9449668096406414,0.33835738431436024,0.7768614012982931,0.5249967109729999
2022-08-03,0.8948903240635931,0.9058568110330341,0.9020434974006529,0.9061548262484663,0.019403557262979827,0.9206177592372425,0.9605946818590901,0.4319945731534836,0.48804865354336247,0.46154040410178837,0.49075393553320584,0.9439850013541974,0.9271824318683438,0.9431603597460911,0.3453552149979585,0.7838783691950346,0.6101074757468822
2022-08-04,0.9157861756860287,0.9042935500137683,0.9005611292162788,0.8804746970127063,0.02370369278158984,0.9210788243728113,0.9593039294762712,0.32439043267502893,0.47784897423311434,0.46116530602005057,0.46579285485524685,0.9385475331875596,0.9262479362434671,0.9398931467254443,0.3518531994680797,0.7759627812179439,0.4676373852109226
2022-08-05,0.883332455744369,0.8715573373892596,0.8847781370475595,0.8742378534053677,0.020914904768351644,0.920108677850869,0.9565100217978183,0.30143961722969165,0.46594248087074774,0.45793284876768375,0.44237953487563697,0.9329260022476406,0.9250546702281409,0.9364019568589861,0.34058752987563234,0.7686299797362293,0.5346112020707595
2022-08-08,0.8833324247894186,0.8710975046227791,0.881726309896599,0.8658917730957779,0.016855378453479314,0.9179378040945633,0.9525593549170944,0.2712918309437528,0.4512381061862902,0.4517254307809895,0.4180025827880035,0.9265183967375549,0.9237165825775865,0.9324335837205247,0.3305904886591975,0.762145517067899,0.5270718295684946
2022-08-09,0.8763055849112508,0.8677873315420375,0.8842551425984576,0.8657085077782413,0.02290546001932916,0.9145759122722558,0.9486577091327378,0.27061699828714697,0.44068704251698404,0.444160938248419,0.406882657471864,0.9244698213000441,0.9202995870418239,0.9296727510116758,0.31376060129466654,0.7543967396450002,0.5559084151027454
2022-08-10,0.8807438422942832,0.8688909628002348,0.8825113122689229,0.8702026453184025,0.02338064644119551,0.9121457636001736,0.9466088631561708,0.2981848746735118,0.4370502069485165,0.4372136498186347,0.41194005358076047,0.9220676967572045,0.9181253595040145,0.9273501586298603,0.3018483781988919,0.7622448190686733,0.5725243828641716
2022-08-11,0.8576287652745346,0.8570286246995131,0.8602760850555397,0.8378273559495913,0.04834837531818724,0.9053643508256651,0.9433901660306702,0.185334182925123,0.4109682900400137,0.42523226030410144,0.37069041975156997,0.9227540390487984,0.909086706239952,0.9231918949082611,0.3137763992866144,0.7491791127975488,0.44187933709898297
2022-08-12,0.8485675933704461,0.8385457667333005,0.8443191081700069,0.8209519300128753,0.08372396025323615,0.8965081609893092,0.9394002888242853,0.13950616686881095,0.37932908965644413,0.40785491992972844,0.32647577380355464,0.918523455456456,0.9008395015255738,0.9168960727056892,0.3144026894009805,0.728720799749462,0.495520610327959
2022-08-15,0.8343287047374203,0.8276030045955296,0.8441446981689426,0.8281971925622783,0.05333012521061682,0.8889967310915191,0.9350117460093775,0.18366126438912506,0.36195156226315084,0.3896732407091375,0.31988498781763197,0.9191348674653322,0.8922683295601924,0.9129325643846691,0.3013994971779205,0.7428275663474623,0.5830573435624831
2022-08-16,0.833034168614338,0.8413961178888796,0.8482428485033212,0.8417709313777882,0.03578106841209989,0.8838578207359175,0.9315577705513288,0.2618944326487567,0.3607352857755801,0.3748283478966803,0.3472267545371608,0.9196173236359201,0.8877515790806941,0.9109264617315136,0.3012841706890008,0.7532670218195487,0.6059662499164229
2022-08-17,0.838119614652923,0.8442468162583598,0.8553058598278404,0.8418627172684273,0.03546606471918426,0.8771244081640014,0.9280547794564408,0.2624174247490462,0.36199135686158035,0.36326178385549757,0.3740895169470093,0.9202282145767092,0.8840679895391085,0.9094023990326565,0.2953717043077262,0.7636406494490909,0.556890511442003
2022-08-18,0.8498620951498587,0.8418562128307101,0.8511204903084623,0.8344340361696171,0.0415349124624844,0.8723024981433424,0.924221749012227,0.23598534451148717,0.3594784703533593,0.353389648886885,0.3879737392970149,0.9208518279251675,0.8789959110272895,0.907191803208893,0.29243611849460993,0.7519987854062754,0.5297602281220143
2022-08-19,0.8444996611920669,0.858592031836662,0.8604506946497444,0.8577295710312084,0.04030438739824375,0.8705735600537018,0.921290621572543,0.36522109292008736,0.37729414931708716,0.34987965755356687,0.44010540906417006,0.9195368344560096,0.8776118267071437,0.90582358550623,0.30108868811122613,0.7633835006854499,0.641006734884711
2022-08-22,0.871634863527771,0.8579939187967389,0.8717268883477688,0.8522818715587474,0.02243697580369506,0.8691481738972074,0.9181425215956246,0.3430501365050766,0.38908017766272285,0.3499743746679541,0.4696425401280073,0.9177408859421506,0.8758129226715,0.9040005724539697,0.29068247522885593,0.7557326246709308,0.537107479831146
2022-08-23,0.853949898120235,0.8473485237527298,0.8597011182333903,0.8388020638800685,0.023131994589979124,0.8663302201781008,0.9153310615366371,0.29082908233349186,0.3899289169949893,0.350259179275441,0.4712001249587182,0.9143890781974694,0.8729957734557158,0.9008678903464131,0.28359111361244893,0.7479365072250959,0.5082580846049246
2022-08-24,0.8498536411566456,0.8364242191290632,0.8532924207283002,0.8337231935207435,0.023922854925384332,0.8625096704520495,0.9124726277040506,0.2720711208938302,0.38855691168679335,0.35014912000890464,0.4679645939390533,0.9113998342843274,0.8697325460885873,0.897699291568282,0.2717461782059275,0.7399751198767031,0.5382006671018101
2022-08-25,0.844175950484204,0.8424417903073276,0.8500446302126369,0.8480347437943966,0.02388532257048375,0.8635787060573673,0.9100456821586108,0.351708143944561,0.4001357725061788,0.35291276073010475,0.4915118112542156,0.905567681040763,0.869949561569488,0.8948035781350554,0.27267008980492924,0.7479286639076863,0.6084635085040734
2022-08-26,0.8582314414009672,0.8448487694064779,0.845655641781715,0.8216282954908075,0.02380757697818968,0.863649542865874,0.9058446304330722,0.2553639555919743,0.3909130230950161,0.35285225770989365,0.46837065988418475,0.8992086000718987,0.8675895994805075,0.8903501143624621,0.28241141479171905,0.7399913667484799,0.46167850033459584
2022-08-29,0.8210918129038985,0.8109669656559146,0.8265189688172762,0.8099020733421366,0.021073747056055907,0.86173346657415,0.902532864744282,0.21903472389932527,0.37660816182114365,0.3492807968689218,0.4396017253598319,0.8939554924491014,0.8634362708172344,0.8855711308489014,0.27918391144948007,0.7326253712270141,0.5136923898870531
2022-08-30,0.8195093106071002,0.808189619732196,0.8266065725729502,0.8046390182740498,0.032561998758751404,0.8578445835606899,0.8998635816973889,0.20320012283108868,0.36337608552583345,0.3431647795448138,0.4187515236217213,0.889925653112512,0.85842658939526,0.8809947694223168,0.26753695358415264,0.7228586202820344,0.5371695677588894
2022-08-31,0.8188578803317709,0.8082824880904964,0.8199353511960742,0.7945752086922312,0.04441418025985794,0.8528920892376243,0.8971559618492159,0.173588797179189,0.3475019782570565,0.3343624270833153,0.3967395816892188,0.8810779240655383,0.8556890228630171,0.8750709593213768,0.26572232923524053,0.7106150617465163,0.5193528273301415
2022-09-01,0.8026619677115178,0.8263342470247439,0.8217788212027833,0.8315076139001226,0.036156391961105754,0.8525856004816518,0.8955681565815167,0.3642208552400719,0.3653066555801441,0.3317055522276475,0.447095880992383,0.8749080322720663,0.8568475953410283,0.8724712757240594,0.2860124286099196,0.721132950392698,0.6940232658609625
2022-09-02,0.8433383827815796,0.8328142859239065,0.8264312618187845,0.8075016960852704,0.024723098349514687,0.8473251570153068,0.8928603620284675,0.28688637220209207,0.36317537407356093,0.3290551518128922,0.44714893283071366,0.8702134176691915,0.8545939603125957,0.8689282243004295,0.30520373112599875,0.7130043323123948,0.4693700200313614
2022-09-05,0.8433383827815796,0.8328142859239065,0.8264312618187845,0.8075016960852704,0.024723098349514687,0.8473251570153068,0.8928603620284675,0.28688637220209207,0.36317537407356093,0.3290551518128922,0.44714893283071366,0.8702134176691915,0.8545939603125957,0.8689282243004295,0.30520373112599875,0.7130043323123948,0.5565593718828475
2022-09-06,0.825466553018715,0.8329992092598417,0.8335415064402817,0.8115638729815052,0.035385638244397284,0.8430606976924934,0.8901861817855122,0.3053617783281583,0.36669163972473806,0.3278008314435519,0.4585884708336499,0.8661183638639568,0.8530413678049006,0.8660439326125002,0.31472478788101044,0.7233611528332022,0.5715488864449372
2022-09-07,0.8158793089575952,0.8163362142140267,0.8277479349416036,0.8197815449833227,0.016592651969175212,0.8410686491643687,0.8874061413066107,0.34297829009680686,0.3777375276946031,0.32951780059832436,0.482935340871973,0.8610146296491114,0.8534231286136454,0.863605650316247,0.30930577770107803,0.7297907122796657,0.5868009903784562
2022-09-08,0.8249082182715187,0.8255935011996463,0.8358239219950158,0.8319691482951231,0.02495566490577368,0.8408849452796888,0.8852171874788272,0.3965283405660874,0.3975613515495307,0.3357736665160033,0.5201272498754705,0.8541916812357518,0.8563971875641999,0.8615758174415591,0.30520896336219594,0.7379679309160603,0.601167317161943
2022-09-09,0.8352403550808528,0.8328142758333621,0.847323508172586,0.8349239184607246,0.022691659640520466,0.8395118281502237,0.8828067351656096,0.4093513761542726,0.41704893589617253,0.3455778394336345,0.54920222512875,0.8538958743475634,0.8563936220240266,0.8614216726909254,0.29520974467141137,0.7456720294415726,0.5672878361620168
2022-09-12,0.8456652984671887,0.83623945599069,0.8546093666493969,0.8342774331976083,0.028487057369544905,0.8408365920164284,0.8802686773188816,0.4065943637195642,0.433325488446539,0.35742983220286173,0.5659821462317242,0.854497986269907,0.8571895888065905,0.8621291294119171,0.2805480185441943,0.7367568386724849,0.5542165840477934
2022-09-13,0.822022940121819,0.8165216384810265,0.8158974796143986,0.7944831163378502,0.030907224040009486,0.839221740667086,0.8765121184747141,0.2629087009393823,0.41727277980374644,0.3629579011555977,0.5141636512507138,0.8561580519893922,0.8518908170047738,0.8603392345399306,0.30761019546068613,0.7273358939897219,0.41228840965618213
2022-09-14,0.8109462386182124,0.8250382874130007,0.8296793664635062,0.8252292444557837,0.049869776132907426,0.8413781870806533,0.8741745180948884,0.3943167872242394,0.42946049715035883,0.37038199607192557,0.5296997669170732,0.8546700328757845,0.8516669381219154,0.8594610292348639,0.3233885343661239,0.7407195347344112,0.6710047694460703
2022-09-15,0.8302137826838097,0.8316108182034463,0.8447777748167943,0.829106930179515,0.033910482652679604,0.844994747981845,0.8714293639959608,0.4092017305117605,0.44330033833212823,0.37972980342237567,0.545462746675387,0.8533093401060362,0.8517143348019772,0.8587838189875299,0.3139610199393933,0.7507680848691762,0.5707012643393863
2022-09-16,0.8383120577032012,0.846052243117627,0.8504836862841577,0.8523744236087408,0.12122012324016819,0.8471801614183744,0.8704281740264536,0.49275872794500725,0.4729515260506981,0.3945106623583494,0.5899813975139468,0.856019433019055,0.8508259355167694,0.8597362819073198,0.3158437285703316,0.779062152127864,0.6411998740989702
2022-09-19,0.8474337841316139,0.8349432244677879,0.8446021043846709,0.8401865138331986,0.035293818019015495,0.8506032932183126,0.8692149523919931,0.44645017235946965,0.4878191252618521,0.4099970012809293,0.5957621298892836,0.8527877642425098,0.8522948013263011,0.8588049134216862,0.3250730017192187,0.7687245197228619,0.5128898673608723
2022-09-20,0.8373812505912627,0.8300371363826007,0.8467091647960056,0.8280914625713917,0.03370204403885671,0.8523342533826862,0.867868157960593,0.40275673858256295,0.4910049870808645,0.42317069920473005,0.5768122532833053,0.8492819125062633,0.8533395917511412,0.8575206341577519,0.3154078527421518,0.7587195280115677,0.5128785483286864
2022-09-21,0.8355193484862996,0.8383684505915245,0.8372283622061761,0.8124872482352478,0.039920350981135964,0.8515703103388826,0.8659719276124759,0.3501472880731438,0.4823463665545691,0.43157717786372973,0.5377494601955272,0.8476379081879314,0.8522372184468484,0.8561235692265823,0.3251354904529472,0.7474150666766015,0.4997578494655639
2022-09-22,0.8181131175798054,0.8417011159590526,0.8336292937431328,0.8392631385794563,0.035429202584906894,0.852334221286262,0.8648695780600987,0.4496752678050063,0.4965808234012899,0.4418080797319395,0.5526988599120695,0.8483909726077564,0.8520493605542746,0.8564176873031288,0.3431687031059184,0.7577809910479736,0.6550362031379297
2022-09-23,0.8422211710069903,0.8446632879883358,0.849693414983666,0.8442489971931751,0.05015730078027085,0.8533108512859199,0.8650983759336434,0.46670372259537213,0.5120980229489496,0.45381443916825936,0.567247033127281,0.8476405580112062,0.8524210577151007,0.856216700380543,0.34226366640516004,0.7712247172063895,0.5745764492706115
2022-09-26,0.8427797759570806,0.8387387866128795,0.8472356502683008,0.8348313664107311,0.044372626581218,0.8533688655729049,0.8655928890048931,0.43143803598242697,0.517542483648307,0.4647604102650932,0.5585581669356462,0.8487076699475761,0.8527241755195297,0.8569176571197024,0.3372153126775391,0.7589898423437176,0.5226377118132811
2022-09-27,0.847992281172801,0.8464223139135192,0.8474111019183678,0.8278142661170239,0.044045558917084324,0.8568596887317653,0.8655792456459642,0.40547446814839144,0.5168499306787415,0.4733466224284161,0.5392222040112263,0.8489727881387853,0.8543557141804169,0.8578686231725874,0.3419956113670276,0.7468233163899003,0.5311286735345765
2022-09-28,0.8469685730930213,0.8437379605910973,0.8535561553916656,0.8409253979144377,0.04387264199629234,0.8585035712969188,0.8655491199738675,0.45629956076259465,0.5265905920614106,0.4826145611871798,0.5448083001106376,0.8501014767337222,0.8570503935872172,0.8597950827442198,0.3367329979329362,0.758953707059938,0.60429441228348
2022-09-29,0.849109209005667,0.841793681631019,0.8429342470671494,0.8240286727476734,0.03279523553563362,0.8579717174974796,0.8649137074199312,0.39250038187371544,0.5216837614365388,0.48882043833058125,0.5197176397782943,0.8477746834039962,0.8625840011692344,0.8613587798754756,0.34166457117830273,0.7491382154996277,0.49556683725805134
2022-09-30,0.8353332160015877,0.8285558446113621,0.8379307024162169,0.8132259790846158,0.04604616747741021,0.853871640011897,0.8641580815325601,0.3546732266901745,0.5099690014600461,0.49089998212314134,0.4859062925459076,0.8475808099172496,0.8608396528200909,0.8603881999850467,0.33619153682334246,0.7365536127160344,0.517130888290097
2022-10-03,0.8287245624605725,0.8159661329940993,0.8237100229303208,0.8117488238496214,0.04384650339198657,0.8508933165086018,0.8625198247723195,0.349461732753027,0.5001116839765238,0.4901359175981793,0.46260564762902495,0.847229210899758,0.8616541804755428,0.8606136818329102,0.3341486321465045,0.7244286843563353,0.5511293256766013
2022-10-04,0.8246290596838283,0.8309628048891231,0.8344194404475388,0.834092788793234,0.02762113232433852,0.8515218447381371,0.8618717624934379,0.4437957012336002,0.5098503507319838,0.49192314376155166,0.48351102972483656,0.8474710314800608,0.8638007864946137,0.8618097517063481,0.3369270864292997,0.7331629185880459,0.6387766622563018
2022-10-05,0.835519386442089,0.831332878753215,0.8457433006771412,0.829383820170141,0.016249499010084135,0.8532914489974096,0.8615361981024016,0.4249225295209382,0.5143567126613887,0.4944627695244814,0.4896762233616906,0.8476374244106358,0.8646503696295292,0.8623195406444131,0.32489593179139475,0.7268050694721839,0.5394853392141293
2022-10-06,0.8333785050689343,0.8217054752577264,0.823622180837377,0.799838110528447,0.025306190291720224,0.8491624044888645,0.8603289000551512,0.3194416392375676,0.4959153010437108,0.491952645553584,0.4482983638505889,0.8489980245662528,0.8598289816308285,0.8606136899680561,0.3323093213112073,0.7185545998535541,0.4491000318333509
2022-10-07,0.8052679968719639,0.7959702003611022,0.801500890388476,0.7840494050197996,0.028474993398326855,0.842857607567515,0.8580491542869974,0.2719912720427516,0.4701166502267477,0.48359075151167136,0.4003487163130621,0.8519658063161729,0.8513556400429764,0.8579127400705548,0.3348685022013477,0.7096419301507766,0.4980000634202866
2022-10-10,0.7946568930443122,0.7872684947820288,0.8015887591783663,0.7859885543454069,0.02145175148755467,0.837742223890951,0.8567793391916901,0.28109426678546506,0.4522646435271246,0.47250457269653623,0.37802581348492553,0.8532494473391522,0.8448951444527547,0.8553490626304205,0.32614058845366556,0.7170869190832954,0.5638283251226919
2022-10-11,0.792236630869462,0.8134665056620096,0.812034829464857,0.807409144035277,0.027460949595387807,0.8356051637176819,0.8566905181407046,0.3764179340770473,0.4555860980038201,0.46445365073199324,0.4028968344590134,0.8523380243527187,0.8472104201068206,0.8560353110252086,0.33720567723772177,0.7257876791567761,0.6367498969038293
2022-10-12,0.8161585331938946,0.8205946093488325,0.8307324968888604,0.8070398552265284,0.014924472837968801,0.8320562781272,0.8567760580157334,0.3750836468466973,0.45896749820335503,0.4588456979202056,0.4229146253834858,0.8520789208339116,0.8455431928392515,0.8550696284928063,0.33158366316372256,0.7197067271573184,0.555196604801186
2022-10-13,0.7970766939565067,0.8308700024327553,0.8153704170737314,0.8297529557470188,0.02915593755152321,0.8326557911891369,0.8580294126359823,0.4668833109944373,0.4798266298403009,0.4594966060043117,0.4741999920849245,0.8521378120914244,0.8455511339273795,0.8551039262692826,0.35979311279075765,0.7287616970473831,0.6403969388421306
2022-10-14,0.8301206206741029,0.8280002177303503,0.8403885309738338,0.8233823407164279,0.023924865587254006,0.8337194827398028,0.8577399157369995,0.4410444705542456,0.4921301839458362,0.46304750096583414,0.4979626052682955,0.8479182437089795,0.8468217010770688,0.853564724063304,0.3490508630933199,0.7207998895212719,0.53339471039157
2022-10-17,0.8390566890421925,0.8421643166714707,0.8527660811793473,0.8430490384125485,0.030802669622786424,0.8369976028945968,0.8590064387372948,0.5139547113263394,0.5172960948243798,0.4720861780785433,0.5429297206400191,0.8484189344527054,0.8466094982816651,0.8537166967298961,0.34690800289792023,0.7301989849626798,0.6283709172276473
2022-10-18,0.8353330887771716,0.8417935344348841,0.8355604216249087,0.8376934312944685,0.05876963578870892,0.8373747037841058,0.859937413725136,0.4906519626193308,0.5333150857904941,0.48326234090714226,0.5604443675672914,0.8495708427112233,0.8464421087484458,0.8542264693976687,0.3609313121126315,0.7149554975772552,0.5372537931479959
2022-10-19,0.8446411798303263,0.8332768448359791,0.8429340864179594,0.825505827982668,0.053146484759853244,0.8369685556305738,0.8601413652895632,0.4389674267824734,0.5368145170948558,0.49306512510224854,0.5491908458785765,0.850025230890049,0.8473578658258173,0.8549176314207756,0.3533807813932287,0.7008871072108659,0.5124727091877003
2022-10-20,0.8353331843294639,0.828555812971008,0.8467966465585212,0.829383820170141,0.023759321093317493,0.8400629237560514,0.8600492521435662,0.4548981042017149,0.542624120866947,0.502338164901892,0.5448500982519325,0.8487891942922922,0.8475825678217815,0.8543931341383395,0.3352652780379387,0.7088143201048315,0.5706998095137018
2022-10-21,0.8326341449652576,0.8621598380752731,0.8476746275185839,0.8626231840586757,0.04271114965624384,0.8482920778466033,0.8610361545299136,0.573824993486109,0.572398865235128,0.5170896398228612,0.5897406236719118,0.8530295795993582,0.845161218476557,0.8553686276570869,0.35970510220678165,0.7207019881128922,0.6774527317122034
2022-10-24,0.8801053967601605,0.8872470169873052,0.8899857489021953,0.8835820861216747,0.03177247886459264,0.8585132002242192,0.8627928393581347,0.6336385684628913,0.6113162587095511,0.5384755510147285,0.6441034706291848,0.8640655024501763,0.8389584416491941,0.8579568244279374,0.36404767561318685,0.7303037492737928,0.6311614175962178
2022-10-25,0.8834565309255055,0.8782676657499622,0.8835778630546086,0.8810894632785568,0.023772725505781987,0.8662298546592061,0.8658785533156536,0.6215869164834662,0.6392045228429636,0.5624527131551843,0.6653362887608341,0.8731166175119697,0.8352849771880343,0.8607852276613146,0.3589629250651041,0.7223737351950381,0.5478048115755945
2022-10-26,0.8941607477554071,0.8917831284916813,0.9011341532932738,0.8949388662297261,0.026868474564457123,0.8754356547976282,0.8683622506482344,0.6599844148499376,0.6705019490962812,0.5893424981310973,0.6892024415103556,0.8836667945446831,0.8301431720211071,0.8636528260291945,0.3479295075040555,0.7309506829008396,0.6052780039333282
2022-10-27,0.9037479432219587,0.8997440845326372,0.9116678695299903,0.8958619350197267,0.02195642761684291,0.8823593510212128,0.8707406773738263,0.6625245607467711,0.6943307491066038,0.6167229782449768,0.6932232178956771,0.8939241475887242,0.8271988111987018,0.8674664849567868,0.33370987049817136,0.7385011364406688,0.5597782071656489
2022-10-28,0.9097981549680064,0.917888374037636,0.9193048879373001,0.9194985640258303,0.02653403447346797,0.8924257525853231,0.8731322561008826,0.7233972846699881,0.7292266693101352,0.6472216690763248,0.7187739663078448,0.9086539119156752,0.8233023372458524,0.8731085424034388,0.33651965229059266,0.7470081945859821,0.6389348928022754
2022-10-31,0.9239469397199319,0.915759648949229,0.9265912239570887,0.9111892593652448,0.03816973471327291,0.899562183909398,0.8756620263850444,0.677776641641471,0.748218295334627,0.6762979553264903,0.7071187239630891,0.9189933037233008,0.8232095740442799,0.8783878780854462,0.3234658372137026,0.7360695679844746,0.5280247252696774
2022-11-01,0.9196648606398091,0.9108530288399206,0.9002562382931413,0.9030638329496791,0.0326404145716687,0.9064085277503356,0.8783332311855762,0.6340317317232409,0.7546720266484392,0.7011484350763528,0.6724922896035163,0.9264723768886279,0.8228276623490708,0.8820495806167385,0.34021571970206455,0.7262864301084786,0.5285118303299451
2022-11-02,0.9087742204036445,0.9044653352242635,0.8991148763979148,0.8785036754579622,0.03191858696045564,0.9119590747480307,0.8806853429891847,0.5158256309758171,0.7387908798809614,0.7171175465581471,0.5997179883345392,0.9296063263399302,0.8248180867203628,0.8846573749548403,0.3492234929626209,0.7166541360333767,0.4713510015770268
2022-11-03,0.8801054140447834,0.8816000978135206,0.8872645319660472,0.8811815556329378,0.018129467858229567,0.9173839321480307,0.8821788622189884,0.5252687348509064,0.7262062718873987,0.7267934481741594,0.5481511647440853,0.9314403447284364,0.8315771391454244,0.8889759335976175,0.3444963110799505,0.7234048513159126,0.5659949439947645
2022-11-04,0.8963946384675189,0.8911350854370554,0.8898980469332783,0.8881986559266449,0.02135322905594063,0.9200624910962513,0.8837447529437744,0.5504483355484788,0.7196318612655337,0.7329149973347806,0.5190266527773035,0.9311986571301528,0.8429036717796886,0.8945052623230576,0.34863954074247716,0.7308292515402315,0.5812422809846005
2022-11-07,0.8974186399410337,0.9036325517499904,0.9092102466473128,0.9020483653415557,0.030200811503130594,0.9219964932409664,0.8861396401444247,0.5977039036129814,0.7230122974881008,0.7386447840110227,0.5158165346734753,0.9312293540351343,0.8552159215479419,0.900666927829266,0.342551476007091,0.7401025737846079,0.6050603232943811
2022-11-08,0.9110084308517564,0.9114084941074352,0.9157059418027008,0.9099886876571345,0.020331142605522885,0.9250231539593098,0.8890674481914601,0.6233001097425348,0.7296812272905993,0.7448710640458953,0.519884821920264,0.9337410322354328,0.8635343414598687,0.9061129201167977,0.33806721961210284,0.7473133836687564,0.5841248343052915
2022-11-09,0.9216195522991663,0.91427809560179,0.9171103732161473,0.8971545990822177,0.027044072367742013,0.9252552111072502,0.8910708490620954,0.5555322715549342,0.723128045927475,0.7482381443683214,0.4964564204643905,0.9325421397480688,0.8743559145362311,0.9108971507996722,0.33565650958956517,0.7386997404422174,0.5122252210446059
2022-11-10,0.9223641471909786,0.9121488932972135,0.9144768078372826,0.9158053694746023,0.03862213363394962,0.9273439180172588,0.8943407783925533,0.6176494166801638,0.7301188290562525,0.7526535266440939,0.5050462503049106,0.935756230473351,0.880191726743056,0.9154657106210287,0.3342362914770117,0.7497329070303576,0.6215060114888377
2022-11-11,0.9072849035102805,0.8967818062050539,0.868654523028395,0.8676087362086528,0.06005042739969142,0.9219094156417461,0.8962783919582299,0.4148657161918979,0.6970496122417255,0.7480414135381999,0.4310745773846739,0.9326255325383525,0.8881260967636694,0.917813709064498,0.39042607652415073,0.7342217664383327,0.3906698109224984
2022-11-14,0.8842009699282224,0.8981704985149888,0.8987639691063319,0.8921688937003697,0.02993607435695682,0.919917383161834,0.8991436938762633,0.4956553723146178,0.688035278209199,0.7421316368290005,0.4204414678048962,0.9323753705866141,0.8936085403864588,0.9204215034026002,0.4000553844246557,0.7434397652831242,0.6437009837943222
2022-11-15,0.9022588334566722,0.8957637522446471,0.901134216984009,0.8966008191009657,0.048497834517166355,0.9192405016690383,0.9013708043409226,0.5093218846632266,0.6827365661609142,0.7360988274743467,0.4194333331868994,0.9311016953464631,0.9011881190984387,0.9235489220705506,0.39111287970857145,0.7565367047646472,0.5720409193236181
2022-11-16,0.9157552857825099,0.9141854666464027,0.9240451572554161,0.90647998427841,0.02269367030239014,0.9221705040054974,0.9041176781909758,0.5398911483814248,0.6845319384434766,0.7317147514542011,0.4329431227571723,0.9268117048054888,0.9142271774177021,0.9278478750109302,0.3842115307558429,0.7642412234678779,0.5909730608948345
2022-11-17,0.9097981892738379,0.9141855599265609,0.9227284284164635,0.9194063184395785,0.0157448228807959,0.9261738428681351,0.9083777965432652,0.5782863785829448,0.6941710637053283,0.7305814529444177,0.4595801289883055,0.921885388742475,0.9288852178955652,0.9326272083357785,0.37090716698618464,0.7704936079764297,0.6013100014304595
2022-11-18,0.9284145452909035,0.9294601086847689,0.9371248502004742,0.9317787193876242,0.029763157436164832,0.9307380506978108,0.9136412722974333,0.6130699222788321,0.709426502098536,0.7334319844947138,0.4922237983245955,0.925504480643364,0.9325059913605854,0.9362987055831238,0.3586699401897808,0.7796754715374414,0.5990493604684024
2022-11-21,0.9472661599272233,0.9391760853875339,0.9488741119820095,0.9401421148986199,0.024072314124363454,0.9347276683390454,0.9191336387371115,0.635816739555126,0.7258742242415377,0.7397632205016765,0.5207448355242861,0.9324521152713195,0.9313524493415707,0.9393015019460835,0.34392989963116394,0.7876680920962329,0.5850629781970839
2022-11-22,0.9520437087131169,0.9451387888382956,0.9621262916830041,0.9480407581453275,0.017378820760217843,0.9387129208665707,0.924144229182923,0.6570365976120751,0.7427168978603631,0.748976290302439,0.5443587015848937,0.9400324741695826,0.9306512051310646,0.9428559751150107,0.32436038139163315,0.7942619410305782,0.5833413575422695
2022-11-23,0.9524185672467483,0.9470953327724658,0.959299106894843,0.9498062957612617,0.02194503386624809,0.9442272149529797,0.9292308817642277,0.6618826624195131,0.7550353872419895,0.7593805929567925,0.5541197131714134,0.9472021635697937,0.9290885057681036,0.9457689106527916,0.3081888082797477,0.8018100135633367,0.5625170156266321
2022-11-24,0.9524185672467483,0.9470953327724658,0.959299106894843,0.9498062957612617,0.02194503386624809,0.9442272149529797,0.9292308817642277,0.6618826624195131,0.7550353872419895,0.7593805929567925,0.5541197131714134,0.9472021635697937,0.9290885057681036,0.9457689106527916,0.3081888082797477,0.8018100135633367,0.5565593718828475
2022-11-25,0.9612248663958657,0.9538037651978137,0.9668089860161383,0.95194388035962,0.006324872021371995,0.9480120574069585,0.9335844453871956,0.6680582745981072,0.763950480171788,0.7698996798092179,0.5550602596682194,0.953834349653205,0.9282096227321207,0.9487463253595356,0.29164294317685024,0.8060938654613354,0.5637647117152053
2022-11-28,0.9553228896427023,0.9505429289499157,0.9641585208099247,0.9527802199107195,0.0272659153940294,0.9569321993688015,0.9381947869615438,0.6706132647051246,0.769112684774663,0.7795863176790454,0.5482391380547367,0.9590088490223344,0.926409906820732,0.9505132628488808,0.27569085847930597,0.8147538682961345,0.5593748346051027
2022-11-29,0.9577583341786214,0.9457909254958403,0.9473720447837671,0.941257029990925,0.030733636898594277,0.9620732762330454,0.9416938581157716,0.6008213366459476,0.7619217785706295,0.7855646228460174,0.5178529055309152,0.9621535193216938,0.926362920943297,0.9521095737813445,0.2780541612584114,0.8053691989563905,0.5177872657111621
2022-11-30,0.9517628232927847,0.9527788160040171,0.9484323105088187,0.9590061840552279,0.07488442045352489,0.9686090871685443,0.9460161331873108,0.6600487203730996,0.767288461282156,0.7916689950535765,0.5188859041089339,0.9684393446372849,0.925826595939656,0.9550795773698797,0.2868362970017623,0.8239802706952932,0.6167005496080163
2022-12-01,0.9764010367168102,0.9709469165067024,0.9748485295401278,0.9658826174914946,0.02793278491413803,0.9748304173384114,0.9510176444390853,0.6811080859763661,0.774203819096214,0.798255634789399,0.5228376243095558,0.9740683822221771,0.9293115441228686,0.9597185631520886,0.28275642512486465,0.832779632473351,0.5796094372235626
2022-12-02,0.9623490195625782,0.9616301812305492,0.9676925441971987,0.9671838625387533,0.024858482915406092,0.9798342338439879,0.9559273482783964,0.6851769661785327,0.778034284005016,0.8044683287898451,0.5197734973886647,0.9788644858133096,0.9335095691559162,0.9642844627806304,0.2767327464347671,0.8409365425200241,0.5609031365874303
2022-12-05,0.9704056475973258,0.9653569023898856,0.9768807547418153,0.9662545112420479,0.020144821272266404,0.9834449371477386,0.9596196484852723,0.6787266901618119,0.7777159897705866,0.8093600932136188,0.508949745454689,0.9829184484557248,0.937628228327383,0.9684284818611928,0.26361023656908045,0.8337646691044444,0.5534594767075361
2022-12-06,0.9850199735761523,0.9713197465779206,0.9585924098040194,0.9413501949684017,0.03906447924527796,0.9835714612524663,0.9616778793894095,0.5238387921492078,0.7560060481830589,0.8079266935429674,0.45712108758466286,0.9837478503797804,0.9409524558111307,0.9705150329753476,0.2833061625599551,0.8226390634182633,0.4734433789698068
2022-12-07,0.9536364267297798,0.9515675500047873,0.9612427466905961,0.9512931046041196,0.024045505299434465,0.9839120845557189,0.9641791782382715,0.5643005900881459,0.7441568830108543,0.8038617140353386,0.4355578128628933,0.985659561821803,0.9433728543982322,0.972707902315491,0.27465485816099255,0.8306260816074766,0.5902479775206899
2022-12-08,0.9559785900082552,0.9477476540155905,0.9622146982644039,0.9515719866090669,0.017986040644859473,0.9840970081045238,0.9661969704230869,0.5654408023865298,0.7328544651907779,0.7978261257818846,0.41941056277446004,0.9863964717416304,0.9484001883536956,0.9755969449288144,0.2589750478089735,0.8373468242127691,0.5574985744491796
2022-12-09,0.9587888428500969,0.9516606911674403,0.9562069451336462,0.9380046835321326,0.016394266664700688,0.9826371343400816,0.9676984824009788,0.48688636201363805,0.7116300917825087,0.7877704316419212,0.3864696478064503,0.9867287192479993,0.9504184281524245,0.976775516102727,0.2573557558732925,0.8309587223011845,0.510875937478747
2022-12-12,0.9478284018565492,0.9514746451465705,0.9556771854929395,0.9575195284442407,0.018548355747745042,0.9831334894942064,0.9690531385518096,0.5699583209698835,0.7079113341429704,0.778810005831038,0.3954443220846722,0.9810850424402661,0.9658048227138792,0.9815489189059785,0.25632262278911155,0.8377969746083803,0.6228150986270944
2022-12-13,0.9773379177917213,0.9731829130645395,0.9796193195653696,0.9702501855063338,0.04733500173587141,0.9861699877666082,0.9711574314884729,0.6167847087478215,0.7128157472129318,0.7728495436408525,0.4200261488639493,0.9802942369369717,0.9749254386570191,0.985694288420814,0.25642170070142856,0.8506509113094474,0.5992714049858545
2022-12-14,0.9724666126438218,0.9810093692765895,0.9820049658989528,0.9753612345585371,0.049721657375174755,0.9878828776440814,0.9737333293194889,0.6347459539941953,0.7186536148408349,0.7695189472676696,0.44157537883470094,0.9792285079376889,0.9844019749197578,0.9898757129037099,0.2576905131169518,0.864003598962217,0.5735761274800868
2022-12-15,0.9782748940595213,0.9698290243223033,0.9627448554227972,0.9542670287535776,0.03677835669945832,0.9866663589689456,0.9764327162003691,0.5150544528648167,0.7053235344896569,0.7635714846870972,0.42013266820621964,0.9751355434441068,0.9937079995322201,0.992412747739964,0.27039776153324424,0.8533557353418202,0.4865430891029306
2022-12-16,0.9576649472831679,0.9433687952890255,0.9491392246175242,0.937354367472245,0.11210713342618121,0.9835422695545338,0.9784341079649276,0.434447332767602,0.6802924329311288,0.7526487548574439,0.3793651212754071,0.9725942132090434,0.9982392883634502,0.9933656174170651,0.27266828534555587,0.8269660535620145,0.4997045957269971
2022-12-19,0.9422071065445085,0.935635284982018,0.9421593655393553,0.9355883701606981,0.024269358987591534,0.9803305569016886,0.9801225650794502,0.42639940565154805,0.6578424739910229,0.7383815053518975,0.35195998783796667,0.9721521985277785,0.999100585417923,0.9935678734224616,0.2685414971958312,0.818932255586823,0.55056116651284
2022-12-20,0.9482967489700006,0.9381512893674979,0.9518780221846034,0.937354367472245,0.027209616861678526,0.9799120676729997,0.9813804893241181,0.43505470388067863,0.6403437151039049,0.72265804144939,0.3400277064554132,0.9723536285938307,0.9985962323211705,0.9934198707072261,0.254945340346846,0.8275804934455077,0.5625640732152155
2022-12-21,0.950826192767175,0.9543627954896285,0.956118727465536,0.9560325663695118,0.022499976542278186,0.9804084388753368,0.9830209954096402,0.5206883463782797,0.6397230730272081,0.7099264161154325,0.3645429562191931,0.9727113549347012,0.9990770945251485,0.9938441592584872,0.25714319029836574,0.8352445350285356,0.6199998268569955
2022-12-22,0.9555100665464277,0.948120187159097,0.9533797191126218,0.9499921660206029,0.024089069639944075,0.9802429818078912,0.9849035551011921,0.4885488885061294,0.6336254772104994,0.6982393755725789,0.373102327477572,0.9727158222756581,0.9990922535827046,0.9938540271908562,0.2569491011045849,0.8272484129887576,0.5362752557251166
2022-12-23,0.9545733703080715,0.9482136288034315,0.95753230204146,0.9541740170079714,0.01051241047528025,0.9819364212522174,0.9862705989196535,0.5077007415071373,0.6310427513841641,0.6882536590961497,0.38704304769421743,0.9728305725492618,0.9992110378792313,0.9939724261089855,0.24935725752643648,0.8324073550148771,0.5706539031939093
2022-12-26,0.9545733703080715,0.9482136288034315,0.95753230204146,0.9541740170079714,0.01051241047528025,0.9819364212522174,0.9862705989196535,0.5077007415071373,0.6310427513841641,0.6882536590961497,0.38704304769421743,0.9728305725492618,0.9992110378792313,0.9939724261089855,0.24935725752643648,0.8324073550148771,0.5565593718828475
2022-12-27,0.968063506626648,0.9559466771540464,0.9679574684022724,0.9537092647436834,0.006383181215592547,0.9815373664084631,0.9893382909772824,0.5049715809268729,0.6277266142654754,0.6794483744076295,0.3967155548989511,0.9728792539836123,0.9992596157983004,0.9940217495005357,0.23819013884856002,0.8281113179630456,0.5549969403005635
2022-12-28,0.9647845144528818,0.9568782275527994,0.9649534383253625,0.9465539493024694,0.0035555204062073156,0.9790556227342634,0.9912759864358699,0.4623417579927646,0.6188100809456398,0.6702081471828543,0.3931516176527126,0.9727077110959125,0.9999999999999999,0.9943029652351727,0.23299695585225114,0.8244061908424787,0.5324974297604806
2022-12-29,0.9628174814297964,0.9554809403341376,0.9686644106021042,0.954917498045336,0.004784705029201511,0.9769145184115279,0.9933537624480365,0.5061975834540076,0.6173524303502518,0.6624569693867721,0.40535295065201143,0.9723628642935026,0.9999209770597562,0.9940858951285041,0.22629265912063704,0.8283681866082078,0.5848069554746466
2022-12-30,0.9622552098821392,0.9505427317811954,0.9539098195205945,0.9464609375568634,0.014086026838314636,0.9760969743390852,0.9947782514136164,0.4550232903913802,0.6090253874087326,0.6542052097230782,0.40125116199244937,0.9707506319401625,0.9995189609630181,0.9930547897501762,0.22865498706393592,0.8224624487173094,0.5281424181508354
2023-01-02,0.9622552098821392,0.9505427317811954,0.9539098195205945,0.9464609375568634,0.014086026838314636,0.9760969743390852,0.9947782514136164,0.4550232903913802,0.6090253874087326,0.6542052097230782,0.40125116199244937,0.9707506319401625,0.9995189609630181,0.9930547897501762,0.22865498706393592,0.8224624487173094,0.5565593718828475
2023-01-03,0.9497956432675391,0.9562262700373283,0.9592992574475213,0.9607718749030331,0.028350332362407055,0.9785495263153529,0.9962520726686243,0.5284684887153821,0.6126422195293986,0.6484945698667536,0.42207320346627686,0.969699800776224,0.9999213313966769,0.9927143745564744,0.23084857987769,0.8313490674015481,0.604896784211994
2023-01-04,0.9753705647690131,0.9730898253258982,0.9811212655147997,0.9787994512766706,0.051432060405644325,0.9830750900501292,0.9979273832412098,0.6062401062813305,0.628388411657969,0.647804093131776,0.46320862904319543,0.9726690793592311,0.998191631214486,0.993380390842606,0.2285323269679667,0.8450591862334093,0.6169240534392689
2023-01-05,0.9765886696065785,0.9712266444620352,0.9805030745586497,0.966440381501389,0.027749814683997676,0.9861213135391048,0.9988643691686993,0.5310131943079719,0.6304608850865837,0.6477621287854606,0.46852256654974467,0.9741147862616696,0.999368375483345,0.9947124396851614,0.22308758575676615,0.836298060627723,0.5156211775082148
2023-01-06,0.9869870197319316,0.9799841643206053,0.9891609052035292,0.9799143663689754,0.024068292800624107,0.9886224915982392,0.9999999999999999,0.5868304681555523,0.6413477817742107,0.6504098257500226,0.4905617632862488,0.9781904173824999,0.9982068953580671,0.9962319548372802,0.22285474473058056,0.8442898408310779,0.601522595855116
2023-01-09,0.9792116396574247,0.9690835150552961,0.9519661454388776,0.9365178746892745,0.03894249909185105,0.9872113081095132,0.9995265443258646,0.3798606151039516,0.6159755724884198,0.646279214181671,0.43502002102544496,0.9786605945634498,0.9961205958994924,0.9954327255317468,0.2572256908625037,0.8331897259264778,0.412908472513177
2023-01-10,0.9454861601148582,0.9353560558184337,0.9443683434071003,0.9326150589387238,0.019654889996689108,0.9849534048986238,0.9988378740823122,0.364972022810168,0.5923741246868306,0.6371620660047528,0.39416013249392784,0.9791403595566225,0.995052301456309,0.9951465880336452,0.25090798212533216,0.8261202358149402,0.5432966720839417
2023-01-11,0.9442686053583981,0.9314431393761693,0.9248433529170575,0.9300133350035608,0.029354993076620955,0.9824716933208478,0.9980267084228792,0.35469382177930303,0.5714136851497448,0.6247061266150105,0.36680193832131675,0.9796188843011621,0.99163300589737,0.993686272340591,0.2660995973333887,0.8170236683307571,0.5476968936130905
2023-01-12,0.931995748398568,0.922032609172583,0.9309390856475205,0.9218353500562936,0.014439903327377305,0.9798828759750672,0.9973347297057328,0.3222232307568312,0.5485410304049784,0.6091082062486999,0.341056415416668,0.9789254901538164,0.9871991899005227,0.9911159078102616,0.2622073467083218,0.8110439791614261,0.5286573927081456
2023-01-13,0.9219721283377037,0.9155108615882519,0.9272287034101171,0.9165387372084907,0.026628535581342663,0.9758634086592012,0.9958216489893176,0.301487311490303,0.5266115491537978,0.5912289896399057,0.32236337904847756,0.9770200309372835,0.982909146278837,0.9879929960133187,0.25329857607543227,0.8025171726633497,0.5383967748754211
2023-01-16,0.9219721283377037,0.9155108615882519,0.9272287034101171,0.9165387372084907,0.026628535581342663,0.9758634086592012,0.9958216489893176,0.301487311490303,0.5266115491537978,0.5912289896399057,0.32236337904847756,0.9770200309372835,0.982909146278837,0.9879929960133187,0.25329857607543227,0.8025171726633497,0.5565593718828475
2023-01-17,0.9295602069588645,0.9208214898177434,0.9246663770461113,0.906595521109031,0.026395969025083676,0.9716882415888871,0.9937092977902379,0.2636718725202824,0.5021542705278933,0.5709021799936429,0.3023076998201989,0.9790004110266081,0.9757953575327706,0.985462095077317,0.25514355978251124,0.7940389667213644,0.5223510662222041
2023-01-18,0.9075448847486006,0.8967835740106964,0.9036394066489154,0.8824345326408786,0.03306131312305384,0.9634838498897093,0.9906897478450672,0.18473682303484107,0.46523489184391503,0.5455480800921161,0.2611138742113037,0.9853467169259255,0.9634055085543837,0.982546377319528,0.2587388987788992,0.7841678716429901,0.4729206977137816
2023-01-19,0.8829999403187715,0.8900749968666783,0.8948042125698935,0.8802969480425203,0.03233546418810144,0.9531675295175169,0.9876271495264862,0.17840525073005736,0.43564032778296874,0.5179761326160597,0.24294073886933276,0.990048843334559,0.9526727449844515,0.9796109318321484,0.26113626158765957,0.7744484607209465,0.5490463113476076
2023-01-20,0.8930242453389529,0.8791743745952774,0.8839374390930784,0.8729560688057071,0.04360254308513276,0.9433767720455936,0.9851903222364836,0.15642887114481097,0.4081838617526635,0.48915648641139786,0.2327170435525973,0.9943469536930846,0.9413882881579819,0.9761919983344429,0.26406839318141595,0.7623745139244094,0.5307230589869746
2023-01-23,0.8836559864970884,0.8747021860018667,0.8880897948427312,0.8689600880776794,0.04229427242859804,0.9317563579044673,0.9822568635786074,0.1445078448932287,0.3852469365033835,0.4604517717963491,0.2336587977818302,0.9959587443531922,0.9304642212124382,0.9715692828446798,0.2556151140190339,0.7505739627632904,0.5424296287083596
2023-01-24,0.8829065135972384,0.8873733307297513,0.8709500691367463,0.8689600880776794,0.05647882169852672,0.9246809258348404,0.9793134685808952,0.1445078448932287,0.3691366044924502,0.4335202831281827,0.24818868499981034,0.9967340041129428,0.9210458060837566,0.967267254819028,0.28658759714176907,0.7653387276682545,0.5565593718828475
2023-01-25,0.8655752656785477,0.8735840208139947,0.8804034507363326,0.8801112310150502,0.033409827847130716,0.9191821182731731,0.9772507717833588,0.22646266709368373,0.36699778603838024,0.41144833543386894,0.28800796601438106,0.9948065173173032,0.9151575610640857,0.9633352295138908,0.2853487872194086,0.7752826535511459,0.5960904289759325
2023-01-26,0.8878718168233392,0.8773111083213709,0.8942743570020525,0.87435001913483,0.03237969874923427,0.9133524126248268,0.9742875095655014,0.20456066464037265,0.3630300127305103,0.3928135782051539,0.3161724477600232,0.9925332611512431,0.9090627883287229,0.9591220128795555,0.27043453131289985,0.7655539987192983,0.536280326645397
2023-01-27,0.878409779634762,0.8676212674476391,0.8864996748270665,0.8682167602721859,0.026428139614998465,0.9077368543196419,0.9706521413101704,0.1816900851752284,0.3573929403920725,0.3765174517098775,0.3353352853336052,0.9908135845448972,0.9025054884684488,0.9549630576705275,0.2549384986860467,0.7570690699338192,0.5348914992917215
2023-01-30,0.8726953002429539,0.8645467620963316,0.8273942894841714,0.8103236142188449,0.14171278901588827,0.8966127792844284,0.9647719846405153,0.032512241561978183,0.3113391421624053,0.35213823696437696,0.26910212375866027,0.9942217239143206,0.8836099137892236,0.9472865059104016,0.31513435616528784,0.7244925513695273,0.35122925832581836
2023-01-31,0.8143311530966003,0.8169364938800918,0.8271289598155477,0.8235188703133555,0.06365487391139414,0.8879120324311259,0.9601135337108729,0.1149280760893096,0.2879460369273641,0.32687351768597417,0.2618462627575854,0.9937681695156299,0.8710020198560763,0.9407594584467327,0.3112682440069938,0.740756930551346,0.6051588610444951
2023-02-01,0.8264161003436353,0.840694799248537,0.8390558923269259,0.8374577606771011,0.05194477918241126,0.8832015451475445,0.9565542985648902,0.19498206430617215,0.28313642404245015,0.305477211573312,0.2935442012575177,0.9876327344539958,0.8642176122232567,0.9342126588480346,0.32179548463428875,0.7545741947013909,0.6074516610151633
2023-02-02,0.8265102984702443,0.8429315091812857,0.8427672028025551,0.8432197387166754,0.05351108477888751,0.8793183913458283,0.9532632790801535,0.2267478669031298,0.28675285653953025,0.28925083613691827,0.335906828413426,0.9752731873691424,0.8625512341365243,0.9270146733347695,0.32945314198872566,0.7687187772940443,0.5774055907208165
2023-02-03,0.8548957625314774,0.8440493384806591,0.8522203207889815,0.8345774612007327,0.03185960754561186,0.8752989400781744,0.9496014211979625,0.20098539113392427,0.2860281962823062,0.27609126356249086,0.3610363387177935,0.9641660034614458,0.8599878710011984,0.9200140139282897,0.32538784642155194,0.7590988084320144,0.5254096532272703
2023-02-06,0.8410308060979169,0.8301670136797958,0.8452407497633007,0.8229615659990738,0.03288169399602961,0.8704814433158611,0.9448602092927291,0.16805237994612232,0.27966014879907186,0.2639952573095742,0.36975124542641896,0.9472529532473842,0.8607469863086002,0.9116813219495468,0.3133780101774668,0.7492652492298142,0.5144551768055741
2023-02-07,0.8133950530066251,0.8211299028597419,0.8303984261484397,0.8233336129814978,0.034823993362134945,0.8657029116126903,0.9403474676893978,0.17037346703850614,0.27801597349653384,0.2539135182403835,0.38625623457226044,0.9391982896203045,0.8570203989448472,0.9056723205973594,0.310578701883522,0.7595047001079576,0.557918251481402
2023-02-08,0.8293206949588433,0.8274651360418086,0.8434737898742085,0.8252848676249022,0.026405352113808823,0.8599608612992021,0.9357552517459596,0.18327864536242028,0.2812867565179382,0.2466536685040045,0.4093789132243892,0.9300854894474927,0.8550083175573081,0.8999741143714757,0.2985679267406508,0.7679848668792952,0.5636844678267192
2023-02-09,0.8324120144128578,0.8297010674386478,0.8273058516709096,0.8047478129023534,0.03910469248267144,0.8526713139828378,0.9304478759321092,0.12335234600465156,0.2713513304030952,0.23839885224989427,0.4012261161633494,0.9214253043517241,0.8506216172382014,0.8933237136856276,0.31176690147607955,0.7568508576387468,0.4816636184859038
2023-02-10,0.8149872615852757,0.8109738773151534,0.8297797066636562,0.8117174113160971,0.032928609439655344,0.846754049288906,0.9256437593523751,0.169854934743927,0.27200007117614405,0.23195477371783269,0.4160633764284428,0.9119204817843004,0.8487175584031349,0.8874775047445087,0.2970829314157586,0.7666942209877089,0.5823245517288795
2023-02-13,0.8108649170727823,0.8112532028287254,0.8280123224806432,0.8172927529369761,0.02881814635741793,0.8474839380264908,0.9207403012123897,0.2066472408318057,0.27987865071630635,0.22873987895958625,0.4425234426834853,0.9013242212858049,0.8490960624738787,0.8822084925630587,0.2861538915691293,0.7756786010210879,0.5770749356256379
2023-02-14,0.8240744139919319,0.8126510029994334,0.8334019029205727,0.8106952015056564,0.0281566386022951,0.8461408952466271,0.9159030780586083,0.18450571917103542,0.28411911519427335,0.22721232169783329,0.4563495563639361,0.891808745184597,0.8487151588381071,0.8771171031642422,0.2705938813385995,0.7668324594570519,0.5323718828009263
2023-02-15,0.8166735568419089,0.8034272056315566,0.8115797811580033,0.7858838969776164,0.07041941066160158,0.8407394842846035,0.9096719611306981,0.11236577547820886,0.2716762797641683,0.22292580463273715,0.4337425248956681,0.8891478533711078,0.8411919349247542,0.871991188204855,0.2742619972088852,0.7491544623714046,0.4651993290462458
2023-02-16,0.7896931850026897,0.7817184847891276,0.7994759566799939,0.775383223332004,0.06073606309725035,0.8336348605170442,0.9024244057733019,0.08649080083714233,0.2571349065436918,0.21591528344808208,0.411421921755333,0.8866229241469105,0.8326389290084076,0.8664212732349081,0.26566867353553714,0.7335000411774164,0.5172460732654999
2023-02-17,0.781068172238441,0.8061174825281043,0.7979426922247973,0.8060821560337156,0.06894559551113034,0.8306505028859742,0.8967109721508527,0.2700424872858505,0.2722959330122647,0.2140407847122267,0.4535067034839571,0.8812573922474748,0.83106295311907,0.8628709083148236,0.2905384277758447,0.7508700479955002,0.6723133399590759
2023-02-20,0.781068172238441,0.8061174825281043,0.7979426922247973,0.8060821560337156,0.06894559551113034,0.8306505028859742,0.8967109721508527,0.2700424872858505,0.2722959330122647,0.2140407847122267,0.4535067034839571,0.8812573922474748,0.83106295311907,0.8628709083148236,0.2905384277758447,0.7508700479955002,0.5565593718828475
2023-02-21,0.8058839085203412,0.798985940975123,0.8092440023269741,0.7837132142951545,0.048986425351497206,0.826539961966058,0.8897204840997871,0.20464387136536222,0.2703922686685005,0.2120723436581849,0.4527369362184574,0.8772228792491218,0.8261593995404458,0.8583451149571617,0.2900521993466332,0.7376710053284137,0.47393947294586236
2023-02-22,0.7950327123489039,0.7849095622624109,0.8046164560573233,0.7816537779509297,0.05164250968133689,0.8221747680154702,0.8842028018316367,0.1990039169170728,0.270511242041198,0.2105268920528302,0.45620292936762497,0.8720719557529887,0.82218881683681,0.8537099852342622,0.2775153539935954,0.7239169078953633,0.5488377644974387
2023-02-23,0.7875785496170921,0.7824695032935296,0.7983874600603292,0.7811856545854828,0.048726379749685994,0.8175561888429718,0.8788074948697641,0.19764342937354884,0.27341789067894795,0.21000639181571867,0.46460142354185674,0.8625281282743847,0.821515407400892,0.8484579836435646,0.27108732956864323,0.7107722082131858,0.5548017522367844
2023-02-24,0.7775772754352593,0.766141946544151,0.7853963308459678,0.7647135349328443,0.04406566553578106,0.8133633366428491,0.8729179969487576,0.1512738203970449,0.26636328708173457,0.20785255564807953,0.45121780094070585,0.8541874983697041,0.8184612404345403,0.8426373353318783,0.2722269463565935,0.6986014804821847,0.4946934113668287
2023-02-27,0.7756900643919186,0.7666109097376965,0.7842393735582754,0.7615312154390305,0.03453110694978573,0.8081072582902137,0.8672064905394746,0.1427455836767772,0.26164271399846906,0.20496688510235572,0.445221119584612,0.8455865678376081,0.8159895311284723,0.8369733536661552,0.2649917163142359,0.6884232354916835,0.5444723557086871
2023-02-28,0.761819251386261,0.7513145429434984,0.7660860032738551,0.739348603655423,0.04656290757791649,0.7999440463034572,0.8608933496721701,0.08818788570393826,0.24442472100508056,0.19841783251450507,0.4152032146458392,0.8500464308033558,0.8038386759816197,0.8332052596925579,0.267397743210795,0.6757306470344697,0.4721217907299773
2023-03-01,0.7432315992017046,0.7322654258833623,0.7560312706615614,0.7328911061540601,0.031179333613038734,0.7917955023826219,0.8547044021337625,0.07389905388295998,0.22951265817885919,0.18950598799354107,0.3958423991964309,0.8521196330770281,0.7920603503686264,0.8283937925401288,0.25493793282833577,0.6662528383004875,0.5315989439898166
2023-03-02,0.7313427168930949,0.7277608839054008,0.7499801583973601,0.7317677633088583,0.044553586149488685,0.7861278355325295,0.8493362672396726,0.07134610884486825,0.22061418863529803,0.18018496172184978,0.3924895468990818,0.8500649737656708,0.7829395161761382,0.8227826649194163,0.24550154812890604,0.6539801474431626,0.5521976335472396
2023-03-03,0.7466281418012389,0.7405230012844095,0.7643065039598805,0.7464620867958948,0.024344423697392703,0.7830988799198463,0.8445678395904376,0.17144317126709196,0.22849981602630504,0.17467024454478264,0.42367860205525076,0.8434236736197066,0.7795016044332134,0.817645759377482,0.2383978127263339,0.6620296320531731,0.613659707419875
2023-03-06,0.7588004566709275,0.7556316291320115,0.7797012290771373,0.7608759959592756,0.04043642086101903,0.7783643684626506,0.8405745174222746,0.25871449556058607,0.24923328800027694,0.17536479317248554,0.47455758451566243,0.8365766492997343,0.7787281937887721,0.8137329167471385,0.23227599680204583,0.6734419390025205,0.6119991116423136
2023-03-07,0.7722930523232482,0.7605111519616949,0.7688449184501774,0.7471173062756497,0.03580854745765211,0.7745316220953519,0.8362333578455193,0.21359723776847656,0.25847476496962735,0.17819645996972155,0.49206921975278956,0.8317467057353997,0.7756454805142511,0.809706312232013,0.24069116340142213,0.6629967411016162,0.504163679972507
2023-03-08,0.7523842119487213,0.7412741018567635,0.7611033979334941,0.7365413957814501,0.027583599969437933,0.7698069321440025,0.8315153871483535,0.1816371235338332,0.2610160289764309,0.18108766606697974,0.49255708725545033,0.8265162164100942,0.771811678780013,0.8050984759246917,0.2345237149320409,0.6542703501873152,0.5159000794764661
2023-03-09,0.7474776278409002,0.7356435851350305,0.7453530748220497,0.7204428554299437,0.035685897083601974,0.7634452443105196,0.82582653231818,0.13740590576268408,0.25409922080504355,0.18169713177520952,0.47386041153198494,0.8210252789109916,0.7663268843167038,0.7995323682031776,0.24265990808163193,0.6438507831272314,0.49421101231773484
2023-03-10,0.7323804076014734,0.7346110965508701,0.7488232385478181,0.7239055892474132,0.042823076500322375,0.759171364687164,0.8204663191983222,0.15947132865426605,0.25465550254462355,0.18232170763260963,0.47398422472323576,0.8178803037213437,0.7609738997310119,0.795240419623696,0.24429052365886353,0.6557618410282813,0.5701227823441433
2023-03-13,0.7345508962120465,0.7573207729741616,0.7530058429943257,0.7374771828167314,0.05820665046520013,0.7566521484375534,0.8158081740022133,0.24285036639652785,0.26871105476422347,0.18628302591271867,0.5013256310243638,0.8113234138681537,0.7598438012642793,0.7912989738192324,0.26890986228679237,0.6708876786525628,0.60958911813277
2023-03-14,0.7457790417382074,0.7396785405780972,0.7559420087896566,0.7455261465287427,0.0422661231624226,0.7572991321110812,0.8134994927389324,0.2890936206246409,0.2890031239619037,0.19444969246570654,0.5357844298168636,0.8019605873247636,0.7618722015713774,0.7874888536802471,0.2655848526431476,0.6826823473256248,0.5877120017902089
2023-03-15,0.741627493009085,0.7477489376025845,0.7615481920580681,0.74955093484849,0.03781920932732637,0.7590439418825551,0.8108640751403925,0.3120828193500437,0.3109045131200392,0.20637698739085636,0.5665991752317507,0.7929099584756577,0.7647082233740529,0.7842426781477336,0.26522252679874037,0.6935477229448967,0.572049838762935
2023-03-16,0.7473830866093875,0.7428690890946055,0.7621710409336747,0.7465557114689841,0.03679913353877829,0.7605927066941923,0.8076253087922337,0.29968686478929635,0.3285042656058621,0.22025336073630403,0.5825700049366286,0.7888048894918823,0.7647613097086677,0.7821547277884284,0.2578951310862567,0.6828955174880766,0.5450635760906886
2023-03-17,0.7571019846959034,0.7483121060929054,0.7595017275596397,0.7311128502928453,0.12349351159414655,0.758985157281386,0.8036310312067786,0.23937495655964575,0.33311255533617734,0.23248940743120566,0.5691291000846626,0.7863749310598961,0.762560229171399,0.7798043945579922,0.2615181561977935,0.6541263692891546,0.4971658656368966
2023-03-20,0.7381363003676019,0.7400540348365254,0.7602134090713019,0.7452454257413453,0.033605532269112344,0.7573481433510404,0.8004482031761805,0.32410512397694097,0.3498732246191171,0.24640612942662704,0.5829006234539957,0.7752031658021296,0.7676177322855243,0.7765745462639482,0.2535076114968585,0.6641111924699671,0.6115020417144986
2023-03-21,0.7525727218382531,0.740617053495944,0.7583446761699711,0.7452454257413453,0.04196854520571081,0.7571520983912038,0.7976792400783382,0.32410512397694086,0.3652681158101715,0.2613310223736676,0.5911616181959376,0.7692874912584856,0.7696306686246736,0.7745322747506851,0.24926848381272435,0.6758436748407106,0.5565593718828475
2023-03-22,0.7511572570078328,0.7399599178440597,0.7482002838238678,0.7186642931049873,0.03906447924527796,0.755279801622272,0.7939499570329737,0.2223812579816542,0.3593002807497273,0.27180115445344355,0.554659122223425,0.7638614737144146,0.7685302482563933,0.7711881357873538,0.25801030254685997,0.6647180691545296,0.4542348835296868
2023-03-23,0.72596421014385,0.7177198918796344,0.7400137962602519,0.7194131372578315,0.04649052375060822,0.7551719576365071,0.7901778330762387,0.2271006408239345,0.3573472513757513,0.27969626023490674,0.5335592495514732,0.756867416491822,0.7691773016500206,0.767908606155326,0.2489469385628039,0.6773955312138822,0.5594962590218381
2023-03-24,0.7287950793082826,0.7277608925581425,0.7464208432576857,0.7336396438431626,0.024002611179548078,0.7561914203144399,0.7876443066372382,0.31405304659055194,0.3687621964735104,0.2888236631752557,0.5436567437648466,0.7528197281227319,0.770049090510924,0.7662588798527619,0.24467794277128382,0.6853735856117703,0.6123246798623128
2023-03-27,0.7544598642623409,0.744464451011603,0.7667092871368769,0.7397234088115222,0.03121485530606965,0.7564266710566016,0.7850792186704395,0.34878364143119583,0.38435792095152344,0.299966562903074,0.5601718083349433,0.7492642718608619,0.7713984767448766,0.7651010939774492,0.24024000495799683,0.6948588174854435,0.580169161535669
2023-03-28,0.7373815079807439,0.7342359124113778,0.7544294059804445,0.7258714009185484,0.02681150581148302,0.7543681989783163,0.7818219499839812,0.29068824575829694,0.38796358988431023,0.3097689012454182,0.5491871925424859,0.7491483164879408,0.7700847170192849,0.7643855834616968,0.23410477970477592,0.6862937748149958,0.5030306286058138
2023-03-29,0.7359661407817725,0.7335790166793112,0.7574548971094784,0.7398168802527406,0.02611916790769185,0.7533487363003836,0.7792966128360542,0.36889442944223155,0.40317204825928543,0.3213563718507019,0.5638146406098307,0.7494594795523114,0.7705002456556606,0.7647532758006843,0.22651181670161266,0.6947141362910856,0.6109746576284817
2023-03-30,0.7486098753572347,0.7375203859936665,0.7640397484329976,0.7409400698660716,0.016358744971669774,0.7527606014208735,0.7776953006976107,0.37500759280059787,0.41759348233934496,0.3341781167764932,0.5739283357678308,0.7498374347394557,0.7710857897930389,0.7652402375184477,0.21270757924720504,0.701094815062979,0.5608994655680741
2023-03-31,0.7505911018608039,0.7505640125755746,0.7678659957260142,0.7556343933531079,0.05211032367634777,0.755328780765807,0.776991665889503,0.4519126348991224,0.4415049112166168,0.35032451501797446,0.6011706834228457,0.7513931190529487,0.7704560510119635,0.7657271992362107,0.2112641341897459,0.7149466738451695,0.6132949919469527
2023-04-03,0.7615364714028466,0.7676429314145035,0.7740949407341141,0.7729495947591635,0.031681328859834074,0.758230281477457,0.7758111795812278,0.5298563905883447,0.4745625688781443,0.3713832057032579,0.6414222121779227,0.7548697231856772,0.7681527173291961,0.7663681918125604,0.2231944271536727,0.7245293869495042,0.6227371789829145
2023-04-04,0.7805963427597443,0.786035650720915,0.797675729239549,0.7882991377259548,0.04155099775744179,0.7627393636983376,0.7759745723167305,0.589478689605549,0.5129216929153503,0.39767739667763946,0.6843221194706446,0.7648854399664519,0.7621976633144293,0.7685545530357254,0.22609701360908188,0.7361746124140667,0.6145325904133422
2023-04-05,0.850419874485718,0.8488151283098737,0.8525794079760448,0.854939065431158,0.0977804973841289,0.7770116325626376,0.7785856677207815,0.7626112855672655,0.5938150265309808,0.43863548306837385,0.8044786888861086,0.7979956528351281,0.7406242541149194,0.7748403364678582,0.28554850244725205,0.7595703878912625,0.8056452752266344
2023-04-06,0.8657052238275008,0.8635475905799526,0.8707319505660943,0.8506332498602717,0.0502698978449726,0.7907545190521726,0.7810600292615381,0.7405404575716634,0.6534176002193498,0.48608111231768225,0.8576378851084674,0.8189481365216861,0.7328504971868971,0.7817522007533138,0.28458952218444655,0.7461031317806179,0.5411570821593884
2023-04-07,0.8657052238275008,0.8635475905799526,0.8707319505660943,0.8506332498602717,0.0502698978449726,0.7907545190521726,0.7810600292615381,0.7405404575716634,0.6534176002193498,0.48608111231768225,0.8576378851084674,0.8189481365216861,0.7328504971868971,0.7817522007533138,0.28458952218444655,0.7461031317806179,0.5565593718828475
2023-04-10,0.852872851878209,0.8411197931297862,0.860409740778474,0.8428650069356577,0.021709116206872978,0.8021938612154141,0.7838445028766744,0.7002352995430239,0.6930397003140754,0.5337959049360584,0.8598434209583365,0.8336148717007991,0.7303684122731001,0.7880678076315,0.2727981155320638,0.738604360100148,0.5286942615848733
2023-04-11,0.8508915058876841,0.8452489756581709,0.863969240967872,0.8423971900339523,0.025393989193362665,0.8129470460192273,0.7867256920193907,0.6977314694353649,0.722081184923524,0.5791201919670895,0.8402555186725931,0.8461246855199048,0.7286188176469103,0.7936380561424421,0.2586499220598083,0.7303355427211493,0.5548728111369765
2023-04-12,0.8463624072971015,0.8411199193724681,0.8556047597296809,0.8391212458670491,0.02445769098271769,0.8248078784268328,0.790280510407721,0.6792553450192036,0.7403767990973078,0.6198855385957811,0.8028993712532786,0.8563233620858303,0.7280495565352961,0.7986070604014799,0.251436548529689,0.7222623880996706,0.5447454336618054
2023-04-13,0.8486268884890084,0.8551022051870996,0.8619226114987396,0.8596186135350478,0.023629968513035116,0.8373549002902912,0.7947957087983745,0.7319728173738875,0.7680369934201198,0.6593100791409272,0.7919127503946404,0.8695725408153611,0.7260845188003912,0.8044506010146375,0.253980672053717,0.7301625695604212,0.6306362447773541
2023-04-14,0.8655163493047672,0.8531311944869844,0.8641469395490936,0.8570912070572471,0.03424961428803133,0.8495195895470741,0.7992608815396226,0.7170253162791356,0.7852931982697351,0.695099638697037,0.7621275648670629,0.8806105321951637,0.7264509319046738,0.8103189782292137,0.250892525272285,0.7200431494504915,0.5475458234939865
2023-04-17,0.8633466085392724,0.854257775154722,0.8719779888156111,0.8555005070059528,0.03975413626657623,0.8599787229593442,0.8031458320892434,0.7071436554224915,0.7949103990560502,0.7260998490007695,0.722883437739942,0.8894049115571804,0.7306057906768629,0.8169227726623505,0.2390199185482668,0.7087734228069104,0.5508771841280371
2023-04-18,0.8492875573351183,0.8397125164158947,0.8249051522419643,0.8118852002146778,0.0834867021526146,0.8640565094782265,0.8049632487000674,0.4838903142890179,0.7666278079746713,0.7439344676395448,0.6150040316292065,0.8916390516601679,0.7353881052849479,0.8204607070790062,0.28392184756956584,0.688364690729591,0.40059998576315176
2023-04-19,0.8279630705547959,0.8208503982967366,0.8384307021893406,0.8261115535681381,0.03107880051955502,0.8680166626019222,0.8077777497158071,0.5326832495540206,0.7527498972284613,0.7547842552086463,0.5577700351058384,0.8948673605675684,0.7406576413302824,0.8247539247412985,0.27407384765646303,0.6978214905776547,0.608902202607899
2023-04-20,0.8321144703317666,0.831548192112922,0.8365619804385379,0.8359389263732354,0.049488420598292546,0.8660267484860157,0.8113192031811051,0.5645470676533944,0.7469866046746522,0.762044678532358,0.5283586350744662,0.8964417198445481,0.7515062130081288,0.8309800856867631,0.27902957739118683,0.7111254376150936,0.5923789433994213
2023-04-21,0.8510801862950345,0.8423398789965713,0.8455494658771817,0.8276090886419557,0.032836118993650326,0.8636153922703819,0.815137449225167,0.5263973313810779,0.7339047897877086,0.7646311755203887,0.4900602881311468,0.8955627561497214,0.7639207425434059,0.8367242554888068,0.2852901582023766,0.7013014024411766,0.5263930155102615
2023-04-24,0.8345678883316155,0.8314543362827129,0.8446595316932416,0.8368748666403875,0.021205780518831187,0.8629880355603349,0.8191624530307303,0.558266151945475,0.7285549498461898,0.7653827931415659,0.47502521022364524,0.8958209595392775,0.7746342298735728,0.8422050580670264,0.2785438210231067,0.7086949896328151,0.5902987844997565
2023-04-25,0.8498536349633447,0.8459059746737145,0.8650371921723928,0.8509142771114108,0.027802091892609203,0.8638800433372341,0.8232041247733929,0.6037555427485379,0.73293669018287,0.767063239766651,0.48263607374349166,0.8970213924999965,0.7852215921435165,0.8481082293019988,0.2690805103167955,0.7174670398591788,0.6073717800529533
2023-04-26,0.8477778470221197,0.8368972963054431,0.8479522425304687,0.8269540223940718,0.022809618470208022,0.8626057510982955,0.8261053340030208,0.4939392175498935,0.7161339054560546,0.7642693400673255,0.44597309371989297,0.8915868099886196,0.8015804419906051,0.8534747493460775,0.27534059669150024,0.7097382909075223,0.4706282568549651
2023-04-27,0.8365494939577213,0.8277009977274787,0.8469734157813357,0.8305106873483724,0.02429415715065085,0.8595572327149802,0.8289898643764956,0.5066653974658564,0.7037505007497533,0.7589843858884313,0.4255612896259964,0.8864202247624987,0.8165578122742739,0.8582897227465289,0.26148467222579796,0.7177772710745737,0.5695158049770577
2023-04-28,0.8357001308677009,0.8309851257203349,0.8507994976624659,0.8370621159865662,0.02620562636808784,0.8574595548543699,0.8322145342249528,0.5304911769859542,0.6972372028975188,0.7531523015103587,0.4210780820000346,0.8788220744940142,0.8346216203075868,0.8633928837019307,0.2476705264683424,0.7262157001925533,0.5803696710903679
2023-05-01,0.843154086562668,0.8360523494618006,0.8479518504250357,0.8361260224875432,0.01862208001629976,0.8554304349561387,0.8359560684497634,0.5258817418959274,0.6897304828281854,0.7466378489776531,0.4154867289378991,0.8707171001929067,0.8515459885212867,0.867666219066854,0.2450331044584653,0.7193620413690174,0.5531718114183636
2023-05-02,0.8501366485278598,0.8471257584967833,0.8596980315640131,0.8495103667106826,0.0363715327811609,0.8593709771645656,0.8396709438023658,0.5759132324635534,0.6923690342071342,0.7420761199339209,0.4314874264872277,0.8643942962522494,0.8662132796676433,0.8717308635257186,0.24092524555694275,0.7299248890310646,0.605024609310006
2023-05-03,0.8615535148279997,0.8536943029306938,0.8503544102672235,0.8292935665982103,0.025617842881519734,0.8597042343384332,0.8426655109502342,0.4768620739487029,0.6774959478768069,0.734763733535487,0.4089484256287107,0.8576797148979859,0.877502064497324,0.8739072754650528,0.25784625548103113,0.7216092918660877,0.4839878899565734
2023-05-04,0.8344736355057903,0.8229150325166872,0.8391427225470361,0.8223679457314007,0.020194417598385035,0.8582829244278293,0.8463603880540344,0.44589982485156127,0.6591314911293605,0.7243909525886016,0.3838714253120267,0.8561586124348665,0.8756074604804859,0.8721780606487435,0.24962393708560274,0.7144270540667881,0.531369023783289
2023-05-05,0.8359832674724107,0.8250733671278478,0.8430579708531419,0.8275154639688663,0.020640114312829493,0.8582731189701952,0.8502119863508758,0.46816383375234455,0.6473781498852529,0.7131980679600978,0.3771514616086311,0.8547292490808754,0.8746236327239972,0.8709507274083708,0.23950077234595754,0.7217024312603258,0.5753677326413682
2023-05-08,0.8279630424339895,0.8198182647889591,0.8399433949314953,0.8240524236876553,0.019302353948872884,0.8569302045760289,0.8534333204281025,0.4513696948473554,0.6344217237719769,0.7010527998348342,0.36934759159391894,0.8542805120434324,0.873085803882189,0.869951959236279,0.22891582335801605,0.714706612308742,0.5439486521453135
2023-05-09,0.8256986510294276,0.8156894686713265,0.8350494102721501,0.8122596989070353,0.02282503354454219,0.8528818504782617,0.8560177296623078,0.3957757284595694,0.6143662585210515,0.6863972451716629,0.3487781992134703,0.8546937497790649,0.8694540167355792,0.868351946812284,0.22121948872377142,0.7069746419945779,0.5135180712140137
2023-05-10,0.8205090795350233,0.8141880153162009,0.8285536073759233,0.817875340509948,0.031109630668223365,0.8519310260037688,0.8592957554718742,0.4240173533358182,0.6021524850352914,0.671664744476866,0.34814770022750835,0.854522460190524,0.8673710895555354,0.8672239925181713,0.21869418120654524,0.7164378845676567,0.577215793234762
2023-05-11,0.8264531559197769,0.8162521299147509,0.8225913087010964,0.8116977976366283,0.02515136932775531,0.8499607228031308,0.8618568143074646,0.3940781886468531,0.5872963136375629,0.6562199066348058,0.34231077999232395,0.8509318717837465,0.8659793926135712,0.8646798556992643,0.22689469926494985,0.7082197686333411,0.5339204100787356
2023-05-12,0.8220186321275765,0.8103403558486608,0.8281084947544542,0.8097324456611056,0.011992257611360508,0.847098443922018,0.864307830909134,0.3844013824409935,0.5737270745727253,0.6405221499149846,0.34023835218038667,0.8472851880281439,0.8647053588787293,0.8621655585967039,0.21969843007539783,0.702751575806503,0.5493273794207021
2023-05-15,0.8167347224108849,0.8053668239207352,0.8185872216054751,0.7982202884360122,0.020036915751927217,0.8431285174371127,0.865825131840216,0.329266749345066,0.5540955023110812,0.6231290024362748,0.32634624973265947,0.8446525015014849,0.8613297655489204,0.8591245270464956,0.21941446990614052,0.6956022519284757,0.5141422524394446
2023-05-16,0.8003168193511171,0.7980473483150179,0.8149388772794842,0.7962547832286185,0.023352497175020068,0.8375509773465525,0.8666554768193436,0.32011678430415486,0.5371630931676945,0.6050443030343667,0.3206796444886326,0.8464148872218552,0.857848758564581,0.8582947014560174,0.21476678322625378,0.6877600549928597,0.549261539814385
2023-05-17,0.8072046994485834,0.7962643091641581,0.8081760607532952,0.7929789922935863,0.03167328621235538,0.833747695496793,0.8668222162451317,0.3043700326802386,0.5215467195645357,0.5867304805882059,0.31880220072694626,0.8481067490089215,0.8525790257742974,0.8565356794639472,0.21720481389475668,0.6781790225993987,0.544380478122102
2023-05-18,0.7965427075060484,0.7856604256554092,0.8063074332874517,0.7882056662847362,0.02049601687883617,0.8301698268351366,0.8644445593129005,0.28127100171982916,0.5060060222349365,0.5682519975618457,0.3174529650789183,0.8487332825945352,0.8468556852249361,0.8540015000640175,0.2092787367883672,0.6709337581423438,0.5387738032264098
2023-05-19,0.7958819681006767,0.795044272473703,0.8114683783237026,0.792230148140742,0.02957147433792255,0.826474340826506,0.8623637041272904,0.31138630696040187,0.4973601071232875,0.5513398606010316,0.3302876699380055,0.8490507139493016,0.8427652876965283,0.8521232168283179,0.2061843536474066,0.6800755647608712,0.5716029786679618
2023-05-22,0.8015632515863808,0.7988984546223743,0.8098924979178045,0.7842144357447051,0.023866556393033457,0.8223020463861698,0.8602740318049574,0.2705050232932515,0.4851023111867754,0.5347912520429491,0.3332664368015922,0.8485358750850874,0.8376956685318963,0.8493274518015872,0.2102759013962391,0.6721259423885926,0.5266775280958966
2023-05-23,0.7930072706520997,0.7906728527027802,0.806216625742226,0.7836487036775267,0.024651384742829643,0.8193055723549131,0.8581808708446269,0.26762940446892475,0.47579270594232187,0.519259558397443,0.34159907992357785,0.844327200613732,0.8348842905835713,0.8457562934477569,0.20858371219226465,0.6640123106469111,0.5544389466411364
2023-05-24,0.7928172263014143,0.7799889809459997,0.8021822641916286,0.7822343735095806,0.01943773851476429,0.8155728384458417,0.856154037682466,0.26003578314623615,0.4682567899013702,0.504978227950176,0.35184460801539913,0.8438667051749863,0.8306031633298961,0.843382107968595,0.1988943027027645,0.6569881997289573,0.5512562807091489
2023-05-25,0.7830253269048205,0.7719523794422929,0.7824580655026666,0.761016662816716,0.031977566375299415,0.8102649243679055,0.8526409300833379,0.16135571777097046,0.4472087275533285,0.4883693626479598,0.332772690532018,0.8449616679880781,0.822082018775684,0.8396926401832432,0.21043069240158793,0.6473435804407832,0.47692649794989955
2023-05-26,0.7700960118464991,0.7624029510944235,0.7867614113795015,0.7604507775176667,0.031704786581646945,0.8051035786116941,0.8491977098942328,0.15905579098407768,0.43144388118654664,0.47119964101573913,0.3281770104187278,0.8434833871682738,0.81545918438606,0.8356253111261251,0.19893801010708637,0.6377559652630675,0.554404581845635
2023-05-29,0.7700960118464991,0.7624029510944235,0.7867614113795015,0.7604507775176667,0.031704786581646945,0.8051035786116941,0.8491977098942328,0.15905579098407768,0.43144388118654664,0.47119964101573913,0.3281770104187278,0.8434833871682738,0.81545918438606,0.8356253111261251,0.19893801010708637,0.6377559652630675,0.5565593718828475
2023-05-30,0.7632509485374847,0.763348313283631,0.77887162431848,0.7606390994869413,0.02331161371700336,0.8011676422401589,0.8458178748180382,0.16091063533827898,0.4205687649235796,0.4547854965984312,0.33436824156806955,0.8408125863670041,0.8101864863305434,0.8316176777719915,0.19996564739127573,0.6455896185850767,0.5572767470625803
2023-05-31,0.7701907276812344,0.7662791658614112,0.7836232583584376,0.7671457844188471,0.061725308737130086,0.7981190115193587,0.8442238456891228,0.225286487386199,0.4184304537313167,0.4411275492352702,0.3569526349544258,0.832840207633807,0.809652919340215,0.8272449065147842,0.19829345483642816,0.6614507672165019,0.5813420907726546
2023-06-01,0.7686697398676833,0.760133570938577,0.777347363329897,0.7622422113197745,0.03878164614227711,0.7948999006407041,0.8419482327831974,0.20001421647469397,0.41452603196129134,0.4292395947414946,0.3714560302008223,0.8289657848414634,0.8065194154404002,0.8236851210953735,0.1975763066329381,0.6503842665293712,0.5379657078201153
2023-06-02,0.7703809828183344,0.7815960202385357,0.7857749846657552,0.7851574246779162,0.037162393116566106,0.7945806535560583,0.8401389290300642,0.3912058826372677,0.4303363177689273,0.42362305154408053,0.422844235406095,0.8249206216031085,0.8067359170534106,0.8217095984568703,0.2125495989095437,0.6611123840939763,0.6437430278735661
2023-06-05,0.7896798021030081,0.794171051457514,0.8096235517740183,0.79788823497188,0.028924041215887444,0.7951732337903387,0.8390799990989596,0.47257152569526734,0.453704627473561,0.42488505772579116,0.4792073553332049,0.8199822050106006,0.8086807009803293,0.8201366760697975,0.21057550321191873,0.6701188934871893,0.6042454340595975
2023-06-06,0.816583929328739,0.8033422020066823,0.815451083749772,0.7965678359407652,0.01982981757935077,0.7964670246070608,0.83764389225911,0.46364862475792085,0.472093871756584,0.43042363927265925,0.5142497918846111,0.8152706926144692,0.8106192332095491,0.8186775074323613,0.21256273501908787,0.6630128479141537,0.5516556995274369
2023-06-07,0.8025139802126323,0.7956838413316962,0.8158098091591933,0.7997742128383024,0.02941866403582731,0.798155874262707,0.8358218132119012,0.4842304217092635,0.4897985462437939,0.43921488252545715,0.5409022372926534,0.8132767754347502,0.8113487944408891,0.8180146475829642,0.20426045283074287,0.6721227210260852,0.5684776929685088
2023-06-08,0.8063168417818739,0.8110008308960839,0.8192169734784179,0.8161827412645385,0.024821620781128727,0.8017113396201777,0.8354380411940777,0.5785121640251831,0.5167568157090127,0.4528872675096924,0.580898515813988,0.8128857402170891,0.811572276449703,0.8179247867577848,0.2113544852137159,0.6802719278145883,0.6174201656537133
2023-06-09,0.8245697257583048,0.8139317089633322,0.8340100410507972,0.8138251156996396,0.027810804760711128,0.8072420510276336,0.8348435477978727,0.5600384816765447,0.5364551654227275,0.468676563817803,0.5982445753167009,0.8133220260708792,0.8113483368745457,0.8180377269927988,0.2019446117704616,0.6714980568181117,0.5479096588099103
2023-06-12,0.8205769933866734,0.8093935242271146,0.8273755477025447,0.8127878891658554,0.02946088793509047,0.8127233981344627,0.8339786767675784,0.5515620683079068,0.5512403705174935,0.4849493602856999,0.6022063957513284,0.813913811262215,0.8110626534692943,0.8181999418084855,0.19631093018139575,0.6623793599740946,0.5527480245531372
2023-06-13,0.8180098821576404,0.8149715960078197,0.8311408481796666,0.820709057497578,0.026486448809219014,0.8190146182683186,0.8334293827985731,0.5971904943097681,0.5687876791953416,0.5022892187946489,0.610949946531383,0.8178189142908389,0.8094248974321413,0.8193938802736132,0.19310912891222956,0.6708764739134063,0.5856861729022542
2023-06-14,0.8357877080971375,0.8266957056452768,0.8475479462133698,0.8284417506281548,0.03072425380986913,0.8254342401477256,0.8326787250811204,0.6381499989640418,0.5881564173083931,0.5209313158597451,0.6216205434651743,0.8233432169129739,0.8071477950084486,0.8211027002783413,0.18595766329231153,0.6802591824237979,0.5848445462184952
2023-06-15,0.8400657329277407,0.843998067470588,0.8515824384314777,0.8489051008208249,0.03366786278707225,0.8345105793585937,0.8333774681526932,0.7271444082313134,0.6183663382234463,0.5432852136128589,0.6520351928037674,0.8337588662168901,0.8023482323866967,0.8240718415413768,0.19292668702817742,0.6902570311138798,0.631031701844259
2023-06-16,0.8631671495495973,0.8542093381779909,0.873458517647356,0.8536201987187518,0.0758133462373144,0.8416807921692812,0.8344909606004581,0.74458224818802,0.6448071397499436,0.567680278124582,0.6687605981858783,0.8439553712131475,0.7987839745846855,0.8275447273288332,0.18483331477799667,0.7090622249586684,0.5734916153493453
2023-06-19,0.8631671495495973,0.8542093381779909,0.873458517647356,0.8536201987187518,0.0758133462373144,0.8416807921692812,0.8344909606004581,0.74458224818802,0.6448071397499436,0.567680278124582,0.6687605981858783,0.8439553712131475,0.7987839745846855,0.8275447273288332,0.18483331477799667,0.7090622249586684,0.5565593718828475
2023-06-20,0.8610757395437215,0.8572348992587044,0.8729206899259964,0.8526773630174115,0.0394150046312245,0.8474189427672129,0.835387458672879,0.735477019450522,0.6637115494485432,0.5918521833336193,0.6669320215708288,0.852385078454723,0.7965145362259601,0.8307538960811784,0.18018305256301217,0.697863368290252,0.553183891661451
2023-06-21,0.8546109557039209,0.8535472705880258,0.8628790457921253,0.8503195842206416,0.03393058927137635,0.8530484469687712,0.83632333631631,0.711745073952444,0.6754250812816955,0.6140745629509583,0.6509575277248825,0.8593605274111747,0.7963474957849451,0.8342634469726622,0.18457980637028368,0.6878106163783033,0.5481130606542199
2023-06-22,0.8576531062907872,0.8611112224637827,0.8727411604624117,0.8667279594150067,0.022593137208906426,0.8600606169860344,0.838263996298266,0.7764273896565925,0.6955739174838984,0.6368148025789641,0.655200894207828,0.8689209389050748,0.7953184044902563,0.8386741605518535,0.18508118378230834,0.6954941261956157,0.6154290531614975
2023-06-23,0.8786630927035565,0.8663113717953776,0.8838584984653138,0.8654077136157626,0.04916604447852144,0.865216024903744,0.8399575362327815,0.7629648428877258,0.7086845530264368,0.6582359340185912,0.6443920668053447,0.8768252787417651,0.7960081980222969,0.8430898691108257,0.17730933962683706,0.682257547652355,0.5518723812591495
2023-06-26,0.8679205868163774,0.8541147500974324,0.8506860465617702,0.8479622651194846,0.03259886089302876,0.868791261658605,0.8412496098212271,0.6029762175796909,0.7039275838578279,0.6742012737852718,0.5996870827439034,0.879113585357357,0.8028943124862605,0.8477058486995164,0.20483250891761343,0.6724830934492052,0.4945740721535729
2023-06-27,0.8555617308885158,0.843714497599579,0.8606378239045659,0.8447558882219471,0.018850625248819405,0.8721393199220243,0.8424974666974018,0.5769803057336724,0.6960024567821879,0.6850217136180808,0.5575295585330806,0.879672593211326,0.8112840289639917,0.8521816434484917,0.19803746731367003,0.6655816744250147,0.5450380146461863
2023-06-28,0.8509985023239698,0.8372851188407675,0.8558860571951127,0.8416440553887244,0.031269143176550857,0.8743318748129681,0.844044620324211,0.5514050957653425,0.6857570227376306,0.6911547790269915,0.5191210173951417,0.8784942161868999,0.8211155307468067,0.8564822315532621,0.19101136386370507,0.6560850977529455,0.5453544531627422
2023-06-29,0.8456749986413877,0.8478748903827289,0.8587552205804226,0.852394650215693,0.016303786880565344,0.8768404992425484,0.8460448382903821,0.610914931414642,0.684301855605001,0.695702846974995,0.5061334822261138,0.8781181258267142,0.8305705387507699,0.8610081306678252,0.19296351093838252,0.6624542916672036,0.5953479168748426
2023-06-30,0.866779604047118,0.8631912325728011,0.8777619415570016,0.8657849704817956,0.03662822727985598,0.8786083542466948,0.8486388562927808,0.6742009328410181,0.6917480396710805,0.7011751773147432,0.5137069267358141,0.8768742347695818,0.8428667262793456,0.8665052604845145,0.1917909262301438,0.6730707820179622,0.6045365081708376
2023-07-03,0.8618360344692925,0.8485362107457142,0.86529977937564,0.8453216202891255,0.012860193318436563,0.8777392312203461,0.8506738514483781,0.518991848349627,0.6804620990375081,0.7027734950065582,0.48196310584571894,0.8749580441160693,0.8512429800001898,0.8696994036217858,0.19929819613069935,0.6674212124760288,0.4838687602486709
2023-07-04,0.8618360344692925,0.8485362107457142,0.86529977937564,0.8453216202891255,0.012860193318436563,0.8777392312203461,0.8506738514483781,0.518991848349627,0.6804620990375081,0.7027734950065582,0.48196310584571894,0.8749580441160693,0.8512429800001898,0.8696994036217858,0.19929819613069935,0.6674212124760288,0.5565593718828475
2023-07-05,0.8490021294755675,0.8440925746398855,0.8632377331703541,0.8402294187570368,0.03424626318491521,0.8764355386567168,0.8523840265628281,0.4856549881409062,0.6662618570345332,0.7005548567875075,0.4506868102341015,0.8735219303180296,0.8572282234029936,0.8719473153612742,0.18991390409990846,0.6573024926622963,0.5382303830595548
2023-07-06,0.8419670208126969,0.8294375137774623,0.8477272691746612,0.8288190074941878,0.028267225005127183,0.8741837498146633,0.8539732513076471,0.4156698164545947,0.6451583855743195,0.6935824988901953,0.41173463332033833,0.8707811212782911,0.863486607698139,0.8736595439922696,0.18860162325177096,0.6484332413237502,0.5153522515596056
2023-07-07,0.8250451253421013,0.8168627149804759,0.8315893254168926,0.8066583078681119,0.032889736643508305,0.8678925617772316,0.8547930648584537,0.3041874942179344,0.6107508231163211,0.679530580530106,0.3537244202068416,0.8697222994335659,0.8653113725059539,0.8740250235714844,0.1944265363539807,0.6385980014106767,0.47592983868765304
2023-07-10,0.8151580883828636,0.8098663179069514,0.8297963154847664,0.8091101710335834,0.024290806047534724,0.8619964325787245,0.8557506277446477,0.3200236373069612,0.5849393079854591,0.6619320827021816,0.32466360042363906,0.8704421558832439,0.8638163356472447,0.8736495377624154,0.18670343459966207,0.6466362812815307,0.565611877423159
2023-07-11,0.8123061565455693,0.8098663009344427,0.8172445373876837,0.8008117458358283,0.030104969954009457,0.8570582853573366,0.8571684943035128,0.2817254934175653,0.5580206627980825,0.6412236528834087,0.2991806882419906,0.872020000503117,0.8608040988661402,0.87295865233428,0.19624543593513885,0.6373829875083965,0.5259707599055432
2023-07-12,0.8104996945993538,0.797007574981105,0.8197547469631704,0.7956250002394248,0.03234149617371046,0.8519127310418982,0.858421723354632,0.2586051028787078,0.5328963661586996,0.6184691968060915,0.28241546391514105,0.8741208159586485,0.8568108796413575,0.8720474671464258,0.18552716986629267,0.6276623160531978,0.5373345820372966
2023-07-13,0.801563303431139,0.7988040102047342,0.8155409072055951,0.8025089420373633,0.028731017676398712,0.8478140497507739,0.8599135119142555,0.3081742672537166,0.5185995975302766,0.5967445666085102,0.29085390003944134,0.8754476319522807,0.8535060224368284,0.8710812151537877,0.1834537707693493,0.6366284883854474,0.5821636356854372
2023-07-14,0.812781091177417,0.8092041054793859,0.8296166784669373,0.8125047166685245,0.021764074297977408,0.8436363149665126,0.8615296139123784,0.3754586323123755,0.5153039699501883,0.5785532021142312,0.31980562628188985,0.8758282941345704,0.8514181862099147,0.8702351111357174,0.17794680172942093,0.6441387449235528,0.5935669490869175
2023-07-17,0.8181999327579793,0.8058002762789458,0.8221751491247681,0.8049606519709641,0.022599169194515448,0.8372660894841569,0.8630516373346461,0.3354833132594989,0.5073904604324089,0.562051139756869,0.3336478383077453,0.8752297292946546,0.8473619798893929,0.8679020813612979,0.17641496234776213,0.6364539745730854,0.5288140021300803
2023-07-18,0.8117354030400635,0.8154442431658206,0.8225338512943284,0.8048662611385206,0.028267225005127183,0.8330291367969985,0.8637538472061072,0.3349781627207677,0.5015872246200688,0.5474202457540073,0.3489802696905291,0.8735445458476997,0.8439155116631981,0.8653137137523765,0.18669184666053099,0.6275847232345393,0.5562104777919649
2023-07-19,0.8007077931308361,0.8109062442680584,0.8148237043870151,0.8018489723696122,0.03624352064212497,0.8290094929507988,0.8638949650698892,0.3180836156599188,0.49529135238775013,0.5341649579676925,0.36025204428751234,0.8716640703496213,0.8404499273651652,0.8626152125338884,0.2007712602127242,0.6170486268872282,0.5454059532606204
2023-07-20,0.8390199006065454,0.893446696193732,0.8504169287421132,0.892755158838242,0.13255623486139168,0.8357056255258498,0.8673220414365247,0.7088607230351414,0.559764773742965,0.5394394997122101,0.5120862387536883,0.8807330615776717,0.8356051327797515,0.86486813552345,0.3012325552767662,0.6477116561220734,0.89327173830139
2023-07-21,0.8983421990695294,0.909331042390457,0.9121001888785948,0.9098238101641,0.06678815532496987,0.846510309042508,0.8712430194073425,0.746861241452419,0.623067484549175,0.5592495778069297,0.6311910286382625,0.8912565085227478,0.8293297306659423,0.8671561128580862,0.3018778203572433,0.6646308122483485,0.6161613608717453
2023-07-24,0.9299044474124322,0.9376952329130241,0.9372933146327375,0.9182163197305572,0.08740012037162392,0.8579371656966831,0.8748783931222012,0.7644147637237608,0.6781652636458957,0.5886673415974033,0.7099168051421255,0.903071426217596,0.8227547094328146,0.8699597445712148,0.31429535326107183,0.6858573502248511,0.585553484493935
2023-07-25,0.9199227391828549,0.9269170208424293,0.9261763452136343,0.9305701796222298,0.07824959820273637,0.8715269682903538,0.8790379251419961,0.7892706533941667,0.7292048264366479,0.6247717802080567,0.7647076969466036,0.9184616751435123,0.815659755882138,0.8743454344406241,0.31746938921094525,0.7051716594050619,0.5990169800512278
2023-07-26,0.9346579828475338,0.937979018746443,0.9409692415914436,0.9336818592235817,0.08158796712701886,0.8859858778621604,0.8833452793251989,0.795461626683517,0.7694885262673499,0.663576561743535,0.7868344192724077,0.9327472575684722,0.8103766707240782,0.8790665526591006,0.31468658463116606,0.7251836036570027,0.5671722894208202
2023-07-27,0.9363690809088742,0.9421389710942303,0.9467071609761203,0.9428290357539756,0.06924384368846537,0.9006818195276795,0.8876963151869889,0.813710801337663,0.8054540017084773,0.7034781080521171,0.7958213554752483,0.947567269518787,0.805845962426227,0.8844385069808565,0.30971475904470747,0.7426159368366444,0.5876977857926696
2023-07-28,0.9536715651702529,0.9522558035426463,0.957376316255545,0.9502788628509632,0.08058665751592109,0.9151111201480379,0.892037272761231,0.8282133625028265,0.8363417956227441,0.7430065144723756,0.7927638316986524,0.9618860217061399,0.8014814332857242,0.8896352221178228,0.3036655359633085,0.7624186325848381,0.581778115387341
2023-07-31,0.912697455387563,0.9036580294982406,0.8989208543514199,0.8847395996740758,0.1375145270320084,0.9234664934272862,0.8933140269158412,0.5040178042290218,0.8076594761357854,0.7675652432945472,0.6701016703580991,0.9635625830835103,0.8017673943955875,0.8906415315704626,0.365379787129094,0.730719445096498,0.3357040038033323
2023-08-01,0.881134840175518,0.8929739525802456,0.8930930745333464,0.8975644943367417,0.09178939523312284,0.9331749235707908,0.8948797265571687,0.5413275999855944,0.7919401333180804,0.7833408037578248,0.5981320232323935,0.9676292431035801,0.8031275262188505,0.8934151283237355,0.3660988251555213,0.7528632310321973,0.6015698118248867
2023-08-02,0.9047116388657043,0.9133018282668064,0.9181070393510095,0.9071831653337409,0.08364822532281176,0.9442067374342539,0.8968217241233335,0.5684299913329522,0.7841295604722818,0.7940376330216199,0.5565166883853817,0.9727313379178147,0.8049838302982478,0.8969697316550025,0.3591260411009023,0.7733057173862257,0.5900453656910132
2023-08-03,0.9151694533050306,0.914058689922705,0.9254591753674778,0.9140675668272921,0.10261010719508647,0.9464388190717662,0.8990930130835718,0.5877126985712726,0.7805349667210116,0.8017098055125484,0.5317325248893983,0.9782763820122792,0.8083288663335705,0.901495614499273,0.3438171447104519,0.7977107597429408,0.5803825293939165
2023-08-04,0.9188767453318266,0.9269167754830154,0.90950012802555,0.8989789777365585,0.14275833318811887,0.9453030229038321,0.9002420907308156,0.5244628634934829,0.763654773926302,0.8036902221374622,0.4850940404081182,0.9804529278992623,0.815901988305941,0.9063969587471739,0.36708759342438413,0.7649157487650977,0.5045693800683392
2023-08-07,0.9107961873694627,0.93315710695055,0.9226796468196511,0.9372654929871519,0.1046985146570548,0.9472980724476318,0.9028023251777714,0.6278287381878918,0.7769535482093246,0.8085498307357936,0.5086862592825507,0.9869028074105107,0.8228768275988637,0.9132007801556417,0.38284638941808047,0.7897572157119574,0.6897299923493344
2023-08-08,0.9440701114808253,0.9351429164047025,0.940879986200655,0.9380200067192176,0.16932319781025518,0.9480783044267854,0.9060110095300528,0.6296500764577078,0.7853401501621633,0.814503003472709,0.5176469693529129,0.9911702484208046,0.8330665512589991,0.9204852260029652,0.3719316159986792,0.8281036147048755,0.5591222153797346
2023-08-09,0.9441647664176603,0.9417609077297089,0.946796966404115,0.936982473721692,0.273848795546518,0.9484239829168709,0.9092969680329058,0.6249455881487096,0.7884263467560744,0.8200256224978826,0.5141189943174183,0.9927246865406693,0.8464970895257807,0.9279899553397151,0.3622739126922595,0.7679139969041305,0.5530368300393325
2023-08-10,0.9536713652270775,0.9580230536535803,0.943120887185711,0.9284951136271785,0.3089643348797557,0.9469227689578855,0.9123914008556545,0.5855213935914265,0.7816864278776734,0.8227837835507179,0.49146691062354625,0.9918683735870585,0.8607803838410538,0.93467861561825,0.3787345306173766,0.700386115311332,0.5277255061761682
2023-08-11,0.9392213142379974,0.9389245386427763,0.9429417962503387,0.9443380632181068,0.29349430245448194,0.9463005797721563,0.9156672701519043,0.6307051383865825,0.7857385492972435,0.8259882850564202,0.49512424287293194,0.9922922107422013,0.8743646040512069,0.9416777049415088,0.37014293500752826,0.7646811495390089,0.6106635326684874
2023-08-14,0.9491083180937384,0.9545249752785265,0.9441072564873384,0.9404715634209476,0.4150140143132316,0.9521374750195536,0.918328292933868,0.6118392044731535,0.7832832160051029,0.8279471769614675,0.48491766595758135,0.9880531464894889,0.8931515493908965,0.9488720377741198,0.3803111850393366,0.6749915544278607,0.5434827577741057
2023-08-15,0.9422635491326957,0.9446919893259065,0.9476039368349679,0.9357566187548915,0.5820410362683188,0.9561373956129998,0.9215504186425653,0.5882250596650813,0.7751153073337098,0.8275026652829364,0.4652240769538329,0.978610897960514,0.9168161566243843,0.9558210634075222,0.3726813683948893,0.5503975161334238,0.540575595811929
2023-08-16,0.939696837895479,0.9462994510794218,0.9475144779725494,0.9305701796222298,0.5610939609100524,0.958586753995046,0.9247691867419222,0.5618278826271794,0.7622079775728245,0.8239681871636031,0.43990476332031736,0.9571614415744215,0.9526401337279419,0.9626549279109917,0.3677453359285048,0.43018088930894205,0.5389263863455253
2023-08-17,0.9428339440461543,0.9525395268351922,0.9531625656587636,0.9458467842184964,0.46104007517194506,0.9619150408610752,0.9289387915897379,0.6132847229739755,0.7612214352319775,0.8208976350762752,0.443706192537149,0.9582143332357659,0.9572004045316475,0.9654735852391936,0.36793709457947477,0.5294887725712467,0.6086628547639085
2023-08-18,0.945780772946548,0.9393025776936588,0.9401622681704215,0.9315128620916994,0.3184673930964595,0.9653223651720287,0.9333872581771955,0.5404203563915373,0.7471758346476592,0.8149819867407474,0.42039335545435813,0.9585583306184106,0.9591522491719516,0.9666250663761835,0.3645341380870418,0.45997499102220274,0.5081262045734698
2023-08-21,0.9126976151388521,0.9001599480278193,0.892196814788527,0.8830424034725407,1.0,0.9596434966698434,0.9360214037058551,0.3528278022535392,0.6972235012679037,0.7979470077000913,0.3292810968225699,0.9617292345984411,0.9521391974750858,0.9647576679661305,0.40709694936906204,0.24803805017370145,0.3913383585766358
2023-08-22,0.8857931787789967,0.8811553870054192,0.887265472748432,0.8705000683797225,0.3667440548079617,0.9525720285086218,0.9385043421641296,0.3149937329895595,0.6468996259446316,0.7719250592600734,0.25564149548820253,0.9653731453388502,0.9419901391812494,0.9615685198086399,0.39767317803145963,0.16843566154740805,0.5124932673305067
2023-08-23,0.876666644390712,0.8684859786100818,0.8698722467885575,0.8564491655183853,0.7834644508279235,0.9441376498808732,0.9406714578823833,0.2750017688622312,0.5957164280836816,0.738501897910449,0.19499564883683862,0.9694672517106301,0.9295511467562264,0.9574682027335875,0.3960855452084454,0.0017491998415649634,0.5067975954744849
2023-08-24,0.8588891738071361,0.8700934232606632,0.873368949920411,0.8617301487153616,0.460040776222717,0.9371452512610002,0.9427814614846887,0.29818817864595965,0.5590740861620399,0.7027389463676431,0.1758233106018638,0.9695606973485772,0.920829180789355,0.953162627784182,0.3919848923298116,0.10084825477784082,0.5754315379120651
2023-08-25,0.8727965850797744,0.8921057625450577,0.8858413828153021,0.8840517418058299,0.10770847547595717,0.9308313710515642,0.9453306240101128,0.3897912075470446,0.5471384671539395,0.6711890331659474,0.21034512213354412,0.9651766748925042,0.918309190121272,0.949646601316305,0.40128726314803864,0.1263187277690972,0.6360574166812387
2023-08-28,0.8794995381346663,0.8771539089674634,0.8778040181557704,0.8654343759612907,0.10953482667424462,0.9229726096978351,0.9474852537892423,0.3308116724796753,0.5237124102599856,0.6401796396562921,0.2147741629888591,0.9666055863326696,0.9147814445448684,0.9486216786491066,0.4003054876748794,0.10046659335032343,0.4911911280654449
2023-08-29,0.878254788563196,0.872106483563345,0.8741919424241332,0.8656245367130154,0.0676500590464369,0.915627567663796,0.9496500219107212,0.3316039181148574,0.5057848195022349,0.6109568461229451,0.22941363756063987,0.9679629530057942,0.9099837160947676,0.9469259725000903,0.39734935473346666,0.11756586565853891,0.5572350191615608
2023-08-30,0.880552929237611,0.8735349900197811,0.8824096586298474,0.8601152380284728,0.05243940200235113,0.9082487120467203,0.951726001738379,0.31369462951063826,0.48805596071195323,0.5832122770741156,0.24152627051678385,0.9691388133771274,0.9037642962606153,0.9444271159050606,0.38546569070966663,0.10364523778977552,0.5369870411494888
2023-08-31,0.8638910374227723,0.8520120273816887,0.8607361259425886,0.8406431448083319,0.08859043219847108,0.8972305712600238,0.9498692929089837,0.2542153064900227,0.460117467700638,0.5541358180792272,0.23061270885983706,0.971313995172668,0.8937104577609881,0.9405289816190887,0.37803813671969255,0.08216995460399928,0.48713776937972647
2023-09-01,0.8452182401911182,0.8416312976464684,0.849267098536071,0.8292448388632799,0.043532169919694164,0.88651988212203,0.9469983294610543,0.22252132408952463,0.4306087946698687,0.5236071369147824,0.218713139954812,0.9747465382080279,0.8827516573142592,0.9368267660596052,0.3713817209819661,0.0701107140276051,0.515407057659283
2023-09-04,0.8452182401911182,0.8416312976464684,0.849267098536071,0.8292448388632799,0.043532169919694164,0.88651988212203,0.9469983294610543,0.22252132408952463,0.4306087946698687,0.5236071369147824,0.218713139954812,0.9747465382080279,0.8827516573142592,0.9368267660596052,0.3713817209819661,0.0701107140276051,0.5565593718828475
2023-09-05,0.8369832881679907,0.8367746135762617,0.8517056414157923,0.8311447608299497,0.04627806381304597,0.8810845612876971,0.9438960403784026,0.23231300588004505,0.4102706191857922,0.4941752248137813,0.22770011131287485,0.97265509506363,0.8736229676419155,0.93119277054286,0.35582135236119583,0.08274377730805016,0.563470120613418
2023-09-06,0.8300885075807293,0.8180131561225146,0.82524563685026,0.805783353885558,0.05119748318751566,0.8743066791198654,0.939449986902048,0.16501934797194456,0.3767170600172813,0.46236599043514737,0.20822023361565956,0.9718544390297413,0.8603846868127575,0.9241722695147423,0.3610933453304931,0.06908267920999861,0.46442499230317097
2023-09-07,0.8233855306913197,0.8281080660977025,0.8399655928645685,0.8249705890577886,0.05239047589685572,0.8710098788461084,0.9355766924433885,0.2604170188389992,0.36690741380737113,0.4345026440450832,0.24055300403868723,0.967023228197731,0.8534565537066853,0.918225510166307,0.3626218038434912,0.08299308275428174,0.6274417162286117
2023-09-08,0.8276946485274718,0.8244891390250828,0.8418621336075486,0.8300048689426963,0.032452752797165765,0.8676872409507622,0.931556858810256,0.2840942576055407,0.3651010468951191,0.41176708766809844,0.28257032884635047,0.9619643357893154,0.8482015009637948,0.9129966205260291,0.345282013389122,0.0927370040432301,0.5749224792401599
2023-09-11,0.8417709431771386,0.8436312854929839,0.853240612902482,0.8499518277306016,0.02811173382053904,0.8641159039114582,0.9279822878518561,0.3723305119151455,0.38087191008658317,0.39746275380459617,0.35165611706526695,0.9520097023416118,0.8484347933441366,0.907985614507042,0.3381996429732418,0.10157376163822246,0.6290779941159048
2023-09-12,0.8528790284580617,0.8554404336502257,0.862993883581774,0.8586906413251799,0.026345702478341816,0.8634096220939719,0.927054184575418,0.4079645439305986,0.4017517922647176,0.3911616675735744,0.41723506129511295,0.9416667565517686,0.8504094598759949,0.9036438300217979,0.33354700456027797,0.1100414631372485,0.5879197970709595
2023-09-13,0.8676254632373187,0.8651541971965084,0.8762687819995202,0.862584876090963,0.03540507464247081,0.8630912737092072,0.9258078891240743,0.4239223015550669,0.42273002752227173,0.3912874022381484,0.4698966992253199,0.9312621656943024,0.853363394912877,0.899759110591948,0.32381552139437697,0.1204023453760002,0.57045576619086
2023-09-14,0.8764351866305699,0.8682017913096371,0.8802423133120753,0.8602102417883998,0.03782390087168894,0.863101223600751,0.9241342819240325,0.41410460462890925,0.43880182298342046,0.39534621601038644,0.502124513145047,0.9206828834682698,0.8567966504473751,0.89602367109529,0.3133362140788506,0.10953598934205211,0.5481067853405894
2023-09-15,0.8697324415017272,0.863916536550825,0.8601042029383666,0.8384586712574936,0.07558212012230185,0.8628724402880931,0.9214403982467537,0.33022933560225615,0.4361814622475878,0.3979479141100567,0.4901848466726574,0.902350567275105,0.8642919037650044,0.8903223897841339,0.3250097584675764,0.09077911593487581,0.47901574944655634
2023-09-18,0.8519212493765121,0.8480119924285869,0.8559498338653145,0.8481470627557296,0.024624575917900654,0.8648520995964243,0.9196292983091113,0.375090921600366,0.44274062065036884,0.4016446883444875,0.49915794610262515,0.8844312170221943,0.8739159957653501,0.8858964634815056,0.3212992520350739,0.09888714530697901,0.5915880563438902
2023-09-19,0.8531660119465793,0.8451549291494165,0.8616390756996232,0.8455822677014416,0.023028110393379292,0.8663641621468346,0.9163626992903563,0.3650243723296192,0.44714345945979583,0.4056864564763946,0.5019848404586625,0.8796699191057479,0.874844918565511,0.8839076886898052,0.30667070313243294,0.09111273704325978,0.5473444908839785
2023-09-20,0.8525917766625494,0.8517262940981545,0.8641679254681159,0.8523266152650356,0.01154455023504637,0.871238710303403,0.9133095131969827,0.397725492814824,0.4568520792843811,0.411310948687,0.5149537474392429,0.8774407839341299,0.875212235524614,0.8829428522126099,0.29801712749546705,0.09648737029814125,0.580831026698291
2023-09-21,0.8562305335083052,0.8513453276211669,0.8635356262561004,0.8404532905203487,0.016164380990934597,0.8728602377090072,0.9098702566247573,0.3480955106853368,0.4565167143841994,0.41572794744709185,0.5050594958447077,0.8765889934157848,0.8743898925063661,0.8820936242983899,0.290342579161353,0.09014730870569015,0.5140157169309189
2023-09-22,0.8440693422419435,0.8313460764328444,0.8514346515128811,0.8294349996150049,0.01918037379544598,0.872800554407957,0.9063408250387553,0.30530499299314623,0.4489630624006916,0.41740120284546295,0.48257714853246736,0.8751817344808585,0.872407166643771,0.8803790608804283,0.2772036255365803,0.08317698053568734,0.5167741412034095
2023-09-25,0.8322912406176147,0.8214418079706827,0.837708060501534,0.8271553690723689,0.03088108543570372,0.8704130458356035,0.9021657006087559,0.2965586927352181,0.44245376428672323,0.41713667120073344,0.4666988408423393,0.8684622072957849,0.8732895546711074,0.8773584078715091,0.2693321737179819,0.0737614981632631,0.5482685109461941
2023-09-26,0.829801274320953,0.8187750803321949,0.8388819368061383,0.8153770480876089,0.018698485167347387,0.8658767458468871,0.8977086844014174,0.25233067906744583,0.42964803788462974,0.41377120038985093,0.4412896162405677,0.8664096025347133,0.8700835971896203,0.874700842708815,0.2575739392729631,0.06689187258642915,0.513658270782633
2023-09-27,0.818023079340478,0.806204011845735,0.8063714333496265,0.7972347010427047,0.054265753200638575,0.8590325203699555,0.8927732607286073,0.1923305936403718,0.40723870068705453,0.4055597625844758,0.4015815609778811,0.866066960888246,0.8631633370935984,0.871069996787146,0.27503435941094967,0.0525895832901484,0.48996279087279865
2023-09-28,0.8076812134156638,0.7985853552767366,0.815040951458302,0.7950500742599954,0.03851757921672656,0.8522081946761114,0.88794478919722,0.18553437695665959,0.38963772536204966,0.39465577376912525,0.37951868592668536,0.8656818296811225,0.8566405278950927,0.8676156591330781,0.26695722507952935,0.04157826594336339,0.5484425942079014
2023-09-29,0.8064361749724155,0.7951567601143306,0.8071841772254954,0.7843164881706911,0.037303139447443304,0.8465377996299507,0.8821895956498224,0.15262586389519756,0.36953451080441535,0.3809814826637281,0.35681871365024753,0.868493279587402,0.8477486223010567,0.8646252525978155,0.26558966415999496,0.03082073593847251,0.5166212650259674
2023-10-02,0.7877636220850487,0.774395720229273,0.7888521123292501,0.778617488430036,0.0344815106236671,0.839255859166154,0.8767420573894819,0.13583708453487475,0.3515102432635414,0.36560296110913015,0.3428541784121549,0.8717168437143245,0.8390376301427839,0.861937424691172,0.26648391876963784,0.02065285533169109,0.5352003752778322
2023-10-03,0.7806776464172612,0.7751577797089069,0.7939996808595101,0.7804224066367788,0.024301529577506323,0.8324315655687341,0.8730857900633305,0.14914258810191694,0.3409993282621065,0.3507114736966729,0.34684495644529445,0.8734979931099726,0.8318049419957071,0.8592445529938699,0.25745423638428766,0.028693376150376537,0.5633500941066693
2023-10-04,0.7891997194359034,0.7792522826377004,0.8001401228811734,0.7821317081561111,0.019036276361452657,0.8250799437677064,0.8699372970004408,0.16235560324996073,0.33642236055756936,0.33767104986189644,0.3620126484499724,0.8750796724860402,0.8276572791260771,0.857988876904056,0.24606311423938895,0.035633591583896285,0.5629824845932764
2023-10-05,0.7959029332442372,0.7993470089773334,0.8136863146270367,0.7975195590906149,0.02599383665114882,0.8205834272969529,0.8678376828787443,0.2743363695921271,0.34689890676739465,0.3298189164794515,0.4045257163751532,0.874964338221926,0.8248566458216718,0.8565314898636422,0.2494348204079592,0.04402776198220798,0.614316024989159
2023-10-06,0.803659276703986,0.8018231806298841,0.818382143969466,0.8022688276957414,0.024713045040166318,0.8177382718582228,0.8657191241970305,0.306106573191886,0.3609985942305503,0.3270097371719184,0.44584789197423785,0.8742091779774176,0.822685927062284,0.8550589714512542,0.2428254903161359,0.05215427917391935,0.574201470213084
2023-10-09,0.8046167512064025,0.8073467964582892,0.8228974662162144,0.8108174805385947,0.015409712569183524,0.8160271793805122,0.8631098468155981,0.3615186665400311,0.3806517090609895,0.32960264141871387,0.4901127894761641,0.8709275984161123,0.8219098820024392,0.852981312051921,0.23765026967921657,0.05833663406274314,0.588214313459328
2023-10-10,0.8161078869748667,0.8110610144318717,0.8302123565945411,0.8091078725555206,0.02116958860517705,0.8153705988761085,0.8611029791450749,0.3525732826491244,0.3966681374508257,0.335621554833051,0.5181856512001135,0.865666553995346,0.8220651437571814,0.8503489414370795,0.22779426894266916,0.05095061007003521,0.5502647743606435
2023-10-11,0.8168739738231329,0.8089658441456604,0.813415297538938,0.7884008836881992,0.032224207564646126,0.814445419444659,0.8583515629682398,0.25533810868721346,0.3952751181023456,0.3400936071901403,0.5055106073100707,0.8591200292299189,0.8209303308714128,0.8464104812312803,0.23836311153902393,0.0412544489817413,0.480231755443972
2023-10-12,0.7925512535599669,0.7852522125603683,0.8046555497400313,0.789825633623363,0.024647363419090296,0.8138982556508122,0.8558472013245163,0.2654169413189686,0.3970079179285258,0.3440980099446691,0.5016786670011186,0.8518418102680642,0.8209546395223245,0.8426737319760804,0.22989893894626975,0.04936724036798601,0.5618844194460528
2023-10-13,0.8003075919441166,0.7928709919029007,0.8135055461821877,0.7947649097483435,0.02174798900302001,0.8149925350938693,0.8542125969880944,0.30110788191158416,0.4038298511800917,0.3489816651433091,0.5088832981264023,0.8482563347342634,0.8200072490412983,0.8403540113008816,0.21987495445906616,0.056874135484344446,0.5750023585669984
2023-10-16,0.810745841507383,0.8013474027359961,0.8206402124622904,0.8012243992640274,0.0287739117962851,0.8173601920277714,0.8532142514323534,0.3467230833112019,0.4157117879624696,0.35581492019650174,0.5248584004852689,0.8421211861587118,0.8213474114760898,0.8378628668244716,0.21176953892073055,0.06584927160791926,0.5805987897292678
2023-10-17,0.7931260149472626,0.8080135514613034,0.8005015998636157,0.7875461563125977,0.06788999802955137,0.8181062734114329,0.8516608684848007,0.27836997136001146,0.4161819945754507,0.36139732860356855,0.5146089110013402,0.8357248769778661,0.8217750544934187,0.8347817045979453,0.23947597632195947,0.048699858091978576,0.5058746367674098
2023-10-18,0.7876675465389352,0.7794427815566292,0.7773827713675533,0.7556305625563368,0.04679748479604516,0.815330767213509,0.8498739651725175,0.15854981890170744,0.3939035686900263,0.36037643553388765,0.46050118384329936,0.8291253089820755,0.818300631491592,0.8296480693847923,0.2615962934207662,0.035958248900955114,0.43720507214622595
2023-10-19,0.7518544189438735,0.7523965350905761,0.7602247627586819,0.7517366342542952,0.03765902659837565,0.8105358502857151,0.8472646987101399,0.14655274510390714,0.3752634865798573,0.35496896713373416,0.42455740299743266,0.8245778820275983,0.8135573067524654,0.8249380637760564,0.269149427412408,0.025126347439913155,0.5416769393626312
2023-10-20,0.7621004938437766,0.7596342304595691,0.7799116236681262,0.7581955108424957,0.03412830435522765,0.8059199832610727,0.8447061894738369,0.19348083062462346,0.3675216296663018,0.3487362969413009,0.4177956651630744,0.8202680910133054,0.8104276106868916,0.8211559285400782,0.2592075817757413,0.03522041682750132,0.5813113681539521
2023-10-23,0.7632495802805358,0.7561106289203818,0.7697973446453531,0.7429028168997899,0.02519426344764169,0.798807174905308,0.8408921199682226,0.14324364886166874,0.3519443899175121,0.33991373590482954,0.3965739917847228,0.8173748775670345,0.8044521197469979,0.8166829241462574,0.2588744856833557,0.02699333710186058,0.4982144865644757
2023-10-24,0.7430445524390982,0.7414444408767187,0.7600441037065576,0.7413829099728281,0.02707959406077292,0.7917142342362063,0.836712540563879,0.1384969307700839,0.34082940784742355,0.3301182448541691,0.3886017627509612,0.8157914789309461,0.7982161160344036,0.8127545433866283,0.25303382494817894,0.018372270735630303,0.5506989346323151
2023-10-25,0.7477369361423399,0.743444482276977,0.7609472693514615,0.7446127313466054,0.025239838450020972,0.7871282329344075,0.8325092886488054,0.16392019227927457,0.33693187013924,0.3213219508446665,0.3967892248970515,0.815664932204656,0.792749914079201,0.8099608202815998,0.24893310468925453,0.02660887448955407,0.5690260517433868
2023-10-26,0.7547269833030418,0.7415395760048262,0.7487557135595365,0.7202010555377424,0.036846048982404025,0.7798363425790668,0.8275208748032211,0.08891642865017563,0.3178137008093562,0.30957641646081047,0.37262302650963514,0.8184339832831112,0.7819317521175723,0.8059870535411924,0.2589538605340832,0.015946864885972134,0.4625449440736784
2023-10-27,0.7214032546166579,0.7100168836937242,0.7132650705821192,0.6879059064373859,0.062135483758543636,0.7686448329563259,0.8221568017975037,0.017628049603057916,0.28102200644220954,0.2911187833732352,0.31762381034518494,0.8265825244465698,0.7632693149276836,0.8008685741054531,0.279802857036881,0.0,0.4300387603176411
2023-10-30,0.6984215967555375,0.6964938980574571,0.7227476201758162,0.7014891456288884,0.04081911683688036,0.7581994047172468,0.8169314990587938,0.10930284403290047,0.2655246645246321,0.2725359295779495,0.31659774665398577,0.8295912742612234,0.7519613859895088,0.7967737970649782,0.27018296823512755,0.01149228077507658,0.6110161842361207
2023-10-31,0.7123062281482583,0.7088740608340471,0.7285270230647064,0.7139320332375251,0.03660745044053601,0.7504896831099163,0.8122409078914511,0.18620701684035978,0.2660244948276303,0.2577927467470453,0.3480601703596094,0.8297102684796546,0.7447667936240204,0.7932437944158899,0.2643762075005899,0.022104429289412197,0.6059591937684028
2023-11-01,0.7281063283692802,0.7204926674870973,0.7449628791386139,0.7172565519074877,0.02424925236889479,0.7464707132886276,0.807428470991986,0.2062616844077131,0.27215102814513986,0.24750706760139785,0.384585141096918,0.8286551333347721,0.7389555613980326,0.7897995443431385,0.2532122532439588,0.030134025487420113,0.5696415706897031
2023-11-02,0.7139341828157674,0.7265876719029387,0.7366545221403339,0.7319793765225023,0.02167627539633496,0.744401504956402,0.803563633341242,0.29140310513865547,0.2912426373439485,0.24398048212586637,0.4399694359721552,0.8242803062918106,0.736499143722566,0.7863199877357794,0.26016167855831007,0.03762593426515676,0.6143582776070958
2023-11-03,0.7474496736322612,0.7443968876810461,0.7602247981992049,0.7424279513320254,0.01884593370445683,0.7427501439243788,0.8004636427196182,0.3467285852281415,0.3170396476682731,0.2475126045835503,0.4978087825904514,0.8184598609248016,0.7361406088250543,0.7831430097570382,0.2577164051935016,0.04452637287467104,0.5971552290833329
2023-11-06,0.7529075160521198,0.7459202498462316,0.7712419694622589,0.7458471672981736,0.018340587354545364,0.743058510321175,0.7975666973808758,0.36455349290229283,0.34247620882008944,0.25660292052453954,0.5433528513483736,0.8102341563945076,0.7377184704138505,0.7796937077584822,0.24305960943189522,0.05132120681763558,0.5697474951794234
2023-11-07,0.7543438023351673,0.7442060701714726,0.7650107582162572,0.7382482455908487,0.018266863085990646,0.742730212044867,0.7948186606514905,0.33204494155223024,0.35900170342888826,0.26794513815786447,0.5618050275491255,0.8011351924944005,0.7395710591937387,0.7759317395499907,0.23522217096434936,0.04454177939101117,0.5273194190425334
2023-11-08,0.7487899435938113,0.7402062001629541,0.7619403349846229,0.733024111417958,0.02241955006749121,0.7415165178550723,0.7925308893780846,0.3100268563687975,0.3701545640209844,0.2797656833598446,0.5657244635567196,0.7955907372602665,0.7394025283452911,0.7729917627861649,0.22698253452828934,0.03689454491671795,0.5363508114500045
2023-11-09,0.7406506617027121,0.7275401599110192,0.7341260200764298,0.7051933728748175,0.03256400942062108,0.7399447399071871,0.7893293679257288,0.2092373777182014,0.3598617832959552,0.2866871723343353,0.5255813929090564,0.7898585977302764,0.736316102061756,0.7684985995000033,0.24037503743281438,0.027127373794019916,0.4485076811593597
2023-11-10,0.7191049571467992,0.7084930382402901,0.719496208711817,0.703578462187929,0.03227648477325766,0.7415861510476666,0.7864527374883764,0.2040785871586414,0.35272491909504267,0.29046666806562427,0.4998357694911019,0.7816010692960104,0.7351384985390433,0.7636574716044451,0.248241404572944,0.01742028808504842,0.550164934593421
2023-11-13,0.7095291864621437,0.702778916272335,0.7286171617828737,0.7071879921376728,0.025296807202995077,0.7421830001063835,0.7839077624204548,0.22755470868432065,0.35209595147857875,0.29333535999148486,0.49237260519788295,0.7690108690185972,0.7381286042006098,0.758665038124285,0.23618577946799515,0.02566879687432594,0.5708682513041631
2023-11-14,0.7132639596794875,0.7088741547111581,0.7315072511454722,0.7074731566493248,0.03082143580023672,0.7415065519153164,0.7813086397599539,0.22949805585310995,0.35405697232304045,0.29611328158583167,0.49162882932321095,0.758113776995519,0.740856738557376,0.7544139279788427,0.22883914856457196,0.03507181397443859,0.5576869096934565
2023-11-15,0.7104867902768496,0.7172546045176997,0.734216242962581,0.7183012868029434,0.030925319996836557,0.7416159686258738,0.7790344135739836,0.3024707647240354,0.3660040051274199,0.3012779818641398,0.511186193207498,0.7541719549780926,0.74095397319868,0.7524321006020169,0.22899174216995746,0.04449654025666694,0.5993649923070947
2023-11-16,0.7310749908787298,0.7243975173163584,0.7465885132347246,0.7306497835791365,0.03190719320986082,0.7414767182888972,0.7766518976623821,0.3775807780242843,0.386789337485648,0.31052883683891336,0.544668314873522,0.75123341239506,0.7417434541239923,0.7513125905896834,0.2216780560487617,0.054126453324698176,0.605001301492427
2023-11-17,0.7411294756805161,0.7303018990808079,0.7504716572062681,0.7277049734851401,0.03289710907036378,0.7399347579192191,0.773995247961852,0.36294654769448403,0.40268805614307057,0.32184512081213523,0.5615925260587712,0.7462456638180405,0.7436473230460522,0.7496938347887903,0.21717135309448674,0.04428967275999052,0.5451072286358406
2023-11-20,0.7271914196805492,0.7380577077891655,0.7473242062138649,0.7402476150417002,0.04515142294540517,0.7393483081019864,0.7714809008425462,0.43574652259001606,0.4262983201836394,0.33671297821153257,0.5906942665444869,0.7458041871798583,0.7438204740931865,0.7495528689750381,0.22697053189357233,0.05668729645891024,0.605437710624086
2023-11-21,0.7483305193535496,0.746601626244475,0.7661676175730915,0.75183301710106,0.025477766771265765,0.7407710623516855,0.7694402441570528,0.49584315962930586,0.4549568688843424,0.35566540608081204,0.6241634069919448,0.7478284535353495,0.7428431164869452,0.7501076696771547,0.2217666551444907,0.06497362124284084,0.6013128493978601
2023-11-22,0.7630987420984628,0.7538013778309574,0.7732678926080395,0.7489606856819756,0.01688017661653863,0.7424401245617295,0.7680350218636057,0.4787564151726425,0.47630207750027986,0.37608433169147465,0.6361799505267289,0.7486479328152548,0.7424599478691155,0.7503385044512327,0.21657086179722115,0.05848397638265079,0.5455526279490351
2023-11-23,0.7630987420984628,0.7538013778309574,0.7732678926080395,0.7489606856819756,0.01688017661653863,0.7424401245617295,0.7680350218636057,0.4787564151726425,0.47630207750027986,0.37608433169147465,0.6361799505267289,0.7486479328152548,0.7424599478691155,0.7503385044512327,0.21657086179722115,0.05848397638265079,0.5565593718828475
2023-11-24,0.7556663125229156,0.7599452230825992,0.7775463279535891,0.7650460480925888,0.008287278006174072,0.748708588330732,0.7671521453120037,0.5571633216245304,0.5060218434979128,0.3997389749683593,0.6626935557681223,0.7553678550378368,0.7402953877646649,0.7527193444800051,0.21429156845634803,0.06317792173377651,0.6183209171629985
2023-11-27,0.7694693509446681,0.7564895261826041,0.7785477275276481,0.7533650293458186,0.029052723575546592,0.753922812946035,0.7656771011228621,0.48689581532969445,0.5209499295724137,0.42233923831019715,0.6540539226925584,0.7563077917888293,0.7462876013787952,0.7561945975950124,0.20817513874330293,0.054144520966588006,0.5122028859244219
2023-11-28,0.7608786474654646,0.7515935593077385,0.7773642883157285,0.7567162103613093,0.025428840665770357,0.7591099802756239,0.7640913104207671,0.5035945013975713,0.5354956974208851,0.44400183884279765,0.6463706746041425,0.7587024400483838,0.7496904532349026,0.7591266263209786,0.19570783839892877,0.062420621426038325,0.5693874799516715
2023-11-29,0.760203142378079,0.7553375437078318,0.7794581634928118,0.7613120938637149,0.020609954384784378,0.7647486159099054,0.7631566120352508,0.5267610837693839,0.5505181848350647,0.46503171752855704,0.6411861254545447,0.7623197360176935,0.7509970771831248,0.7616420542088642,0.18607031262031284,0.06968969595380059,0.57411151290167
2023-11-30,0.7691798347978557,0.783560763847319,0.7871955888201435,0.7857274472374783,0.06948177200971015,0.7718102625652806,0.7642289396465519,0.6326040703182705,0.5807428190763618,0.4892994642350122,0.6677173507900023,0.7712396877713731,0.7490751471780529,0.765277203622885,0.20245464132894456,0.08717175016344908,0.6495098131734698
2023-12-01,0.8095272192746773,0.8154319286624552,0.8195112102914374,0.8213451229934766,0.05514575287893268,0.7813089265275456,0.7667090336910601,0.7411436819735557,0.6310117102992254,0.5210940851035966,0.7293928709750936,0.7894451788854818,0.7397939344982462,0.7700216697110216,0.22469892748564232,0.10165793724113548,0.6899218882333388
2023-12-04,0.8245851557865224,0.830407597887314,0.8425418690787104,0.8261325463344448,0.04561119429293734,0.7916173993239884,0.7691295752108808,0.7531521895702702,0.6730788601103378,0.556890247636758,0.7621816699358694,0.8049366578434102,0.7327111641186187,0.7744655828219489,0.22377866061748944,0.11415164157832192,0.5740637914596947
2023-12-05,0.8323070237459019,0.8266635621110048,0.8445444050811172,0.8229727519256459,0.0345384793766412,0.8002813315785792,0.7719824021088452,0.7318141727395571,0.7022261034779614,0.5927056772894,0.7623395455148732,0.8169861664075749,0.7284803844756983,0.7785602134297915,0.21553018246008757,0.10397185593618674,0.5450424667917136
2023-12-06,0.8296043459285273,0.8173518064064555,0.8258832409435387,0.8044936012286131,0.03034758981961682,0.8057965564612936,0.7742309848946997,0.615418738053739,0.7093246984032069,0.6231062913496069,0.71797032116274,0.823867716482367,0.7284251492305295,0.7820772079800691,0.22096180481592223,0.09466786071836941,0.48906586424650556
2023-12-07,0.810878588797821,0.797384399103946,0.8125930107167697,0.7928125824818429,0.029606996030953465,0.810389233819354,0.7759483065304936,0.5504485799688508,0.7042128030972883,0.646167804584674,0.6578334235168671,0.8281763581179148,0.7303381204198492,0.7852514037388019,0.21897486202697933,0.08551863096015089,0.5133697143477923
2023-12-08,0.7996814898955554,0.7903764391173465,0.804673131814729,0.7834292756384694,0.027745793360258328,0.8123145378330746,0.7782010767738504,0.5014340558991632,0.6913315024913802,0.6614445569605707,0.5940447690018746,0.8292767015062462,0.7375237293001106,0.7894049816161761,0.21834230730359053,0.07675834570990142,0.5215929537493802
2023-12-11,0.790801355974473,0.7868245615704863,0.809315865919464,0.7895571713856336,0.026644620876300054,0.816104997161312,0.78182282896789,0.5271802532323906,0.6842491025642403,0.6719216770920752,0.554716382610161,0.8299074946373316,0.7460173726207778,0.7939696284321995,0.2070880326490235,0.08528851362972478,0.5795395878625098
2023-12-12,0.7956276776378725,0.7852887980054679,0.8029437365909028,0.7896530945367858,0.021510730902398446,0.8195545282702658,0.7849640390212512,0.527596604974296,0.6772255720264855,0.6785735900166412,0.5233724755350683,0.8297416410453405,0.7549593637445063,0.7983477363453291,0.2031833750690684,0.09274582777531581,0.5569176084453075
2023-12-13,0.7826933748034187,0.7912405700726393,0.7858301809050102,0.7965466899425878,0.05797207324707146,0.8232447023206694,0.7879075322904564,0.558199537964603,0.6754728441056672,0.6834634515166174,0.5089341528178846,0.8290283870198879,0.7651690715965768,0.8030766887096181,0.22986044993677687,0.10782264466578784,0.582302671019983
2023-12-14,0.8098168671355789,0.8029523225693409,0.8156880487286869,0.8068873895150327,0.04775858116974945,0.825460815987075,0.7911010063994509,0.6016947511152824,0.6804784867203737,0.688608150392111,0.5110223008802918,0.8297580399169217,0.773838020819036,0.8077797631737722,0.229662366853258,0.12076509880619105,0.5949970006597782
2023-12-15,0.800357692196137,0.7984406441007956,0.8039453030588811,0.7905150238103175,0.13144970061244762,0.8222319317472105,0.7931865840762468,0.5031294854289925,0.6705050230369315,0.6902676049830314,0.4824640641417682,0.8288618109812794,0.781129993308762,0.8109580346407623,0.24159937660201378,0.09033330737568757,0.4961203032695708
2023-12-18,0.7976549096114994,0.7960406078247255,0.8130482055508624,0.793195815390839,0.03429183818729449,0.8187824166864687,0.7949954019314432,0.5155819801540149,0.6633293314997363,0.6898279106558544,0.46526355053134594,0.8266754551331313,0.7903515599812146,0.814434971731038,0.23535077049748734,0.100461551217703,0.5665646558228793
2023-12-19,0.7985234897546089,0.7966164611632531,0.8146867160251315,0.802961895447596,0.030405228793214147,0.8166866485631065,0.7970303534108217,0.5600940999661348,0.6637897153716565,0.6895895403746859,0.4669132081443058,0.826197346205254,0.7975150991340424,0.8177644999717528,0.22809382146219428,0.10977759153011357,0.5929428038863218
2023-12-20,0.8104923806394123,0.7981523693953076,0.7980281379201389,0.7724186463266681,0.032796575976880064,0.8133273886475941,0.7982478170980584,0.39915616107794544,0.6397204761784177,0.683470975693367,0.41873065047070307,0.8248917520109914,0.8010517770632987,0.8188573999207907,0.24547648982717082,0.0999618198513243,0.4435126173984769
2023-12-21,0.7829829840480699,0.783464850846606,0.7997577967439143,0.787450846088929,0.01664626961903319,0.8127658456556454,0.8001869975480936,0.46815453920996913,0.6311997456846798,0.6764776043767682,0.4115624484880359,0.822990359444247,0.8071075470557142,0.8209008591654021,0.24113276356226374,0.10640258403694425,0.6133545678277869
2023-12-22,0.798040795530076,0.7969044006131278,0.8154149338050031,0.7933872019975307,0.011286515295104842,0.8138087547715546,0.8033292722092945,0.4937717074454297,0.6280740471341656,0.6701130977880484,0.416715392244309,0.8227581131332234,0.8103615161810794,0.8224055032702253,0.2350385949646798,0.1117232944846352,0.5787609062856429
2023-12-25,0.798040795530076,0.7969044006131278,0.8154149338050031,0.7933872019975307,0.011286515295104842,0.8138087547715546,0.8033292722092945,0.4937717074454297,0.6280740471341656,0.6701130977880484,0.416715392244309,0.8227581131332234,0.8103615161810794,0.8224055032702253,0.2350385949646798,0.1117232944846352,0.5565593718828475
2023-12-26,0.7956276517995323,0.7951764929331628,0.8138674180100341,0.7998978709580785,0.0137737040278919,0.8148917523214582,0.8067610546885334,0.5216345710100028,0.6296454997022433,0.6654085161381443,0.43031688628612114,0.8210187756916917,0.8171054696496897,0.8248759519346438,0.2270767006237571,0.11756376476994707,0.580811684192978
2023-12-27,0.800454010763365,0.7968085521962125,0.8190561670874458,0.8019087327992437,0.02126744081616786,0.8161753043788172,0.8101358779185909,0.5303804775527772,0.6314735873426205,0.662095079550916,0.44171598683507524,0.8189354947541588,0.8240617797234039,0.82727524247505,0.21483510592614283,0.12497023741161559,0.5640172329249783
2023-12-28,0.8052802149872759,0.8037203430764466,0.824244909246452,0.8041108280152297,0.015164411821083265,0.8169675083242477,0.8135789998362032,0.5403841844922876,0.6336266393949651,0.6599745925484022,0.45149106538787703,0.8167076185581613,0.8309126964290682,0.82954744576116,0.20528601747629102,0.1311013306187985,0.5647155064685605
2023-12-29,0.8102028037752801,0.8004561989408334,0.824153676365455,0.8056426870281176,0.014736811063465872,0.8168371486968123,0.816690903146576,0.5476673482043024,0.6355025063285208,0.6587401989544295,0.45875175166045057,0.8172554309096612,0.832465567468374,0.8306047544454722,0.1924189856769107,0.13714306603120854,0.5622247474447853
2024-01-01,0.8102028037752801,0.8004561989408334,0.824153676365455,0.8056426870281176,0.014736811063465872,0.8168371486968123,0.816690903146576,0.5476673482043024,0.6355025063285208,0.6587401989544295,0.45875175166045057,0.8172554309096612,0.832465567468374,0.8306047544454722,0.1924189856769107,0.13714306603120854,0.5565593718828475
2024-01-02,0.8142569150287183,0.8459591103525435,0.8315271641172858,0.8365688625942999,0.05031480262672866,0.821660438863718,0.8204647140972715,0.6715995837424007,0.6593861442015844,0.6636348419004761,0.5089733321860082,0.8213462435566937,0.8298634838980751,0.8314129893578743,0.2287134872615351,0.15061970611089665,0.6708189448941548
2024-01-03,0.8500677086955849,0.844039232501888,0.8589273085423806,0.8461435560443652,0.04099806574328137,0.8272057380960341,0.824684584813698,0.7022135793425157,0.6840808512000982,0.6736324674253762,0.5507873838450345,0.8270152232750453,0.8261420768188029,0.8324753825085758,0.22290034892884167,0.162149382702908,0.5912196898032999
2024-01-04,0.8592374671140318,0.8492229632192909,0.8645710606718059,0.8428881449481559,0.031176652730545838,0.8313872763065785,0.8283415837165183,0.6795550450837287,0.6994194625307839,0.6854082223669834,0.5653574502988623,0.8316553303940734,0.8234721799711918,0.8335326993280341,0.2165327152884536,0.15267213420588369,0.5448480183175809
2024-01-05,0.8487164006821969,0.8430792326653467,0.8559233339861164,0.847675568289124,0.023374614455586487,0.8392690507965553,0.8317563761465433,0.6960008947784775,0.713340008412338,0.6982572340137742,0.574151760414658,0.8390057593136976,0.8204801318640381,0.8358252486148481,0.2143774582014966,0.16051895309640163,0.5738186003933962
2024-01-08,0.8545077126067698,0.8461509873867383,0.8571975300219098,0.8515051392054086,0.029857658544039524,0.8459775565431874,0.8354099519256949,0.7092622990488902,0.725265970214878,0.7114736168834634,0.5771620155066448,0.8465114212179307,0.8189775810402563,0.8389412618077936,0.2145580576508563,0.16972056501017668,0.5703225866599775
2024-01-09,0.8596236898620971,0.8617026964318668,0.8662097107223928,0.8524628383982212,0.028431429057817252,0.8521646398282895,0.8385245413235395,0.7127007196928459,0.7333198146392748,0.724030256183009,0.5717560492315465,0.8527646831447907,0.8198672169243543,0.8426062834787453,0.2223619939393395,0.1786241308623895,0.559992754372498
2024-01-10,0.8614575718453205,0.8553667203706621,0.8716713195156175,0.8547605503016179,0.01896858407850696,0.8579104935680611,0.8421371815663775,0.7213380435129846,0.7392623205764025,0.7355391117427467,0.5631704656543328,0.858768212573258,0.8206071765450763,0.8460679590347067,0.2143358520554319,0.18555020031272423,0.5647916454700105
2024-01-11,0.8638707035898406,0.851334859868633,0.8678480901574449,0.8478668016639449,0.018974616064115983,0.8627237536023623,0.8453848032679506,0.6607671975739167,0.736526607661243,0.7440724338765186,0.5387888209075767,0.8625655211895445,0.8228802961986045,0.8491585498957053,0.20688300616078412,0.17862287032923443,0.531896972379567
2024-01-12,0.8616506189673502,0.8539269214530196,0.8761319348040498,0.8597395134811484,0.01596465524521362,0.8685498323547588,0.8488916924653903,0.7097192730998831,0.7412257991670247,0.7520564272547631,0.5342875982193801,0.8681983432214248,0.8237889445444845,0.8525134841980744,0.1987506114559591,0.1849211942683277,0.59922379401421
2024-01-15,0.8616506189673502,0.8539269214530196,0.8761319348040498,0.8597395134811484,0.01596465524521362,0.8685498323547588,0.8488916924653903,0.7097192730998831,0.7412257991670247,0.7520564272547631,0.5342875982193801,0.8681983432214248,0.8237889445444845,0.8525134841980744,0.1987506114559591,0.1849211942683277,0.5565593718828475
2024-01-16,0.8590444239316047,0.8518148345667462,0.8623861985151556,0.8418348290679326,0.0322262182265158,0.8723402916829964,0.8508907530117565,0.5705491281649397,0.7291602662420602,0.7554720742710715,0.4968543779756161,0.8704673613539994,0.8251645257612522,0.8543688588620104,0.20198701909967795,0.17522461300231543,0.49271044538612196
2024-01-17,0.8463031392851766,0.8426951651744683,0.8595643431399685,0.8409730530262721,0.0198197642700024,0.8728015493971112,0.8515900802527595,0.5643993689548215,0.7169959540703714,0.7552087164500324,0.4667084592025171,0.8717080050164673,0.829250952948189,0.8570476974320773,0.1955375632674912,0.1681206683178717,0.5534504379024936
2024-01-18,0.8438900252218967,0.8433670757869889,0.8579258753252178,0.8484414211796326,0.021806298197240566,0.8730422083867732,0.8523849273848462,0.6012252154880398,0.7111973261564787,0.7535699209278808,0.4554380654280189,0.8735507306144882,0.8332252984052281,0.8599807105107362,0.19257889928252495,0.17563974858806278,0.5835172922312631
2024-01-19,0.8549904760271932,0.8486471242273166,0.8632967613584616,0.8529415347627568,0.03321881496951166,0.8740951155388629,0.8534526908312555,0.622717799881704,0.7082056934509096,0.7515220932470019,0.45208643889374395,0.8760819402493459,0.8359291271009676,0.8626341511542952,0.18934680367933418,0.18554375758770927,0.5727244463338382
2024-01-22,0.8631950670217609,0.8645826558949623,0.8729458461822649,0.860505519603528,0.031562699809523295,0.8754388162954253,0.8554483500920623,0.6575835865387198,0.709766176656107,0.7502681531448254,0.4585915867586184,0.8751641328840235,0.8462449713129067,0.8673107213120543,0.19361836870394142,0.1951016802066602,0.5836513398464627
2024-01-23,0.8406080946519726,0.8351111693872115,0.8326194444460665,0.8350366971176703,0.047149350623238155,0.8737140507409483,0.8569527610789945,0.4754713773091879,0.6898753368449635,0.7443662055115992,0.4205056195792998,0.8724707764963698,0.8540853604631428,0.8698370747013178,0.23782739173809883,0.18228653991492239,0.46578110489359836
2024-01-24,0.8414770064938476,0.8359754816265776,0.8439983972264274,0.8268985524568241,0.034402424590126574,0.8710366633122159,0.8585015361854363,0.4282082132173836,0.6665208493247783,0.7338928108482228,0.38304699233112743,0.869621229647538,0.8605899803479621,0.8716162067748512,0.24106026205736256,0.17213518629839675,0.5270698504140781
2024-01-25,0.8342374535374256,0.8265674351221282,0.8468201200821924,0.8326430620631217,0.02254622176528069,0.8687202643679764,0.8600366515543673,0.460892019799038,0.6512255478332021,0.7217471071161616,0.36934402221368706,0.8671452840446218,0.8666275986937507,0.87335466311727,0.2284257518393316,0.17980889196894714,0.5774865797941313
2024-01-26,0.8480404121304926,0.8373192323553937,0.8549217698422927,0.8320685957793047,0.023303571069524666,0.8670656936935196,0.8615478814909997,0.45728877624304304,0.6376363779838364,0.7086837490510434,0.36182472441193075,0.8641987943887987,0.8728757940150321,0.874955863272614,0.21948171673869152,0.17197691935781154,0.5544744644376316
2024-01-29,0.8343340416215307,0.8308875515897638,0.8512807472161531,0.8307282766049794,0.02927724748432689,0.8640273017320818,0.8627657437237354,0.4483888683162472,0.6249591676560936,0.6951108685564431,0.3576496764162588,0.8607529935637784,0.8792624566351476,0.8763689951175742,0.2079037654037931,0.16289659874540532,0.5516931287605731
2024-01-30,0.8376159587876869,0.8279114724715866,0.8437252099759772,0.8250792304542215,0.03408474001471804,0.8622724618280034,0.8634139042741101,0.41056827031597015,0.6098799783590453,0.6805388011346791,0.3494622971446575,0.8569644683785617,0.8852390229883192,0.8774008896050856,0.2034557038054252,0.1528116332083818,0.5360315900288078
2024-01-31,0.8477508836031421,0.836167197825322,0.8486407129471544,0.8263237797092656,0.04116428045784111,0.8607382206483775,0.8646897412281199,0.4195490326337746,0.5983079758787568,0.6660311481620109,0.3499901118217527,0.8575938566690754,0.8834999159238061,0.8768569737286152,0.2032042344603366,0.1643760444917782,0.5610986821354882
2024-02-01,0.8261296381813151,0.8157200569981806,0.8338940983776827,0.8211537363867848,0.039523580372186916,0.8578803389773987,0.8656858592966891,0.38345346629037497,0.5847609281562304,0.6510886047102077,0.34642660113372326,0.8582439537348089,0.8801712144494486,0.8755302534068354,0.20175827612616767,0.15315449822656987,0.537717825144202
2024-02-02,0.8242955333399361,0.8139919171665557,0.8237896641034993,0.8043979845412027,0.04142633672152199,0.8527962974591975,0.8657370259873177,0.2823391988383978,0.561052523535924,0.6332955692736052,0.32306955116064495,0.8614057523496862,0.8728148483298402,0.8734867941622242,0.20732517376423384,0.1415353237805462,0.49528701067900766
2024-02-05,0.8111682343859984,0.8003603779183488,0.8183278810985438,0.79664261309374,0.04696034840748877,0.8461078359295623,0.8666001062926306,0.24270288980187477,0.536464824533898,0.6130055841134491,0.30260944119214894,0.8642246751768189,0.8644782606741154,0.8707774325235278,0.20194890788831124,0.12875968019433498,0.5278826611633062
2024-02-06,0.803639290054975,0.8180238411951248,0.8206947260941321,0.8182812517358299,0.04768619734244118,0.8443530120736961,0.8676985686615114,0.40127787322641434,0.533714505604819,0.5960962364438036,0.33031052550594353,0.8627890046868939,0.8624260732702803,0.8690135619843089,0.21610800326931442,0.14168700793687694,0.6369876320871863
2024-02-07,0.8226548185330337,0.8241678077547929,0.8397200838080922,0.8175153988453213,0.04406968685952041,0.8433702998016265,0.8685582367622103,0.39676969936755396,0.5311483370489649,0.5819367520567102,0.35284301970421444,0.8608986248930105,0.8606597802208954,0.8671581873203731,0.21168002496655894,0.12951543985043912,0.553753488651144
2024-02-08,0.8182144593164645,0.8046801903423599,0.8180547633729586,0.8023872759319083,0.05120552583499435,0.8402015642609652,0.8686469322440661,0.3133295508792861,0.5178859832287646,0.5673428590258267,0.3492834571950577,0.8593841358715683,0.8566522281536874,0.8643776675576647,0.2195685842015693,0.1158526610415141,0.5011058522358873
2024-02-09,0.8078864565519387,0.8033363030410072,0.8213319135799416,0.8058342268666802,0.029585548971010275,0.8374539980004249,0.8687867944165503,0.3378812397563235,0.5104526218087783,0.5538370266323187,0.358199071347436,0.8579886523904435,0.8536216952055861,0.8621461400026695,0.2130753134547588,0.12499740890407005,0.5693221313227341
2024-02-12,0.8108785341538499,0.8149518863310063,0.8275218661922942,0.8162705431265355,0.03074033910482652,0.8359398170860085,0.8692200352119862,0.40874066003946835,0.5129605629535574,0.5436500264892987,0.38539372095188823,0.8531399335781108,0.8540017369593823,0.8598383535869798,0.21347006956726514,0.13438347883620852,0.5951123724968538
2024-02-13,0.8211101711715817,0.8153358476309422,0.822060047278044,0.8030575121350064,0.04360522396762566,0.8336334482743736,0.8691279275255165,0.33551267631874976,0.5053303062907606,0.5336212162585025,0.38668993567718923,0.8519393485853012,0.8511163145993313,0.8577796490783463,0.22159419339143174,0.12230897180271363,0.508085903904264
2024-02-14,0.8086586328458526,0.796232549141844,0.8137763732291531,0.7960681468099232,0.04680753810539353,0.8304647287819246,0.8676849198430553,0.30040155991984413,0.4945541894867763,0.5229441829448884,0.3813783687547701,0.8510067885527283,0.8473026008232406,0.8553956282074009,0.21616831597429784,0.10956526172309838,0.5306919654929932
2024-02-15,0.8050870758829428,0.815623879016951,0.8233345085433027,0.8169407793296336,0.035840718047566895,0.8300234992365946,0.8666444485740309,0.43199167683258205,0.5025227932085062,0.5163650958767496,0.414957110864195,0.8473458644122477,0.8477299043643439,0.8537232455226058,0.22458442515049024,0.12001718246749643,0.6341703659707855
2024-02-16,0.8225485296949114,0.8153744036561934,0.8320910447030708,0.81520420253729,0.04306904746904586,0.8311552512550625,0.8656580921404219,0.42224025978734053,0.507975435204415,0.5124447246924396,0.4367427394833827,0.8420019330595286,0.8492305566605493,0.8517197542513877,0.2186064516644947,0.10805472282556627,0.550191371527356
2024-02-19,0.8225485296949114,0.8153744036561934,0.8320910447030708,0.81520420253729,0.04306904746904586,0.8311552512550625,0.8656580921404219,0.42224025978734053,0.507975435204415,0.5124447246924396,0.4367427394833827,0.8420019330595286,0.8492305566605493,0.8517197542513877,0.2186064516644947,0.10805472282556627,0.5565593718828475
2024-02-20,0.8221595171312454,0.8284326116852649,0.8391537046991943,0.8278423075493896,0.04950785699636606,0.8344228437826745,0.8649514491327263,0.4926110008386751,0.5222738439848086,0.5128298970239038,0.47202254226672097,0.833932312164925,0.8540834863565986,0.8499856502121985,0.22013917801421354,0.12136273158094946,0.6029563956744252
2024-02-21,0.836359196881672,0.8292064378874684,0.8454824825111663,0.8357530561138943,0.03590774010988937,0.8362526930304236,0.8643902151773356,0.5327833453640152,0.5397619764782843,0.5174450820764355,0.506683442574318,0.8340782158631511,0.8540091210167448,0.8500236820207911,0.21411234121510095,0.1318286582492931,0.5853603140987541
2024-02-22,0.8456956974604019,0.8490352039945188,0.851352487770694,0.8528287561058113,0.03987879730249603,0.8399511158618812,0.8644032525287247,0.6094238443972024,0.5664861379849985,0.5277189634564827,0.553051035821057,0.83980373551111,0.8508589266119598,0.8514003277349413,0.22573669961060386,0.14312443591141305,0.6184062182715024
2024-02-23,0.8641750160004767,0.8636410974688078,0.8732740886407707,0.8662388432832534,0.03090454315751659,0.8466383898238158,0.8648122148058911,0.6606811490981042,0.5973677329627186,0.5435437112350376,0.5985350661411628,0.8480418127065933,0.8459313555958213,0.8531839422740437,0.22578304316429595,0.15254482035721825,0.6045938576324373
2024-02-26,0.8731227512676344,0.8613196621834684,0.8770347341791779,0.8561091439969691,0.022455741981145354,0.8519037600912963,0.8651058827837944,0.592950673670624,0.6133391804841882,0.5601370214066892,0.6048326983810414,0.8524114659130625,0.8439792810597541,0.8544602653649718,0.2178873598210402,0.1448900226839944,0.5205867681831313
2024-02-27,0.8589228534796326,0.8519369855747967,0.868504394982678,0.8579419504042066,0.01986332861051201,0.856268071390215,0.8650418370680705,0.6006118764606854,0.6265003858754703,0.5766530638257579,0.6041995632001631,0.8569373254597589,0.8422035075704625,0.8559050510638859,0.21006720392667091,0.15200307121900275,0.563110539992926
2024-02-28,0.8653418656137787,0.8574504264606797,0.8744661852480696,0.8634409825534023,0.026515268296017677,0.8625921261661657,0.8658116468075813,0.6239729113289467,0.640084535990746,0.5932114565603016,0.6045465834479674,0.8626563634510781,0.8403821999989182,0.8579416930559627,0.2018287352860387,0.16050620770561114,0.5761918704164107
2024-02-29,0.875067620624922,0.8630605591987857,0.8804281330464098,0.8618009418396942,0.05183620344144885,0.8694764240288789,0.8665537276075167,0.6117235915317774,0.648442228203284,0.6085165365997658,0.5942768870562656,0.8673773554314314,0.8392839626270715,0.8598251909203909,0.1933237125243137,0.14671163315235808,0.5507248013656537
2024-03-01,0.8734143879130764,0.8667363341873082,0.8818040151944443,0.868940014702598,0.023827683596886418,0.874922384827879,0.8672840758831067,0.64366962236389,0.6592541143054568,0.6234233951660764,0.5910138437295687,0.8732717499533963,0.8382840836912485,0.862362185080914,0.1882353716661199,0.15465313208874823,0.581983924929988
2024-03-04,0.8684542719584701,0.8574505167274067,0.8559387050367194,0.8469440393376858,0.04301475959856465,0.8782465473033813,0.8670703899813569,0.4910373313826181,0.649815493762352,0.6330243008165346,0.5475366446806845,0.8746675027998309,0.8413689515504351,0.8646209735109025,0.21245564897768612,0.142702017245214,0.4785821346903693
2024-03-05,0.8616462733434321,0.8538718466127668,0.8644688470798482,0.8481983954324644,0.04144175179585616,0.8803784720487567,0.8666318971205788,0.497629638975765,0.6422150567661508,0.6388331593272282,0.5164644525762767,0.8751098686513158,0.8463958660916923,0.8673580922685111,0.21284012695882873,0.15432441305374517,0.5610695801072091
2024-03-06,0.850364278872792,0.8508729876300201,0.8646521221771953,0.8421203000433263,0.024522032162547266,0.8810453234089478,0.8668842801524156,0.4589393163600786,0.6305920334805107,0.6406176814926048,0.4834888730527079,0.8758963218691233,0.848119816463147,0.8686237176421558,0.2091665615386933,0.14623781274527872,0.534722514917314
2024-03-07,0.8556161077735968,0.8453596480544534,0.8556634749042044,0.8375860157530025,0.02060124151668246,0.8794489275035978,0.867265065808761,0.43055250474900225,0.6171182602235702,0.6387269244795704,0.45337348248401266,0.8762238487413055,0.84991652278722,0.8696892753647381,0.210762865529754,0.1389705589876294,0.5402045744093503
2024-03-08,0.8446259424095249,0.8456498106616626,0.8574060543556742,0.8438568768356699,0.02123996177061565,0.8771048293451572,0.8676646049416651,0.46938974695422736,0.6105256068344578,0.6355906538353028,0.443167691946099,0.875723225990663,0.8548437454189225,0.87189091439251,0.210291171360983,0.1463712892004802,0.5792447765296083
2024-03-11,0.8506560750543427,0.854645489522941,0.8615336708781617,0.8603538200513864,0.016795058597389084,0.8775493808704061,0.868672384560723,0.5595310588613656,0.617138615757491,0.6347103155960033,0.46165289597393644,0.8768652562894376,0.8594639115001238,0.8747853831483643,0.21571547258256227,0.15284314653725936,0.6159953700499972
2024-03-12,0.870982895541823,0.8719594372486299,0.8821709299348964,0.8749214207812298,0.03956848515394297,0.8793276672124609,0.8702469504745199,0.6254287722011707,0.6325624072134682,0.6378046780280545,0.4942217587189775,0.8808054763377214,0.861636059479229,0.8778991835815373,0.21513415237172548,0.16407407677151126,0.6084875881417738
2024-03-13,0.88022218374362,0.86779997270479,0.8700635284246746,0.8590996171884787,0.027781315053289235,0.8788729892653347,0.8714590692844489,0.5204713707716475,0.6317140415127346,0.640071229077186,0.48743863779029334,0.8797526486766473,0.868683001896322,0.8808744831502635,0.22619727587655267,0.15530636838157064,0.500683684628549
2024-03-14,0.8647585303900546,0.8567734582256781,0.8597910649325607,0.8408664036441603,0.03266253185223512,0.8766804825190276,0.8719772111902099,0.41992333609835614,0.6163014904562396,0.6380886052235237,0.45262072176801804,0.8745239930630687,0.8788430485653039,0.8832528419594377,0.23549271553246728,0.14551860855067256,0.4915121249414883
2024-03-15,0.8367482516706978,0.8340428416080492,0.8452074142547398,0.8309294700514055,0.07406340019007457,0.8726995790569997,0.8723255126586295,0.3719227479479868,0.59593271597741,0.6314860029283871,0.4147644261153706,0.872899200854839,0.882007463413628,0.8839955075932826,0.23508655169354445,0.1270791093801034,0.5206883945761411
2024-03-18,0.8417083144397267,0.8292063556679139,0.8397039304727313,0.8172300811017984,0.03007548024658757,0.8695875899945623,0.8727827098602198,0.31174222200248,0.5690654677747843,0.6195869477907318,0.37136507106281536,0.8725340854066438,0.8825996901793619,0.8841030623614967,0.23568644351966836,0.11783197821350516,0.5067844215643735
2024-03-19,0.8232295476319701,0.8115057020849281,0.8319996472361483,0.8119244275736154,0.038374822223979685,0.8657885609210275,0.8733271885260739,0.2898245246580858,0.5437655803609661,0.6038367462603758,0.33980861721988853,0.8748250674479997,0.8785426576499472,0.8832579752367045,0.22415231645228764,0.10685049348472425,0.5371073439221672
2024-03-20,0.8137952949874191,0.8074429676519224,0.8278719913027929,0.8075827557449501,0.025920112382594097,0.8621713901877731,0.872946009783757,0.2718222550432869,0.5207115641957883,0.5855587497658796,0.31909576006611606,0.8778131819743366,0.8724631167013491,0.8817624018199199,0.21380843542279052,0.09847172960275274,0.5405855328732846
2024-03-21,0.8127253385961234,0.8123758379076977,0.826862944030461,0.8074862196663147,0.02547441566814964,0.8590189917270986,0.8725886782570468,0.2714052314401206,0.5028926770521454,0.5665478458053351,0.3130902857825816,0.8793797747267998,0.8660240150127084,0.8793551469713619,0.21177554897145998,0.0901861051150194,0.5562031710242146
2024-03-22,0.8136982885505758,0.8066693372645246,0.8269549100120942,0.8024698679102965,0.03440711613448915,0.8546844659099625,0.872591620942306,0.24903959857759855,0.4856550177304349,0.5470937629836635,0.30945885974751164,0.8789836648233881,0.8596503949926436,0.8759696245191944,0.2025600416884694,0.0800337710838176,0.538048742214131
2024-03-25,0.8108777714877319,0.802993728951406,0.8250287405347968,0.8023734850635319,0.036079316589434904,0.8486120952454331,0.8724683175163729,0.2485961136328581,0.4727927260942442,0.5283627201192282,0.31538347925311305,0.8790375182720159,0.853879590405613,0.8731167751714166,0.19192655695900238,0.06953198925017323,0.5562025222297221
2024-03-26,0.8129199799776113,0.8054116190743363,0.8237443993587023,0.8076792918235857,0.031830117838189974,0.841569722492871,0.8721622181946197,0.29133429253597737,0.4675935131707509,0.512097402882633,0.3355877376816509,0.8776093162045654,0.85000748151664,0.8704483089127837,0.18681575962648914,0.07914579550566703,0.5762049543792395
2024-03-27,0.8166160152656629,0.8246604002940006,0.8299816933161562,0.8288072086401322,0.0425368922942054,0.8383971514295018,0.8730796590140798,0.43621284237225205,0.4804319354168055,0.5022470470516232,0.3881521984570718,0.8742580052000816,0.8497820647727442,0.8686095868931667,0.1980693347556158,0.09099704811146919,0.6345125969349728
2024-03-28,0.8381098209498273,0.8335591487435614,0.8544711671514539,0.8310260061300411,0.02725519186405781,0.8373665512923248,0.8743251792125349,0.4495578875628869,0.49294523106446025,0.49744858686658433,0.42954764166160186,0.870958824499359,0.8499132749807569,0.8669757322608838,0.18897776015605092,0.0996548099984369,0.5646323115478176
2024-03-29,0.8381098209498273,0.8335591487435614,0.8544711671514539,0.8310260061300411,0.02725519186405781,0.8373665512923248,0.8743251792125349,0.4495578875628869,0.49294523106446025,0.49744858686658433,0.42954764166160186,0.870958824499359,0.8499132749807569,0.8669757322608838,0.18897776015605092,0.0996548099984369,0.5565593718828475
2024-04-01,0.8334412617239361,0.8239829604064222,0.842180351610529,0.8270703253840469,0.015078623581310494,0.8369623770688893,0.8746860867296807,0.4242293852416887,0.5003882046130896,0.4954429040008258,0.45243177526308714,0.8656494777549212,0.8509387293610661,0.8647528523663235,0.1834671853173546,0.09354164437390433,0.5421878288459726
2024-04-02,0.8222568694768891,0.8208879732602024,0.834659319321864,0.8265881046864819,0.0267243771304638,0.8379424574341633,0.8750916859379795,0.421034974615578,0.5064026803462902,0.49531962683742936,0.4678562859419968,0.8639976547802332,0.850478200542604,0.8636721470014743,0.18396810221859825,0.08499480940458576,0.55480284353197
2024-04-03,0.8341220647371183,0.8230158627106972,0.8190666643744459,0.7931116910937422,0.04010131054940665,0.8359721702817379,0.8738542622186326,0.24379326905599158,0.48625863360662225,0.49025984874055895,0.42740639181488704,0.8634488062308884,0.8451856211708827,0.8607475700694482,0.20788263100425766,0.07365253207496641,0.43458015292172103
2024-04-04,0.8100023326749645,0.7983507533651215,0.8021901253764215,0.7761325271804608,0.03238841161733619,0.832678338927232,0.8717300310879684,0.18042125253886354,0.4583350897305447,0.4793349042400301,0.3793469741700699,0.865137126062448,0.8364251184590382,0.8572442506999713,0.2214175017296556,0.0639220564730058,0.49330009358530535
2024-04-05,0.7781019205973153,0.774265940050372,0.7948524870737262,0.7750713964748243,0.0312865689127547,0.8292834840771323,0.8689595993772602,0.17670702981823527,0.436681860462888,0.4652621047668082,0.35355331949667257,0.8661879924789148,0.8286917941419646,0.8539253225547854,0.21334519451241188,0.05442183826071073,0.5525602904577763
2024-04-08,0.7777127266025433,0.7745558781027553,0.7943936384100484,0.767353260371978,0.02560577891030169,0.8256056671500976,0.8654363861929472,0.14958120240505518,0.4151498516664129,0.448700875977709,0.33316302610333304,0.8662733967264301,0.8204668711959938,0.849863712505462,0.20682655934906855,0.046108762162044015,0.5274510512924774
2024-04-09,0.7734334873422756,0.7696230119310157,0.7887070876201375,0.7741064953840814,0.026945549936127973,0.8226452213551568,0.8625146982761075,0.20278056666185929,0.404910472194547,0.4329300976334614,0.339640009950366,0.8611915086248444,0.8165376836979784,0.8452848047781099,0.20211700609984798,0.0547018166803831,0.5821630625845428
2024-04-10,0.7732389948787027,0.7627555927631582,0.7778839830656435,0.7539436328901484,0.031464177377909255,0.8170174022158762,0.8588093225011505,0.1325812444287759,0.3832645412193267,0.414982428537904,0.32180247652265526,0.8529422592329011,0.8121829804969399,0.8388620417538739,0.2092242431851827,0.0451644827696322,0.48046683971827703
2024-04-11,0.7661390165946272,0.7535662671915819,0.7653180380895724,0.7403406267873062,0.041952459910753415,0.8077521594995859,0.8544233565831675,0.09325568989155208,0.35789318559835787,0.39437573436544227,0.3000143143625369,0.8487948442411145,0.803831636846185,0.8325570756469471,0.21521319816263682,0.03343536182063561,0.5045087208591608
2024-04-12,0.739490593264562,0.7361558788607352,0.753944778609308,0.7280888193216196,0.03341250872962361,0.7969713878190573,0.8496593020153661,0.061732976675551776,0.33091480142882157,0.3712460347156788,0.27934070246327813,0.8485482029868153,0.7920913092469236,0.8265696649728356,0.21393517782133234,0.023490875700786396,0.5092346905191603
2024-04-15,0.7425056122981492,0.7402184209123774,0.7559627065816109,0.7287641121764558,0.042809672087857874,0.7866756252066508,0.8446649482039897,0.06719636823570779,0.3127683315087799,0.348273089835086,0.28062515756666423,0.8476845889009988,0.7821163261355254,0.8211456619855448,0.21519105611279712,0.03539913241704706,0.559190260310347
2024-04-16,0.7098268393614754,0.708878853937881,0.7194575558566355,0.6984712439324968,0.07144551843575868,0.7732577471099297,0.8393749828229621,0.0,0.2783108108417643,0.32140839798092435,0.24873602087413446,0.851941730463795,0.7650924493908463,0.8148407040137644,0.2417608446982452,0.017506704635792736,0.438596686765788
2024-04-17,0.7097297293280097,0.7007539760399899,0.720833404489425,0.7015585596663837,0.048679464306060266,0.7636692452559518,0.8341503243084835,0.024098925043342323,0.25672957041266675,0.2946015303237651,0.24920983475126107,0.8535007892007495,0.7517453502296713,0.8089813324060571,0.23797586392754252,0.030641600171208372,0.5688429458392172
2024-04-18,0.7095351013341625,0.7045262240258352,0.7170728787481241,0.7109164300191962,0.0520949086020136,0.7568390619646669,0.8294756367444055,0.09615230887937037,0.2502282283020538,0.27155485967092546,0.28002104552009255,0.852620476668361,0.7423724657942564,0.8038492754112714,0.24423167882779043,0.044490237590891435,0.5937094424931231
2024-04-19,0.7209143410636522,0.7270635789080109,0.7300055552310644,0.7318512746784717,0.05117737656881892,0.7523125513853722,0.8257083936051507,0.23678115034623642,0.2643774395371075,0.25660224745961374,0.34634409729920607,0.84917760232587,0.7378807167210945,0.7998337835058862,0.2612769959631728,0.0581471339117593,0.639116046219789
2024-04-22,0.7438671448578297,0.7477629906450245,0.7553206672560387,0.7435244785998284,0.05364311824166279,0.7498169260076478,0.8221336315632924,0.30444287348752214,0.28753518521192295,0.25034353987911573,0.41758231372148524,0.8455477277132829,0.7353570036793583,0.7967043473216726,0.26953245556876126,0.07231930817458548,0.6019173532786584
2024-04-23,0.7569968034459157,0.7498907975179134,0.763575341063207,0.7477691546542456,0.05358748992993513,0.7470585753485307,0.818122331171459,0.3282673851858314,0.3118649073944854,0.25132859506311295,0.4769380073300589,0.8415290237128287,0.733696226170918,0.7938053798299569,0.2688933231809675,0.08647985752053688,0.5729188658830993
2024-04-24,0.7402686092880578,0.7353819878547636,0.7512848687702737,0.7378325275252325,0.051214238703096285,0.7453712342248281,0.8132379649987297,0.2879577247953126,0.32610283628770054,0.25562321326081233,0.5040567044224633,0.8362254434454616,0.7317401357540995,0.7900971849379996,0.2733069651831035,0.0728152579414989,0.518375075281548
2024-04-25,0.7522313566043607,0.7410889010836257,0.7464237516353064,0.721335737541387,0.0370484556106179,0.7433808226143447,0.808329549607881,0.22787048645043978,0.32730694703388896,0.25935546102753076,0.4994486177027482,0.8261096962473214,0.7307479556955644,0.7843914781072985,0.2841228344789636,0.06211095044760129,0.4927261920224633
2024-04-26,0.7262633844306107,0.7178743069374687,0.7429381195725643,0.7147752682228129,0.02726524517340618,0.7419864737001819,0.803837024634447,0.20588468202564586,0.32580569806160853,0.2619715256420777,0.49030256649355297,0.8137273042512264,0.7311609480678324,0.7782196762088964,0.26949534466976244,0.053451087672041764,0.5308784358377621
2024-04-29,0.7208171763382182,0.7182614910236431,0.743305267010424,0.721335737541387,0.02704139148524911,0.7412084884707316,0.7999322887575918,0.24802800917647244,0.3321322111788999,0.2656224962773928,0.49878262950492974,0.7996431332510386,0.7344484633725948,0.7726061812606331,0.25591267763238623,0.06206417066162301,0.5823598081345807
2024-04-30,0.7280142377858766,0.7149727746684589,0.7299138672540987,0.6998219828740401,0.04492354793350875,0.741349953460987,0.7957491333628127,0.17634130245822305,0.32327225052314507,0.26636120625357085,0.4749194444432504,0.78350006366046,0.7376236501343935,0.7658761130878229,0.25697915432041707,0.049714167104118356,0.4723438484388796
2024-05-01,0.7461042200532705,0.7630458045388047,0.7582557100403825,0.7633980393215966,0.08281246020565049,0.7478264983489519,0.7940201774741668,0.47004385170963975,0.3670130115103923,0.2777248237242975,0.5619803787075474,0.7771854013728959,0.7409793717889305,0.7642986024782803,0.3179365686295347,0.06998199958654511,0.8092659450537432
2024-05-02,0.7781991581189359,0.7676886564646632,0.7721973891739612,0.7512424614708039,0.04252482832298736,0.7520499063450411,0.7920128184461793,0.42619171741654943,0.3941511962637906,0.2934994183393428,0.5981241090317767,0.7729868200478932,0.7426645662949966,0.7629771781366921,0.3248318452723167,0.058133268047053155,0.5103486798171302
2024-05-03,0.7572886780508464,0.7440872750201002,0.7600901396981673,0.7449716003881363,0.02960900669282314,0.7534240184636608,0.7897854732218427,0.40398731714758657,0.4124260908011409,0.3106199081203485,0.6091524300435531,0.7679828188122749,0.7446267646995363,0.7613791669586676,0.31792220778878955,0.048983618111116234,0.5325196861406204
2024-05-06,0.7570941171147519,0.7456349268617264,0.7609155923475607,0.7383149014546685,0.01962338962739754,0.7528784113463941,0.7874996837568763,0.3802648300553417,0.42325653994613094,0.32698366626029174,0.6029517394782882,0.7637262482563919,0.7459305920567579,0.7598375079385298,0.3119945691177817,0.04192071078383308,0.530929432021302
2024-05-07,0.7523287048335471,0.7425397319906617,0.7658685810008722,0.7396656403962117,0.03497613344360696,0.7520297176941343,0.7852654540685103,0.3860476325056253,0.4341912414488785,0.34276771477485013,0.5982015746778988,0.7573406229136374,0.7488567621872843,0.7580090280680079,0.29598694236526857,0.052191955109333,0.5617842032691261
2024-05-08,0.7497998584946349,0.7425396796653263,0.7681615598161683,0.7418844378861204,0.03766773946647757,0.7524540805684764,0.7829212367414967,0.3960658671012937,0.445739977471071,0.3582392224654356,0.5956406021569824,0.7555190415933116,0.7494538319502023,0.7573688001954029,0.2780694073307912,0.06302567734048792,0.565133884995211
2024-05-09,0.7484382846403931,0.7461186799225907,0.7699043092204262,0.7505671686159677,0.029699486476958484,0.7555155338107987,0.7801336075195339,0.4355296581720797,0.46253024317953906,0.37475160238340854,0.6041695525137367,0.7569257361389222,0.749089960399041,0.7579117317191806,0.26363017634472274,0.07219423527375135,0.590061857785058
2024-05-10,0.7583583907728685,0.7460216444333814,0.772655768463906,0.7511457721602973,0.024099122949292444,0.7593246732579989,0.7772875395164688,0.43820222803591685,0.477102382676049,0.391550391091829,0.6065163980642183,0.7591817098864552,0.7492143498560527,0.759135835306503,0.24643605682275696,0.08019245820212112,0.5587785160411717
2024-05-13,0.7587473042189902,0.7644963457160938,0.7774252565487799,0.7637837239405262,0.023548871817624925,0.7637703168961821,0.775032689193179,0.49572664743131073,0.49889741059455667,0.41035718867000126,0.6229701063248584,0.7635127877436093,0.7484697953636555,0.7609950416243094,0.24744647958864394,0.0880756924948976,0.6050108838639225
2024-05-14,0.7763512626721548,0.7665278639235031,0.7865057456843877,0.7653275350393404,0.04114685472163727,0.7706308152602516,0.7728500247409403,0.5026037807619883,0.5177067114078522,0.4300350565356836,0.6301076925183766,0.76572959171313,0.7532930272392576,0.7645444710025784,0.23885860862158179,0.09963646223806816,0.5624267785774366
2024-05-15,0.7760596714847933,0.7736856845654774,0.7920092283952839,0.7777727211260398,0.023009344215928998,0.7721362980436733,0.7723035096713727,0.5566933956170357,0.5422128355654202,0.4518128170602775,0.6473143003719863,0.7699461327290241,0.7570480445154643,0.7685907137606867,0.23259381885862976,0.10740694884308266,0.603808531755733
2024-05-16,0.7875358049376303,0.7875174216968788,0.8014563066794956,0.7933047632510134,0.0367019515484107,0.7765415483318309,0.7729153425265441,0.6164862819310701,0.573239216673416,0.4768763266614833,0.6742378650726346,0.7780372408135384,0.7574616223875404,0.7729647459655582,0.23166191837985714,0.11803884571018156,0.6150297658847431
2024-05-17,0.8056258354901759,0.7921603440361698,0.8141139616801455,0.7967779168357007,0.029535952644891644,0.7819673044317123,0.7736887282564905,0.6291101020630028,0.5998940312584403,0.5034917886433499,0.6869546274786461,0.786649881377577,0.7554798419030316,0.7764117294474409,0.21980455721105682,0.12717322918901774,0.569497623139155
2024-05-20,0.8005448628678294,0.7899348024738679,0.8028568886982862,0.776062959911095,0.03771599535134975,0.7859207173062973,0.7739990477929103,0.508601106659224,0.6045139348525588,0.5259219665561957,0.6526602356077177,0.7898204447275811,0.7556689179492199,0.7781392114776045,0.22109671685697582,0.11632942269262203,0.47957131037076833
2024-05-21,0.7876028457615253,0.7821339590621452,0.7985109876257911,0.7757710531971255,0.022636701549416036,0.7897020933464481,0.7740583546388659,0.5070191197816869,0.6072740197710307,0.5445458736349048,0.6214714939595747,0.792567641464991,0.7558123570532803,0.7796258443686896,0.21811043224728946,0.1086368090247451,0.5554592115415031
2024-05-22,0.778386776818338,0.7966628024371802,0.7941654475197656,0.797750326288115,0.030125746793329425,0.7955530147312798,0.7756191516246042,0.5965867437103101,0.6254008851122491,0.5639093561646034,0.6275316059892662,0.7992271276220902,0.7553132783287512,0.7828069061908347,0.23946879650323075,0.11789444463430249,0.6394129765955349
2024-05-23,0.7971133264731708,0.7845718806398636,0.7854740795863077,0.7607941701402418,0.039445834779892844,0.7966241045077552,0.7763478947991439,0.4196143705823538,0.6107569456877818,0.5757935742410094,0.5662462017401029,0.7990724318947763,0.7596696390318195,0.7849017714244293,0.2637337001872454,0.10668914524087103,0.41929963584186225
2024-05-24,0.7655431414850796,0.755026857200433,0.7612487409425183,0.7342439903417951,0.049634528694155536,0.7948539546092687,0.7765671985545705,0.3252852324089193,0.5784802466153799,0.5773517142136076,0.48163388794208883,0.7975103446969275,0.7633521963040307,0.7859353742926476,0.2730918733416099,0.0933546652892307,0.4554455842673071
2024-05-27,0.7655431414850796,0.755026857200433,0.7612487409425183,0.7342439903417951,0.049634528694155536,0.7948539546092687,0.7765671985545705,0.3252852324089193,0.5784802466153799,0.5773517142136076,0.48163388794208883,0.7975103446969275,0.7633521963040307,0.7859353742926476,0.2730918733416099,0.0933546652892307,0.5565593718828475
2024-05-28,0.7386789408813778,0.7255792115196413,0.7371158833087547,0.7090552757158514,0.056197329036772325,0.7891221591033556,0.7758649886831094,0.25212843882764596,0.5337869221377016,0.5675909755571672,0.38888652531574197,0.7989821215895284,0.760527360251903,0.785283399268897,0.27895007778707515,0.07864872526483796,0.4588486931412553
2024-05-29,0.7095600762227608,0.7122206525949202,0.7330476605245758,0.7096387826800484,0.04121119590146684,0.7832897894517893,0.7762628790387441,0.25482959853967063,0.49937982674125664,0.5513084676195619,0.3354468763620244,0.7973858588893888,0.7632186206105395,0.785804577411674,0.27072319122668975,0.09022294069499631,0.5588634847819167
2024-05-30,0.7174036222024732,0.7140734919934832,0.7359141271332718,0.717808186642548,0.042729245613070906,0.7770096104879046,0.7768418400795459,0.29366003065243756,0.47916503321359677,0.5333038811015347,0.3213360927937928,0.797888507993736,0.7578510839911171,0.7833841924371119,0.26160656627569556,0.10211439030252234,0.5888047626946274
2024-05-31,0.726717812526333,0.7323073781338525,0.7467321404638413,0.7313263022889395,0.08381980180235729,0.770518509871504,0.7775690272887815,0.355057440429212,0.47434796443366756,0.5177138449295402,0.34112101883306756,0.7978817180557608,0.7557398413814159,0.7823268349419221,0.26175946400013883,0.12259273182185135,0.6096081079800635
2024-06-03,0.743188899871062,0.7461533153582502,0.7613410478773298,0.7417322786383663,0.0349473139568083,0.7647534945664044,0.777921079452513,0.3996143416586379,0.47929419462726386,0.5064599933388576,0.37665189578283365,0.7978454924936721,0.7554326932632826,0.7821548579507678,0.2611624953634738,0.13285795360005465,0.5970082320077912
2024-06-04,0.7454440305236559,0.7404005353609853,0.7559783587274306,0.7423159388344341,0.04531696743934168,0.7612191165597216,0.7778780201600474,0.40214512170647626,0.484399603931509,0.498714292680987,0.40539783055049894,0.7978424922606776,0.7558613327422278,0.7823672747537969,0.2592541006042569,0.14529017193111995,0.5588116746288259
2024-06-05,0.7502483426124399,0.7372804622086055,0.752834769702213,0.7245186699626843,0.02531021161545957,0.7558513747468255,0.7770496242321955,0.33409072298184955,0.47566042169244765,0.49036541141394696,0.40045534353201573,0.7983107568277265,0.7537671306096329,0.7815631155496523,0.2577283136289181,0.13703886195705334,0.487908877448882
2024-06-06,0.7260312837521113,0.7276268771060161,0.7418314963829337,0.7288948189622909,0.019445781162242985,0.748640030368353,0.7767311809190304,0.3550720236531017,0.47295529779261253,0.4830200776712844,0.40867845371869277,0.7984954615191836,0.7521949823796558,0.7808734910691815,0.2587738620836073,0.14406465358588066,0.57365138456757
2024-06-07,0.73760066431147,0.7403032508401048,0.7573653994698454,0.7353138552640702,0.020084501416176175,0.7459714373598879,0.7772292099259145,0.3860877191962379,0.4765546456796645,0.47803027246482904,0.4279797525915186,0.7982290710639769,0.7508475504760183,0.7800636860735584,0.25506631559193305,0.15122392166990947,0.5815532829331412
2024-06-10,0.7361299746703746,0.733087500493834,0.7505231750755631,0.7358000599902775,0.024362519654219775,0.7461344069544477,0.777978306218536,0.38851047353732443,0.4805622686327783,0.47502544170287686,0.4442447158128797,0.7978828140565474,0.749572704416143,0.7792489755847627,0.2516234044379846,0.15927718787938544,0.5584440198889518
2024-06-11,0.7388750121738489,0.7291870564183116,0.7490435746606389,0.7322014095033641,0.023768033961419417,0.7485585375469669,0.7783654413052271,0.37201268728103937,0.48175257895492074,0.47291473147826624,0.45157117671296715,0.7965017797486308,0.7476387336029514,0.7775722568670305,0.24547166195545708,0.15134815421530687,0.5426148654552777
2024-06-12,0.741326314653756,0.7296748332169711,0.7429412062543436,0.7190725028089316,0.02724848965782556,0.7495465457290517,0.7790513217302873,0.3144253462202498,0.47350930425627114,0.4691959766495058,0.43839479229288825,0.7951242397314414,0.7441405915930127,0.7751165572227141,0.24850090942582123,0.14269179292073372,0.5055575539872426
2024-06-13,0.7218156433677337,0.7178762337931377,0.7346195910069108,0.7194614052971492,0.031671275550485704,0.7497196898901256,0.7774858950653286,0.31677234821846795,0.46819958330393274,0.4649132734822996,0.4337737761337291,0.7914687657668503,0.7417107331645595,0.7720207842735713,0.24749691474968813,0.1522724051364765,0.5580841658156428
2024-06-14,0.722501888447386,0.7175837373301512,0.7401672738548951,0.7203366657434446,0.013139005097698058,0.7485687281616932,0.7763847466089756,0.3224060912157551,0.4656168275536979,0.4608510195366108,0.43558014623087876,0.7836860119762191,0.7419808889873235,0.7681468764530517,0.2388082251923874,0.15798023932202362,0.5599901159354411
2024-06-17,0.7213253876921059,0.72206900670749,0.742571368789083,0.7243240654867046,0.030506432107321083,0.7467455389219938,0.7756490916727697,0.34897018170643895,0.4675553569733156,0.45807864515568764,0.446149473074858,0.7733043245524786,0.7449875439854344,0.7643002701832562,0.23320232319076814,0.167317428579592,0.5721790526614783
2024-06-18,0.7305413171549943,0.7216788263666392,0.7473791186694404,0.721406224201978,0.027088306928874845,0.7445556319860577,0.7750466492046958,0.3334545702695472,0.46778806208861057,0.4559180571970899,0.4511624764845525,0.7671165049933327,0.7455594740434596,0.7613985204715321,0.22110235931234748,0.1586945414432488,0.545161538357816
2024-06-19,0.7305413171549943,0.7216788263666392,0.7473791186694404,0.721406224201978,0.027088306928874845,0.7445556319860577,0.7750466492046958,0.3334545702695472,0.46778806208861057,0.4559180571970899,0.4511624764845525,0.7671165049933327,0.7455594740434596,0.7613985204715321,0.22110235931234748,0.1586945414432488,0.5565593718828475
2024-06-20,0.7237765266424742,0.738157986791127,0.7450677966277429,0.7421214875903254,0.04446779790971592,0.7463992024552094,0.7751341490500548,0.46285457295574667,0.4845677375892409,0.45832215239699076,0.48856568028687153,0.7609938924360847,0.7482984050039706,0.7596120504961055,0.23375192012796756,0.17094930471792347,0.6376451686453242
2024-06-21,0.7494639418968115,0.747908784385483,0.7668889443861547,0.7515550544873378,0.08751338765694891,0.748772444166946,0.77547870528269,0.5123136084305437,0.505582086732535,0.46542092647846467,0.5270340744550394,0.7458101318899096,0.7590530731434068,0.757159523558816,0.22875366286966767,0.19219951270589405,0.5929529701262386
2024-06-24,0.7603466760552814,0.7541491648222978,0.7742858481175822,0.7551532452786388,0.032169249473541696,0.7508502543408929,0.77564210347772,0.5306090955589116,0.5252583692782208,0.4759458992740004,0.5551084893310647,0.7442392301969069,0.760074106327954,0.7568600444209084,0.2221424630012657,0.20188418893655258,0.5703502506473543
2024-06-25,0.762111538881359,0.7490788443032825,0.7629131317878309,0.7363835669544744,0.02545229838758322,0.7509113659328263,0.7751161380692199,0.41781279281257483,0.5267335438677152,0.4847291894060197,0.5408370690899507,0.7444460590571568,0.7600882441511817,0.7569736354676202,0.22474488235370513,0.1936031864037213,0.48479882881682296
2024-06-26,0.7328945031890824,0.7294797386613237,0.7521874261585827,0.7327852229313027,0.02113138602965324,0.750972509621184,0.7740116865988006,0.3983457777223522,0.5254138057843407,0.49143079114020066,0.5237796277093136,0.7437113379206338,0.7633702701660211,0.7582334686171543,0.21669638112001663,0.1862251457876623,0.5426217366565725
2024-06-27,0.7387771488265907,0.7311373160970007,0.7434958842823346,0.7228652980762121,0.024290806047534724,0.7513697349687508,0.7724987915063163,0.3464953201113415,0.5171350386974943,0.4947531446712111,0.49608992727381185,0.7425207133987194,0.7660056095108657,0.7589356700336853,0.22288903568893678,0.17818686591680813,0.5180392306487306
2024-06-28,0.7313257923390742,0.7283097145680073,0.7509853926485573,0.7263664930932651,0.0561698499912201,0.7520929155536497,0.7706672292600444,0.3691582632701436,0.5136558077788285,0.49655414859554187,0.483623925271619,0.7421224503114311,0.7673268188795,0.7593900342205333,0.2150963122832862,0.19288706351238316,0.5702500043474492
2024-07-01,0.731620063417486,0.7442034463385496,0.7507080181625686,0.7290895766701412,0.020304333780593896,0.7530096215290746,0.7683792942008171,0.3871723682436902,0.5133876533758742,0.49792890959657615,0.48013127301607905,0.7420508360308545,0.767162822337489,0.7592712854911159,0.22829792848413502,0.20009227102695354,0.5671811481067955
2024-07-02,0.7351495205042088,0.7290896739405881,0.7518176862119762,0.7251021769268812,0.022634020666923133,0.7530911143504605,0.7658255456723916,0.36373767268989793,0.5105597025648357,0.4983322393656247,0.4721713250660772,0.7408984616389208,0.766583192512137,0.7583883862066791,0.21999542816175924,0.1924002175960344,0.5410356887127903
2024-07-03,0.7328945416687117,0.7242142528967452,0.7425714199949759,0.721795586385808,0.0075822059105416315,0.7531318928575778,0.7638920431308344,0.34416737026465544,0.5062736931740035,0.49759932765279213,0.46286091506832655,0.7395629067867101,0.7657788236529156,0.7572989518299325,0.21844194517148494,0.1878536145648163,0.5436500612317525
2024-07-04,0.7328945416687117,0.7242142528967452,0.7425714199949759,0.721795586385808,0.0075822059105416315,0.7531318928575778,0.7638920431308344,0.34416737026465544,0.5062736931740035,0.49759932765279213,0.46286091506832655,0.7395629067867101,0.7657788236529156,0.7572989518299325,0.21844194517148494,0.1878536145648163,0.5565593718828475
2024-07-05,0.7286785193095847,0.7232390508550701,0.7403520721603728,0.7294783259264878,0.01858923920576175,0.7518077548716474,0.7622426707728428,0.4010809579233691,0.5092111593424062,0.49773644919435467,0.4699900037693351,0.7396453327247968,0.766221270063243,0.7575622621077325,0.21872327678966477,0.19470041048561898,0.5866236705842669
2024-07-08,0.7348553454646104,0.7297722469916434,0.747286918838049,0.7197531587792477,0.021080449262288158,0.7484770928702175,0.7594636949017809,0.3412558835655926,0.5045998514897025,0.4967104550938131,0.46045938578410023,0.7397327913956245,0.7651587310932216,0.7570769274192137,0.21799953664850516,0.18733301437175864,0.5187078332737022
2024-07-09,0.727698133051978,0.7288946537131991,0.7466395613907101,0.735021948550101,0.02530417962985055,0.7463687108520914,0.7585454515317954,0.4456664190153697,0.5130428321083618,0.4979690308348483,0.4791792461595205,0.7397024199909291,0.7651590242340051,0.7570614299656588,0.21708138730328605,0.19558306381267018,0.6163958559744837
2024-07-10,0.7432871583425767,0.751711622257204,0.7605090301644813,0.7581682355694844,0.026663387053750348,0.7486502530795035,0.7593978530015483,0.5679835762126648,0.5375791921284028,0.5050188042688161,0.5266325611097581,0.7443104577532519,0.7627830931366698,0.758248966070709,0.2265708258334185,0.20411715339119832,0.6462983343983325
2024-07-11,0.7660334507851555,0.7625350879226829,0.7786318004200913,0.7607941701402418,0.028387194496684413,0.7515836736851546,0.7612412678817676,0.5800524586056208,0.558914418952247,0.5159131479755659,0.5581351299523453,0.7492063021405381,0.760772214590626,0.7597669680856303,0.22491720410879654,0.21301147533360706,0.5665780597255025
2024-07-12,0.7701511561435063,0.7654602452305572,0.7841794993536829,0.7625446910328327,0.02159115737718542,0.7557393582258972,0.7631262625225318,0.5884096069403784,0.5768359651077262,0.5290424129777749,0.5764481680742952,0.7537396130581614,0.7607179802679523,0.7620749253393906,0.21968806986450065,0.2204855965879328,0.5632260611140955
2024-07-15,0.7709356079479374,0.7593172663642958,0.7807583674126742,0.7563205656707744,0.030806690946525772,0.7588764948368006,0.7644984273776779,0.5420257755361202,0.585843339493134,0.5417641971543095,0.5731092532276291,0.7562188537669411,0.7620799630206617,0.7640317940876045,0.2116314034433134,0.21108566079108818,0.5328838603373669
2024-07-16,0.7671117790176086,0.7674103359233853,0.7834397420649849,0.7735341743464564,0.029186097479568324,0.7635312466795247,0.7660022596547075,0.625026385481116,0.6055022612224514,0.5567833023346306,0.5919335971569541,0.7621331387721163,0.761635088676259,0.7668560728018468,0.21079858886258215,0.2201469333469284,0.6223177939569101
2024-07-17,0.7853479811499046,0.829913148969559,0.804336267677667,0.8277043988656244,0.07832533313316077,0.7742769369682555,0.7690653766283903,0.7903169104699332,0.6612520227485241,0.5825288606328863,0.6798266004860377,0.7850961890786609,0.7489351821537472,0.7723445793635397,0.26616802819628327,0.23947706922119777,0.761071795320662
2024-07-18,0.8250557913160591,0.82581785694877,0.8339242824779832,0.8164230088380312,0.05396147303769454,0.7841874141029473,0.7717057514777931,0.7192695627762862,0.6951074235679426,0.6114633507378605,0.7059568404472312,0.7980548174015475,0.7456691718206939,0.7773890615092347,0.26796525499602153,0.22523836681963,0.5154830963701381
2024-07-19,0.8339777331080326,0.8203573420212191,0.8293012182356597,0.8093236230296775,0.035408425745586926,0.7925497362580644,0.7747272832314037,0.6762719474707308,0.7145883464596013,0.6394087823955624,0.6978524543614509,0.8072209707125527,0.7433582465654159,0.780956851912529,0.2688952341495767,0.21487678428468102,0.5305171156897345
2024-07-22,0.8169179621476171,0.8067060180251704,0.8244004893468789,0.8049470143344585,0.031672615991732156,0.8014722212588837,0.7774369613213997,0.6497215217218717,0.7246458714945145,0.6642421351969126,0.6723519506745093,0.8140905291667974,0.7419483198437159,0.7837914541273281,0.259047434905596,0.20529589195045933,0.5404291559285317
2024-07-23,0.8026035981090448,0.791007297374831,0.8057232515650167,0.7865662384985116,0.027794049245130507,0.8068705349159587,0.7792630422021795,0.5460650708818693,0.7166070908897808,0.6821289944119295,0.6154320930854061,0.817129609410587,0.7421533665343018,0.7854591835084839,0.2640616087711649,0.19652552243496907,0.4886184266391744
2024-07-24,0.7972111422354898,0.8193821911287598,0.8127503384938989,0.8247867108127688,0.033868258753416446,0.8138475914449997,0.7824335644580575,0.6660043001376976,0.7373190705862843,0.7015395109492797,0.6279170046057196,0.8272135683223157,0.7411502734176719,0.7901525446080473,0.28607766337487006,0.20656524883764835,0.6995864687278214
2024-07-25,0.8336834845992812,0.8600431062323306,0.8466841004634865,0.8574638669671545,0.052978929604047056,0.8239719591514586,0.7868965643074072,0.7405277866897291,0.7761252275897628,0.7266252596714684,0.6744200933556562,0.8436908682233769,0.7374081782620984,0.7967717876838614,0.3126771250037056,0.22059862439417371,0.6757674287147344
2024-07-26,0.8657438423113454,0.8697939091433977,0.8787685997339348,0.8671891873462653,0.04183517130168909,0.8349315400119562,0.7921738417467982,0.7597309939093082,0.8112950050643906,0.7553556120530602,0.7042841274447532,0.8592778573349481,0.7366742179968785,0.8044340053163426,0.30696606193579457,0.23230323497626554,0.5912911442086877
2024-07-29,0.8679007763970804,0.8543875604785165,0.8656388975382682,0.8469604351478669,0.023525414095812054,0.8444243945214164,0.7967165288578225,0.6600135544832841,0.8205450192454332,0.7806180244320343,0.6758676827128501,0.8679115367071563,0.740591407852974,0.8108363897992898,0.3075726733609351,0.22442490275687002,0.48476669449131743
2024-07-30,0.8538804542854087,0.8695013761047858,0.8685052335815374,0.8738996706664016,0.02969613537384236,0.8549358290571399,0.8021878542789683,0.7187686859007412,0.8450799655036946,0.8068705189894501,0.6839804572944436,0.880699627737691,0.7427973049604727,0.8185244202507367,0.31552315563753464,0.2335927603939362,0.6534220333200299
2024-07-31,0.8667242666038365,0.8578003736686508,0.8627725519080675,0.840055500583622,0.04140824076469492,0.8562293791506795,0.8063112715251285,0.578520187810581,0.8353083618808215,0.8254659250286538,0.6212379552555329,0.8846487783063742,0.7509484707272774,0.8246273418660686,0.32783052229484944,0.22197736754737782,0.43695873694509996
2024-08-01,0.8532922567957032,0.8622857607131311,0.8624952641840448,0.8683562012746594,0.03417119847511403,0.8616684231702355,0.8115469801230292,0.6422635918711102,0.8458024771505437,0.8429267825237048,0.6119414172599961,0.8915082472227033,0.7594582160699274,0.8324083082279672,0.3332257969820136,0.23208040072629116,0.6587750125605134
2024-08-02,0.8868233108824998,0.9016792277000121,0.8929154572499011,0.9012279619050246,0.061429071221664744,0.8712937075265009,0.817215814866291,0.7042703499531113,0.8755141879638706,0.864212987445105,0.6432864732987761,0.9039945851846293,0.7648407323183851,0.841526570601735,0.350424903187874,0.24787964317387678,0.6731355267641957
2024-08-05,0.9053535465170609,0.9107473741414416,0.8890320092375344,0.873121712458096,0.06646778986706843,0.8784337496983138,0.8215471363747028,0.6041805643767753,0.8737942197341138,0.8808183507302352,0.6049314620945871,0.9063979754241195,0.7786727264635686,0.8496689733751757,0.3800614923257115,0.23102743536406156,0.4589361382604689
2024-08-06,0.8784895035513857,0.8688187031678187,0.8738680360717338,0.8509478348911269,0.03680985706874989,0.8851765344261354,0.8249602199726566,0.533926309352224,0.8519576527061579,0.8887246443289568,0.5336509229917726,0.905270486825429,0.792165848347533,0.8558235287635849,0.3748313126230989,0.22037298895941024,0.4781610705049725
2024-08-07,0.8571159098709288,0.860433031679299,0.866933379602472,0.8502670256889401,0.025991825989279148,0.8878451274346001,0.8290177953185843,0.531794486450418,0.830875531517398,0.8898574901160736,0.478149009683696,0.905336018394241,0.801893698977915,0.8607130933197553,0.3686203945226699,0.21197923873881694,0.5541177691238598
2024-08-08,0.8541746639341888,0.861213063263178,0.8654538971429709,0.8631044853650155,0.019971904351474418,0.8884358781726934,0.833660965031083,0.5628777561780802,0.8208556990845082,0.8882960423552981,0.4560718562042791,0.9058628382257025,0.8122316329904183,0.8661447921553729,0.36580805095296476,0.21911497687061715,0.6026189514398351
2024-08-09,0.8693715131698064,0.8634558869406486,0.8775666330800674,0.8669947361021567,0.016516246818127592,0.8884155129914529,0.8387961801084544,0.572349906393699,0.8128456281223801,0.8850741318461759,0.4424659553287823,0.9054063631888619,0.8238117938661654,0.8716900901728488,0.3498996497999143,0.22552856956378267,0.5704022257617963
2024-08-12,0.8777051060588646,0.8709638654850256,0.8717414103476425,0.8597978948239423,0.03679846331815507,0.8897600001104117,0.8435502328220911,0.545685982656372,0.7981104651767711,0.8788675685980306,0.41800958655125087,0.9005648255334827,0.8398133857301945,0.877183746282101,0.35236423211800083,0.2148765041662021,0.5310143053119936
2024-08-13,0.8708421923463568,0.8579953858731146,0.8507524898828217,0.8453072164932657,0.05091330964326837,0.8867654679128275,0.8476909731486358,0.493261765093635,0.7727541286725388,0.8676574580716141,0.3770103118841201,0.8953361620928587,0.8528424330861172,0.8809942080972275,0.3662260508617735,0.20127479118567987,0.5048868880102384
2024-08-14,0.846919338578236,0.8499996555700842,0.8596286849547446,0.8461823237076903,0.0202828867206507,0.8874071396281279,0.8520049606576084,0.49595263870758105,0.7509945120575006,0.8533303242764365,0.3514692934760885,0.8955682703322557,0.8545682045816,0.881975209109968,0.3571826463701141,0.20847551680458765,0.5597092826307103
2024-08-15,0.8522138588760862,0.8495123057205234,0.863697265896299,0.8521150020513918,0.03433473230718087,0.8857061735722952,0.8566481358296346,0.5149438723907793,0.7361285010396187,0.8382073566130821,0.3449481976342481,0.8954212279419528,0.8585160757764606,0.8838701124494011,0.3427522733533068,0.21861272443792823,0.5779016675230353
2024-08-16,0.8597631796389588,0.8538025932092421,0.8668408688005592,0.8550325368723767,0.01942232344043012,0.8808680548573468,0.8611215306191208,0.5245577951399587,0.7245509441444946,0.8232576154836495,0.3463676230636306,0.8943250471270726,0.8645087329662798,0.8862968184325786,0.33058391143342925,0.22563361399337462,0.5670147054838682
2024-08-19,0.8629008559695596,0.8572154917907076,0.8756251130669456,0.8573668711929062,0.01537150999365971,0.8792180258269334,0.8660245956731346,0.5326090608618497,0.7152403694143539,0.8090047770122523,0.3520780724516324,0.8918947099193796,0.8725918528422106,0.8890798112797391,0.311897279413627,0.2318079855055494,0.5649089922769785
2024-08-20,0.8681948465980042,0.8634556983280437,0.8806177364328215,0.8625209784008186,0.03458472459964371,0.880430099147299,0.870567282784159,0.5509381930499708,0.7099460947500559,0.796298611104509,0.36475157181732143,0.8824218328769534,0.8904452057049285,0.8931122812352916,0.2962686821716456,0.24199743523520706,0.574967244893353
2024-08-21,0.8721167288344894,0.8688188663369956,0.8865355114279166,0.874872233350687,0.019466558001562953,0.8830070408160758,0.8747253516506156,0.5935283293501517,0.7133057997094867,0.7869611199476912,0.39235463294501804,0.8815905649829393,0.8966299915077919,0.8957713432648908,0.2820033337858935,0.2490275687004575,0.6005258613974731
2024-08-22,0.8878038786789518,0.8786673641631004,0.8909737470332472,0.8838197487533629,0.029739029493728746,0.8851765825707717,0.8791086533192362,0.6227332784236901,0.7208313700533368,0.7813445545734554,0.4228440536882931,0.8847530361518811,0.8961698469230887,0.8971705884152485,0.2734354962474439,0.2582043901288489,0.5881590711826743
2024-08-23,0.89270605103119,0.8955362167170939,0.8993878546710684,0.9011308128989056,0.03336693372724433,0.8887517069881475,0.884046364534019,0.6746211976849008,0.7378647656774447,0.7810463550472189,0.46642296481987,0.8912718511974395,0.893053142921714,0.8989725639793762,0.275575359511797,0.26813935222041513,0.6173499337308496
2024-08-26,0.909079288841392,0.910064923681617,0.91640086944444,0.9057988686124817,0.03187368217869958,0.8935694605218555,0.8893721553337307,0.687808729579046,0.752584670645834,0.7844330724714467,0.49661732769393424,0.8981489161155499,0.8922147481162933,0.9020963218315259,0.2732532997214341,0.27776226232647355,0.5727742151257862
2024-08-27,0.9146773484077345,0.9059213976208926,0.9150214498230994,0.9016830605614493,0.015239476530884437,0.8994737903567801,0.8939379963003841,0.6627819430195678,0.7586764270049418,0.7886427485215527,0.5033606849294282,0.9026040620526897,0.8905725370958185,0.9035713540040973,0.26770202098949714,0.2716154824844716,0.542304490128568
2024-08-28,0.9097380418419817,0.915353389404951,0.9201456038877335,0.9111883399740196,0.02058984776608764,0.9062819715491838,0.8969124614684302,0.6919935589272435,0.7682475783099865,0.794367710770131,0.515777003112385,0.908349384815292,0.8922095841205392,0.9073478271783042,0.26763352806255214,0.27888035523505017,0.5895652569892904
2024-08-29,0.9258404875396243,0.9126024057640507,0.9262011876310777,0.914226008581751,0.035355478316352176,0.9127869538691092,0.900397103091786,0.7012436802545543,0.7755408370412115,0.8007438934874819,0.5211131307400798,0.914688563918345,0.890546905310197,0.909783075065016,0.25603298425972176,0.28923087309008216,0.5670448751546346
2024-08-30,0.9208021255421143,0.9249815537951751,0.930393480783202,0.9301985923354185,0.039248789916664764,0.920659211769271,0.9047037802935937,0.7472250150997231,0.790755758716372,0.8095920314001805,0.5413684345040783,0.9212356238847786,0.8868723491070126,0.9113211383505229,0.25530940299284777,0.30039499506711353,0.6115898811541167
2024-09-02,0.9208021255421143,0.9249815537951751,0.930393480783202,0.9301985923354185,0.039248789916664764,0.920659211769271,0.9047037802935937,0.7472250150997231,0.790755758716372,0.8095920314001805,0.5413684345040783,0.9212356238847786,0.8868723491070126,0.9113211383505229,0.25530940299284777,0.30039499506711353,0.5565593718828475
2024-09-03,0.9318666418569196,0.9429611641440261,0.939337470025508,0.9429376771504082,0.03244940169404965,0.9296211753720222,0.9096202757849684,0.7797204990576156,0.8095565333383115,0.8213008716689895,0.5648091486846787,0.9329434575419925,0.8822167003946709,0.9150276980780894,0.26543015728605557,0.31013821605986464,0.6000181415244112
2024-09-04,0.9572549577639259,0.9531789484974778,0.951169128307462,0.9448973595467095,0.032332783305608535,0.9382485818957197,0.9152614853196747,0.7845969671965418,0.8227943755658703,0.8339282125922132,0.572335381278869,0.9430742284836685,0.8817552062658084,0.920015518930341,0.2719749954087547,0.3198570667449504,0.5631927405838891
2024-09-05,0.9512288453770691,0.9386380591607935,0.9398962864095203,0.921673383968805,0.01665833359025124,0.943150139193366,0.9187134789692836,0.629941370683299,0.8124633465213777,0.8414857181946662,0.5307929396323036,0.9469177869052386,0.8853837494610438,0.923806513340556,0.2747026408391634,0.31341378149302024,0.47804200147645237
2024-09-06,0.9312738523577703,0.9245888515898546,0.9332817633094049,0.9156961151506863,0.026152008718229862,0.9464886006259091,0.9207882467818626,0.5947511719815508,0.7968371269822744,0.8436832348555259,0.486872967139289,0.9498039485150601,0.8879991148610559,0.9265986256866325,0.2683037353156694,0.304986557114197,0.5360606864761303
2024-09-09,0.9279148171951249,0.9390310767294308,0.9365423093047421,0.9375478993251286,0.036348075059348034,0.9503026187296085,0.9232950706724355,0.6676507591549488,0.7983020180665217,0.8458020274170193,0.486227898592247,0.9558431802434494,0.8892712277805325,0.9303443236026776,0.2773719820009667,0.31554450270286316,0.6317768405764125
2024-09-10,0.9541926673459201,0.9493473853909633,0.9577839648507568,0.9450934963413976,0.0297892960404706,0.9544180062095989,0.9267914721177734,0.6900569157854022,0.8023134246556167,0.8484850067184223,0.4908508682229255,0.9620882101918514,0.8918989611116245,0.9348727039368385,0.27115482053842443,0.32473182857421373,0.5821849349260569
2024-09-11,0.9471785568976506,0.9329396969423724,0.9330021253348718,0.9200076003007941,0.025503905375571526,0.9563371637580592,0.9284342602857415,0.5509049786157347,0.7835779622890124,0.8460171455842544,0.448644667293911,0.962086424123339,0.8998458107981574,0.9388385795854095,0.28324542132178365,0.3164400414799443,0.47175722222503985
2024-09-12,0.921592578387597,0.9163359401926532,0.9201456115463106,0.9182437482354392,0.01625955231943251,0.9570760876390941,0.9312200441874491,0.5419839803085722,0.7648850647008847,0.8394390951254456,0.41496560488419154,0.9608512255816638,0.9087847270509785,0.9426643517457278,0.2833073026305065,0.3100800914754904,0.550504108003662
2024-09-13,0.9269271907648532,0.9227219939295366,0.930486837344806,0.9268670249993968,0.010579432537602728,0.9584000009500541,0.9333047374208095,0.5743629548574674,0.7542997655999005,0.8315696649761978,0.40438398594800584,0.9601212940439025,0.9174884325508442,0.9466329689385762,0.2776581904339903,0.3152530394255554,0.5861952496293191
2024-09-16,0.9429309026615328,0.937459339485557,0.9487470685612,0.9412718934823973,0.02059520953107344,0.9595597250023297,0.9347314702521438,0.6246176641034968,0.7545628495502601,0.8253389142238934,0.4178113931353856,0.9603998587349435,0.9263732577018685,0.9512114536383243,0.26993167584652555,0.3225190326500496,0.6058018204828488
2024-09-17,0.9417453254719262,0.9420768499941541,0.9501443173469885,0.9420556745017953,0.01978223191510181,0.9594673514930944,0.9371875314571144,0.6272888570907507,0.7530136186410893,0.819972762839975,0.4248959563482533,0.9593131731814889,0.9365019520721908,0.9557076187934423,0.263501403836787,0.3296151340170838,0.5592151088972418
2024-09-18,0.9455981573834594,0.9482666453438184,0.9483744143481084,0.9330404306122034,0.017478683633078335,0.9582255568837946,0.9401124241165276,0.573226549333927,0.7426460034405911,0.8131264640119431,0.4127675665811377,0.9557822212508457,0.9476458239408873,0.9594515269773185,0.267702778400294,0.32300041625605963,0.5260270496713905
2024-09-19,0.9416464539378849,0.9288132880654756,0.9360765655660138,0.9200076003007941,0.019042308347061686,0.9580510967693231,0.9425972242736397,0.5008470412944015,0.7224469424353087,0.8026747194500837,0.3832243941641274,0.9518697472265137,0.9564835749111115,0.9618477831081833,0.2634164355849786,0.31605894028938475,0.5121761085284298
2024-09-20,0.9225804628149862,0.9140760665657064,0.927971329885036,0.9135401427278261,0.06517292362299822,0.9578252984241281,0.944394205873471,0.4670068454100785,0.6997442003114054,0.7887220017056499,0.35453727418067504,0.948443842577653,0.9631797309642159,0.9634256516641595,0.25162079015199235,0.29947732693019835,0.534356737659167
2024-09-23,0.9235684051672722,0.9104410811329906,0.9202388154122373,0.9043290685072879,0.017135530673987258,0.9543462386047864,0.9457243978821009,0.42047639089844474,0.6732621711963518,0.7710377275055347,0.32396074525952817,0.9481004973998187,0.9638741853218707,0.9635954484361262,0.2463742657726167,0.2929343194997756,0.5248108311177628
2024-09-24,0.9076633896438903,0.9005179176221361,0.9093384703746435,0.9000172768934384,0.026317553212166375,0.9496253360315084,0.9471573818722879,0.39916264855243383,0.6478288450662156,0.7506264869046734,0.30161586906384197,0.9487047765962674,0.9626357173777585,0.963288501233986,0.2434874025613921,0.2844725004888067,0.5416119880757492
2024-09-25,0.9097380241790883,0.8988477356365738,0.8982519102018814,0.878655221778233,0.02215146181820131,0.9452944371103223,0.9483455442760628,0.3044075644879162,0.6106029468557946,0.7251293513850424,0.2599418344028056,0.9526030202639383,0.9561639698822803,0.9620659433244458,0.253460317786078,0.27688128971029585,0.482304863309108
2024-09-26,0.8824724521599002,0.8813592647448434,0.8950842229481054,0.8863963426617066,0.02685641059323908,0.9419590087898785,0.9497783371827916,0.34803620415681197,0.5865880548451397,0.6988171593543582,0.25326322742510676,0.9547433689728241,0.9513185377388788,0.9607497254764403,0.24485686684730815,0.2854557163497873,0.5838327619735839
2024-09-27,0.8998592142264811,0.899928311245541,0.9073819652157159,0.8864944110590506,0.036452629476571095,0.9377307221372905,0.9510032476653779,0.3486001038068853,0.5674128967920192,0.6730448711429593,0.25768722179343073,0.9563972048611965,0.9466624807477769,0.9592774429832924,0.24393912553520183,0.2960355111798086,0.556903193619303
2024-09-30,0.8956113857755544,0.8876472612442654,0.9012330682804565,0.8929618686320188,0.026105763495227356,0.9326711380944325,0.9523546390188337,0.3867037586872189,0.5570685782591854,0.6498794004493946,0.2790475930414268,0.955973159499789,0.9431396124322323,0.9573005292347847,0.23576778915714078,0.3044530714711094,0.5792324722140147
2024-10-01,0.9041070045990612,0.8932474808786879,0.9058912823161537,0.8922760027780939,0.015368829111166814,0.9274576356486769,0.9535984230875812,0.3831006482756412,0.5483470877229867,0.629199060337111,0.29941085646617893,0.9532900307778734,0.9405200069117431,0.9546108790553873,0.22904858933494807,0.2982792601958924,0.5541647100404853
2024-10-02,0.8950185772351377,0.8870578415809274,0.9009536297731383,0.884240676702588,0.017221318913760025,0.9223467615197317,0.9543722783368825,0.34079239408185064,0.5354341879615812,0.6094745476687791,0.3072429463275326,0.9501544316336467,0.9373042473412184,0.9513905895581549,0.22156871599015346,0.29171832518281926,0.5284923633878533
2024-10-03,0.8878071367077908,0.8803770719757233,0.8969476692129995,0.8776753039641468,0.017937114539364064,0.917913234281735,0.9544721494712903,0.30781958631261935,0.5204970716876038,0.5900161648201538,0.30942362514766886,0.950490428772507,0.9322779749073363,0.9490547124825575,0.2115217665724333,0.2850078069020072,0.5335101635076768
2024-10-04,0.8764464076079411,0.8711415405258949,0.8835318208583872,0.8756172467067599,0.021555635684154507,0.9139415103970671,0.9541799009705062,0.29747083259116375,0.5075554976381226,0.5712621559444426,0.3151952948007742,0.9510145737496462,0.9274743959607524,0.9469269080419058,0.20839537583268894,0.2775411087873727,0.5493039406035429
2024-10-07,0.8825711374529196,0.8746784071785381,0.8876310025160487,0.8681698713197058,0.014417115826187663,0.9101545014344453,0.9530055293328997,0.2604185244303146,0.49224610109584865,0.5524884894570761,0.3150342195126375,0.9487226432775572,0.9224604784396072,0.9432435985622449,0.20449962676541103,0.2715661816321831,0.5302701520534359
2024-10-08,0.8750635827989354,0.8686855348890943,0.8851157862822624,0.8697380462859851,0.0177702296041811,0.9069833105173225,0.9517207114563456,0.2731884035343006,0.4820792214361103,0.5349656164977968,0.32528327374514576,0.943534521924457,0.9197993530009324,0.9392429451635704,0.19666435405869423,0.2782418251623706,0.5621213981994301
2024-10-09,0.8793113508413465,0.8782155854175764,0.8903329262498417,0.8791451040693404,0.026355085567066963,0.9070346166516218,0.9509177023308218,0.34755000208360803,0.48198989359543887,0.5209253181126436,0.3538196347651419,0.9416065736235616,0.9174427109521087,0.9370735375851342,0.19447500788978175,0.28671148749074904,0.5898910279856479
2024-10-10,0.8935368354014349,0.879885777973572,0.894898020924661,0.87777321912962,0.017955210496191136,0.9061315035119025,0.9497271486540534,0.33930477009181065,0.48163934195192837,0.5096067441442658,0.3761215579259762,0.9396133581684675,0.9151951061674489,0.9349249397107364,0.18847222055311083,0.2799971876104717,0.5517274734673112
2024-10-11,0.9016372001376295,0.8923631779352177,0.9060775525146548,0.8870823617475022,0.021035544480532097,0.9061930805019888,0.9487600425139951,0.41026491200160725,0.48917177774590526,0.5024070033712864,0.4098714485724782,0.9356896105535034,0.9150125392071898,0.9328127547508329,0.19232622193388135,0.28735519975528845,0.5893755822270408
2024-10-14,0.8939319142944878,0.8872543910235848,0.9032827486254519,0.8884543999190936,0.02579746200854397,0.9057210062928732,0.9472727307668248,0.4203931455539402,0.49678751461605564,0.49852284487670073,0.4370394677703098,0.927647833223355,0.9176931621574552,0.9300086511992238,0.1846161830643989,0.29570833279643954,0.56136756715741
2024-10-15,0.8801017247313522,0.9325469173927126,0.8855816445167425,0.9129523452712452,0.05652037537716666,0.9078864718016785,0.9462043776914583,0.5721762921052862,0.5218839620707921,0.5015963714947962,0.4940510291921486,0.9204032793419211,0.9220733393734429,0.9284635428770875,0.2582160332048431,0.31048178137425003,0.6423360282870866
2024-10-16,0.9196166904779136,0.915255044918118,0.9194932448630536,0.9147158908728587,0.025918771941347653,0.9110781883821634,0.9451290364210422,0.5813266529391197,0.5431841904243127,0.5093010981856542,0.5319992753586645,0.9156055216278721,0.9250751142280192,0.9274906851457165,0.2595695918877875,0.3188602651377426,0.5626401464448032
2024-10-17,0.9221853364989975,0.9153534518434059,0.9287167650343061,0.9165779645674285,0.017982689541743348,0.9151525245354296,0.9449474907569929,0.5913820419243152,0.5613420037966008,0.5199368584098926,0.5560162861333005,0.9147736432444614,0.9255687481303961,0.927308604302953,0.24866903062227322,0.3255803074468377,0.5629728415010473
2024-10-18,0.9284088750371658,0.9182024329255527,0.931511438094052,0.9229472005111815,0.025422138459538106,0.9201094642132651,0.9452058410522589,0.6255140668332952,0.5802420118071592,0.5331002361236136,0.5767276890523406,0.9170115286181505,0.9242600229523344,0.9278080290647299,0.23842309330466896,0.33385500731389345,0.5784713432885116
2024-10-21,0.9304834333880231,0.9178094505167163,0.9164188094279836,0.900507159184546,0.02659301388831175,0.9234961986680078,0.9438861094980938,0.45446753894359343,0.5777045820779552,0.5430060099563376,0.550034747256084,0.9165201126376851,0.9243606167026176,0.9276051222476356,0.24850958078842014,0.3253356239555082,0.4796631792685141
2024-10-22,0.9030206065835643,0.902875893846981,0.912599243802637,0.9065828028637505,0.023896046100455343,0.9273550073318665,0.9425140046977488,0.49063621247754147,0.5799817025652925,0.5514914473599766,0.5383964514357009,0.9173974128070973,0.9241536406570069,0.9279536888578528,0.24410559376938104,0.33329140893432285,0.5776718267614316
2024-10-23,0.907959808731596,0.9251780922818098,0.9174436438726524,0.9301985923354185,0.03570064193731292,0.9327019185653694,0.9428771014853748,0.6082715363780262,0.59927975495275,0.5630325987777265,0.5634350992591763,0.9239126737086721,0.9229126960017501,0.9306901486686177,0.2617256446994667,0.34371405729767457,0.6383113667446783
2024-10-24,0.9294955543748721,0.9203639120702718,0.9260147814630252,0.9087384688228689,0.021925597468174574,0.9359449573283655,0.9425384360827852,0.4758899433842932,0.5975788540666971,0.5718466152415743,0.541088841931915,0.9255140707168702,0.92363650667463,0.9318763017988099,0.26493736691247993,0.33617004648286036,0.483349201940812
2024-10-25,0.9164553980562055,0.9047424050869222,0.9005808921001982,0.881398838425803,0.028722304808296795,0.9353497130908653,0.9409184414416388,0.3477929243401881,0.5749954149927153,0.5733358887498098,0.4810695932665839,0.9255596392324635,0.9230475286336716,0.9316057756463099,0.2777199191041646,0.32720569492072366,0.46204357251787975
2024-10-28,0.8912647471461689,0.8855841885369238,0.9042144489175085,0.8884543999190936,0.018280937719078363,0.9353497130908653,0.9390365969481745,0.38381280178521343,0.5623394713530152,0.571410351158847,0.4530884889807519,0.9254188548247863,0.9227133954191734,0.9313664721850139,0.2620496092194502,0.33398806359137656,0.5813741490503627
2024-10-29,0.8945247454559245,0.88754910045804,0.8954569560740223,0.8736575643104586,0.020790243732431837,0.9312343095626626,0.9365996277104603,0.3226947599311059,0.5410672946642019,0.5646309243658286,0.41331551881953804,0.9255783117710262,0.920568628258856,0.9303780112431872,0.2601519763926937,0.32668131312820065,0.5047500031530562
2024-10-30,0.8746683896946509,0.8788051379356423,0.8858611588183886,0.8787532901755769,0.02483569541421645,0.9274678904562518,0.9346654208898705,0.3499933413907666,0.5283420884930783,0.556073368280715,0.39874545338678447,0.9256451917775795,0.919915986511649,0.9300866835217949,0.2601266411660026,0.33483346116073254,0.5745697442713554
2024-10-31,0.8800029279117164,0.8747768249907624,0.8898672077210782,0.871403829953996,0.0435576383033767,0.9227367330753992,0.9329337079398966,0.31928741769180075,0.5130394312378894,0.5454585238043933,0.3818879466761085,0.9259434481676924,0.918941196351308,0.9297537282571795,0.2496824234009676,0.32276889833323896,0.530667487672344
2024-11-01,0.8858312708718757,0.8766434540827281,0.893779987741624,0.8740495314360929,0.02105498087860562,0.9176156041388789,0.9315266894619406,0.3346901195186767,0.5034563682513732,0.5346064931583071,0.3799444333283587,0.9260123637350973,0.91870334375132,0.929670497576172,0.23737904924564,0.33013097219599996,0.565923812790747
2024-11-04,0.8771380531746408,0.8689802746436857,0.8769174269595236,0.8555293145976725,0.01695054978197723,0.9129050045178123,0.9297879937764447,0.25938244301310126,0.4824448083992533,0.5207500576776669,0.35532621505787887,0.9273709528603079,0.9159570055559879,0.9289994049587973,0.2384840285009077,0.32362662111566703,0.49111772740259846
2024-11-05,0.8570840229120188,0.8523762135475339,0.8608930732282097,0.8566071475772318,0.029705518462567505,0.9076709764086947,0.9282413260475723,0.2661726013329226,0.4675510150668259,0.5059968063264435,0.34797766848501926,0.9285582318511928,0.9133352880492173,0.9283022798735088,0.23988222649139532,0.3327964395820856,0.5604134098169319
2024-11-06,0.8791137788889184,0.8745804938626418,0.8702095789162446,0.8520016104669627,0.04565341819220051,0.8994812848718624,0.9272916794760829,0.24769262452368307,0.45331876416410877,0.4906890295931633,0.3434338644227345,0.9303602348688044,0.9085888891208277,0.9268612200715649,0.2568114961769258,0.32029391151281345,0.5401026613478006
2024-11-07,0.8649871495161795,0.8539482789886594,0.8623836481948605,0.8407324789890375,0.03624486108337142,0.8923589117816458,0.9256647130184691,0.20453665486637929,0.43472384031233935,0.4738631760185499,0.33099467959601747,0.9332208888074683,0.9016974280527067,0.9248947111750767,0.2569007796452004,0.30975753504702347,0.516172136820756
2024-11-08,0.8504652125971018,0.8375407467967062,0.8521355712824673,0.828385514531553,0.04565006708908438,0.8868067439145221,0.9235943401254331,0.1619589542883837,0.4121070462465998,0.4548323386952942,0.3129269509788144,0.9367716763157014,0.8917905204181226,0.9217784701980369,0.24991250828872705,0.29725570727394857,0.511984624681839
2024-11-11,0.8368325663601474,0.8424533047789751,0.84747748941421,0.8241719445469183,0.03372483154004635,0.8800743423799727,0.9211434108762019,0.1481488543872424,0.39275250141446594,0.4348409541567214,0.3050561871144343,0.9395441270292556,0.8820926922514499,0.9183656868708758,0.25582881448068095,0.28724595354851284,0.541224348322668
2024-11-12,0.8260645833607946,0.8174980328569441,0.8238135463837731,0.8006539170088526,0.033956727875682116,0.8724285568499172,0.9178789902088728,0.08057849480624213,0.36156434298158596,0.4111667021779807,0.2748786180130477,0.9415806151203187,0.8680473962757972,0.9124037147990036,0.26132268560107863,0.27718773932622537,0.4707296014636462
2024-11-13,0.8060105911290941,0.8024660177142409,0.8149629220549671,0.8065334238933691,0.03382603485415329,0.8648648579250974,0.9151103437636187,0.12436081000843385,0.34370900699883067,0.3878298170642229,0.277643016147366,0.9400375751330089,0.8581335340936823,0.9066602608898278,0.25922881374671625,0.28721864199681896,0.5783541966284478
2024-11-14,0.8127282434374287,0.8032521631733747,0.8088141732213489,0.7931086264563253,0.03754240820993454,0.8566648794842658,0.9120973015750878,0.08759827864614833,0.32189313862458113,0.36378740969102136,0.2718619373866379,0.9380263107231587,0.8470769406279614,0.9001052203880056,0.26646458046419685,0.2764111108434423,0.5069896561262655
2024-11-15,0.7902045279634163,0.8115049152886162,0.810118406876405,0.8139807992804232,0.06175144734143585,0.8503737877361072,0.90990124490218,0.22851737310617176,0.3231796637301488,0.34487033433893616,0.3138591213058439,0.9305244237202909,0.8432285549831969,0.8943201470707529,0.2818672561238359,0.2922777217852062,0.6343229952924646
2024-11-18,0.8068996256518132,0.8203472513075412,0.8234408910489325,0.8215260898329505,0.036163094167338,0.8468125771186804,0.9082393647669554,0.2737139586304978,0.3324655927198379,0.3320236497736281,0.363600156088251,0.9256544319660799,0.8398535411251088,0.890127007977296,0.289594884751864,0.3027970110237826,0.5842821067564462
2024-11-19,0.8203348662603965,0.8071820895134143,0.8208323652904014,0.8041816211395624,0.04100945949387619,0.8413219701934308,0.9059036424645491,0.21390068507017923,0.32907587805786376,0.3209114696424845,0.3778127576192672,0.919639722986075,0.835168822047624,0.8846904849999679,0.29329695411865975,0.2912649534247005,0.49314976535498034
2024-11-20,0.8112464638806954,0.7999117381678313,0.8185964394167574,0.8052596073509927,0.04655620537168425,0.8364266075056813,0.9032711620917412,0.22063148044479808,0.32973628373955866,0.3121843728891335,0.3973562300942417,0.9057080741035636,0.8362564045738207,0.8780574203107212,0.28085576531225176,0.30395614128951975,0.5605459713772679
2024-11-21,0.8170747618324546,0.8275193180601348,0.8279127263849971,0.8286794132598433,0.05379324766126513,0.8351642711848074,0.901521989573198,0.35433531842901483,0.35047115386255256,0.31030936219754024,0.45350250849733126,0.8946827706002988,0.8391183217114943,0.8738070504635853,0.29175699586510195,0.3181596888219841,0.6431080709612769
2024-11-22,0.8395983404626558,0.8379335400925656,0.8400240542119896,0.8254456078574238,0.041225940755177784,0.8348563701861641,0.8993259219812354,0.3410596974505155,0.3665255005091047,0.31276328232102607,0.4889739477846523,0.88890464057555,0.8391296056200693,0.8708364692796684,0.2989021984702831,0.30658239208855775,0.5447924100462315
2024-11-25,0.8323869490829757,0.8371476253707628,0.8496200526731673,0.8314231831392843,0.06796908406309188,0.835615803682349,0.8972939459442805,0.37339460342547387,0.3857012062889502,0.31944908790299376,0.5236501933805756,0.8808231523940607,0.8414030411811061,0.8678086573420722,0.2917670168964134,0.3237483325947542,0.5783564446900056
2024-11-26,0.8445870554499503,0.8317999936609042,0.8426227585206117,0.8312256672577586,0.02391749316039854,0.8388176306364993,0.8943820906362566,0.3724660911916727,0.40243043929879163,0.3289178747570485,0.5464540577636059,0.8753606118444587,0.8425267787329221,0.8655559295960202,0.2877065849571758,0.315788065720277,0.555841955688814
2024-11-27,0.8393093377769562,0.8454671346472455,0.8561461321355793,0.8399180515954695,0.013575318723417372,0.842314054621406,0.8917171042374131,0.4214680645152818,0.4237803610134885,0.3417510483163365,0.5740219824664118,0.8686060664508845,0.8453662533073644,0.8634941500021147,0.2841863922291443,0.32158707847070994,0.5881358923661554
2024-11-28,0.8393093377769562,0.8454671346472455,0.8561461321355793,0.8399180515954695,0.013575318723417372,0.842314054621406,0.8917171042374131,0.4214680645152818,0.4237803610134885,0.3417510483163365,0.5740219824664118,0.8686060664508845,0.8453662533073644,0.8634941500021147,0.2841863922291443,0.32158707847070994,0.5565593718828475
2024-11-29,0.8418984578392265,0.835959634072273,0.8521079204318461,0.8360658023622992,0.023946312647197203,0.8468130264686212,0.888848521143423,0.40096380015756455,0.4390131001634735,0.3557691670615183,0.5837314726420975,0.8626610621673075,0.8477423307028246,0.8616180388504566,0.2732895600061169,0.3136207890489361,0.5426446852410776
2024-12-02,0.8405042833945237,0.8293241493886758,0.8498539354962263,0.8339915025266021,0.032382379631727166,0.8489087785437716,0.8856791017120763,0.3896170039132361,0.4506251767290777,0.3698435306988669,0.5841923456296647,0.8548703670802659,0.8515209403599832,0.8594913407896911,0.25791908055332013,0.3038915739801306,0.5490479550927233
2024-12-03,0.8410023309594751,0.8273435612201114,0.8346403635153637,0.8098898147924686,0.043963121780427675,0.847690093359993,0.882450479165794,0.2742317513712111,0.4425973707058499,0.37912590144649194,0.544926556428088,0.8505076888026634,0.851168589546199,0.8570683200277527,0.26127845673912387,0.29174227531276625,0.4691643825954398
2024-12-04,0.806049258370357,0.7952554836143255,0.8105987887034832,0.7912206565755818,0.05508007125785666,0.8463326713820273,0.8783402193806255,0.20473208984702324,0.4233851444821648,0.38182013416049665,0.4909430791541998,0.846587471942346,0.8482594120848755,0.8535969229720548,0.2658986186769505,0.27726981404054657,0.48777911690892206
2024-12-05,0.7932035146255648,0.7835693308447329,0.8030858963358335,0.7818368900365956,0.03876019908233392,0.843879573766546,0.8730542121569501,0.17397225355389645,0.4026565433525431,0.3788703975733638,0.4446961597746042,0.8439416065459312,0.8435270439960495,0.8498718476516851,0.2565580926848744,0.2662077952490785,0.5215537877553581
2024-12-06,0.7871291897083442,0.7803012056430485,0.797733088023929,0.7797625902008986,0.04205433344548358,0.838756438803505,0.8684589061210136,0.16722156896574064,0.38650810040348094,0.37253350521332174,0.4169416643835157,0.8428277978213362,0.8381917139032732,0.8466349299155731,0.24976053049343774,0.2544573852956846,0.5487721551042145
2024-12-09,0.7861331983859033,0.7886201187469202,0.7982964200882637,0.7826271067945693,0.042193069114491104,0.8342719905883013,0.8649397493655456,0.18856167942385388,0.37786994176392663,0.36533655108051943,0.40989428241808035,0.8424418943544499,0.8337231355551725,0.8442055962801656,0.2532023533159984,0.2662367875116459,0.5673282994824377
2024-12-10,0.7925063466511689,0.7880259165881376,0.7972633773810535,0.778972220211054,0.04881752975444456,0.8287787196598319,0.8610389880246251,0.1750361623533201,0.3702803105602173,0.3577097830583805,0.40637236951816874,0.842355722128861,0.8290046891749018,0.841805923387887,0.2570236172261632,0.2530730397729023,0.5428457448821026
2024-12-11,0.7782663523475829,0.7649503385034964,0.7788565540964213,0.7533887802858005,0.07594806058258256,0.8206267414215925,0.8567539087131425,0.09387750810395862,0.3470026172949633,0.345875445279999,0.3718953677985175,0.8470072877905234,0.8191777607225622,0.8392965968596684,0.26507376748467537,0.23423969402098307,0.4603288472053278
2024-12-12,0.7653209602113226,0.7577208314118666,0.7754758346030836,0.7494378497278028,0.027220340391650118,0.8111506091492108,0.8521465043645263,0.08313273511352137,0.3280709765083376,0.3317454148764071,0.3530843668710253,0.8506528859707202,0.809343327922249,0.8362653681606591,0.2587935328782732,0.2255892152144671,0.5414357086493607
2024-12-13,0.7499855689811451,0.7494016044039147,0.7663663348906217,0.7531912644042748,0.041620700702257166,0.8024710298877572,0.8479346864509892,0.11378982537452192,0.31859093905109004,0.318106609027745,0.3571094813209821,0.8531119413793465,0.8025603183524027,0.8341461381641264,0.254587399816564,0.237249006839933,0.5709662661499929
2024-12-16,0.7606405618027229,0.752570790675783,0.7520917798763674,0.7258298750815481,0.044351849741898035,0.7911430944133816,0.8426537402091975,0.041798203721270244,0.2930756166449088,0.3009115487373639,0.32796938439905876,0.857505277346908,0.7886513103570806,0.8294661675152457,0.2736907678929823,0.2250184738136842,0.45180914503102976
2024-12-17,0.7318617679191971,0.7467276739683137,0.7538761336299348,0.7511169645685777,0.055146423099555905,0.7849877223955225,0.8389336127912533,0.213123672475514,0.2951334275907973,0.2876623064118598,0.3603015810450337,0.8560543670389725,0.7826598896247047,0.8257281166366504,0.2816757633300162,0.23950480095061003,0.6552325246929352
2024-12-18,0.7501846805243019,0.7475200958869412,0.7628916971504488,0.7347199285326554,0.04839797164430587,0.7790703132676812,0.8345908699515573,0.16527673034058615,0.2872231347743331,0.27511473401157766,0.3660510936187971,0.8572273373295402,0.7740616889677353,0.8220403653671515,0.2780861767845404,0.22642873029576588,0.4936949910890387
2024-12-19,0.7348492536788979,0.7324664174622539,0.7506830548692626,0.7231628743694031,0.04960839008984977,0.7729252923466702,0.830000450192628,0.13478098646159276,0.2752562329532213,0.2621294196676449,0.36246421791183747,0.8585664237881107,0.7639482337049531,0.817681814345542,0.2720018833924953,0.2130997126544643,0.511742804927861
2024-12-20,0.7239950033851098,0.7349423357548397,0.7448605676978203,0.7319540932638121,0.10447332052765128,0.7679182341022358,0.8261247644609752,0.18891055184843775,0.275647506990733,0.25183753272675535,0.3845342741643092,0.8546821276143625,0.7576688452418182,0.8125466253194604,0.27723142906915177,0.23789411969686697,0.5909282353521912
2024-12-23,0.7397286791587491,0.7335557452260102,0.7514342914831705,0.7398562608435492,0.04427410414960396,0.7634387768810161,0.8229705388943337,0.23605142103609172,0.2850437984497052,0.24591817940056365,0.42036299660664184,0.8497076703954795,0.753698782646203,0.8080026499099899,0.2715833210412958,0.25010840585133887,0.5872622147200209
2024-12-24,0.7434131723970833,0.7387057481265153,0.7596986366459907,0.7455854472627615,0.007031954778874109,0.7599421282211388,0.8201705656809589,0.26974355401229416,0.2997436590458164,0.24480303717668606,0.4597289023507598,0.8423942150033631,0.7521158827319095,0.8034454874284922,0.2618368602081055,0.25454002024696365,0.5786967947224034
2024-12-25,0.7434131723970833,0.7387057481265153,0.7596986366459907,0.7455854472627615,0.007031954778874109,0.7599421282211388,0.8201705656809589,0.26974355401229416,0.2997436590458164,0.24480303717668606,0.4597289023507598,0.8423942150033631,0.7521158827319095,0.8034454874284922,0.2618368602081055,0.25454002024696365,0.5565593718828475
2024-12-26,0.7484916176091144,0.7438554289468058,0.7668357813990277,0.7429182933187456,0.017032986918633877,0.7588455378355298,0.8181134921966268,0.2597850462735887,0.3120766682519606,0.24694834621175976,0.48644517568049395,0.8340247811330707,0.7513599663386196,0.7987572107953178,0.24978531693765857,0.2480184418801776,0.5462945440378004
2024-12-27,0.7421186599095629,0.7461335772462525,0.7629855458736458,0.7376832796830245,0.023279443127088573,0.757614463431958,0.815660417353134,0.23988769079963818,0.3204713424585429,0.2507320673649937,0.4998703927743991,0.8220320642400732,0.7528615726616114,0.793329522586788,0.24659795274390692,0.24019151140166242,0.5363744920138616
2024-12-30,0.741819784076159,0.7290991257839847,0.7467386947460303,0.720792070863611,0.02783962424750979,0.7542212454994995,0.8130838370811951,0.18093225969961457,0.3168630756962969,0.252870385923666,0.4863878954258878,0.8096028529046199,0.7534267900349875,0.7872095903807037,0.24588923816911687,0.23141161785788913,0.49119320750637874
