,Open,High,Low,Close,Volume,SMA_10,SMA_30,RSI,MACD,MACD_Signal,MACD_Diff,Bollinger_High,Bollinger_Low,Bollinger_Mid,ATR,OBV,Daily_Return
2015-02-23,0.006752169504397804,0.006916970518819621,0.007132589121024768,0.007746138802293842,0.19798364237490104,0.004222962493144633,0.00425062209702351,0.47671357927112695,0.4937497582093103,0.43715109585681255,0.6246349960440258,0.004797552262640753,0.004326934217813869,0.0020674989077884565,0.020014600479637268,0.14947401185399795,0.5318503934568425
2015-02-24,0.0076564553646144146,0.007137489573134453,0.007678110220253331,0.007625706854581624,0.14139334981485618,0.00463825155007469,0.0040569091572345145,0.4682474807889106,0.4968837898174991,0.4410434824292503,0.623844929335423,0.0033872416345598344,0.005293411576123647,0.0017990131638148804,0.017049423587170334,0.14330548758647862,0.5043219058141652
2015-02-25,0.007254576333180274,0.006716495595967445,0.007435682220090001,0.007425069877720833,0.1764394913112806,0.004984311416571241,0.003897214265923016,0.45348394484156523,0.4991260510941431,0.44467057037720537,0.621105110917977,0.0037434689297987656,0.005257150646947539,0.001968277093929341,0.01374763857230496,0.13604147097910668,0.5011849212551399
2015-02-26,0.007334948828576784,0.006997170651529772,0.00761752061265035,0.0075655308677220895,0.17017302475508073,0.005389400680738121,0.0037591062847556755,0.4629770470405518,0.5011458473873597,0.44803450462364813,0.6183874437629788,0.0039946328171644035,0.005659029039214281,0.0022962376734056156,0.010986360690288327,0.14310960678998752,0.5145112545118433
2015-02-27,0.007616305509149476,0.00693704335320483,0.00715281060686683,0.00714412123972058,0.20804825140204872,0.005607241830388965,0.0036341050405256786,0.4291853306603675,0.5021417967065667,0.450953591544294,0.613793372087911,0.0042255527102472434,0.005864956578782637,0.0025179378637505967,0.009641003210985807,0.13485754547717466,0.49255643994980924
2015-03-02,0.006691899546009475,0.006916993150822906,0.0069305510456850045,0.007204332770577082,0.19333903887629958,0.0056727321842072465,0.003544577838827473,0.43383456933465164,0.5030327202307991,0.45349276370885067,0.6098698785235459,0.0040017901509652315,0.006906037722171604,0.002908607963703874,0.009001074142077736,0.14264981781011177,0.5113793268850847
2015-03-03,0.006470839587107521,0.006195215461986217,0.006001082047290857,0.00600025321543439,0.19196939621716255,0.005611341320657312,0.003360197709308635,0.33943332068455495,0.5019713844938339,0.455281197150606,0.6021167747016452,0.003810752959109154,0.007598635610035029,0.003146373158858809,0.009320914749829004,0.13490035855094978,0.4617932509344907
2015-03-04,0.005365578472113414,0.004952170502471487,0.0055767762158265705,0.00555877900114686,0.145118090683775,0.005515160065888827,0.0031499848471201602,0.3081213760969013,0.5005144178684392,0.45637849292218713,0.5949791888154503,0.0036065853626092576,0.008191041677515096,0.0033283475035712218,0.007241391451369969,0.12861540420252549,0.4914619724479518
2015-03-05,0.005486132682561692,0.005012300316330612,0.00545551696439199,0.005659093046577621,0.12516534882159194,0.005435346868750121,0.0029759495305531763,0.3174858215885696,0.49956107912999226,0.4570381421542337,0.5904594818185273,0.0034085916535945004,0.008736780088428,0.0034907855638733887,0.005432328876198829,0.13427666433139332,0.5130254193548556
2015-03-06,0.0053454558540158015,0.004751651449311528,0.004101738712432176,0.004154009153147925,0.22711002275449663,0.0051283789585260114,0.002665271838418262,0.2167613819875353,0.4966515824019492,0.4568999749480526,0.5822201923180247,0.0033719521610628966,0.008820815820229547,0.0035125701863413517,0.007042927757476149,0.1254287592649176,0.4489337698560966
2015-03-09,0.0037177208234036724,0.00479177205289677,0.004182576244960212,0.005137342715147639,0.19477583619261205,0.004862342519438331,0.0023854282929414578,0.30729395069906446,0.4959031983048196,0.456618161067545,0.5807367100546234,0.003276990964426754,0.009080172345265633,0.0035893122948797707,0.008416615152776516,0.1332659438303212,0.5489656601059494
2015-03-10,0.004039239403011957,0.00394968967201062,0.0038592743712239502,0.0034917800597182025,0.2498403124721816,0.004440778270176637,0.0020599888178168546,0.2102905521921426,0.49298931413065544,0.4557258192314924,0.5744316048539091,0.00328519942621186,0.009064826862662634,0.0035861309011221837,0.008960994817493378,0.12370752236446111,0.4429273194972888
2015-03-11,0.0039588316151785985,0.003267986578801202,0.0034753403379754327,0.0033914126982919623,0.19561370767109212,0.004029439186296918,0.0020334814166927395,0.20490835171592786,0.4906850618256884,0.4544845793974453,0.5708284306475605,0.0033586825769466033,0.008917996410106918,0.0035530356773095934,0.007699357258853658,0.11584414713305938,0.5049066750976761
2015-03-12,0.0019894547065577722,0.0018244534824098657,0.0014951959870777853,0.0014649191768607434,0.4125170034030232,0.003407318883951335,0.002041956939151948,0.11291795433147905,0.48619839835438605,0.4524647401655945,0.562787601283763,0.0037224134281576005,0.008301411503498599,0.0034430053940014277,0.010122938783805116,0.1012006845991122,0.4300410977032643
2015-03-13,0.0007234516804392604,0.0014635973270933633,0.000990085521672457,0.002187386459144708,0.3970183332214089,0.002901847384272349,0.0020186303393487925,0.1785577978683271,0.4839497225181302,0.4503342220117307,0.561644586880482,0.0039390987803703675,0.007769616695132001,0.0032971827081441085,0.010789141121596402,0.11535968083414905,0.5393264039856451
2015-03-16,0.002270846591793177,0.001804453243698656,0.0023438800392051318,0.002548628986285925,0.21949421610993378,0.0024270740348632247,0.0021198436296119144,0.21061351260117506,0.48294870613775426,0.44840070828414214,0.5636791106420728,0.003971059812738251,0.007310097641001503,0.003089684627058581,0.008361055910342696,0.12396952665973034,0.524039851170536
2015-03-17,0.002069860371435625,0.0021853680809192644,0.0020811884518601442,0.0028295509662884383,0.1913821834009305,0.0021037362546793975,0.00216967732048938,0.23589510555161813,0.4828184536876637,0.4468240868681117,0.5673648445208628,0.003924234975378457,0.006960807717123957,0.0028946350985578073,0.008056292296553205,0.13170063048475383,0.520648824329328
2015-03-18,0.0021904655828107328,0.004190314997489758,0.0024449179441412977,0.004434993335145132,0.28915780251220885,0.001989136290981991,0.0022532791596722723,0.36608063423613985,0.485320328803605,0.4461353853591463,0.576534659552275,0.0038064296980174495,0.006868537857631876,0.0027877733456100617,0.012769890435346334,0.1424880605467664,0.5752720674555184
2015-03-19,0.0038583993184080623,0.0037091234904654685,0.004243207357701187,0.0040135659351451525,0.20860579123022646,0.0018213308517969762,0.0023054915529314435,0.3386506172092458,0.4868742968529739,0.4459400755188291,0.5816300632069789,0.0036833021357414175,0.0067437258674352685,0.0026622357776394934,0.010261246863923296,0.13421857133505077,0.4919515523699411
2015-03-20,0.004461236008569444,0.004490998927100184,0.004788718046647197,0.005197518702007159,0.5055340122721232,0.0019277445212671218,0.002356603889354006,0.42400426166140254,0.4900294699918311,0.44650594136053146,0.5894909526351712,0.003479425431766936,0.0067546369087580355,0.002560558892554299,0.009881554007179966,0.15176961274476375,0.5571957145234047
2015-03-23,0.005104296524287497,0.004791737819968889,0.0053746724470915,0.005157380643435919,0.14900212864645887,0.0019297879232465648,0.002409095637520106,0.42108021680222957,0.49260250717324267,0.4475475162769418,0.5944037428419536,0.003153691002933237,0.006830690320186988,0.00242671983935637,0.007457371444010832,0.14536324891574792,0.5074053702624942
2015-03-24,0.004903347185845286,0.004871941201926189,0.005314070625883904,0.005237665646577655,0.14327992716062302,0.0021078275894631376,0.002467865894970653,0.4270500608355025,0.49486727955279647,0.4488991069394123,0.5976053683777454,0.0028290994551703336,0.00692677667604677,0.002303257872396172,0.005632858250566794,0.15159074489720153,0.5122399123250815
2015-03-25,0.005184693280530436,0.004390772491318376,0.002667142605565165,0.0023479209214312124,0.28349728960680165,0.002001415732322931,0.0024091207515572616,0.24174425708915054,0.49249569587351383,0.44943760320221215,0.5892082987899012,0.0025144498563823142,0.006727314679649793,0.002040768768526227,0.01045863168094674,0.14098025438581374,0.3930938315487606
2015-03-26,0.001768433488818305,0.0017442880501489372,0.001616457363060611,0.0018462351762872087,0.23684588630872713,0.002040301082985016,0.002348167123124939,0.21646335897587993,0.4900315932782001,0.44930444945654663,0.5822719678275377,0.0021283138469329055,0.006536703439301975,0.0017450806148524567,0.010064988507888409,0.13182802012673353,0.48819209178003303
2015-03-27,0.001567470774400892,0.0013834012922360611,0.0014346135241793956,0.001364614017429211,0.21268426535147658,0.00195639745722756,0.0022210445178814237,0.1924944626983663,0.48755260107690956,0.4486305679707775,0.5766877103740773,0.0017923014732100923,0.006285813219933073,0.0014462795190701844,0.009151032056122624,0.12343104363775023,0.488903665074977
2015-03-30,0.001527267979887767,0.0016039329752799425,0.0015962438205788798,0.0013445316591447348,0.21774663328715801,0.0018336075746430425,0.002038992552620189,0.19146546844544415,0.48576913529193844,0.4476832870513794,0.5738642324723854,0.0013369696640026518,0.006154728382785288,0.0011433272212671985,0.008485175672161858,0.11487582475578852,0.5081727080605373
2015-03-31,0.0008841993056802194,0.0005814143367892932,0.0008486328430712675,0.0007424963245730026,0.2164777226137842,0.0016207766110429983,0.001834533905434657,0.16021435676829726,0.48369484665579626,0.44645072695113097,0.5709180688602217,0.0011328763462082198,0.00581724718502577,0.0008715006692928823,0.007013784145767886,0.10636027020956487,0.4837216915242428
2015-04-01,0.0005224988265793429,4.010875362470134e-05,0.0003839282249784165,0.0008629282722852211,0.2319240746322502,0.001256509172052639,0.0016377775164043984,0.17247872568254158,0.48247912130942006,0.445186439957761,0.5705904157249219,0.0009241687142496763,0.00554425074546766,0.0006287247215439051,0.00540375106909094,0.11535865566362535,0.5141135580750166
2015-04-02,0.0006430587965470524,0.0,0.0,0.0,0.23678263599208513,0.0008472189271421376,0.0014130121548690533,0.12722889410534444,0.4805033529862982,0.4437228230063221,0.5685318754994254,0.0007147591667332753,0.005169972845691914,0.0003361490505715964,0.004944633785785378,0.10620839851912654,0.4725465693155766
2015-04-03,0.0006430587965470524,0.0,0.0,0.0,0.23678263599208513,0.0008472189271421376,0.0014130121548690533,0.12722889410534444,0.4805033529862982,0.4437228230063221,0.5685318754994254,0.0007147591667332753,0.005169972845691914,0.0003361490505715964,0.004944633785785378,0.10620839851912654,0.5090162641843036
2015-04-06,0.0,0.00208511233023298,0.00012123991105578158,0.002528528856002951,0.25034006806046416,0.0005750441266314382,0.001251265043658606,0.3487711659881712,0.4829435899706277,0.4431104181600963,0.5773225980580672,0.0005855788405938617,0.00513670058584291,0.0002521115582251876,0.0104898208765377,0.11578244163106192,0.6170192947543612
2015-04-07,0.002552182281429144,0.002345778885665728,0.0024044988281886476,0.002488417455429437,0.1690181208252839,0.0003028720446155986,0.001067812893314521,0.34621864426761945,0.48503728197265467,0.4430996704300106,0.583536091441242,0.0002748447571749163,0.005190249778631306,0.00011516185995395778,0.00954552003343466,0.10875040646790823,0.5073549105257547
2015-04-08,0.002250725379088589,0.0019046763770090985,0.0018589289050275487,0.00226765369028796,0.13734611041787378,0.0,0.000880859970213338,0.33146315238959784,0.48656985801515173,0.44344182769715274,0.5871806471297581,0.00019558293583736563,0.005145812762841193,5.187440541962185e-05,0.00897333405092346,0.10270839312477688,0.4998681615142609
2015-04-09,0.0018286957874765336,0.0017643113035938768,0.0022832231079659426,0.0023880412080039687,0.14492443539331548,4.091334783726253e-06,0.0007051082177254447,0.34165100719319136,0.48814719477830454,0.44407655319553424,0.5902020869501587,0.0001261602571703685,0.00511417972916027,0.0,0.006735872027637729,0.10898729408534702,0.5140181829478999
2015-04-10,0.0025923462787277723,0.002425948932142652,0.002606523341209227,0.0028696801388604504,0.16286956535319447,0.00010845888377949975,0.0005412608288906801,0.38283229197467156,0.4902730399447132,0.44507086852619165,0.5939156789339733,0.00015501639881132512,0.005231955438036534,7.262628085984157e-05,0.005694119785289865,0.1158271341841305,0.5289986896579015
2015-04-13,0.0021301126654720837,0.0026464576563499653,0.002566078060936852,0.0029499118260067347,0.18047579855476933,0.0002701223368816591,0.00039491668374153077,0.38978680801152793,0.4922139164151382,0.4463105225681504,0.5964493653450763,0.000188304023996555,0.005276933699024197,0.0001120489178454559,0.005518925824718621,0.1232173199923825,0.512325798707172
2015-04-14,0.002933973154111827,0.002586341720568347,0.0025661145566222565,0.002729210262859952,0.13337149175481366,0.00041132730373527604,0.00023877093296233165,0.3706912650648844,0.49354507168293604,0.4476069027672714,0.5970351933735754,0.00019675357626142143,0.005286976395852155,0.00012138498772872042,0.005173429566947656,0.11729954755319379,0.49992110274496937
2015-04-15,0.0028535834558400947,0.0034484519402731006,0.003152073558547311,0.0039533277462909105,0.15757215611739886,0.0007387573248677781,0.00016734971184105552,0.47622330320854384,0.4965087400297751,0.4493222915920004,0.6013624210467237,0.00030330751339985307,0.005291434627972755,0.00017948435855125178,0.005888463820742575,0.12397379820357905,0.5595956283167488
2015-04-16,0.0032354171420307387,0.003207874160041785,0.003434960742736637,0.0037526641114324216,0.11982577270803499,0.001033443075256088,0.00010433084141646398,0.4571854544551461,0.49862176067346614,0.4511782024789659,0.6028136345044796,0.000207031060444951,0.005322686982403929,0.00014420787010889502,0.004785370185543536,0.11847944559949702,0.5008447128883645
2015-04-17,0.002672705564403355,0.002004900291676187,0.002101365935071625,0.0026689809600049796,0.2750459540880788,0.0013056169696018388,0.0,0.3617637690314585,0.4987452835496212,0.4526912014478659,0.5992722803398661,7.904267428543443e-05,0.0053178882069359334,7.469269372940845e-05,0.006685978791732265,0.10813313176853584,0.46478116755775084
2015-04-20,0.002793315871023175,0.0048719593347224255,0.003152090748691147,0.005257748004862159,0.3037045944717661,0.0015839337561953937,3.8511600826102166e-05,0.548154941350768,0.5027109918096753,0.4548092187453852,0.6055204859718264,9.276147234535403e-05,0.005309515700808468,7.780655465197683e-05,0.01180222047838532,0.11937527377544968,0.6160587786135594
2015-04-21,0.0053454334829332595,0.004831827595474458,0.004869523341548526,0.004715879771150691,0.14718817203461435,0.0018110830322910637,2.3805936857676513e-05,0.503279958240211,0.5050364803568745,0.4570358592149283,0.6066422700287647,0.0,0.005362499148440628,5.498091582954723e-05,0.010886068625680048,0.11302561163992282,0.4872842288704393
2015-04-22,0.004682309183444366,0.00479176656819312,0.004909973450448399,0.005418291353147878,0.13977382936157787,0.0021323746920005465,9.102567258077732e-05,0.5461762245778399,0.50788077895195,0.4594681365080805,0.6087659431451556,4.3180966039071955e-05,0.005335197904758365,6.431928274799881e-05,0.009791616083550087,0.11914351201062937,0.5373654048437819
2015-04-23,0.005124400959401587,0.005754109518734743,0.0054150966796951,0.006120640733150384,0.3056708203644155,0.0025130129071155305,0.00018625376070924293,0.5865351667167884,0.5110990474950163,0.4621505124865006,0.6113487872341976,0.0006022361920379193,0.005133658559498891,0.0002593692706558265,0.01017681813077878,0.13044711543132073,0.5371320984008304
2015-04-24,0.010690934837187943,0.014836404152990507,0.011173713574586977,0.01521132008058819,0.9664742087073043,0.0037715727304673125,0.0006658924937099769,0.8614053073154482,0.5269131950480291,0.4679157432774443,0.6431863529589983,0.004257449873265692,0.002618764844793356,0.0009503454838570846,0.03484723474862943,0.16240648919272557,0.8699876250860337
2015-04-27,0.013845957776205634,0.014816353401469529,0.014345986363191413,0.01553239789116044,0.40670500208491783,0.005054693248830858,0.0011315259653335574,0.8667741811755656,0.5395152672992081,0.47541212120050436,0.6610644282981786,0.006753027235822245,0.0014359233411052191,0.0016828213132754205,0.034052081697568695,0.17686827686458137,0.5205590889085852
2015-04-28,0.014951223488729945,0.016981663496793198,0.01531585649244685,0.0178000515814484,0.41828215263472707,0.0065915680464462695,0.001663677839939412,0.9020928425691273,0.5523206314354034,0.48433994354955007,0.6758473839562201,0.009357170081110158,0.00037867515962548837,0.0025335733229773644,0.036969759098662514,0.19169194973130038,0.5902673930567314
2015-04-29,0.016840201047612677,0.017182134442755653,0.01693227722110567,0.017599352402592916,0.3173455794275612,0.007983144730094455,0.0021790250131518973,0.887981487903728,0.5615082971613039,0.4935849511442335,0.6791230510631839,0.011369825771874384,0.0,0.0034050744516773007,0.03541366484897471,0.18002341001299674,0.5019904127964981
2015-04-30,0.016800018433194286,0.017643274439925888,0.017134339794781087,0.016756515374591427,0.44947549089273525,0.009309234684584139,0.002608946944065313,0.8279358977393694,0.5668122714186494,0.502194859716338,0.6725641930881107,0.01285179981749826,8.995763352148689e-05,0.004226774478932771,0.03476086970330633,0.1642246779341369,0.4794510248295872
2015-05-01,0.016558891489065836,0.01632004865538761,0.016730253718731075,0.016796671205161165,0.24810366180289953,0.010749930039760991,0.0030549744139801716,0.8287652845213409,0.5703119399783784,0.5098837437798747,0.6630524969139796,0.014045580292463833,0.0005854897677411014,0.005095164043745326,0.03135171987892932,0.1737288141798853,0.5104370229932294
2015-05-04,0.016136842116818956,0.0162999615547645,0.0162856947522607,0.015953798633162708,0.20985830367335975,0.011840678080773034,0.0034302819955146224,0.7661230463783091,0.5710591274990846,0.5162058572899022,0.6489374477227904,0.015010388858253773,0.000970115711338107,0.005789251820833952,0.029465688822427172,0.16542017321769345,0.4792067405026949
2015-05-05,0.015031597461599724,0.014876490276121451,0.014527828874236579,0.014669478504874475,0.33737172289177325,0.012855713321079695,0.003762177638482675,0.6765784014201734,0.5689919113830231,0.5207904313967406,0.6309933574841786,0.015632028773927983,0.0015919712036549793,0.006419013883476002,0.029176746700393857,0.153125644850566,0.4631987690859014
2015-05-06,0.014529204489730205,0.014094573568927765,0.011921305748558736,0.012020544359157018,0.3534872788776739,0.01352898935377872,0.003998845503372095,0.5212423310509395,0.5627358361565375,0.5230262840846746,0.60673740736942,0.015821630892462343,0.0024212051766397402,0.006923239296961592,0.0339050885337461,0.14032736721515404,0.4132462596660757
2015-05-07,0.011916779164792224,0.012731245787293025,0.012204199536952495,0.012863408045156233,0.20152019403010715,0.014216594572952879,0.0043657513543094995,0.5527973312448826,0.5584057553152694,0.5238239554028393,0.5918848772735481,0.016013057365328348,0.0033250092272330833,0.007464816799899868,0.03329910306144249,0.1483753707761083,0.5403584505945986
2015-05-08,0.014489006973691806,0.014515599283742867,0.014952139280574553,0.01497049172916072,0.22020792955944987,0.014192035690271027,0.0048236822577279875,0.6241225545039681,0.5574937066309115,0.5242533549859913,0.5880816246777969,0.016373063814177913,0.004219713108132947,0.008090429957556405,0.03486901657937912,0.15700752626499087,0.5866642337285181
2015-05-11,0.014489011434780513,0.014375260140330151,0.014649056810916383,0.014207921932302484,0.1362216603442379,0.014056969991005419,0.005271810315317052,0.5815618992463876,0.5550486257508394,0.5240372773316916,0.5814155877668954,0.016522341052790532,0.0052517480165272246,0.008672470195020696,0.03181775412664119,0.15100066162552894,0.4815327962193243
2015-05-12,0.013082325399853545,0.013914146067071129,0.01272953989848584,0.014167801645729713,0.17775525407105588,0.013686565096756989,0.005719239210514204,0.5792612755570077,0.5524930666304166,0.5232795331094039,0.5758216347564638,0.016511560506560607,0.006475031059803682,0.009263846502368236,0.03337169874726728,0.14369551615309936,0.5075587058679721
2015-05-13,0.015775176257652387,0.01519731615317127,0.015053209883438987,0.014729725579727918,0.21099134329616923,0.013393929997667836,0.006207280914311289,0.6001659191993147,0.5507657040144083,0.522278002141703,0.5733039759622831,0.0165419847981957,0.007583858048117412,0.009820987337627873,0.0330476262565331,0.15203957431600257,0.5294394164883666
2015-05-14,0.01545359072614269,0.01619972051138939,0.01598261112601397,0.01691704983687793,0.2015920338959228,0.013410300773792475,0.006767440521222856,0.6736223379843138,0.552097925131104,0.5217816782702979,0.5785214010799414,0.016650213669430494,0.008861976970621244,0.010501587383405495,0.034086997861567395,0.1600898234885801,0.5880473023249888
2015-05-15,0.017141650053206836,0.016380182201165952,0.01602304184923166,0.016074221694875684,0.16771641369142906,0.013336627750406713,0.007328301460875236,0.6208918385166222,0.5513546025472481,0.521214497468889,0.5777896403246554,0.016235468984442003,0.01072799261109858,0.011194639657024164,0.03304148160046634,0.1530984778316882,0.47924501276311293
2015-05-18,0.015353108433395768,0.01499676780926068,0.015133974886431006,0.015492233174591474,0.13252893506769348,0.013289558824012226,0.00778063038376281,0.5850651954850292,0.5493773178279644,0.5203082184186019,0.574287671064873,0.015924273315501086,0.012146777984956642,0.011723763553900285,0.03103482564642382,0.14720704251142958,0.4882799022846359
2015-05-19,0.015130253173050653,0.01479773206997509,0.014884701109709603,0.015249885317293793,0.16718620424698546,0.013348746800550149,0.008225902882314354,0.569841903518931,0.5469554113774597,0.5190289017101977,0.570435199352653,0.015211993608942334,0.014028599829720545,0.012268372683900824,0.0288307899041831,0.14023227044467065,0.5003292032110147
2015-05-20,0.01478640170111932,0.01503988364183416,0.015067733583370976,0.015249885317293793,0.13964576699208045,0.013678064363289416,0.00867887825912085,0.569841903518931,0.544569257718958,0.5174593374948522,0.5674377263477096,0.014214281891452588,0.016142956338334347,0.012776667065546823,0.02696816795339345,0.1463461677685704,0.5090162641843036
2015-05-21,0.014563913134017906,0.014373959406854403,0.014538971855535016,0.014926710410900684,0.11905271328241035,0.0138884731479577,0.009116376878003818,0.5472482191726253,0.5417629053462745,0.515561405827542,0.5640465772441758,0.012578170814078457,0.018835185864854928,0.013231941740020473,0.024809282024194232,0.14087597989826112,0.49740271066059466
2015-05-22,0.014604345077979253,0.013869450865552968,0.014152551883003364,0.013876394186622898,0.14489866674579466,0.013776900681383764,0.009500422594212993,0.47620268317997866,0.5375896656591297,0.5130879453614684,0.5581029188264311,0.012584486482085114,0.018686985556036165,0.013162925939094322,0.02286598689759403,0.13459788442881673,0.4711449409473098
2015-05-25,0.014604345077979253,0.013869450865552968,0.014152551883003364,0.013876394186622898,0.14489866674579466,0.013776900681383764,0.009500422594212993,0.47620268317997866,0.5375896656591297,0.5130879453614684,0.5581029188264311,0.012584486482085114,0.018686985556036165,0.013162925939094322,0.02286598689759403,0.13459788442881673,0.5090162641843036
2015-05-26,0.013653705400411845,0.012921012848263344,0.012871316871218494,0.013250242250111302,0.17505032694947628,0.013679239659239464,0.009859821208345249,0.43622173855438956,0.5330170232331981,0.5100626519139257,0.5524039742166285,0.012600488818508615,0.018428028568853283,0.01304493826643234,0.02173611438653071,0.12737729111576973,0.48618873493365095
2015-05-27,0.013633503758340243,0.014717014090897373,0.013745833270952607,0.015310478946117645,0.15750968666886353,0.013795766129636802,0.010298806206166966,0.5423171982327963,0.5321353499689206,0.5074406316032948,0.5565686967813476,0.012234347329593734,0.018558040693288813,0.01291622711462391,0.023569508059423747,0.1340495890603956,0.5846257840109866
2015-05-28,0.015008897638907004,0.015221504460181015,0.015311779482334822,0.014987312925723778,0.09463496758616491,0.013822034039428777,0.010683803465338773,0.5207813596819071,0.5306494315778912,0.5050029382811208,0.5584722968425688,0.011851960444448723,0.018692549494109215,0.012781184414979052,0.021898709495622046,0.1293426650537968,0.49741034763028064
2015-05-29,0.014867274140224693,0.014313386509259562,0.013684789014970666,0.013795584909525954,0.22922461358741744,0.013503717319275216,0.011034220555670993,0.44459989741264455,0.5274293469937676,0.5023158138483611,0.5558963469973723,0.011605212132578327,0.018644240465063494,0.01262810401669108,0.02249379373819886,0.12042866089736495,0.46607321774239846
2015-06-01,0.014118940921655401,0.014717016168584243,0.013745835314440624,0.01454295076168298,0.16923598302705084,0.01334756334911548,0.011448526516282198,0.48456728018592227,0.5257397634428519,0.49977942507804535,0.5574530393659638,0.01131243728230652,0.018720341132761276,0.012511586446559683,0.024088997455340974,0.1274675061218546,0.5362861341064342
2015-06-02,0.013855979844487193,0.013869457244610181,0.013745818602944465,0.013916789939172142,0.11192807267695645,0.013186904832951332,0.01175065737449442,0.44455742586896413,0.5232480340031862,0.497180040444256,0.5568024622010631,0.011153110697488477,0.0186758936364404,0.012406272895339465,0.022994382841810906,0.12222002434340636,0.48634791566865804
2015-06-03,0.014745954063254824,0.014656482307728633,0.014152577108602654,0.0137754225772483,0.16271495346806955,0.013036543975365772,0.012066762489099686,0.43540130228982693,0.5208693884055207,0.494556140232876,0.5565492824828184,0.011134585300412947,0.018601107685659868,0.01236005011533585,0.02314324189157238,0.11538501719137742,0.5038646518436632
2015-06-04,0.013572820544806241,0.013486057967567161,0.01289168021387338,0.012785708867793608,0.16071046503819228,0.01278525537096363,0.01232382605264333,0.3726037504695197,0.5173584980210041,0.4916534945571576,0.553670594519535,0.011020576499348761,0.018804761660952338,0.01239960919621258,0.023526769917607673,0.10861266748540366,0.47289591611270265
2015-06-05,0.012601965664116255,0.012194580296569571,0.012159557880073002,0.012341355589752037,0.14269271434439096,0.012521609395034189,0.012540878924378676,0.3456994515542862,0.5138027777136339,0.48851759243844045,0.5512616853148142,0.011090271559250311,0.018674513611961444,0.012372619032565244,0.022165669564521595,0.10240352693808855,0.49262785017474797
2015-06-08,0.01258175333635611,0.012012983011766593,0.011813844580919247,0.01151325154849199,0.116795223585965,0.012280623886200367,0.012411846102063445,0.2973134366657508,0.5096879430514161,0.4850671225700762,0.5480130498735316,0.011272661938201506,0.018112153465107875,0.012193879372827149,0.021392443230035446,0.09700390497216003,0.47832892341892363
2015-06-09,0.01148949208598464,0.011024147144862245,0.011386733530477658,0.011351632994298116,0.13463415548333396,0.012087009962856915,0.012265971062324063,0.28798487397014366,0.5061623744812509,0.48149986182248855,0.546806915456099,0.011450417557056627,0.017618436108954125,0.012046208951851711,0.018957188418768034,0.0910466634678092,0.5029734133816807
2015-06-10,0.011550209110086349,0.012820160249247065,0.01185451430748831,0.013290682432656742,0.16595711784705294,0.011881037761821214,0.012108630379456836,0.4249091048968156,0.5062288229633618,0.4786612610618626,0.5543320055549524,0.011435356870540994,0.01754171846597255,0.012000861801667845,0.020989089641714684,0.09798301604875165,0.5816436002072857
2015-06-11,0.013309860523939232,0.013001731401345945,0.012749306887007539,0.012947274105992057,0.1576049525778799,0.011673001317012002,0.011946310296139823,0.4023826318567451,0.5057511888614348,0.47628106596566944,0.5590660982571825,0.01138258052623628,0.017409656739191162,0.011908708883945587,0.02048386189842334,0.09130774022784269,0.49641878679264323
2015-06-12,0.012419937643267098,0.012093693658592447,0.012281591288228533,0.011998000579082804,0.1309242511084423,0.011489689583071908,0.011780276435824882,0.3424412498053209,0.5039614711959167,0.47396730331135667,0.5597521659973923,0.010966741830729779,0.017335756585192444,0.01165439355014565,0.01866547813612056,0.08546646503677897,0.47406593947623776
2015-06-15,0.010862480163953595,0.01043894724043569,0.010491911563182438,0.0110082602116304,0.20372848903583093,0.011129233473893399,0.01157830748886425,0.2855592301464898,0.5011046351867074,0.4714624588751812,0.5577788071599437,0.010777689036386595,0.017002418354450488,0.011392482839740092,0.019307616704132793,0.0773494333272295,0.4722034802269814
2015-06-16,0.010660208719320788,0.011629532768035578,0.011061338707085033,0.0117151947672412,0.1554380435818108,0.010904722043989415,0.011430414334708441,0.3375389618681746,0.49994016881133074,0.46919207587891737,0.5602001607289779,0.010559862616104532,0.016836557661570245,0.011197209580010442,0.01984247739453178,0.08395697466710883,0.5355935601578008
2015-06-17,0.011428844386161693,0.011286511386572995,0.011183396307473156,0.011998000579082804,0.16819586670893769,0.010723466398338183,0.011337201260497962,0.3580810159636914,0.4994909935356304,0.46727296826869913,0.5638278869343439,0.010325267728453366,0.01674435858095763,0.011029086816985334,0.018928523893023436,0.09096330734070425,0.5195671884703532
2015-06-18,0.012419911501459796,0.012759586081279403,0.012830654764391311,0.013512832413679815,0.1990729533837358,0.01079761606449163,0.011389270100680637,0.459116006285516,0.5014197082839913,0.4661791005461124,0.5723503866169305,0.01008117051897113,0.016822844035968024,0.010939281009834559,0.018815726679445144,0.09893481365353347,0.5653595021611826
2015-06-19,0.013572794875074831,0.012820113623306192,0.012464581681622344,0.012260528540656596,0.44253747776478064,0.010789373588036985,0.011368234459154164,0.3775425189673574,0.5011188989039264,0.46523516115129193,0.5738987413983103,0.009838509874907614,0.016801362029289668,0.010801439143090091,0.01877240751266418,0.08335295395807844,0.4631853106130314
2015-06-22,0.012642398999076584,0.012598151035470892,0.012810318032616008,0.012523118704225109,0.10271226728178251,0.010892356516977508,0.011282840841938924,0.3949741717076138,0.5013032071466953,0.4645221916342805,0.5762840365589251,0.009746630136930126,0.016756813003518556,0.010731474666624663,0.01738297676045021,0.0883123628193693,0.5187556065290976
2015-06-23,0.012237886738857076,0.011710264920328756,0.011712138938779787,0.01187679554943663,0.14627221374546512,0.010945910865973796,0.011201503296746337,0.35345069415096325,0.5005284462511393,0.4637744991372243,0.5759254419359012,0.009717993574197503,0.016642118289120336,0.010660467336176621,0.016338055666471243,0.08199133223203983,0.4851118637134445
2015-06-24,0.011307450567465752,0.01164970919775199,0.011569761604937515,0.011331426232024253,0.2165066147337318,0.010746112366794472,0.011102536627632581,0.3195287015655108,0.49915961409703413,0.46286306519357245,0.5742344349359333,0.00933584846496363,0.016631559367033505,0.010454749916781275,0.01561309669950356,0.07347487455940246,0.48870507427518023
2015-06-25,0.012035603582315493,0.011266306369827131,0.011468083005496038,0.011351632994298116,0.1050384733716167,0.01058339413768164,0.01098466839004937,0.3211430738581795,0.4981729250278224,0.46190809787698894,0.5737848527446786,0.008957738362237733,0.016653034857744275,0.010266784904256754,0.01408130390344911,0.07850699730140946,0.5097732768599107
2015-06-26,0.011267024557156058,0.011710265212140858,0.010512261423663655,0.010563915819588057,0.3332026680701469,0.010437150893663566,0.01076299515558038,0.2710521171017963,0.4963083927508141,0.4607173948814256,0.5713503397268384,0.008870502065579641,0.01640451422174148,0.010099707292249502,0.016890690491900423,0.06634278763490085,0.47951222018882467
2015-06-29,0.010033246382082917,0.00959145035786435,0.00914972075035167,0.008766313717146423,0.2101878300143836,0.010208524568686941,0.010508007995823285,0.1747243597408515,0.49229175999545893,0.45884555944704014,0.5643160808638525,0.00885809273723083,0.015805939444708567,0.009801054584941418,0.017352755318922095,0.0580238461498281,0.4411066927320337
2015-06-30,0.009365755829231631,0.008562282083427436,0.008295548528103769,0.008321942667106369,0.22474086891879444,0.009862491887139127,0.010257822577956946,0.15390164330788197,0.48862543747676096,0.45650899237054826,0.5595166578939962,0.008922954273782785,0.01514352794367363,0.009511800426874134,0.017045970906900146,0.049249997449278105,0.4918921482697743
2015-07-01,0.008860083399439181,0.009591417571377256,0.008620924449055073,0.008927870069345631,0.16538317978863465,0.009549410081945833,0.010037235138031855,0.20924020645810654,0.4868203856715602,0.45422662265975217,0.5600763703350239,0.00878427750160711,0.014779153601909095,0.009261181482124514,0.018907641204016612,0.05616840954605597,0.5324824106268561
2015-07-02,0.008900536570635526,0.008622803250249195,0.008539582329053233,0.00882688068797255,0.11390913506363295,0.009071552147020906,0.009813123981661453,0.2037670310139234,0.4854542628392149,0.4520880670183381,0.561561581337339,0.00875494182816304,0.014391341191412915,0.00905650967315405,0.017937797974629743,0.05085900258621234,0.5051315782363522
2015-07-03,0.008900536570635526,0.008622803250249195,0.008539582329053233,0.00882688068797255,0.11390913506363295,0.009071552147020906,0.009813123981661453,0.2037670310139234,0.4854542628392149,0.4520880670183381,0.561561581337339,0.00875494182816304,0.014391341191412915,0.00905650967315405,0.017937797974629743,0.05085900258621234,0.5090162641843036
2015-07-06,0.007848753896332383,0.008077943234043053,0.008315861938597069,0.008806665039699443,0.1239198641914189,0.008719338514297056,0.009599583664577152,0.20260111196998526,0.4845664198667224,0.4501740249125357,0.5638801999168148,0.008731231328929293,0.014042408617913463,0.008873765821648269,0.016055948964017006,0.04523667452842278,0.508237767682887
2015-07-07,0.008617358448327339,0.008098129372217891,0.007034637207557121,0.008624884153227902,0.22857024611400986,0.008321809384371714,0.009416348239072059,0.19155859663409153,0.4838257467323062,0.44847327589406505,0.5660829415636106,0.008766400023645787,0.013698624947321048,0.008724436941255506,0.018233660016744604,0.03634312496482078,0.5020143768330461
2015-07-08,0.00881965069997434,0.008925519899047121,0.008478587516016059,0.008503732439577166,0.2547301085562842,0.007977835509607636,0.009250733256092575,0.18390018937794278,0.4832980061813218,0.44699189449951415,0.5683484167705738,0.008791760660704945,0.013369675086865832,0.008577200200526547,0.018415925678090556,0.026631855455642672,0.5043402278961174
2015-07-09,0.00944665647590999,0.009571249494711484,0.009434411729474096,0.009069264089267184,0.19724884548650426,0.007747147659352402,0.009032965099373569,0.24862863968756194,0.4839532450945892,0.44595675167892507,0.5729568562824618,0.008479930684974574,0.013257828544336464,0.008358952454093252,0.01925974335951121,0.03454634276029703,0.5308734203345785
2015-07-10,0.009972526051610489,0.00940979857786349,0.00957675811835336,0.009251036089739498,0.14290901480994453,0.007532935700356916,0.0088328152148313,0.26908377914096665,0.4849633273636157,0.44535981150596293,0.5774823063743475,0.008178002817467847,0.013190966064648327,0.008167856582585648,0.017835407222682412,0.040762244551304117,0.5159973626575876
2015-07-13,0.009911863063785845,0.010378426127819515,0.01034957624653457,0.011129474127275815,0.1640900622039534,0.0075906094752506426,0.00873978941072491,0.44725532623678016,0.4887357713066098,0.44574564574497394,0.5876317123102804,0.008075493052968827,0.013209197575871065,0.008122953679010253,0.018904753085620868,0.047640235638862105,0.5810136348716323
2015-07-14,0.010862495955931029,0.011064521918871598,0.01108169944306163,0.011291048251473493,0.12271966991143396,0.007848073593839086,0.008626324190936674,0.46022893255053604,0.4921038946476207,0.4468251640365301,0.5947955954504899,0.008102049246160717,0.013210595944656803,0.00813757384867686,0.017689790515863085,0.05322504733724895,0.5150826594326993
2015-07-15,0.011327733946031565,0.010923299813847223,0.011325773688718899,0.011573854063315112,0.15199675783562103,0.008179692815570724,0.008544574589505124,0.4834463680875392,0.49529519592081306,0.44841916090660294,0.60010876994414,0.008084496878383737,0.013214498772762123,0.008130266520285812,0.015396349488747282,0.059725018998606605,0.519615755381109
2015-07-16,0.011995183369625531,0.012537641423064988,0.012423953443404107,0.013391671814029824,0.1492020308817719,0.00863489662655477,0.008531184777062772,0.6099120086271672,0.5005696552520968,0.450901505918567,0.6092830074849642,0.008339896760925225,0.013087484492263407,0.008202319461158736,0.016149199196143132,0.06613763148605253,0.576939151891601
2015-07-17,0.013087373999607507,0.012719224218265934,0.013013685225860827,0.013310844764934396,0.17415389036299436,0.00909215652582765,0.008549507792528555,0.6014103610709443,0.5046231306923343,0.4538150870256912,0.613736511901323,0.008295369580966008,0.01311397052488214,0.008191876679714188,0.014333787623617492,0.05894505950065311,0.5060544087058089
2015-07-20,0.013289645398161548,0.013425514039674319,0.013379753705505093,0.013916789939172142,0.18324944206973778,0.009613270245005343,0.008604477769075414,0.6387850369187087,0.5086840698903885,0.457075365213736,0.6173169565773314,0.008618073654004077,0.012942396433512748,0.008277505558049958,0.0136906713216262,0.06642194544462306,0.5312397968666662
2015-07-21,0.013552581430574154,0.013829104512953189,0.013461102633476413,0.014643922371057577,0.27812491703276365,0.010227071953039832,0.008713712978880059,0.6802950623691932,0.5128828493988945,0.4606445481081955,0.6205071080736732,0.009052020558662013,0.01270040562246312,0.00838715131766496,0.014074771617534329,0.07686450326070131,0.5355139250191941
2015-07-22,0.01084227203100828,0.013021940551054559,0.010857998947383402,0.011129474127275815,0.40595693043870734,0.010494836448701736,0.008705961422800071,0.3788207591645734,0.5109022447770339,0.46304660019982435,0.6084537984291171,0.008983269769901547,0.012695173454297895,0.008348514726126174,0.021974952237101233,0.062426099240314475,0.3819203159713448
2015-07-23,0.010498415874363703,0.011609362916383717,0.010654612807738148,0.012280753074928957,0.20903448782080017,0.010822333526041103,0.008670723018147586,0.45202537821174155,0.5109662786020454,0.4649828970762377,0.6036438047129501,0.009084700699504733,0.012686661261391216,0.0083975950179236,0.023484552271546374,0.07070898889530408,0.5522417074432522
2015-07-24,0.011792906989002969,0.01179098646269812,0.0120782056598384,0.011937389178260469,0.1965343511688815,0.011096278972879028,0.008635486163744321,0.42860645479794984,0.5104328299345535,0.4664098460004394,0.5983836157350414,0.009141104979539419,0.012688055718835203,0.008427878670646483,0.021145187460296547,0.06281683566277299,0.4962838286210348
2015-07-27,0.01185357958015909,0.01116541599664124,0.010959673459969357,0.010745696706059613,0.25407027500612983,0.01105714261452366,0.008591790839623081,0.35196782608274707,0.5081894232226268,0.4670379642979298,0.5901338524060685,0.00914948955732342,0.012698295361074877,0.008437276760480242,0.020444828065246418,0.05312619160817866,0.46466304291146854
2015-07-28,0.01112546218608626,0.010418801156612312,0.010024201010692319,0.010725525487782717,0.21211813597412518,0.01099947246428977,0.008581925673775581,0.3507102123351829,0.5063552247866728,0.4671206721963586,0.5845012357299367,0.009145090933806527,0.012910564773852162,0.008538568203058206,0.020346467051625877,0.04474691151514004,0.5082557508737577
2015-07-29,0.010761364259642095,0.012719236717512947,0.010980007064054553,0.012644323733871296,0.2637881785939064,0.011108635438241352,0.008614344795221981,0.4763002658328433,0.5077148327979393,0.4674980073630006,0.5875439398423563,0.009258746115581376,0.013246214825513192,0.008762035732289147,0.02436425591680373,0.05474132335943305,0.581376446333393
2015-07-30,0.012500833956310395,0.013970382710546125,0.012342596421963364,0.013836025092071394,0.25466763910774887,0.011153949123112933,0.008678477054626321,0.5406483782836893,0.5104916290462934,0.4684353913819892,0.5933277322133909,0.009557154803480586,0.013445240059571512,0.009015787833057037,0.027788415516074083,0.06445064016285176,0.5530344573297817
2015-07-31,0.014584182381242511,0.01390987092320653,0.013501831153621913,0.013472489977126023,0.18769726680545298,0.011170433169857288,0.008677069428347256,0.5139724621562827,0.5120593005127847,0.46954408621836935,0.5950969103744637,0.00972611076491578,0.013755661634900176,0.00925596629339731,0.02728817661514464,0.05683472156881163,0.4957572674924055
2015-08-03,0.013957114840543683,0.013163183653307861,0.013400099872309598,0.013694622186150598,0.13244616304838416,0.011147777233586453,0.008727107752119864,0.5264807478929714,0.5135233260923224,0.4707661086280532,0.596267278193548,0.009866917799561836,0.014122025249168377,0.009508674161961453,0.024861106737387242,0.06272356955393904,0.5171491825136061
2015-08-04,0.013491929861962071,0.01459594436784771,0.013867867283966717,0.015169102698194575,0.20489510598722813,0.011201333394912694,0.008819431293335928,0.6035473400426339,0.51673171640076,0.47247801990183386,0.6013265073356959,0.010180352453156377,0.014478200442695932,0.009847010908861378,0.02555123969464157,0.07087706804354554,0.5628745303401042
2015-08-05,0.01597975495830005,0.016008497627130053,0.01561683100435507,0.015249885317293793,0.15457440345580992,0.011621519367273805,0.008937124972858562,0.6075151375396566,0.5192200278382929,0.4744170402719059,0.6036719310483218,0.010372660373711373,0.014986020946108472,0.01019578768076361,0.025210796790400336,0.07745761322630099,0.5119216956769097
2015-08-06,0.015433626536697997,0.01471699550691391,0.013156050687589377,0.013310844764934396,0.1577626879354316,0.011726564727657887,0.009006190745336179,0.4587589751696813,0.5181445800340339,0.47572212249736834,0.5971250618080076,0.010247104961387185,0.015570348447144722,0.01041507782177252,0.028390480743170035,0.0707774068233495,0.4393352623676704
2015-08-07,0.01276376266515164,0.012719233714658704,0.013013694689955307,0.013553237052228273,0.09369245978138818,0.011891343575884394,0.009083009004043352,0.47314751286995643,0.5174982411165915,0.47661826289437315,0.5929017969665212,0.0100780205339088,0.016207906659497368,0.010637502037613794,0.025700692238108377,0.07545486938180314,0.5179061986992614
2015-08-10,0.013896443252459131,0.014151986289562726,0.014193242855259677,0.014744929524429143,0.12427828265239033,0.012299172176718234,0.009228892725178295,0.5404829093376482,0.5185919216190245,0.47758548213801133,0.5936358495213603,0.010255191717927034,0.016400369729503206,0.010824421439713447,0.024613631735822816,0.08108840108888732,0.552610337764412
2015-08-11,0.013633488455345275,0.013042098444810177,0.012281566128256469,0.012886689363167461,0.17236023632192382,0.012519560556064971,0.009372660666196853,0.4147254199824479,0.5165498326583958,0.47789189159809314,0.5868114688109555,0.010220726817348785,0.016606458060784327,0.010906916243216838,0.027774682955816463,0.07395189616760504,0.44188616583125717
2015-08-12,0.012359234728601148,0.012961392966518659,0.011895166436920457,0.013553237052228273,0.17973163124909225,0.012612248544921767,0.00955519072831322,0.45332932666211173,0.5157882765750453,0.4779627244230393,0.5843785982865662,0.010229674596504326,0.016806512071834256,0.011009250539777415,0.02923800529968218,0.08131882036849804,0.533573058393975
2015-08-13,0.01411893467781393,0.01336498089975044,0.013481454896128814,0.013533039175953665,0.1207432927333976,0.01258135103836125,0.009715874058518481,0.45197496380250396,0.5150284363869619,0.4778454886509737,0.5824363575122657,0.010239319602914146,0.016811115299013205,0.011016559246389612,0.027039627466720687,0.07579578739857463,0.508277392600386
2015-08-14,0.013046927356190882,0.01336497374881479,0.01354245601517047,0.014078381835368317,0.11173363651839024,0.012643137895997678,0.009899109173973727,0.48510228594122934,0.5151105317249124,0.47777048891328977,0.5828725416994414,0.01030378936040531,0.016823092545266163,0.011056240988946225,0.024814293691905104,0.08103719138034672,0.528970066007534
2015-08-17,0.013613289304670026,0.014071279991023103,0.013644158761058345,0.014724740534153777,0.10881553240368383,0.012748185974876633,0.010105602368217254,0.523150986021734,0.5159999261029058,0.47791404178069885,0.5851295999626815,0.010406477775357234,0.016798252119944304,0.011098012114724456,0.02458783352307077,0.08618737959433222,0.5325303301588965
2015-08-18,0.014298700516298224,0.014662058922008572,0.014534813684046258,0.015253341970998521,0.1281373328356601,0.012756776418675023,0.01033688218696617,0.5532886712493488,0.5173384586904362,0.47833522946218326,0.5879968179077841,0.0105089402591141,0.01675262426062736,0.011129519168396981,0.02348711167011347,0.09194153969970413,0.5281163583253629
2015-08-19,0.014176548050842772,0.013951131444112821,0.01371597845625648,0.013911484997625304,0.18991493222845704,0.012620290758920794,0.010525569218829217,0.44995359423407894,0.5162621095418767,0.47842583924918003,0.5845828409017441,0.010465569432147867,0.01709396179848363,0.011273349405918356,0.02394662509832156,0.08425630005120484,0.46079727511043855
2015-08-20,0.012730989729893685,0.012712043219290675,0.012405813337752758,0.011979988658621446,0.22702725073518734,0.012484574433215587,0.010627130074964325,0.3293853362275498,0.5124386427925491,0.47762326328575055,0.5753586439275215,0.01048120431239953,0.01704528875242567,0.011257799855808187,0.024249934720397076,0.07541098231986033,0.4386260605063154
2015-08-21,0.011163290618185148,0.010701096422777237,0.007103819475087564,0.006714181052447782,0.4910770201448354,0.011787150010560507,0.010538614255848136,0.12071654449080621,0.5016015472769311,0.47450095342981263,0.5514020566867719,0.011491608005056192,0.015405450211335936,0.01098775947840852,0.0346559677548791,0.0583118458405195,0.31311978888754144
2015-08-24,0.001288857285905387,0.005033912100530502,0.00024604987260143374,0.0038881489418587517,0.6371040413047995,0.010680011257794733,0.010285950299551191,0.04962715496609954,0.4889819473136473,0.469114900747075,0.528023705964741,0.012787434301101283,0.013285555039719038,0.010633223579842754,0.049010468722948244,0.036648113195619086,0.3975612091070816
2015-08-25,0.005605108050035876,0.00615110479792369,0.0016176007589030483,0.0014280600520094056,0.4954772119260424,0.009511497952448253,0.009941811408453585,0.0,0.47564792802754036,0.4617543470893761,0.5076324425459652,0.014176890861044289,0.010806513461082898,0.010152543696012553,0.05925299972905683,0.01941143300434961,0.40875791551694
2015-08-26,0.004464980694180207,0.005338618769884049,0.002989181116672082,0.005982285724969227,0.43918755358707384,0.008739437253057425,0.009746710685575338,0.22976985940517686,0.47222446133649626,0.45508238701912446,0.5147437549272573,0.01434519245876642,0.00991981950474427,0.009808115671158593,0.06580070318606762,0.034888578853456115,0.7001682475691183
2015-08-27,0.006948872314835042,0.0075933185128603115,0.0068172647585301865,0.008401721168291368,0.34185390582418285,0.008216162330455773,0.00957260157714615,0.32452999035674374,0.4734643274190558,0.4500285828840402,0.5314549363067964,0.014184030865477468,0.009517469774449255,0.009527161620097549,0.06490469441003315,0.047323213858821433,0.6052399217232953
2015-08-28,0.007294993387602838,0.007999573187178102,0.007758931881437531,0.008462714667081067,0.16462417598893042,0.007643495074508233,0.009403440864182641,0.3268349371370725,0.474874312892463,0.4463082381417938,0.5452259711568209,0.014020859499738775,0.009162251586599182,0.009268155740410983,0.061109417654911485,0.054217900580622425,0.5113762879146124
2015-08-31,0.007620718162867426,0.007552664147484858,0.007165240346855603,0.007629101306291658,0.21299895519847326,0.00691990513870136,0.009184051146794131,0.3004223387479346,0.4750855132638257,0.44338029905658344,0.5534093818980926,0.013826342491950458,0.008728905994422803,0.008954567710206307,0.058017462332310976,0.045811087336376066,0.4767832581913868
2015-09-01,0.004790701912315468,0.004830770991244154,0.004217405638795579,0.004172767497545513,0.3320594771619505,0.0057899446214775135,0.0088186921345145,0.20385114755866557,0.47049696440980265,0.43998778226379104,0.5486115486562112,0.013614479223528736,0.007791892597454136,0.008386056091279667,0.061504946958009954,0.03368261218526472,0.3741124326443722
2015-09-02,0.005177537125485784,0.006435459706325128,0.004667766424389763,0.007303784874081468,0.23821943330839765,0.005116113109659454,0.008685206376379886,0.32481848461827195,0.4718904679707962,0.43759269523630406,0.5589123048189019,0.0130749749205403,0.007530321475772095,0.007975241911401101,0.06289124755611306,0.042877781562230044,0.6361904622029448
2015-09-03,0.007315338527590046,0.00765424448762532,0.007533738225239173,0.0075884567457636665,0.16492481021000668,0.004668279138275902,0.008521483007481609,0.33504210316651256,0.4737677999517823,0.43610628418120045,0.5682964739584211,0.012750494209117835,0.007273081247743091,0.007679393884077151,0.05886937241703477,0.049781865680498194,0.5201682665334262
2015-09-04,0.006093716803795918,0.005744824769109563,0.0053228300419866925,0.0057789296323407235,0.23405974890405165,0.004572905276484643,0.008306602344933758,0.28206934120786625,0.4729221579273403,0.4347236161314788,0.5693678590716345,0.012391188014321125,0.0068359309797705325,0.007277461420518494,0.05883896155303861,0.040716722098287805,0.43835632794896523
2015-09-07,0.006093716803795918,0.005744824769109563,0.0053228300419866925,0.0057789296323407235,0.23405974890405165,0.004572905276484643,0.008306602344933758,0.28206934120786625,0.4729221579273403,0.4347236161314788,0.5693678590716345,0.012391188014321125,0.0068359309797705325,0.007277461420518494,0.05883896155303861,0.040716722098287805,0.5090162641843036
2015-09-08,0.007091385280394116,0.007694875315164704,0.007369978885043246,0.008381381116028902,0.1976010170026222,0.00503111030580837,0.008224106763584246,0.3759967793975199,0.47644295993060626,0.43442327563669036,0.5805453801556519,0.011754312995441496,0.006846707832404181,0.006948465337572235,0.059366350072092094,0.04864221778166086,0.612761632588083
2015-09-09,0.008944083387166374,0.00850734572908761,0.006776283601641342,0.006714181052447782,0.2054073554652178,0.005570171528137005,0.008084143134117316,0.3260899965482124,0.4770638193147078,0.43432509721034,0.5826331684338453,0.011348214350628757,0.006629554721247363,0.006629346046596235,0.06047328072331484,0.04047270710482717,0.444492525544447
2015-09-10,0.006724906279021975,0.007268309841781451,0.006448777755876073,0.007161502254235841,0.18898648004960075,0.005690424148840148,0.007892836801195763,0.34233676300315113,0.4785161111826126,0.4345789355552818,0.5862685511468806,0.010785190048970758,0.006557929950249855,0.0062988927245165305,0.05872309121415967,0.04812892466397717,0.5266580344231085
2015-09-11,0.006765609146361595,0.006862039665016417,0.006837706812972799,0.007547776641238749,0.15592374354417293,0.005603341696411274,0.007673427550667258,0.35688920507306804,0.4805134577052422,0.4352391321168961,0.590465134255033,0.010172107899777474,0.006583192815814709,0.005989454058704435,0.0546902730304932,0.054751648291135935,0.5241730012023124
2015-09-14,0.007356009472688246,0.006557315612347986,0.006673910189054874,0.006653169781659626,0.12877686381504047,0.0054188102644382174,0.007435488171379054,0.3268484199179244,0.4810308536789166,0.4358857040178384,0.5903244283003252,0.009357165028099385,0.006672994026009696,0.005605569860150858,0.050760392051769604,0.04897749736055204,0.4740668276950958
2015-09-15,0.00686744324081788,0.008283957489424468,0.007124344835001684,0.008564379384396442,0.16958659280695537,0.0055141868447243225,0.007256483996056898,0.4010881388314245,0.48451031259635036,0.4371992934325485,0.5972129181013709,0.008348634188706947,0.0071049569606269625,0.005287078578599655,0.05100061159053475,0.0560273021461164,0.5844444553085456
2015-09-16,0.008455475365556672,0.008466740199441963,0.008680108702635955,0.009214950046822115,0.1265607601282498,0.006028372026635934,0.007048731999458074,0.42510350243445466,0.4884163754739717,0.43914413225148957,0.6037320199138544,0.007070103500618458,0.007840186153406245,0.004974893118090559,0.04684031632838957,0.06173218083988512,0.5341430278839809
2015-09-17,0.009106975394926484,0.009726106107619828,0.009171406736235385,0.009113285329506712,0.19993112743298982,0.006212898927784219,0.006834614059519614,0.4210006626198421,0.49150559132898614,0.4414070216020266,0.6070166230882751,0.005992524856208187,0.00849069386598035,0.0047268257200455965,0.04532307785833391,0.05373384923168595,0.5051180653499477
2015-09-18,0.007498559569321522,0.0076745446308754545,0.007636082940626732,0.007547776641238749,0.437123719181088,0.00620875050460816,0.006633529374706071,0.35876965202315486,0.49176625144724156,0.44327698947460653,0.6029588052084556,0.0051846121805043666,0.008889983637778737,0.004497679919790276,0.04391420675620704,0.03832121589910603,0.4489210755227576
2015-09-21,0.007742898534972009,0.00864957111140037,0.008188818332656389,0.008828675659819207,0.14846411052094838,0.006519753567388653,0.006468680214834391,0.4120101311567433,0.49399501205959323,0.4452830526116897,0.6043643017991013,0.005377031032600829,0.008907053237420762,0.004606999500406328,0.043038215779279035,0.0447107620497689,0.5590569031751862
2015-09-22,0.007254271001970125,0.007796440939008345,0.00759516572446918,0.008401721168291368,0.16336854007337037,0.006521827778976655,0.006247353306038025,0.3942659929235755,0.4952280141544877,0.4471700961050296,0.6031351502624064,0.005364255660323794,0.009398914072222653,0.004840351631527254,0.04105174712963926,0.037855324713732125,0.4925747471577251
2015-09-23,0.008374050039748185,0.008040186186035636,0.00800457669666961,0.00834071878350244,0.07793610312456564,0.0066876967436471785,0.006088735527874881,0.39160863021547915,0.49620514197135496,0.448903362810153,0.6015470512763944,0.004567878027438271,0.010987561848687044,0.005197736772560094,0.03834289296417023,0.033670383365446394,0.5066558966276936
2015-09-24,0.0073967563412473125,0.007958912676641797,0.0075132477496568095,0.008422016790557652,0.1619606348770055,0.006816239867547758,0.005909697247070217,0.3955285588581123,0.4971799925119138,0.4505130868922423,0.6002711895768156,0.0045986724620821345,0.011212887596588617,0.005323871110276698,0.037062221267968404,0.040481811595430434,0.5121640824397415
2015-09-25,0.009493813873993867,0.009177673450230961,0.0085163340221662,0.008483019175346579,0.17350967417497382,0.0069116128231740265,0.005733492201714471,0.3986671545099871,0.4981120938079049,0.4520141930021183,0.5991494592198793,0.004607606233595324,0.011211892507303992,0.005328074225292995,0.03655210985159735,0.04765424630268589,0.5113760951374519
2015-09-28,0.008170451130347464,0.00787768481308293,0.007390442739004327,0.007161502254235841,0.15968206174167948,0.006963450895740575,0.0054921487852196554,0.3332496543893951,0.49696634046218535,0.452952853229963,0.5933409120047871,0.004529512564963881,0.011158033585613666,0.005260801414679661,0.035522824477724965,0.04091404301527646,0.45792929343516353
2015-09-29,0.007233892578941636,0.006821424944785326,0.007062900477791581,0.007466460862185054,0.19989520750008202,0.006851488778234854,0.005238893253825677,0.35082892452690334,0.4965983037942711,0.45361955011543076,0.5905322650479191,0.004522842367629662,0.011147977920715382,0.005252392887611798,0.032344613785938364,0.04891125181766395,0.520982311060794
2015-09-30,0.008272240127670374,0.008304238493635235,0.008311632169222483,0.009133625381769192,0.21703760504628208,0.006843195556542572,0.005025364408585517,0.44089180801589084,0.4988476410775667,0.4546677057753159,0.5944717041523748,0.0042476819256370285,0.011969377185944013,0.005508869731538718,0.03149238674356873,0.057444307489256344,0.5742070303950992
2015-10-01,0.010043522568724622,0.009218295334143811,0.008495862362144044,0.009845216200982249,0.16783510564364618,0.006917835457938115,0.0048834843610500445,0.47591113443222594,0.5017163080976577,0.456162772339054,0.5990870870165782,0.004535290209651682,0.011929309635299618,0.005640261982837305,0.03156531628134304,0.06443936328709116,0.5363259296489024
2015-10-02,0.00906626458282317,0.01088393039245529,0.008843872508960654,0.01179702593425086,0.2707621116547688,0.00735115991602002,0.00487710043481962,0.5619956678717537,0.506861923629424,0.45853648506504247,0.608161129305514,0.005312394539462431,0.011539459327064405,0.005857845426689615,0.0356457879337448,0.07465177032060061,0.5833357561459871
2015-10-05,0.01207950883294509,0.013565195780610606,0.012487728166484219,0.013952156216151007,0.2124336066892286,0.007873635601129025,0.005129647502326418,0.6399116477948716,0.5140319260832535,0.46207642925047526,0.6202051511613457,0.006492455805823527,0.011136262913596678,0.006280402050531167,0.0373975773134909,0.08304091157772427,0.589348888258159
2015-10-06,0.013260375869966062,0.01415426213534196,0.013552222582258688,0.014196130211309776,0.15502340261715755,0.008464530365199438,0.00548931306937199,0.6480496783619358,0.5198948923716553,0.4662502216945985,0.6267510921228291,0.0075443244652949465,0.01062108568934185,0.0065810251546372656,0.036801765023817434,0.08963549183312548,0.5179036803795565
2015-10-07,0.014828067059847183,0.014499572650023274,0.012999505005615697,0.014297786042625923,0.16044496988191714,0.009072012478819391,0.005938362905138939,0.6516195615472793,0.5244576575185054,0.47063352014540905,0.6289147234526444,0.008391615640599662,0.010513277090387227,0.006973098283693191,0.03896481996260365,0.09639954253962175,0.5127098490716778
2015-10-08,0.013728637175491595,0.01484487802373173,0.014125397615255914,0.015619311849735917,0.20777494756470663,0.0098059689417416,0.006274617538824523,0.6968571483734805,0.529744225180902,0.4753500776144034,0.632356389226753,0.009439593739151472,0.010282263034199962,0.007410367877423579,0.038627476467231456,0.10464306076473719,0.5569815682750064
2015-10-09,0.015540636314047687,0.014885491055653954,0.014985163615378286,0.0149280344247876,0.1673876682185119,0.01046321038551526,0.00650233333464878,0.6470302153793863,0.5325767173447266,0.47977158640946804,0.6293093331311849,0.010156881883216812,0.01029271345088724,0.007791927935757698,0.03584486319288889,0.09766199122190417,0.48426977440029884
2015-10-12,0.014583748497076665,0.01393081941726132,0.014125405190078766,0.014704409367890539,0.0984253013760458,0.01123241122829978,0.006720118234059214,0.6307653051686184,0.534142156404646,0.48366707014343174,0.6238769146508665,0.010659409447717733,0.010605185134384854,0.008208177819743076,0.033199198874402924,0.09283658679335302,0.5009531118231582
2015-10-13,0.013728620934320049,0.014052673485195968,0.014248210192724764,0.014480739880997281,0.10013305992538027,0.01194770431775452,0.006959185264619874,0.6138279936042206,0.5346969849216681,0.48691043884076673,0.6171423271982052,0.011125867271849041,0.010730296876840073,0.008514054243360797,0.030495628366400407,0.0879578002711039,0.5009326364992045
2015-10-14,0.01391186830526396,0.013991740437230366,0.014186801656674936,0.014053794275468698,0.13691194775055326,0.012449446948632842,0.007303953556895143,0.580781443653622,0.5341546746817616,0.4893810171038542,0.6091614887422702,0.011478739730047899,0.010863412055469326,0.008764222969210408,0.02798517040001218,0.08192935823300047,0.49354984243069155
2015-10-15,0.014644819501927947,0.013849561751882108,0.01418681015368646,0.014724731648154521,0.15636805749688046,0.012947043874829964,0.007562884860682226,0.6126258901266606,0.5343739913208531,0.4914076739654213,0.6045769793647494,0.01188944279418691,0.011016180471831657,0.009054335299629915,0.025221891661048226,0.08856597047987305,0.5334308081621248
2015-10-16,0.014665185672821865,0.014885508205228201,0.014944245511505444,0.015741298847315288,0.15059666132032304,0.013349267845400803,0.007847353419640282,0.6577154294806347,0.5356959596924741,0.49333155384663757,0.6035155706815959,0.012324490120428841,0.01141628945879708,0.009477941209152657,0.023520269087673976,0.09502217712339787,0.5457481564125402
2015-10-19,0.015479557500734514,0.015576123511932619,0.015189883979283364,0.015964932790211578,0.17353310021817456,0.013554524176119978,0.008202762932515595,0.6673350190736709,0.5367003283185281,0.495100524173142,0.6019157732764424,0.012786134728718312,0.011675800787739679,0.009846886409553307,0.023298356588007732,0.10219534409531314,0.5170118472740272
2015-10-20,0.015520272763084056,0.015433931209947974,0.01518987892836185,0.016269900284160033,0.18457926045543352,0.013766000423108354,0.008478008748897134,0.6808158608564341,0.5375640642402462,0.4967133807285353,0.6003035395675752,0.01318678252766213,0.012078437928233585,0.010253672049091028,0.022660155254881936,0.10971379826313658,0.5198945798437721
2015-10-21,0.016497571462164004,0.015799591733199517,0.015374152081811504,0.015111050465153625,0.14039852384693113,0.013848934452361183,0.008770991896594402,0.5772962546359737,0.5361544427776388,0.49768105071693913,0.5936405044976639,0.013322284409509957,0.012649906428098143,0.010603698867551317,0.022623152856419027,0.10357637083483591,0.4678094137172055
2015-10-22,0.015703510342102198,0.0177495601387566,0.015333175381244318,0.016798510607004033,0.3863157549510942,0.013969185260734387,0.009107245910180306,0.6567926574000869,0.5371667970330777,0.49868688077295165,0.5940345949542183,0.013621307114606823,0.013215672542400594,0.01103676442745126,0.028638767402525925,0.11740081975564133,0.5697442498416863
2015-10-23,0.02541511183962253,0.02814960651592592,0.02589624257181393,0.02663888393839997,1.0,0.015163419152238414,0.009773371871420675,0.8896247997878934,0.5520584246564328,0.5028997408363954,0.6271545551379462,0.01649239045294089,0.012051485749945079,0.011975424433818438,0.06002978479770098,0.1504081618804791,0.8570300994660188
2015-10-26,0.025883389546820207,0.02865742591434002,0.026408023521963822,0.029444611540723503,0.44875553049836564,0.016666576457945143,0.010568609717685806,0.9234292683287066,0.5673061855672333,0.5097597319165068,0.6544922706161268,0.019364939774350276,0.011322921562183771,0.01312746339080044,0.06312655666554282,0.16618438902546168,0.5991595974494798
2015-10-27,0.028855904906863752,0.02875897976033065,0.028618890026622837,0.02830604845798411,0.342296658040677,0.01807643592577858,0.01125743504790061,0.8579436601512898,0.5768570003731085,0.5174335871872706,0.6628972900661827,0.021236276122895623,0.011518105851779953,0.014204872133410595,0.059643461393839844,0.15373591421802654,0.47336665745632256
2015-10-28,0.027939702136103625,0.027966776871810026,0.027144959756353976,0.028895643393618553,0.31106896158597436,0.01958995885243571,0.011944132816105055,0.8664235460611762,0.5843777420018357,0.525293917887107,0.6648230777176282,0.022990955318033482,0.011724591196009368,0.015226570421810415,0.05844640716264693,0.16520825582515317,0.527669654095888
2015-10-29,0.02793969934294445,0.027662090512440687,0.027881914755077036,0.02763510219929903,0.1798932709471774,0.020906515951571072,0.012590395124218709,0.7930364435939914,0.5875006421470073,0.532296909950951,0.6559690846392214,0.024171029717991774,0.012340073499515922,0.01614630928979495,0.05511242014280705,0.15783627899810768,0.4693499688282776
2015-10-30,0.02749180471443015,0.02798711240852482,0.02665367027867345,0.026171267114345698,0.3080938540994795,0.021970129789091658,0.013240205022615456,0.7128274909156354,0.5868432982033671,0.5377488595358535,0.6399510040391709,0.024986031759879207,0.012986319394014928,0.01688945898239938,0.05578239872641198,0.1464569350027731,0.46241756298090164
2015-11-02,0.026534892208610245,0.026707415561969886,0.02665366631238772,0.027391145976138745,0.18054061060762472,0.02313533740467269,0.013887885808752623,0.7394286569599522,0.5871795627434521,0.5421873789220623,0.6294850066048007,0.0259644491804102,0.013357764326937416,0.017584256083959027,0.052515241975391175,0.15384914674325048,0.5483801742916042
2015-11-03,0.02669776172750557,0.028799593586022146,0.027226848231638442,0.02924128210609271,0.22982822463389,0.02445811623240718,0.01461501872699801,0.7767060609367242,0.5892175962286705,0.5462046322030342,0.6251344652628518,0.027129061493107703,0.013699124169893384,0.018362091926958368,0.05411151568998829,0.16278201891908267,0.5680449399958796
2015-11-04,0.029242712072817645,0.029794899495215715,0.029601473475143567,0.029749552376674246,0.2336615061696389,0.025950902480173774,0.015362014678270447,0.7865076882553925,0.5905917624050692,0.5497329355533064,0.620084932767339,0.028203516634391954,0.014180507773410123,0.019160949776737934,0.05145757027878413,0.1718347140020768,0.524960132527451
2015-11-05,0.029873884542102144,0.029429292119266592,0.029478663547491665,0.029708907816146254,0.18978218465031949,0.02726746229780401,0.01610475581557201,0.7840226151489502,0.590622669646861,0.5525626518685282,0.6128704150571435,0.02915608593941281,0.014648667364739854,0.019889383283604234,0.04825238602575703,0.16415362385331628,0.5077471490212392
2015-11-06,0.02905949198175929,0.029998039598855206,0.029396776213519868,0.030806790794360703,0.20057924796154383,0.027692491721863693,0.01688367573869444,0.8066238352282367,0.5912756318972712,0.5549758661636948,0.6085690738508852,0.03009646728514996,0.015319459137393146,0.020710316560508604,0.047251645097820844,0.17217221478376932,0.5433099589654837
2015-11-09,0.029996025360089856,0.029774589264974338,0.028577929359225082,0.02926160438635672,0.19793913289281964,0.02767382925456116,0.01765479139726385,0.710476539463462,0.588520460655422,0.5562758709556287,0.5970726256300144,0.030603087519865957,0.0163167056742472,0.021462924984676182,0.04842136836948996,0.16423615008047346,0.4612250781044723
2015-11-10,0.02901876361543329,0.02827146804754431,0.027984270930633617,0.027940069693247485,0.3757474859951305,0.02763650794461596,0.018369155532898834,0.6350346828418758,0.5834554976470419,0.5561566739820984,0.5824161035968772,0.030763274378334093,0.017570194674741274,0.02215877366895222,0.0466059931853719,0.1507420501565167,0.4675688538030772
2015-11-11,0.028265439584358107,0.02841363782667837,0.02837320007761704,0.028224697134933474,0.2291988449398966,0.027568087053324655,0.019035280253939857,0.6435820166299111,0.5790013157647051,0.5550419029891327,0.5721345122780382,0.030731671361736712,0.019105303079670982,0.02289141075024191,0.043994292635592014,0.15965524882182278,0.51805149615953
2015-11-12,0.027817558604742096,0.02796679445834492,0.027820516655824204,0.02755379530624459,0.2201782565713956,0.027559795643962298,0.019653167110636124,0.6042520775436249,0.5736708054723982,0.5529301104865956,0.5618379722946857,0.030508006266994,0.020704805621692454,0.023554674611927673,0.04187781133065588,0.1510240208681759,0.4877746859593286
2015-11-13,0.026982772066282343,0.026565192182059286,0.02646939092677593,0.026577854895613318,0.23179054618600595,0.0276012581277639,0.020168899055701545,0.5485217564387255,0.5672657360885527,0.5497747701024549,0.5510609405212274,0.030142973211903998,0.022245262746554695,0.024114925632853584,0.03991262437062448,0.1420298093226762,0.47792555931859065
2015-11-16,0.027003158735758953,0.027783964581403753,0.02712448530085064,0.028468688902090714,0.19522249274963963,0.02771114240902177,0.020675409188339947,0.6150940531326583,0.5643089040430478,0.5465737777306778,0.5505894787608695,0.029738080470229827,0.024005189760765544,0.0247613710621825,0.03969284450567319,0.1498809557342596,0.5698001074493139
2015-11-17,0.02791604467315617,0.027785606733037732,0.027853715342065044,0.027568083993024003,0.1904287434426601,0.027540515172158678,0.021141982731082073,0.5641458074979926,0.5599810638572351,0.543022485812245,0.546971830341386,0.029008590188320235,0.025986468508732402,0.025345488278878253,0.037232821174076086,0.14217965508088914,0.48056564379920375
2015-11-18,0.027567619674616406,0.02870585338582836,0.028121653665468316,0.029369311583155935,0.1760506189941482,0.027501739467456446,0.02166785764665273,0.6251283942011598,0.558602892286387,0.5398660348510387,0.5510494712589795,0.02752577636838352,0.029091399554009648,0.02608264179078608,0.03699952988241896,0.14943151609490873,0.5663907251740065
2015-11-19,0.02959678425382567,0.030096381821312065,0.029770336656615687,0.02955349168942252,0.16386282958490614,0.027485890642347383,0.022154048352897818,0.6310924566954124,0.5571726808699622,0.5370135464736652,0.5541885839740316,0.025046327784347455,0.03310882566854516,0.026742075575972676,0.0359749019464773,0.15630240421526687,0.5147870766135113
2015-11-20,0.03012972840929748,0.029360227541341613,0.028719308577329364,0.030065227499707983,0.2341284652974405,0.027410268458137765,0.022682214536794976,0.648172852158682,0.5561998433184032,0.5345089057597018,0.557780911060293,0.025170130988542386,0.03333864571660976,0.026919217877429902,0.03595570781172794,0.16536969577381264,0.5250234487152308
2015-11-23,0.03012972840929748,0.029687418627137432,0.029708539557798244,0.030065227499707983,0.16453984223340773,0.027492219298411502,0.023218183434995904,0.648172852158682,0.5548436503990649,0.5321948059410727,0.5597486840004344,0.02525907600656911,0.03330873998058803,0.026951303783973854,0.033949067456885806,0.17226174634283842,0.5090162641843036
2015-11-24,0.02945329102401606,0.029646483668176085,0.029358155545207987,0.030188005351219807,0.1361482587422089,0.027721456378569584,0.023766240556405846,0.6527320601623505,0.5533831739940344,0.530009271833053,0.5610764206310572,0.02543778866741883,0.033315915897589754,0.027048601141739043,0.03301800161121793,0.17826631655303302,0.5128390578309554
2015-11-25,0.02980176758519626,0.029217071717088858,0.029584872548139685,0.029041800309133253,0.10807683117475361,0.02780478187108408,0.02428920131351897,0.5705263782864389,0.5499909146589771,0.5274844697236606,0.557572698286384,0.02544777631688444,0.033320658018842514,0.02705615746874622,0.03028887710109547,0.17313921908465257,0.47336764806994436
2015-11-26,0.02980176758519626,0.029217071717088858,0.029584872548139685,0.029041800309133253,0.10807683117475361,0.02780478187108408,0.02428920131351897,0.5705263782864389,0.5499909146589771,0.5274844697236606,0.557572698286384,0.02544777631688444,0.033320658018842514,0.02705615746874622,0.03028887710109547,0.17313921908465257,0.5090162641843036
2015-11-27,0.0292073469402106,0.02891032670152001,0.02979095942279708,0.029533036119169923,0.014403893096032731,0.028006618335253128,0.024805891932693405,0.5920698009650054,0.5475325472729533,0.5249019898780286,0.5569770430155204,0.025512452112959424,0.033452156651206016,0.027154280840370776,0.026698192951969804,0.1753382342667934,0.5244537521384477
2015-11-30,0.030724132766278126,0.030709883123106504,0.03022375598041549,0.030392712115732953,0.3832258598529157,0.028395644919380972,0.025317108311871464,0.6286832891602496,0.5463758669703065,0.5225712805261069,0.5595771523714662,0.025493001710247848,0.03392025048224914,0.02737252996502522,0.02734164915395154,0.18906609747897388,0.5359120609705736
2015-12-01,0.030457682254678917,0.031262031436717075,0.030842036139655735,0.032173475249613046,0.2560333774263524,0.02877344683817855,0.02588265596492352,0.6955459733627483,0.5476071633450312,0.5209885156458858,0.5673013991246816,0.025977104163057,0.0339062600206307,0.027619776862095324,0.027317619606801805,0.19881810531205776,0.5642986298646603
2015-12-02,0.032322884435717875,0.03275482266398021,0.032408305991215386,0.03215298413536348,0.31320932106641597,0.02924099986520526,0.02643684773249154,0.6939227372866801,0.5480456350372406,0.5198226552622726,0.5716068968269405,0.026412383552226276,0.03374661618633204,0.02777031214537723,0.027108837624800236,0.18727885912384926,0.5083901563811005
2015-12-03,0.032671370404723704,0.032366319921027537,0.030079520592658227,0.030085718613957577,0.24568687501268913,0.029314056696419816,0.026959343104793032,0.5432093634365596,0.5448470665922,0.5181579215057215,0.566454881968914,0.026440486861166304,0.033752005207402666,0.027787691973137962,0.032757142644270806,0.17785026818216812,0.445839330165864
2015-12-04,0.029863261924848103,0.033306970083027604,0.03042984717007842,0.03358578042496829,0.28735321631764466,0.029725256230896058,0.027545083683903182,0.6720777924698813,0.547025170177668,0.5173246296385489,0.5750414315825711,0.0271557065228544,0.03339356634870373,0.027988126670971072,0.03980436793463643,0.18858128945655564,0.6179735598682138
2015-12-07,0.03328624495290865,0.03277527878779335,0.032882314233395896,0.033381091432453644,0.18385773832485053,0.030063397121827817,0.027780332450669395,0.658831592901848,0.5479411125839156,0.5168676247590379,0.5789274600949745,0.027628068309980672,0.03315830478843833,0.028121218268913603,0.037336378598004885,0.18108538904025342,0.5028391592390812
2015-12-08,0.032630361309642766,0.03304113382173354,0.03226406337924652,0.03334017140594919,0.20078852061413718,0.030397365123129655,0.027916256130705433,0.6560245060848828,0.5480986546686778,0.5165380769749907,0.5802437477246849,0.02812952140858785,0.03305110665587442,0.028332080587758948,0.0377171288616656,0.17306025654550633,0.5077791667997533
2015-12-09,0.032425384940919094,0.03257079474965517,0.0312748221817931,0.03168223055357715,0.22808142267922096,0.030549741291581,0.028034057707572793,0.547082174524554,0.5452815128973219,0.5156296891198476,0.5742658928050189,0.02826834929282282,0.03329822434862548,0.028525550674853434,0.03962447121728356,0.16418198690447172,0.45887530784144964
2015-12-10,0.03246638071185816,0.032141358872127934,0.03230527308721075,0.03227581530287077,0.19218179234218266,0.03087953549708798,0.02815199849681886,0.5717033039790302,0.5434779638421285,0.514490206715399,0.5718793101244876,0.02846764050509741,0.03351305026760433,0.028734993885349724,0.0371693351530383,0.17193808536321573,0.5272324714901513
2015-12-11,0.03107258591174708,0.030996183434086555,0.03024437051554929,0.02979914513843783,0.2528841363520653,0.030906672419074313,0.02822750617484726,0.4309648999364521,0.5379726295932956,0.512318633721072,0.5612206012369613,0.028379403225110636,0.03384578672161037,0.02885107869404864,0.03849431725041148,0.16228451830922824,0.43340984702842555
2015-12-14,0.030293710151318723,0.031221130864437424,0.029564279706284446,0.03200972405560133,0.3092581284465566,0.031071569974910285,0.028431221322513564,0.5244226447207581,0.5365248999518167,0.5102500383807885,0.5622840823374918,0.02825334499421084,0.034556742204376656,0.02913190686758052,0.04140269498028365,0.1737002558581539,0.5780100435785379
2015-12-15,0.03301979877315693,0.03263214933166829,0.03247014876996579,0.032132537451110124,0.25517598424520505,0.03106739527295045,0.028596657716784518,0.5292630197846302,0.5352015197171429,0.5082922845883182,0.5634287762261563,0.028318234780613405,0.03487507407746701,0.02932132820042442,0.039628504453454685,0.18342546280468983,0.5127742828955734
2015-12-16,0.03277384006686683,0.033347879744763206,0.03179005031708314,0.03403609620850054,0.23690601315294244,0.03125942884460779,0.02876395813070079,0.6004345078466222,0.5366101908354194,0.5070484793081874,0.5708019365168705,0.02852483897427624,0.035338057549061885,0.029655725072542383,0.042207284665132724,0.19257957654306349,0.5672007441806194
2015-12-17,0.03445457790293319,0.03445214246012333,0.033376934185016624,0.0331559468696864,0.26640408675132315,0.03157252061761562,0.028882813877028263,0.5499610486275301,0.5360483624480219,0.5059248513374626,0.5720430436138699,0.028693322678701935,0.035557995843184545,0.029851494491876115,0.04317240463380044,0.1825033951450951,0.4825592236899004
2015-12-18,0.033245263720820276,0.03283663826353235,0.03028558954223573,0.02994242299019846,0.6053266137029859,0.03120098301717017,0.028890961676805327,0.39442540301297396,0.5305166137609932,0.5037599165077449,0.5612891555526494,0.028670371841662712,0.03562387566903019,0.029871602278645132,0.04848127458141921,0.161832979511186,0.41167290840483317
2015-12-21,0.03142101314726235,0.031507395148934164,0.03069774646475186,0.031375183735806306,0.23489918211874508,0.03099642715196324,0.0289107940148981,0.45316151477315086,0.5279889572538705,0.5014494725210527,0.5597864388726701,0.028669748548796323,0.03576330960985187,0.02993932714578665,0.0487495451935461,0.17092436257703852,0.5536759437528891
2015-12-22,0.031646498854211294,0.03177325864818063,0.0312542084233913,0.032439548724883985,0.16521373140948256,0.03090458461501193,0.029021678689857958,0.49405699222767946,0.52730181500746,0.49944385342961345,0.5629344569362358,0.028735590730211327,0.03594401767493763,0.030062079788275825,0.04750712796816074,0.17783747795944396,0.5417693618241667
2015-12-23,0.033101771817289835,0.032591232888057,0.033191444010095564,0.033401555888705484,0.15707396226532963,0.0310799157541701,0.029212240593110755,0.5295753417928906,0.5279139294718068,0.4979794507059873,0.5685237605945154,0.028910653971509534,0.03609617374825261,0.030228220669326872,0.04355667476915451,0.1844961557813979,0.5383414438997886
2015-12-24,0.03342974833870449,0.03275485044249178,0.03317086435926869,0.033094553500930865,0.018693982474196215,0.031163407981036825,0.02938215937793605,0.5137664237945188,0.5276702422770662,0.4967521566700461,0.5709724530848083,0.028877124908705074,0.03656153763078997,0.030437748410718668,0.039888395906456584,0.18216303853122942,0.4997366068223368
2015-12-25,0.03342974833870449,0.03275485044249178,0.03317086435926869,0.033094553500930865,0.018693982474196215,0.031163407981036825,0.02938215937793605,0.5137664237945188,0.5276702422770662,0.4967521566700461,0.5709724530848083,0.028877124908705074,0.03656153763078997,0.030437748410718668,0.039888395906456584,0.18216303853122942,0.5090162641843036
2015-12-28,0.03238436640052382,0.0327343702591197,0.03224342393642096,0.033667638249975665,0.11942440650119551,0.031557904176848936,0.029595483280231177,0.5363414491786538,0.5280534745094319,0.4958580304951048,0.5744131774513556,0.02892604737640332,0.036946906993962345,0.030651507750363308,0.03921677693312972,0.1876448450008072,0.5263853740804595
2015-12-29,0.03431110173288708,0.03457483597963951,0.03446921813522803,0.034895754433065085,0.16060036263514876,0.03185221205644992,0.029885711014989658,0.5828903951910105,0.529887092203502,0.4955623833823013,0.5805938501182367,0.02925791072427325,0.037067042952921014,0.030884315484140876,0.038158112992586785,0.19441375306288,0.5460518659754914
2015-12-30,0.03468005606599908,0.03443169932196691,0.034943233086720496,0.034404527509027644,0.11353822271295447,0.032083902125148306,0.030092823998865745,0.5538845360123017,0.5303069356007969,0.4954219538183064,0.582196828270747,0.029496241453919436,0.0370470878760578,0.03099966110691116,0.034626837404511626,0.1891159402934829,0.494359789034804
2015-12-31,0.03379867578298579,0.033225169170405994,0.03315023304276521,0.03270563997215341,0.15749797364726315,0.03194822657686619,0.030272083345207215,0.460047008274775,0.5278378210313681,0.49474451233778527,0.5766509452411762,0.02951851845262196,0.03708167500266381,0.031028233468407038,0.03383388748022745,0.18244400848118694,0.45811142896555485
2016-01-01,0.03379867578298579,0.033225169170405994,0.03315023304276521,0.03270563997215341,0.15749797364726315,0.03194822657686619,0.030272083345207215,0.460047008274775,0.5278378210313681,0.49474451233778527,0.5766509452411762,0.02951851845262196,0.03708167500266381,0.031028233468407038,0.03383388748022745,0.18244400848118694,0.5090162641843036
2016-01-04,0.030273181518162856,0.03038267570184705,0.02896658985176924,0.03131377259505229,0.3639899549126755,0.03176036770716868,0.030339929381609537,0.3920444503820824,0.5235850544509787,0.4932292429723533,0.5679984455374743,0.029409760191324755,0.03732871666362081,0.031091723980853414,0.040555652208492415,0.16931743218997367,0.4666869342195762
2016-01-05,0.03152349613310372,0.03158919475918129,0.03133662801511192,0.03182548174734004,0.21017221265224975,0.031952395841836276,0.030419203545108894,0.41677095609300824,0.5207835390394187,0.49137585420376734,0.5645065851108924,0.02930750895074591,0.03725220472755769,0.0310007163648839,0.03909054782888785,0.1776358854986066,0.5247714197291717
2016-01-06,0.030273188254978656,0.029564708801067277,0.029481821386227305,0.02977865402418825,0.25264519071141767,0.031789586996227664,0.030409204437729986,0.3234026079157036,0.5153872631087102,0.4886581159234003,0.555580188616729,0.029357140472503818,0.036817226919270266,0.030814469994099022,0.041210517006059405,0.16798978754414884,0.44628211196090484
2016-01-07,0.0269526732219931,0.02770379353819688,0.026246195267926542,0.025930589824905287,0.3857519681780629,0.031125824789418846,0.030264938866716287,0.19010001875301902,0.5053698625994066,0.4841912770140178,0.5375167021335675,0.03008373984138768,0.03525097660030593,0.030431393892530245,0.046721703685422,0.15418296179282212,0.3888931304421466
2016-01-08,0.026276308032649118,0.027274386736798023,0.026411108177123027,0.026258127756925695,0.324759141232491,0.030397361498469846,0.03012781777419353,0.20738022616941093,0.49798855364483996,0.47892847088381507,0.5292965100555286,0.030531209248556734,0.03419521225326966,0.030150967240752044,0.04655637768976437,0.1660832388671241,0.5196093106328088
2016-01-11,0.026563263049005276,0.026395058376615183,0.024989081389433704,0.026196716616171692,0.2325370560960031,0.029693942794619954,0.03002854725623541,0.20538026540617754,0.49218451692779064,0.47338987589386194,0.5264483558340572,0.03079462478013678,0.03326798769142569,0.029836677236589004,0.04801878952441169,0.1570656924877994,0.5070362132599132
2016-01-12,0.027075669620083398,0.026906278113053544,0.026225609419478615,0.02717917935024579,0.22591295194693847,0.02903227111036842,0.02994641660354902,0.26091711640287146,0.48921795655244066,0.4682800533477667,0.5308764173849466,0.030939744451886103,0.0328343993227516,0.029701224745863772,0.04720145713426897,0.16587617883016034,0.5407115266060707
2016-01-13,0.029207339982024072,0.028889865897092276,0.024659309521379638,0.024845778151574252,0.4663274055032461,0.028007407604931242,0.02975287326102316,0.1817083004745766,0.48363053295337377,0.46291342073054215,0.5282242628023971,0.031232666139153445,0.03176052725051637,0.02933084803312397,0.05719457674790929,0.1495506799638769,0.4344229236898819
2016-01-14,0.02551789899956422,0.027560652695813148,0.02521575784264697,0.02785463081054604,0.3530882552751545,0.027339470696162604,0.02960218035680126,0.33094430986417794,0.4839120630164097,0.45868454746198706,0.5399742446358319,0.031133811579757337,0.03141367243179559,0.02910967983613226,0.06075603656841308,0.16233648469125062,0.6073255988488131
2016-01-15,0.02410362584011111,0.024595499706824606,0.022680864423479732,0.023515357459224104,0.5048796447987157,0.02640227593188188,0.029300796718706335,0.20040252042792978,0.47797919007142853,0.4539436124533272,0.5346860295569011,0.031144651962761186,0.030287553182494792,0.028565756600843623,0.06978093654843327,0.1448058978743675,0.3711618273467604
2016-01-18,0.02410362584011111,0.024595499706824606,0.022680864423479732,0.023515357459224104,0.5048796447987157,0.02640227593188188,0.029300796718706335,0.20040252042792978,0.47797919007142853,0.4539436124533272,0.5346860295569011,0.031144651962761186,0.030287553182494792,0.028565756600843623,0.06978093654843327,0.1448058978743675,0.5090162641843036
2016-01-19,0.024452068694391774,0.024002462234150132,0.022103813819958407,0.02263521700640922,0.2842359908357319,0.02551726539518151,0.029040834189147394,0.17826224748646452,0.47233361232166304,0.4488587803239451,0.5311345009091406,0.031216248721609233,0.029096100118812543,0.02802183382496204,0.07101391107335966,0.1341723166173747,0.47989253717446384
2016-01-20,0.02137752945746768,0.02338898045217286,0.020125344616235594,0.02310598836019405,0.4381333816430402,0.02462808015652132,0.02867517380842212,0.2004729257007744,0.4689647040204906,0.44401988406893744,0.533674354402297,0.031398754568375736,0.02817565769676697,0.0276683894775252,0.07626077793840261,0.1496165105567911,0.5247265089635202
2016-01-21,0.02346822518084539,0.023797979075391593,0.02259843352531926,0.02247147469839675,0.25789496699270514,0.023882918057732974,0.028294516006827836,0.18295071866583706,0.4657919861807224,0.43942263795512276,0.5361699478442544,0.03142563556975182,0.027203581041970015,0.027208066838487185,0.07491780988331592,0.13980631209207672,0.4879376160017481
2016-01-22,0.02430858640150846,0.02533167583595637,0.024576882734864233,0.026176234387921354,0.23731596890895548,0.023907968081821898,0.02804455227459797,0.3458218585062653,0.46919237418843895,0.4365230762686322,0.553702443800706,0.031030606110451706,0.026964905528296584,0.02688425286696121,0.07721331103317827,0.1489732404619965,0.6328447796815609
2016-01-25,0.025394937702120368,0.025986074600681086,0.02538065666287674,0.025152833855344323,0.21507606436227286,0.023795253847401304,0.027816728891478792,0.3129324661592588,0.47074857390796215,0.4345595890410307,0.5633695653229791,0.030443100009810778,0.026722896736948692,0.026457793120900977,0.07406207225481198,0.1405014997512497,0.4759939878106868
2016-01-26,0.025087453187787878,0.025556594388096432,0.025174526725836185,0.025930589824905287,0.1697318342748,0.023768115113085048,0.02759533160136847,0.3444877793020307,0.4734917332188645,0.4336166167734859,0.5739087292115786,0.02981919256668783,0.0266349408260821,0.026087415489347107,0.07045225973503966,0.14755584457770468,0.5343545590524329
2016-01-27,0.02553840527508637,0.025065836851697762,0.02408227732127241,0.023986128813008933,0.23122051246812106,0.023442498328032774,0.02739250412639753,0.2811706045212177,0.473129099012696,0.43277924410563395,0.5749992879307493,0.029027226100738712,0.026461024604793493,0.025586880492620326,0.06890266517451717,0.13857945147225958,0.44612960647943933
2016-01-28,0.02523091388779393,0.025086240591235473,0.024556241476143117,0.025705427490139557,0.4322050309770378,0.02353016253836443,0.02717253492585582,0.35138804214756764,0.4757268156825941,0.43270387652474873,0.5828687428724417,0.02775904829006784,0.026851236252816588,0.025111739679481104,0.06628275095776796,0.15383833363510774,0.5656521552838903
2016-01-29,0.031113582892133992,0.030975739589219772,0.03022376713488424,0.03190738400234362,0.5969518032587189,0.02394344897073812,0.027164678882979354,0.5431031609953403,0.4872084551341064,0.43527134611729584,0.6101621145444661,0.027153578322019492,0.027237809798902474,0.024982637112873893,0.07652898656191737,0.17424696465314551,0.7100202673868674
2016-02-01,0.03142105664745072,0.03097575623986981,0.03125423368064953,0.031129601374784932,0.28926478144282564,0.02471992450580253,0.027063265610568626,0.5154151473571895,0.49525212164072435,0.4391662483076585,0.6238709088757828,0.026810238971510775,0.02744007216954096,0.024901155761302515,0.07087845496196286,0.16345619058251995,0.48519496624626296
2016-02-02,0.02996575567978882,0.029278434302904402,0.027441559216870262,0.027629504019777262,0.3837912083621604,0.02522922545859249,0.026870437242976594,0.40233334853805164,0.4965059235593485,0.44256912342833055,0.6187895978435469,0.026263178333797405,0.027638082698377572,0.024710678711078862,0.07476769300567643,0.14971065538321682,0.40107355631574904
2016-02-03,0.028080039428032597,0.027499331097078222,0.024576899672457922,0.025910160912650415,0.39352082497153734,0.025515185746603705,0.026729743756183436,0.3536660473177586,0.4950453010786886,0.44495713583992064,0.6083088064450071,0.025412722110162447,0.027926016211621996,0.024404856038084927,0.0788141657196596,0.13566098626188508,0.45428107505381865
2016-02-04,0.02572285291174463,0.02631322988152139,0.02480356423037186,0.02558263186662925,0.3109619826553576,0.0258324513154064,0.02652763032599681,0.3444480450755995,0.4935220504370323,0.44651892459066334,0.599776147041537,0.024932821079905618,0.02799759616614665,0.024187921276974236,0.0782832187752818,0.12419198866337144,0.4984214782135277
2016-02-05,0.025394933337585537,0.024656852021904305,0.021073371345782424,0.021816487694348352,0.4282632087744587,0.025387858696076307,0.026156971011681754,0.24747607678906763,0.4869087551935568,0.4462547932669141,0.580919323118557,0.025055547925909263,0.027429814185637863,0.023975221789372725,0.08400523523234282,0.10905632223394227,0.38681556436010206
2016-02-08,0.020496174693379568,0.019687639119175274,0.018249939821034164,0.020281369123484327,0.40703530929404835,0.024891082755330807,0.02569918211109054,0.21294576351420286,0.47966482346312056,0.4443855942619093,0.5643433080603278,0.025273601083796532,0.02656221122421927,0.023666222776098658,0.08639745347338831,0.09458420963038357,0.45737886403395134
2016-02-09,0.01940983022415678,0.021057747571872037,0.019239161424576642,0.020015268990215676,0.3090363619042562,0.024287857804681845,0.025242820369918387,0.20693567683775643,0.4738761304822472,0.4415653966406754,0.5545220602917368,0.025425349255784505,0.025744227044347492,0.023346641321639633,0.08613280988180236,0.08317540418690382,0.49992948073133575
2016-02-10,0.02119305339854939,0.021364477007624297,0.020990923216952145,0.02089540055703132,0.24263524245173848,0.023972675509116748,0.024797172090959288,0.24182361099799116,0.4709797010256188,0.438646342613706,0.5535011405578145,0.025305764613366907,0.025207182392658053,0.02302176933569869,0.08302810024647225,0.09250860545223763,0.5391502714852716
2016-02-11,0.018712952622794612,0.020791921293222826,0.018909436221835857,0.020854489416526095,0.3257321028934287,0.023477992809423393,0.024307244974077838,0.2407403046852708,0.46902740827303346,0.43586428480914063,0.5549159416107609,0.025340284590534737,0.024747263854646526,0.022815419312808144,0.08319057077786038,0.0805779149857328,0.5076276619989426
2016-02-12,0.021930946530550846,0.02195751561210564,0.021464931548031682,0.022512403610900428,0.21144971287479716,0.022519923629178554,0.02389230558164103,0.3087167814831739,0.470336109932323,0.4339381566502526,0.5637553836238441,0.02496465960510641,0.0245852923872701,0.02253922563750392,0.07955017070333054,0.0889363011271457,0.5653116713783641
2016-02-15,0.021930946530550846,0.02195751561210564,0.021464931548031682,0.022512403610900428,0.21144971287479716,0.022519923629178554,0.02389230558164103,0.3087167814831739,0.470336109932323,0.4339381566502526,0.5637553836238441,0.02496465960510641,0.0245852923872701,0.02253922563750392,0.07955017070333054,0.0889363011271457,0.5090162641843036
2016-02-16,0.024012335822987438,0.023546083644659183,0.022989862918107715,0.024470868957600492,0.2352497918986496,0.02184088801200877,0.02360497836314704,0.38194686614107415,0.4746269301416927,0.43337927950842053,0.5778753947060995,0.02500018065862873,0.024648311939961004,0.022588625676601748,0.07602624373875905,0.09803864375407292,0.5744504218574766
2016-02-17,0.025230326542478726,0.0270062489247936,0.02572977073466233,0.027212688453383302,0.2625629965345073,0.021798382532340912,0.023461883540333753,0.4713280955485852,0.4823576140540783,0.4347014730525254,0.5973017755246909,0.025282076284732197,0.024830065285270528,0.022825281403753117,0.07726096993501855,0.10799475815665945,0.5989196117414186
2016-02-18,0.026964451802365327,0.027377003678962203,0.027078989657212393,0.026738558191885406,0.15626342117058378,0.02188285976051657,0.02328439085798746,0.4541382577072051,0.4879644623539046,0.4370424481331625,0.6078230378289664,0.025482538455517026,0.024999295176577993,0.023013085623813365,0.07321201264427676,0.10136141669193387,0.49386413629149734
2016-02-19,0.026221252739647816,0.025997037987573204,0.025895832802523,0.02597578401704463,0.20610701328881345,0.02192295212290224,0.023151701307845052,0.42599589614503625,0.4914188348081286,0.43970581863836383,0.6111525120154383,0.025581709585722742,0.025263862395824524,0.023194258762646622,0.06882628342253926,0.09317003571059476,0.48453230959046356
2016-02-22,0.026861211169938323,0.027479969570999657,0.02745260186911122,0.027686854258878166,0.1393365432218306,0.02252159278503052,0.02321298079866048,0.4832819944569257,0.496786549377467,0.4430650055666695,0.6183384167855834,0.025744052681933943,0.025249305693446314,0.023272357959583587,0.06744547524740309,0.09927426714098542,0.5643313185327448
2016-02-23,0.02698508496148845,0.02618240764464505,0.0247542037819342,0.024656408621750947,0.16968888652893196,0.022967744914252727,0.023157093694683314,0.3753791598377701,0.4966171972535188,0.4457135960663682,0.6109998744683526,0.025721908520197415,0.025220532228194037,0.02324669272584194,0.06923054350105814,0.09222126479974002,0.41259317632148096
2016-02-24,0.023578799793244287,0.024390527122052516,0.023135157129122563,0.02502747906405263,0.20185440557977116,0.023478873601762207,0.02311629671647769,0.3885637266909869,0.497115379204872,0.44794648567002854,0.6067068067099518,0.025664866324344615,0.02518620638367712,0.023200001810063736,0.06857202577224342,0.1002797153365071,0.5211621439569731
2016-02-25,0.025725799408993888,0.02562631273558924,0.023986203812577322,0.02655301852773495,0.15441666809825821,0.024055818862474765,0.023094448744367224,0.4419975483698391,0.49982914926371946,0.4503538886496225,0.6085090586530437,0.025807366371287332,0.02530487870716222,0.023332710262534223,0.06914987723285593,0.10685532993722002,0.5587752304959944
2016-02-26,0.027521823879169932,0.026820891202323005,0.0250032810903838,0.024903785954618993,0.22497903369133535,0.024468752796679927,0.02309647274973063,0.38292646815134307,0.49957764025660134,0.45222224902473884,0.6029422041003071,0.025763089792650393,0.025267573911061894,0.023291265315754997,0.07024984904992548,0.09807403654596228,0.4559868206638389
2016-02-29,0.02494134343027482,0.02469950813511604,0.024090008962243212,0.024037978618579717,0.19123069498823234,0.024624325915101802,0.022963302312284523,0.3532622069296732,0.4981582219543317,0.4533920798996446,0.5957282805696492,0.02458913284422108,0.02569638979051639,0.022884416278045633,0.06757803923560995,0.09034766803240535,0.4807429434672737
2016-03-01,0.02415681997732251,0.02663550221526624,0.02462963346487186,0.027542527859207105,0.20193249239044034,0.0249375635806678,0.02310381814051865,0.47434937817745787,0.502268914380032,0.45526874475341716,0.6030279669406311,0.02378859788351219,0.026177271420542783,0.02269896422203431,0.06960386382967691,0.0984085594513717,0.6244035189303399
2016-03-02,0.027129594655470823,0.02739759060312831,0.027203528470104807,0.028305319806046364,0.1727701920779369,0.02504898653002373,0.02330165908389345,0.49766800132119443,0.506632238049485,0.4577686956413127,0.6094648286430132,0.02391177367279633,0.026116402724986484,0.022733903965115723,0.06578883911799682,0.10555787900420013,0.5333191870203189
2016-03-03,0.02828565879328944,0.02741818301433563,0.026414753237345864,0.027068388711709968,0.13480360386248602,0.02508262156092128,0.023439914958835045,0.4502006651905521,0.5082020977051438,0.4601279447762093,0.608011759464893,0.02405306958791889,0.026087150346673874,0.022793784457035476,0.06468761226903408,0.09959534078547687,0.4698824273438423
2016-03-04,0.027108929224784334,0.02634715858347375,0.02626943863186304,0.026408683242064662,0.20200823659678938,0.025126767199162445,0.023577291842476825,0.42526026087967755,0.508414577049832,0.46206397350697564,0.6036410354924784,0.024136237082626424,0.026085219283128472,0.022836491394955846,0.06084818158767824,0.09153208171077724,0.48790538413851803
2016-03-07,0.025374829638649024,0.025008401734631466,0.023923911922156538,0.02434715807616837,0.24396896517796765,0.024786195973814318,0.02351347180326256,0.35163994920220304,0.5054990293468421,0.4629455250337743,0.5927511333309345,0.024104123979969666,0.02638782625467112,0.022967327304328003,0.06172732661357051,0.08215719017747997,0.4426407622537074
2016-03-08,0.023805890462827828,0.025688099838622108,0.02396543545472017,0.02562532909298189,0.20826220926328218,0.02488500329463003,0.023529958083469027,0.39987393997308635,0.5050787961583372,0.4635545889187806,0.5899370717768464,0.02394641479026592,0.02712350557600783,0.023243610564005188,0.06304450148651469,0.09041593950751883,0.5509763513191819
2016-03-09,0.026056064468029508,0.027170993547245073,0.026580784733349724,0.028078513561421062,0.1646624385261583,0.025196137751329353,0.02360490333108549,0.48337503623239203,0.5083468607103627,0.4647897908133997,0.5964033866849827,0.023917342087918084,0.0280089086800151,0.023660481106902678,0.06220175919822894,0.09731182226159746,0.5885832255980681
2016-03-10,0.028203072288743553,0.027356380607427788,0.02512781542049118,0.026449923164541755,0.24381279155662935,0.025185624425490855,0.023690869920407254,0.4227330147245964,0.5084629255190112,0.4658045156859518,0.5941264543908155,0.02366496298673089,0.028868696796166757,0.023947650475818774,0.06504994162624919,0.08794181249269872,0.4573838895595758
2016-03-11,0.028347548333112413,0.027624102545975887,0.027660136113738368,0.028552652708918214,0.19608535200753383,0.02555772384821005,0.02379021516037713,0.4905614712857252,0.5115970682307641,0.4673335961358334,0.5994383586143353,0.02350965866401393,0.029851170813028224,0.024345646280444763,0.0629372369712926,0.09581993065258403,0.5766924148397355
2016-03-14,0.027748890800948348,0.028695133338528328,0.02817908321689097,0.02875882566330608,0.13211585583925364,0.026039140292923604,0.023680355820242097,0.49700465942662847,0.5142701770195848,0.46916864578622935,0.6025981942613362,0.023562814924956807,0.030455692447793323,0.024668586919186164,0.06059994691739949,0.10169845370600854,0.5155243863319038
2016-03-15,0.02783150042115365,0.02869516511340668,0.028407442615993442,0.029624704087339263,0.10885535667712512,0.026251473771961922,0.023627847019334722,0.5246671415840847,0.5175220663947389,0.47138093433560324,0.6064940534472351,0.023985820790297332,0.030546756210132545,0.02493504070581827,0.057741038827996805,0.10684988676991566,0.5362974514786651
2016-03-16,0.02927655599070593,0.030775353194684718,0.029777369163243916,0.031191430157503267,0.19152508226445505,0.0265457898070475,0.02375212956803284,0.5724592726110764,0.5222213317873278,0.47422627001625256,0.613031720925769,0.02474631282199398,0.03015042441445359,0.025140742045967196,0.05727721603773926,0.11458545740936382,0.5579921366447362
2016-03-17,0.030845498882054775,0.03159920275855392,0.03102277902702953,0.03183050233691116,0.16444613806060476,0.027031414481824348,0.02395870182498587,0.591261763291753,0.5266364135807582,0.4775130032709366,0.6175901659803358,0.025576639285352545,0.02979691726508836,0.025403996062560066,0.05559460586354677,0.1214745789197505,0.5287143205286883
2016-03-18,0.0323112611526519,0.03153744986118284,0.029881180352459916,0.02941854890494988,0.47212066598679087,0.02733835067627495,0.024092544450487724,0.4831088567430604,0.52629035332511,0.4800631882443893,0.6099836111020696,0.025822240548294684,0.029897500506351135,0.02558198734822871,0.05728722234207877,0.10496799100310349,0.435094502054465
2016-03-21,0.02886368387000944,0.029395417443430966,0.028801800622716547,0.03018129642179293,0.13088286509878763,0.027933296903870947,0.024384408938357915,0.5086431303470711,0.5268881052455748,0.48224014166624923,0.6061291369938064,0.026119955885862342,0.029841586708633183,0.02571095025509551,0.05560389835013632,0.1108079725266016,0.5329043351858215
2016-03-22,0.0296068613988599,0.03005448662119635,0.02990190609003987,0.030614204532812203,0.12462342635554802,0.028442046002201696,0.024744941714809343,0.5233264949248411,0.527733292630684,0.4841751395576226,0.6036303897050758,0.02642857408082583,0.03014082155539652,0.0260189688937445,0.05272628364454038,0.11645229293300653,0.5224811391127911
2016-03-23,0.030639078622835825,0.030033906270653665,0.030483118951876748,0.03040806712242128,0.10123564569202875,0.028679606207495656,0.025107566707589193,0.5133621179387879,0.5278226472501689,0.48574358815769314,0.5998449253018135,0.026659919974243412,0.030462008029368423,0.02629714582924389,0.04823889966077133,0.11153904115410379,0.5026296093169302
2016-03-24,0.03008168779216809,0.030219273903485278,0.030462358293978267,0.030902830674156584,0.09983789178105085,0.029133699060241616,0.025456745458855623,0.531918184771591,0.5283498593575351,0.4871190082744355,0.5978514622948135,0.026992037103076988,0.030565639409618442,0.026522031548009806,0.04469802573503172,0.11640860114163966,0.5243736827465696
2016-03-25,0.03008168779216809,0.030219273903485278,0.030462358293978267,0.030902830674156584,0.09983789178105085,0.029133699060241616,0.025456745458855623,0.531918184771591,0.5283498593575351,0.4871190082744355,0.5978514622948135,0.026992037103076988,0.030565639409618442,0.026522031548009806,0.04469802573503172,0.11640860114163966,0.5090162641843036
2016-03-28,0.030845534616986095,0.030136904284441615,0.029632101582514753,0.02952162649614458,0.07699828052842908,0.029232511818047077,0.0257591587724732,0.4619714228317659,0.5264544929517564,0.4877855583236568,0.5905307486259879,0.026993126624048153,0.031053635686964967,0.026760774361347536,0.04366353806980544,0.11225297478856713,0.46633360871221385
2016-03-29,0.029710112825355864,0.03131089435070511,0.029881185185485562,0.03193361547210283,0.13087193294529395,0.029556266434111397,0.026087883225665395,0.552725852410227,0.528262628502556,0.48873262017897284,0.5934276781300457,0.027142035758432687,0.03172989020198537,0.027168979568641352,0.04551980503892247,0.11809261458855734,0.5844854776992794
2016-03-30,0.032331868286245416,0.03291735561721923,0.03289090103410171,0.03263448977623136,0.12371918108799917,0.02986319447307738,0.02637272787508084,0.5764839569017244,0.5304346467092482,0.48998737206141074,0.5966052852692341,0.02765739104270175,0.03171509119845528,0.027432234504048317,0.04423869383764527,0.12370866957909477,0.5304770836800616
2016-03-31,0.03237319619257839,0.03281441491963091,0.032807910207514404,0.03300560464852924,0.149895441760514,0.030048198016993377,0.026574854017310967,0.5892209180423214,0.5323819169336691,0.49143683866146176,0.5986161625231383,0.028183521575816606,0.031647214605534504,0.027675239695910667,0.04179729097028609,0.1301429571004702,0.5203096480542173
2016-04-01,0.03257961454768876,0.03285558879467375,0.03220593675821026,0.03370650561065547,0.13458027558397223,0.03023950665668461,0.026817979290243196,0.61349110570925,0.5346160395448273,0.49310772796289887,0.6009028611310989,0.028753206159302963,0.03173777645878714,0.028018430997010776,0.04147078338836198,0.13609851439610354,0.5302758361747891
2016-04-04,0.03336410587260767,0.032958582138341116,0.03309850037203306,0.033417906127308786,0.09186366667551651,0.03064734794382784,0.027077649442801874,0.595701936138098,0.5355938505156086,0.49466822766560614,0.5997628346560867,0.0291202922415858,0.032085515161821024,0.028380808514356065,0.038788912252834484,0.13147821729875672,0.5003160863530738
2016-04-05,0.03286860472696232,0.03221707524330661,0.03197758316002107,0.031624338268522525,0.09454594862200208,0.030794504602123213,0.027215035937988713,0.49166504694685403,0.5333623618673924,0.4954059142324897,0.5912653967668301,0.02879286722424111,0.033208485519220524,0.028757039451016847,0.03823923135427923,0.1267740758978651,0.45481045208088633
2016-04-06,0.031155184123923638,0.03201115093399032,0.03145869410884812,0.03277882506190165,0.10951050501863935,0.03101524547963848,0.027498442886290483,0.5391082251867798,0.532978597248193,0.49590823258662614,0.5888346786829219,0.02867209716258924,0.0340961262828028,0.029126875901076654,0.037853892059623584,0.13194598796342408,0.5444639322415997
2016-04-07,0.03220801486614054,0.03141384198327109,0.03150019430424379,0.0314182008581316,0.09417737887564365,0.03111825559352771,0.027721427631587775,0.4657143140358974,0.5303470274267088,0.4957078088612091,0.5815772505826817,0.028646210892784116,0.03447773636090597,0.029299538065071934,0.036870138679960085,0.127253367526513,0.46766374895447693
2016-04-08,0.03179515921959107,0.03217593035746283,0.031687035112198794,0.03133576544317357,0.11715129944261635,0.031162404856428724,0.027888306997819717,0.461343463047217,0.5278646112412212,0.49497932775605474,0.576123843738625,0.028260988682135613,0.03540954484601218,0.029552136594760386,0.0363947856906128,0.12184261513775582,0.5064804980707793
2016-04-11,0.03142355472090427,0.03190816614561644,0.031645502246902935,0.031108985856545993,0.11127136259922882,0.031324278539801034,0.0281048185225323,0.4486643112735867,0.5253150070975924,0.49381302366830976,0.5716023145613732,0.0281420852558555,0.03580820080183669,0.02968429927166641,0.03526484049098498,0.1166156611786034,0.5020352531478766
2016-04-12,0.031175818109925563,0.031146096138421037,0.030524622362042175,0.03180990459067071,0.13883678763354798,0.031311662911260835,0.028375996174947363,0.4838790637638813,0.5241064982683747,0.49260339310460916,0.5711548690572064,0.0280448599722867,0.03623595345487399,0.029842040354383356,0.035279740155872125,0.12270427096291875,0.5306365191638202
2016-04-13,0.03272413801922075,0.032505463351931,0.03287017449000876,0.03325298198139727,0.10661582694713367,0.031374734710807206,0.02857524505465109,0.550788688136366,0.5250542214294646,0.491852590820832,0.5758933262362855,0.02820156359532272,0.03645178473416631,0.030029622680842902,0.03385386616856048,0.12778569952535093,0.5532519136854974
2016-04-14,0.032930561798728164,0.03279379594956057,0.03324377857009657,0.033273579727637725,0.1070773199981884,0.03140206192743464,0.028748597331417894,0.5517143902125303,0.5255879772630814,0.4913741078708025,0.5787056496227464,0.028399284281578216,0.03645972666252263,0.030137270019830423,0.030777121843678173,0.13288155370158078,0.5096396759666572
2016-04-15,0.03309572378009404,0.03349407548102133,0.033326821673955315,0.033871438642566226,0.16889630540064002,0.03141888125521332,0.028985969009446846,0.579301603504278,0.5266404905538791,0.4912322066375081,0.5821816299007627,0.028667583011152853,0.03638740632096628,0.030242786628962667,0.029798021530142244,0.1399097810885036,0.5271078077699645
2016-04-18,0.03348797148939496,0.03487403562586058,0.03353439300194257,0.035541277847921895,0.1297919923537395,0.031635415714995244,0.029304623043796663,0.6490578642942197,0.5296643677926584,0.49181075012002984,0.5896218784319947,0.029190432745073477,0.03647373727596438,0.030559332321696053,0.0324568984844862,0.14571566348767798,0.5592832010943465
2016-04-19,0.03584139526824445,0.035244767256713216,0.03450997090978297,0.03539696922024928,0.17516667629737334,0.032020136203244384,0.02969017250173564,0.6380380410445392,0.531529619129994,0.4927004786172281,0.5928355793552726,0.029631733588758452,0.03655167788177893,0.030828983121925127,0.03311054170940146,0.13849143326015406,0.5047344840737242
2016-04-20,0.035139476409024636,0.03468864733688848,0.03411557232263103,0.03374772776113408,0.22669538178984341,0.03211894171173017,0.02997357882993773,0.5199067279166152,0.5302520442652418,0.49311986721351436,0.5879782382156731,0.02973097382190623,0.03677689341600528,0.030990986583166666,0.033216708988897184,0.12965648927815646,0.4600208884682586
2016-04-21,0.034127946057243785,0.03413258067522518,0.03397029998072597,0.03413944926567168,0.2478834569968125,0.032396445668356755,0.030185056695478357,0.5389399127272465,0.5295290359484396,0.493289905643267,0.5854031243039661,0.02982834427626907,0.037067450830358506,0.03118389940952067,0.03206337709577228,0.13915374223610294,0.5208209314165477
2016-04-22,0.026097377416600287,0.02630597749192333,0.024318298865814825,0.025893313058089618,0.9344617398053765,0.03184144228592843,0.03016563548347502,0.18103601644248196,0.516542133496417,0.49045366832135756,0.554356413495011,0.030745679580536894,0.03555033021151309,0.03092490685263831,0.05728312263789098,0.10819503254110922,0.26136252653789804
2016-04-25,0.025828996484931435,0.025688084996478178,0.02610339388044558,0.026573616273975406,0.20351296943838407,0.031378940222375584,0.03009658304314053,0.21485940078002613,0.5072259037399797,0.4860525047372476,0.5381949509036255,0.031169572854514813,0.03478221112379211,0.030772494432187658,0.052470250046547526,0.11630532741578872,0.5310259291283177
2016-04-26,0.026819928562077877,0.026141214303319588,0.02498253189079612,0.025192403209964145,0.20590008324054018,0.03070410921060926,0.029972143609222776,0.17513941741811728,0.49785915477515663,0.4803878379844756,0.5251463749498199,0.0317559780422723,0.033437519879784744,0.030423973090600104,0.05275850351101376,0.10812041477227766,0.4646132385018805
2016-04-27,0.025209662420945952,0.024390504116720377,0.023861625106369605,0.024161609526018674,0.28271173629146995,0.029777000968471953,0.02978152558694873,0.14703557475146367,0.4890750492823225,0.47384571632080413,0.516084635070658,0.03225853258629513,0.03199956234998581,0.029985924342528503,0.051085679218049046,0.09753447953581451,0.47544685483844085
2016-04-28,0.02343427575781659,0.022886983119603743,0.02180669667807196,0.02201763117316588,0.28088060058127823,0.028629156379644208,0.02946143385148524,0.0937979737595302,0.4792099968747695,0.46635423809516446,0.5062803452886202,0.03285708957747045,0.030191944123559605,0.029417845025627262,0.05222396372860848,0.08700578298692416,0.4385088991697304
2016-04-29,0.020812470535100616,0.021815971184882793,0.021370790203759163,0.02195577573244982,0.3220862297032857,0.027414036292031596,0.029116885384547417,0.09232520355354362,0.47167335437445074,0.45863616985318434,0.5039402822702396,0.033097090890973194,0.02868910223413021,0.02881033112715735,0.050276341664229146,0.07518905731030306,0.5069396762020435
2016-05-02,0.02215435255260964,0.02284579822220681,0.02226335304816429,0.02348132408213137,0.20263527368646275,0.026184201897836892,0.028909724032896073,0.17865329061627994,0.46838198472748827,0.45170843071540195,0.5121022478279107,0.032992973369059736,0.027748483426217677,0.028296608851324234,0.048906012036842444,0.0832719166690628,0.5602622231966605
2016-05-03,0.02285623767209799,0.02214550971110625,0.021889712643313963,0.02177023606829935,0.1506739672628855,0.02479459249831177,0.028616245735602383,0.1315378142489141,0.4636929746826116,0.4450930816704757,0.5153283939547663,0.03313145971531825,0.026555716094612408,0.027787150791643886,0.047883999450676645,0.07681329355216071,0.45237812708856245
2016-05-04,0.021824034634398595,0.021424644633905934,0.021599118081236338,0.02195577573244982,0.13347456634489696,0.0235920880392394,0.02831413627082921,0.14211732559858703,0.46075239596365924,0.4391278022134779,0.5220418574455836,0.03298943906046527,0.025561953172658747,0.027227598069420003,0.044368475022021375,0.08273428795585246,0.5152601492323533
2016-05-05,0.021885993228568948,0.02191898004086816,0.02215958598226947,0.022100111018120122,0.14232258286181915,0.022364355947746425,0.02802425548184305,0.150814725726009,0.4591545684807468,0.43398988932207455,0.5305863199689589,0.03287370783924251,0.024699340116528273,0.026745851901848083,0.04091625378388246,0.08893185872154304,0.5138647503925847
2016-05-06,0.021989202550392717,0.022104337282288597,0.022014278215689728,0.02302779156687393,0.13761082470604222,0.02207213949686765,0.027749480011070624,0.2071771596165945,0.4597792941346377,0.43002253783841105,0.5426750584987258,0.03262757158672397,0.024083960536684698,0.026316328829639773,0.03871216779031113,0.09498214665532992,0.5401350619518124
2016-05-09,0.023165933716170095,0.022516274899658267,0.02272002572631862,0.022368112755226335,0.0842330235369265,0.021643276088872232,0.027499879967304477,0.18429659729647058,0.45980314991306354,0.42685411644211624,0.55092584898772,0.03236862417914789,0.023436500494226506,0.02586442482462452,0.03578916505813437,0.09060037256649538,0.4870851291843985
2016-05-10,0.022835620676412385,0.023566674334901755,0.023114397547989954,0.024326560329927915,0.12280322279884995,0.021554980281565092,0.027234454979643163,0.29746483586490485,0.46320733207839365,0.4250984828855526,0.5655161324872592,0.03190602488410062,0.023141248850134813,0.025477535185209996,0.035829176638911664,0.09618779600883541,0.574541296684264
2016-05-11,0.02448715019066537,0.02496722571925164,0.0247957180695966,0.024388406884644734,0.13176836953177587,0.021578108329778842,0.026946733067701317,0.3008549738367869,0.4664311505045141,0.4244318003670038,0.5767620562664295,0.03116161991829758,0.023002724930656263,0.025019235774779658,0.03430143294507801,0.1020554571364732,0.5110469744716547
2016-05-12,0.024631661159920604,0.025029022856349586,0.02462966141431082,0.025336711837636722,0.13226578251573842,0.021916577252425268,0.02667915044319505,0.35322695046396885,0.47078093424982437,0.42489397452078853,0.5884200974927936,0.030344432585187833,0.023040740028234252,0.02460889891881654,0.033571406835078754,0.1079386666837203,0.540135231863891
2016-05-13,0.025127125418381496,0.025214400101944257,0.024878760998889193,0.024450271211360036,0.12047076976416224,0.02217095769166287,0.026356182375354684,0.31256579881517815,0.4732643326130731,0.4258320807563109,0.5933351907600176,0.02929081794165897,0.02317576687255278,0.02412182362957127,0.03270571922072915,0.10242415239267234,0.4801871693452537
2016-05-16,0.02380587621227845,0.025337944315405717,0.024276778849735406,0.02599639064928433,0.10047820362853793,0.02242743590277739,0.026097231228377774,0.3956229560479015,0.47783555239298653,0.4276287652232711,0.6022019855121548,0.027713633739872012,0.02386071193920293,0.023628352016096893,0.03409274435428339,0.1073137276142422,0.5597229218255001
2016-05-17,0.02645193655491429,0.025609444514542293,0.02419839605444478,0.024003474283527212,0.16116336854007338,0.022655174186095528,0.02583132442326322,0.30632395754938097,0.4787843773813029,0.4292832671354616,0.6007336236502822,0.025771007666280266,0.024742814211370395,0.02303930719948144,0.03644222667717284,0.10052722079151269,0.44460218337704205
2016-05-18,0.02387416233264951,0.02438576590163051,0.02407298224443845,0.024626267312325742,0.13854942817028548,0.0229275021284841,0.025546865785900097,0.33941193609891734,0.48073214070743414,0.43105264661382126,0.6019199987102931,0.02396079311167583,0.025723203552303328,0.022567726790908474,0.035283060065458005,0.10660684812933474,0.529528467098844
2016-05-19,0.023853388959806585,0.023307278704605083,0.023069691577628892,0.023609060321219635,0.13023240196591357,0.023081379812270222,0.025274389644750025,0.2954052228826159,0.48102784779491176,0.4325358276689594,0.5989643418066237,0.021059377538125035,0.027727775046555533,0.022023304639573513,0.03515218568323432,0.10078719915455651,0.47571152498874136
2016-05-20,0.023874139378674747,0.024551669213977126,0.02428198547822029,0.024231808920021955,0.130727472345556,0.02320416153937012,0.025026518748948304,0.3303274172544069,0.482438277089338,0.4340451726546938,0.5992345445604448,0.02083501704404299,0.02779303938055877,0.021937404711083658,0.03446327565941763,0.10662232332247809,0.5296044456980343
2016-05-23,0.024123625429370937,0.023431715418514742,0.023404117522551393,0.023007024986647903,0.1480073026785338,0.023269315705989155,0.024743825535380987,0.2766988951980303,0.481988199109727,0.4351496408313092,0.595053260392145,0.020365441104529994,0.027920191802184052,0.02175301158830141,0.03256298153754365,0.10024705633268093,0.46876464535239104
2016-05-24,0.024331516095952577,0.025567969399946877,0.02428201296978419,0.02624550963800358,0.21546806015183204,0.023465003840920637,0.024549672944917167,0.4386985364611558,0.48665122866042987,0.4371004270402201,0.6037934403927842,0.02058632605115482,0.027794217343984975,0.021807457294928417,0.03697581915303566,0.10873105027206806,0.6167017679298593
2016-05-25,0.026867702663497,0.027185717740433032,0.027187406653379084,0.02734575629201612,0.1317769590809495,0.023766584600471596,0.024343558321529776,0.4840941298646005,0.49212168335089096,0.43991306031256705,0.6126939933527873,0.021183722710222425,0.027489099745134013,0.021972077998081443,0.036156743658348686,0.11459897989674776,0.5444951862454962
2016-05-26,0.026888482640217815,0.026127942827940925,0.026288600710071386,0.026868276008804412,0.13408051999568962,0.02392276847407493,0.02412006478444305,0.46028606306930625,0.4958414973336595,0.44301450806834985,0.6156766670944479,0.021575783043645325,0.027581324031014987,0.022222856816481257,0.03451371879995102,0.10865904424718971,0.49377584369935995
2016-05-27,0.02686770068806764,0.026833125791797766,0.0271455994172959,0.027760945720548977,0.08243546515532249,0.02426038016467144,0.023906857770938053,0.4983646045657077,0.5001628793455558,0.4464846862337521,0.6194846565603478,0.022085164750729414,0.027648498890767162,0.02252298467979738,0.03166429199252706,0.11298462922779715,0.537635174303763
2016-05-30,0.02686770068806764,0.026833125791797766,0.0271455994172959,0.027760945720548977,0.08243546515532249,0.02426038016467144,0.023906857770938053,0.4983646045657077,0.5001628793455558,0.4464846862337521,0.6194846565603478,0.022085164750729414,0.027648498890767162,0.02252298467979738,0.03166429199252706,0.11298462922779715,0.5090162641843036
2016-05-31,0.027574493653483453,0.028243453608632785,0.027793552879548586,0.029172575559961902,0.23807575357676639,0.024584277048634112,0.02368464132914727,0.55451194271899,0.5056697392549271,0.45052116500956524,0.6253330127108585,0.02291378114261082,0.027360315310180336,0.02281722294485035,0.03135067022761234,0.1221753073815158,0.5539010347877034
2016-06-01,0.02794870810012756,0.028139774699678127,0.028546044606259896,0.028861201260560743,0.14180799077950942,0.02507965205835512,0.02345659564029197,0.5366667189441776,0.5095080303766389,0.4546288046267841,0.6260679120502897,0.023435265889605345,0.02755067938937264,0.023183826547564,0.028790159213389746,0.11599382202951837,0.49924270222710926
2016-06-02,0.02836449946169116,0.0277042493197259,0.02729193856829508,0.028093122144173144,0.12241122700929077,0.02543319050424704,0.023259295423840212,0.4925036275610937,0.5113234665890871,0.45833040901402716,0.6218746645225677,0.023704984564317286,0.027910764869520877,0.02350112796487952,0.02924908700633555,0.11041865181581866,0.4848390158839855
2016-06-03,0.0278239721301083,0.027040520969036516,0.026790253684102344,0.026660690180537197,0.12653030627208883,0.025744385673998532,0.02299834693578623,0.4158627643012038,0.510556067484022,0.46111606050825305,0.6124153444424302,0.023703268713441764,0.028395712222813077,0.0237369103592463,0.028855951190543447,0.10471472506610764,0.4636089311863291
2016-06-06,0.02701324091348338,0.02689535785603764,0.027396436523497686,0.027366531758241386,0.0865108158041458,0.026064054392268873,0.02304975040900971,0.45017024602510897,0.5109193078811718,0.46342771529431204,0.607520238358193,0.023822763754025714,0.028726815267367825,0.02396122365683938,0.02647373123795832,0.10916769968869477,0.5316891735169921
2016-06-07,0.027532964044139546,0.0276835041325844,0.027835390651663905,0.027304258675561008,0.10699689058319917,0.026502272141121996,0.02307524394715306,0.44668362568469316,0.5110343110625555,0.4653033595090052,0.6030174264949248,0.023798484840004824,0.029275809745203774,0.02421642288978583,0.024702878910565162,0.10407435962113018,0.5070289868027897
2016-06-08,0.027075602592188525,0.027082020021460124,0.027354630000248334,0.027179694738201754,0.10920362385270954,0.02659753726311831,0.02314458442379,0.43927491740299635,0.5108618835611775,0.4667644119866717,0.5987358133541031,0.023891509850404113,0.029478007267921782,0.024363930221261793,0.022680298978505833,0.09891204022261432,0.5050388535367317
2016-06-09,0.02703402437201645,0.02616944736170107,0.026560353705611897,0.026307791606683215,0.10261543963655276,0.026491689040581773,0.023219468901637563,0.38756135060083224,0.5093668611872053,0.46759109329761345,0.5921844721646087,0.023896669377102775,0.02967577938328883,0.02446316260148286,0.020676117691940818,0.09395565805525055,0.4811437076225295
2016-06-10,0.02505906922787761,0.026273099866232608,0.025619708218973414,0.026017112799514158,0.14577792423392935,0.026404890217784624,0.023359018614566504,0.37060584466105767,0.507707658527551,0.46787270229321226,0.5865553469803796,0.023908272064616057,0.02973537724095049,0.024498339398597344,0.0217146771029227,0.08765007825224243,0.49964838582642074
2016-06-13,0.022003194342976873,0.02351466640780442,0.021481111577007064,0.023235368509141874,0.5938759637864608,0.025943386748015135,0.023403666101750084,0.23249881301727465,0.5022742791444704,0.46685447048360906,0.5731315013619351,0.0240110357895066,0.02949617495801278,0.02443552880857136,0.03156685578080505,0.06733759358403375,0.4191235016231313
2016-06-14,0.02266846714920548,0.022228801392137995,0.022547159365709696,0.022591871102112,0.2765256991502593,0.02527230816533836,0.023372631352844675,0.20593325615240027,0.4970912864716955,0.4648536711821598,0.5629842323521778,0.024167730013736483,0.02896703203207919,0.02425951481080635,0.02905386514120384,0.05694502503539646,0.48766574595616213
2016-06-15,0.022418969090083146,0.022270252513266572,0.022797952500689556,0.022301201180942185,0.20765703648059622,0.024603340947012872,0.02339115776100628,0.19386455443438305,0.4926825540537507,0.46224402019074545,0.5566964384485621,0.02431890442262452,0.02862414385980447,0.024171507122813282,0.025838018885382147,0.04870519254240191,0.4993121709927729
2016-06-16,0.02187846885383435,0.02299616628727101,0.022421710173062687,0.02375436418080719,0.18759653481968977,0.02416088868931271,0.023453914019215386,0.2949067148910767,0.4914959234791295,0.4598847193056118,0.5592818790377663,0.024346719700109307,0.02850187181546837,0.024126429644562394,0.026192728818273142,0.056317962398405,0.557667204994199
2016-06-17,0.023728633023986756,0.022913192889036066,0.023069669588511574,0.02321461081491509,0.300993420405333,0.023809468857091745,0.023492801090399154,0.26899547142102637,0.4899155974200152,0.45763559476286686,0.5604197031506208,0.02437251004156707,0.02843235396688966,0.024106036566021033,0.02431587467074406,0.04516056782144967,0.49119670669258353
2016-06-20,0.024206781085346768,0.02374282354256796,0.02350862646988222,0.02309006464955432,0.22210543905871036,0.02337336881574463,0.023494973919686343,0.2628754209237833,0.4886556157583261,0.455547927423573,0.5620871200869398,0.024429799227091445,0.028249802692952977,0.024047008274161993,0.023770755876086652,0.036469098895124924,0.5048831386352054
2016-06-21,0.02329211295018979,0.024987264137660864,0.02378037934428953,0.025415148552936348,0.21031354977956093,0.02318072358274087,0.023601290940385572,0.4116510677242466,0.4912644755793025,0.454474874400512,0.5725653462580731,0.024364221258119323,0.02857541493604847,0.02417150850103439,0.026794569609435714,0.04479197020053849,0.5862677666625066
2016-06-22,0.025121487958397998,0.02504946781383864,0.025431636650603856,0.024999950238404248,0.16907590506517908,0.022958440412467696,0.02362478682740203,0.3881138904521762,0.4928436872156819,0.45397786076257124,0.5785142776541723,0.024319504785560636,0.02849155895832818,0.024107112956717636,0.02424436660709066,0.03775812878455734,0.4955230235960129
2016-06-23,0.02553724087684786,0.026293882615792394,0.02584967066709247,0.026909809169256463,0.1707313454513652,0.023019832182182592,0.023712763469844383,0.4906944708288537,0.49701844691513775,0.45453571286447675,0.5894081923421963,0.0242722747880606,0.02849616815327978,0.024084574447295698,0.02540623802252799,0.04484371690316294,0.5713268915690926
2016-06-24,0.02248137036441318,0.023970991152100565,0.022442650180791585,0.022591871102112,0.9865370529725307,0.022670537306787295,0.02361699062414492,0.28519140223275946,0.49401784963829937,0.4542952580823251,0.5811638378606032,0.02426137976658259,0.028054884563996976,0.02386348389009388,0.034805626077912044,0.012257207278300652,0.3706369146501533
2016-06-27,0.021005352018010903,0.020258445385019946,0.019349103457659653,0.019685509558385036,0.3361777755566418,0.022308534374026093,0.023450738798791546,0.18947290713445358,0.48750621247191595,0.4526125980696075,0.5662697521481437,0.024445609742001995,0.027001340642945085,0.023445983040736404,0.039751746238121805,0.0,0.41198660540467685
2016-06-28,0.020631158166419042,0.020922135387533736,0.020665932776174234,0.02178221439527611,0.2418832664649945,0.0222259682477461,0.023303697971649245,0.29116703419060347,0.4856776715489588,0.4508479781355716,0.5654233274734657,0.02395607155134534,0.02674490761221472,0.02306390063659687,0.0396168822796258,0.009309695569754889,0.581038851344362
2016-06-29,0.02268922404123236,0.023514680315538106,0.023027879788660124,0.02406576513820606,0.18849765661481183,0.02240591267270363,0.023305871421036087,0.38631594189941304,0.48781391875691826,0.4499251978000633,0.5741172573461866,0.02337393422163901,0.0268629320943648,0.022815976114141587,0.04100450059046015,0.016950633206337495,0.5858546283950898
2016-06-30,0.024373093697667034,0.02471761524640588,0.024491030950194545,0.02537360650648504,0.16681919623684044,0.022571037675943942,0.023331947542831077,0.4352954212645163,0.49159683050139297,0.4500527556390564,0.584964414509771,0.022973786591098125,0.027005155074923348,0.022675376886338208,0.03926731308365054,0.02391393312675985,0.5520655262619721
2016-07-01,0.025225428699653052,0.02558872111016644,0.025682460102860932,0.025352857698257486,0.11116360280050538,0.022789089055864964,0.023392792033719287,0.4344475747784598,0.4946723463581108,0.4508586847337558,0.5919701578070634,0.02281423766177941,0.027038188322510148,0.022607761817479505,0.036708705267846545,0.018690347585042427,0.5083416994300819
2016-07-04,0.025225428699653052,0.02558872111016644,0.025682460102860932,0.025352857698257486,0.11116360280050538,0.022789089055864964,0.023392792033719287,0.4344475747784598,0.4946723463581108,0.4508586847337558,0.5919701578070634,0.02281423766177941,0.027038188322510148,0.022607761817479505,0.036708705267846545,0.018690347585042427,0.5090162641843036
2016-07-05,0.02460176836285155,0.02467613360756689,0.02499268606029928,0.02537360650648504,0.1377599705144203,0.02302195713900826,0.02343263157801527,0.43529100969885576,0.49721963065358404,0.4520864162774024,0.5963262381312766,0.02252257059941415,0.02714072376102933,0.02250472738458871,0.03363944576909808,0.024745297603829874,0.5096909607245964
2016-07-06,0.02449782021075149,0.0252153876537293,0.024261106667105875,0.025809562515243925,0.1640057284484307,0.02306217817681791,0.023530417577333707,0.4538667488740134,0.4999348152937047,0.45369001655937624,0.6002079472574329,0.022275901498135298,0.027247647768813263,0.022427451445068844,0.03463456102946402,0.03162065253861268,0.5231896352365003
2016-07-07,0.0258282823470299,0.025360569434645902,0.025682453518625886,0.025809562515243925,0.09698928492783998,0.023144739772273118,0.023515206532124105,0.4538667488740134,0.502109295351035,0.4554705626184984,0.6020353193369751,0.022041681084344233,0.027354380060520753,0.022356615473447028,0.03171347875720855,0.036401169143519346,0.5090162641843036
2016-07-08,0.026472726743298744,0.02691609361057734,0.026685754097694053,0.027719430332095382,0.16575096866688638,0.02322730227389329,0.02352824474804653,0.535271731538832,0.5066448555387213,0.45793303765510074,0.6090778042934426,0.022320846704810743,0.027203712438866032,0.02242959733535646,0.03177455630505352,0.04333107779545575,0.5708542149720341
2016-07-11,0.028073422964749795,0.027890873771867372,0.028608737452469765,0.028321439008669402,0.11794778491144176,0.023811584752267828,0.023578948438778405,0.55881326351479,0.5110546661221775,0.46091227599070056,0.6144145737803349,0.022760328733490598,0.026975209941929174,0.02254873122858525,0.02899467954036415,0.04876672718264541,0.5281653022581425
2016-07-12,0.028988128845233066,0.029073087986802776,0.02927762085090445,0.029608540454720042,0.15736913040965905,0.02482350278512019,0.023643414621861716,0.6068336712249554,0.5163234986634264,0.4645015263908439,0.6207143512200413,0.023612229302311355,0.026734223416233077,0.022878224849356685,0.028178430439494334,0.05543463153931258,0.5497313706028133
2016-07-13,0.030277039717305332,0.03002716076597843,0.0300928221619797,0.030231342369517814,0.14205786857365071,0.025685117048779377,0.023680357060441484,0.6289503214707672,0.5212281001094347,0.4684954261142511,0.624893286073727,0.024456423800756064,0.02663566276383726,0.02327318627047814,0.02660098221803854,0.06162392771434766,0.5284879070452372
2016-07-14,0.030859111021609473,0.030296783526120058,0.030928907490465146,0.030708813766730306,0.135722685624062,0.026362553284798917,0.02374482386362449,0.645925926204695,0.525577655602644,0.4726860138223208,0.626924541847931,0.025249047619730902,0.02667392818854626,0.023707860673835027,0.02387552275907248,0.06761519511655628,0.523860514098297
2016-07-15,0.031087768044553293,0.030317502752490885,0.030155504607750863,0.03062575633182539,0.19412303045541793,0.02689815023849451,0.023833192409066117,0.6400139681353552,0.5286182188428711,0.47673436732616903,0.6254556465866878,0.025948167999458788,0.026650011284115704,0.02406311232857039,0.02329880927537735,0.05979841632633853,0.5064451184788031
2016-07-18,0.0305680570077682,0.031022675950045694,0.030866179181476577,0.03116550081171826,0.18951200428540418,0.02749090445305799,0.02399037403636478,0.6608164282503974,0.5315147337798602,0.48063596562282845,0.6239400615726459,0.026638432253867902,0.02674996908942734,0.024474174128843937,0.022763289665229627,0.06747106102268961,0.5257371713492839
2016-07-19,0.03058886311092901,0.030110124808080674,0.02957026908859943,0.029359448123998502,0.36054242222163224,0.027897367463300668,0.02405991077455122,0.5337511708445366,0.5308146232190697,0.48359701234419356,0.614226703527255,0.02691456280743998,0.02711714620235456,0.024798301875378778,0.023778776588682368,0.054452249680573966,0.45333560146805607
2016-07-20,0.03566124197867289,0.036207765350586396,0.0350048071635759,0.03521360662591286,0.6460028142486566,0.028856360931802286,0.02433588334776053,0.7252645949656609,0.5385730892807666,0.4877415033846038,0.626448487743683,0.028412328339425946,0.02654446527361179,0.025304883128169586,0.04186717231949977,0.07639414526090273,0.6924577594086947
2016-07-21,0.035307854661462454,0.03494262427025624,0.03548557681721615,0.03498527198941813,0.1999975012220586,0.029792069585552514,0.02460823515892424,0.7116572709881388,0.543922646902922,0.49228143122250834,0.6305322820823217,0.029607451611385324,0.026317027098010953,0.02582112525162153,0.03798823473642314,0.06839373890283419,0.5022222225340358
2016-07-22,0.03551573803870289,0.035772234987915416,0.03552737576070805,0.03658374773486993,0.1951600233011043,0.030696023500692227,0.02496678330634211,0.75086381569901,0.5500112282536309,0.49730684633834343,0.635546054724769,0.030986009925291075,0.025859346057551608,0.026321268833549544,0.036781687863119084,0.07624293260865819,0.5566722743355607
2016-07-25,0.036326468448127536,0.03600036048280904,0.03653065853935408,0.036915879728497886,0.14403971182843392,0.03157245627990363,0.02534706253708026,0.7587211711786916,0.5547465905861841,0.5024109446556843,0.6363586397317564,0.03212037250978454,0.02615684442381236,0.027061821498152325,0.0333290466335545,0.08249417837391065,0.5187834709425564
2016-07-26,0.03643041532112637,0.03714108386872564,0.037053218302980306,0.036978161697177506,0.16331466017400867,0.03232398599984927,0.025826575389845452,0.7602716791646906,0.5579708145144212,0.5072321404421453,0.633437020496233,0.032660259980841544,0.027408083829830232,0.027955853326354474,0.032014057631309475,0.08934793150122994,0.5108426623793371
2016-07-27,0.03661752515082542,0.03612481662109833,0.03621715014831321,0.035794884266257807,0.1964898416868001,0.03289133769215534,0.026287254265006568,0.6792629099732497,0.5581420887208766,0.5111282960147272,0.6238838529296576,0.03298537287525266,0.028542833885947902,0.028680309746468527,0.0302256599961353,0.08145716957155244,0.47433538468721026
2016-07-28,0.03534943015512042,0.03523298542009422,0.035401971816815425,0.03583640854071063,0.23727380203119416,0.03341423293163974,0.026759524043431335,0.680589541354579,0.5577212296216325,0.5141488998863042,0.6148417680695591,0.03338979887589098,0.029354796199099142,0.02928885317611689,0.02831286078222342,0.09062277986508464,0.5102456519257462
2016-07-29,0.03588992033435005,0.03604185050131489,0.036091731544666925,0.036812100143363155,0.18267784661563954,0.03404509591349662,0.027215133913738546,0.7118927720180701,0.5582154408268802,0.5166784914163505,0.6097709364391914,0.033931338340984274,0.029984128046656705,0.029880224429986973,0.026914906452417342,0.09808179855135594,0.5378927819235453
2016-08-01,0.036596717535170104,0.03602110178262091,0.036279839410878326,0.036604496543097484,0.1471069617515184,0.03459974679775646,0.027682333137060214,0.6962918418667894,0.5576802823785966,0.5185796847517607,0.6032812799228376,0.03428153565215322,0.030799427367721677,0.030461935272603005,0.02498646862908699,0.09173467493331633,0.50292298756675
2016-08-02,0.03711642978675052,0.03633221011030563,0.03663518009956042,0.036604496543097484,0.218311200928296,0.035338572991161,0.028153878018956233,0.6962918418667894,0.5566501293372067,0.5198648718073707,0.5969195984254275,0.03447122261256555,0.031785134595152115,0.031042573399778756,0.023069704170702365,0.10030754139357874,0.5090162641843036
2016-08-03,0.03676304035665816,0.03676776659238787,0.03701143054720249,0.037414126591935645,0.11643602425688687,0.03556297477510513,0.02857254576073355,0.7252939718424896,0.5564348967920454,0.5208437619134084,0.5937563780156643,0.03466423365735316,0.03280685054256237,0.03164253051183445,0.021478948095215167,0.10569593530139063,0.5328213396355493
2016-08-04,0.037012490548681665,0.0376181108782411,0.037387652417145575,0.038286011951455715,0.15166957409891726,0.03589957337327897,0.029036122361710562,0.7547145437532241,0.5569521674851644,0.5217452599773561,0.5929571271989835,0.03479000052022578,0.033993236775192615,0.03228756418332697,0.02145163536602726,0.11218567966633336,0.5344763003769218
2016-08-05,0.038779512904289104,0.03904918768699343,0.039018021436640876,0.039469298268374656,0.17312392533026819,0.036193832319972224,0.029474347427371497,0.7912306866556738,0.5584955247646136,0.5228196813446513,0.59474295798586,0.03520395364350243,0.03479275329097206,0.03289503351931393,0.021237140731487858,0.11934605641552447,0.5433166904786368
2016-08-08,0.03963186239970985,0.038800327475175256,0.039707809962508556,0.03967691964063881,0.0961170552526655,0.0364753940832791,0.030070478086710317,0.7974084735578775,0.5593899670241577,0.5238839263874758,0.5946378640327308,0.03554124484563413,0.03563293124026158,0.03348211299260881,0.017823223098456034,0.12409930836626532,0.514975486632193
2016-08-09,0.03986049630527709,0.039650648436481514,0.0402094321855799,0.0399675184738147,0.07618305422504307,0.03678023884900747,0.030778156927669192,0.806341489588484,0.5598878700623798,0.52484927579174,0.5936165391296669,0.035920830478994234,0.036322068070564276,0.03401767318212662,0.01572473365310846,0.1282294519091775,0.5173427674396235
2016-08-10,0.039839735460591025,0.03927734581389761,0.03979141179041233,0.03959387109173315,0.06709531119936657,0.037167647022520955,0.031399640362523476,0.7683899097098064,0.5590922882237324,0.5254394732134795,0.5897422321555273,0.03615252707339146,0.037064684435449,0.034501716844309596,0.013902209120384507,0.12438337823661591,0.4983359284906846
2016-08-11,0.039569461723267585,0.03954695130153997,0.040230333818189606,0.040175113188081146,0.08587831263772563,0.037610093843231385,0.031961726929198145,0.7888999532245395,0.5586970381474711,0.5258211716141199,0.5875890002677236,0.036396041308930496,0.037805585056004426,0.0349911254619151,0.011768559706635623,0.12881658171338897,0.5256820269566475
2016-08-12,0.03956944762224679,0.03900768386169212,0.039373332002184694,0.03942775622192336,0.11315325473635551,0.03787682984166635,0.032452103618349354,0.7122241820206456,0.5566655219448456,0.5256615841508641,0.581998978902559,0.03634450099887511,0.03879340520430394,0.03544618972796407,0.011363286530238229,0.12353080249323425,0.48769045706336583
2016-08-15,0.039527872328109934,0.039650639894000195,0.04008400790215533,0.03980143026200261,0.09463652932237829,0.038202842620805116,0.03295624248980222,0.7279520421684096,0.5550242620363015,0.5251582846233483,0.5784493613883572,0.036254233626190444,0.03980527890246223,0.035892668135827394,0.010230517558338134,0.12823777531747702,0.5197452936201641
2016-08-16,0.03944280175254501,0.038570352288596746,0.039387878534085125,0.03913300762710194,0.10431617037292701,0.038460691859500545,0.03343633482572063,0.6598759372431435,0.5521744977588151,0.5241034291717283,0.5727532780330066,0.035224399302519346,0.04194803106908476,0.0363979621300899,0.008756576093935348,0.12322823073581322,0.4898837726085333
2016-08-17,0.03929639552610155,0.038695592373436505,0.039303766447819105,0.03938369943768685,0.09129831816627182,0.03866154241619568,0.03390996293249972,0.6723568843165613,0.5497624284421586,0.5227075027335268,0.5692309357196447,0.035289426007189206,0.04231984216670938,0.03661355634145552,0.00713428824663602,0.12783085584603737,0.5162318767416216
2016-08-18,0.03904535199603794,0.038737311461398485,0.0393878769867214,0.039467227830551524,0.055049639785542386,0.03878199892401431,0.03438650550778616,0.6766855695261633,0.5474748666400641,0.5210672151162216,0.5667073445765571,0.03526877244257899,0.042816825741755576,0.036845273902325254,0.005501019641699016,0.1313003990305402,0.5114154326187541
2016-08-19,0.039066286639729,0.03879992990215134,0.03924066278210571,0.03950901868498158,0.07891843520278366,0.03878604948137494,0.03479786723510528,0.6789863476021429,0.5452495250064439,0.5192456786733582,0.5648355336262627,0.03536991688840482,0.043017933402571845,0.03699651070015848,0.004618679027939568,0.13551604667689265,0.5102157807878221
2016-08-22,0.03942185750443343,0.03884163775015102,0.03936681990380303,0.03961342917606242,0.06291766682856667,0.03877957493275262,0.035191866791416504,0.6850699806932252,0.5431904072957747,0.5173171862723023,0.5637309673863024,0.035476674063154384,0.04318888283826283,0.03713597427375699,0.0035456701581429856,0.13923153315179354,0.5120121022441976
2016-08-23,0.040049413833631406,0.039739039886294736,0.040607741492772076,0.040072995284804444,0.09033004171397427,0.03879033111079977,0.03555699202611587,0.7119419458445055,0.5418074353914913,0.5154578762890583,0.564445434952254,0.03562304655831888,0.04335931600030449,0.03729597747674289,0.002676188042389255,0.1438038913227468,0.5221911121984594
2016-08-24,0.03984022937494536,0.039446867510293956,0.04033432665199296,0.04019833230409764,0.08579397888220294,0.03885197207587801,0.03590475974055496,0.7192692114949406,0.5404783037898911,0.513666234486489,0.5651442645374021,0.03561080647602054,0.04383893575107889,0.037523636176407096,0.0006636482934945995,0.14823445864674464,0.5125957722501532
2016-08-25,0.040007584973167795,0.03996861511761078,0.04046052340762814,0.040657889526840435,0.08892604085814282,0.038901204018026395,0.03625190239451419,0.7460142528196987,0.5396981524151486,0.512054370460402,0.5670008835229493,0.03558013326232384,0.0443826599220177,0.037772907220899,0.0,0.1527629297557551,0.5221271995086537
2016-08-26,0.04084429835550708,0.040824264722876605,0.04027122715634332,0.040365442405822446,0.10781211688658518,0.03899682616901601,0.03659173903401523,0.702417923334242,0.5382507768730994,0.5104336233362393,0.5669091451064405,0.035577960738497685,0.04476140174529965,0.037956615367783414,0.002555131276898631,0.14764410687803015,0.5007044505152917
2016-08-29,0.04063514531821276,0.040615588295385224,0.04113358067650824,0.04051168818132954,0.07225138330785102,0.039069255934079894,0.036917845736398114,0.712051243441503,0.5369424758915755,0.5088375992538984,0.5671644673699868,0.03547386478905079,0.0452872308417637,0.03815861756243975,0.002137000936224445,0.1516513520022093,0.5131828303383699
2016-08-30,0.040216754131480084,0.03975990599336672,0.040102967814844986,0.040072995284804444,0.07625723669517878,0.03916511278179356,0.03729166228824615,0.6446481045527475,0.5348975784476829,0.5070927712852121,0.5656277250322095,0.03515859448464041,0.045993676882169376,0.03833793929089857,0.00181207947473961,0.1475188896212078,0.49653289232366354
2016-08-31,0.03952645238615822,0.03894598242579404,0.03945094974558336,0.03917476293753505,0.10694613415626422,0.03914380612514465,0.037429874756209985,0.5224981591843636,0.5316228788702335,0.5049474395880125,0.5614916029781405,0.034865045239646786,0.04649585116011884,0.03842896436433563,0.0015738380491177803,0.14242713612707272,0.48336358830139864
2016-09-01,0.03818771518453441,0.03898774786130153,0.03884103268508643,0.03944634573233535,0.14766918678833635,0.0391416766374942,0.03758553031819026,0.5470609566159923,0.5291428209659009,0.5026635718371959,0.5600608996266999,0.03471174956819974,0.046783612807132835,0.038488953735724044,0.0027479974641691912,0.14879183409694707,0.516830458430228
2016-09-02,0.03956828324735463,0.03975989765966759,0.03970333834040554,0.03961342917606242,0.0916426810013228,0.039152324075746425,0.03769124181154959,0.5623224219318927,0.527159885747253,0.500382650016867,0.5600913231338787,0.03471062163513711,0.0468000935258121,0.038496405317925905,0.003584571470171001,0.15340522349766997,0.5138128675902444
2016-09-05,0.03956828324735463,0.03975989765966759,0.03970333834040554,0.03961342917606242,0.0916426810013228,0.039152324075746425,0.03769124181154959,0.5623224219318927,0.527159885747253,0.500382650016867,0.5600913231338787,0.03471062163513711,0.0468000935258121,0.038496405317925905,0.003584571470171001,0.15340522349766997,0.5090162641843036
2016-09-06,0.03979840099241648,0.03894600203454125,0.039261677186331875,0.03948811881476695,0.07116753837576312,0.03913954533751385,0.03778099224913348,0.5443711015268449,0.5251589090628536,0.49809995585220124,0.5600730196026575,0.03471025978954265,0.046780482965161824,0.03848664429652991,0.0032196934818960327,0.1494318578184166,0.5054238648901391
2016-09-07,0.03914993180654497,0.03902946782372228,0.039682312727610816,0.03959254707784625,0.08065508587206571,0.03909055081058435,0.03787221325311421,0.5550751359787991,0.5235045548881028,0.4958951741235157,0.5608776446830289,0.03469130193622104,0.046761148689254156,0.03846725823822199,0.0018660384061482335,0.1537017906848808,0.5120131325567603
2016-09-08,0.03948462425866904,0.038925125262905924,0.03919857184473412,0.03911210775688728,0.10136917413827301,0.03897978120616287,0.03798795764928514,0.4834059934989184,0.5212802612423565,0.4936222822409581,0.5601742507081913,0.034710569563119575,0.046689395928472516,0.03844235102609768,0.0017507703959485713,0.14878436499741732,0.4952406346885758
2016-09-09,0.037727519415487284,0.03836165712729786,0.0371584362860522,0.03656367426258468,0.218247950611654,0.038562266608096876,0.03801333336848886,0.2236030667516476,0.5155926824318835,0.4905022719729598,0.5514258052207188,0.03525091427382772,0.04572577303664441,0.038255639275980455,0.006083668035100777,0.1402134756517363,0.4356524304609627
2016-09-12,0.03607498102721245,0.03771468619879903,0.03589648406293773,0.03831833033069494,0.1728724857999135,0.03835350885598139,0.03806588867687241,0.3995471414909682,0.5135865305659723,0.48754712262401856,0.5531283733483543,0.03528220998716802,0.04557459749483109,0.03819828184752885,0.011946452061468854,0.14736599276024576,0.5606253197962585
2016-09-13,0.03712089963471163,0.03654600893422294,0.03682192359233312,0.03723212355548307,0.17933182677846618,0.03801906964890156,0.038087787807206674,0.31608629077532385,0.5103085304964018,0.4844327784502412,0.5514843206741324,0.03540852215566061,0.04516660021164795,0.03806544843634323,0.013584776562043363,0.140011565876213,0.4775384629466658
2016-09-14,0.03689078823703222,0.03650425725763143,0.03677984631366185,0.03666811141166325,0.13195109266874172,0.0376718507974242,0.03809000745401986,0.27702384400121244,0.5068395927985136,0.48114737917289246,0.5497177833463308,0.03560794814406748,0.044691039721111506,0.03793801305788712,0.01256903915706882,0.13413819308422895,0.492521088512036
2016-09-15,0.036388741634673455,0.03800684578623999,0.03667466804512638,0.03861075967971446,0.15369436509956852,0.03761433560139807,0.03813176031588594,0.43484536654016154,0.5069479866277532,0.4785438674769789,0.5567598407934328,0.035585463984717916,0.0446333406877705,0.03789805199584964,0.016509751270343653,0.14069122952459867,0.5661038883047912
2016-09-16,0.03948462249105189,0.03859121006142886,0.038294175238115236,0.03873610558500691,0.29237654084799153,0.03754190764866412,0.03814746496044272,0.44374720504018156,0.5071845757096933,0.47651520545642345,0.5626964857002071,0.035555316719918545,0.04458831195323874,0.03786025290334624,0.017061049681885238,0.15157927275086497,0.5126398423922335
2016-09-19,0.03873160109722436,0.03884167320412013,0.03850452608227868,0.03806769183610549,0.10754584086220334,0.03738427844195334,0.038098560178889546,0.39151510705704634,0.5063512553234839,0.47470155664565333,0.5649169915671824,0.035527101042146,0.0444659740926536,0.0377857361625135,0.017699829004510725,0.14646877328143953,0.4897135925881845
2016-09-20,0.03889891367072795,0.038006857734926736,0.03829417738440527,0.03781700002552059,0.07980081616334514,0.03721386324769034,0.038033663956676456,0.37231206754855767,0.5053036684455069,0.47301087996160623,0.5661869615803529,0.03548971959072955,0.04431587671430469,0.037692860597516045,0.016390134892754316,0.14222554366623533,0.5017360125426908
2016-09-21,0.03923360444023841,0.03905034043117647,0.03898825340819101,0.03980143914800184,0.20726425982293037,0.03723516537351444,0.038027869125144304,0.5149053249692634,0.5073881113811808,0.472135397958996,0.574605721407549,0.035455743925870226,0.044323646717241344,0.037678821118349026,0.01796479931994792,0.15045309852176758,0.5667673974917481
2016-09-22,0.0400912542280176,0.0393633975640285,0.040145044934735974,0.039926785053294306,0.09883994234069901,0.03731824348299553,0.038039485142445095,0.5227584361670752,0.5091678714182655,0.47184233996581215,0.5806205887326292,0.03541846145345888,0.0443349736580316,0.037664782098589034,0.015177348885543826,0.15529146403479682,0.5126040829911866
2016-09-23,0.03998665312720609,0.03917555835109007,0.03961922192129587,0.03911210775688728,0.09987927779070549,0.037578124343525976,0.0380023948100911,0.4543242586335972,0.5093058271054371,0.47163946701881954,0.5815519567373251,0.035219238580781326,0.044385464562534935,0.037584865027991604,0.013603841195098651,0.15042061037969534,0.48572167713535463
2016-09-26,0.03833414299334359,0.03756860763313373,0.038462450442005594,0.038005009997460024,0.11341484555209719,0.037546172967119706,0.03795275241996568,0.3714904752982828,0.5077257348799659,0.47111553834329567,0.5782363179933555,0.035033133483628395,0.044335553232273284,0.0374628304387072,0.012586686826659477,0.14512665420417306,0.4771453379389507
2016-09-27,0.03802036073209561,0.039488607685868926,0.03814695263628677,0.04019833230409764,0.16320611950717853,0.037848657173133446,0.037966601106173004,0.5137043729937658,0.5096726461229497,0.4711419783381203,0.5839201402232926,0.03497277703747213,0.04436726412940162,0.03744662990882022,0.01658958044695895,0.15197701450523537,0.5727453476218469
2016-09-28,0.040007580878620025,0.03948861091339767,0.04022916134454775,0.040365442405822446,0.10441690235869022,0.03822569881953157,0.0380096031588493,0.5231363945291576,0.5113800555747581,0.4715538993112209,0.5879011178326387,0.03502555151372505,0.044341491687111045,0.037461749453940166,0.014027241941206206,0.15698970782493624,0.5137838309362371
2016-09-29,0.039861140951608295,0.039718155719207254,0.039261657644277526,0.039049434804241084,0.14289105484349063,0.038270433464995215,0.037997940013972636,0.4270881332717907,0.5106986399726113,0.471727482825155,0.5854397354509351,0.03501570811107668,0.04433880084226041,0.037455269977036645,0.015263269672138452,0.15077436743683498,0.471522991559981
2016-09-30,0.03935912605746443,0.03888339810871007,0.03953510332593328,0.039467227830551524,0.17761860215238487,0.038344990905379614,0.037997940013972636,0.4536871082675335,0.5107038910368826,0.47186755142947057,0.5850936169333181,0.035018007090481335,0.04433854066101679,0.03745634958358254,0.013049359536808414,0.15807524136541584,0.5210498995260643
2016-10-03,0.03902442683723091,0.03842425348341397,0.03894618736425351,0.0390912167726719,0.09389938982966145,0.03844936660986001,0.03798336209053879,0.4264014313739212,0.5100793524338577,0.4718366702931575,0.5833281677202082,0.03496470442844432,0.044340542052299994,0.03742935115060847,0.011691300312242026,0.15339131046913415,0.49822367539461504
2016-10-04,0.03873160120726225,0.03852862590997849,0.03875692111146184,0.038715250144788466,0.10089909153804469,0.038540967200767634,0.03795202287268934,0.39901398795597637,0.5089685714851047,0.47155774473725337,0.5807665386485695,0.03490090635744604,0.04432727772729954,0.037389393763827355,0.011001062573374298,0.14848857889251024,0.49819112107807123
2016-10-05,0.03877342946576945,0.03927992440988845,0.03936684657790539,0.03955079176741316,0.07466582749374134,0.03851540700580759,0.03793380217367115,0.45831570761470414,0.5092716654316136,0.4714039723702104,0.5820590331442069,0.03489554222272988,0.0443286229432214,0.03738723501014263,0.010930949271593549,0.1525712960942907,0.5331495180326903
2016-10-06,0.0397147333088609,0.03907122105282887,0.03940890200871404,0.039759674951569526,0.07065372716156007,0.038498365667614276,0.03791849656325999,0.47273984342752556,0.5097572032407098,0.47139207785876847,0.5835242482864322,0.03496924031376396,0.04431796803193891,0.037420714298241314,0.009977913084183651,0.15652860076867287,0.5150076456728846
2016-10-07,0.03994480738730238,0.03932163631234126,0.03970333686449305,0.03988498531286501,0.10092329844935213,0.038577181177134615,0.037891528428071836,0.4817485435073731,0.510257209346621,0.4714969969415479,0.5847306172884573,0.03493825017266834,0.04470311999454531,0.03759242640847624,0.008966092429414887,0.16143208901877854,0.5126043075973306
2016-10-10,0.04007034789820142,0.04017731942082803,0.040649826915994614,0.040386351162036316,0.08614536953021415,0.03882002251180168,0.037892257975348204,0.5180172223264912,0.5113160451146332,0.47182326433829463,0.5870165476752471,0.035117980783908445,0.044728911007174854,0.03769934329026883,0.008216909107082879,0.1658736403126731,0.5233571005010483
2016-10-11,0.04002847850890022,0.039405113645992,0.03858861808668873,0.03861075967971446,0.15096445019857477,0.03865812708047037,0.03782593087311795,0.3710965599172911,0.5094511515254496,0.4716574664211104,0.5819348416832778,0.03502829982270819,0.04497138894010508,0.03777061891442876,0.011073196992801654,0.15940593711398973,0.45843809550581194
2016-10-12,0.03839692301242324,0.0378399432261651,0.03755808370857018,0.03844370289398512,0.1172317288576056,0.03846215440974218,0.037769081684483535,0.35893206815076445,0.5076830559301178,0.47112017007945506,0.5780982660983004,0.03479317834776943,0.04541231674124549,0.037862417169915494,0.011949381503660553,0.15399267061656735,0.5041868816301366
2016-10-13,0.03753924804191497,0.03790251451367216,0.03738978573013989,0.03804677419389235,0.14172131441966665,0.0383599063805823,0.037729723957640765,0.32959227407254216,0.5056727979736141,0.4702302521246402,0.5744566370020017,0.034824298630669534,0.04531910835797143,0.0378332590644426,0.013460686423884094,0.1478138946438111,0.49752553130806837
2016-10-14,0.038417801294534246,0.03882078117204192,0.03907237677343649,0.0390912167726719,0.15803208743224018,0.03832156201039992,0.03771733281573697,0.4168034206582825,0.5056160335308827,0.4695053262764046,0.5761605599425016,0.0348310127181984,0.045349505253305916,0.0378516183480143,0.013849221840460599,0.15450252209035004,0.5393528854578166
2016-10-17,0.038919851890611784,0.03823644040346383,0.0385465798684102,0.03867345929035841,0.13013557432068382,0.038278960477246576,0.037684535433484295,0.38362641839917705,0.50493947795598,0.4687705446311275,0.5760587761722102,0.03479883398329403,0.045448277814070515,0.03788293658539307,0.012751154711111976,0.14868589980949892,0.4969878441215926
2016-10-18,0.039275435029826194,0.03925903479761712,0.039682312727610816,0.03959254707784625,0.0935870425869848,0.03836842433118409,0.03768817913921815,0.45587923428882443,0.5057515922052591,0.46836858513300667,0.5794959302482673,0.03475792321537677,0.04568035518816427,0.03797473254384462,0.012619441337971465,0.15336006717698353,0.5355718940296127
2016-10-19,0.039149951068246466,0.039029487164535956,0.03966130317834017,0.039321008713042144,0.12270483341740682,0.038344991811544576,0.03767870463617057,0.4327193434651743,0.5059693311971242,0.4680968507148678,0.5808408036837921,0.03471495175020867,0.04567567282549018,0.03794989424277642,0.0106577930219547,0.14777571924621458,0.5012304486937004
2016-10-20,0.039212685536478775,0.03836164308349102,0.03810488310759966,0.03873610558500691,0.33023771186903905,0.03824061157623941,0.037665585187189765,0.38378848068748966,0.505257938517558,0.4677166491643535,0.5797206310950751,0.034639848975779014,0.04563030638273721,0.03788833599634367,0.011563699420417448,0.1357041898768121,0.4922074507976228
2016-10-21,0.04502793117780393,0.04447646810090791,0.044057091318907046,0.04377035293696137,0.5690006293796941,0.03863682857930607,0.03791704025915585,0.6690321321482773,0.5120926885477705,0.46897673384994104,0.5966603587258509,0.035898094011861115,0.04477069253485376,0.03812916773349595,0.027183557719919288,0.1552391071116226,0.6543969113180889
2016-10-24,0.044316705250552785,0.04562428355249759,0.04498250364336827,0.04656945158385116,0.36624666374101417,0.03926736081095342,0.038204937969357644,0.7578052151574324,0.5214737795080551,0.4721318198874756,0.6162306057080016,0.037738955719530065,0.043698341568324306,0.038571950211716,0.02989006780417422,0.16843622489839463,0.5865842287897494
2016-10-25,0.046220242626441116,0.04639645133800008,0.04681231683989541,0.04654856059963576,0.21842989288051315,0.0400768316244553,0.03853000662487216,0.7562030529293986,0.5285946460141785,0.4762856171453972,0.6265445958414315,0.03901627867244149,0.04299744395159526,0.0389002576435081,0.02751936779386585,0.15985964829718932,0.5084500554751126
2016-10-26,0.0461365640729042,0.04604165932641535,0.04611823859278842,0.04579654736987572,0.1776248490972384,0.04082665050496091,0.0388485155558963,0.6974700681993655,0.5327880227994604,0.4805683787929225,0.6278764497495327,0.03986028372702838,0.042665154751429984,0.039181046308034456,0.026332842508235588,0.15255857909803253,0.4886310943472973
2016-10-27,0.04571823760101859,0.04526952228651859,0.04531904038110306,0.04468946738244693,0.16644516041373517,0.04150405049438219,0.03906061352111931,0.6161243571074677,0.5341176775697201,0.4842989016627435,0.6221733143603726,0.040393094383386285,0.04268964213368627,0.039472636550904244,0.025294511440160136,0.14560697100334466,0.47882794278981095
2016-10-28,0.04446312640922259,0.04462253847780981,0.04424636733466951,0.04420900140349025,0.20622882871345735,0.04202594532775336,0.03925157352836822,0.5822780420683418,0.5341102961880909,0.4872816306069647,0.6144506223418676,0.04078601948156488,0.04276940375519413,0.03971778671424009,0.025598877215414734,0.1374117822457747,0.49579918180033716
2016-10-31,0.04477692158529878,0.044413858749808216,0.04496148324792083,0.04431346521056655,0.15047484589567917,0.04260109456951988,0.03946950074065575,0.5869896394316692,0.5339159178320184,0.48962332705101436,0.6078304875651537,0.04114756088645835,0.042933810739000516,0.03998777747567936,0.0234078972096238,0.14386418111306865,0.5119009870306213
2016-11-01,0.04437946264835674,0.043579060301656786,0.04355229583474421,0.04406278228598089,0.13562507711072555,0.04305695444393323,0.039687428262993124,0.5676915407046699,0.5330548124252725,0.4912996059490532,0.6009585211107195,0.041414462889124565,0.043213260110782525,0.04026424541698695,0.022768764888649304,0.13787596481360911,0.502099541180767
2016-11-02,0.044065706346247346,0.043391251225204874,0.04365747405891371,0.043289913616002415,0.11699356408506467,0.04346169030376665,0.039809147939703804,0.5089431796609327,0.5309130002454551,0.49215043981963696,0.5924339028876842,0.0415767929304571,0.0434347826866833,0.04045755838687348,0.021287303916312422,0.13247014300689447,0.48764884790510066
2016-11-03,0.04345908139918889,0.04278603121479001,0.04325786153238102,0.04283035639325962,0.11272533901388854,0.04387920852649249,0.03991045920571676,0.47511037397068784,0.5282530867042379,0.49222234157692313,0.5843896374712506,0.04167969465821117,0.04364940397820059,0.04061631292152246,0.01927737171264858,0.1271977398211917,0.4962318365560369
2016-11-04,0.04161829040958473,0.04203471636926684,0.04201694051426076,0.041785904928480846,0.16814042507336258,0.043676841049658244,0.04000375320293578,0.4025364907943589,0.5243571636307177,0.49138821635795665,0.575032825308802,0.04170566975528783,0.04382283592847144,0.04071459065391275,0.01886983627206497,0.12019314017395777,0.47985269784497864
2016-11-07,0.04398200511385722,0.04462253147751569,0.04466700245499587,0.04535788113134835,0.19131502874375503,0.04355328908234435,0.040260309214889406,0.5881604837826835,0.5263281987736651,0.49117202027272494,0.5814143646951617,0.042085442188403904,0.04394107944977349,0.04097161924569567,0.025151258622369124,0.1279221448402899,0.6096037451376161
2016-11-08,0.045592700579502904,0.04516514202179442,0.04544521209364984,0.0454623360524254,0.12314992823822102,0.04344251947792288,0.040443980570471216,0.5925448224897756,0.5277725336533973,0.4913296234018199,0.5852747012266326,0.04234940193948086,0.04438301621295203,0.04132584642273002,0.02349959459695243,0.13352040579959468,0.5118744845989246
2016-11-09,0.04444218780285952,0.04476860088149945,0.043447109054908714,0.044835642069960116,0.33161906754977644,0.043344529517898966,0.04059995455363841,0.5481515798501191,0.5277122036401197,0.49144189838074354,0.5848065838328445,0.04243449995021603,0.04496860371420652,0.041656310311171646,0.02678641059302571,0.1214056972240872,0.49188209494430796
2016-11-10,0.04544625789674109,0.04455991246548413,0.04014502384209802,0.04176498728626772,0.3955713846197094,0.04304630066252629,0.040694705475061266,0.3692722522788923,0.5228785317148404,0.4904254523580576,0.573149943718714,0.04220799066818387,0.04560605226792949,0.041848542296291175,0.03916230712064876,0.10729193053620276,0.42464421946841335
2016-11-11,0.0407397015500468,0.0417007763266328,0.04094425596675953,0.04243343657916611,0.2467800903620573,0.04286523440535123,0.04079820228240488,0.4045838191569679,0.5198605133873967,0.48892157197980424,0.5681160630218793,0.042066349536903,0.04611240834226571,0.0420213353912931,0.03955439584460814,0.11675469382867361,0.5278431255417513
2016-11-14,0.04239222086704782,0.04161729499096313,0.03940888129908034,0.04055342571976417,0.2667749991020017,0.04248179795284704,0.04084922160387508,0.31469536365289824,0.5145505255388058,0.4865031888707279,0.5586717192014024,0.04187647709412773,0.04651573374783444,0.042118529841881164,0.04429499179378908,0.10666691824025867,0.4563528887484282
2016-11-15,0.041773175578275853,0.04331169178738303,0.042424917277712665,0.04295085942896576,0.2244183703907308,0.04236840771936809,0.040997010271234396,0.4336268319658065,0.5137976342669867,0.4843961707262069,0.5618872785210178,0.04172947793118886,0.04702955629906899,0.04229215492303398,0.04851872122290432,0.1154306860973257,0.577213784455703
2016-11-16,0.043057765603042655,0.04366884304696117,0.04346244696988942,0.04459117934484309,0.15748547975755608,0.04250110651576436,0.0411728792225623,0.5019098444520691,0.5155099540708696,0.4831024490033611,0.5702864344506577,0.04157336974221795,0.04775569746869743,0.042564623266644314,0.04662978633384661,0.12210222736846978,0.5547733127797212
2016-11-17,0.04615350228839435,0.04637921880665086,0.045918696706676546,0.046673151194992726,0.19496871061496487,0.042892982082519016,0.04141410388996791,0.5769002302646145,0.5197838805263608,0.4830456305945373,0.5830603057323759,0.04143622652872492,0.048743946627698265,0.04297496931074826,0.047749322765394564,0.12994544091290558,0.5663338585783916
2016-11-18,0.046932722364737445,0.046778443043637735,0.04661747693691627,0.04606330506708824,0.16024819111903085,0.04332917727118668,0.041629677513910834,0.5447889767840719,0.5220562896180162,0.48352025438507035,0.5885486686232324,0.0416468772633283,0.04876031446378021,0.04309351516296481,0.04585150101546635,0.12318754122955144,0.4925010344955209
2016-11-21,0.046343059538543396,0.04642126370523608,0.046871565798952866,0.04713583628946831,0.09751559003175012,0.04351048728673537,0.041865180211497016,0.582750896203803,0.5252095041205767,0.4846216188650447,0.595021207586609,0.041757882674295976,0.048700941226442446,0.043122797308338734,0.04268441296790319,0.12798450938048117,0.5382010243419705
2016-11-22,0.047353914224359556,0.047030570810737166,0.04769738439330541,0.04768261848075998,0.12526842341167524,0.04373690438154526,0.04218171505518217,0.6016737488012378,0.5282434770912523,0.4861970854939038,0.5999174025887453,0.04198775061264318,0.048573882039227384,0.04318142821310747,0.038657965419820195,0.13364899147385204,0.5237701312912424
2016-11-23,0.04741707847732296,0.04669439027504585,0.04651159759332167,0.04616845309610605,0.1146657962590171,0.04387282006354115,0.04245124665299027,0.5170857558041961,0.5281177183693717,0.4874286768272788,0.5963660993367611,0.042038502776366504,0.04855870135454071,0.04320065577598631,0.03760112052717182,0.12831593236549751,0.4683332226282022
2016-11-24,0.04741707847732296,0.04669439027504585,0.04651159759332167,0.04616845309610605,0.1146657962590171,0.04387282006354115,0.04245124665299027,0.5170857558041961,0.5281177183693717,0.4874286768272788,0.5963660993367611,0.042038502776366504,0.04855870135454071,0.04320065577598631,0.03760112052717182,0.12831593236549751,0.5090162641843036
2016-11-25,0.0459218499263693,0.045496771665092306,0.04625749046720269,0.0464418219767538,0.00972258879641675,0.04434974827321955,0.04274416624047006,0.5280283893100166,0.5281473516193957,0.48842073195483243,0.5938923371390324,0.04223204498149019,0.048536201453681566,0.043291252682061354,0.033618489544359795,0.13036861665979232,0.5164487758887576
2016-11-28,0.04600611075932673,0.046526315927194084,0.04642690383560137,0.04661008725837991,0.10594896558401909,0.04477566936359753,0.04300651429350727,0.5350797621379897,0.5281437815534976,0.4892135589880708,0.5918348488910544,0.04246159559824397,0.048543699787818084,0.043415389058557435,0.032538452679650706,0.13542920008824277,0.5135813335453474
2016-11-29,0.046658920643761315,0.047345694106767755,0.04708328298075638,0.0476194923421525,0.11870913131546604,0.04549624358242538,0.043318658831440954,0.5771105153895144,0.529351587381877,0.49012424701476226,0.5930520346989002,0.04283772459759519,0.04848943456443136,0.04358631098868218,0.03204639527674556,0.1408886480768753,0.5363654659368007
2016-11-30,0.0471011996655927,0.046862485829936296,0.0464480835268644,0.04587403328325658,0.21466767034247317,0.04579433923154927,0.043537832134040305,0.4740681997721197,0.527442200943323,0.490415802674864,0.5866580691661819,0.042944606245234135,0.04856636454256996,0.0436799528446237,0.032036476517572215,0.13242967318003063,0.46209571248767456
2016-12-01,0.04552173476201932,0.0446983847671894,0.043737728656568484,0.043644847083682575,0.2137829467775916,0.04569783538205585,0.04368869928627295,0.36473883202896423,0.5224007478950968,0.4894952270402558,0.5741400259532339,0.04293957800173703,0.04860936980247127,0.04369830294005461,0.03432612265980477,0.12399835347850367,0.4482670472785442
2016-12-02,0.043352622004852126,0.043269663287406085,0.04344128648693664,0.04374999511270042,0.14329866799518362,0.04539974154526191,0.043863643668974384,0.37006663444795956,0.5183967449587102,0.4878423840382213,0.5665776813550218,0.04291675370676279,0.04873133139334804,0.04374584835292872,0.03230155984663431,0.1302264352716851,0.5119330391170169
2016-12-05,0.04465832080215626,0.04562286818570996,0.045050573961822896,0.04578992730044125,0.12797022706082808,0.04537186338034019,0.04393411055668439,0.4670990655835215,0.5180973311043418,0.4864515838090487,0.5692838756168497,0.042880095905046905,0.04919489772890323,0.04395285670610871,0.03470001174726646,0.13597537188915057,0.5655556220879916
2016-12-06,0.04619564947526186,0.04534972362659828,0.04555875323127288,0.045222111948946306,0.09950211849517346,0.045176708070403804,0.04388709924951148,0.4380997141273573,0.5168676876488837,0.4850575193223887,0.5692501646513272,0.042871865106026946,0.04918936674002153,0.04394583742593225,0.03258487344557784,0.13111630769507154,0.4935320276693519
2016-12-07,0.04531116046714667,0.047282711785531034,0.04555876202004437,0.048208376397847655,0.18463235948668855,0.04523032313245229,0.043945013459350424,0.5591038624299149,0.5201514337992188,0.4846938075135898,0.5798909256005168,0.043238389935790295,0.04908611001498683,0.04408780798375242,0.036495583488315886,0.13863642166279047,0.5908179987869683
2016-12-08,0.04802779762103471,0.04770290144510933,0.04776088952491318,0.04745127149052257,0.10976116368088734,0.04536114073039646,0.044002750010630365,0.5193660482103466,0.5214272485953165,0.4846948294471137,0.5836576402852572,0.04347597913468984,0.04910769061095338,0.04422303628384175,0.03476304935360208,0.13345667436537184,0.48875701448953585
2016-12-09,0.04777508332620378,0.04856433139319305,0.04837494810579922,0.04947015274606169,0.15761744646758696,0.045669959935629056,0.04416955744529916,0.5909588070492033,0.5251989416855308,0.485558861526199,0.5925702047430004,0.04388903743300171,0.04947971400349166,0.04462139410121588,0.03468680998908048,0.1401323407274327,0.5633579684724552
2016-12-12,0.04912288915958457,0.04921566229718413,0.04962425202415564,0.04989075374813225,0.10177522555375262,0.046004511507163615,0.044367804864015786,0.6048857242141645,0.5285319806089076,0.487012908438824,0.5986634647840241,0.04434498747519183,0.049779358913861815,0.04500693813740786,0.03206175450060829,0.14506245900233236,0.5201620913486807
2016-12-13,0.05055493171356612,0.05156885168515646,0.050725332303612855,0.051594190916617835,0.222972202657138,0.046409838186549424,0.044621843581308634,0.6584561781103095,0.5333704629162969,0.48928351291049393,0.6070962994567977,0.04473981742666411,0.05052432439303481,0.04557774679153853,0.0339025831783311,0.15378102172106897,0.5540117292924894
2016-12-14,0.05160790140196117,0.05163189010262803,0.05133938814795179,0.05096329385651159,0.1810692583158549,0.04692882423040659,0.04486261588599594,0.6211699834500799,0.5358993882625795,0.49167878300563844,0.6083837587185407,0.04517766055753694,0.05090224426326334,0.04599199044497673,0.03350467391189897,0.14637228520810255,0.49256575611645587
2016-12-15,0.0509761225717936,0.05100157446867709,0.050852376041819594,0.050752997798475905,0.16012012874953344,0.047653690046473796,0.04512301744613004,0.6084477704583047,0.5372087323498427,0.49389466419681727,0.6065311557360372,0.04561556344243059,0.051084064105630184,0.04631055706928261,0.03268819660540205,0.13961838857155523,0.5035065939870127
2016-12-16,0.051502603590677765,0.05058135767699831,0.05047123097237709,0.05016414928677772,0.2755574226979618,0.04830778437934957,0.04537890778107456,0.572021537169177,0.5369907774440313,0.49561748655391413,0.6014391893636648,0.04593938675164305,0.051105640115130246,0.04649104201636875,0.031802324022297504,0.12925608696218882,0.49356402332069066
2016-12-19,0.05068130786240049,0.05230424471789619,0.051106483157469976,0.05294012656364262,0.21219075670804752,0.04903693816799631,0.04576810032464773,0.667370131639148,0.5405284935439635,0.49780540945619034,0.606242422106132,0.0467897414348134,0.0509196675700298,0.04684657436880599,0.03506656599465778,0.13763763707567278,0.5821893440702591
2016-12-20,0.053060999487341026,0.052367262210109455,0.05239811808868437,0.052771879054014995,0.1473021787781913,0.04980683857012813,0.04602678916945899,0.6567394610130701,0.5426373024628856,0.500038383682112,0.606707680629409,0.047478709640716904,0.050775807295926983,0.04713795833791451,0.03362766528679183,0.13128441125213497,0.504673378518302
2016-12-21,0.0525134593698367,0.05215715943589974,0.05258868901757589,0.052771879054014995,0.07755425862039347,0.05027220955193684,0.0462818333783869,0.6567394610130703,0.543850063796551,0.5021023236125416,0.6049620127923734,0.048076387826986894,0.050672195682101906,0.047401073613581035,0.03107828763937405,0.1354574166864663,0.5090162641843036
2016-12-22,0.05337687318714085,0.052997558430346425,0.05320273174104877,0.05279288555622054,0.11722470104464536,0.05081692977442595,0.046559477120240333,0.6575021545396229,0.544377874282109,0.503874273742347,0.6019465465983178,0.04860360226688418,0.05080697848196358,0.04774355742783831,0.02941340346705429,0.14087046350449076,0.5095591768508266
2016-12-23,0.05255558027097401,0.051820991381778786,0.051911106476475385,0.05214098199390875,0.04091202271389149,0.05108929215108288,0.046921515808770464,0.6090716322683936,0.5433731506823477,0.5050618861830383,0.5959119161294847,0.0489608772174113,0.05102649267361409,0.048038204565157616,0.02825052092294847,0.13784284204216507,0.49217047674962305
2016-12-26,0.05255558027097401,0.051820991381778786,0.051911106476475385,0.05214098199390875,0.04091202271389149,0.05108929215108288,0.046921515808770464,0.6090716322683936,0.5433731506823477,0.5050618861830383,0.5959119161294847,0.0489608772174113,0.05102649267361409,0.048038204565157616,0.02825052092294847,0.13784284204216507,0.5090162641843036
2016-12-27,0.05205015280676245,0.052934551517787615,0.05277926213329677,0.05222509686272332,0.03590978162242529,0.051327340779288994,0.04726316592979271,0.6127369566943501,0.542261885179403,0.5057576445904727,0.5908323920963662,0.04928376196253856,0.05127407453746807,0.04832850111780049,0.02787318579814832,0.14071410059080577,0.5112005242319974
2016-12-28,0.052450276922544226,0.051526836210058324,0.0519746274359031,0.05161522407682108,0.05847765077391839,0.051329485671743696,0.047649133644967506,0.5653053686994256,0.540058927970123,0.5058100680142461,0.5841884788824973,0.04950814795429337,0.051456047540022254,0.0485350808442114,0.02567097255317212,0.13713740267775518,0.4931893505621576
2016-12-29,0.051313085274029835,0.05110663898627418,0.05176289380566067,0.05142597006498793,0.02409837064060858,0.051376667868757914,0.04794484678151659,0.5504772199204142,0.5376445081672999,0.5052994267286083,0.5783735408515603,0.04960326348508837,0.05194188117418744,0.048822116525678666,0.02298751022563278,0.13463535197057547,0.5040822891921855
2016-12-30,0.051523661796398945,0.05066540435421896,0.05028066240151989,0.049827672039520945,0.1437999853196796,0.05128230619322438,0.04812755822279008,0.43480222117882356,0.5330191690204066,0.5038323281066367,0.5684959192442159,0.04921641139974736,0.05301283174505242,0.04914176918822902,0.023624678925663833,0.12839159971367475,0.46728798043155684
2017-01-02,0.051523661796398945,0.05066540435421896,0.05028066240151989,0.049827672039520945,0.1437999853196796,0.05128230619322438,0.04812755822279008,0.43480222117882356,0.5330191690204066,0.5038323281066367,0.5684959192442159,0.04921641139974736,0.05301283174505242,0.04914176918822902,0.023624678925663833,0.12839159971367475,0.5090162641843036
2017-01-03,0.05116565722904173,0.050350243062836975,0.050492413229136904,0.050752997798475905,0.10564833136294283,0.05134235502647205,0.04826991202648287,0.4886564123000808,0.5304266867849344,0.5020653166428155,0.5653986294285196,0.04870408411865568,0.05430559430290985,0.049503825120645745,0.02261991086609952,0.13344278574565804,0.5334700930886513
2017-01-04,0.050512810623349697,0.0501611441356182,0.05047123097237709,0.05016414928677772,0.11069195846406368,0.051059269999871426,0.04841299847795044,0.4480805941203168,0.5272290337124773,0.49991987152029904,0.5614904316008941,0.048384493502231174,0.05511262949187448,0.04972997283055275,0.02117607639671673,0.12823394313242417,0.49356402332069066
2017-01-05,0.049902086961231856,0.0499720484427425,0.05028066005343852,0.05016414928677772,0.13830345471667765,0.050793342300578664,0.04851866222363427,0.4480805941203168,0.5244599033862352,0.4975697540100561,0.5593767185029501,0.04774979833417678,0.05631866305368674,0.04998547665036723,0.019835372960861283,0.13430588169131852,0.5090162641843036
2017-01-06,0.05013374153108224,0.05100157143372666,0.05030183930066452,0.051299771103768335,0.09962627652413744,0.05064322157670684,0.048644871732095446,0.5176970401046461,0.5237286109400172,0.4955222915941433,0.5625023283819939,0.047639215151514286,0.05676505085945813,0.05014530206282833,0.02165551982025181,0.1391688268880944,0.5389505675474552
2017-01-09,0.05110245328525992,0.05085448050235944,0.05136054745531775,0.05087915232969929,0.10321670807870528,0.050448065360605504,0.04880923721421487,0.4851601416664934,0.522312958799628,0.4935603261848489,0.5633852815967965,0.04725841148395801,0.05753766596438187,0.05032252384170363,0.019705864877562804,0.13419364992779625,0.4980242837997404
2017-01-10,0.051039308017820445,0.05083349577744711,0.050810035937685585,0.05083712155328972,0.08924151157324622,0.0503151019640416,0.04896259778727052,0.4818032589413555,0.5209341777967007,0.4916751969523123,0.5641787918255717,0.04718191448465303,0.0577647305209075,0.05039319626441893,0.01949187230289401,0.12965531765470079,0.5079143717692202
2017-01-11,0.0507865922330506,0.051169659431571285,0.05112765127831477,0.052035825078891665,0.11207643761722785,0.05029580065044392,0.04915191236001215,0.5564491711708515,0.5214251652196976,0.4902794641830202,0.5692329357965226,0.04720387946449883,0.057968337770219536,0.05050409666466238,0.019357009998838742,0.13490743710932765,0.5404518930783975
2017-01-12,0.05173428233097502,0.05152686059945821,0.05011129225366619,0.05081610616508493,0.10778869084338441,0.050214309235803695,0.04926344844968841,0.45900096311210176,0.5198178826178956,0.4887950246809727,0.5683168347777978,0.04717996560879528,0.05791163116073156,0.050463869605948314,0.023382432782779072,0.1297893464962625,0.4773180455092776
2017-01-13,0.0508076662153818,0.05041329479274734,0.05095826947252964,0.05100537794891659,0.09571725078203941,0.050171418636028864,0.04944249107119089,0.4713907831192425,0.5186576527239297,0.487341935221061,0.5686405960600096,0.04718039479030492,0.057915627606045295,0.050466045357693584,0.021181713056891815,0.1345301011301431,0.5139806503542192
2017-01-16,0.0508076662153818,0.05041329479274734,0.05095826947252964,0.05100537794891659,0.09571725078203941,0.050171418636028864,0.04944249107119089,0.4713907831192425,0.5186576527239297,0.487341935221061,0.5686405960600096,0.04718039479030492,0.057915627606045295,0.050466045357693584,0.021181713056891815,0.1345301011301431,0.5090162641843036
2017-01-17,0.0509340380190087,0.05005613106346454,0.05028069824921132,0.05064787642745579,0.10541329006282865,0.05025506038011357,0.04968684042089619,0.44291544209506967,0.5170565750996464,0.4858130304785573,0.5678576289112929,0.047182332664420096,0.05790240819275658,0.05046061057240084,0.02009603814911909,0.12948626215357964,0.49965286080751725
2017-01-18,0.0509129531243801,0.05005611008251021,0.0504712482745288,0.05058476806084676,0.09765224195042113,0.0502379048651356,0.04992531897685826,0.43772346548095725,0.5155614135780432,0.48424771416711915,0.5674815957246562,0.04715990159288769,0.05797108573985793,0.05048235660467737,0.01851320559099562,0.12468502245880121,0.5073588850656819
2017-01-19,0.050007390238744176,0.050644386902988,0.05064063093473799,0.05016414928677772,0.08813814493849104,0.0502379048651356,0.05007794411169056,0.40235818281962493,0.513640361989554,0.48255579659364156,0.566174146543251,0.04695373543476988,0.05789872852665001,0.0503388383045367,0.018320532808367956,0.12018117985118137,0.4979644888354169
2017-01-20,0.05091293665194668,0.05030821856092077,0.05100059462717528,0.05108947504573268,0.17998228991134024,0.050332266540669135,0.0502826678514903,0.4752742945207316,0.5133874646734109,0.4811443827887496,0.5690709930415428,0.04673392584825728,0.057956885089729515,0.05025185785068689,0.0164813794183733,0.12755593928393402,0.5334072908129555
2017-01-23,0.050976115372972974,0.05093852999597839,0.051424081589468415,0.05155212459621129,0.12441649630727475,0.05035800071930105,0.05039933774643726,0.5090268838970922,0.5137637932437513,0.48010138078106857,0.5728756921015968,0.046520143763228744,0.05805756841280524,0.05018879642441665,0.014965151570527926,0.1331937913525109,0.5211259000782879
2017-01-24,0.0520290894474193,0.05224119837043345,0.05220754180476471,0.05272981273360848,0.13671751159198706,0.05054672497653315,0.050583516343559315,0.5865712405877981,0.5156806658494182,0.4797056872697068,0.5795606409717379,0.046503506128661914,0.05806877849427833,0.050185535553240984,0.015153650589856155,0.13921615559393816,0.5397339907430514
2017-01-25,0.053608530937393095,0.052997561846277935,0.05328743512167265,0.05306628109486601,0.12890726878885797,0.05077404733013571,0.0507089922740962,0.6068586269418954,0.5175452058495215,0.4798158633704724,0.5847849080889745,0.04671749676878892,0.057936679240876615,0.05023337360840008,0.01437081072008986,0.14499438279779484,0.5177150213000099
2017-01-26,0.053966543485585994,0.053922032274231424,0.05349917608917616,0.05430704205487523,0.2841586848931694,0.051005658562482764,0.05086308518487678,0.6750498280285329,0.520677745613131,0.4806209379416507,0.5919613328865214,0.04726331684887872,0.05757026861952941,0.05034101038102565,0.01581501759821101,0.1556255475814104,0.5410132128157061
2017-01-27,0.056641079093128016,0.05680049249236557,0.05633656348926595,0.057482578287608235,0.29402417255311075,0.05168548344933066,0.051068542502600844,0.7982653219841798,0.5276141633341422,0.4828525118621958,0.6066932192560476,0.04885393750263495,0.05648131346779542,0.050644353174813306,0.021306750333349778,0.1665650934220812,0.5901557588849518
2017-01-30,0.05727287728627686,0.05654837026302373,0.05614601126993328,0.0561156361383779,0.19121039241745835,0.052206610760982736,0.05124831777187805,0.677630180076926,0.5307696183145608,0.4853599492167048,0.6095421436277751,0.049608422330918445,0.05616674978301944,0.05088680937526188,0.022255509215300923,0.1588393595378961,0.4748907056268875
2017-01-31,0.05552493574821979,0.055203683368929085,0.055002575846029786,0.055106195510608344,0.14138397939757588,0.052661255468187895,0.051400209328786084,0.5983645385178087,0.5314527195230908,0.48752223814384166,0.6059776923611665,0.050011359367323927,0.05629260292576288,0.0511597095614906,0.022497948782928753,0.15267112817624068,0.4835641899491935
2017-02-01,0.054471983412152564,0.054090140498731926,0.05332980363392552,0.05285600280882881,0.25383679544222904,0.052892868512864843,0.05149413334728242,0.4501218960142985,0.5283658124721142,0.48854557939827176,0.5942154383492022,0.050085991506175764,0.05643511812444521,0.05126843512880286,0.02457485320617918,0.14298778235942217,0.4518585746902512
2017-02-02,0.05213434078385254,0.05154780089860897,0.05180518520556336,0.05199371432848894,0.3019031317496287,0.05307944153448749,0.051461111178894875,0.4016095470416187,0.5244020345002531,0.48845707605789107,0.5827330859467301,0.05007734896934232,0.05663821777697606,0.05136302382265545,0.024268659230557946,0.13180195150484536,0.4867444554135127
2017-02-03,0.05266085774239421,0.05215714283875206,0.05248280151308697,0.05306628109486601,0.18067179644954892,0.053281029709458166,0.051471383440183927,0.4586373541955952,0.5226426676085086,0.48798361308629484,0.5787574924447497,0.05012002815124178,0.05689974530210101,0.051513064324554436,0.02270705673207872,0.13919826392741755,0.5368991088534986
2017-02-06,0.052660873642152245,0.05205210736508087,0.052631038326850996,0.05298217511205065,0.09863847836917258,0.05342686155458548,0.0514787210797259,0.45353921026521465,0.5209289427990617,0.487212628357416,0.5756848960760967,0.050178819521996626,0.05701474070273982,0.05160004477840424,0.020682244271632885,0.1343661958904624,0.5068473252037318
2017-02-07,0.05316628691085187,0.05232522421958652,0.05282159412064792,0.05254053206377758,0.10239289222614567,0.05340755933482283,0.05146991597428549,0.4258745548696297,0.5187445562221586,0.48609590746942644,0.5721143751276524,0.05019280383415825,0.05717569255757554,0.05168593827519555,0.018865954522469003,0.12941677023736653,0.49761994298565326
2017-02-08,0.05280828085843964,0.052388268860854764,0.052800430558761755,0.052351269165945166,0.08536372055541588,0.05333464477150662,0.05147725330377764,0.4137379064272619,0.5165875718117765,0.48470886909453076,0.5693227254135713,0.05018891441398807,0.05734026874401518,0.05176421985672769,0.017434829849128128,0.1249996521742866,0.504116284605391
2017-02-09,0.05270298799913847,0.05371194110932598,0.053012174821072885,0.053865425664599856,0.12087760204774853,0.05328961018544201,0.051534487574314836,0.5024691697937258,0.5169824332141391,0.4836896089768959,0.5731208817166595,0.05030598219225585,0.05740818877382395,0.05185881038820847,0.019490313768290524,0.13052688346159275,0.5482731802117752
2017-02-10,0.054240368273131,0.05341784116686224,0.054409739476207045,0.05373929779137422,0.08594390555868772,0.05290788276004796,0.05160860064815745,0.4934817773352656,0.5169591823736919,0.4828688795422437,0.5751711675887594,0.05037079010842474,0.057648150890410726,0.05200993968479417,0.01629050182968786,0.1260916296437723,0.5057829521298444
2017-02-13,0.05421925409481845,0.05459437921395502,0.05472730191223267,0.0552534098600327,0.1230304554178972,0.05281995576187856,0.05174214748611081,0.5735710714035871,0.5190214721200452,0.48268428521427437,0.5817407255149363,0.050616420390232786,0.057834004870904815,0.05222956335531467,0.01676730136451758,0.1316861560533122,0.5478671890727691
2017-02-14,0.055399608603429046,0.055124609265910174,0.05531620355366888,0.05576118251465674,0.12450083006279744,0.05288674918090597,0.05194917923692852,0.5979785897501493,0.5212138663076054,0.4830383755313225,0.5873038833130303,0.05086880872462882,0.05810425003974598,0.05249392178643367,0.016215623772165788,0.1373266442746643,0.5219003695706157
2017-02-15,0.05559030363666362,0.05480755584782235,0.05561447824842981,0.05567657002988467,0.07684288777519746,0.05317438134326402,0.05212097227304388,0.590966266808981,0.5226117881578015,0.48364158539048685,0.589876615497251,0.051030289719278005,0.05846997506382434,0.05275716845251391,0.013840246207254547,0.1331758752771683,0.5068773064843914
2017-02-16,0.056098765858263094,0.05622377389880498,0.05621093403499873,0.055655385807694316,0.1044942083012527,0.05354778654968714,0.052312572223165044,0.589093241268726,0.5234646348668279,0.4843193413950427,0.5906464758856772,0.05104963038539609,0.05903086370195976,0.0530410659244854,0.014140016438189004,0.12816076548409017,0.5084804066570048
2017-02-17,0.0555267373686556,0.05506120963058242,0.05591270956756754,0.05586698810761841,0.10997980675076097,0.05383339343336491,0.05251155539015487,0.6010901173378349,0.524223147335361,0.48503514436006523,0.5910393982508718,0.05114213081815533,0.059437474785071165,0.05328806382293938,0.011784431670665146,0.13334734725166672,0.5143696012381282
2017-02-20,0.0555267373686556,0.05506120963058242,0.05591270956756754,0.05586698810761841,0.10997980675076097,0.05383339343336491,0.05251155539015487,0.6010901173378349,0.524223147335361,0.48503514436006523,0.5910393982508718,0.05114213081815533,0.059437474785071165,0.05328806382293938,0.011784431670665146,0.13334734725166672,0.5090162641843036
2017-02-21,0.05582334623534069,0.05561077688155097,0.056232231321536805,0.05559192200111564,0.10535003974618665,0.05409952683210306,0.05266131690465378,0.5739720691875272,0.5241831991327232,0.4855986439232094,0.5894665153672156,0.051182450616016534,0.059822052418352395,0.05349692174886567,0.010303781256277678,0.12830548538968467,0.5020681235169884
2017-02-22,0.055230122624379624,0.05442706651408949,0.055380140093400046,0.055316891438609864,0.09470524571576713,0.05438265082379687,0.052816158275751035,0.5464458729823141,0.5235181838669323,0.4858972437982183,0.5867308168850093,0.051252536031020896,0.06002073489741408,0.053630673974132875,0.008543366281108841,0.12359636458910653,0.5020550160325534
2017-02-23,0.05542079568663302,0.05514576346318267,0.05567837656752554,0.05586698810761841,0.1023608766337713,0.05474117227079084,0.052991660128066914,0.583522345819766,0.5235848163082455,0.4861513736377847,0.5862715614992438,0.05138439941271217,0.06017561369563201,0.05377547080406808,0.00755119919009347,0.1285447894805007,0.5229677821195062
2017-02-24,0.05565385445553778,0.0552937286384845,0.05557185565739407,0.05586698810761841,0.11425896397543078,0.05494528502133347,0.05312533687690371,0.583522345819766,0.5234147041754612,0.48631574452586207,0.5853445939022576,0.05150978874372761,0.060206020582980774,0.05385612016948857,0.007400836540535749,0.13386513159259705,0.5090162641843036
2017-02-27,0.05567503283474784,0.0547441236305474,0.055380124361020425,0.055041834218106336,0.06799018604963511,0.0550781133993187,0.05327278076883962,0.4948641186975589,0.5218472136942742,0.4860884950366239,0.5813002128787643,0.05111282200331699,0.06037435324844406,0.053729933459369356,0.006683039995364355,0.12999108541003185,0.4881729644793476
2017-02-28,0.05470045486285055,0.05402544815939159,0.05476235476619175,0.054512912885288936,0.12552689075499016,0.055002599954903975,0.05339516550245971,0.442864233139949,0.5196385438121801,0.4854012047031183,0.5765492331842442,0.050937756898442016,0.060392834131547335,0.05364707250845446,0.005374005166442548,0.12431852399658141,0.49557464227974024
2017-03-01,0.054806372509459855,0.055695342234777484,0.055316218252864494,0.05654403016178276,0.15440105073612437,0.055082432181506796,0.05360089380374494,0.5886084251736647,0.5207186112996282,0.4850985637980428,0.5805216231290764,0.05114730281678112,0.0603198074346421,0.053721408702320145,0.007627608386701269,0.1308936504208545,0.5608352879661206
2017-03-02,0.05599285157369538,0.055188028987850524,0.05501798099713841,0.05457637669186759,0.1356766144057672,0.05497023808577192,0.05374016881251459,0.4245439708226983,0.5184806698799131,0.48434426105489764,0.5758571759431408,0.0511284017506059,0.06052237204135941,0.053810352202455336,0.010041518204171748,0.12490382313914342,0.4595584635265286
2017-03-03,0.05450975442239381,0.05419453908866914,0.05446409899044018,0.055084149346491626,0.08567216345755904,0.05491198527147026,0.0539118372085938,0.45866453286909076,0.5173101000740026,0.4834729145417307,0.5746484298466296,0.051010257850229807,0.060976788653320596,0.053970127998956036,0.009713250935576595,0.12933058268691044,0.521964779416254
2017-03-06,0.05446737774176297,0.054786398127094155,0.05486885729724185,0.055126455588877646,0.09046981710507207,0.05483646820239571,0.05405269533185264,0.46157244597329833,0.5163044107989035,0.4825456686572236,0.5740711402831423,0.050989711275681,0.0612171178505003,0.05407663922433162,0.009986596008735873,0.13390731003700035,0.5100910695707681
2017-03-07,0.05493348593271641,0.05525142673221306,0.05567835966436381,0.05540150392338193,0.08867928653642829,0.054817049993518524,0.054187007682863914,0.4812780603573678,0.5157817348986616,0.48168424889918343,0.574750946422337,0.05095299628921737,0.06151287907328262,0.05420171876348251,0.009212526919417083,0.13842806795826113,0.5160017925497583
2017-03-08,0.055081824382531314,0.05588560245729943,0.05580620170877905,0.056649817982745945,0.11202646205839958,0.05495297745565886,0.05432378431001311,0.5635774225527796,0.5170751562509545,0.48129113402577456,0.5795872713388155,0.05096244981352388,0.061938009869473565,0.05441416925246789,0.010035620183373825,0.14367862524828046,0.5406562683624198
2017-03-09,0.057052206600371,0.0561392342429162,0.05629616162408228,0.056099721313737375,0.09903203589494514,0.05497671082206429,0.0544296269544553,0.513934354182497,0.5171311741909679,0.4809894627619004,0.5805316369044105,0.05069568203375624,0.06262195387859376,0.05460796459974729,0.010093193037067197,0.138834255165041,0.4951999899323099
2017-03-10,0.05688268760076351,0.05626605428049336,0.05687131350654433,0.056522845939592406,0.09662227691769495,0.05504359304525752,0.0545069406728087,0.5418141858967371,0.5176487243334672,0.4808665756865451,0.5823779948092327,0.050737488929735536,0.06285849712647629,0.05474535349114951,0.008926010096655876,0.1436032996236111,0.5196861843071211
2017-03-13,0.05667083917960594,0.05611810788310384,0.056487879761312434,0.0560573972993529,0.1010091939410882,0.05514715682593588,0.05445721332902681,0.49850644952070483,0.5172148501075716,0.4806689667121304,0.5816063193599962,0.05061492512137061,0.06323585320535019,0.05486519946529153,0.008420468200122426,0.13869712640308623,0.4973152120100786
2017-03-14,0.0556538509287772,0.05476527576029536,0.05559315956482082,0.055422679259573046,0.055564231867852136,0.05523993180662862,0.05443303471226002,0.442007619923336,0.5157915005268683,0.48018512236912586,0.5786502809104328,0.050614951160138644,0.06325375591379812,0.05487395071001183,0.007565553493442727,0.13521149780489022,0.4930056517801602
2017-03-15,0.05569626211255868,0.05554739861115787,0.055806213195353074,0.05614205421412115,0.1379739283756538,0.05519893962244002,0.054469177842349115,0.49604873139804745,0.5156010646776988,0.47975446249150183,0.5791995328262907,0.05065360780720185,0.06325253198562492,0.05489364181459486,0.007478374161569941,0.1412731358409037,0.5272468445770235
2017-03-16,0.056119961441468386,0.0552091642768171,0.055912699031730975,0.055909285464005185,0.10549371947781788,0.05533486527225043,0.05457571282808671,0.47444964024316555,0.5149781168488811,0.4792673626447037,0.5786166603469298,0.05067034382639027,0.06325918634937344,0.05490567322558654,0.006048320799915248,0.13622678275567496,0.5031483558854495
2017-03-17,0.056458965423048874,0.056223781502521164,0.056722206190417415,0.05639591832643508,0.32839564400535365,0.05546863515562664,0.054729314309868965,0.5117673452177607,0.5150816730936689,0.47890138333177823,0.579867508405725,0.050748488254966334,0.06325359785852613,0.05494395883014613,0.005619824961242699,0.14824073171399677,0.5213047569349034
2017-03-20,0.056458953260642986,0.056096946638881956,0.05680740747050343,0.056522845939592406,0.05804661157902464,0.05561103444789439,0.05484992059759988,0.5215323909662599,0.5152241072151699,0.4786411982929812,0.580960077586145,0.05083020307039374,0.06323520033891666,0.054977866745013926,0.0043225249289758,0.15180395595730742,0.5122100862236024
2017-03-21,0.057052211813537645,0.05677338514759517,0.05555055291774812,0.054999527975720316,0.15208187245925042,0.05557004226370579,0.054920309972849635,0.3796409186053327,0.5129678029171947,0.4779166575935475,0.5761645374896261,0.05083903276821239,0.0631629529613443,0.054947239915231566,0.00896403945871277,0.14530132373435256,0.47072111960287577
2017-03-22,0.054785205418174526,0.05601242350905947,0.055529268437358434,0.0567344482395165,0.10553822895989931,0.05557867257876234,0.055066643886354016,0.5097067655739738,0.5136508525631618,0.47749335227658235,0.5792754855787211,0.05096846048627024,0.06317393384841613,0.05502052774223018,0.011025468256957827,0.15034906812243484,0.553119995654069
2017-03-23,0.05652252396324503,0.056223781502521164,0.05691392431549526,0.05639591832643508,0.09452174171069463,0.05560887777529522,0.0552077695826258,0.48063891881083337,0.5135789053424691,0.47713824170802316,0.5799797531866672,0.05102034440345751,0.06317416973170589,0.05504787348692711,0.009406307971528693,0.145645683395025,0.5005189483264929
2017-03-24,0.05741240225015709,0.05666770337619828,0.05689265943279147,0.0566286781905518,0.12066442505462174,0.05561967019994066,0.05530418485159627,0.49725639565150087,0.5137566456444718,0.47689483206982086,0.5811333221764587,0.05110297762152369,0.06316599541350831,0.05508725293965089,0.009316110744327394,0.15116625107392714,0.5148730952188462
2017-03-27,0.05586571655996736,0.05618151456050546,0.056019209124042776,0.05688253341686646,0.08941095995239828,0.05570381486557688,0.05541385847187638,0.5157686320780945,0.5141590166376852,0.47679219363598335,0.5825871085996529,0.05121297874379396,0.06324269029305199,0.05518241727052561,0.010388782901734492,0.15570988006139502,0.5153930938016341
2017-03-28,0.05656492454556031,0.05670999577915359,0.056658333781544876,0.057284562680523524,0.10085614379217667,0.055893683609150424,0.05548472935452953,0.545072496844101,0.514950764656997,0.4768912875574311,0.5846704591013115,0.05131140812526597,0.06343044452494209,0.05532571183943741,0.011063601523265756,0.16061126915280935,0.5190966045983827
2017-03-29,0.05690388143881736,0.05677336335801861,0.057297366860198026,0.057665354405994754,0.05039644673776731,0.056049024749343146,0.055551169624951824,0.5723487413655384,0.5160073161368168,0.47721237202786565,0.5869630220416555,0.051514636082750614,0.06333068393649571,0.05538368441391667,0.009955674061572634,0.1639353601670579,0.5185363143825942
2017-03-30,0.05753950704437108,0.05778801733222105,0.058170816902336844,0.05817315371861652,0.06214382653483531,0.05627988658327027,0.05563828029818768,0.6075569076586447,0.5174461273189137,0.47779853541165734,0.5897005714364506,0.05176188992104891,0.06344580457793045,0.055569638142416555,0.009376584954498765,0.16762665749936403,0.5216766898406973
2017-03-31,0.058026805192814584,0.05823190183257029,0.05836252403714119,0.058490508295506824,0.10835169674830905,0.0564934859747544,0.05573720325027384,0.6289796642970917,0.5188878814350419,0.47859743546540806,0.591897566794254,0.052083879289195084,0.06346038690228661,0.055745747237439025,0.009609794382318904,0.1727623468730859,0.5168996317677931
2017-04-03,0.05836579084937321,0.05770345386813433,0.05780866220206045,0.05783463269153434,0.10335882607412314,0.05662725767046051,0.055805858206711856,0.5513716060426355,0.5188838517592501,0.4792356332502554,0.590237946293298,0.05219873807135736,0.06362375001047715,0.05588576026185832,0.009890553893134563,0.16778272750718512,0.4927608420061412
2017-04-04,0.0574759130829027,0.057428623933964085,0.05800035439007399,0.058215442189004055,0.04554725579521266,0.05695520601794879,0.055897397941929355,0.5801804308690417,0.5192721353237849,0.4798350566131084,0.5898375112148532,0.05237641715421171,0.06373076218944959,0.05603124114887731,0.00873790155090047,0.17095523973685925,0.5184989979418554
2017-04-05,0.059403988433097604,0.05857012322667893,0.05834125492455196,0.057855799141726186,0.11153998122793074,0.05706955769244779,0.05598598538255886,0.5375358399713588,0.5188741275765526,0.480223504627891,0.5876587055561446,0.052496071805871736,0.06372984039557333,0.05609359049423435,0.010108804774204838,0.16571988914294133,0.5000851303451921
2017-04-06,0.05792083896026251,0.0579570731841981,0.058426421690495736,0.058215442189004055,0.085419162190991,0.05725510674766829,0.0560679275249418,0.5668825804942366,0.518922713012349,0.4805453826226823,0.586971217005544,0.05266385288989908,0.06377353427457982,0.056202973473022,0.009261749325431626,0.17013874023238273,0.5179705546427628
2017-04-07,0.05845057454511937,0.057745756282920946,0.0583412677952785,0.058109707684036324,0.054223481328662705,0.057406137261157536,0.05614618038426422,0.5534225614020887,0.5186360513210011,0.48073727773502306,0.5856288448165239,0.05279865645682738,0.06379666868291303,0.0562850143823691,0.008089756168674696,0.16669502158154814,0.506390524517079
2017-04-10,0.05794205646028708,0.057449792377360004,0.05817080728775324,0.05779230867714981,0.08424161308610009,0.057498913148015224,0.05624214980156303,0.5124853586395115,0.5177786317495503,0.4806945591322464,0.5832059186557954,0.05286440918715496,0.06390974024744875,0.05637470947242301,0.006616032836838016,0.16231297899567168,0.501128193109595
2017-04-11,0.05792084588129834,0.05700587789063305,0.05708433688949009,0.057686511970187385,0.09079153476502899,0.05753990261370895,0.056352882862150566,0.498678809543957,0.5167950835368836,0.480435282925487,0.5809694633670167,0.052840035355214754,0.06417575862741959,0.056491749847766864,0.00717488865617745,0.1577261952109208,0.5063809615728609
2017-04-12,0.057539512243307694,0.05679453510153443,0.05763825003286642,0.05715760840936844,0.07764952452940985,0.05748812434802961,0.05637429180368586,0.4313251833824348,0.5151015185572678,0.47984026151996556,0.5775021220608525,0.052827180579193334,0.06429715976003636,0.056544254100239416,0.005381070109748656,0.15355021190030638,0.4958316823689016
2017-04-13,0.0572640622794752,0.05753433669214614,0.05729737189054364,0.056565161067977696,0.08380276521013943,0.05732414654962564,0.05644368436869612,0.363031161016716,0.5127774971601274,0.4788323535456503,0.5732381187034897,0.05278370932549489,0.06441338375966477,0.05657816293392129,0.006991794753990407,0.14918188707238977,0.4941910556824437
2017-04-14,0.0572640622794752,0.05753433669214614,0.05729737189054364,0.056565161067977696,0.08380276521013943,0.05732414654962564,0.05644368436869612,0.363031161016716,0.5127774971601274,0.4788323535456503,0.5732381187034897,0.05278370932549489,0.06441338375966477,0.05657816293392129,0.006991794753990407,0.14918188707238977,0.5090162641843036
2017-04-17,0.056734376815923776,0.05675221643217246,0.05742519074680073,0.057686511970187385,0.07437612542615879,0.057242157650423675,0.05653448587524171,0.4836753713332946,0.5125070765473834,0.47796413692296735,0.5746807531638327,0.0528064882603424,0.06452560088625753,0.05664488675312085,0.006110425114042112,0.15325554860121096,0.5371975583792933
2017-04-18,0.05734881949638404,0.05721727101544563,0.05774475380387216,0.05749610277845292,0.06239995127383014,0.0572076354840326,0.05661716748649592,0.46123510661783557,0.5119190342670775,0.4771349803939468,0.5750841384592223,0.05281261692637901,0.06462210749412678,0.056695204228079166,0.005356247263667534,0.14955624517529123,0.5042697172657298
2017-04-19,0.05802680724330303,0.057301827876069106,0.05716956992865528,0.056755596917709886,0.15483287079912483,0.05705876526780232,0.056664414431548155,0.3790205669626456,0.5102796309478688,0.47609645052508776,0.5729218772197217,0.05252381659500052,0.06511869117246208,0.05678599316629729,0.006647510078992697,0.14296762067245622,0.490531425009453
2017-04-20,0.05762422698697914,0.05730180656394024,0.05770212068738621,0.05772881821257343,0.11818438794776931,0.057045816170557706,0.05670206285361634,0.4770997347043921,0.5103561533464447,0.4752831400503438,0.5752477854115404,0.05252889683752754,0.06521856172377258,0.05683740219238456,0.006882818125632094,0.14841066593270968,0.5334409825395658
2017-04-21,0.05806916549810506,0.0593099201255001,0.05836251735548169,0.05963300787590993,0.19801331536295533,0.057190374853919534,0.05682534611167622,0.6201618370758588,0.5131456804424595,0.4752709212219025,0.5835208989675671,0.05288535966595578,0.06517814208367606,0.0570047600426867,0.01057051829253397,0.15634904947409484,0.5564696789685187
2017-04-24,0.0619040099540627,0.061339158620023204,0.06187747476765497,0.06202377708568087,0.17651913985816314,0.05758951876979937,0.057017284326174145,0.7395404157675791,0.5187447688817676,0.47654259043169495,0.5967799955797389,0.054015840306095075,0.06453397541495332,0.05728368718988375,0.014059004101763056,0.16361555578131004,0.567787942387835
2017-04-25,0.06279390168707583,0.06214243564421562,0.06294265865551839,0.06284895763319066,0.1802103033984942,0.058105179188262024,0.05725425510975843,0.7715310034780378,0.5241782318046656,0.4788034639250842,0.6069958047272631,0.05508120147504206,0.06402035588199359,0.05759215191276934,0.012480262082983376,0.17099744259008454,0.5289620352981637
2017-04-26,0.06317523388236443,0.06271311859887849,0.06298523831920265,0.06265851289745918,0.14857030858345843,0.05861220747933821,0.05750672745525351,0.7508032420090582,0.5279259872413895,0.4814698987229591,0.6111841578843898,0.05584867298094959,0.06376431311777797,0.05786998567120924,0.012170495244534368,0.16460457683963067,0.5044393815330519
2017-04-27,0.06332356584800461,0.06286110710824164,0.0629000481268104,0.06358945460793443,0.21713209008719173,0.05926810598664467,0.057766581777417864,0.7872540518322066,0.5319599250845706,0.4845262801556166,0.6152112536670467,0.05672804209613769,0.0634462179409494,0.058176262238359505,0.01258953380180286,0.17314058597868417,0.5314189060967752
2017-04-28,0.0649337997735071,0.0644676118005778,0.0631343951036017,0.06399146609959298,0.25287867027531846,0.060025416132855086,0.05804858482003866,0.8020941120127414,0.5353940322880879,0.48775733770363006,0.6170151862689339,0.05755875205751551,0.06316924258997592,0.058477069564688955,0.01715445593071245,0.18279398217091772,0.5186281165769583
2017-05-01,0.06444648797401914,0.06533427386266019,0.0648599207807191,0.06600143469789342,0.1935764227807338,0.06087334458715907,0.05838374001698732,0.8653688620971556,0.5406844187233003,0.49155297643989515,0.6228457854314141,0.05877351696181787,0.06265856993275673,0.058865385203558135,0.019080595806618486,0.19059367478574057,0.5569400201432493
2017-05-02,0.06662874248129882,0.06567246463154316,0.06620198810423218,0.06576869260577518,0.1307298149498761,0.06171695607160485,0.058706345636563295,0.8392931210050003,0.5440697514542226,0.4953642769836222,0.6230075296116498,0.0597267793844064,0.06247392817224445,0.059275576886896386,0.01759274789244812,0.18475847739135304,0.5035429378974979
2017-05-03,0.0659295849849161,0.064974926374604,0.06530728970114937,0.06530324396553568,0.1699442303998201,0.06258861698614931,0.059065862379685086,0.7867604500007455,0.5455816211124673,0.4987593338702804,0.6187088565973957,0.06044872578601526,0.062448389433894635,0.059642016940703535,0.016789340138360365,0.17769749336531607,0.498053072451596
2017-05-04,0.06518804872625808,0.06434080384446578,0.06515817727102256,0.0647319897323345,0.11388883249285897,0.06330277736940701,0.05934491219756835,0.7240435172332302,0.5454528044159214,0.5014458975416638,0.6113920347946779,0.060967149384027614,0.06261929426316301,0.05999751667524092,0.01456575376470362,0.17238872103484423,0.49551807431690675
2017-05-05,0.06491259247450806,0.06423507705527046,0.0648386002929711,0.06513395679399687,0.09342540288889967,0.06386374603575146,0.05964979939886891,0.7416121985266526,0.5454716638801398,0.5035994647800164,0.6058876208667923,0.06149106647594496,0.06278877501209792,0.06035520456551366,0.013143416003675731,0.17705783577617637,0.5185516297005552
2017-05-08,0.06506091329786282,0.06427737419228485,0.06468949291821928,0.06500702918083952,0.0890314580525462,0.06416796826615392,0.05994213640269713,0.7269134758860019,0.5448279845808914,0.5051750018850774,0.5999181304176073,0.06191939326864554,0.06305880441184825,0.06071179676999408,0.012400887887641238,0.17252606947619695,0.5060136085035151
2017-05-09,0.06482782298354534,0.06476350693854704,0.0652433407957269,0.06521856927876894,0.1225486597960685,0.06440961346307691,0.060232996949181494,0.7371754511820856,0.5441704566842601,0.5062849454022599,0.5951098058753971,0.06229390218352379,0.06344273773458076,0.06109573517857847,0.01151862605137613,0.17810553564256737,0.5140249049238792
2017-05-10,0.06510330216594068,0.06535542134171285,0.06575465904484663,0.0657898679419663,0.08443761098087968,0.0647289387448283,0.06052976363509102,0.7644500092722666,0.5440387907156479,0.5071427662748839,0.5925060597520847,0.0626670280614346,0.06389988303512356,0.06151467948485817,0.010956362832548514,0.18249370484276398,0.5225233291371834
2017-05-11,0.06376850584893534,0.06360096317913258,0.06405041973410651,0.06399146609959298,0.1688619472039456,0.06476993455367674,0.0607504940079929,0.5651088965640023,0.5408347041413865,0.5070957146079101,0.5831611698030111,0.06267703257081914,0.06461303524446929,0.06186799060425313,0.013967660275100172,0.17546655144400883,0.46666276808724955
2017-05-12,0.06429816740997196,0.06334728714102061,0.06387997825272108,0.06382218781405342,0.09018714285044971,0.06475267211123376,0.0609475998231942,0.5488049849283485,0.5376564680373872,0.506330681218211,0.5757463573397009,0.06249923126813017,0.0655729719326818,0.06224317960574535,0.012780765085411719,0.17089866008748025,0.5049801557335515
2017-05-15,0.063302367761879,0.06307249321247643,0.06287873419657435,0.0639279756350166,0.19026476114025487,0.0645412275800189,0.06113732366172622,0.55606135125374,0.5349393372542816,0.5050967940522887,0.5709043638552231,0.06236526963839675,0.06637818674074605,0.06256586389535801,0.01386294016597564,0.17859483488823225,0.5115415183748144
2017-05-16,0.0643216410544192,0.06594305932563527,0.0649678695801255,0.06684315208999057,0.217014959871188,0.06465079742203647,0.06145164847014328,0.7135909030697598,0.5367471551899329,0.5045234334439942,0.5777258196065699,0.0624423500482435,0.06728543087017294,0.06304910727047588,0.01806721078201247,0.18712718270398684,0.578553405352957
2017-05-17,0.06572804994814971,0.06522029807013976,0.06340389525899688,0.06273640756680511,0.1826005406730771,0.06438903989387873,0.061609393768053244,0.41238333120883414,0.5317500414250288,0.5029210725752011,0.5670990254768637,0.06176200703082663,0.06865058940607519,0.06335831577336057,0.025718534709876215,0.1796705804910928,0.4129895713810653
2017-05-18,0.0625530480343415,0.06315811707893135,0.06278252693409737,0.06322576843100196,0.14084361866774534,0.06423544040273457,0.061796762467991484,0.4386424228086491,0.5282394245385676,0.5008357209681193,0.5621110353476275,0.06102477113983307,0.07002567271500643,0.06364250864405932,0.026426946354755676,0.1858219209479293,0.5207860977346411
2017-05-19,0.06276615156940704,0.06309436437119964,0.06340387553600223,0.06318324003863489,0.1545853356093036,0.06403651272807953,0.061970098622166514,0.4360606478503262,0.5251510193064253,0.4984606069115614,0.5591185716765205,0.06052713231924259,0.07093688792286404,0.06382605599847943,0.025017195873503484,0.17924103404166597,0.5079968692622705
2017-05-22,0.06359717002651682,0.06394472177793817,0.06355383858950774,0.06480040304049035,0.07084894418823295,0.0640154416743196,0.062203550030003274,0.5217491281531659,0.5248700724583607,0.4964962163195117,0.563360236007541,0.06045296186798929,0.07131077560867305,0.06396960783533409,0.02584032880977101,0.18320444092154628,0.5477907018851784
2017-05-23,0.0653657380826228,0.0644761601260207,0.06543919148658618,0.06528978167668568,0.06450985689811078,0.06402270368029014,0.06246515148302284,0.5454691615278964,0.5251328884901189,0.49498485365459166,0.5680387912046817,0.06048548440496415,0.07153435880988993,0.06409579868011667,0.022534166841158762,0.1869696969844902,0.5206197332380961
2017-05-24,0.06568539642075777,0.06475255080292613,0.06558919358539682,0.06548131050432453,0.058013815118543595,0.06399123800830114,0.06273712720372918,0.5549486781145776,0.5253805859195635,0.4938324531884337,0.5717459014290683,0.060484451602072886,0.0718344884233976,0.06424173759595533,0.01985181221205015,0.19053189605727716,0.5135423236532667
2017-05-25,0.0658985152972866,0.0668785018047921,0.06657479477904203,0.06729005564981429,0.11470640140056504,0.06432761731455525,0.06309066804621155,0.6370499051608911,0.5279926033224219,0.4935083363288763,0.5802998345097937,0.06088126328784971,0.07179977916021962,0.06443305903631999,0.021754744201843215,0.1958662244243753,0.5517031710804152
2017-05-26,0.06766709830001189,0.06760129539961465,0.06788167871171007,0.06801350039201474,0.09888445182278044,0.0647550335771134,0.06349012292947878,0.6659536046399435,0.5308307226909583,0.4938985935402475,0.5876773896716159,0.06140414528865584,0.07166354880878459,0.06464099860757169,0.02087259764540743,0.20070598124025815,0.5258813101749232
2017-05-29,0.06766709830001189,0.06760129539961465,0.06788167871171007,0.06801350039201474,0.09888445182278044,0.0647550335771134,0.06349012292947878,0.6659536046399435,0.5308307226909583,0.4938985935402475,0.5876773896716159,0.06140414528865584,0.07166354880878459,0.06464099860757169,0.02087259764540743,0.20070598124025815,0.5090162641843036
2017-05-30,0.0676457953517792,0.06800523430516608,0.0684173135391465,0.06897106455621578,0.07737075461532095,0.06526931118785065,0.06388386297407295,0.7020575701832401,0.5341580429644561,0.4949723117508098,0.5947356962755108,0.062020577629309376,0.07131523729006617,0.06479452876535263,0.019665809347103852,0.20487325060142117,0.531230652803636
2017-05-31,0.06922259356252428,0.06870674822737347,0.06850299034788869,0.06775813454582912,0.18172284492115576,0.06536261808737354,0.06424192527338962,0.606955758586432,0.5346378411846979,0.49594109610132886,0.593652012849255,0.0622987803672069,0.07122681181135956,0.06489738311068341,0.020418905899526732,0.1974440839044469,0.48105752255447365
2017-06-01,0.06860469801788247,0.06843043790359588,0.06773174167019784,0.06831143906056363,0.11275032679330266,0.06593114145096982,0.0646451311396358,0.6305373346917031,0.5354794063926185,0.49690872974029165,0.5936401291060917,0.06268860230355597,0.07112627244997954,0.06505290709502146,0.022604295688802872,0.20271726817245342,0.5218743501494165
2017-06-02,0.06903085077262183,0.07108780313243426,0.06942429118955683,0.0718436948468242,0.21556488779706176,0.06680996922416421,0.06513762670940179,0.7507145485938167,0.5409769694031766,0.4989410451454338,0.6046354168403794,0.06395330157089388,0.07051961304194504,0.06542058295376835,0.0285101770521715,0.21120428880576764,0.5907968662842022
2017-06-05,0.07229102499137541,0.07327746974112107,0.07278799212929739,0.07295016170030537,0.2042149698662998,0.06780596775104084,0.0656022881747732,0.7798762130124581,0.5464913142434931,0.5018289467636532,0.6134713121220584,0.06527172204635448,0.06992981186154143,0.0658246815215244,0.029923675651307366,0.21933652721141852,0.5340411560657566
2017-06-06,0.07299425477340116,0.07270352630142424,0.07377358568074972,0.07346089339267663,0.1901148344637701,0.06868913605438232,0.06600135146509106,0.7928880070054267,0.5510796162255621,0.5051893770821108,0.6183512576483846,0.06648501560630887,0.06952060683662978,0.06626174713852867,0.026196646155154713,0.22702801551834795,0.5204843511342693
2017-06-07,0.07371873256844286,0.07302239736688718,0.07308798353645006,0.0731842722363067,0.11820234791422321,0.06949419021988068,0.06636197074544817,0.770624510254873,0.5537318711985196,0.5084847338856635,0.6176792239543846,0.06744263876761486,0.0693346276759009,0.06667357477033925,0.025772526976517746,0.22158440885518865,0.5028255066708764
2017-06-08,0.0734416987124705,0.07249088960406519,0.07212383634172341,0.0722479722682892,0.136056897173726,0.07018423211662592,0.06669656568233376,0.6963160127200494,0.5538666420326851,0.5111518638696162,0.6111913372793952,0.06809051357971962,0.06932203843502555,0.06700745940360672,0.026670908875363844,0.21558269447716719,0.48802432205667734
2017-06-09,0.07244024766468851,0.07155554896130747,0.06588920524056037,0.06877958904457239,0.32814342360689225,0.07033612982997964,0.06687765959358563,0.47732284359747595,0.5483026966901132,0.5120121666649095,0.5925316913114388,0.06817988978840261,0.06973313307742898,0.06725500583406743,0.04346419576449044,0.20357662956834904,0.43077919657589864
2017-06-12,0.06649509489847141,0.0670060117634678,0.06490357686146626,0.0676304516227363,0.3170105870097905,0.0702970677771508,0.06700463089450667,0.4197951792898766,0.5417490523473951,0.511200498674987,0.5752647478446218,0.06815293668697128,0.07016552669491483,0.0674518934501385,0.05065870344432813,0.19191856123468023,0.48249408331786836
2017-06-13,0.06813585646773185,0.06887682526207428,0.06882436847737998,0.0694817251605931,0.1412910560928796,0.07034914326493627,0.0671260650153136,0.49958194564527164,0.53890840885783,0.5099010358970618,0.5702271448539911,0.0682254223330061,0.07067588754374546,0.06773902285064204,0.049908798373505536,0.19808388794651852,0.552074477045767
2017-06-14,0.0700323214238942,0.06947207340857281,0.06768884197657789,0.06867311700166763,0.14325962458984903,0.0704424501644591,0.0672274060461113,0.45862217262521304,0.5350963947045302,0.5079890229982829,0.5639011561459936,0.06829574525877172,0.07079411354142906,0.0678336322178115,0.05328290872884349,0.19185702659443674,0.4904406893446342
2017-06-15,0.06653773714736727,0.06758003395302178,0.0663390955470916,0.06788583524092041,0.147616868625188,0.07039904848764816,0.0673175176917602,0.41970326934778696,0.5305981488732677,0.50542991449943,0.5572184059191954,0.06807135676206949,0.07158089007193214,0.06809985813855135,0.05512368875334506,0.18549396401563592,0.4908328014687856
2017-06-16,0.06751795927232984,0.0671973864043493,0.06723895857487767,0.068098637150742,0.3215661715442292,0.07001713982926255,0.06743498658514793,0.4299419190114427,0.5270846809870237,0.5025785122897048,0.5541998011529127,0.06783817885959537,0.07234782245274804,0.06835178593396021,0.05256872665344152,0.19729443341680988,0.5139572613543513
2017-06-19,0.06915868542373468,0.06913195537787079,0.06965995627394923,0.06994987514460187,0.12988803913086258,0.06971118048063629,0.06760302336743709,0.51372319803599,0.5267930051851423,0.500230635676058,0.5593998609137983,0.06760276736559759,0.07331776343509105,0.06870162163909149,0.051036179618964034,0.20310331810108934,0.5519383118861744
2017-06-20,0.06984052144912026,0.0689831072989254,0.06863153147041555,0.06790708166510544,0.11203661334378656,0.06914482103895886,0.06770421185371292,0.4101462327542355,0.5233005783928988,0.49755303457791,0.5559946973284975,0.06741185489108542,0.07385215288208921,0.06886223723166277,0.05000091792256775,0.19785244349638412,0.46223431747912647
2017-06-21,0.06854071792165845,0.06845164415768543,0.06878152076924281,0.06867311700166763,0.0993779604662095,0.06868478827491559,0.0678247477601299,0.44482412081125594,0.5214721363452578,0.49499248440478627,0.5572035173168621,0.06724412020621884,0.07439092419278118,0.0690371560030425,0.047165808250385216,0.20270762668776632,0.5268001170108951
2017-06-22,0.06924391355602749,0.06838786494138593,0.06828875067835054,0.06865186169148337,0.12338653127454854,0.06831806875354987,0.06792460830293581,0.4437282181435597,0.5198100879835009,0.4925636569269992,0.5585638570750608,0.06704893805768777,0.07493667108219676,0.06920107381342311,0.04563154285709539,0.19710196985539774,0.5085253406553804
2017-06-23,0.06828502227193309,0.0697909757901378,0.06873867367075727,0.07067333765880078,0.15970939212541369,0.06851118700466152,0.06815775183128026,0.5324816586336558,0.5213022825365816,0.4909621084222393,0.5671074150037381,0.06711546768960117,0.07522351912022313,0.06937598982836057,0.04711440927073007,0.20384302745157692,0.5557119461871473
2017-06-26,0.07107645843735247,0.0707689077494317,0.06985279573339469,0.06922639485840444,0.09715951417509874,0.06867393604338293,0.06834631515325665,0.4556152258080743,0.5201465667164451,0.4894163648808375,0.5676837295876964,0.06710895216258031,0.07535900755820571,0.06943869659239535,0.048103655630231446,0.19905718972347589,0.47603808440293444
2017-06-27,0.06832766454371811,0.06751626531608793,0.06715324533090804,0.06641760158634279,0.14095137846646877,0.06836146680570099,0.06843318305746682,0.33144653241103367,0.5149261130410051,0.4869849826220493,0.5585374730858749,0.06723316279967101,0.07495494849740039,0.06930668230396353,0.049539136271793544,0.19290248084920442,0.4443820967586463
2017-06-28,0.06640990049135478,0.06679344923034933,0.06631767502994039,0.06767305998909652,0.14556708984512265,0.06825948428287376,0.0684621401623863,0.38871563531894743,0.512559199552355,0.4844981693984422,0.5579650208969352,0.06723667502982258,0.07494215964958567,0.06930228394095483,0.04893372985848882,0.1992014702702745,0.5384570728886893
2017-06-29,0.0667721587973038,0.06604940062349557,0.06481793368454512,0.06488554868521688,0.1698716096658978,0.0679535249342475,0.06853712788683097,0.2839336362468576,0.5065075741561746,0.4811237039573008,0.5487979703755462,0.06752244231101509,0.07427195337780904,0.0691251650692567,0.05263593758216831,0.19214275626468283,0.4442009787342075
2017-06-30,0.06549363737175196,0.0658155333712048,0.06621054601088174,0.06582180422323818,0.1327210286219396,0.06772134100564717,0.06862770863788961,0.32670162178723944,0.5031158357493045,0.47764787600446845,0.5477511693342246,0.06733719418473916,0.07383326218841105,0.06881383272762237,0.050775528403900885,0.19804019615515167,0.5312024903918772
2017-07-03,0.06666561156829101,0.06628323788937376,0.06466794505569969,0.06420461456338498,0.07028593828330834,0.06713545823995745,0.06866334638673754,0.2703486421767271,0.4980904899624167,0.47371707989347334,0.5430525767896284,0.06702257591212418,0.07324517304455411,0.06836168707450363,0.05350625317695355,0.19409438803592804,0.4709387217673523
2017-07-04,0.06666561156829101,0.06628323788937376,0.06466794505569969,0.06420461456338498,0.07028593828330834,0.06713545823995745,0.06866334638673754,0.2703486421767271,0.4980904899624167,0.47371707989347334,0.5430525767896284,0.06702257591212418,0.07324517304455411,0.06836168707450363,0.05350625317695355,0.19409438803592804,0.5090162641843036
2017-07-05,0.06438562118286961,0.06594311746706871,0.06509647181695714,0.06614100708797059,0.10941367737340957,0.06695535976695713,0.06871012267613089,0.35663396231005967,0.49706997817958914,0.4703388819539197,0.548759423745638,0.0662486097253065,0.07330206687351506,0.06798324822760474,0.05403904173448369,0.19926327340755992,0.5551179012610811
2017-07-06,0.06440691028315204,0.064539998759407,0.06488221745592805,0.06505577777267522,0.10895530779478163,0.06658647541750765,0.06870195782361255,0.3175515549523957,0.4947538639469238,0.4671062424381406,0.5502626492186297,0.06545767507984954,0.0732915519711356,0.06756300425880662,0.05253075884107815,0.19410871601443772,0.48351948293528096
2017-07-07,0.06532315156018242,0.06679343750112901,0.06612483000040349,0.06694956193090061,0.07585196614780584,0.0664128804904083,0.06875318797897478,0.39690648857042715,0.49583131515076057,0.46476672340734015,0.5594861721770135,0.06468014251034021,0.07356641590445931,0.0672890759196206,0.05313304898215451,0.19822851021682503,0.553840463044747
2017-07-10,0.06694263402632908,0.06766510317163488,0.06719611249028636,0.06805609987237572,0.06129814637528835,0.06614598319461087,0.06877991675568548,0.4396267713144439,0.4983971943937866,0.4634823522128058,0.5703830001593215,0.06461123036301225,0.07356388180476478,0.06725167145776528,0.05227098479225312,0.20189337279491312,0.5348714589298353
2017-07-11,0.06809327373278626,0.06857922597977548,0.068374472875381,0.06807734629656077,0.08039427592443071,0.0660288070039389,0.06878214446379455,0.4404598853942259,0.5005034743457293,0.4629369123652328,0.5780141656716989,0.06463945430847853,0.07358087056311063,0.06727477595666145,0.05069514133549513,0.20615515311483174,0.5095090158132681
2017-07-12,0.06956359071539756,0.06985479728329416,0.07008850484144576,0.07054571693770266,0.0826658212467965,0.06644977862131829,0.0688370871559554,0.5314552915135442,0.5058254806272439,0.4637185899113963,0.5917197047960089,0.06483433070837563,0.0734840176464138,0.06732978443691348,0.05155795195388102,0.210487938697927,0.5662550789024898
2017-07-13,0.07128948020944648,0.07147040296994764,0.07171669925080852,0.07186489684101303,0.10233510798625048,0.06687724834760889,0.06898038010061722,0.5741326225469829,0.5119157769173711,0.4657377972861735,0.6045000462817105,0.06541138321938852,0.07320158582827582,0.06749479977071451,0.0497743047672619,0.21543555809819542,0.5391078639769215
2017-07-14,0.07286640035197364,0.07408536506430788,0.07310942373241792,0.07401415347741495,0.1460504472031647,0.06780815342091867,0.06917935892690927,0.6365445094337654,0.5197596797389726,0.46914837046912694,0.6188690980401967,0.06652752676876417,0.07265050657451066,0.06781163443047658,0.052059937663006706,0.22174965658007897,0.5576191190724181
2017-07-17,0.0740596480868363,0.07446799118147288,0.07473768883152503,0.07522700351380844,0.11431440561100589,0.06876726469086478,0.0692974091637493,0.6683976128656683,0.5275106112552813,0.4736507582731052,0.6301445948994604,0.06777153399447439,0.07206786341146215,0.06818017167742499,0.049206911512494844,0.2270717317185368,0.5360627731551382
2017-07-18,0.07467761623724489,0.07434047800062615,0.07460918049398517,0.07512065587489307,0.1504795311043193,0.06988044665773302,0.06937314193796237,0.662596020908782,0.5331597814639528,0.478545574832558,0.6341973242865092,0.06868475328331919,0.07163356809469523,0.06844750155328391,0.04655767404579836,0.22061918639831088,0.5066631445547444
2017-07-19,0.07555124345547456,0.07572229652584817,0.0763017117280926,0.07631223282910381,0.11909566102827837,0.07091767478401714,0.0694726307310087,0.6946945670335376,0.5390071918876351,0.4837997049582,0.6379080631876383,0.06986733846664683,0.07125222534444042,0.06888204870089049,0.04416220537313073,0.22609071675382975,0.5353998769688604
2017-07-20,0.07700024644456968,0.0762750638467529,0.0759375159159346,0.07707829482366373,0.27483824317169886,0.07214369150524533,0.06960850077242223,0.7146063072367761,0.544317332588845,0.48921832284804484,0.639606777633241,0.07104651174584631,0.07087455443089971,0.06931659722671818,0.04374708955149165,0.23643053783814091,0.525849625745076
2017-07-21,0.07544466265073635,0.0762537427778398,0.07570178272671908,0.07616325016583052,0.3088536387672904,0.07308327310802445,0.0697451124530559,0.6592457480543172,0.5466730480995545,0.49409236173348237,0.633982747018913,0.071890841987823,0.07076227999411866,0.06970493675475348,0.0440077263002097,0.22502744405900746,0.48900670574196314
2017-07-24,0.0756151586091672,0.07510577191296267,0.07561610502471107,0.07575897274436551,0.11111987418653066,0.07386878673237635,0.06998863676013373,0.6348742888255816,0.5474385556316121,0.49816679193953894,0.6257249485068014,0.07250415598923002,0.07064147025896142,0.06996786459234738,0.041277556086132344,0.2198052254113216,0.5001242877836244
2017-07-25,0.07619049096637506,0.0762962724207275,0.07640882960347388,0.07701442226111997,0.11599171030417937,0.07478016032618923,0.07031606179444144,0.6742334664788558,0.5493909725519389,0.5018731791052214,0.6219240577091345,0.07334659428169801,0.0705605347069359,0.07037050638037703,0.03971160272446948,0.22517973069941966,0.5367008296683045
2017-07-26,0.0773411598601649,0.07644511069266047,0.07707302395902767,0.07671654579456579,0.07096295093180993,0.07540944114403006,0.07056849879425461,0.6550408149859719,0.5499660518296148,0.5049699052704466,0.6156279058134777,0.07400410974881061,0.07094443853832505,0.07090296281592717,0.036706844511581016,0.2212127601315284,0.5024998739018088
2017-07-27,0.07610525089625741,0.07653011999091461,0.0738806763293496,0.07482270832034495,0.23175931146173825,0.07571106902415886,0.07078307002706091,0.5407263391813948,0.5471077463975972,0.5067931155881157,0.6024759259234633,0.07434652407540826,0.07133358344003013,0.0712726003427383,0.04380224373030671,0.2122195249389084,0.46750807038933245
2017-07-28,0.07378262055221119,0.07417035772165073,0.07435203154944321,0.0745673602461578,0.08700588618378827,0.07576748322976143,0.07101620146346155,0.5262502948650243,0.5440023217936156,0.5075409559057789,0.5913702575946856,0.07440629560632675,0.07229490215149575,0.0717731509593045,0.04179750407415088,0.20775107512317792,0.5033515870855847
2017-07-31,0.07512514334771672,0.07444681467951433,0.0740735899385881,0.07384395104795431,0.1283403585433999,0.07562644409109509,0.07121666666869231,0.48484878794139014,0.5400501387280738,0.5072347055026435,0.5804843467606777,0.07437827708834363,0.07317481814688387,0.07218789674463827,0.041615873015296914,0.2019905687240879,0.4929416877072127
2017-08-01,0.07469891452217661,0.0744042380386564,0.07424492847462456,0.0735885674297702,0.11687877647338099,0.07547020675375923,0.07134362773796862,0.4701146256714858,0.5361680637789752,0.5061012279283401,0.5719413238053263,0.07399342385675484,0.07458271475331582,0.0726730480371966,0.040801109479190675,0.1965883350142062,0.503314953483503
2017-08-02,0.07352690730033812,0.07257590084622617,0.07199526461162493,0.07290759776394136,0.15097850582449523,0.07512301327490073,0.07151810549565898,0.4305496058580572,0.5317591034640872,0.5041853821606465,0.5638615729598215,0.0736941425834515,0.07562133380310337,0.07302288144529268,0.041401526193253144,0.19012019245672696,0.49378882075083225
2017-08-03,0.07275981109969726,0.07232081209825836,0.07287369090355096,0.07267354054393547,0.08628514492131192,0.07467383093006016,0.0716576880738711,0.41685331006544396,0.5276450112911556,0.5017111273040912,0.5580947149178106,0.07302925489089182,0.07714327471376578,0.0734167205350135,0.038405308628004106,0.18567427198369568,0.5037592346566594
2017-08-04,0.0732073265677709,0.07359639635687817,0.07370930343474348,0.07380135156759333,0.12036691430597224,0.07443297228432041,0.07183736381714931,0.4789399692872088,0.5258121863030806,0.4993122510156147,0.5588731719848442,0.07255162621098166,0.07838270590987825,0.07377095873781683,0.03756153832069435,0.19118553990141862,0.5343860210520904
2017-08-07,0.07405964800681178,0.07329874838848091,0.07375214126265946,0.073205527546491,0.09012154992948762,0.07417258034675386,0.07192571686009885,0.4413584796419244,0.5232520319434714,0.49680721618926754,0.5577768409435715,0.07208334034965877,0.07943175902462402,0.07403718465855669,0.035162633368854904,0.18661969888593744,0.49571112899424224
2017-08-08,0.07254668908853626,0.07378765676923024,0.07265942012457043,0.0740353554716038,0.1161939551438125,0.07386878492004645,0.07209351087336235,0.4871733554835544,0.522248397373025,0.49457348990746147,0.5605787256069162,0.07140252456619961,0.08079501059209684,0.07434521432297464,0.03771630458722444,0.1920005260589316,0.5276185252018282
2017-08-09,0.07288768898461465,0.07246965760956897,0.07330223269733306,0.07335449243776583,0.11751206050790786,0.0735259337836649,0.07233555252209958,0.4425721195059386,0.5202534109257658,0.49232992313875557,0.5604770999490467,0.07109472466713193,0.08142353879411374,0.07449042829450292,0.035952276927657845,0.18657849679441382,0.4938351231937253
2017-08-10,0.07214185209192575,0.07178932270862601,0.07180243060199008,0.07109890593444705,0.13719852634570906,0.07314619267185793,0.07245508696752942,0.3159205762904124,0.515187980008034,0.4893757618278962,0.5531385771137876,0.07121023379209968,0.08121818389561514,0.07445082648877138,0.03676981741338774,0.18054109671863908,0.4585016032382871
2017-08-11,0.0715239327964233,0.07287355571514384,0.07165248501021253,0.07341831168431413,0.11150171869070286,0.07302901648118598,0.0727528117074483,0.44294122236143224,0.5145046465827192,0.48685604058901566,0.5576251699591337,0.07121198124752148,0.08115318723043374,0.07442002140905721,0.0394671436358862,0.18577525128027933,0.5617312410146832
2017-08-14,0.07461368502168345,0.07504202512290034,0.07523048253005811,0.07573771743418121,0.10098264442546068,0.07322213654462753,0.07309879725540011,0.5430385240427853,0.517262367699046,0.4854714138231845,0.5693476308232527,0.071266694933806,0.08114845045080443,0.07444642536932045,0.040679682521445465,0.19068059460085646,0.5609386915290153
2017-08-15,0.07657847343606966,0.07559915214202831,0.07625704670657822,0.075780494634527,0.09383613951301942,0.0734456620670576,0.07350270228403824,0.5447453972751972,0.5193356359880428,0.48483821425187884,0.5771078446990152,0.07133452283470307,0.08114540801288234,0.07448053909854252,0.03749545827846032,0.19536254838255673,0.5099596943572233
2017-08-16,0.07604290378529469,0.07668912983556378,0.0765370302824082,0.07670033773195033,0.08578538933302932,0.07383243320660587,0.07387113792089212,0.5817989479328303,0.5221392229526669,0.48497330198035843,0.5850421779355583,0.07139835485573393,0.08111787779930599,0.07450060416045676,0.03700702333861773,0.19979284720951268,0.5292974121658287
2017-08-17,0.07655704993994977,0.07619757984549327,0.07487853001515864,0.074026327296375,0.12347867371113816,0.07397038594742653,0.07418413788633768,0.4341828057792187,0.520196349564351,0.48463671335792313,0.5801710348761826,0.07105598575267322,0.08116275163997497,0.07434281713703575,0.04006108622661178,0.194184310136149,0.45040259581266934
2017-08-18,0.07375079317773828,0.07399624725353246,0.0738662261500554,0.0742188868999258,0.09055727433302152,0.07401296482645597,0.0744377788096843,0.4430040181844905,0.5187737159124144,0.48404184914867693,0.5775037454739052,0.07086178355036593,0.08116562179225992,0.07424229336362295,0.03925945484775423,0.19876377127430211,0.5133099983836704
2017-08-21,0.07417921344861841,0.0732268257764305,0.07337078887559557,0.07349153231805934,0.08254010148161917,0.07404213065178247,0.07462743164680269,0.40567641777545,0.5164216604745131,0.4830276508760973,0.5731731569078168,0.07070200308429794,0.08109725274402771,0.07412506646902056,0.03773573670941835,0.19443491551154765,0.49281769954187277
2017-08-22,0.07392212867693437,0.07485110174043863,0.07477082137215298,0.07565212748949264,0.05606008311560128,0.07420700374116454,0.07489173053344073,0.5045142370293922,0.5176165154851204,0.48248975464864624,0.5780920708978743,0.07043414882625487,0.081240983625648,0.07405463569440873,0.03826935863692538,0.19793604371170898,0.557360598174869
2017-08-23,0.07522890913731647,0.07465879432915484,0.0751585628192697,0.07471090467789566,0.05155291240377754,0.07434532619728793,0.07503706205580848,0.45506988605250204,0.517013778053792,0.48192149120672195,0.5777784595715342,0.07009559633513499,0.08139259061684245,0.07395094385004253,0.03577689674616613,0.19457580323208928,0.4882467043859054
2017-08-24,0.07475763904158036,0.07403900953373033,0.07416778114170587,0.0746467477633762,0.07756987598252732,0.07470712343060373,0.0751341262590966,0.4516642832979472,0.5162997371581028,0.4813034603489884,0.5772644965508479,0.07007774281455853,0.08139315001010511,0.07394184667182052,0.03450184326996579,0.19040230962131813,0.5075919753911432
2017-08-25,0.07501464226046703,0.07508618572290626,0.07505082699661968,0.07492477290762618,0.04396131267052208,0.07486074738820175,0.07516589954672376,0.46539326991244795,0.51600999296363,0.48074272289733355,0.5778561827289377,0.07011416307122753,0.0813918459824246,0.07396032494181579,0.03383747006583013,0.19352524753352515,0.5151909918706508
2017-08-28,0.07544316600384307,0.0745305886891274,0.07520169019669005,0.07494625925379074,0.05782484503672423,0.07478003708775499,0.07515610383204069,0.4665120257525022,0.5156785983868665,0.4802182877896168,0.5782310879162974,0.07019242232868217,0.08142445691222697,0.07401731438522774,0.031077007056000167,0.1970815396713899,0.5094926079655703
2017-08-29,0.07370792517374783,0.07468014842892587,0.07412467053637144,0.07541682622959302,0.03368586925456769,0.07474295138069878,0.07516643779324808,0.4918953420648115,0.5159789633076133,0.47986748319830624,0.5800242223044169,0.07032654577968023,0.08147389388035661,0.07411183554624534,0.03221623660581022,0.1998832818949955,0.5194471088688248
2017-08-30,0.07533598580138659,0.07692422351497025,0.0758047035502268,0.07747045174216412,0.0760042354286107,0.07482148507291728,0.07520685030965063,0.5900248771969334,0.5190996139105297,0.48030105218416996,0.5881246833493663,0.07082960205535069,0.08141627228411955,0.07434773554881458,0.03502787163056981,0.20400783581767137,0.5544009717430404
2017-08-31,0.0775209985864922,0.07852712790924243,0.07789397698652951,0.0790962163912848,0.15998660030328918,0.0753384956771668,0.0752772595280902,0.6535242865679025,0.5237649271883742,0.4817156417093207,0.5982559765163515,0.07165863413557583,0.08120512148213999,0.07467978852621038,0.03620964291860504,0.21075755854565795,0.5444792938554515
2017-09-01,0.07897771878437829,0.07805695545872698,0.07754936569228262,0.0773207048829561,0.11378575790277567,0.07565480886659903,0.07531764538020638,0.5374964140548362,0.5245838714346527,0.48303474230565824,0.5972698337259966,0.07197042940787507,0.08124263558688563,0.0748617394411637,0.037112074592689615,0.20545200817968917,0.47068044252666286
2017-09-04,0.07897771878437829,0.07805695545872698,0.07754936569228262,0.0773207048829561,0.11378575790277567,0.07565480886659903,0.07531764538020638,0.5374964140548362,0.5245838714346527,0.48303474230565824,0.5972698337259966,0.07197042940787507,0.08124263558688563,0.0748617394411637,0.037112074592689615,0.20545200817968917,0.5090162641843036
2017-09-05,0.07604295529441302,0.07624036316568414,0.07612784940153687,0.07661481887525569,0.11237863357451747,0.07597331135056887,0.07534750752061237,0.49561991707125325,0.523953406501733,0.48394573042405453,0.5930551338358876,0.07211187732783123,0.08145167493430483,0.07503800014050963,0.03684570762580659,0.20019044251095114,0.4936040975457565
2017-09-06,0.07689983169178591,0.07656094484025475,0.07692477951224037,0.07616557829763164,0.07317749288238723,0.07602567137415106,0.07531788969948128,0.46912477590211116,0.5225720847227546,0.4843583825149222,0.5879086683049695,0.072206425088299,0.08157565692597638,0.07514813287158789,0.034844763772992476,0.1961542485238887,0.4991636703783952
2017-09-07,0.07677132097233436,0.07775781069087431,0.07746327430925003,0.0781764443818554,0.08048173315238016,0.07637907570762925,0.07536882840799278,0.5599284687054111,0.5242371384602365,0.4850695793569952,0.5909918294385011,0.072553134951892,0.0817136096900663,0.07539742826465293,0.036299495807061655,0.2004187626318705,0.5532440832480574
2017-09-08,0.07816372566656618,0.07741583070038321,0.07798017925120719,0.07740631259964313,0.05887198916779763,0.07666048704755313,0.07545897539932356,0.5131996205701828,0.5241790231759497,0.48562523618377085,0.589385521077903,0.07234471295446113,0.08260588127148863,0.0757235218139154,0.033752989823623084,0.1968297382637136,0.4922918501500619
2017-09-11,0.07812079519891055,0.07848437315620363,0.07899244378479305,0.07907481890511266,0.08391130587696957,0.07708369508004795,0.07561624942147491,0.5825440974704827,0.5263588399846835,0.4865686488828245,0.5933899921995007,0.07273405488763404,0.08278639381794145,0.07601596379743886,0.03372649787076898,0.20120145591788716,0.5454263738246757
2017-09-12,0.07908480969560314,0.07912554962558668,0.07912170412194673,0.07890369233173099,0.056459887586227366,0.07748726108092108,0.07579279366135691,0.5716495431115631,0.5275610100117809,0.48759851559555256,0.5942828287130304,0.07311117164051295,0.08271623067277695,0.07617964501319341,0.033117505846697814,0.1976878304008656,0.5053209034395812
2017-09-13,0.07944903541176981,0.07910424455135526,0.07950946466495827,0.08003752806287419,0.04854110411626814,0.07795846504656206,0.07601781047331349,0.6170279650485431,0.52990316757346,0.4889584505777485,0.5976915426687329,0.07368785078977524,0.08254704267627605,0.07639973406304629,0.03131789201045443,0.2009539260540596,0.5335268945702341
2017-09-14,0.0795989360957762,0.07965986229528546,0.0794447807177006,0.0790962163912848,0.0669157115348275,0.07812425517488131,0.0762337434450224,0.5547702326497417,0.5300591643635099,0.490082101016737,0.5952513613654936,0.07397607079298302,0.08249089891378439,0.07652360122701649,0.031530539052190346,0.1971134664105563,0.4888109148642784
2017-09-15,0.07923489270139225,0.07944626908825894,0.07847565256965745,0.0802515206965941,0.24530112616798347,0.07824206930568345,0.07649815394960327,0.6023434767581355,0.5315847826366805,0.4913301844182058,0.5965364178674104,0.07440942666056805,0.08268432172897738,0.07684544434233737,0.03400144005729988,0.20652999939417305,0.5339609292010516
2017-09-18,0.08009171923995978,0.080685814747982,0.08056489475166324,0.07993059394800893,0.12605163412268688,0.07850821720306089,0.0767120151682732,0.5805083038359877,0.5319944871960972,0.4924224188243873,0.5949269185778405,0.07470479413236916,0.08297173762924562,0.0771407401623983,0.033762579344170984,0.20084103525234354,0.5021366895818926
2017-09-19,0.08004880528933628,0.08013006661899347,0.08050021902478209,0.08052951029684709,0.06972215151027703,0.0789074245504878,0.07696756320819306,0.6060962716794807,0.5328783561836521,0.4934984944296263,0.5947600417969581,0.07493691177910816,0.08346766152633692,0.07750460432092765,0.03204677703577556,0.20476922020208846,0.5218806137677708
2017-09-20,0.0803486929176846,0.07978809752461505,0.07899245076266316,0.07945988479621878,0.11262773050055208,0.07924336708523233,0.07715683561415629,0.5314026067531687,0.5316691592985833,0.4940826101473171,0.5896794245748458,0.07511350209000367,0.08368111978540507,0.07770146575079737,0.03396118943003408,0.19949986811913478,0.486126639281561
2017-09-21,0.07983464831354975,0.07912562116031241,0.07856175309722592,0.07789833037761303,0.09387284031403392,0.07921500593438821,0.07731537898035756,0.434945580994239,0.5281102295330304,0.49373538260558053,0.5800611635675765,0.07502705970811593,0.08411172019158503,0.07786625597514843,0.03502429655776497,0.19481676712280083,0.47537656576290627
2017-09-22,0.07743536698229758,0.07756543527378679,0.07800172139094326,0.07832617346906494,0.05424612650375676,0.07930881031847284,0.07756755243780569,0.457655377491397,0.5256773792954037,0.4929008024367875,0.5750281269055734,0.07490749681110936,0.08463005452080077,0.07805648264853485,0.032958594109269906,0.1982611936294732,0.5183237108707169
2017-09-25,0.0776495579282862,0.0770097222518071,0.07599855499351103,0.07586604903521861,0.1326281053172433,0.0789815905276105,0.07765295876706443,0.32651401001311603,0.5199061978840367,0.4909123076977038,0.5631113052559799,0.07480429320370738,0.0848407445680614,0.07810514671755334,0.03643184836836397,0.1923666583888215,0.4556417132617618
2017-09-26,0.07674983727922585,0.07606933141148367,0.07614932829408587,0.07586604903521861,0.08476401384947677,0.07867182166150233,0.07765743650687112,0.32651401001311603,0.5152042215467223,0.48824538662061434,0.5561049931072702,0.07469426102189361,0.08505650171741008,0.07815269994034713,0.03530486992224553,0.19676503047661106,0.5090162641843036
2017-09-27,0.07649280514612747,0.07683876083600538,0.07653705499068485,0.07712819859540075,0.09683233043839498,0.07837513781738242,0.07770446052608757,0.40000375032489505,0.5132501961206204,0.4856646386248754,0.5569949283484826,0.07456179952018477,0.08538023073083709,0.07824117806114997,0.03542759393242395,0.20154064090829718,0.5368295596783856
2017-09-28,0.07647136239473987,0.07641130307417077,0.07683858543697482,0.07717097579574654,0.029042827492179617,0.07817880811766093,0.0777208820058772,0.40244248761465323,0.511677647848779,0.48324013646928926,0.5586085259739312,0.07456554847384958,0.0853444757792568,0.07822569512506075,0.033333083974671524,0.20419724827633443,0.5099513906838332
2017-09-29,0.0773282685878241,0.07762955177262518,0.07806633807637949,0.07849730004244664,0.07741994930604254,0.0779999184687141,0.07787688296338058,0.47578129210289916,0.5123100458497859,0.4814452695181935,0.5651109574618418,0.07451160948053451,0.08533903620362557,0.07819473109051045,0.03145317013129405,0.208366055393283,0.5380023875047865
2017-10-02,0.07897770830347578,0.0786340088695682,0.07897094604369505,0.07875396324452143,0.06356500648901398,0.07787992954201364,0.07803512062043841,0.48931836565615566,0.5130892462487066,0.48018770889475576,0.5706598809634195,0.07456394839908254,0.08543457828866827,0.07826883068975016,0.029967295210011985,0.2121017767816158,0.5145788167322293
2017-10-03,0.07889204095013205,0.07835617992505817,0.07873403688279017,0.07800526449247829,0.03924565017421167,0.07762251526249789,0.07819261353777765,0.4402602878856267,0.5124956566495346,0.4790458075691845,0.5718543292009906,0.07453619533131414,0.08561171264675038,0.07834071686586727,0.02845761587480944,0.20912624374542244,0.49281612754960097
2017-10-04,0.07764964704256808,0.07801431734862507,0.07770023791798496,0.07892521422189248,0.048048376340945755,0.0775679913169969,0.07830681791638733,0.49200009690058794,0.5132879303830824,0.4783136114956692,0.5760854781468113,0.07449816925689237,0.08594493249262969,0.0784833903164599,0.02913440174812848,0.21237693743193906,0.5290156974450294
2017-10-05,0.08007028693980925,0.08100639832954357,0.0803925719569341,0.08166334602799032,0.10956204231368097,0.07795193522187735,0.07854940215234665,0.617215780296305,0.5178315819207129,0.47876774466582356,0.5883370558445842,0.07501218339575752,0.0857615516457472,0.07866366347690021,0.03249078891806738,0.21755046047974955,0.5681997020670108
2017-10-06,0.08103421892958748,0.08081398581119045,0.08164179361202765,0.08172746739851282,0.05306233045401234,0.07829878798271184,0.07879646226781364,0.6197719460358948,0.5213289947744344,0.4799314921520604,0.5956654555913886,0.07545482765537115,0.08574329129889965,0.07888706760795952,0.02950176701636649,0.22095788321228105,0.5103788665415724
2017-10-09,0.08167695015466975,0.0819254243286108,0.0823311098651575,0.0823479056375125,0.03296825146451814,0.07895978638639983,0.07905546984386164,0.6450486181828543,0.5247852120435879,0.4816535027982417,0.6014308065817319,0.07595993571723766,0.08554683824240958,0.07905628651618396,0.02802539037742545,0.2237371937284754,0.5221956016108513
2017-10-10,0.08244814415681506,0.08209639118564033,0.08293420322757723,0.0823479056375125,0.052942857633688535,0.07962078479008788,0.07931372771939366,0.6450486181828543,0.5272570778159734,0.4835968388029483,0.6037164999007909,0.07641265629725114,0.08542484783799537,0.07923435268520027,0.025355326773105105,0.22714088191124202,0.5090162641843036
2017-10-11,0.08251242970793699,0.0817330862798161,0.0825249763700837,0.08262601964175488,0.06422171656674158,0.08018143448636728,0.0795652705354648,0.6572811440329871,0.5293386750818329,0.48562791567259717,0.604622626113093,0.076809818939687,0.08527195540337701,0.07936817795618695,0.023005921467962362,0.2308971311188706,0.5149014974235655
2017-10-12,0.08279084843140685,0.08350693796424222,0.08342957104781763,0.08412341714584119,0.0758379105218854,0.0808904215738818,0.07979740547167577,0.7181854967816677,0.5328843977360014,0.48806427461767254,0.6088080955880286,0.07755406463703604,0.08500415748584059,0.07962808473308053,0.023487484213904827,0.23501648596246208,0.5406491245662247
2017-10-13,0.08514722634463523,0.08474650071339437,0.08541112730558513,0.08491487532623167,0.06380629473398167,0.08154486478026629,0.08000042982829589,0.7467171781186448,0.5364983560128721,0.49084047607730447,0.6123177511025605,0.07833262888441905,0.0846609126728588,0.0798691806292813,0.02283029312415079,0.2387597496767906,0.5255842411438749
2017-10-16,0.08478309841840681,0.08461829766802298,0.08554039933562323,0.08525719956098897,0.040726956972605595,0.08220804341684237,0.08027734960377006,0.7587927187330377,0.5394638971210649,0.4937401505229452,0.6135928936397056,0.07911235028647523,0.08438668169037825,0.08014456666700776,0.020336448233879117,0.24178158624830404,0.5161480887021098
2017-10-17,0.08489022954525513,0.08421224764337612,0.08532502580132041,0.08512885018795309,0.07542795476587233,0.08293448324144101,0.08057442075862364,0.7459198215672189,0.5411952446461253,0.49645613768187075,0.6116958999701223,0.07974775769667414,0.08419060041194512,0.08038235299488655,0.017630973362905616,0.23767504603625872,0.5063478034066691
2017-10-18,0.0853186827110669,0.084703823162708,0.08558352080009525,0.08517166293229585,0.0479156287628082,0.08357147552307131,0.0808886606133842,0.7476471579372943,0.5421916870297339,0.4988569797784706,0.6084413024477598,0.0803668062859893,0.08412995129156634,0.08067765249020378,0.015638398527033456,0.2409215902230366,0.5099070552218657
2017-10-19,0.08510442437740245,0.08487476481060627,0.08554039179037469,0.08581339202547679,0.061909566102827836,0.08399468355556616,0.08115512860871135,0.7736729955728747,0.5434820226921973,0.5010729681774677,0.6065322629033124,0.0810120899343138,0.0842744839806712,0.08108686196128884,0.014437745508248903,0.24460556490874494,0.5223650724165031
2017-10-20,0.08671110813541241,0.08709752934762022,0.08741433548360102,0.08773870370900895,0.12261112924460382,0.08460768965076787,0.08151564588267068,0.8392070856430767,0.54687611161076,0.5036225524501782,0.6099774074854456,0.08196232296089251,0.08424971427873149,0.0815734907068904,0.016440795437956374,0.2501869837808748,0.548911072427918
2017-10-23,0.08814636312590915,0.0878882815776709,0.08857743475426928,0.08778148090935477,0.10512593059956615,0.0851617877744035,0.08181943829798194,0.8405056866196099,0.549110480099096,0.5061735921628139,0.6099924382498165,0.08257282898379373,0.08485540457200788,0.08218951971486163,0.015182779170177713,0.25522184031094497,0.5098925373639794
2017-10-24,0.08795359153576512,0.08758908798038681,0.08793127271962338,0.08784567336787118,0.0808409324814583,0.08572243203369315,0.08213144145318804,0.8425823938689565,0.5504422754995987,0.508519227403465,0.6078711646982996,0.08299897000912487,0.0856661528473574,0.0828088674792957,0.015053935508647198,0.25949758247704335,0.5103308864688123
2017-10-25,0.08726809615240397,0.08737537576615528,0.08696202646071337,0.08735365558990131,0.10343613201668561,0.08620454078843437,0.08238671540904824,0.7822151791853786,0.5502335428024433,0.5103479636555778,0.6025329939048453,0.08330953560232579,0.0864153669337401,0.08333752461861837,0.017207732500617134,0.2545155466377653,0.4989438752195473
2017-10-26,0.08859623879211581,0.08805928001864954,0.08855590631157738,0.0876317518221452,0.1948750064421619,0.08656230921234853,0.08268453688451755,0.7935658446994309,0.5499530898820708,0.5117467663540107,0.5980929412247858,0.0835092284007278,0.08730873613377857,0.08387834777519565,0.01725901082892828,0.262355831123562,0.5147259905001496
2017-10-27,0.09967133738094175,0.10254966883201766,0.09902383350198869,0.09843467436331636,0.4989918992742612,0.08794101382277347,0.08331898257308315,0.9984594971375957,0.5651020687927261,0.5163329036426868,0.6310095009315739,0.08669937858681326,0.08599015410225619,0.08490911200213871,0.06050181682079818,0.27970237542262044,0.7304501193117848
2017-10-30,0.09823608950453297,0.09855308094190801,0.09794691592591688,0.09860585425269348,0.19203264653380459,0.08930226569611435,0.08397059882185476,1.0,0.5765272910366941,0.522616665117032,0.6485413747543991,0.08912326643608909,0.08548652190608891,0.08593545673334924,0.06025378844945449,0.28745381179636387,0.5123136185591577
2017-10-31,0.09964997687903945,0.09861722229051093,0.09794694249992013,0.09708704149043655,0.1555653250832015,0.09052172268921418,0.08454832337237037,0.888723737846234,0.5824187935472599,0.5289920423801144,0.6494875184662275,0.09056489796853046,0.08595758710968698,0.0869219864939613,0.060218336493607125,0.28084229181849973,0.47978802429255957
2017-11-01,0.09819327928523655,0.09733488150813108,0.09745153511700237,0.09708704149043655,0.11824607652819794,0.09173681377954815,0.08516336924237167,0.888723737846234,0.5861418533805385,0.5349444281952203,0.6451191589926404,0.0917640397431787,0.08659196493334631,0.08786095476245281,0.05778209064605089,0.2862872653756906,0.5090162641843036
2017-11-02,0.09748634680012253,0.09883094090706804,0.09796848412614038,0.0989481607154523,0.1314076084664844,0.09307625426235872,0.08589783887000954,0.9174017342148932,0.5908613412672069,0.540786469941696,0.643979602720615,0.0933150899256108,0.08675501385704854,0.08875458139364503,0.058507765211214396,0.2921436496275678,0.5451376022577666
2017-11-03,0.09905018147730096,0.09900194458388606,0.09857159776802386,0.09914070254700462,0.0817490820895406,0.09423899257843016,0.08662409837785223,0.9202292689383416,0.5938531811409453,0.5461448355255768,0.6389845340091145,0.09463125862806179,0.08718424765691654,0.0896548473753909,0.057882514186223866,0.29644777925364363,0.5127145112596583
2017-11-06,0.0993072302022382,0.09934388952606146,0.10003625486738112,0.09984664187070046,0.09914213829798865,0.09546935798529002,0.08746082802401711,0.930784293904201,0.5962125831739334,0.5509715162880222,0.6334936654873277,0.09587968305919156,0.08769538782122846,0.09055953377168344,0.05392420356943628,0.30129559098078407,0.5225610885479866
2017-11-07,0.10052825806082055,0.09977132101024169,0.09971313825313326,0.09941876323525155,0.08414010023223017,0.09664954360145583,0.08828262815022822,0.8953248612675739,0.5963817076014496,0.5548715678288187,0.6239240877612139,0.09680358604851363,0.08851017899593949,0.09144209880014711,0.05252211497851883,0.2969167215417666,0.5008386499116538
2017-11-08,0.099178706022781,0.09915154842384247,0.09949777908869313,0.10003916593025426,0.08487802059305372,0.09794317019633819,0.0890820364769074,0.9063831976208732,0.5963749376309746,0.5579900596414058,0.6158526861779665,0.09763402346621047,0.0894617376131831,0.09234236018782258,0.04998600385820931,0.30131865731756713,0.520901540477183
2017-11-09,0.09911442464489653,0.09842486031719294,0.09749462072209077,0.09903371511614391,0.10943007560365012,0.09910590488774984,0.08984487008411851,0.8216277117080584,0.5938387423723188,0.5599044027336199,0.6034170814029475,0.09821362563710104,0.09041790675987682,0.09311322406957068,0.053347174276085235,0.2961492593606734,0.48982054527276225
2017-11-10,0.09842893153449461,0.09806154410778362,0.09820542683922252,0.09856311259634466,0.09552593809589999,0.0991190025960475,0.09054500541244087,0.78309179456636,0.5901364887055802,0.5605885550391171,0.5907125324027699,0.09862133709631593,0.09142522957380342,0.09381883928812718,0.051336706954615854,0.291414484888181,0.49998146567780116
2017-11-13,0.09815045301995245,0.09771959595538221,0.09870081961392045,0.09869146196938054,0.05491376873497806,0.0991277325892494,0.09124066362105618,0.7867165888747929,0.5864439288546577,0.5602907733058009,0.580571805252357,0.09891868223922937,0.09252856914928834,0.09451339198514111,0.04693662874255913,0.2948797809376571,0.5114868254335504
2017-11-14,0.09780768027243664,0.0980615331855475,0.09766693752550697,0.0989481607154523,0.09086805983948476,0.09931752340263658,0.09197140210890495,0.7942933921407578,0.5829898512230792,0.5592620249535096,0.5730228938732949,0.09906478353476988,0.09383533791080448,0.09522785170804723,0.04700794763488447,0.2994689567869633,0.5139538544602736
2017-11-15,0.09864144353905888,0.09808358155973779,0.09793679953596769,0.09755071293082788,0.09541115048421633,0.09936480709012604,0.09262128207856579,0.6731378192075781,0.5773286677758522,0.5571433705264756,0.5617671071435668,0.09886786113785928,0.09535841257037417,0.09586784981896546,0.046327358973188695,0.2947377704113038,0.4821747869801973
2017-11-16,0.09784481410794879,0.09750359110611306,0.09847795392509807,0.09802366135442674,0.10774652396562306,0.09927052968793357,0.09319212538290564,0.6912924604764734,0.572754210494109,0.5544015065503054,0.5553310353245693,0.09859224752924495,0.0969482293873414,0.09649912195255067,0.04230069964660965,0.2998545429479813,0.5181715775500122
2017-11-17,0.09788795340786458,0.09685927964221183,0.09696270297087588,0.09630377620134621,0.1164625737725144,0.09898122927588848,0.09370072122082584,0.5589591793552668,0.56585756435273,0.550629603491536,0.5446935129676472,0.09826779366628682,0.09820443114081717,0.0969419370486706,0.04169499592105515,0.2944653191402217,0.47581083595429763
2017-11-20,0.09633777754948392,0.09572079785135543,0.09698431312327592,0.09658322310547472,0.07145333610281224,0.09864843657053671,0.09419741920613961,0.5720650614253109,0.5601612285698059,0.5463083801041535,0.5390205172770487,0.09780160860143619,0.0996381148692187,0.0973969879919154,0.037085278377431946,0.29844761844832435,0.5144638597680717
2017-11-21,0.09706979665501306,0.09840578591968469,0.09804504746873151,0.09914169777891958,0.10989156865470481,0.09862018234715758,0.0947833873618332,0.6761900043536981,0.5588227604471149,0.5425450707605384,0.5447822628399835,0.09729087378575033,0.10138392479905176,0.09798099357270024,0.03913723620033409,0.30363144201901576,0.5588131474657801
2017-11-22,0.0994165223207909,0.09853466593071908,0.09869446395364544,0.09783021315095185,0.10454730733250772,0.09839492061266866,0.09531389132153306,0.5849813720197934,0.5552209693897721,0.5387100936521054,0.5440421283505272,0.0960833977938374,0.10379217365709298,0.09852263263618197,0.038104899786014154,0.2986146724260421,0.483853009886389
2017-11-23,0.0994165223207909,0.09853466593071908,0.09869446395364544,0.09783021315095185,0.10454730733250772,0.09839492061266866,0.09531389132153306,0.5849813720197934,0.5552209693897721,0.5387100936521054,0.5440421283505272,0.0960833977938374,0.10379217365709298,0.09852263263618197,0.038104899786014154,0.2986146724260421,0.5090162641843036
2017-11-24,0.09765105401635552,0.09752507382131803,0.0981315874558729,0.09815266829140644,0.0020388466265716942,0.09830507435711902,0.09580339925102921,0.5982365239698797,0.5522905543128551,0.5349714378623868,0.5450368674808961,0.09356679313484476,0.1076129013037761,0.09906656505961145,0.035775387915819176,0.3004271739119292,0.5152485716433289
2017-11-27,0.09829694188063207,0.09870647564622967,0.09925726659963947,0.09946415291937417,0.08668182591951126,0.09839695948382335,0.09631105191733247,0.6497813295265227,0.551374441756514,0.5317708456747131,0.5505936115820587,0.09367212567744782,0.1076086839583621,0.09911978920291695,0.034069270580751224,0.3048854940665327,0.5343185489430967
2017-11-28,0.09993325824491148,0.1010263375533278,0.10081592162735571,0.10163566009787535,0.1152678455692763,0.09869719911923702,0.09688252834344807,0.7216010890261009,0.5533120529321927,0.5296538263851364,0.5617839936982159,0.09424374787692913,0.10731493375328205,0.0992764304651782,0.03555338458571815,0.31023737237664356,0.5506061320523197
2017-11-29,0.1013110563000526,0.10072552707524152,0.09899746078211748,0.09832463014871677,0.1578649816574082,0.09863361352415967,0.09734295483803843,0.5208574622985744,0.5493983821993226,0.5270645024824216,0.556906362386543,0.09421558956846629,0.10747631175014036,0.09934041392137938,0.040521818011891184,0.303553968418011,0.44635624389588857
2017-11-30,0.09872754790175667,0.09986637119849967,0.0993438455251862,0.1001091342882773,0.20216753369055449,0.09889451291410253,0.09786415234170462,0.5836818945448128,0.5484407018828432,0.5247738623328765,0.5599909590350247,0.09433621994199515,0.10766672143393233,0.09949665641832925,0.04147970867741892,0.31162220689239717,0.5434114047556788
2017-12-01,0.09892128565841937,0.10048926451720136,0.09908406761354828,0.10030261803574915,0.1746614546323439,0.09912691341612767,0.098369709691181,0.5902246307467354,0.5474694296353197,0.5227190584469712,0.5624265108207986,0.09449114646616694,0.10764359788877403,0.0995666819959311,0.045045596842898564,0.3188306446120919,0.512708760672686
2017-12-04,0.10068672198144474,0.09967305062851303,0.09362894662973113,0.09346576576378042,0.24933430993904546,0.09883750245195777,0.09856953805403795,0.3068489238575027,0.5361566806877858,0.5184861050745495,0.5399321081802041,0.09512755896856628,0.10635808153401866,0.09927328720220502,0.06232713709595135,0.309288040062883,0.3786792707915049
2017-12-05,0.09405566830949111,0.09591416414713197,0.09423515139647563,0.09456229807011023,0.14826967436238217,0.09863141516797247,0.09880613398736421,0.34910472770001183,0.528540871158038,0.5133567380271582,0.5306745754616595,0.09522552819559643,0.1056929591034266,0.09900008610436462,0.06512203213680544,0.3156715084168697,0.5307403057893377
2017-12-06,0.09450771922071621,0.09690214364307387,0.09520918844996028,0.09712066611156421,0.14834619943683794,0.09842531701000765,0.09912975657041936,0.43889435102926894,0.5260587309313189,0.5086851654221665,0.5354023558907409,0.09510994415055216,0.10557381568809354,0.09888127425547144,0.06778258219913874,0.3220573688354117,0.5593847491313801
2017-12-07,0.0966392278004547,0.09617192396351704,0.09644316744492941,0.09649725994881804,0.12509507069198972,0.09828938682937244,0.09944879475652241,0.4166298681207247,0.522946469783123,0.5042356147451462,0.5376952428912651,0.09490491542623838,0.10541910049188477,0.09869815736544854,0.06431247527212254,0.31639830550052317,0.49691923672403454
2017-12-08,0.09898587628868788,0.09999524433071588,0.09932219379472058,0.10008763017011425,0.13528227601188794,0.09848670787355757,0.09988340464103487,0.5275091573490271,0.5255746196631732,0.5012774699019259,0.5530974379810437,0.09504028197790088,0.10538517444206438,0.09875264487811627,0.0695113820459853,0.3223758063271279,0.5789313231412042
2017-12-11,0.10040684552476031,0.10169215336817244,0.10103234111321012,0.10238809096959971,0.12254475545553503,0.09878488145286782,0.10002134705558699,0.5865863934751456,0.5307727854620182,0.5001006405027242,0.5714936165150315,0.09565987241010984,0.10512407392731701,0.09895039663883107,0.06885545014195306,0.3279551504493884,0.5529241017637005
2017-12-12,0.10260284216875246,0.10315276085372363,0.10311046567494385,0.103140557385321,0.13087037120908057,0.0989383459254333,0.1001795716905515,0.604861946925783,0.5356480984889183,0.5002749732460773,0.585447472967724,0.09637369012313937,0.10482775823144977,0.09918041531246391,0.06641848665438273,0.3337947414317346,0.5231979400202484
2017-12-13,0.10352869609991472,0.10304543635014954,0.10330536407427092,0.10264614038755608,0.11633529227112366,0.09937903931695069,0.10037353949130995,0.5838500961461155,0.5383806913049968,0.5010398386376682,0.5915460806363483,0.09688445502981702,0.10467023096476422,0.09937160122775152,0.06324165275846089,0.3284094962619598,0.49973613384819393
2017-12-14,0.10286120533884208,0.10276612711214633,0.10191985927758122,0.10122709962477623,0.09480910117395713,0.09949304574260084,0.1005179941927268,0.5243675729234414,0.5380432167220646,0.5015744942942751,0.5891686356985374,0.09715436545828612,0.10476942075062062,0.09956167078392997,0.06362112043577693,0.32369712908805665,0.4823093237600066
2017-12-15,0.10249523817255005,0.10538667348357461,0.1026775437842339,0.10587102946007317,0.365229192597995,0.10006089401330368,0.10075954658281458,0.6411639757053391,0.544223128948431,0.5034165942510531,0.6026710048886504,0.09834280255473601,0.10432269914265949,0.09996738049217813,0.0708933904792677,0.33686244217977224,0.5970981234107814
2017-12-18,0.10649972910442701,0.10626733463281543,0.10559992815490261,0.10486053139839395,0.11806179165501873,0.10122289471109963,0.10095912256510078,0.6003228743922795,0.5471209472806114,0.505553488013668,0.605715428885028,0.09907247259093355,0.10444446099707647,0.10040976558330791,0.07026928559537589,0.33142322910457167,0.4903267263086297
2017-12-19,0.10484198308720385,0.103797203881494,0.10352181384518398,0.10367810702340137,0.12775236485906113,0.1021524949068704,0.10109280985563218,0.5534044301058976,0.5471613906958926,0.5072722591702622,0.6013973514017402,0.09948421633953797,0.10475325086839893,0.10077657178452656,0.06864514979102583,0.3256811025484421,0.48702789003729624
2017-12-20,0.10451901235759833,0.10368979163529377,0.10230954641101751,0.10301158599233827,0.12892444788720517,0.10275323152854568,0.10121817044762815,0.5271120139082126,0.5457216029518576,0.5083177567856939,0.5944442537305638,0.09978795622794837,0.1048365595472138,0.1009766453884256,0.07027070107152271,0.31990233835050164,0.4965422116924002
2017-12-21,0.10419602923004179,0.10326013487056898,0.10380316402918806,0.10296854221201522,0.0845383429666429,0.10341315159593414,0.10132038209837999,0.5253401196394554,0.5440556569444666,0.5087728754978899,0.5883472338326603,0.10004916176183737,0.10509997376833366,0.10124229750977148,0.06597001063947287,0.315511020412268,0.5082077723880714
2017-12-22,0.10279660230334695,0.10225058482347008,0.10276408606926975,0.10299004633017826,0.054514745132458665,0.10370913044371702,0.10145842620928003,0.5260303682843785,0.5423264590110692,0.5087412148349452,0.583320117315023,0.10028371014758858,0.10536017417827609,0.1014923904334594,0.06204180814790762,0.3189638435537058,0.5094202708512613
2017-12-25,0.10279660230334695,0.10225058482347008,0.10276408606926975,0.10299004633017826,0.054514745132458665,0.10370913044371702,0.10145842620928003,0.5260303682843785,0.5423264590110692,0.5087412148349452,0.583320117315023,0.10028371014758858,0.10536017417827609,0.1014923904334594,0.06204180814790762,0.3189638435537058,0.5090162641843036
2017-12-26,0.10260286748340933,0.10203583086138257,0.10300224790283706,0.10275358989037732,0.021291930665159074,0.10374640282075451,0.10160464013349588,0.5149102987092331,0.54018794072009,0.5082264509178451,0.5783309652007042,0.10047648979152363,0.10550131745595176,0.10166245465063889,0.05702327997594807,0.31654951815276766,0.5045743799255278
2017-12-27,0.10333490433746403,0.10300245082314574,0.10341357404794525,0.10342009314944194,0.0586705251962712,0.10377490895799182,0.10176963129619485,0.5388869526292315,0.5390813890844974,0.507561387085788,0.5767787729270255,0.10065006331077164,0.10550368907995394,0.10175471001613123,0.05406056038008954,0.3201322450448505,0.5215527932856394
2017-12-28,0.10387307298625517,0.10289497433324746,0.10412786785028981,0.10344152617961104,0.02678221432330751,0.10385601978334988,0.10192641357929802,0.5396855276060808,0.5378470453348463,0.5067468359765214,0.5752349730069481,0.10086906039375818,0.10581022202641788,0.10201925404769474,0.04882872070759463,0.322718188873219,0.5094179485673976
2017-12-29,0.1032917900982965,0.10315276238348636,0.10401965014036836,0.10305455868466736,0.09021291149797053,0.1040423780438775,0.10211845349014387,0.5180250288440604,0.5359258731751176,0.5056555029700526,0.5723765633900543,0.1010388763947633,0.1059396181478465,0.10217153278069652,0.04508041313400561,0.31814949202556464,0.5017648059885226
2018-01-01,0.1032917900982965,0.10315276238348636,0.10401965014036836,0.10305455868466736,0.09021291149797053,0.1040423780438775,0.10211845349014387,0.5180250288440604,0.5359258731751176,0.5056555029700526,0.5723765633900543,0.1010388763947633,0.1059396181478465,0.10217153278069652,0.04508041313400561,0.31814949202556464,0.5090162641843036
2018-01-02,0.10436826965600154,0.10371122342355793,0.1040196499071903,0.10393603203736838,0.11962352786840189,0.10384505337503255,0.10232474763238936,0.554272970646319,0.5353544068680653,0.5046516470204611,0.5732799651773935,0.10128834453978516,0.1060562385756062,0.10235938064442565,0.043297133470299606,0.32363752274475055,0.5255691190748729
2018-01-03,0.10421758205301007,0.10414084689247796,0.1050370949836212,0.10479603681590334,0.14755986525339954,0.10383847642977004,0.10262105916513195,0.588211359930775,0.5358153337444486,0.5039540530227584,0.5764428241555907,0.10086808955374646,0.107708378191506,0.10294515677994576,0.04000929267994019,0.3299988034795459,0.5250889320314798
2018-01-04,0.10535863411873933,0.10661100563936823,0.10633591617366016,0.10642999435632415,0.11515852403433946,0.10411910484317052,0.10296463221526939,0.647060394976932,0.5382183774182917,0.5039459542334176,0.5835634478463251,0.10059588655535037,0.10925823862077355,0.10355871785329379,0.0418523349932909,0.3353472645545778,0.5394119088874572
2018-01-05,0.10766228931626579,0.10822195814429197,0.10819755850562417,0.10875192372997565,0.12683328309748515,0.1047044855934737,0.10329995173863388,0.7169368401337022,0.5431276706518978,0.5050630483986611,0.5951836527613078,0.10113511197484529,0.10991047838274023,0.10416005502410006,0.0434983942413798,0.34106066192722195,0.551833038736065
2018-01-08,0.10882488624586109,0.10858712301323575,0.10856557205146981,0.10894542524944596,0.11672806892878954,0.10531398845494916,0.10368778316340413,0.7222928699944959,0.546813603610912,0.5068003106344232,0.6015883143189481,0.1012684331491634,0.11108574489964845,0.10480362640298171,0.04293794454419464,0.3464581847344591,0.5125407685056124
2018-01-09,0.10979374873057132,0.1089093431135878,0.10912842742865798,0.10881645385646323,0.0962013890081882,0.10590814631903206,0.10405986343614146,0.7131042319452676,0.5490246883513734,0.5086961638455453,0.6032261308586276,0.10182230209822404,0.11141478278967512,0.10525490745204963,0.04169942353456692,0.3417022966309431,0.5066695291125258
2018-01-10,0.10809290746171887,0.10774943433780673,0.10815430402421149,0.10795646684992675,0.08970378549240762,0.10643871858803755,0.10435617682918313,0.6514706234354268,0.5489797154212479,0.5102025536133283,0.5992040251388444,0.10226146867678454,0.11153238033252444,0.10554279303654235,0.040157646846929254,0.33714951433522794,0.49335748952107494
2018-01-11,0.10867422433305124,0.1076205697076904,0.10778631209174412,0.10851548506217319,0.08311872474867762,0.10695832988571549,0.1045962273378401,0.6713683063494538,0.5492551000489271,0.5114706917679513,0.5967435293145822,0.1027644422644288,0.11156087063144046,0.10582067732975675,0.03924826100901797,0.3414964570350789,0.5192413149445023
2018-01-12,0.10983677757461371,0.11116468208346936,0.11040558751473135,0.11178336459901785,0.1335831070117271,0.10780900311367614,0.10506582882733148,0.76805921144134,0.5537631786288103,0.5135169508591166,0.6047794174655152,0.10393637246114559,0.11126853429506806,0.10629307272642008,0.043691499729501954,0.3474208442650277,0.5686128819903492
2018-01-15,0.10983677757461371,0.11116468208346936,0.11040558751473135,0.11178336459901785,0.1335831070117271,0.10780900311367614,0.10506582882733148,0.76805921144134,0.5537631786288103,0.5135169508591166,0.6047794174655152,0.10393637246114559,0.11126853429506806,0.10629307272642008,0.043691499729501954,0.3474208442650277,0.5090162641843036
2018-01-16,0.11291552762304405,0.11333415709865721,0.10945313434942243,0.1090959363045887,0.22985008894087736,0.10842508292041414,0.10537939587393658,0.6017815300005245,0.5527756079952284,0.5149279362097564,0.5982187551258372,0.10421250777400409,0.11180513638615566,0.10669989236207883,0.05486795673015217,0.3384872886421797,0.46083680952091605
2018-01-17,0.11071951170219785,0.11223868170776258,0.11105502618966963,0.11294435594384132,0.14412248384774323,0.10934372214485732,0.10582049076092773,0.7062515836399961,0.5571080689230005,0.5170482800447304,0.6055445128214924,0.10538685775716108,0.11129156920744601,0.10706558404181649,0.059697136568808165,0.3447411217425634,0.5789857744152587
2018-01-18,0.11226964675982681,0.11307639154271176,0.11302494061617936,0.11285835724318767,0.13271009646844592,0.11016589104791058,0.10649713609318057,0.7015283761295839,0.5597715913199068,0.5193541463983821,0.607460459481659,0.1063904978194555,0.11105950825700184,0.10747907243007959,0.058175421963248916,0.33884402357560245,0.5074837401063215
2018-01-19,0.11300168530075899,0.11294755865636733,0.11302498077764293,0.11264340492154977,0.23199981883859924,0.1107995142082284,0.10712802116936976,0.6890216652457379,0.5609074914948009,0.521458809079762,0.6053825688479522,0.10718835682350228,0.1111512196035348,0.10794257921931744,0.05637072750726731,0.3298432704658087,0.5051840451740103
2018-01-22,0.11270023972412421,0.11511698382423985,0.11319811415636812,0.11610480374986322,0.12835207156500025,0.11154933671339387,0.1077904147506217,0.7698674294667807,0.5662416467490812,0.5243633491430444,0.6136431423315454,0.10859989455997224,0.11102027821437477,0.10861949987410524,0.06076620086203731,0.33560414299722857,0.5707954253837411
2018-01-23,0.11679085431712541,0.11657759429843631,0.11709462414102338,0.1167282810006033,0.12687779257956658,0.11234300672852945,0.10849631452559175,0.7824556741456465,0.5706295526197167,0.5276912262430823,0.6180150708040406,0.10989206559213449,0.11108830315118831,0.10933087973220978,0.05753612850152609,0.3413189316727263,0.5199485423358918
2018-01-24,0.1181903023310179,0.1190048194347568,0.11718123625577086,0.11655630137129448,0.20390808870037,0.11313229090527005,0.10907093857769526,0.7717550154060249,0.573055942530589,0.5309088475055682,0.6168764257208085,0.11090353070535891,0.11143769124998285,0.11003225646140782,0.06165247213116652,0.33319628593411854,0.5060102262012909
2018-01-25,0.11801800466166873,0.1185966419281099,0.11793883185987121,0.11765272704563341,0.150072698820733,0.11412108360840356,0.10960355149641499,0.7955252856560446,0.575783754313964,0.5341072494938188,0.6166779425148629,0.1119111771123544,0.11193237803622721,0.11080254332791264,0.06266749625418579,0.33963611425808626,0.5281974228466647
2018-01-26,0.11941751757828231,0.12035806592805012,0.11934599600476829,0.12137222860789872,0.1718511103163609,0.11543217200201958,0.11023969005711359,0.8622571791234044,0.5825752828133395,0.5382203250460847,0.6261240505809245,0.11360641393193777,0.11201106423825319,0.11173067050905525,0.06563417435638429,0.34675670462742936,0.5737267937050339
2018-01-29,0.1237664238200755,0.12334368230475787,0.12181372299820571,0.12107117095361626,0.19057398491050473,0.11637931192671039,0.11088257530235685,0.8433145561838051,0.5865588403985602,0.5424224887244633,0.6270440903631715,0.11487730870718071,0.11251190791813195,0.11264212488987294,0.06838868418765941,0.3390508639331683,0.5038749093740288
2018-01-30,0.11980500046206302,0.11949883881889739,0.11830686752477794,0.11853423594233141,0.24574387838447762,0.11734179866112368,0.11148645503737689,0.6950779688826021,0.5850079619765377,0.5454292754127832,0.6146990738764053,0.11531801534414607,0.11367775361608648,0.11344242573716767,0.07153396350287991,0.3296204911474817,0.46562680149627633
2018-01-31,0.12077385482222927,0.12323633740451775,0.12135917495626401,0.12341467553342474,0.3247771011989449,0.1184095273937169,0.11209858705897058,0.7906381095374264,0.5900499059117188,0.5489886372737517,0.620405683316988,0.11661549102635746,0.1143458778038699,0.1144494735350362,0.07993841220807218,0.3415213296246895,0.5935489825532573
2018-02-01,0.12301293133779412,0.12467547205061569,0.12151070177313468,0.12180220433916848,0.3128423130562709,0.1193215914852275,0.11268971506412151,0.7131671786441163,0.5906483853965954,0.5519730987208094,0.6144685144179711,0.11733336829942012,0.11537536742426366,0.1153286940802428,0.08663262640765756,0.3299935555828175,0.48175440002051967
2018-02-02,0.12053702218506432,0.12016472869347633,0.11700805535409069,0.11647030267064083,0.31783908807099026,0.11971184592287293,0.11313605971502397,0.5060088390852508,0.5822872716295425,0.5524470882904512,0.5885421188339833,0.11726190696120456,0.11651578380240499,0.11584777901446322,0.09461132600254377,0.3183095894890145,0.41815315228095895
2018-02-05,0.11390588429109746,0.11859668254560252,0.10943147968412416,0.10834345211686892,0.3425434123623915,0.11892036882693485,0.11332209892124309,0.2983797064831862,0.562890338884045,0.548386970111877,0.541717029033863,0.11729104858741873,0.11644117676648993,0.11582666099161149,0.11820997617617646,0.30585340149382967,0.36678104358277175
2018-02-06,0.10600456217309534,0.11481629870360757,0.10347850534154542,0.11550284838928467,0.4750340848928571,0.11879540324228702,0.11375944530565404,0.4597332848928733,0.5575548175920461,0.5439177530104461,0.5374921418314282,0.11727930146989018,0.11714843701131522,0.11616568041737405,0.1465859531472152,0.3224510587253313,0.6397015504107442
2018-02-07,0.11375519902503203,0.11543918054413455,0.112029171047538,0.11180490426117785,0.2650508423224267,0.11831087140244914,0.11406701288783183,0.38335783128976847,0.5473253073742922,0.5380011862187483,0.5225449277416017,0.11713412031957854,0.11762112507093825,0.11632018359926741,0.14904189547611685,0.3124171778158762,0.4439763798652086
2018-02-08,0.11207587421145401,0.11137949295752736,0.10241775884763958,0.1019150892300054,0.37844148096321645,0.11670599889257763,0.11403775596471591,0.22656820241868353,0.5242695692202731,0.5279912446374839,0.4802714193137492,0.11803886376374542,0.11600824024719086,0.11600784377799259,0.16796924835489982,0.2988388674560447,0.33173427922827503
2018-02-09,0.10473436785889145,0.1093390044218148,0.10040463422886407,0.10873052624380351,0.43989892443226986,0.11541683969093638,0.11422304733071803,0.3544396759276333,0.516001607843723,0.5180910312543385,0.4814046153064007,0.11802461454513494,0.1160463425499623,0.11601896142838009,0.18541411959529613,0.31433824974198654,0.6377987015904676
2018-02-12,0.10998753900167621,0.11116473752093703,0.10927998959142267,0.11077293762533257,0.22298313481063167,0.11436665974891275,0.11447885457230514,0.38856500227115626,0.5123924278096117,0.5093448398243724,0.4933225459312709,0.1180405699954605,0.11592215021412461,0.11596672225377005,0.1803963225621762,0.3230571541842311,0.546221657835587
2018-02-13,0.11039656025972652,0.11163724752734736,0.10899853440653749,0.11227787045677519,0.15026401150687244,0.11372865618718969,0.11480067390548382,0.41365984753182644,0.5116837686453156,0.5021856982747122,0.5097124857583144,0.11794956293224354,0.11635707755974908,0.11613122856456992,0.1780217906493704,0.329502962669587,0.5361385379783163
2018-02-14,0.11038752833376508,0.11468189544325322,0.11121810613548251,0.11530200703444134,0.21705322240841593,0.1129013529534865,0.11519725493677294,0.4627608631735381,0.5154904807385731,0.49732961424702626,0.5334968511218698,0.1180289524190904,0.11652145157612248,0.1162531193594506,0.17837668330007012,0.33803650651761924,0.5630933114335483
2018-02-15,0.11622779086567717,0.1184153231726594,0.11602460361151458,0.1192980942090796,0.16132266563383846,0.11264599204376474,0.11570325999822001,0.5224810573830971,0.52422127247683,0.4954429335491753,0.5641627693782237,0.11846007723261046,0.11674000017184435,0.11658605439836472,0.17555800401021135,0.3448279927400353,0.5793718870373614
2018-02-16,0.11890995445337268,0.12009856706494024,0.11859094334656954,0.11787240671886752,0.18297613823239572,0.1127889740001003,0.11610250807824318,0.4947180862385941,0.5287348247989205,0.4949665903150693,0.5787277471104614,0.11869892068794094,0.11703706656052365,0.11685639430915498,0.1703171066282297,0.33735964988376277,0.4844165753210361
2018-02-19,0.11890995445337268,0.12009856706494024,0.11859094334656954,0.11787240671886752,0.18297613823239572,0.1127889740001003,0.11610250807824318,0.4947180862385941,0.5287348247989205,0.4949665903150693,0.5787277471104614,0.11869892068794094,0.11703706656052365,0.11685639430915498,0.1703171066282297,0.33735964988376277,0.5090162641843036
2018-02-20,0.11681179018757432,0.11914901661519389,0.11687277347326126,0.11942765207801222,0.1854343110322608,0.11391930423262683,0.11647500505796707,0.5187308697415351,0.5342779032645397,0.4958541411887024,0.5928130903839796,0.11899522590021083,0.11707042222445385,0.11702818589680797,0.1677461461785455,0.3449048317116682,0.5360439441664672
2018-02-21,0.1200564694466193,0.11979651211566744,0.11791678495012838,0.11677084493696734,0.15428392052012063,0.11404861034742172,0.1167480492104262,0.4647069487084016,0.5343683292991994,0.4965848773857172,0.5911936182138441,0.11899812839023866,0.11707180981157789,0.11703038645653344,0.16417828532354664,0.338333366610694,0.46320373414097626
2018-02-22,0.11804479393068912,0.11843692130270267,0.11763403764662782,0.11728925413268275,0.13453030002514396,0.1146078862976253,0.11704368173401661,0.47368813411674066,0.5348565698246395,0.4972812082869921,0.5908383044118609,0.11905021882459219,0.11709343572555411,0.11706828018688722,0.1575858455436536,0.3442873617417198,0.5180756051191189
2018-02-23,0.1213975351339445,0.12132870609382418,0.11980892484036311,0.1223221596987518,0.14965103004311955,0.11668893218176549,0.11754492877060052,0.5553869313307163,0.542291923261378,0.4995399769869971,0.6069740678950781,0.11963307136491699,0.11696129458819304,0.11730969031750388,0.15782629771994797,0.3507140093018115,0.5967375386344471
2018-02-26,0.12312794585254289,0.12430677306820773,0.12391942941067462,0.12525978218780837,0.1798753109807235,0.118374531303053,0.11812916994867859,0.5975109037127879,0.5520031955563383,0.5035695777118803,0.6252619810172305,0.12032194474822847,0.11663231880311375,0.11751067722260006,0.1518185583072829,0.3580854247259512,0.5589493733797769
2018-02-27,0.1260264946526793,0.12514845546703848,0.12381071651394902,0.12262455025292039,0.14605825588423163,0.11958311975365093,0.11850744005644576,0.5378689646466162,0.5551890408474518,0.5075223918366067,0.624468982780875,0.1205485014666072,0.11655323907993695,0.1175909870862174,0.14787982219137846,0.35177108215584774,0.4648615431631551
2018-02-28,0.12407973227251684,0.12486792001328836,0.12257103114793873,0.12169573229626375,0.18743020991296447,0.1205435223086617,0.11894707150818637,0.5171464187535812,0.5557362671805532,0.5108098849606492,0.6175980133789687,0.12090552718763656,0.11650420654164051,0.1177544367608234,0.14710833453698605,0.3441635113789291,0.4932518681618283
2018-03-01,0.12224114174607542,0.12240774731277743,0.11867797676269216,0.11970850297002082,0.23403476112463747,0.12099288226183391,0.11918308578801054,0.4728860694324902,0.5526529991721827,0.5127342224278721,0.6035202963094468,0.12039322313430292,0.11666252106641639,0.11756282727224415,0.1506552169789471,0.3350991488790224,0.4751332767437218
2018-03-02,0.11702810653826826,0.11934326341269799,0.11654654756582598,0.12014048693711903,0.20041682739535197,0.12107878669981784,0.11943717349317831,0.4810109908119549,0.5503192201082769,0.5137395683478434,0.5940295951362006,0.12017363391945851,0.11672263198385074,0.11747691631798535,0.15106283782673416,0.34311266277450103,0.5164547287017455
2018-03-05,0.11867205270815176,0.12176030685822672,0.11959143284510011,0.1214149347202506,0.13069467588507497,0.121440042046489,0.11974322927233036,0.5056007243551401,0.5498385401345445,0.5144338334978373,0.5908169707791809,0.12064412618339418,0.11674047006041743,0.11773255428465573,0.14960482465248948,0.3489467617718989,0.5309142062760331
2018-03-06,0.1229982104925908,0.12223509457271647,0.12107037633768965,0.12072372838329622,0.11721845409979184,0.12157221164255,0.11990439255968982,0.48790125514505395,0.5479236429691374,0.5145509896353235,0.5848569930204315,0.120775519025308,0.11791061873569783,0.11837261579374558,0.1452338909897644,0.34353391022445035,0.4972145821784187
2018-03-07,0.12044577926153208,0.12104814884992357,0.11996115240946441,0.12189014018765663,0.15267220874790924,0.122094260523964,0.12008449989234699,0.512290254327409,0.5476395217372869,0.5145796886881198,0.5839434701921111,0.12126013238074038,0.1180660925700592,0.11870283941230492,0.14091285590762448,0.35005499551683167,0.5289999113660374
2018-03-08,0.12284675268114825,0.12355147121378163,0.12287548732068836,0.12312134869848189,0.14620427822018295,0.12268899833361974,0.12031356719542907,0.5379575095589737,0.5487316302694951,0.5148525950849278,0.5864654726340901,0.12178106428426322,0.11870465621709772,0.11928790071046955,0.13571987033208233,0.3563739025366478,0.5299886904486021
2018-03-09,0.12505313056269857,0.126659122262621,0.1255506551949374,0.12767910211314037,0.2324862996690681,0.12323528169066075,0.12066340697295694,0.6228812466362381,0.5557830121143889,0.5166847459128654,0.6025682572528969,0.12116218940876253,0.12209934943098763,0.1206199027281393,0.1360138111725515,0.365389862342543,0.5861844876682963
2018-03-12,0.12767038890904336,0.12810496225822393,0.12781249449725574,0.12817584724270642,0.14765591203052258,0.12353265240781852,0.12090079849417573,0.6313585107737654,0.5614490822978149,0.5194472407310616,0.6121761985079329,0.12158343786935447,0.12370620028906865,0.12162522774960483,0.1301213166882631,0.37175414536244344,0.5172429311303568
2018-03-13,0.12875197568945754,0.12816975192231997,0.12331050290134703,0.12307818051416948,0.2203867483558822,0.12357891212890587,0.12097082697141029,0.4859011273221279,0.5577356273768701,0.5208073508245021,0.5976933510950441,0.12112151102704899,0.12550643077864398,0.12226141002564214,0.13842329034097,0.36311640025332453,0.4247937055270655
2018-03-14,0.12468539520031949,0.12422049932081991,0.12228828882396765,0.12186852943750272,0.19496324453821803,0.12359653341267207,0.12108716697332622,0.4553814186994772,0.5524352817531215,0.5206823668758908,0.5823563397705867,0.1205253033130223,0.12716350515474673,0.12275724804478372,0.1372122761377797,0.3552733575706427,0.488531087435235
2018-03-15,0.12124611263261639,0.12242931512984992,0.12083112242021161,0.12258136429660953,0.15966019743469212,0.12388949835580582,0.12105809111931756,0.4713586108770797,0.5487800997096307,0.5197458306705786,0.5739751963554434,0.12029829871442996,0.1281787183923691,0.12313359153616948,0.13503832376565286,0.3620128774110363,0.5211599994620564
2018-03-16,0.12373365567934902,0.12415576164075356,0.1232017606067219,0.12348858927511074,0.3273149225456925,0.12423092681320388,0.12111693237818172,0.492119378907901,0.5467414733764896,0.5185300282512421,0.5710911304540607,0.12045416101350959,0.12845501006610557,0.1233502405461008,0.13111758157826173,0.37399304455972027,0.5244174413534406
2018-03-19,0.12170032275415202,0.12096179789338146,0.11926515903638941,0.1197948571106441,0.2044281468594266,0.12406571663045754,0.12123293256547166,0.39388691321255004,0.5392244254751049,0.515836985203325,0.5558352236845571,0.12034581789371651,0.12877516272162,0.12344963142175094,0.13423261483053522,0.3658541425456654,0.4465893503350373
2018-03-20,0.12020783185863312,0.12068125745573985,0.1212008365067853,0.120313284078358,0.12424158185137582,0.12402386087106432,0.12165058334376982,0.40717371642542594,0.5336970804141683,0.5124175261547363,0.5483333079047483,0.12032378303880614,0.12889267305095936,0.12349541868387989,0.12656533303313505,0.3714865270381159,0.5179393753039796
2018-03-21,0.1199482389504947,0.12128551070815427,0.11948264568165622,0.1189092428822968,0.13503239821774665,0.12371987877437562,0.12176943909009727,0.37073638582681273,0.5269635839578413,0.5081408865499445,0.5394809473637077,0.12010015163722246,0.1293596770212653,0.12360597406943569,0.1257421970990526,0.3655168370345488,0.4849123319471732
2018-03-22,0.11635758426380316,0.11632201300470144,0.11393671584434413,0.1130987412946531,0.24550649448004339,0.12269780625700796,0.12181458358717628,0.243378906621263,0.5128797583144289,0.5014962577312043,0.5150260129540722,0.12087535194037524,0.12808215936639664,0.12338932414069032,0.13140533814349134,0.356093884530748,0.40856313638305586
2018-03-23,0.11252894142230455,0.11353809860393024,0.108325460166819,0.10746098353225293,0.28817468956588416,0.12063602906452697,0.12200809065387072,0.15079690486438607,0.493451740042556,0.49173413040353614,0.4828306713921666,0.12272164054303142,0.12452249660093681,0.12262099986106381,0.140337075181263,0.3453371851756242,0.4086296070401998
2018-03-26,0.1149299295890382,0.12117762090565559,0.11554610239473535,0.12171732527441918,0.38443932889071436,0.11997741025001768,0.12246122539629561,0.4517786476422417,0.499323068517338,0.48526817946225187,0.5168712729526809,0.12235348214460279,0.1245431455784089,0.12243785448780437,0.1711932132337045,0.3591029796971812,0.7704663630018536
2018-03-27,0.12429606961146278,0.12363784118338048,0.11143557077568637,0.11240751718570023,0.38578398377043727,0.11888925112228962,0.12251825906458552,0.31271031179631353,0.4902821942940662,0.47802626466427656,0.5088576616119489,0.12256611073156212,0.12323220364527471,0.1219096328663564,0.1985992222877415,0.3452951531841528,0.35029754884778874
2018-03-28,0.11322112088480044,0.11519981352767461,0.11221852960869953,0.11223470227246278,0.35401905005833084,0.11790682513414846,0.12251675284245694,0.31041915350187405,0.4831018708758713,0.47058939669734484,0.5068443217995475,0.12272767425008041,0.12205625826960179,0.12142049667712607,0.1960413909530742,0.33248025314096386,0.5059280931403495
2018-03-29,0.11399984830206075,0.11748737593543221,0.11119634340263161,0.11629562169756279,0.30221938333283876,0.11726582579107545,0.12255142199560098,0.3787834313630822,0.4836890580754559,0.4647742898552657,0.5235927350536094,0.12268663172218974,0.121738867061643,0.12124405037733568,0.2037012966985842,0.34367596956844765,0.5816491040392086
2018-03-30,0.11399984830206075,0.11748737593543221,0.11119634340263161,0.11629562169756279,0.30221938333283876,0.11726582579107545,0.12255142199560098,0.3787834313630822,0.4836890580754559,0.4647742898552657,0.5235927350536094,0.12268663172218974,0.121738867061643,0.12124405037733568,0.2037012966985842,0.34367596956844765,0.5090162641843036
2018-04-02,0.11462709380318145,0.11444444986881028,0.10926063713735425,0.11035542006499859,0.3228959899299249,0.11592654841795727,0.1222393946565073,0.2967866440714268,0.4756431739991721,0.4582807703376721,0.5165865640015422,0.1229963419443855,0.12036928595773802,0.12073816145095537,0.20996152402404336,0.33183393194342015,0.4049594093174863
2018-04-03,0.11270197692713022,0.11265328662976618,0.11008710963524602,0.11292590860941716,0.23464539998407033,0.11522607565638468,0.12206680169180159,0.3398061668076902,0.4734447332687597,0.4525828050925359,0.524802491438058,0.1228720245090403,0.11960372887182841,0.12029927796029061,0.2052803489523328,0.3409173821421251,0.5554434043859052
2018-04-04,0.10895981720858566,0.11850159958494966,0.10973909850776471,0.11858522380597582,0.2217314032356051,0.11504985375707313,0.12203740772665586,0.4265217645850045,0.4803964598033402,0.4496154508359724,0.5530023296089566,0.122736588817008,0.11952283869174118,0.1201887170618503,0.2197574033289645,0.34959715924271534,0.6098766538567776
2018-04-05,0.11888835573181,0.11917061940315488,0.11772100028175193,0.11869324201274849,0.17653397635219029,0.11502782669928294,0.12210448390930245,0.4281129011082179,0.48627172612529473,0.4485862195932221,0.5730179069187802,0.12249039608183157,0.11944893615759375,0.12002343710959373,0.21116264965179185,0.3568641293175484,0.510886738769945
2018-04-06,0.11683338956846165,0.11785416228297993,0.11354516088026738,0.11404909891346975,0.24098761074661926,0.11512474104150214,0.12199142857540429,0.3571325039713093,0.484246044131982,0.4472992236708384,0.5703558938080676,0.12201574141220328,0.11899833555721784,0.11955440089721275,0.21177387960933106,0.3475824306666191,0.42864046841176406
2018-04-09,0.11586008117073299,0.11938645428988554,0.11602461244319663,0.11521558180582413,0.19029287239209575,0.11591552945207242,0.12174346621489943,0.37647874780330154,0.48460090088550023,0.44635084178768847,0.5738528624897096,0.12057962782945503,0.11922240859718292,0.1189100356629646,0.2120793005870362,0.3552794841849628,0.5296855332390982
2018-04-10,0.11878022509341526,0.11962384060329975,0.11824300108210235,0.11977329967648563,0.15342106126222646,0.11571728411963048,0.1215520321414433,0.4486356931664017,0.4918054460517647,0.4472410159585799,0.5928401819610913,0.11903314327081146,0.11999534865722555,0.118475623121621,0.20954243851320217,0.3618239775376351,0.589295399804526
2018-04-11,0.11795822954279442,0.11964539189703813,0.11789499216646819,0.1175700161646989,0.13827300086051666,0.1162437387750685,0.12137566959076823,0.4121191903556278,0.49434875842928117,0.44853523452386573,0.5970128695330165,0.11835702873590737,0.12013893281631557,0.11819085047923678,0.2025955598060076,0.35575299092279844,0.47108950240811737
2018-04-12,0.11886672493867359,0.12152292183310648,0.11996114880409077,0.1212853235353225,0.15300642029757325,0.11716669134471003,0.12136134962880224,0.4695196542348346,0.5019176004350036,0.4513028644285316,0.61222923008513,0.1182656267841791,0.12017544347937889,0.11816069867633458,0.19935878543997923,0.36228452319099264,0.5736807683259626
2018-04-13,0.12237089740788654,0.12156606378997628,0.11998289050730003,0.12020528364358384,0.12635695355240328,0.11756538580277087,0.12137868327522475,0.4503074472791912,0.5062834271758058,0.4545161602265434,0.6168317553526392,0.1178944454608831,0.12032289742877697,0.11803785507125131,0.19268019291455388,0.35658601519976396,0.49056379983181303
2018-04-16,0.12241416863234877,0.12260195857619621,0.12211429974869499,0.12255975354645558,0.10247800684977504,0.11880994356519728,0.12146309620479226,0.4873766923635731,0.5131423128453885,0.4586565666324075,0.6264063044983688,0.11770917953684681,0.12042373274079263,0.11798983417208997,0.18542930486188225,0.3615381014144571,0.5494584307546814
2018-04-17,0.12442584084111308,0.12665912584832206,0.12528966479552905,0.12666387669986495,0.15310090533848292,0.1202108963376621,0.12164624202589325,0.5474708851194081,0.5244500935218388,0.46455686494954007,0.644581235788009,0.11903707965772764,0.11972340221199268,0.11834496316514545,0.18387782465133612,0.3680725871501124,0.5786958305824863
2018-04-18,0.1270647908980752,0.1270475758346403,0.12668159723252692,0.127463101243592,0.10837512279150979,0.12111623306052721,0.12188139188676012,0.5587416259801907,0.5342529783370931,0.47152065641315355,0.6555642482903866,0.12035861924277005,0.11905965641630695,0.11871460942069037,0.17476328178968176,0.373209008788494,0.5223170901773007
2018-04-19,0.12754065722443828,0.12780288233836967,0.12629010221548131,0.12675026638448522,0.1279686653246147,0.1219378618892657,0.12205097116700928,0.5429895192481466,0.5405408019983405,0.4785307623375508,0.6560425516095121,0.12151090357656408,0.11865113982798145,0.11911999111231136,0.16977595938917062,0.36746012098867253,0.49719866352875164
2018-04-20,0.12639423868005206,0.12573115088945602,0.1234845037431437,0.12435261052530257,0.18732947792720125,0.12298858009327415,0.12209393229310653,0.490223402753502,0.5415245673588863,0.4843639980995011,0.6438886606788552,0.1222012134508414,0.11910093320318207,0.11970181726609466,0.16730925705965624,0.3598556989497909,0.4691306864374804
2018-04-23,0.12602645458891876,0.1261195537628457,0.12474588422527648,0.1251085780247248,0.11843660834623068,0.12399743528856971,0.12200424169514199,0.5034185402874649,0.5429806225011122,0.4893638290828407,0.6352818397197263,0.12226497741831427,0.1209017740983793,0.12061419964913475,0.1623952453639075,0.36530662825954796,0.5217389007894194
2018-04-24,0.12710805639475264,0.1265080711911465,0.11991768493724035,0.12029172664419953,0.21364785659513394,0.12405030276452816,0.12172914935343185,0.4018901693856393,0.5365922797709932,0.49190161565958507,0.6098555691428823,0.12214482926336775,0.12087996250295127,0.12054049605876421,0.17357343815408127,0.3568795312842258,0.42824809055296387
2018-04-25,0.12074858106388878,0.11966696238926097,0.11528508835164013,0.11854202007766647,0.2074360508064025,0.12414942452458416,0.12157087387029339,0.36844005569019805,0.528642731628063,0.4921124589535139,0.5858245283674405,0.12198703535893357,0.12169947514350868,0.12085765046582667,0.17713202357207206,0.3486466064878551,0.47897488885168604
2018-04-26,0.12128937211508647,0.1236593993767443,0.12141832682345553,0.1227541614378485,0.27615010159094067,0.12429921177975153,0.12160177529776708,0.4503626763260186,0.5283307190349222,0.49220972433074356,0.5846515751770713,0.12202481248433619,0.12277317769920043,0.12140150754650142,0.17925589993921454,0.3590274343931139,0.5819707291203625
2018-04-27,0.13004984049225815,0.12959410597577278,0.12318003757404959,0.1261238745259941,0.3210016039030911,0.12490277019910492,0.12172538038756214,0.50849488321333,0.5327668416967464,0.4933028168944705,0.5949357810280418,0.12271291612403598,0.12307432800123341,0.12190962919110007,0.1887706431021523,0.37081025621598723,0.5661724328105107
2018-04-30,0.12730271726248046,0.12635698308939167,0.12152708259555155,0.12115571235039442,0.2682992536462636,0.1247595906988086,0.12164398176255084,0.4097681124354953,0.5286071220280381,0.4932252700937293,0.582846237415775,0.12205680662554086,0.12492395461234379,0.12246800537189245,0.1927522238463822,0.36067483460704264,0.4261195793300061
2018-05-01,0.12055393076676846,0.12396153932341042,0.12074412537808078,0.12435261052530257,0.1893167872587313,0.12452389538099748,0.12180301066680344,0.4652114628715354,0.5297712920567325,0.4934296722766054,0.5857580090828972,0.12186740135163504,0.1263380634426805,0.12305876699261942,0.19153026960827466,0.36834137709789555,0.5636702628159649
2018-05-02,0.12440416808676444,0.12370253518603067,0.12161405844248967,0.12113410160024048,0.1585669820853239,0.12387848482691072,0.12183165059073536,0.4047798774598918,0.5256560217017647,0.4926513461340023,0.5756090790960009,0.12187365141440884,0.12660134505137707,0.12319054422701817,0.18698496606670473,0.36163602960829166,0.45485002093286353
2018-05-03,0.1200131398126981,0.12318461203281694,0.12000462820689912,0.12234373490490878,0.18723655462250494,0.12342912124907865,0.12195148671466072,0.42680111877952215,0.5239653039267707,0.49164173640981584,0.5732205442224763,0.1219289365936165,0.1269285905350971,0.12337927507107971,0.18604380200863288,0.3692375469973561,0.5296983024187402
2018-05-04,0.1207918479681237,0.12413416574915434,0.12102683416384612,0.12469820480778053,0.11999444021908037,0.12346436381661105,0.12235621461557739,0.46904649219063727,0.5258775307677274,0.4912716934649274,0.5798255420603824,0.12160536688221771,0.1284046031923458,0.12392983490047985,0.18497310653664115,0.3747371719069885,0.5490328150340847
2018-05-07,0.12479358425823137,0.12702601797854696,0.12576817043319183,0.12698791354818445,0.1333527509202531,0.12365601226816142,0.1230375472813296,0.5083844559586637,0.530495519529163,0.4920325624448303,0.5915048084949353,0.12157625104811748,0.12968295632424318,0.12453846561746595,0.17846943301866852,0.3806543585344494,0.5474863754906862
2018-05-08,0.12626443842116195,0.1258390560189146,0.1256811359472358,0.12610224600384173,0.1274384558801711,0.12424854990929998,0.12319054571617072,0.4885240776255913,0.5325096791666475,0.49310223147466065,0.5946938791723627,0.12183930977537022,0.13007049980252836,0.12486567276939531,0.16947895489248516,0.37492204432476095,0.49429981929862266
2018-05-09,0.12661050634599696,0.12758705033301812,0.1256593673196686,0.12854308781933527,0.15744565548411482,0.12526842588281034,0.12375354723992679,0.5317406837453669,0.5373542723697537,0.49506673221995334,0.6039350745208864,0.12217380064345398,0.13087318052158647,0.12543298166068914,0.1661152300233777,0.38159234074598336,0.5497473904208
2018-05-10,0.12974699962806738,0.12970198736925145,0.13000921025941942,0.13063838866834626,0.11887623709029804,0.12607243342778263,0.12439568774545143,0.5670393548110202,0.5438529285536893,0.4981256580900092,0.6152375308347464,0.12321844749189992,0.1307405831756047,0.12591653605437367,0.15702332947358122,0.3870570122225223,0.5435736627507706
2018-05-11,0.13048246699662008,0.12952936858652897,0.12998747040958658,0.13018477617909568,0.07507109804111428,0.12648655081342247,0.12488030742915113,0.555203945297911,0.5478238940959432,0.5014816201246977,0.6183051123425469,0.12390081367989692,0.13106392410674103,0.1264324768068068,0.1476624908733321,0.3829616268421277,0.50160903938548
2018-05-14,0.130741984278642,0.13129893911946272,0.1305746451569657,0.13089755772220701,0.09596556683996735,0.12747999214278866,0.12559706266916149,0.568157406373877,0.5514850328284838,0.505004302085976,0.6200268789982063,0.1247325825694598,0.13105269982484508,0.1268635421084511,0.14231535146573066,0.387710143481402,0.5206805849845474
2018-05-15,0.12927113250044348,0.12948619599529362,0.1284650283817657,0.12936395865721317,0.13610140665580742,0.12799103293229727,0.12617061828951223,0.5248264911297114,0.5515571945632824,0.5078389630650976,0.6129214800833835,0.12507361532351163,0.13097198779319935,0.12700313661305626,0.1393832617616068,0.38170703780052695,0.4840041454309224
2018-05-16,0.13044353597584268,0.12942616261821333,0.12998485783280056,0.1299063422788806,0.07980628224009198,0.12888559716614598,0.12656563418920294,0.5360630382277196,0.5518705082561056,0.5101783988845544,0.6078071414173688,0.1254132170814418,0.13086560743057457,0.12712945241655396,0.13071432214474973,0.3859504382774851,0.5179267633151948
2018-05-17,0.129140008148653,0.1297295379212028,0.12825917619009897,0.12780194216664686,0.07872868425285759,0.1294422071790442,0.12688345449952976,0.4751659226356721,0.5484756668303137,0.5112729817628444,0.594951171953252,0.12551478317516582,0.13086779171235996,0.1271838241586474,0.12879076107751422,0.3817407219748768,0.474533291808887
2018-05-18,0.12751062657033851,0.12840736664311878,0.12865231031213015,0.128192392973293,0.08356303870138512,0.12979853298834584,0.12737694160868793,0.4844570347757718,0.5458842855795674,0.5115555674778511,0.5865654338544738,0.12576741159846389,0.13100287432660213,0.12738234129149217,0.12180064066805893,0.3861015532944416,0.5154787688123941
2018-05-21,0.12966136618466234,0.13074820150350072,0.13037795036960087,0.1308824870674944,0.09571881251825282,0.13019568877830862,0.1279235904837191,0.5462642332589438,0.5473347916086682,0.5121136084170431,0.5894101425214565,0.126370064382397,0.13096643806760033,0.12768085296083873,0.120118611036584,0.39084235674596624,0.553457905265405
2018-05-22,0.13113869880536214,0.13109504683300613,0.13125173454455785,0.13066561537002042,0.06463011058654128,0.13066104616764293,0.12830364461827257,0.5392116560924072,0.5476592292695253,0.5126342941091762,0.5890243636879638,0.12665711913763228,0.13175665805828546,0.12821718403537102,0.11407731646174091,0.3870733417244354,0.5054789597683516
2018-05-23,0.12903141958567813,0.1323088111011429,0.12932953202008607,0.13318214812704815,0.10999854758532157,0.13113412227008645,0.1288483823460825,0.5949061252681453,0.5511186660819956,0.5138425921659715,0.5961255426874379,0.12695088092438614,0.1329915883795907,0.12897408010545044,0.1179532404047704,0.3922605093037398,0.5501044724520158
2018-05-24,0.13341975939027112,0.13276395014516162,0.13039983102817798,0.13242282171991288,0.15215058885263927,0.13131609287988924,0.1292369913758545,0.5681901771099671,0.5521759594130623,0.5150512097296486,0.5961288423307765,0.12744104079048363,0.13348869313888387,0.1294739507995962,0.1197078815316272,0.3857557291044496,0.4967642748660563
2018-05-25,0.13248562619560514,0.13285066944537718,0.1326934012179034,0.13253131977064453,0.08745254274081585,0.13155538567258215,0.12966707081208728,0.5707594939510452,0.5526157859362327,0.5161187653766947,0.5946720536348695,0.12800253707359466,0.13356362528214835,0.12980521635332407,0.11468402675137623,0.3902381407663599,0.5107731499224412
2018-05-28,0.13248562619560514,0.13285066944537718,0.1326934012179034,0.13253131977064453,0.08745254274081585,0.13155538567258215,0.12966707081208728,0.5707594939510452,0.5526157859362327,0.5161187653766947,0.5946720536348695,0.12800253707359466,0.13356362528214835,0.12980521635332407,0.11468402675137623,0.3902381407663599,0.5090162641843036
2018-05-29,0.1314862518592797,0.1326338810256719,0.13131724818395796,0.1317719933635092,0.16793739936562277,0.13164455774140335,0.12998850382316382,0.5416444329187629,0.5512902265351775,0.5166694336357113,0.5893340026433485,0.12795436913429473,0.13474000574990944,0.13035407913311545,0.11351021655787516,0.38323988741284404,0.49672690589327145
2018-05-30,0.13250736436728583,0.13343589077382564,0.1328026498760223,0.13381129464530395,0.1170833639173342,0.13209808242872084,0.1302378911727389,0.5935690142070451,0.552713525750183,0.5174357138793718,0.5915606922377696,0.12848009938008542,0.13517661689766247,0.13084309403888697,0.11037821233043715,0.3886485162340878,0.5421393116137768
2018-05-31,0.13463638496417638,0.13503978843787867,0.13433168504923948,0.13357267002168827,0.21065010393354502,0.1324719624655818,0.1304510659410604,0.583708483849285,0.5529233520192173,0.5180967602967743,0.5904739109704984,0.1282947448098097,0.1366935568084046,0.1314861692581645,0.10773342045091219,0.3803151247263954,0.5051772594793593
2018-06-01,0.1346146013993232,0.13692539304769083,0.13555484831388487,0.1378029921363172,0.16781714567719228,0.13349183662676223,0.1308367170953473,0.6798187313404498,0.558754054052927,0.5199600503165556,0.6028898410209388,0.1290365100710416,0.13753349410392776,0.13228541438807956,0.10949328009323586,0.3873096191213244,0.5771496332075616
2018-06-04,0.13891606113855268,0.13909281411973776,0.13922452126675366,0.13971207798523544,0.15708801789125007,0.13466657619153263,0.13137263886597242,0.7158647298166803,0.5655075009973335,0.5229963206984569,0.6150035608176646,0.1304088798616863,0.13764812726504347,0.13306163311829522,0.10486966556956526,0.3939687363020742,0.5391690377336126
2018-06-05,0.14052362167400118,0.14011145591808116,0.14070981696429197,0.1408401378168721,0.1276711545759652,0.13568202464305998,0.1319215436636482,0.7361270073390684,0.5717580143756618,0.5268558706802986,0.6235058160216745,0.13199470768264548,0.1374101634918967,0.13377779448488053,0.09879775470305399,0.3997083243407165,0.5266790242452241
2018-06-06,0.14156645272151083,0.1406966996727232,0.14151807211250073,0.14149100171727264,0.10899669380443627,0.13678596191503045,0.13266122770951547,0.7478166505519548,0.576841286878745,0.531106901904448,0.627548760156237,0.1333275997996184,0.13760696053206406,0.13457339467933369,0.09250078484247445,0.4048641754014043,0.5191554041268707
2018-06-07,0.14193572780106303,0.14089173865421487,0.1381978494662614,0.13799819976764177,0.16451095011346015,0.13727708701110014,0.13334009175843198,0.59741096719211,0.5748566325528726,0.5340535058178852,0.6140775483205987,0.13386784018276335,0.1380275897110212,0.1350622249034748,0.0972591687282015,0.39797302795879225,0.45476476741724425
2018-06-08,0.13854676568113095,0.13928790745529737,0.13854741878630294,0.13962533286064555,0.11713490121237582,0.13801157539285247,0.13392875982814278,0.6336960191775696,0.5748886684658113,0.5364181208987544,0.6080671751973774,0.13467778840106473,0.13810859383620205,0.13552685080826407,0.09574906096885785,0.40338326776228756,0.5346928536122085
2018-06-11,0.13837293967699502,0.13850759285383152,0.13883133256600427,0.138367039824134,0.1274876505708927,0.13860668291781092,0.13435594773955645,0.5836663248552558,0.5722557937503868,0.5377072359080984,0.59696016358103,0.13516359201258668,0.13845292910906545,0.13594987464906613,0.0913826912629492,0.39764941579681357,0.48930660733205733
2018-06-12,0.13856842737952688,0.13820413093993253,0.13900605790125992,0.1389310519679538,0.0871503467835262,0.1393367401529204,0.13497616400070975,0.5975104373868498,0.5702457118120016,0.5382784873187494,0.5895465710200101,0.1356822546178099,0.13874617010965282,0.13636520709719102,0.08561536805514994,0.40212238124461264,0.5179015497913461
2018-06-13,0.13991533074105902,0.13941787508324308,0.138591009876824,0.13793310093720274,0.1743553543345208,0.13975706839317986,0.13545001379312524,0.5561277594528347,0.5664487715665298,0.5378664956846986,0.5793923253734176,0.13590625469587492,0.1394130195376128,0.13680823260173564,0.08520050398040979,0.3949235117831391,0.49333517432932894
2018-06-14,0.13976332154543797,0.1394612777732751,0.13955218021227533,0.139169729907565,0.1446737767310675,0.14032783813970612,0.13607931203422718,0.5894600670290422,0.5645822947501966,0.5371097281950789,0.5758317217674984,0.13624020934540243,0.14003517003455276,0.13728715065956434,0.08303686744210537,0.4011945775118496,0.5285364019561937
2018-06-15,0.1394591934944189,0.13837758237233297,0.13752076899730087,0.13637119107862733,0.4573864656816276,0.14018182778008215,0.1365687573336554,0.4782438156613787,0.5583136716660493,0.5350696358204642,0.5625784410076259,0.13593223744746297,0.14127409021016446,0.13773018167699347,0.08287202183491471,0.38514855965738215,0.46508972625374767
2018-06-18,0.13620048188248932,0.13746723274926292,0.13610091541423547,0.13795483609134607,0.12823025614035638,0.14000263003504973,0.1370313070495583,0.5241998126567953,0.5551138729212766,0.5327052348966089,0.5592292094091678,0.1356338309652025,0.14262911923082147,0.13823490095304794,0.08423404528730755,0.3909056244125712,0.5341937780411425
2018-06-19,0.13541839896763877,0.13722881550187851,0.13627566553844472,0.13795483609134607,0.16779762397452497,0.13970839646097527,0.13741396436257858,0.5241998126567953,0.5520252855673361,0.5301068397050375,0.5568126804674299,0.1355598985703749,0.14345779691430408,0.13860054209801106,0.08424718245487636,0.39789950858695033,0.5090162641843036
2018-06-20,0.13915504150734775,0.14052331092176445,0.1398143084959661,0.1401459813281697,0.14849222177278926,0.13957123570832763,0.13790397767331591,0.5862996275822652,0.5522822866692465,0.5280869425173407,0.5627870027563692,0.13559391410537702,0.1444254733650224,0.13909067795696226,0.0853134050044968,0.4042899334552049,0.5435999665248055
2018-06-21,0.14069746287365353,0.14039325559639015,0.13929004262664169,0.1385622829994555,0.12520204962260645,0.13962875905983835,0.13825356693057209,0.5202522770026967,0.5496046055370405,0.5258581930200583,0.560630122352467,0.1356160046699785,0.1449716358834316,0.13936883146270246,0.08577643993569017,0.3986275261117035,0.48426796420342144
2018-06-22,0.1370694805758982,0.13673031805731983,0.13655963778966212,0.13697862021473833,0.24799277853174936,0.13935885601487646,0.13847478997267165,0.4587910728100018,0.5446582391134996,0.5229431354109928,0.5535424127634222,0.13538998236801514,0.14569728619116742,0.13960436669608134,0.08574528287333677,0.389126855918678,0.48408989483648124
2018-06-25,0.1361787662168979,0.13529982870126275,0.13147016695025704,0.13259638305708654,0.2207420433444269,0.1387703834297378,0.13855893563927604,0.3180848138769731,0.5338739703357551,0.5181429305138505,0.5340739316525832,0.13538098763986853,0.14571385088402725,0.13960773047443412,0.09625600433451154,0.38047800479555244,0.43953972954562925
2018-06-26,0.13361525375404015,0.1352347866008308,0.13463741189558592,0.1340932651732169,0.15408636088912767,0.13827704185418177,0.1386704401038685,0.3687587055353912,0.5272871560792881,0.5127952648849629,0.5284201405762462,0.1350688942568642,0.14629535483991818,0.1397277404568897,0.09666196220337595,0.3870432944645625,0.5332352471028086
2018-06-27,0.13526633927758724,0.13510475017066376,0.13168859398496885,0.1307523782666088,0.1884539280008371,0.13754477538890555,0.13871888477145733,0.27790408521930793,0.5169474637334351,0.5061507222634741,0.5150269031389253,0.13554320552488255,0.14546127015081964,0.13956959417716278,0.10316511105785922,0.3794037237220115,0.45533841916955964
2018-06-28,0.1304869190386065,0.13313238583791911,0.13138276692698297,0.1331170137526122,0.15216152100613295,0.13692753931568155,0.13883091135998232,0.35545102954693525,0.5121783577992729,0.49974359915861005,0.5174788056528479,0.13558911131373022,0.14536363739471925,0.13954603670292431,0.10413156580154675,0.38590884564480954,0.5476085685388099
2018-06-29,0.13385420299127754,0.1348663079943921,0.13371997733832003,0.13307361453231953,0.16311319620248224,0.13659126331223265,0.13901485028857716,0.35422739724712177,0.5082857079524972,0.49372700318216334,0.521511896367272,0.13567732150417997,0.1447677969817279,0.13930152741241042,0.10325044434268565,0.37906138999356437,0.5083157898678221
2018-07-02,0.1320511117040371,0.13519145312671965,0.13299919086562972,0.1361108490728668,0.09682764522975484,0.13640321958488377,0.1392911406628737,0.4474456420689967,0.5096558323999291,0.4892273021097785,0.5371773247259141,0.13541233072806716,0.14467127828103124,0.13911534352098306,0.10559412783080369,0.38383685397231854,0.5580479375921257
2018-07-03,0.1372215435484355,0.13642687311967655,0.13505245596986531,0.1340282018867749,0.058610398352055955,0.13600279435175383,0.13940090078705952,0.384706505793097,0.5076020549314871,0.48515750020812837,0.5416170223229924,0.13495904878033252,0.14443712946021164,0.1387631657587577,0.1053330938657,0.3802560065595292,0.47586565431212713
2018-07-04,0.1372215435484355,0.13642687311967655,0.13505245596986531,0.1340282018867749,0.058610398352055955,0.13600279435175383,0.13940090078705952,0.384706505793097,0.5076020549314871,0.48515750020812837,0.5416170223229924,0.13495904878033252,0.14443712946021164,0.1387631657587577,0.1053330938657,0.3802560065595292,0.5090162641843036
2018-07-05,0.13509251470437528,0.1348879869926715,0.1352490157606343,0.13556846545119938,0.09224316857536863,0.13553599434780694,0.13957197078694522,0.43046519100028385,0.5082185800304869,0.4820427606832417,0.5514802377647211,0.1342567635976989,0.1445649619701982,0.1384569700472467,0.09982091218686853,0.38488816634436446,0.5337710868080053
2018-07-06,0.13593979586424967,0.1381608196783438,0.13664701091003434,0.13860568221974817,0.09425156134577933,0.1355404200574601,0.13976120846732623,0.511764837889402,0.5131222726986562,0.48067326047774067,0.5695038473459202,0.1343281377265168,0.14455255996925107,0.13848837695018432,0.10043340879920537,0.3895831056193648,0.5574824287402719
2018-07-09,0.13976326975118186,0.13993806034241404,0.14009821004058393,0.14010252879188156,0.08626640408675135,0.1358589859729769,0.14002916842248925,0.5479877823108106,0.5190630306233279,0.4809373013155617,0.5863739153490092,0.13441108450264586,0.14451391199569483,0.13851304802708964,0.09658851592629422,0.3940284402806683,0.5325715137037346
2018-07-10,0.14052361855722276,0.14050158855289746,0.14143064550464968,0.1406882760898447,0.09470836918819392,0.1366841705930092,0.1403137805345238,0.5620729620567377,0.5244083408226214,0.48237189689821247,0.5984625850689063,0.1347723179721359,0.14437134586767034,0.13863305617191707,0.09018588611743691,0.3987376587165343,0.5181714804135484
2018-07-11,0.13867706971833327,0.14013314444818475,0.13977058214821708,0.14038458817978694,0.09745312058321479,0.13732573900767556,0.14061429076221602,0.5505237784408075,0.5279178233178606,0.4843227766521309,0.6037944064601158,0.1349948165679409,0.144286053693064,0.1387082041380239,0.088061185360294,0.3939426432713641,0.5042821793789592
2018-07-12,0.14219645399442477,0.14461974263881577,0.14333107297659659,0.14517902907022662,0.13408598607243646,0.13879692137668717,0.1410109331833737,0.6587506978099023,0.537448529941036,0.4880647407707551,0.6222914715662418,0.1364124401727799,0.14352916437070587,0.13908281934012218,0.09392721127282541,0.399882749782676,0.5838577218833465
2018-07-13,0.14567236993937757,0.1471989424752307,0.14630172617421727,0.14786908762043105,0.13642312431576434,0.1403012893187773,0.1415097630713956,0.7073859582351476,0.5484924799453158,0.4935859032320858,0.6406657861603828,0.1382577576742227,0.14246631350476582,0.13953257699544283,0.09331386671897565,0.40589591189821206,0.5501175038971289
2018-07-16,0.1479099489099234,0.14767573612557267,0.14724094662299325,0.1467409567008005,0.11418165803286831,0.14169503989215884,0.14182162608407345,0.663128854052289,0.5549794580269789,0.4994874857475391,0.644594498089002,0.13965779950468088,0.142059238995921,0.1400686949051081,0.09136100856379695,0.40057798625949304,0.491982345799842
2018-07-17,0.14619377556893987,0.14914964448783852,0.14680415121907947,0.1489972007680631,0.14631281888701309,0.1430091476274137,0.1421456021239476,0.7043581477292533,0.5628007798768626,0.5059987910130603,0.6508912876913975,0.14135692558910723,0.14140179075536616,0.14063958625250614,0.09534442998976309,0.4069002861055661,0.5432526979279282
2018-07-18,0.14908313636721104,0.14817431252076205,0.14767788473166316,0.14719659519787803,0.1743631630155877,0.14435201703842396,0.14236739131705717,0.6343763988723394,0.5656106130534755,0.5118509121602335,0.6440836957128854,0.1424557092816912,0.1411991863606419,0.14111738611359753,0.09344414427951905,0.3997011725558727,0.48196192907679913
2018-07-19,0.14688890764913456,0.1465703609544606,0.14586483923880655,0.14563456093531324,0.25774191684379355,0.14537852432709428,0.1425119681781114,0.5768860101460653,0.5648129929514871,0.5163500604859218,0.6301111398361368,0.143085635416316,0.14110319657995565,0.14140114622286384,0.09227242216982531,0.38989575822026884,0.48536118437968157
2018-07-20,0.15373213702154953,0.15283420838009254,0.15064853188827027,0.14969137502876395,0.38137207896762987,0.1465090067953337,0.1429199658646535,0.6589790339221975,0.569463653652331,0.5210137599976142,0.631810509257692,0.14447795973471764,0.14078485660172227,0.14197652138298011,0.10686213527105895,0.4035656748890387,0.5708754105717269
2018-07-23,0.1498652394204865,0.1527042281094525,0.15075779704782533,0.15337945569771333,0.17602719295094746,0.14786294410513656,0.14339987403096618,0.7197473631431202,0.577787490302835,0.5266497677084606,0.6418518274766277,0.14651922296137945,0.14032711187941171,0.1428244462017529,0.10861850912519866,0.41081680363839856,0.5642633077844759
2018-07-24,0.15479664273839486,0.15417802358960483,0.1532260481984108,0.15270689218716643,0.14955264066167642,0.14908856301994833,0.14390021944261186,0.6949366265891301,0.5824796364622844,0.532232449363683,0.6413011133158847,0.14793233971759132,0.1409378142355788,0.1438641615154791,0.10728511964282803,0.4043932315898779,0.4990999704488718
2018-07-25,0.15347144743891422,0.15922811025484548,0.15396871109273075,0.15958394471970105,0.18379761148063528,0.15104645021236623,0.1446208391438431,0.789930182767679,0.5953787467111493,0.5396507700514962,0.6602583078323774,0.15073013734205365,0.14062941271499507,0.14518203217257372,0.1191556918034889,0.4118872525268867,0.6107036845845683
2018-07-26,0.15951088779441414,0.15890302940415152,0.1581189698332744,0.15695898499993566,0.1890294277954688,0.15224773134874584,0.14528468933924896,0.7019257447419351,0.6005829883915359,0.5467765036434049,0.657236673190926,0.152097549578957,0.1419350234049448,0.14653691633613186,0.1166744272480903,0.40422969248252705,0.4713125111472367
2018-07-27,0.1582942689438389,0.15712569495647336,0.15077957913382212,0.15275025586346214,0.2330172899816184,0.15274549682162505,0.14575854037186392,0.5781501452728859,0.5973693931851408,0.5517416059436566,0.6349231861996669,0.1525997182872695,0.1434747626448283,0.14755195689769637,0.13110208479526697,0.39519713467767686,0.4478966810383249
2018-07-30,0.15179869107995342,0.15138207485691432,0.14776525318422723,0.14773894327554848,0.21476840232823638,0.1528472682080172,0.14615518341312125,0.4564066418472164,0.5864166174767164,0.5532069633675226,0.5987802718238989,0.15228361252479397,0.145368187428766,0.1483101558461435,0.13712131020736942,0.3867350110427952,0.4349303308795097
2018-07-31,0.15027794492059712,0.14962644994067348,0.149119503397307,0.14927920683997303,0.16000534113784978,0.15287602625911278,0.14655031279105385,0.4857289869698436,0.5791628213045587,0.5527190977194809,0.5786087516879409,0.15224252162018978,0.14680729908154108,0.1489909612468684,0.13236861844741646,0.39348531958250954,0.5322863126988405
2018-08-01,0.14927864665659554,0.1490412642280409,0.14920690469032244,0.14971311018290723,0.1285636868219137,0.15313265217511537,0.1469605819027326,0.4941492709008473,0.5732622516610363,0.5509783619536497,0.5656699864377182,0.1517521094494457,0.14899616944517782,0.1498018725591776,0.1258475440156163,0.39925280690468945,0.5155277298741184
2018-08-02,0.1479099965718375,0.15259581466354571,0.14793997802801795,0.15251164901184489,0.14789485767117022,0.15383395498378916,0.14739204416125712,0.5473136145415813,0.5719676155099243,0.5492894743810994,0.5662054382710607,0.1514731158399768,0.15109097862554777,0.15067783682727895,0.13441602641239325,0.40562455902411965,0.5509341167447765
2018-08-03,0.15312389874677426,0.15250915373028498,0.1522649734022955,0.15353129965274226,0.08976156973230281,0.1542255378592625,0.14791434234185957,0.5659338992995513,0.5716795570255536,0.5478724373603123,0.5690129204054521,0.15148456196616134,0.15265974078392797,0.15144949272676536,0.12906619474362344,0.4101791475726623,0.5241059251965672
2018-08-06,0.153819067467255,0.15331107338033934,0.153881356284211,0.15372652505606532,0.10230465413008952,0.15426093085017786,0.14849870940017318,0.5696339541920532,0.5709706490527022,0.5465765623940299,0.5702641972602599,0.15148350864944907,0.15410406355273013,0.1521538546829146,0.12166118222442637,0.41512581502887297,0.511892807807347
2018-08-07,0.15477491403851676,0.1547848982837318,0.1552137771636265,0.15535356928907668,0.06961985778830043,0.15453083027047998,0.14929275200430045,0.600896964849611,0.5720463553348542,0.5457860556485528,0.5754832863590243,0.1515553801262154,0.15558027077653946,0.15291205179373354,0.1155096436476194,0.4190508024229368,0.5329699533404455
2018-08-08,0.15644771868042145,0.15619373271233447,0.15650254823290288,0.15667692561203028,0.06499165251993946,0.15423438202924902,0.15008073995512863,0.6256918588874925,0.5740612682382217,0.5456147964954723,0.5818784418631894,0.15146621644264532,0.15740200099948662,0.15375436725253816,0.10992928405744362,0.4228311187290502,0.5283647941070687
2018-08-09,0.15727318024298031,0.15708231867778724,0.158337311283763,0.15706735864667792,0.050855597184501965,0.15424543361707238,0.15099892093477785,0.6331179565625042,0.5754166985504091,0.5457880018851688,0.5854358304485935,0.15192187132055837,0.1581713405109563,0.15436899506903493,0.10263945270197058,0.42616956213063045,0.5146929043948812
2018-08-10,0.15664324513934008,0.1560637069543072,0.1556725073747215,0.15561392906683574,0.08604541841255761,0.1545374615856399,0.1517838821790562,0.5813605905591903,0.5735276004542823,0.5454942147594023,0.5806130587618923,0.15224276747858867,0.15864667392566661,0.15476940413884627,0.10008637029379427,0.42173113516595095,0.4879190295220272
2018-08-13,0.1562522037414101,0.15582528978455723,0.15506089863794859,0.153900086393239,0.08830056550468288,0.15516575468367688,0.1525105583938855,0.5229828050352703,0.568734943365152,0.5441623059786116,0.5698920652568127,0.15220111275540082,0.15944983428660187,0.15513953185296997,0.0988354762437966,0.41722221552335664,0.48398610054275853
2018-08-14,0.15477489147336285,0.15619370022937976,0.15492979812549817,0.15682875179506073,0.07514918485178343,0.15593563243168482,0.15323344641975492,0.5890005945678303,0.5685513443525692,0.5430547592742277,0.5722091196716804,0.15261139010073843,0.1598382362191905,0.15554442381668548,0.09918897552962203,0.42132004178595056,0.5521008177949712
2018-08-15,0.15552989210587154,0.15545559979847445,0.15316290899989,0.15360574655438264,0.1781808271892028,0.15633259067768682,0.15391654512940262,0.4864317600630769,0.5629315774198497,0.5408825450219227,0.5612139787736072,0.15243726532500934,0.1607044038811409,0.15587577757656518,0.10359403713454704,0.414001593505535,0.4621858156648322
2018-08-16,0.15511550141226443,0.15517270879808204,0.15421538018347897,0.1535621340701082,0.11103788303532805,0.15643971568664866,0.15454437931515433,0.48510209867123005,0.5577937572920071,0.5379688982525865,0.553556982928201,0.15186633104140002,0.16215812961047474,0.15628563389276362,0.10265908413001107,0.4087819377841584,0.5083738612152143
2018-08-17,0.15306551872765325,0.1530839658977623,0.15287779522913053,0.15343145656527124,0.08509119758618053,0.15642953401718468,0.15506167949231656,0.48084013412884247,0.5529640054564968,0.5345326120088668,0.5481595284167318,0.15176192483493126,0.16266659036884207,0.15647899647861058,0.09947650324456986,0.4043733383999539,0.5070910531625268
2018-08-20,0.15339265659897952,0.15308397911393798,0.1524173365824636,0.15188525715335383,0.08394097886502383,0.15624176757631286,0.15547280186115828,0.43010075801284325,0.5463483700641639,0.5302694851076608,0.5396204971040297,0.15175270496235044,0.16251822454887502,0.15640174626588507,0.09790989579310133,0.4000006932105446,0.4862241201853468
2018-08-21,0.15210600364337196,0.1518873384885413,0.15103593730946901,0.14994707854292072,0.12273216380114102,0.15569043144346809,0.15579585953340272,0.37066635455590774,0.5378323134374259,0.5249099427549077,0.5282974860888767,0.15184584733952078,0.162125716209961,0.1562590636271516,0.09698421260973158,0.3944154909710059,0.4802562447563188
2018-08-22,0.1497725087256475,0.1518655463787298,0.15088241701150112,0.15229902482200813,0.08461564890920537,0.15524398752912946,0.1562115774609908,0.4422037524538834,0.5342353116273534,0.5197990753378509,0.5308656266893302,0.15085629775378087,0.16241814301173002,0.15588243254695827,0.0965213899124367,0.39880922538261687,0.5442091278007133
2018-08-23,0.15260755630280673,0.15369318104992719,0.15327249320195496,0.15338789739699227,0.08592047951548698,0.15486876818046116,0.15649800088419769,0.47325057956728694,0.532675231313674,0.5153533311442667,0.53773455358669,0.15041209284571616,0.16251753623835447,0.1556978069642134,0.0944384686088707,0.4032437469357775,0.5251450258198065
2018-08-24,0.15374161497328792,0.15452000879648442,0.15478551270261953,0.15521727583271938,0.07862951400330778,0.15482831878908218,0.156754393499885,0.5231145444681273,0.5338181211393583,0.5120583050853925,0.5496183646879207,0.1506095950644555,0.16256648242286656,0.15582535214095225,0.09045456750498751,0.4074503633179927,0.5359876949473987
2018-08-27,0.1572308583529008,0.15686978374571145,0.15686857062722648,0.15783054157748377,0.09759133423809918,0.15522913367314392,0.15714133074091322,0.5871497136036272,0.5382188267977225,0.5104294587314623,0.5668255019329133,0.15080904200613696,0.16342100900597778,0.15634708877261222,0.0883419631030615,0.4122496991246557,0.5472463626926897
2018-08-28,0.15869206026099975,0.15874098455301686,0.1596753128549822,0.15926792304269694,0.09360265994911865,0.15547787232935528,0.15749969626897453,0.6193709866633266,0.5433920304905289,0.5103103551316298,0.5824170678950412,0.15140598229352867,0.1638371902865148,0.15686350638955368,0.08413227941169169,0.4169243546685802,0.5298138397155462
2018-08-29,0.15980420129625955,0.16206983219856752,0.1607277552266279,0.16310072109528395,0.10661582694713367,0.1564461385838684,0.15805462223456654,0.6946182202625852,0.5526352643080749,0.5123305396468022,0.6045101375034659,0.1529636721614243,0.1635802683423085,0.15755564719960338,0.08597591548811773,0.42200578323101234,0.5641413239051754
2018-08-30,0.16246480336281963,0.1633317885588924,0.1632932773301874,0.16294829066430516,0.12208248153637363,0.15740330794231036,0.15865873202656883,0.6884452402904844,0.5590995068282067,0.5154261363949125,0.615616241984393,0.15431990190961392,0.16322739161378008,0.15809522260665784,0.08372047846128752,0.41644088913137156,0.5068583838238869
2018-08-31,0.16250845532726652,0.16370169014437236,0.16346870977948885,0.16377587931760923,0.1253933623087459,0.1584581981297837,0.15915016784597763,0.7042505039983229,0.5647544563857085,0.5191968428095242,0.622588301872316,0.15566731429195593,0.16286365156725446,0.1586248683899323,0.08222130769258576,0.42210927663626124,0.5207393423108192
2018-09-03,0.16250845532726652,0.16370169014437236,0.16346870977948885,0.16377587931760923,0.1253933623087459,0.1584581981297837,0.15915016784597763,0.7042505039983229,0.5647544563857085,0.5191968428095242,0.622588301872316,0.15566731429195593,0.16286365156725446,0.1586248683899323,0.08222130769258576,0.42210927663626124,0.5090162641843036
2018-09-04,0.16067663164543725,0.16191763405436455,0.1606182320929373,0.16242572282094503,0.12080107697329276,0.15953308012855252,0.1594658097461201,0.6458100632277133,0.566507353234438,0.5226145874638298,0.6189431599744756,0.15651705416376577,0.16287138450212924,0.1590746177759262,0.08644974929336174,0.41658443741351037,0.4899555348176513
2018-09-05,0.1610255438261853,0.1607426967436445,0.15596960678217697,0.15541328320397568,0.20074479200016246,0.16009050568991265,0.15956024100615668,0.4099933133418919,0.556853672629339,0.5231393782360076,0.5890667580800703,0.15651846815597112,0.16287618945228555,0.15907770499124047,0.10029537812011843,0.4085606718127949,0.4094692723865767
2018-09-06,0.15500645483818098,0.15545555195337454,0.15467585254366978,0.1559576750614715,0.1273837951127027,0.16046360280025015,0.15943371338655837,0.42457470639741307,0.5494896198431788,0.5218738252114553,0.5705773410414126,0.15648437110767333,0.16283666571137573,0.1590405196665435,0.09906702130114073,0.41429127740494387,0.5169736977214793
2018-09-07,0.15496287524387556,0.1548681338207457,0.15406191926620655,0.1548034903920666,0.11973909634819221,0.16060796031499144,0.15935850397647727,0.391674761715507,0.5415046840244585,0.5190338977676965,0.5543183045005708,0.1563943864896541,0.1626936196536553,0.15892347745357155,0.09812468709515709,0.408799634180103,0.4921842079720413
2018-09-10,0.1562930882035068,0.15686976202061412,0.15653963578221786,0.15735140849841323,0.10591226478300458,0.160825592140537,0.1595190471641543,0.46221124207323067,0.5385702342711347,0.5160903583070902,0.5532482721452158,0.1564877075448922,0.16277731747840266,0.15901330531226027,0.09672057972224007,0.41385907039391984,0.5463558253319709
2018-09-11,0.15642400005665474,0.16111253679161175,0.15770183346337907,0.16140210902438618,0.13381971004805465,0.16118980883428968,0.15999578166029246,0.5570676292440979,0.5418368101693533,0.5144831368221001,0.5670488284364438,0.157062828711115,0.16295354661174663,0.15940116062527454,0.1038149809384945,0.41979085349693235,0.567744030869681
2018-09-12,0.161941505331481,0.16167829922661733,0.1612541267364166,0.16242572282094503,0.0915692793992938,0.161511830862955,0.16045448923856317,0.5785922432339228,0.5454715518253281,0.5140292305587628,0.5789594604330006,0.15770514620594608,0.16285571360716136,0.15969052458162458,0.10140946285086966,0.4244019484683879,0.5236086505921813
2018-09-13,0.16344623960203883,0.16576870675295513,0.1647843985817135,0.1650390241097064,0.1475145749032114,0.16170949262516424,0.16098924026098782,0.6305867454111156,0.5516918127064286,0.5150897154385647,0.5945990317020994,0.15879098630513416,0.16289917576202806,0.16028162616356173,0.10367231659830156,0.4307618134915077,0.5461140926387249
2018-09-14,0.16615036856062346,0.16576863646313175,0.165486002425055,0.16604072503213707,0.09337464646196472,0.16202484890440122,0.16146129610502216,0.6494457558022584,0.557496152611348,0.517266522817771,0.6061276287675453,0.1599125824500469,0.16301491748638688,0.1609267705521511,0.10094638412847048,0.4354293416594104,0.5230850545839005
2018-09-17,0.16687001523529552,0.16570332556194134,0.16421418964920903,0.16336204056096104,0.10597941944018005,0.16198264698999415,0.1618043098252461,0.5566764197887084,0.5574944928233599,0.5190075888511205,0.6016275972768107,0.16039164330507344,0.16355170321985577,0.16144018272823163,0.10205207466975169,0.4303678062869022,0.4715470458221718
2018-09-18,0.1635988741541482,0.165703398355314,0.16390728057412945,0.165692322773899,0.11718019156256396,0.1623157641024008,0.1622218198409163,0.6050598500159612,0.560312375647225,0.5210453609078656,0.604691769317096,0.16099998740350474,0.16436009913647662,0.16215400938823554,0.10400455486196411,0.43577946180207305,0.5419695893622778
2018-09-19,0.16547432693922656,0.16487657145391757,0.16241617758235644,0.16240384549081383,0.11372485019045375,0.1630286386375836,0.16246781772562732,0.5014802582156996,0.5570417765208071,0.5219270476872518,0.5927525301249486,0.16065103516115972,0.16605489261581993,0.16279802547313266,0.10780137821322389,0.4304758153242197,0.4629523111728515
2018-09-20,0.1637951002386884,0.16592094829317108,0.16436771358607072,0.1664762811709301,0.12923367165745503,0.1641012914705566,0.16280973634981208,0.5848637389137519,0.5598664588725605,0.5232788725255807,0.5976077867820276,0.16102239119458372,0.16715734946537755,0.16353099103045654,0.1101367923588018,0.4362642454156693,0.5668328306021109
2018-09-21,0.16754608790459305,0.16916281693812335,0.1678322283199991,0.1679789391865671,0.5002647142881685,0.16544488037654323,0.16319046267242124,0.612436535178629,0.5636542141407037,0.5252272230243843,0.6037682860844088,0.161599713685149,0.16808215127000029,0.16428534933604247,0.11018928500693675,0.4536505760945758,0.5299983056918115
2018-09-24,0.16543069010534306,0.168314261957564,0.16500359113199586,0.16887180439029498,0.15750109711968993,0.16661969243451016,0.1636530557953019,0.62874030667932,0.5672563195871354,0.5276103050101263,0.6082578884593948,0.16235823861561915,0.16871289101969886,0.16499128981478392,0.11618940215161588,0.46032260554215976,0.5214083067292212
2018-09-25,0.169290727142974,0.16874940297650937,0.16835846487585582,0.1683926890832229,0.12106188692092776,0.16733256878202293,0.164158730963718,0.6122266472737816,0.5686536868279692,0.5298365812726928,0.6066385087541476,0.163061134226458,0.16907587615281544,0.16553735388688276,0.11296613322195401,0.4547896137728633,0.5023904159444664
2018-09-26,0.16857108566700507,0.16866240017423167,0.16833656227220833,0.16736918191865496,0.09516830050303524,0.16783668647125524,0.16452650712455966,0.5762683191523461,0.5675069491707525,0.5313551523466751,0.5993298251392707,0.16354819879861618,0.16941027460752592,0.1659561897731008,0.10977472807884439,0.4500660185408436,0.4948346275888782
2018-09-27,0.16924715067645463,0.16833606919378363,0.16934523673659596,0.16830564183465885,0.09313257734889033,0.16816980539599177,0.1650394151356714,0.5970483795252572,0.5672632226031344,0.5325142283376844,0.5956172116599084,0.16410656175919797,0.16936119275471553,0.16622528469081047,0.10423241890053431,0.4547259799739285,0.5220452834655179
2018-09-28,0.16796045777942661,0.16759627921554807,0.16820499966633795,0.16821850572610236,0.11309547049646035,0.16839188830380927,0.16555080452266088,0.5936896530490929,0.5662240114986439,0.5332036484297688,0.5907669344138582,0.16461719502723043,0.16937035395905325,0.16649775533145597,0.09882141844344458,0.4494420070066012,0.507808491155828
2018-10-01,0.16918171642873125,0.1700113832534937,0.17050738640258678,0.17091894312342015,0.09150680995075847,0.1691625163564021,0.16616097702925806,0.6537844965487056,0.5686740289000072,0.5343159116290471,0.5951337619277179,0.16551635539647283,0.16916010095945203,0.16686705243764996,0.0965742428615454,0.4540511492722974,0.5464594841044959
2018-10-02,0.17038120260983142,0.17035953054588443,0.16987152637983566,0.1699172066569925,0.10637531957027269,0.16959335611017015,0.16679014690972568,0.6130577730033533,0.5683838108731121,0.5351393009785915,0.5921504750925035,0.16619760691437055,0.16922108576857472,0.16725436289391385,0.09508266043330518,0.44897723862703887,0.4952755512090274
2018-10-03,0.1706428467591815,0.17109925462668835,0.17094591840836243,0.16996071250927602,0.07405362689809517,0.17036398053810312,0.16748846162538047,0.6140965076222329,0.5674875839800962,0.5355928960662634,0.5883314989054986,0.1663128421564413,0.170638176167599,0.16800646642974357,0.0927057642491686,0.45304081931237716,0.5096154132147918
2018-10-04,0.16887641541107692,0.16800970041087637,0.16370991280642838,0.1647776513280339,0.2159662540039012,0.17019075985713125,0.16792386523748634,0.42552530587187326,0.5584382948368347,0.5338846921974183,0.5660059530892264,0.16576932201992647,0.17215695419309088,0.16846246007623603,0.10564151477299674,0.4445412525445587,0.4376491433362789
2018-10-05,0.16455841199934002,0.1645502419604564,0.16153911829715656,0.1633403231788162,0.17104447356214852,0.16971772906293567,0.16827112478023573,0.3826976567715061,0.5486145229233336,0.5302697959335052,0.5463149692004122,0.16469283505705795,0.17421886809735396,0.16890381517678035,0.1109745718168211,0.437445876488334,0.48880765154027056
2018-10-08,0.1624429707147428,0.16206980820460276,0.15868848992818468,0.1605527141289449,0.17550869652810425,0.16886937561726653,0.16845728862649098,0.3068939537794178,0.5363095988663164,0.5245616929256913,0.5246977957241236,0.16414900641115138,0.17514279203652158,0.1690693229949292,0.11764620229107842,0.4302109551967773,0.46959221645979143
2018-10-09,0.16130901609329237,0.16435443702344915,0.16188996885942464,0.1636234488866305,0.14863121629578036,0.16838302419819365,0.1686594144586713,0.4002032404929797,0.5308188297218268,0.5187385569144214,0.5235098154166588,0.16398732452058798,0.17555196424383676,0.16918416648580384,0.12046862488335522,0.43660572483534665,0.5529459296706757
2018-10-10,0.1615270976657367,0.16091673838810847,0.15090437687235353,0.15033907551343484,0.4233226562634212,0.16664634999523395,0.16834786955713052,0.1467833162022859,0.5066703617490692,0.5085532706111995,0.478460581811074,0.1665006144519071,0.17156894322530644,0.16855928562297037,0.15079636417974598,0.421624493022665,0.32135822441980194
2018-10-11,0.1486820930173317,0.15532499935347224,0.14741788451725119,0.14979459479594653,0.44306300200058407,0.16475865434043463,0.16788359286361207,0.13947450725594607,0.48692010995579227,0.4958848688090446,0.45281670374766547,0.16807833914120215,0.1682574843641468,0.1677711471176739,0.16745188351261883,0.40602620619000895,0.5008828531561931
2018-10-12,0.15666387818160063,0.16035101217268477,0.15382069189767472,0.15776522948306299,0.316857536860879,0.16369266363223017,0.16770274575203384,0.3314565047979295,0.4833668924461544,0.48493693459595816,0.4705844882446318,0.16805740067978028,0.16740337733510244,0.1673433031781997,0.1868852889862655,0.41767949039456714,0.6283620631083605
2018-10-15,0.15644577255673517,0.1565216611601804,0.15344788696428757,0.15347499796155173,0.19446426981804213,0.16191378751486338,0.1673433279148114,0.2644052242368488,0.4745079428419969,0.47415106964757076,0.4722582261209219,0.16849556667642526,0.1658848582061636,0.1668321420966191,0.18701046449337394,0.4098520449491386,0.44692360581307633
2018-10-16,0.15781971940452166,0.1607209189737137,0.15783339481557873,0.16087945232103362,0.19088867475750143,0.16099214707208045,0.16728937552184334,0.40291803045250946,0.47879637287101273,0.46650385604171446,0.5046720193359411,0.1682964247362365,0.16558917933836034,0.16658331621754977,0.1949957892044855,0.41756772239866274,0.618143217715885
2018-10-17,0.16248664086339462,0.16159120002646446,0.1591490388410718,0.16024788881098428,0.1513611311967741,0.16000166527746595,0.16745806433894853,0.39237293748902574,0.4815152921559661,0.46100835493950987,0.5268933993300918,0.16826721004521897,0.1653922150269749,0.1664718530436813,0.1921609596040763,0.4110876195184071,0.4999933836267912
2018-10-18,0.159040897002226,0.15880617041045278,0.15537747567851018,0.1554349650421235,0.1978852529934579,0.1590489288779968,0.16743982596708937,0.3158155358577696,0.47682261017333666,0.4555379559391773,0.5271526362603991,0.1681170884770822,0.16438404246919153,0.16590101590631415,0.19362864751359046,0.4031532390238287,0.4400759418832745
2018-10-19,0.15648941334827876,0.15952423389560352,0.15621076625597613,0.15578347393235253,0.2000662176154475,0.1582783062623937,0.16747401950377708,0.3225524020667125,0.47396926314338295,0.4505086009369673,0.5317074298305383,0.16766671787487883,0.1635764855923752,0.16527050914485888,0.19347044212724837,0.4111557933582326,0.5141099881623811
2018-10-22,0.15733992272166084,0.1588279869237502,0.1562765406972072,0.15789588921590159,0.15134082862600012,0.15800737200171003,0.16749301749774712,0.36402402855455923,0.4751842818551402,0.4467631941233155,0.5449671476331415,0.16691836599303309,0.16321855173595395,0.16470305324331205,0.19100912706980377,0.41763526160911646,0.5398453582755716
2018-10-23,0.15395962426777263,0.15541200891352108,0.149413256920786,0.15456387053653592,0.28584379826740985,0.1570835060177912,0.167254418022347,0.30861930943693033,0.471563947160539,0.44293829501984655,0.5441462069286399,0.16624261595584297,0.16248033693712324,0.16398810195487226,0.20340372316763203,0.4069514225876407,0.46081824273259364
2018-10-24,0.1553553669297341,0.1543676474379022,0.14169483933579613,0.14197639053980882,0.44301224557364915,0.15623070692683994,0.16654090094287818,0.15044513065066595,0.45058134572954534,0.43507615931946947,0.5024524544436142,0.16707231197883435,0.15889825935785612,0.16267529212573917,0.23065096114971637,0.3913547223284142,0.3243598654145121
2018-10-25,0.15129907944926088,0.1560647549685122,0.15169372841741263,0.15499946221932592,0.42543490449202187,0.15676148217679595,0.16619060105138597,0.36358425853362836,0.4539090594542985,0.4295480532484799,0.5265566780442145,0.16604899524834868,0.1585891657639448,0.16198736132181143,0.2562826261211948,0.40640198000458594,0.7108548240873478
2018-10-26,0.149423583281999,0.15493336892053822,0.14864583257474173,0.15208124675261153,0.37761688424255013,0.1561818483246541,0.16570352763324295,0.3289767167284456,0.4527951433584831,0.42487063021442034,0.5353419367561101,0.16496463615604173,0.15804581819420135,0.16115306343468297,0.26051003250431004,0.39284944536077876,0.4662855560719732
2018-10-29,0.15470115729654968,0.15482459447509975,0.14178258815005423,0.14530840921917443,0.3747971695092869,0.15534904648198794,0.1650736012311628,0.25553781273339865,0.4425437138134228,0.4187824820749461,0.5207729557321545,0.1635849295390059,0.15681657034573,0.15982899629542202,0.2848023907731133,0.3793850509731871,0.4086008302659107
2018-10-30,0.14499654693033634,0.1454253023810715,0.13844962649520837,0.1450470719814989,0.4543590400319844,0.15373451244133818,0.16435324817279504,0.2528273445225359,0.4348287581182928,0.4121462679692303,0.5151129142177583,0.16202519697179124,0.15585934504788723,0.15854320786961504,0.2888441992267329,0.3634336661215851,0.5050255928003112
2018-10-31,0.14887836470255908,0.15360613830972436,0.15002723162345022,0.15175456187651826,0.3427847006073592,0.1528683909131797,0.16398167390139864,0.35269199330375617,0.4394404024108224,0.407892747983514,0.5397197105999328,0.15966145497412607,0.15647263231603603,0.15760194807880396,0.29352300943781096,0.37589739644276565,0.6115594557887534
2018-11-01,0.15238948337205543,0.15182203223576174,0.150334227657559,0.14981636549408678,0.2047412749702099,0.15229542462279613,0.1634003769566126,0.3294139473116247,0.4409389458058881,0.4048328985102198,0.5520471037806342,0.15827370665699286,0.15638010712920505,0.1568284481194558,0.28054262754058235,0.3677487064910917,0.4802398214747832
2018-11-02,0.1511464569988847,0.15182206655024563,0.1491282686663532,0.15033907551343484,0.23828736883367982,0.1517402227902421,0.16278488771533836,0.337330876722913,0.4436014611805289,0.40299437974350605,0.5646601520774628,0.1569815230056186,0.15639244273577982,0.15615628232754028,0.2721263330080852,0.3769459994355704,0.5168421600560772
2018-11-05,0.15090657019976836,0.15273588480223535,0.15114558238485726,0.15327906167828942,0.16208947811460958,0.1512694139125226,0.16224082651628194,0.3822442994634943,0.4507014851245161,0.40314852299192705,0.5852389700018242,0.15616352806585654,0.1565015807172865,0.15578023377547467,0.26100488823043966,0.3837614551211832,0.55293355111051
2018-11-06,0.15310917341654745,0.15512921370170013,0.15197881253544265,0.15373638851522275,0.1341195634010242,0.15118503001933756,0.1617294396096912,0.3892944338376774,0.4575451896596516,0.4048381329036606,0.6010961944850737,0.1545828622751089,0.15715402332474523,0.15526907177507998,0.2554389329748703,0.3897026112118409,0.5157619941367518
2018-11-07,0.1576016146412007,0.16252675818134577,0.1588201072715188,0.16297007913444395,0.24001699169000165,0.15332589728932103,0.1615759463353035,0.5162629167157953,0.4770204540069659,0.4106470581538529,0.6436375987369323,0.15609847708951455,0.1568621996383432,0.15592209591323325,0.26323117571515353,0.39895396969703334,0.6449508937812802
2018-11-08,0.16274834537642904,0.16246150816203664,0.1621311579631301,0.1625127700695091,0.1443013026441756,0.15409207969663172,0.1613738217433226,0.5087248952913386,0.49191446363253855,0.4187029395333629,0.6668425882023086,0.1572994675920565,0.1569179433034464,0.1565796268344568,0.2491742730068857,0.3926945469764133,0.5025389027567979
2018-11-09,0.1606765590503454,0.16080791945215944,0.15741677197252057,0.15776522948306299,0.19423859893520826,0.15467171354877357,0.16100908655132354,0.4325722416559635,0.496738342208625,0.4262516692723711,0.6616050811937646,0.1572994675920565,0.1569179433034464,0.1565796268344568,0.24729681511366838,0.3848741556805407,0.4416453678492801
2018-11-12,0.1575579933041012,0.15756603602910713,0.15158408752740615,0.15188525715335383,0.20659661759170908,0.15534239885585874,0.16034496413215693,0.34975808484820675,0.4919516930727629,0.4311951490031715,0.6346998834436467,0.15725704342298227,0.1567951631420803,0.1564974370772285,0.2513064418575657,0.3766674703678121,0.42391523612316684
2018-11-13,0.15347994986600202,0.1549116675914845,0.1527682238104306,0.1520377586723265,0.2202836737657989,0.15605528607735092,0.15972111532706412,0.3521472815890327,0.48856397942345414,0.4343745983204272,0.6164822126004963,0.1563800216592265,0.156801673372866,0.15604032063992823,0.24339143117940784,0.385301993512428,0.5112791859939043
2018-11-14,0.1556977062523505,0.15488477903484124,0.1489995036032254,0.14873501047446042,0.2524593441020251,0.1557473621630965,0.15898050919296913,0.30696872257617575,0.48122809821132106,0.43523921966399115,0.592576290253902,0.15553172195082487,0.1564943385344013,0.1554451036897196,0.24732539498738035,0.37566170485760453,0.46003991995204574
2018-11-15,0.14888614037066747,0.1538796600848139,0.1477663242574856,0.1537874296948626,0.24472953071388528,0.15615231822101464,0.15859703892926524,0.3887578728865371,0.48317329775412354,0.4363761079231042,0.5953880723019138,0.15539562408662852,0.15646616880144684,0.1553599259490979,0.251642476202787,0.38506037058352266,0.585016219656119
2018-11-16,0.15346375577848737,0.1562396435602859,0.15413072144853468,0.15599650687815436,0.20566191846799928,0.15672924445226305,0.15834079885809987,0.4220879646062378,0.48818516561384534,0.4384326676319067,0.6048857950314321,0.15541856672281534,0.15646406387387118,0.15537093977349417,0.24363059920937544,0.393237838536326,0.5415303237359186
2018-11-19,0.15607014841330694,0.15554042335413892,0.14697358228102964,0.1479696060438444,0.29367980971805974,0.15618780364075566,0.15790174967996098,0.31043175516475535,0.48048505870403313,0.4383156181956586,0.582438281858107,0.15486213399670531,0.15601093606099076,0.15485774995042134,0.2556497077519172,0.3823090569861539,0.39197511968426374
2018-11-20,0.14189931894420985,0.1433253460245372,0.13772425888627515,0.14160486691154583,0.44422024853470105,0.15495067099399215,0.15713347841863481,0.23778567886503194,0.4653582821027935,0.43475996488355406,0.546926788921625,0.15515373358253012,0.15432461518920107,0.15418776817957786,0.268537233030144,0.36667459627930465,0.4129557633921066
2018-11-21,0.14584177284424013,0.14651572401125607,0.14408867963491018,0.14466696447796923,0.16371758811706152,0.15308417959920148,0.15693556740399586,0.2875038004581854,0.45845251619713134,0.43033494314669335,0.5379485606087634,0.15488127914217203,0.15490261333432032,0.1543268711186494,0.2635691484374033,0.37354094435877216,0.5565535560658674
2018-11-22,0.14584177284424013,0.14651572401125607,0.14408867963491018,0.14466696447796923,0.16371758811706152,0.15308417959920148,0.15693556740399586,0.2875038004581854,0.45845251619713134,0.43033494314669335,0.5379485606087634,0.15488127914217203,0.15490261333432032,0.1543268711186494,0.2635691484374033,0.37354094435877216,0.5090162641843036
2018-11-23,0.1427096867262428,0.14516086371390532,0.1435600993315886,0.1445794196134476,0.05199488375216497,0.15125539554062797,0.15675359977229147,0.2864469407342753,0.45343316535708633,0.4256461640515106,0.5352246593089479,0.15469768743081724,0.1539962446194851,0.15378815388394712,0.2529122642644607,0.3701668884859047,0.5076756344294515
2018-11-26,0.14844807071415106,0.15132298210939563,0.1492417673269384,0.15201579248220293,0.19655777721208226,0.15066908687740815,0.1565529907039344,0.4014990467186869,0.4610169498029226,0.4236308156531017,0.5628339794668302,0.1546935892267886,0.1539937180776829,0.15378476989168455,0.2546385985376318,0.37805977398309554,0.6229383581929808
2018-11-27,0.15168964182081074,0.15285264270160484,0.15095952441149713,0.15348123593301888,0.17147863622946904,0.15083183954078938,0.1565532083589229,0.4221343620386327,0.4696050923795436,0.42398407583162667,0.5872953102236704,0.1547887745418745,0.15475710756894343,0.15420730584220924,0.24568222703881684,0.3851687213443481,0.5307493267029495
2018-11-28,0.15523781260962793,0.16159326534703417,0.15646502916919813,0.16218619182540678,0.30941117859546813,0.15186674335395722,0.1565988030483714,0.5315788047656715,0.48953185765242985,0.4288272547720125,0.6336640471161943,0.15608694550191765,0.1551766583184168,0.15509340003556035,0.2521090307694658,0.3965892430223843,0.6373066126007403
2018-11-29,0.16058199490023117,0.16113439930444404,0.1590416201582966,0.16015213328316413,0.16365980387716633,0.1530310239627865,0.15659546195128254,0.4998915782914051,0.5023175677145826,0.435628019774033,0.6538806251548551,0.15695761472114475,0.1551299334627325,0.15552755530896115,0.24413030467933214,0.38972470119574426,0.4801127752508026
2018-11-30,0.16139239336247854,0.16080664618494958,0.15976837569296853,0.16168317318037656,0.20693863782243996,0.15383620589754388,0.15681347411722651,0.5186111275241789,0.5146071256380846,0.44388130097776923,0.6688811953570585,0.1580241536577761,0.15524007509733334,0.1561410704416051,0.23353369271351634,0.39794207757250555,0.5309555938085865
2018-12-03,0.16642985918979794,0.16616020542274956,0.16278533307048237,0.1643077063721785,0.21527206225705245,0.1546837546687307,0.15711090120929785,0.5505283311313043,0.5279764793918701,0.45354372433135826,0.6834338287244401,0.15945376446752021,0.15518243123342249,0.15686325004042492,0.23086642934502935,0.4064199448975725,0.5463876053126318
2018-12-04,0.16410829111841868,0.16445585593724488,0.15723583565077354,0.15649956106718144,0.2969836626774718,0.1555536114088444,0.1570621805973503,0.42684512262830715,0.5266925958756701,0.4609798249732191,0.6604419267473123,0.15963874648771195,0.155324657176597,0.1570297501777819,0.23994540697694086,0.3953878896215495,0.399024504034949
2018-12-05,0.16410829111841868,0.16445585593724488,0.15723583565077354,0.15649956106718144,0.2969836626774718,0.1555536114088444,0.1570621805973503,0.42684512262830715,0.5266925958756701,0.4609798249732191,0.6604419267473123,0.15963874648771195,0.155324657176597,0.1570297501777819,0.23994540697694086,0.3953878896215495,0.5090162641843036
2018-12-06,0.1507040615668592,0.15702630272652976,0.15016674585383877,0.15796496897400047,0.327518729121539,0.15722196077399833,0.15718085155397238,0.4466734125779826,0.5275846426504517,0.4671328651892696,0.6471913771367105,0.1599308492299041,0.15545847620830341,0.1572483682062901,0.24711404134950601,0.4073744274727735,0.5303382551178376
2018-12-07,0.15631105026791206,0.15748518781021636,0.14862521250736033,0.1484070104704795,0.2957959622871939,0.15760335835534786,0.1574052284230567,0.31954211652750736,0.5139555137108569,0.46893604511083015,0.6022690660188038,0.15890097797757935,0.15502328879009108,0.15649545611406857,0.2598140924268274,0.3963794980150014,0.37079932130775306
2018-12-10,0.14847002587406602,0.15427300754167572,0.14772228858162606,0.15446546698094193,0.2626606050478438,0.1586115049296465,0.15738659628789933,0.4021642472362141,0.5120770638502816,0.46994867463590406,0.5941048151093344,0.15789849814544576,0.15524886095465207,0.15607940974740225,0.2645673952727797,0.406338663520337,0.6002797077167192
2018-12-11,0.1594212210667732,0.16076295578746494,0.15554016659705655,0.15665268460610104,0.27500144460599735,0.15908435992784034,0.1575461026689074,0.4300752318013354,0.5137316510940881,0.47113745799463597,0.5959240085510681,0.1577765010982461,0.15526219936489713,0.15602189106707928,0.2651292246213054,0.4166835860484446,0.5411158284418685
2018-12-12,0.1618085048086854,0.16146214584758992,0.1590636332840174,0.15772435388655476,0.2265962115402936,0.15951705913210146,0.15797931918943342,0.4439926096301599,0.5164944168659098,0.4727207894599905,0.5999986251126932,0.15817789091942855,0.15544909784736366,0.1563237729464772,0.2601385866985426,0.4255154301100491,0.5245992228504128
2018-12-13,0.15893931229554478,0.16058809996139656,0.15816072490998906,0.15853360183742554,0.18872723183817916,0.15914458002626505,0.15844989051482802,0.4549264654645288,0.5197078972356285,0.47472291292327096,0.6043236156068351,0.15864101738068556,0.15563917659771234,0.156659608681447,0.2525825096898495,0.43316354394029755,0.5207305423973873
2018-12-14,0.15602632774710581,0.15707002056961802,0.15126785378485286,0.15105349208040653,0.3113992687951049,0.15821673054119245,0.15842542882255622,0.3487792338984124,0.511043914706534,0.47434171556541155,0.5797103470941324,0.15859801265642226,0.15593101878448787,0.15677947441009177,0.2569224625460409,0.4216808774014681,0.40110388390900686
2018-12-17,0.149806070016749,0.149509364846615,0.1429214823416638,0.14418575207507628,0.38881609462872063,0.15643240112311063,0.15822896574067571,0.268120937319185,0.4940737820761002,0.4701528613093262,0.5403875329731778,0.15886962532583285,0.15462183255215364,0.15628306672621958,0.26340979038965906,0.4077782714326421,0.4067425337033231
2018-12-18,0.14617025573333392,0.1466904853260204,0.14470523982881794,0.14654788170929373,0.32917260777151175,0.1546213126538298,0.15809668359602466,0.3046929568010331,0.4843668692770585,0.4645801898825393,0.5260964382565725,0.1587156949970756,0.15378646954071395,0.15579457186921825,0.2539597567100186,0.4198165071688466,0.5452663961679868
2018-12-19,0.14595120152215907,0.15186926290587238,0.14212862986473201,0.14593544086961086,0.47659269763381346,0.1535440184439438,0.15784045034595576,0.29727999813485423,0.4760854251224802,0.45822670686555855,0.518032762918864,0.15880197764809528,0.15347820580261545,0.15568940532825104,0.26869450391641403,0.40317012992864765,0.499715145885888
2018-12-20,0.14463709501316674,0.14625343749288888,0.13646899119189748,0.14116742694091367,0.49327204039274547,0.15183106039025535,0.15740189476716407,0.24114291437637841,0.4629021677151711,0.45012671329741505,0.49999602494605555,0.15885521872622527,0.15337461464917218,0.15566678963844627,0.2823767737520301,0.38600238025068545,0.43640905054429047
2018-12-21,0.14152697132338596,0.14339090236827812,0.13356209643373135,0.13399351094573836,0.8127087846100267,0.15036121914538111,0.15639084579877768,0.16825653548115777,0.4424895198250829,0.43897494534808684,0.46847943615195264,0.160282188472565,0.15070947459206974,0.15511497103375435,0.2951481673554569,0.3588494940807875,0.3974259408770582
2018-12-24,0.13287562451572035,0.1323996177010971,0.12589848606013443,0.12502613372376753,0.28713066890723754,0.14735909282840182,0.15508286395776688,0.09441064078906414,0.41400719145319975,0.42353487764772113,0.4241928792188555,0.16312901861201454,0.14557683787741488,0.15410406421674303,0.29844000665160353,0.3481254293206678,0.36487101435673186
2018-12-25,0.13287562451572035,0.1323996177010971,0.12589848606013443,0.12502613372376753,0.28713066890723754,0.14735909282840182,0.15508286395776688,0.09441064078906414,0.41400719145319975,0.42353487764772113,0.4241928792188555,0.16312901861201454,0.14557683787741488,0.15410406421674303,0.29844000665160353,0.3481254293206678,0.5090162641843036
2018-12-26,0.1273123448630414,0.13834315497947197,0.12585434207806462,0.1390895781944118,0.3472543896500618,0.14556806503895314,0.15443123406680223,0.30095168111211684,0.41340627885747694,0.4110452946713657,0.45466341936206733,0.16322903416088805,0.14410001149467414,0.1534357776578802,0.31796705677426496,0.36072887573893436,0.7449242252927086
2018-12-27,0.1364237468776382,0.13943577163725498,0.13122776380520756,0.140445670538569,0.33057270428680974,0.14380604177746856,0.15403208458262857,0.31791205768279523,0.4159636215454888,0.4016389185881595,0.48650462112902315,0.16304834544585206,0.1429134586657595,0.15276183763597315,0.32321539112219244,0.37281087649297173,0.5303095723926636
2018-12-28,0.14253449862663375,0.1421016906324429,0.13809865679275457,0.1387178235301686,0.242317429132315,0.14178529392193942,0.1535673260716568,0.3002929232543183,0.41642964311412706,0.39422047448840347,0.5070345905983664,0.16172643155295816,0.1418489826704735,0.15154852067085323,0.31547061687820277,0.36348760961818893,0.48205193224719356
2018-12-31,0.1407823062147418,0.14207981625356,0.14012468069725653,0.14129867314970207,0.20309832847373085,0.14079052959173508,0.15330785776154476,0.33529078825144293,0.4215901139430063,0.3894667785647753,0.5345542437629798,0.16041861901275925,0.14125819996940744,0.15057379491474765,0.3024347012069737,0.3715849434083903,0.5496092743797547
2019-01-01,0.1407823062147418,0.14207981625356,0.14012468069725653,0.14129867314970207,0.20309832847373085,0.14079052959173508,0.15330785776154476,0.33529078825144293,0.4215901139430063,0.3894667785647753,0.5345542437629798,0.16041861901275925,0.14125819996940744,0.15057379491474765,0.3024347012069737,0.3715849434083903,0.5090162641843036
2019-01-02,0.13697131876305887,0.14065946925207692,0.13682138147894185,0.14031445987377755,0.21992994051346768,0.14039574795396123,0.1528377595722078,0.3240217677755847,0.42512541780126245,0.38647293476094724,0.552728764114199,0.15865105344738864,0.1408953748147722,0.14946903032048572,0.2956429027248966,0.36296147746013707,0.493715863208764
2019-01-03,0.13817594299641656,0.13725063567463006,0.13298953928629847,0.1321781723888118,0.27654131651239316,0.13893037228999822,0.15200669143614337,0.23791079650097852,0.4168261763615281,0.38217844063838663,0.5392965584068756,0.1564264478561514,0.13988413670680375,0.1478079302315065,0.29670799209760734,0.35256842073505995,0.38196814506170995
2019-01-04,0.13734363164619023,0.14232017109738418,0.1367993324866485,0.14208604377044182,0.2881098775130288,0.13853782344268012,0.15180140247548307,0.3702578197275775,0.425893089581056,0.3808179588415398,0.5695969831553312,0.15507613301643827,0.13980938231896967,0.1470627499597818,0.3055999220265322,0.3633230941579584,0.6696365553845431
2019-01-07,0.1415488948995601,0.1439809044610858,0.14131388496029024,0.14237039574615135,0.22248181748613569,0.138660498242315,0.15182811326930307,0.37374740607001694,0.43430606827515267,0.38165502314100724,0.5922917003993813,0.15329728668612616,0.14007034273043734,0.14625650897944942,0.29512858660623587,0.3720263281364836,0.5134211362179886
2019-01-08,0.1446152128528402,0.14551051688097955,0.1429214774712249,0.1439889094198914,0.1901406031112909,0.13967979608258238,0.15180445460611994,0.39448377590988387,0.4440734341975934,0.3845600983026458,0.6136486684526633,0.1529617046011837,0.13996320356841593,0.1460280927175749,0.28520602609245493,0.37971862193453876,0.534056582289434
2019-01-09,0.14641121753081504,0.14749901840440433,0.14629086535424823,0.1472040594372404,0.19612517628097512,0.14194142795647008,0.15189603340761743,0.4353789767986596,0.45713933455784395,0.38987450647946165,0.6385305726902626,0.15198057449690913,0.14024906709109744,0.14565267722841155,0.27479680227896763,0.3875979849443457,0.5584003651948842
2019-01-10,0.1450094137086668,0.14502973807134917,0.14439690984650178,0.14573859821442597,0.17884300334367725,0.14261947313534118,0.15167700985909136,0.4153243748736946,0.46575529733296767,0.39609793903210266,0.6479183398965584,0.15034209940489238,0.14085488242090607,0.14508841788105462,0.26386942573132044,0.38025883798288035,0.48682439015773116
2019-01-11,0.1449437507599358,0.1443523858670795,0.14276732376860812,0.1439889094198914,0.16515126196094723,0.14298080097520888,0.15134580407701997,0.39099186260563995,0.4703685444036882,0.4021325031954492,0.6459678394276189,0.14809701012043597,0.14181415769290825,0.1443782940417996,0.2541871579688373,0.3733476753062343,0.4823488946583073
2019-01-14,0.1421183419214939,0.14310683689465514,0.14193048221767046,0.14234851841602014,0.16611094886407118,0.14335104729058976,0.1506536289683208,0.367941481941566,0.47195396931591554,0.4073230053178842,0.6372509577262285,0.14508035750164636,0.143343648227877,0.14354152362597755,0.2428721978190874,0.36640651418735926,0.48382016615002915
2019-01-15,0.14345438424908585,0.1478704820501568,0.14329583920784367,0.14882255533898203,0.19071219856538912,0.1441183080342,0.15025831790118124,0.4605105099850462,0.48308573890426637,0.41402309715091606,0.6528409431622496,0.14463052498803844,0.14359105533184036,0.14342618397549878,0.24272574749229783,0.3741166752431131,0.6091870790485541
2019-01-16,0.14947753929900884,0.15051454274502088,0.1500786571082129,0.1496318210618513,0.17717428819967737,0.14506846186353992,0.14983782272563992,0.4713502759589257,0.4932368829141264,0.42170642832120214,0.6629951505209195,0.14542445853683317,0.14331419598339196,0.14370774628148192,0.23017070617368326,0.38140366055198016,0.5211848338938037
2019-01-17,0.1489080666479363,0.1513230324021127,0.14963821468024358,0.1512503347355914,0.1657665860290202,0.14701337821075422,0.14938222556737613,0.4935969510067117,0.5036944830339437,0.4302464885258519,0.6718428480605811,0.14622513599227652,0.1429513132848995,0.14395086356866213,0.22229788178942309,0.38833405738035637,0.5332676859696005
2019-01-18,0.15429602005307452,0.15409818073315484,0.15217074279202897,0.15472792385452178,0.23631489599617692,0.14830255553569455,0.14932040969033544,0.5399640737847193,0.5170077810964323,0.44012550580531135,0.6856706591202402,0.1477991812717763,0.14219004149147177,0.14440543580977042,0.21578436302010248,0.39746969364048157,0.5607602698816181
2019-01-21,0.15429602005307452,0.15409818073315484,0.15217074279202897,0.15472792385452178,0.23631489599617692,0.14830255553569455,0.14932040969033544,0.5399640737847193,0.5170077810964323,0.44012550580531135,0.6856706591202402,0.1477991812717763,0.14219004149147177,0.14440543580977042,0.21578436302010248,0.39746969364048157,0.5090162641843036
2019-01-22,0.15274094286777026,0.15235003216168091,0.1498584050850605,0.15028794547380253,0.19683186191753096,0.14910996119925796,0.14905254337022444,0.4623546940185351,0.520759682618652,0.4488874045324874,0.6741338409780974,0.14868658085575534,0.14220190732874752,0.1448769675211971,0.21544757379477666,0.3895682406467713,0.44392782087540644
2019-01-23,0.1513611302010962,0.15221895455882234,0.15091548044715541,0.15254075954535812,0.1460988610257796,0.14998205072982737,0.14919677793625402,0.4941341230483151,0.5268230615123448,0.4572846283593683,0.6703677339726146,0.14963424671655873,0.14314753906376898,0.1458358621106765,0.20749746133884153,0.3958838524756184,0.542676071453058
2019-01-24,0.15298188277279196,0.15213153295914705,0.15091546726902583,0.15142528228864666,0.12494123967497148,0.15041251714363293,0.14909069996398236,0.4741400963952154,0.5296734417082822,0.4646547642136356,0.6597606886130994,0.14840753531479756,0.14726315308695687,0.14720070070599492,0.1998495595444629,0.39022959767866244,0.4925105380420931
2019-01-25,0.15381415178836097,0.15405445327586118,0.15280935269237328,0.15354683237941535,0.18788545601916565,0.15120877516588746,0.1489823307233842,0.5059206293700218,0.534735824778312,0.47170948324243667,0.6565032845113256,0.14938078722038914,0.14774801755129446,0.14794814217917454,0.1928807374580561,0.3978513987988028,0.5405596161501588
2019-01-28,0.15166773427115374,0.15099524460482,0.14941797031483817,0.14897564333390467,0.17422885370123675,0.15171730587846344,0.14867707115222437,0.42291121122420244,0.5316282892584189,0.4766420474108812,0.6345871551592922,0.1496304738810053,0.14838309552517842,0.14838914261748332,0.19192184500824505,0.3906564835664921,0.44166666147944533
2019-01-29,0.148645219202164,0.1476956651563402,0.14393448048670943,0.1442951031817351,0.18995397563379163,0.15191581218641317,0.14818026216906746,0.3482041572657231,0.5219943741704247,0.47838321746084955,0.6016286714876107,0.14943502177050355,0.14918407749330517,0.14867748852783091,0.19368794026338165,0.3829700234768932,0.4386839374424816
2019-01-30,0.14807576470311432,0.15077672224445873,0.14869124525427563,0.15181896759901653,0.3303649933704298,0.1522213764471179,0.14820697110258835,0.4646746873575635,0.5253101384138186,0.4805350211530975,0.6058694081975526,0.14994253559233375,0.14975273418273174,0.14922138879276753,0.19884768032378033,0.39504553148428045,0.624424245069003
2019-01-31,0.1462798014270123,0.1482419731075926,0.14615873078860503,0.14755400785934641,0.3785016078074317,0.15200948789507382,0.14832449611499735,0.39909544823683735,0.521392059730453,0.48135974680324817,0.5921642754694164,0.14987607990765803,0.15059108312624003,0.14959567414061048,0.20204493981583735,0.38146534164515555,0.4457118447810052
2019-02-01,0.14623595889400584,0.14579456158881288,0.14433086791778693,0.14394513698763062,0.22154165228567904,0.15126452787107098,0.14823368127630862,0.34788164675881844,0.5128162228792985,0.48005680479552915,0.5701912138050216,0.14804054341001863,0.1538114136808255,0.15020402737574395,0.19757588002766294,0.3727914958883095,0.4544498914819659
2019-02-04,0.14424289345042204,0.14950937599180672,0.14525582560008182,0.15041920945458942,0.1885843329746546,0.15082513935709263,0.1483901287055833,0.4427057314733686,0.5155212755258011,0.47963354736159136,0.5792759800810976,0.14806942428314526,0.1546630887849229,0.150634852866913,0.19973511997900914,0.3804351429041333,0.6084761655230124
2019-02-05,0.15122966526781553,0.15272149144250843,0.1522808139134762,0.15365618348607418,0.15743003812198098,0.1511686211842847,0.14882588577450825,0.4851605343908792,0.5222719080144897,0.48083993564563754,0.5961058198918087,0.148471185445395,0.1554265559831984,0.1512183292107868,0.1917781238409919,0.38710495114891597,0.5573531788174215
2019-02-06,0.15328853951618587,0.15213155873146064,0.15133391726174245,0.15105349208040653,0.10499005954900184,0.15101695454299519,0.149421141783245,0.4444848280127432,0.5235248501833442,0.4820918028732591,0.5965754945742799,0.1485353205399013,0.15610593922182248,0.15158356883399626,0.18545210097961193,0.38207434175387245,0.47068739770166806
2019-02-07,0.14932421713324381,0.14905046750578502,0.1486031768015485,0.14939122374640407,0.1764465191242408,0.15080952794720245,0.1502712872860389,0.41872798343876966,0.5218396053140845,0.48270760041051974,0.5900066122220673,0.14858654211648947,0.15628254411319167,0.15169664544539202,0.17991015731302068,0.3748101054671026,0.4842619223707103
2019-02-08,0.14757206764039663,0.1494656948857225,0.14853715508302018,0.15026613923166532,0.11163758974126717,0.15047497365717302,0.1506612592949129,0.4321168485339358,0.5216038627180337,0.48314628483649097,0.5881775120326931,0.1486305474541605,0.1567148251641253,0.15193071976438108,0.1733029658408864,0.3800485071637696,0.5221394875811842
2019-02-11,0.1515363192032901,0.1512137671582303,0.1501006585749156,0.14934746908614177,0.09174887906383286,0.15051289122366032,0.150971860404737,0.41647509083741646,0.5198680226961374,0.48309995659242805,0.5831686408082541,0.14841708594676611,0.1575120046413767,0.15220775782982637,0.1677654478410314,0.37543179816325567,0.4952889095963379
2019-02-12,0.15140490291863148,0.1524374423036612,0.1512237801385562,0.15293442708372945,0.13971370251736262,0.15139390104207273,0.15146790542508523,0.47421247507784775,0.5236046277014526,0.48391807803913894,0.5920960718809046,0.14809138778049682,0.15898361166319785,0.15275505035635226,0.16448296933770168,0.3815478190546688,0.5628287741651606
2019-02-13,0.15438366598365666,0.15383599051340835,0.15393253158249232,0.1527594973026727,0.08769461185389021,0.15148981316584886,0.15186779592837937,0.4708679982218004,0.526052295949453,0.48513276467940125,0.5961915195038584,0.1483416499337057,0.15913153096964378,0.1529585906457812,0.15598920109406503,0.3770578406579408,0.506432185371636
2019-02-14,0.15177725665066033,0.15276523802207354,0.1516201963279662,0.15295632218585908,0.11416447893452111,0.15204072340116354,0.15230889515606832,0.4742441320741501,0.5280090853055979,0.48655235769691957,0.5983076490818124,0.1485903035662431,0.15921630414398016,0.15313046768314376,0.15182118267723135,0.382375229302576,0.511925956618519
2019-02-15,0.1552816647170685,0.15497227820927956,0.15536396471737762,0.15584341888323178,0.15181950077540204,0.15325407103011898,0.15313462175346843,0.5235166487204117,0.5335164773042294,0.4889484901318797,0.6083926643603005,0.1492484238794512,0.1589951357296789,0.15336793058846582,0.14642351262567382,0.38886966016134134,0.5516607282762472
2019-02-18,0.1552816647170685,0.15497227820927956,0.15536396471737762,0.15584341888323178,0.15181950077540204,0.15325407103011898,0.15313462175346843,0.5235166487204117,0.5335164773042294,0.4889484901318797,0.6083926643603005,0.1492484238794512,0.1589951357296789,0.15336793058846582,0.14642351262567382,0.38886966016134134,0.5090162641843036
2019-02-19,0.1550188453336392,0.15575895085446423,0.15628890141304075,0.15573406777657295,0.08491159792164146,0.15379606278992058,0.15361082792467715,0.5209676719143421,0.537335027496299,0.49173933463718544,0.6124689742244404,0.1494382374752172,0.15889759930770667,0.15341994832888217,0.13795791307628755,0.3844666748061952,0.507420772140879
2019-02-20,0.15618105848469768,0.15519294191060912,0.15400726764323386,0.1545040144456491,0.11278234238567703,0.15388252180085865,0.15403419354164838,0.4912282230655249,0.5381382984426949,0.4941558521229647,0.6086031868904632,0.14982526063468193,0.1589280197222709,0.1536379195122769,0.1352574959689867,0.37919248977648695,0.4910608227225727
2019-02-21,0.15406942099800267,0.15857241989363,0.15528996732537015,0.15946810683359647,0.1709999640800671,0.15474061651982232,0.1545742929238339,0.5778062019283801,0.5456818451202745,0.49781553190855593,0.6214416965945444,0.15110198791488677,0.15828889688738798,0.15399606405314822,0.13915273307070225,0.38628647452985804,0.5818572575525255
2019-02-22,0.16099812071699365,0.16234693480294418,0.161814216996148,0.1628946725448855,0.16084867869307667,0.1561176537867252,0.15512176901184144,0.6289618210882253,0.5561585070147841,0.5031410336088037,0.6386451388319928,0.15317275845493286,0.15727703323921619,0.15458903266529922,0.1373006717906609,0.3930631445973245,0.5582576524666156
2019-02-25,0.16475939346043286,0.16449752807797058,0.1649989269170295,0.16425648747255378,0.1295155650439707,0.15754434345631682,0.15576789427792526,0.6482200878663786,0.5657764731784828,0.5096026660778876,0.6503783018333278,0.15514784682002292,0.15628758327281259,0.15514272289427544,0.1317125337590997,0.39886038627351345,0.5283110847935601
2019-02-26,0.16365960034398389,0.16682368096266928,0.1647998721675058,0.16594781302407396,0.11222792602992601,0.1592371918972654,0.15653408324451787,0.671905166152718,0.5750967884604966,0.5169050808200402,0.659061312389103,0.1573328441890686,0.15573579456416922,0.15602018574814389,0.13225941479323539,0.4041172410396069,0.5328466030187493
2019-02-27,0.1646054611542453,0.16489257498322082,0.1641585420902359,0.1655305087277218,0.11184061544900697,0.16052169884801418,0.15734294809135393,0.659528379950501,0.5809758109487605,0.5240925244372336,0.6578739711194245,0.1587072231745098,0.15650731411885394,0.15711805831797968,0.12883222012482037,0.3988724930492218,0.5031768484490629
2019-02-28,0.1653752610089877,0.16603365093296715,0.16603837304620556,0.16522294652199504,0.17116160377815226,0.1617926803806052,0.1579151897204776,0.6499156984256573,0.5842531013246756,0.5305925416004467,0.6507747120752874,0.16014910643599498,0.1563766594098835,0.15781104535579854,0.12344880614742657,0.39177345566969823,0.504705200307141
2019-03-01,0.1672449202119434,0.16634089430059804,0.16590568103535241,0.16632122048417602,0.12756807998588193,0.16315558872348865,0.15849751541063667,0.6679900492658895,0.5875226889702885,0.5365408547028652,0.645077098867935,0.16143906990357726,0.15697750002529262,0.15878131210716603,0.11978386423478124,0.39750982174383753,0.524429884278212
2019-03-04,0.1675308783620467,0.16684565260076276,0.16398160894404373,0.16572818666683536,0.15182809032457564,0.16416360481003342,0.15900267589631636,0.6474983879107832,0.5882610022525494,0.5414684804273153,0.6345361543678802,0.16190119363611563,0.1587880310248605,0.15990749793292677,0.12371720796842794,0.39101512238803027,0.500730369456614
2019-03-05,0.16583723081866958,0.16495841473820552,0.16493262697883893,0.16449815110790988,0.09662305778580166,0.16505733718445106,0.1593435781771216,0.6045721202004328,0.5860706553273629,0.5449092837774081,0.619181294037641,0.16257139164966264,0.15955871177117992,0.16063538061075108,0.11876586367329439,0.3862460535206382,0.4917888198781116
2019-03-06,0.16500130408663216,0.16555084542237244,0.16537485156068737,0.16460789319853525,0.0821668465266206,0.16608769748652122,0.15984322907712298,0.6068652077973529,0.5835816000462459,0.5470922648654911,0.6061913865096655,0.16327206602076533,0.15996535185754515,0.1612015850875188,0.11463510174927652,0.39056324186648017,0.5105609788092049
2019-03-07,0.1639675716337437,0.16311503522914494,0.16192481966289052,0.16162070460571293,0.14191887405065962,0.16630721232284887,0.16016004606616366,0.5037723452050205,0.5763311744079407,0.5471792695514089,0.5845456099422843,0.16339410238867022,0.16095350421418386,0.16174791102163086,0.11513434192165908,0.38437829046175975,0.4669878057718905
2019-03-08,0.15904049595605418,0.16127164329649682,0.15955838579113885,0.16188428111519715,0.12223631255339187,0.16620417593017586,0.16052498093026055,0.5104347288902873,0.5702149576121811,0.5458490756245878,0.5699097750677788,0.16325132979337392,0.16243042534176647,0.16239380332488268,0.1157982269378324,0.38994799309933315,0.5127703585867482
2019-03-11,0.1630657483452531,0.16618732268061415,0.16437972306075344,0.16698022395988132,0.15091915984838666,0.16648193361299055,0.16099369815760473,0.6238660751085983,0.5721656643611729,0.5452313720828882,0.5772678768416415,0.16366373962191128,0.16375746099014693,0.1632579231606579,0.11994962896564532,0.39641428058634093,0.5815184666223795
2019-03-12,0.16709092937651276,0.16846953144100763,0.1680730457663529,0.1687154108036547,0.1481166242134706,0.16676416412603615,0.16168245713715348,0.6561660749753506,0.5754705779290825,0.5454935935447154,0.5863551261077689,0.16394209412253957,0.1655097769899078,0.1642592476656121,0.11646791771682302,0.40279296481121707,0.5331959049012558
2019-03-13,0.16997242253243822,0.17068601454602145,0.17057220265385453,0.17064838221853257,0.22137064217031358,0.16728606802105692,0.1626019744316183,0.6901480407250857,0.5800897656717312,0.5467605484567314,0.5967313096135061,0.16479046038559977,0.16647392039359735,0.1651750609004329,0.11350182150278915,0.41146146503604675,0.5357647337347158
2019-03-14,0.17087425970324327,0.17112490540838948,0.17178859465915153,0.17084606015764614,0.1842762836300372,0.16785949464323893,0.1632658667938026,0.6936138324300163,0.5831333312227968,0.5484706828523773,0.601308156982585,0.16534820330450403,0.16779005780118658,0.1661101379912889,0.10734596910104813,0.418970448580937,0.5117307085492959
2019-03-15,0.17263391247646442,0.17562361218505956,0.17236359658757006,0.17374547284996666,0.3710419747842071,0.16861659546534416,0.16417973808065908,0.7423134527166031,0.5888821068227741,0.5511544930313171,0.6113635986528623,0.16621639077004582,0.1690586418456742,0.16718493913953544,0.11356838577843748,0.43231746094356593,0.5487987171313679
2019-03-18,0.17445952059435632,0.17641357856582562,0.17559251146034927,0.17739162937449743,0.18774489975996117,0.16980599496679918,0.1653467514206676,0.7941306728725965,0.5977833249515626,0.5553387326054411,0.6268589827658408,0.1680331310790867,0.1693876007653436,0.16829898375602168,0.11294336766556501,0.4399348684757477,0.5584749559214005
2019-03-19,0.17868272185982687,0.1782350132745235,0.1776714175690181,0.17756735889548592,0.237572874516057,0.17113874976455232,0.16629400329352798,0.7964735642752041,0.6039478346385528,0.560096974569584,0.6327868775029458,0.16941765863675398,0.17021154101374183,0.16942776706919102,0.11069580956849187,0.449109827348103,0.5113663110873963
2019-03-20,0.17714303490688083,0.17891531492724838,0.1770521845403104,0.17728181619587807,0.1635824979346039,0.17243119472032994,0.1671183476887361,0.7838347272461401,0.6072193994231274,0.5646523200137965,0.6306915043240419,0.1700819389808085,0.17191005571183934,0.17060538167554176,0.1125438060843092,0.4422477019948403,0.5052002723307761
2019-03-21,0.17659314091947803,0.18345791026963082,0.17789259233006155,0.1832124209492621,0.17717819254021083,0.17463304689196232,0.16824043542685344,0.8586469523876621,0.6173313226320383,0.5706108777420963,0.6451828981902062,0.17258477200406339,0.17173385374378183,0.17183296506690685,0.12553137059754502,0.4495348093478173,0.588360521704734
2019-03-22,0.1817842217468248,0.18075874143690807,0.17778208215054508,0.17624952966406016,0.20661770103058977,0.17609796766111666,0.16917757409399334,0.6167090623285905,0.6137204337328377,0.5745513120991623,0.6243411332094491,0.173351399425522,0.1723241362293466,0.17252341250260414,0.13392279366718415,0.441327464996895,0.4179534279903585
2019-03-25,0.17531737517592932,0.1772913961782318,0.17618965699385547,0.1775893428576079,0.15541305580239664,0.17717985069034817,0.17013093394872555,0.6384153097741017,0.6116128032258956,0.5772212933798447,0.6112207834753893,0.174263453438579,0.17275570265958054,0.17321272244646838,0.13177738508738338,0.44793422525447046,0.5270133010333775
2019-03-26,0.17984857357627682,0.17882757618673822,0.1773618511219957,0.17813851538269543,0.14784332037612857,0.17814078788268392,0.17113550969652722,0.6474571179724684,0.6095438948232768,0.578883774395355,0.6008160262419763,0.1751852722130933,0.17305578020842136,0.1738429829657497,0.1309190345324479,0.4543043663916492,0.5163547800094013
2019-03-27,0.17822081998362488,0.17773028201152413,0.17442035682962082,0.17563442302460502,0.12157257466270405,0.1786492479143931,0.17192755681987656,0.5694060837745176,0.6030374307412726,0.5787246469669434,0.5820037298202902,0.17562587674860639,0.17365228107073918,0.17436535633556818,0.13565773674063783,0.44875541125276963,0.4756253808576365
2019-03-28,0.17725307659853995,0.17634782156744838,0.17576950209606423,0.1759859353825774,0.0872253101217686,0.17917339547384906,0.17273797253601822,0.5763269678022451,0.5973291020437139,0.5772908993063827,0.5688403446195494,0.17600945955426675,0.17437991638935055,0.17492180392560333,0.13178772636208425,0.45323071994748,0.5137492764556368
2019-03-29,0.17863874778032673,0.17797167869640013,0.1776050821439114,0.17820436063707062,0.1423936418595281,0.17962809817561146,0.17361892583123376,0.6194006761086612,0.5950574463968963,0.5756239950986921,0.5664324670694102,0.17663888946093528,0.17496183610131041,0.17553616344838827,0.12779375178932037,0.45943051191597195,0.538845837796573
2019-04-01,0.1805743399352317,0.179705291953903,0.1801262805953769,0.18057654922242883,0.12200751819813124,0.1799528858197275,0.17448191297835078,0.6617734970487203,0.5957304204855245,0.5744444930166811,0.5714660149185316,0.17747702675844676,0.17563342703399873,0.1763038252630619,0.12261782525599949,0.46499306276870145,0.5406402332985056
2019-04-02,0.18081635368719173,0.1805173173632349,0.1810552108952566,0.18095002777052477,0.08572213901638731,0.18029783925881074,0.17536174699363952,0.6683109626191859,0.5957625916215965,0.573508254249249,0.5739782680855878,0.1780898004015327,0.17671722447509144,0.17715438891587712,0.11641116680046437,0.46942138448107606,0.5139499794876423
2019-04-03,0.18257602196037792,0.18260207034201748,0.1824485303650189,0.1826633017401701,0.1225666197625224,0.18084662544346478,0.17634427943793088,0.6982548465756238,0.5972632334591373,0.5731027100139537,0.5794589095929527,0.1787728929696781,0.17789526616234866,0.17808785532564794,0.11278204635563796,0.4750014120503523,0.5316166185317734
2019-04-04,0.18310392704682255,0.1821631886373421,0.18074559057986078,0.18132343523062683,0.10110914505874471,0.1806539928967704,0.17710685446357435,0.6472680388823797,0.5954059973874809,0.5723532153410523,0.5759068303257516,0.17844894349850784,0.1803307377665396,0.17910648845027152,0.11321384573740656,0.4700921145006124,0.49145656229142853
2019-04-05,0.18154222824107746,0.18216319262459474,0.18293510088392,0.1824875899911801,0.06763645279730382,0.18129012975868078,0.17779048955944735,0.6696585494585336,0.5946226225753765,0.571574331281586,0.5756033173213202,0.1777843761676912,0.18322789321953473,0.18017168155966665,0.10707862567938672,0.4739551034868149,0.5243511363651493
2019-04-08,0.1824660694844828,0.18170235486203345,0.18132063774221024,0.1825754725236728,0.06209228923979367,0.1817985988520396,0.17842967466988566,0.6713936194530885,0.5931062813006219,0.5706041841787184,0.5736280865416304,0.1776914727414837,0.18497980236684305,0.18097795745493409,0.10478306203207643,0.47764478983686953,0.5101687825458654
2019-04-09,0.17987054907037942,0.1806489987463581,0.181187936320801,0.18114772348163682,0.08158119544660192,0.18210546799028335,0.178960029185562,0.6120228073558556,0.5888034060888706,0.5688432821238707,0.5654617231262642,0.17736276605757031,0.1866502342149108,0.181620709251655,0.1024514193531893,0.4733459081075221,0.4902985738673892
2019-04-10,0.18235606913328645,0.18242650936536708,0.1833110592260579,0.18314654015088988,0.07271990417186597,0.18287152897148964,0.17957468687316216,0.6563033116143573,0.5874069954128099,0.5671149687317363,0.5657982760144529,0.17740285307473183,0.18793105639649813,0.18226686525454813,0.0984187595626515,0.47736779852489675,0.5353634096025084
2019-04-11,0.18407175790842084,0.1835237701644546,0.18415148086019845,0.18345406681261978,0.05500903464399443,0.1836331044361557,0.1802108062107706,0.6629613151832121,0.5858156897686462,0.5653681213232121,0.565606869671682,0.1772300828787635,0.1894524122141775,0.18291870044727984,0.09374047662077514,0.48083607245065596,0.513039196226873
2019-04-12,0.18429168095580706,0.18380903254888037,0.18514668350939822,0.18481586396828958,0.09823789303043981,0.18430732378657558,0.18085612038646984,0.6924457574133125,0.5856406958740881,0.5639305931406515,0.5688013020356573,0.17760057470850224,0.19022668812174323,0.18349104076448455,0.08752879134958508,0.48565561876192886,0.5268099836781645
2019-04-15,0.18495159534979994,0.18512575565759648,0.18558903132958432,0.18503556141352218,0.06737408111345547,0.18476203917464742,0.18152979234074548,0.6972171354252561,0.5848972692926986,0.5626104250887576,0.5700133152833755,0.17823681374181996,0.1903522262326707,0.1838862328079405,0.08416194011930742,0.48951040638394194,0.511872193391098
2019-04-16,0.1864912648266857,0.18527933655863593,0.18454953919971334,0.184420490318064,0.053936902733506896,0.18511594552351215,0.1822249216043317,0.6660646143809659,0.5824889847329012,0.5610031147747296,0.567047911072343,0.17866910639125508,0.19061330986806482,0.184240540381207,0.08463714427401672,0.48607564577077866,0.501027331652045
2019-04-17,0.18561144220527215,0.1857182422009892,0.1855226673651053,0.1866170204704276,0.09476927690051584,0.185519132747433,0.18299286297262687,0.7169495616475843,0.5829397433557704,0.5598204301119801,0.5714331474532766,0.1794176090627516,0.19079728104774432,0.18472317136673952,0.0834776754493313,0.4907867680947601,0.5376123379188267
2019-04-18,0.18770106653709973,0.18938304577269993,0.18720350515556677,0.19013146871420938,0.16262749624012007,0.18641734701373106,0.18398765912833723,0.7838322666125703,0.5875640647458328,0.5599326350447075,0.5848058604447793,0.18080797158785358,0.19003508066000827,0.18508088682143467,0.08847029699503864,0.49761904145872593,0.5543942408738275
2019-04-19,0.18770106653709973,0.18938304577269993,0.18720350515556677,0.19013146871420938,0.16262749624012007,0.18641734701373106,0.18398765912833723,0.7838322666125703,0.5875640647458328,0.5599326350447075,0.5848058604447793,0.18080797158785358,0.19003508066000827,0.18508088682143467,0.08847029699503864,0.49761904145872593,0.5090162641843036
2019-04-22,0.18864689435570153,0.19043641433035952,0.19001224873825762,0.19098811458503123,0.0662504119079263,0.18728420253550518,0.18500314863054942,0.7981884225942486,0.5914958425195833,0.5609222515586256,0.593867152845052,0.18217042415165116,0.19013121708605438,0.18584287312152623,0.0878373972795102,0.5014387047858915,0.5199336838807128
2019-04-23,0.1919023171743781,0.1939037605974015,0.19279893013445348,0.19467831012179998,0.13166217146926582,0.1885184100817854,0.1859695888679824,0.8526816436406748,0.5990084837825598,0.5634333373499065,0.6095798221279259,0.18433030999839203,0.18961880458117167,0.18672637442153903,0.08985097390216276,0.5073030463137382,0.5558973126857655
2019-04-24,0.1956195947033707,0.19449623981480407,0.194324904285601,0.19373378171848543,0.1881306486046668,0.18980189487846197,0.18684252861500208,0.8049881107642984,0.6024231724335235,0.5662237141269326,0.6124641438542963,0.18585262593562943,0.18963377918247695,0.1875326512356206,0.08845250953430114,0.4996735808234921,0.49717747906247955
2019-04-25,0.20501177648080438,0.20660978183908857,0.20385692076789302,0.20282730458568027,0.2410492993270479,0.19180887446362474,0.18796531396526225,0.9090544213461869,0.6173546625435473,0.5718733347585396,0.6419924121897523,0.18939019195592674,0.18871017728501613,0.18893852590545188,0.12070164274321948,0.5089572077713589,0.6233871831820483
2019-04-26,0.20421990021447162,0.20474446074973712,0.20427710747398387,0.20445271379483138,0.12876827426586687,0.19395024737365466,0.18913791564360863,0.9225035094367386,0.6301532440378405,0.5793221989543065,0.6605737397943332,0.19257348567874447,0.1883024882665593,0.1904102611686532,0.11823336971602885,0.5147310902049008,0.5288040222292401
2019-04-29,0.20465985837741185,0.2039983568590295,0.20500699097174863,0.20418919060134255,0.07152517596862787,0.1959258754636131,0.190200156321177,0.9108072010078714,0.6383561978308496,0.5871586723651504,0.6645766963430573,0.1951747025054709,0.1882578265180264,0.19175367945128693,0.11147271025001321,0.5107465452851748,0.5058264055782915
2019-04-30,0.2044619317987737,0.2051395291825821,0.20509546855714067,0.20601233106560257,0.13276319549970095,0.19806501739551732,0.1911987884135227,0.9269203498143197,0.6459346706561462,0.5951623103190878,0.666303054686621,0.19786007314432327,0.18806450875804984,0.19306871189168348,0.10839641694478508,0.5166453032520313,0.5311051617428141
2019-05-01,0.20604560583199394,0.2050297684832188,0.2013578121824497,0.2000377583879745,0.15349680546857555,0.19965761499487264,0.19198282446907497,0.6912811890213801,0.6414667755754894,0.6005426687751725,0.6392116609926576,0.1989619748324545,0.1889015352801892,0.19405554945501288,0.11647792878043672,0.5100984422436258,0.437089282112049
2019-05-02,0.20043667770790413,0.19921438489930682,0.19653650267670048,0.19636958235732477,0.1576236934124405,0.20065214915917776,0.19264883385157502,0.5779853684837242,0.6310045578774687,0.6024525034622465,0.6033705217516864,0.199468823880478,0.18980839838906513,0.19476416552035994,0.12084754043173174,0.503422580610989,0.46391634306330215
2019-05-03,0.19907288047801514,0.20235244013035092,0.20036254696269973,0.20227814983259124,0.1385775394221264,0.20189082772335895,0.19331407431046896,0.6706513833348844,0.6300529214699165,0.6037625734333527,0.5971765717523313,0.20058694102429844,0.19082575715220776,0.1958475263405908,0.1298402939898543,0.5095030866664028,0.5826228485072915
2019-05-06,0.19693931015452804,0.20044327398918071,0.19784134178893276,0.20063079220531516,0.13333557182190586,0.20287415625179792,0.19416478410397378,0.6241888078260933,0.6254483817855824,0.6037568041188252,0.5835875050309751,0.20129853742884032,0.191982447042195,0.19678553169192478,0.1353228563945184,0.5035864370330256,0.48892240755966154
2019-05-07,0.19709326974402552,0.19741487318663858,0.19366138928469778,0.19485395078279605,0.22530543655993243,0.20289206750835057,0.19476717994045392,0.4812240199045999,0.6119597237443674,0.6006650855112874,0.5517179816786301,0.20125002416678686,0.1933352754280004,0.1974203302339552,0.1480172193008872,0.49479494075417496,0.43814011458480656
2019-05-08,0.19484977717584134,0.19563741794573414,0.19483361578864078,0.19483207345266496,0.16596961173676,0.2030040676847845,0.1953496507339387,0.48072663824781864,0.6001300659289348,0.5954842971921465,0.5301435325749394,0.20092121288115436,0.1951384480847704,0.19812781248272557,0.1443982024167932,0.4878581976320806,0.5087422268855493
2019-05-09,0.19232016692398773,0.19436452413085364,0.19222382995359455,0.19481001840254897,0.15673038029838535,0.2021864912257366,0.1960187246490693,0.48018731701622047,0.589734744097483,0.5889605246878389,0.5162741323395115,0.2006415981523881,0.19667464594678694,0.1987308154634618,0.14503940738463636,0.48121025969180353,0.5087399788266473
2019-05-10,0.1936839466686761,0.1990607632923031,0.19277676397936888,0.1983903652167014,0.18546086054788832,0.2015682728696985,0.19680045889460038,0.5495909615704015,0.585880927547565,0.5828594968360284,0.520639943082206,0.2004848076503752,0.1984254538700588,0.19950302357021124,0.15824027369108506,0.4887562714196566,0.5538711404127779
2019-05-13,0.1919243073783592,0.1938379181263663,0.19105174534841007,0.19008757187795922,0.20911960244442954,0.2001302362025074,0.19721508730704637,0.3669654674725827,0.5697155810305926,0.5742789668374348,0.4950333811895399,0.20009539576396576,0.1994026425003246,0.19977557139123966,0.17036469659097986,0.4804707212030699,0.4063318731203219
2019-05-14,0.19139640067085573,0.19456207594884967,0.19251138842252635,0.19311876393902266,0.14135118293709484,0.1988153926613069,0.19765270963581602,0.4256514826504056,0.560761400584144,0.5653652301026002,0.4915922553467238,0.19960212642568329,0.20078933655922507,0.20019347376235078,0.17121866819312764,0.48663792739420153,0.5476531836188464
2019-05-15,0.1932659354259621,0.1974127631062964,0.19352403359176834,0.19697685154544936,0.13710638390911947,0.19850325145533967,0.1982119167696154,0.4933177903280031,0.5587754314176797,0.5577797187257687,0.5053092367501266,0.1989438625135986,0.20282730033554533,0.20084263888136125,0.17528739498723697,0.4926724472289812,0.5576490731646281
2019-05-16,0.19876315229125407,0.20329373599330086,0.19965066073862248,0.20339234750541207,0.1791912705192617,0.19921940993232887,0.1989351935979857,0.5878267375640938,0.5660335658383047,0.553372454091567,0.5381319435305568,0.1990524624919298,0.20448752723932714,0.20170992495046178,0.18140847336498617,0.5000224805250553,0.5887632722343776
2019-05-17,0.2022072110496474,0.20567257369340475,0.2028915733100523,0.20149639516337192,0.14528831993103375,0.19913968916401595,0.1996390675072933,0.5474036802076421,0.5682250556452583,0.5503482011811245,0.5524147201551599,0.19911957991555831,0.20561923887738429,0.20229749277344114,0.18160310400970728,0.4937322050534365,0.4859807924451379
2019-05-20,0.19825533274348273,0.1993510044628773,0.19809677471885967,0.19741773928378697,0.12917432568134649,0.198812032601644,0.20016000952989035,0.4659031029027349,0.5632111364698635,0.5467812802736375,0.5468104250866843,0.19885271780025457,0.20658730096939595,0.2026299050071428,0.18024427328451553,0.4879456300324584,0.45912858907089854
2019-05-21,0.20026443962485485,0.1992189212516723,0.19991707529798974,0.19891696730371694,0.06347520665674444,0.1992263656545438,0.20073019614866652,0.49002723273927645,0.5608143756247188,0.5433792050684001,0.548512836065788,0.19888421139923182,0.20700243513027686,0.20284904400323525,0.1722882712093044,0.491678544406262,0.527622701196154
2019-05-22,0.19847616195565526,0.20078276653690996,0.1997838511540157,0.2006145130547058,0.06428106254285015,0.19981603981441623,0.20140943039709344,0.5172745963643077,0.5607871415246621,0.540651311928626,0.5554753163397456,0.19894326380470165,0.20766780869806742,0.20320477849477056,0.16764506539013443,0.4954366486843621,0.5299710613737413
2019-05-23,0.19754889996445202,0.196487656690646,0.19583261147019487,0.19732959017131702,0.12836925066334748,0.20007297745116429,0.20190430466924122,0.4495946465241299,0.555287280409364,0.5372102629634419,0.5481103423645586,0.19852325949535873,0.20753709005687174,0.20292054611506619,0.1714335095678832,0.48967523915885836,0.46871116761256715
2019-05-24,0.1991164039494877,0.19897660702878417,0.19856297248139232,0.19746186715601743,0.05433983067655975,0.19997829227474082,0.2023930641384207,0.451993736405838,0.5505892582979541,0.5333822034956669,0.5441135688991431,0.19777550188463391,0.20760065550214876,0.20255911865148138,0.16504383216807808,0.49312259472416986,0.5106584315170136
2019-05-27,0.1991164039494877,0.19897660702878417,0.19856297248139232,0.19746186715601743,0.05433983067655975,0.19997829227474082,0.2023930641384207,0.451993736405838,0.5505892582979541,0.5333822034956669,0.5441135688991431,0.19777550188463391,0.20760065550214876,0.20255911865148138,0.16504383216807808,0.49312259472416986,0.5090162641843036
2019-05-28,0.19927095156837182,0.20025413416911125,0.19874056773222387,0.19728551561508206,0.12465700368413574,0.20071231488770494,0.20282815460018708,0.4481280717330625,0.5461189918357487,0.5292966612843756,0.5414544674272196,0.1969910733737135,0.20771288932761875,0.20220219797096675,0.16245768339271088,0.48747722473841926,0.5068279689177677
2019-05-29,0.19573856229820258,0.19450529866235444,0.19427875765477975,0.19459583027684574,0.12180449249039144,0.2008629412516231,0.20316173102334426,0.3895642677297568,0.5381808983270118,0.5242114631309316,0.5311307208689399,0.1956174687542617,0.2079806537452439,0.2016119637495227,0.16119436156925132,0.48192102017940774,0.4756195752282102
2019-05-30,0.19547366452209686,0.19532029015387375,0.19592142107886124,0.19633752167206348,0.07547168337984705,0.2007977444952511,0.203577539485486,0.4271025397215073,0.5341350355932994,0.519217341804799,0.5320712985645702,0.19535151552157695,0.20787468213060475,0.20142066114484666,0.15238979968918204,0.48602892728548464,0.5308532829286188
2019-05-31,0.1931997336317829,0.1928093369366508,0.19268054414154717,0.19181801359813794,0.152131067149972,0.19961743201599122,0.20375901227764384,0.33400437426855817,0.5239742813660476,0.5128965875823583,0.5183707629904317,0.19555694673827947,0.2071716226334772,0.2011853445892193,0.15378683494031845,0.47952475730674426,0.4527075174926843
2019-06-03,0.19236076974609473,0.1922586665062163,0.18311320782105028,0.18335214440132636,0.240656522669382,0.19776714103831314,0.20352246843269092,0.20075760423492967,0.5033331998575962,0.5031159302865476,0.48263930685685935,0.1964770782431188,0.20417732139127384,0.20020686823403258,0.17483216124674086,0.47025340799633986,0.40179136187406994
2019-06-04,0.1866869037109889,0.18985779912840373,0.18675366335581817,0.19067157752007113,0.17349405681284,0.19707918966412521,0.2035114238372475,0.34805667099320975,0.4979370523687225,0.49405640658044536,0.4900866695952666,0.19605092415677908,0.20358060917790674,0.19969197584846646,0.18152127901866036,0.4774253545271555,0.6046914401378851
2019-06-05,0.19478924058774266,0.19556256152756296,0.1946561202250066,0.19655796554123234,0.13869466963813012,0.1968386264281616,0.2035770086801579,0.44344069909474965,0.5024383712612391,0.4878389891164402,0.5194379526696573,0.19613390726478727,0.203671879066839,0.19978007358023955,0.18284576686073656,0.48350952190586816,0.5838853999073692
2019-06-06,0.1980788067660751,0.2001880881348196,0.197741678356121,0.2009452499464529,0.11162119151102665,0.1968723538878848,0.20382863086898836,0.5052284751873846,0.5124375788608541,0.4851535396811408,0.5559136451982196,0.19670126580853534,0.20370933529869642,0.20009612541040409,0.18179967499081098,0.48874741101727326,0.5636341939139107
2019-06-07,0.20415006477544928,0.20961528124869777,0.20364633989354525,0.20883788333223258,0.20865654765716143,0.1980459317491796,0.20403835168207882,0.5990345284608092,0.5317868020574403,0.4874335708454674,0.6071936517374841,0.19891563250914193,0.2028140738558328,0.2008213674165579,0.19461846691081303,0.49701848680241845,0.6057430377016901
2019-06-10,0.21123673126662068,0.21364594988667535,0.21194827618799772,0.21148336971024456,0.1508059339729164,0.19947579843311267,0.20428366497674041,0.62664144186123,0.550522275751746,0.49354551973441496,0.6467670146847248,0.20132367671613874,0.20161151029653954,0.20149827704557668,0.19480636082070232,0.5034812350102373,0.5405542353928157
2019-06-11,0.21450431276959708,0.2139984992808891,0.21035014172240452,0.210381168136399,0.13078916092598464,0.2008112499777797,0.2044997151472893,0.6055928276105795,0.5630503878776307,0.501302345134281,0.663754147459451,0.20304395108223103,0.20191130318244002,0.20254745798197157,0.19685557378556892,0.49764418254537834,0.49599535756974866
2019-06-12,0.20902910213408749,0.20899853268134244,0.20908485049609238,0.20903630769528236,0.07752458563233919,0.2022838423394653,0.2046052275886506,0.5792732486568724,0.5702154514414036,0.5091476491118951,0.6646678922530278,0.20435191582751452,0.20219092055383978,0.2033703965706091,0.18824847174734827,0.49347210464628277,0.49306856843203134
2019-06-13,0.21030954938876395,0.2112671834213986,0.21097161941653397,0.21086613043097163,0.07837026579188616,0.20376542204520084,0.20498305060454672,0.6018546658958115,0.5777671250084706,0.5171522180644303,0.6663126693882043,0.20587963484452068,0.20201936964905406,0.2040884736645545,0.18105924861034678,0.4976706172995964,0.5308154298969588
2019-06-14,0.21092772008055477,0.2130072431079323,0.21114921729966196,0.21115272167848986,0.08321867586633414,0.2057371119422535,0.2054988631625708,0.6054922805138028,0.5832654859457097,0.5248142643391882,0.6627753350247201,0.20699720191205576,0.20163964330974563,0.20448968577787316,0.1786679699048032,0.5020206843286624,0.5124090860656826
2019-06-17,0.2117446227331652,0.2128751128803837,0.21312485621770783,0.21203462155915442,0.057419574489351304,0.208662056565131,0.20583928548622185,0.6172167611393451,0.5879681888173545,0.532020192924251,0.6580648709234201,0.2083362739515899,0.2013159781054906,0.2050345131262181,0.17062360027705487,0.505564308287913,0.5194464241672263
2019-06-18,0.21518856195595126,0.2162009713623449,0.21543335540974562,0.2171272410401225,0.14656894362600792,0.21135991806195473,0.20641487875412903,0.6803337957085509,0.5981880523073473,0.5401239210891766,0.6673367162972175,0.2106809414133979,0.20088245276242814,0.20605349631900685,0.17058405035581184,0.5118946142275996,0.5690649152424909
2019-06-19,0.21697691643165018,0.2177208483842238,0.21596618663271466,0.21829580325629927,0.12946715122135583,0.2135766712101506,0.2072328106985213,0.693742282278242,0.6068415717446536,0.5485874050974731,0.67105202272737,0.21295933249887047,0.20048517071039992,0.207055384056993,0.1687401815922043,0.5176903425568251,0.5225596550195587
2019-06-20,0.22238583079730306,0.22153138516008508,0.22020599852695366,0.2210736377070055,0.20207382951775152,0.21562929794888933,0.20814843004638242,0.7248961192310148,0.6165365846828741,0.5575770568454733,0.6764859146923877,0.21551630470086017,0.1999027496748014,0.208113122827744,0.16602389647449362,0.5257556519725721,0.5410850212026285
2019-06-21,0.2204650210155446,0.22168545126438927,0.22184856116584656,0.22111764117524657,0.23085116185365598,0.21688154723947614,0.20906635430476314,0.7253917101828571,0.6229155268966865,0.566228704989699,0.672995250160709,0.21776327378951246,0.2000063256672898,0.20934296742056388,0.15881560013857965,0.5347204997052146,0.5095195891937977
2019-06-24,0.22139244675927078,0.2231613841008599,0.22304742223030727,0.2229035848466841,0.10513842448927324,0.21804614319371077,0.20992166833840994,0.7460083788793048,0.6291861749609539,0.5745851653382913,0.6699467573136061,0.2200485034691594,0.2002439308203817,0.21065830674486366,0.1531938524929791,0.5397557467764367,0.5294414524953731
2019-06-25,0.2219442285024968,0.22137712231016904,0.21356873185587832,0.21331321021793226,0.2042977418856091,0.21834514319546242,0.210732056150066,0.5107261149396076,0.6185655122857598,0.5788396187779036,0.6275841024011194,0.2206412618304223,0.20130431821186875,0.211486940143179,0.17220678263839345,0.5316209210356546,0.39997951330367537
2019-06-26,0.21554187586452545,0.21730234789495118,0.21550001631105986,0.21441557173976417,0.12879013857285423,0.21889370283887696,0.2114751433029903,0.5275693681063771,0.6105613786080571,0.5804113027569752,0.5998783380305527,0.22107046059561905,0.2029422820232408,0.21251162273971588,0.17151914423910283,0.5373954869162124,0.5219580528717458
2019-06-27,0.21507828264406736,0.21503370336162692,0.21530025297838334,0.21490064066632764,0.07334694126153929,0.21930512891459256,0.21210053925679076,0.5352506841332303,0.603790385936446,0.5801189959434194,0.5806283463898128,0.22148596738833257,0.20446185555213517,0.21347133783017022,0.1634498916051475,0.5414369776176472,0.5146897408627467
2019-06-28,0.21602759094613144,0.21479138305824597,0.21452331296520216,0.21448175466211056,0.17865090978943113,0.21964461274199162,0.21248747029682216,0.5253802599893957,0.5967329390012789,0.5782699366855608,0.5645512972659312,0.2212034153050105,0.20716647008088965,0.21464305548774518,0.15756356683233635,0.534103835226392,0.504124913591131
2019-07-01,0.2205755520451348,0.21941690090115157,0.21854118989708582,0.21827376597818177,0.12063631380278084,0.22028086015602674,0.21307286548040918,0.5877238465684342,0.5957258817664032,0.5765602075250125,0.565990200944605,0.2189818011515227,0.2132547447762372,0.21644850678182984,0.16080028472929334,0.5396235241877024,0.5533585533674708
2019-07-02,0.21944956015068712,0.21917458223335762,0.219362474182844,0.22025793852068581,0.06304182485753063,0.22060011838157131,0.213869804570153,0.6177613423426311,0.5968112339730384,0.5754408250539568,0.5720868881615274,0.21752462279973991,0.2179558143510754,0.21797812457573038,0.153831295192317,0.5433428916653001,0.5319242653735536
2019-07-03,0.2209508651063274,0.22170764132617865,0.221471308052816,0.22219807205095182,0.05048156136139669,0.2209980589103874,0.2146821277129178,0.6461753404117194,0.5994587865286466,0.5751512553996802,0.5806566138541427,0.21681218039126368,0.22143800060387767,0.21930372062162315,0.14869902259265172,0.546669643241146,0.5312682166367781
2019-07-04,0.2209508651063274,0.22170764132617865,0.221471308052816,0.22219807205095182,0.05048156136139669,0.2209980589103874,0.2146821277129178,0.6461753404117194,0.5994587865286466,0.5751512553996802,0.5806566138541427,0.21681218039126368,0.22143800060387767,0.21930372062162315,0.14869902259265172,0.546669643241146,0.5090162641843036
2019-07-05,0.21905218050192676,0.2208045230022498,0.22020600273054197,0.22131615439828878,0.08571276859910701,0.22102278996441124,0.21540444834757785,0.6213250007589806,0.5991487671751424,0.5748486466043021,0.5805219547355478,0.21620220287997774,0.22425183394352735,0.2203568983992731,0.14587474380010942,0.5422416144346353,0.49896605172675185
2019-07-08,0.22006775177740961,0.2202979675378161,0.21942909627127682,0.22109574607311694,0.07508203019460796,0.22102055717395555,0.21623369587097477,0.6148465919910855,0.5974982006602834,0.5742288000398466,0.5772457452032764,0.21653646279328706,0.22519086095553384,0.2209906311169688,0.14318517708549347,0.5381458873307328,0.5064971903426256
2019-07-09,0.21918463665846277,0.22001157886752198,0.22038358850483297,0.2199933845512851,0.09986209869235829,0.22072378452566985,0.21701986444933472,0.5813845321347051,0.5935187704960494,0.5728221641804786,0.5691203363171434,0.21681180849616885,0.22579623216859082,0.221430599727064,0.13693885740987707,0.5332755706697151,0.4964080421432333
2019-07-10,0.22167934642321502,0.22355775550095502,0.22309171151649004,0.22305781024950955,0.13305914451213705,0.22171750676617288,0.21791911006508177,0.6359476873560423,0.5938895869595342,0.5717817229921226,0.572902138450364,0.21734793244584685,0.2265625447071933,0.22208598337977878,0.13749811936620218,0.5391835795801068,0.5441939555063305
2019-07-11,0.22404161503791642,0.22496744583779732,0.2249785376494831,0.22427035816192886,0.11840615449006972,0.22272246545215066,0.21895451220829557,0.6562051432705835,0.5949403065829055,0.5711898446576213,0.5775345814974024,0.21771995714540268,0.22777622871518086,0.22287358529765153,0.13299690478859222,0.5446335569458062,0.5227952035933445
2019-07-12,0.22547669553497174,0.22476925699707884,0.22528934609651569,0.2253727196837607,0.09192613612405184,0.2237903736054054,0.21996760688553427,0.6745834123785979,0.5963496514092397,0.571038893933131,0.5820881730926262,0.21831317201939496,0.2286749944859043,0.22362357739872177,0.12714368890551925,0.5492558067489124,0.5214933056689287
2019-07-15,0.2267792460450327,0.22567230293463086,0.22628828184768346,0.2253727196837607,0.07408095728182937,0.22490099837476327,0.22113839601250898,0.6745834123785979,0.5964022930242523,0.5709301812604054,0.5825243781139224,0.21869088701349745,0.2297751408107402,0.2243587527039119,0.12144063067230354,0.5533202417430203,0.5090162641843036
2019-07-16,0.22571953111288307,0.22459302824365562,0.22198185474480303,0.2213602644985207,0.12151557129091556,0.22521574933580848,0.22246457343850082,0.5381922812128808,0.5894889137512191,0.569260969589627,0.5664086372064473,0.21839459003528225,0.23108163111493216,0.22484088936746852,0.1258516716927158,0.5477730684481462,0.4637649122986308
2019-07-17,0.2229376948761186,0.22212599908131986,0.22131582981189457,0.21957442745907407,0.10187595753951584,0.22514604712726713,0.22347305023340466,0.4848974820925362,0.5804720522238085,0.5658619419118506,0.5485443087953635,0.2183973802657763,0.23133786110776974,0.22496740914769234,0.12445830466471375,0.5428398014352095,0.48860869220258313
2019-07-18,0.21819122189899315,0.21924070643182508,0.21787526251126388,0.21990523543881513,0.18129649093490216,0.22491223119557816,0.22428768200728708,0.492895344806295,0.573023586289912,0.5614380147781467,0.5379598649036681,0.21842781021118565,0.23147562524143958,0.22505061695092302,0.12477112463372159,0.5502556409153757,0.5128190287055272
2019-07-19,0.22850119236096733,0.22816118911957517,0.2218263922493981,0.2203460520891588,0.3266207307988437,0.224813303354823,0.22496461382559316,0.5040483317883262,0.567050630137247,0.5565318629703495,0.532979786149003,0.21838131419114518,0.23144855187998112,0.2250130007024219,0.14045805723821644,0.5622141086213082,0.5140780468809676
2019-07-22,0.2222976074684614,0.22490145226768227,0.22377994398631734,0.22433657662827222,0.13985660138088718,0.22514379258885256,0.2255053934571303,0.5960328379548745,0.5675235257321226,0.5527151715258583,0.5442309698831225,0.2187624834724198,0.2313796409348379,0.22517941998413962,0.14377890109849817,0.568334596327146,0.5547713547471766
2019-07-23,0.22748573505950814,0.2266635398878088,0.22533378535643883,0.22623256451430934,0.0848811440654805,0.22578004362754747,0.226020021624761,0.6338235796266178,0.5699600564696273,0.5502194588491219,0.557873113576887,0.21929714433310396,0.23115732882719878,0.22535152856265075,0.14277868642737096,0.5727366297382345,0.5304712825322014
2019-07-24,0.22558707205355943,0.2283154831963154,0.2271540185606325,0.22938521041299775,0.10599347506610049,0.2264252910719419,0.2266831097176573,0.6902428166167804,0.5757558736301542,0.5495493576116596,0.5767267501314586,0.22027310978336698,0.2318103253270564,0.22618245256447153,0.14138126865041759,0.5777986044695385,0.5444713726857116
2019-07-25,0.22896491344138098,0.22802915511699734,0.2281973483198808,0.22821677260081036,0.08739788197334741,0.22682773342826748,0.2273523535401009,0.6476678240742799,0.5777610797761925,0.5494722013125508,0.5828502702431847,0.22083341182400298,0.23266976232243117,0.22689597601582848,0.13680338125520525,0.5733179014251677,0.49600937804565415
2019-07-26,0.22883226558559322,0.23038574327623718,0.23037254959926345,0.23075191264024858,0.09271325117559695,0.22737628582236244,0.2280462072586403,0.6925318822276358,0.5822216889956046,0.5504313606901181,0.5935526128685278,0.22179001303476506,0.2333202005375963,0.22771548834675562,0.1331544313656707,0.5779647553208425,0.5373437770544288
2019-07-29,0.231327072258889,0.23001136930077093,0.2283081873573461,0.23006854375462465,0.07372488142517802,0.22785515050655533,0.22870621717671305,0.6667634310046151,0.5838206627129578,0.5515646398527438,0.5953508000806736,0.22219151754854663,0.23453954884623932,0.22852132688652024,0.13411801734944762,0.5739114507495632,0.501442462563761
2019-07-30,0.22832467453135696,0.22937273773312372,0.22926282851270863,0.228569511226678,0.07560365008987793,0.22859032576134555,0.22928315172023325,0.610660943556067,0.5819595196039966,0.5520453097078782,0.5886111081446593,0.22258671034260394,0.23520520416879317,0.22905361793553566,0.1301929149845885,0.5697994185525695,0.4923659181834795
2019-07-31,0.2287440243573124,0.22776471577010682,0.2187852633677298,0.21957442745907407,0.24546042326174858,0.22859032576134555,0.22936853882640187,0.3579930131955404,0.5663816868673218,0.5488646001497206,0.5507989454568257,0.22262936318886292,0.2350869328244771,0.22901828034595692,0.15325824434303548,0.5603779061692663,0.40862028291886626
2019-08-01,0.22139237020980768,0.2287559633900611,0.222891943222632,0.2235208063539586,0.26075528686751637,0.22895902978396845,0.22955084937323064,0.4467586211298092,0.5592720775892429,0.5446928804786846,0.5405644869690195,0.22265107599210068,0.23520370108288316,0.22908666584042311,0.16972251170224711,0.5702775141489398,0.5543814021731748
2019-08-02,0.22379875563330298,0.2229850993240055,0.2191848587686867,0.22096338022842416,0.18449648843612423,0.2290219828759054,0.22954700227480093,0.38965247287032995,0.549310788605571,0.5390756985102412,0.5256367645509926,0.22266182629097556,0.23515477130873388,0.22906842738090308,0.17423288919298105,0.5627616473162476,0.47999884043231794
2019-08-05,0.21322377769567052,0.21331561112654518,0.2092401942006426,0.21062363151168684,0.2778726966343023,0.22762358186396123,0.2291808458143297,0.21358876064621407,0.5257806988610116,0.5291967015570724,0.4816237237383258,0.22411750888876766,0.2324800825434203,0.22852701802094175,0.19890532351525717,0.552326973549673,0.39070387852092414
2019-08-06,0.21432755798653375,0.21717010034996925,0.21463423510607715,0.21609106244063703,0.19937280673670535,0.2265893848594603,0.22894314362317006,0.3265953655351113,0.5151409045269139,0.5188584105577608,0.4768804564518875,0.22436192430263133,0.231803875846419,0.22832526758134372,0.20407542179190732,0.5603078528501474,0.5737965129510068
2019-08-07,0.21430554668570567,0.21710411318890077,0.21157099226404663,0.21739188386951563,0.20497787800653747,0.22536634489011806,0.22908545650028386,0.35134717289599476,0.5085923518706996,0.5090890328490768,0.4827557945341377,0.22442045536754832,0.23114074244766605,0.2280323386263571,0.21121950920175933,0.5684639386748851,0.5241451197619917
2019-08-08,0.22050930818638254,0.22446088955034987,0.22067216137560403,0.22535068240564327,0.15876610345253026,0.22507407044468206,0.22946700383487253,0.4837724535466282,0.5151179573836424,0.5027670237569567,0.5183578035751089,0.2245090340256651,0.23115992758289425,0.22808819149675005,0.21711710494892808,0.5751755104140971,0.6011752203947952
2019-08-09,0.22494682811304828,0.22531990938501978,0.22184868688858184,0.22274921726787084,0.12729868048907333,0.22425798190849452,0.22974085597721786,0.4383549919678224,0.516277926756821,0.4979748947170304,0.5341573334507652,0.2243300862654514,0.23107445255591005,0.22795255616202256,0.21730486485888037,0.5694475653835454,0.47967555353250774
2019-08-12,0.22154692540427978,0.22197190876587725,0.21914051315007865,0.21851624712546808,0.1040100700751039,0.22307991671832958,0.22988162728652115,0.36963717972262394,0.5108208241211518,0.4928922430191074,0.5311570188783964,0.22411224079822675,0.23058240785093012,0.2275980758517088,0.2154709179492791,0.5644475890601027,0.4608654874611733
2019-08-13,0.21929505477359285,0.22404239053877079,0.21860776927947884,0.22471135253225738,0.14047895326192036,0.2226864743923632,0.230106247234681,0.4651993318304683,0.5155816977451568,0.489915726567697,0.5529077088764348,0.22429504466390557,0.23074080934305277,0.22777132743493742,0.22166723211390696,0.5705875305970686,0.5804830995944879
2019-08-14,0.2209818557841159,0.22090566341557394,0.21664344411285347,0.21550940270232471,0.1980500161639698,0.22227193654618307,0.22994056156033768,0.33311604920749,0.5056441891868233,0.4852601497197859,0.5355675488687891,0.2244929327822429,0.23009740097645578,0.2275611652524223,0.2320059429140561,0.5626479998410497,0.4050146208064118
2019-08-15,0.2166182541118663,0.21573449812935774,0.21348094353831065,0.21484590291100358,0.16327874024110087,0.22138729844328028,0.2296840300423215,0.32462389598564795,0.4968644925648977,0.4795263090232492,0.5244319948978935,0.2247135563004565,0.2293242169194111,0.2272995972596691,0.22723257550920808,0.5557953695195421,0.5012844621718062
2019-08-16,0.21770361372054714,0.21988917040400568,0.2189820623989872,0.22026526058406032,0.13496992876921132,0.22131610649954855,0.22964736230790103,0.40700017535351024,0.4980400858356045,0.47520829048792357,0.5390536147448834,0.2247125485092024,0.2293167424091074,0.22729542033085412,0.2258225616837992,0.5617631068173499,0.5723100603053488
2019-08-19,0.22428233470307574,0.22450788978334452,0.22381499458063958,0.2253085272252443,0.1342405979575614,0.2228136238345589,0.22979435445721832,0.4747647254568134,0.506448766116564,0.4736783416334551,0.5678468460540645,0.2248018323909072,0.22932368915603732,0.22734567027297745,0.2220951318526367,0.5677080462754164,0.5668575410458042
2019-08-20,0.2250798290781545,0.22486155463895707,0.22459458908664903,0.2227647855385409,0.10937072962754155,0.22349418815201225,0.22989105404189317,0.4363576665466095,0.5092677866020356,0.47309956215267707,0.5776698572861414,0.22449873452146288,0.22928228551411947,0.22716638575648893,0.21225345066027115,0.5625405033889941,0.48032263911947337
2019-08-21,0.22583289432395226,0.22658525796444245,0.2262871871291482,0.22614907166544163,0.06095300267213067,0.22438721734242276,0.22999891418065208,0.4816761734547265,0.5163956767574917,0.47426787447461344,0.5957125980179532,0.22401198258346708,0.22946291309636027,0.22699907706274017,0.2082192187463194,0.5661945772677615,0.5475111376326065
2019-08-22,0.2260766033777385,0.22594440349056583,0.22247872840278704,0.22391502482428288,0.09005361440420545,0.22424081370720714,0.22998651590760197,0.44626172773499645,0.5185534471928591,0.4756963658915238,0.598399545519601,0.22347273919675145,0.2295871077157993,0.22677667627665796,0.209040505057674,0.5616308598197935,0.4838850197084345
2019-08-23,0.22282051634651073,0.2240660488834652,0.2147059393370797,0.2142044759417968,0.24475608022951276,0.22336944910860387,0.22959683410537932,0.31385631315326573,0.5057944353430739,0.47391904750413694,0.5652921867393894,0.2223356953856064,0.22905696486293495,0.2259211721605259,0.22753479390887307,0.5522313641939277,0.3989796020991048
2019-08-26,0.2179472213855148,0.21790014457272688,0.21715569905992255,0.21876103863255697,0.10266931953591449,0.22339441214085684,0.22936613966073063,0.37949054459209813,0.5024813609564236,0.47173894076029194,0.5611324706477251,0.22093625610428216,0.2293640566609282,0.22533657302584434,0.2220057335249144,0.557189430570009,0.5623489886384715
2019-08-27,0.22104831937217,0.2204636946132026,0.21884838673657636,0.21940253668975768,0.12445163537207585,0.22285303657322633,0.22929783071991536,0.38856574395443017,0.5008474940565073,0.46962091782097204,0.5617736287064774,0.21972157940163042,0.22969920927236634,0.2248626395344084,0.21613316839968025,0.5628283810355755,0.5164105498229894
2019-08-28,0.21770350478921374,0.21834207042349224,0.21637614703464592,0.21900430174777646,0.07987343689726745,0.22320943487572456,0.22927793792210358,0.3828718820420883,0.4990183776409462,0.4675078758346251,0.5618250685008536,0.2197031841337703,0.22965859731777552,0.2248331639786703,0.21168750879715112,0.558582881399926,0.5044357801433044
2019-08-29,0.22295327191095765,0.22426479150423656,0.22385954517507184,0.22466702916804365,0.10154565033038532,0.22421096100884277,0.2294440861908099,0.46499923362297785,0.505973042802897,0.4674091327387154,0.5826273369220488,0.21986764730608663,0.229603160193711,0.22489242381167787,0.21205970207986294,0.5635058234811599,0.574235253514476
2019-08-30,0.22716198057561016,0.22590020563056246,0.22243421949618403,0.22409199838516508,0.13099531010615123,0.22460119913551904,0.22957478956166963,0.4556951689478887,0.5105543489369707,0.468378646170002,0.5936595422848812,0.22019230727678882,0.22958544958334257,0.22505417368023298,0.2126065663367541,0.5576623270872948,0.5025162480332258
2019-09-02,0.22716198057561016,0.22590020563056246,0.22243421949618403,0.22409199838516508,0.13099531010615123,0.22460119913551904,0.22957478956166963,0.4556951689478887,0.5105543489369707,0.468378646170002,0.5936595422848812,0.22019230727678882,0.22958544958334257,0.22505417368023298,0.2126065663367541,0.5576623270872948,0.5090162641843036
2019-09-03,0.22153571218792606,0.22152453319908194,0.22116472075751914,0.22006617865706668,0.09139905015203503,0.2240666016817717,0.22942578704918196,0.3918285116877284,0.5081477330354565,0.468603462942648,0.5859688366706577,0.21948861718810822,0.23134241632711391,0.22554235430281835,0.20807702169481881,0.5530565532390336,0.4634235089193371
2019-09-04,0.22306414837810973,0.22260744673378013,0.22290195225441234,0.22358329270062077,0.08457894810819086,0.2241500703483494,0.22933334878952463,0.44519594581946526,0.5113896227779251,0.46952527660799803,0.5931669325042023,0.21965137431938894,0.2319610464454798,0.22592970334927368,0.20044574640812637,0.5574491404360109,0.5493807679362831
2019-09-05,0.2270733883372354,0.22855216628940828,0.22797989421262738,0.22893625418734936,0.1478753359685029,0.22443429804896167,0.2293176838313475,0.5183133811999452,0.5217206379348299,0.47262715174002007,0.6156810807369748,0.22076226837122562,0.2319893347304022,0.22652654843803496,0.2007474704590456,0.5638202823348912,0.5697403134510197
2019-09-06,0.22911116986490665,0.22811006350540092,0.2267325882167608,0.22683478645486516,0.10666658337406865,0.22473204573074182,0.2292694636398437,0.48235885849187116,0.5265223249221098,0.4762075975678035,0.6206234237621383,0.22099756765600712,0.23189351530474653,0.22660327676436218,0.19585601611319853,0.5587372671990296,0.48558911735193494
2019-09-09,0.22813661274831792,0.22715988460019199,0.22285738333327682,0.22333992295341037,0.14531486944666125,0.225663648551069,0.22901084486629655,0.4248777101475962,0.5248874580049993,0.47869778781526223,0.6093640275835016,0.22104567593822458,0.23190435521703226,0.22663381630680682,0.2001126032533385,0.5524461618274631,0.46978945469273736
2019-09-10,0.22195651706025987,0.22083938935569303,0.2185142956816037,0.22015461212151238,0.16975213684557397,0.2258057605890452,0.22866492845945932,0.37567173764147227,0.5186837018943654,0.4792701075132762,0.5895576035438239,0.22102767973707885,0.232097259569053,0.22671851993936235,0.20218475558296298,0.5453911823716363,0.472853156661875
2019-09-11,0.21998517458657008,0.21946930800825426,0.21980614450470726,0.22024315221794893,0.13713293342474697,0.2258914837940376,0.228374405557252,0.37716082149669244,0.5137869912425009,0.478607269807535,0.5768017628007631,0.22072275730583032,0.23195184333761268,0.22648751354059185,0.19181749403998055,0.5514265321063637,0.5100321047385261
2019-09-12,0.22428239846186088,0.22422064968379968,0.22377050494828327,0.22333992295341037,0.15496718011347577,0.2263336161755077,0.22850579103776233,0.4294183547962241,0.5143953457239001,0.47821623165799526,0.579608718288704,0.22062861899169592,0.23288256267175253,0.2268923522130906,0.18971313960123398,0.5580193549265814,0.5445357674037185
2019-09-13,0.2241273014214255,0.22342504170543553,0.22310235020652486,0.2228975068232033,0.12648970113054087,0.22615316611050382,0.22848404290170068,0.42150000326812415,0.5141035717519653,0.47783662382465136,0.5797267625902585,0.22027266584494096,0.23411824564816755,0.22730862093276463,0.18231871395666932,0.5523166974356141,0.5039934758503938
2019-09-16,0.21980792087695128,0.22041952601428577,0.22107561505353313,0.22070764117027042,0.07470487089907593,0.2258080405000786,0.22847511966727077,0.38185969284631555,0.5105393281145936,0.4767172012743695,0.5720864742513457,0.2202691278762515,0.2341689116058164,0.22733149205288408,0.17659431872790043,0.548232759792734,0.48411831986051873
2019-09-17,0.2223109631173577,0.22223169274660004,0.22279051919900822,0.22305233647397715,0.08316011075833227,0.22611255904642227,0.2289087814193688,0.42541820451268847,0.5111223165723409,0.47595508981388795,0.5757765329785691,0.22003433475484493,0.2341823995724053,0.22721484676759537,0.16812205229562222,0.5525809961601506,0.535868149849627
2019-09-18,0.22319694858238331,0.2247730868976191,0.2230132194776211,0.22555186142845773,0.1313232747109617,0.22631330720647722,0.22923888714460358,0.46979274244035346,0.5151756776106426,0.4762730795602748,0.5869310618987813,0.22032110253268064,0.23416925699676452,0.22735893886713002,0.1666356568424158,0.5584347442592525,0.5374204392901061
2019-09-19,0.22970925477248733,0.2329498583485209,0.23089745796137123,0.23119240939461955,0.22338762448989793,0.2265433824892211,0.22972041439118704,0.5582076160328489,0.5265223657945504,0.4791243491783434,0.613093002476176,0.22142793416837556,0.23351325937129588,0.2276196799272097,0.17674056758426987,0.5671662924712892,0.5725916013934955
2019-09-20,0.23128208817433443,0.2313588410663548,0.22684410407091532,0.22758700406260773,0.24989965844829018,0.2266200911652149,0.22979844401462382,0.4847002777913722,0.5298527370409697,0.48216757558002926,0.6150753977190239,0.22188932303246908,0.23340607472019845,0.22780952161749593,0.18310137219397332,0.5576060159349577,0.46911383655629946
2019-09-23,0.22733914106443154,0.22689465939410036,0.22726716560983817,0.22692329100730474,0.07789003190627086,0.2269855112460313,0.2299440855868328,0.4715154274408169,0.5311919083373358,0.4849086482680476,0.6119549657483703,0.22161410533070428,0.23504933605182468,0.22846708561602644,0.17416433598451792,0.5534225147071695,0.5015848291647809
2019-09-24,0.22984221410799416,0.22923722288431875,0.22379278069042174,0.2230302281078657,0.17654412763757726,0.22727875710030196,0.23010158718556764,0.39696262875168237,0.5262052628746678,0.48596022988093,0.5945070849958962,0.2214814680863947,0.23564420364644276,0.22868780313471113,0.18346295578757016,0.5461552273176506,0.4653325774244465
2019-09-25,0.2235070588137425,0.22762393897583472,0.2218996259099672,0.22740992386973463,0.11101992306887415,0.2280096008865947,0.2301957456017439,0.47263316767990987,0.5284888692117652,0.48732413636419836,0.5977325575507522,0.22174767188687086,0.2362061623086624,0.22910178584495008,0.19290343998310333,0.5513743216361214,0.5587900004649151
2019-09-26,0.22780430175334104,0.2281100830789885,0.22726714512254842,0.22780805217972488,0.08036772640880321,0.22846524599991305,0.23062486946436614,0.4792448690008407,0.5305854779489688,0.4888951052409388,0.5998709529544288,0.22191931390887212,0.23695416734982336,0.2295569406141861,0.186960268688022,0.5556352720560923,0.5134765715929358
2019-09-27,0.2293770774385726,0.2285079805755042,0.22328054651151275,0.22380444744972883,0.1195758949138937,0.22855773282014932,0.2309374505524762,0.4010864587086977,0.5260365659552444,0.4891107863707218,0.5858744901484324,0.2218855282539207,0.2368991256778781,0.22951234505392096,0.19467330461013832,0.5501487302750478,0.46422097077319646
2019-09-30,0.2247253513738876,0.22598855855161193,0.22579719884344468,0.2266799568040913,0.0789957411453461,0.22916676991283655,0.23116127181224508,0.45271087417021455,0.52645233191469,0.4893784862115037,0.5864117029693608,0.22207864172665312,0.23696560233969524,0.22964614276048526,0.1869244351591621,0.5543667943947777,0.5416123922357156
2019-10-01,0.22829162606459963,0.22826480012517253,0.22405999280167388,0.22234447777444527,0.11168053748713522,0.22909458481231124,0.23105785034701284,0.37291093042867013,0.5201454217487012,0.488149205067387,0.5709519316230506,0.22193116534395083,0.23736553225820686,0.2297639310504915,0.1915503718234482,0.5491270502129011,0.46032977574098116
2019-10-02,0.22073826484089226,0.21969025436747563,0.2164430732799109,0.2169914985157182,0.18238892541616367,0.2282216271757124,0.230856409104882,0.2884600443167847,0.5071465490409619,0.4841907724947868,0.5427671667666913,0.2224857390886598,0.2360708990177995,0.22942313463829514,0.19745770633505197,0.541677062790767,0.4480439037945752
2019-10-03,0.21785866993183378,0.22053005901351758,0.21564129725443176,0.22059706379571636,0.13250082381585257,0.2271411487021652,0.23066268872389675,0.35656849109388417,0.5022311867797582,0.4798990642423456,0.5393253289226545,0.22194529395441512,0.2357686996023293,0.22899199766915243,0.2032118944890148,0.5475676193934339,0.5508230538352158
2019-10-04,0.22184573309506872,0.22384489607597097,0.22276821062442936,0.22466702916804365,0.1228555409619983,0.22684337927242607,0.23068892762185841,0.426306860491605,0.5043882252327984,0.4769593716734554,0.5532880001490623,0.22172392166873747,0.23577712314563623,0.22887992440273378,0.19807702686076037,0.5531566782268474,0.5556433602041514
2019-10-07,0.2227096257991828,0.22369019741396517,0.2241045511014274,0.22245505514899933,0.06355641693984038,0.2263877232851281,0.23097680641901988,0.38879042017646054,0.5028207607661048,0.4742488773724916,0.555654999363385,0.22170669726072742,0.235701911465975,0.22883417664961034,0.18786871035755312,0.5494212253355566,0.48401261694027575
2019-10-08,0.2225767544309239,0.22276205141216748,0.22098649455011782,0.21924770703898383,0.1435704100963123,0.22600199423528125,0.23099378722872307,0.33693401031047104,0.49688886748730376,0.4707228697507617,0.5472329488523248,0.2217733011379173,0.2355342200968654,0.22878728956702574,0.18497184050791557,0.5431846492723218,0.4724967336658952
2019-10-09,0.2234183988574973,0.2248393111351013,0.2239931167116469,0.2249324361933715,0.09827537469956102,0.2257493481957725,0.23118673620570332,0.4342456997832071,0.500685739656308,0.4687710408355205,0.563489964209265,0.22181506350644134,0.2359860465723401,0.22902972601297159,0.18825931041753172,0.5480053672070503,0.5744355494504544
2019-10-10,0.2256999653504121,0.2269830024539179,0.22684395442819172,0.22683478645486516,0.08191384526005252,0.22565009776029252,0.23145995708657194,0.4639214942947361,0.5064975690168276,0.4685397112648487,0.581258076654809,0.2220855297163509,0.2360654099412565,0.22921041080212043,0.18056587209225028,0.5523146470945667,0.5305013312300958
2019-10-11,0.22931052061885632,0.2299885342088796,0.22962794168359457,0.22811771148127258,0.14275440292481958,0.22608995023072923,0.23158035812130798,0.4840016677701628,0.5129106383734939,0.4698223849169137,0.5968936417536338,0.22251748801408436,0.23615387717329536,0.22948029589994026,0.17678011894458928,0.5585257159388192,0.5234159841109609
2019-10-14,0.22835814486433287,0.22835325250112193,0.22967258671567908,0.22783026717782723,0.04794374001464909,0.22620725509682513,0.23171079360910488,0.478243778016003,0.5174116072332635,0.4718786452286414,0.6048827030680979,0.22278404806235416,0.23662172998120554,0.22984853636994038,0.16547356596236734,0.5552782930344496,0.5058033478453541
2019-10-15,0.22917772285560845,0.23166818462557104,0.230318466474572,0.23229850303613264,0.09785214418573418,0.22722233383304977,0.23213760325971225,0.5489872471619113,0.5273589881434909,0.47580027661630964,0.6241469493083481,0.223908426640591,0.2363920688450238,0.23032656409692395,0.16484797358663658,0.5600857813876581,0.5590065966900221
2019-10-16,0.23079471400723967,0.22990024655699826,0.22969484977135013,0.22973258189532386,0.10609733052429049,0.22852162758357716,0.23235216395082406,0.4948457169380827,0.5311126233460942,0.47979666341156857,0.6249189708102314,0.2243577880424156,0.2363517089661499,0.23054270775911043,0.16292387142133274,0.555020560283029,0.4807185195677028
2019-10-17,0.23114907740239876,0.2308504507750323,0.22855893886599032,0.2281398909353779,0.1116336854007337,0.22929082027087713,0.232324377284055,0.46214271228784204,0.5314024915713524,0.48306011399974647,0.6173497189044226,0.2238678752753527,0.2365551864652696,0.23038489225245282,0.16355503769847005,0.5497822806304721,0.49130648093692314
2019-10-18,0.2285131575650991,0.22771235720784477,0.22308006767754468,0.22309658875019694,0.19606817290918663,0.22913067192558415,0.23219394427665688,0.3674038021099531,0.5238992962467924,0.4839536437498476,0.5928748360334134,0.22363670433408725,0.23632810786440892,0.23015273733608024,0.17112637869487665,0.5419046994646706,0.4526486663627702
2019-10-21,0.22561139789289053,0.22439742246761468,0.224082283010765,0.2253527795014641,0.10083896469382944,0.22942617231826937,0.232264176766687,0.40961513689489554,0.5211137674742174,0.4840309530812219,0.5844454831097621,0.2235154802766081,0.23629210262507164,0.23007154173568836,0.16505968126055906,0.5468055515620011,0.5346514981209801
2019-10-22,0.22676319643994547,0.22773437984752531,0.22241184078795045,0.2207960390907191,0.1582546348426473,0.22958406612514773,0.23228655740442464,0.3307777596945813,0.5120340746960154,0.4820147622311171,0.562825279215645,0.22359136312278652,0.23597383385540113,0.22995603394223255,0.1746056527267984,0.5401099676011942,0.4576232686318112
2019-10-23,0.2221337698528692,0.22207699726947133,0.2209642590529327,0.22272056880631808,0.17710166746575504,0.2293585071685527,0.23237299930015312,0.3681777223924699,0.5076607283260116,0.4794008966848684,0.5566529134774879,0.22333229464876939,0.23575568135397476,0.22971359382103043,0.1706411633980372,0.5473946828896159,0.5310498767499073
2019-10-24,0.22769359340656214,0.22864053519684335,0.22777944125705524,0.22869291998413593,0.23320469832722437,0.22954799351051416,0.23255977580489454,0.47195447770948623,0.5129790311349411,0.47852698607095334,0.5746219496096229,0.22345796716002062,0.2357142726751917,0.22975934157415387,0.1759599565705503,0.5564330988117444,0.5769592160442627
2019-10-25,0.2275828969908562,0.2302317653420239,0.22895991313997127,0.23044044059485574,0.1467657223888942,0.2297848577811206,0.23282296347290168,0.49925968953953964,0.5196150096596117,0.47934661134935885,0.5921116024015841,0.22415777712812887,0.2356646783981551,0.23010242307697124,0.17257042832017797,0.5627695557745732,0.5285129254162134
2019-10-28,0.23879102619476622,0.24024266528308114,0.2385589309925626,0.2380937740210774,0.21954575340497542,0.2308314964304898,0.23342959955101014,0.6035112402699792,0.5358954107363475,0.483728351433869,0.628898629736745,0.2265142368306526,0.23433971023709974,0.23069251855748893,0.18957212929675876,0.571381012582406,0.59392330116952
2019-10-29,0.2380822575929582,0.2376570696122317,0.23664358623977227,0.23508550783805554,0.10483154332334343,0.23111570600780287,0.23384946036457635,0.5439055386871898,0.5438628260292805,0.4890572186626199,0.6386798956536507,0.22782409090614172,0.23428080777393204,0.23135123107362146,0.18460583425407975,0.566355358178227,0.4764430167003567
2019-10-30,0.2368418345869585,0.23876205857327626,0.2369554063285249,0.23902285855771127,0.08848875471839554,0.2320630978463519,0.23431948972284863,0.5939060237043747,0.5554436927978863,0.4959707859204735,0.6550455678629591,0.2293793831431535,0.23494209658018259,0.23249025456973046,0.18241223252885835,0.5708701603469216,0.5520555001903348
2019-10-31,0.23989860111651184,0.23860732831173675,0.2374008535805135,0.2362799638560203,0.13618808301565016,0.23289319569278447,0.23449700441873358,0.5398306124449874,0.559896736041391,0.5025207925445124,0.6512909682214183,0.23033206584445484,0.23557891295074138,0.23330106205604842,0.1785617197853772,0.5648643452868054,0.47940269997707735
2019-11-01,0.23848099869049139,0.23748031305495315,0.2373563460365749,0.23705421874188037,0.2027438143532929,0.23431654886300204,0.23482733399995373,0.5504678286013289,0.5638884184006194,0.508674360569623,0.6471968279790823,0.23145171387226463,0.23568706744515047,0.23394148098381604,0.1716952077782826,0.5729505974718221,0.5174477784976166
2019-11-04,0.23974357359070247,0.23876205114556015,0.24000667026239875,0.23889013727304886,0.07611511869976093,0.2356970440553833,0.23524488060150525,0.5760512435883709,0.5690348947338995,0.5147750714734156,0.6466509566434793,0.2326605607397174,0.23612809470282106,0.23479117635732413,0.16417725331688282,0.5770786174472209,0.5289604369846662
2019-11-05,0.24005370765862932,0.23880628403375964,0.23944989764264307,0.2386910908900522,0.08656469570350753,0.2375219225429894,0.23579131864264438,0.5715442632610881,0.5720339627295086,0.5203420266587473,0.6411387013473635,0.23324414518513184,0.2375601713237361,0.23579640122805476,0.156054604802715,0.5726239586159163,0.5068663750318305
2019-11-06,0.23872459488516024,0.2377012576791111,0.23786852636482958,0.23780622308564114,0.07348984012506385,0.23906030791758917,0.23615406579506168,0.5505597426352298,0.5723075410279103,0.5248582037389888,0.6302870008887227,0.23397467103117905,0.2381383160937597,0.23646197728537685,0.14992266192093132,0.5685780011000567,0.499452901788941
2019-11-07,0.2375507028067409,0.23849693686026985,0.23913813676268042,0.2382487103038421,0.08294537202899208,0.24003477596507242,0.23651836071628632,0.5579577992217688,0.5723952370601213,0.528491216094942,0.6211662940551953,0.23472920071338918,0.2385360048770576,0.23705207827877914,0.1428181995348836,0.5729195250414254,0.5138118012114875
2019-11-08,0.23786081789626173,0.24094998613773994,0.23911584864268287,0.2420091230066126,0.07471502218446294,0.24121451212341918,0.23715355734556723,0.6181841979043756,0.5772170962552008,0.5325011884462618,0.6250592729198996,0.23606286595900652,0.2385733568416766,0.23777026563041434,0.1437437914161786,0.5770037799989914,0.5497139195803692
2019-11-11,0.2408732377810962,0.2419001593637461,0.24127613673242249,0.2423408195862778,0.05620766718776599,0.24164761185259162,0.23769999538670641,0.6232871144076393,0.5806493335618503,0.5364946907722872,0.6248891820318463,0.23727137679843222,0.23881087999474046,0.23852046262702473,0.14097627844322105,0.5805095214665094,0.5125642910647334
2019-11-12,0.2429554689334919,0.24444167237622727,0.24423835435177388,0.24446439568487338,0.08962101347309834,0.24260403996809818,0.23847180245642166,0.6560244152500647,0.5855896460790069,0.5408201651074428,0.6283175564776824,0.23873115943058906,0.23852982659053287,0.23914944048184814,0.1371975192576352,0.5850597164270933,0.5317080035871979
2019-11-13,0.2439743428216144,0.24419849971564356,0.24472826156696847,0.24499517419153216,0.07617134120344271,0.2432130770607854,0.23944890530789378,0.6641684029311941,0.5893121322414782,0.5451324972861263,0.628181833488476,0.24014445846021001,0.23862679305292364,0.2399385180151359,0.1314721998886313,0.5891894938376756,0.5146509414308329
2019-11-14,0.24459455168249988,0.24629793276443096,0.24633182962353473,0.24665415470581542,0.09811842021011599,0.24427100290086692,0.2403580880210515,0.6897556206406374,0.593697688270039,0.5495860702781448,0.6296404697042669,0.2416261461933822,0.23899466688338436,0.24089570728567997,0.12770060617715867,0.5940053055991836,0.5265991030435351
2019-11-15,0.24882532118491896,0.2497896509140014,0.24916036548290355,0.2508790563609074,0.12744704542934474,0.24568081434195757,0.24127267676324046,0.7481119079216334,0.6023273349423298,0.5551239664698167,0.640838600409498,0.24326519437374147,0.24017510309221476,0.24233206361266876,0.12769103137643298,0.599737888305914,0.5535674033148286
2019-11-18,0.2513506243711596,0.2510272986136703,0.2507417324212865,0.2516975635229873,0.11220684259104532,0.24698687352005874,0.24229300490327452,0.7585166017670719,0.6091728421675998,0.5611209913116929,0.6455801596025039,0.24487584558617506,0.24123378232252043,0.2436940915557115,0.1252641939785648,0.6049940840338136,0.5175374108234855
2019-11-19,0.2531448745730039,0.2527510977457105,0.25345894787046447,0.2518082119855352,0.1309609519094568,0.24832451435926342,0.24342910441381574,0.7599879358028774,0.6135012203200575,0.5669092323287962,0.6434239864617899,0.24531137239463083,0.2440505556201268,0.24529742396575152,0.12005541024752509,0.610836506439511,0.5101653453090098
2019-11-20,0.25301511418976064,0.2528024230024884,0.25070868584357797,0.25123104856283884,0.14471282013640205,0.24969353387862117,0.2443467142816574,0.7376977254309907,0.6147963646496484,0.5718362404074392,0.6345297757544918,0.245291086537982,0.24709248558751631,0.24677141859277948,0.12366864239303216,0.6045642202697009,0.5030244321612076
2019-11-21,0.2509926382416609,0.25049638362670723,0.2507981732437862,0.2509204295733732,0.08910954486321535,0.2509857541054893,0.24518710933704504,0.7251830935186281,0.6140923814312562,0.5756167286324555,0.6226893215604307,0.2457155378869422,0.2489906094679559,0.24792058303990713,0.11974533760297112,0.6000300130875221,0.505785963249784
2019-11-22,0.2524817885858037,0.2516050857090095,0.25151328334540407,0.2511645457445198,0.06822678908596266,0.25191939398464125,0.2459912583257963,0.7293935694774509,0.6126461896829809,0.5783101342400185,0.6114626935204529,0.24604975130318066,0.2508265156347599,0.248992021328615,0.11731530935448009,0.6039114551431511,0.5115573418756421
2019-11-25,0.25232614022268646,0.25393338447990715,0.2539714578530807,0.2548044998415803,0.11913236182929288,0.25319039907752117,0.24693244190316463,0.7873889624631829,0.615630385361562,0.5811478414118979,0.6129529390290802,0.2475926404903905,0.25093752729649177,0.24985596750852887,0.11694582920191884,0.6093841327133037,0.5468777686918009
2019-11-26,0.2553489508844223,0.25630611016617766,0.2571002052700814,0.2565801712978954,0.1363052132316539,0.2544259259999797,0.24777967665804926,0.8120439562518547,0.6193092424543808,0.5842599746236083,0.615787019000744,0.2490147680618924,0.25168516329882096,0.25096724373818724,0.11276154692107612,0.6153936090967188,0.5272858730543106
2019-11-27,0.2575048785045365,0.2564834995462708,0.25754713981439753,0.2572238375389108,0.06262484128855733,0.25567296484206015,0.24873890017537834,0.8208113105703612,0.6218252021617375,0.5873255003092303,0.6153056891083698,0.25055839001802604,0.2519532495069494,0.25190823615410063,0.10746066433882581,0.6190999422633725,0.5156039965620083
2019-11-28,0.2575048785045365,0.2564834995462708,0.25754713981439753,0.2572238375389108,0.06262484128855733,0.25567296484206015,0.24873890017537834,0.8208113105703612,0.6218252021617375,0.5873255003092303,0.6153056891083698,0.25055839001802604,0.2519532495069494,0.25190823615410063,0.10746066433882581,0.6190999422633725,0.5090162641843036
2019-11-29,0.2569935313641382,0.25603985780498856,0.25701062826504817,0.2551373338291483,0.03758162023885194,0.2565380515298369,0.24968089360293186,0.7266312593840929,0.6193852023596322,0.5892194864258891,0.6032068488144494,0.25122467901440326,0.2532343128056025,0.2528831640493041,0.10294333388386279,0.6161764244268455,0.4877021772440915
2019-12-02,0.25634909423400093,0.2549977854077188,0.25039587644499706,0.25107575684010447,0.15815624546120416,0.2565581103973391,0.25065714133694184,0.571214403917977,0.6101847253281338,0.5886289935239565,0.5775488892748186,0.2511862011906968,0.25476099186729406,0.2536080789576449,0.1153944060689211,0.6094839159776096,0.4672687233798007
2019-12-03,0.2467473412618204,0.2496757692568795,0.24666371265562909,0.25054298786961576,0.13197842305247592,0.2564403705720635,0.2515360768277909,0.552797819072423,0.6009834400150684,0.5860507324185056,0.5570206112099252,0.2511217031417634,0.256064736850113,0.2542105324875603,0.1228454036862002,0.6036096888768558,0.5034731089743127
2019-12-04,0.25263731509100495,0.25133892768534977,0.25236243288278404,0.25174160253522526,0.08128993164280596,0.25643357795954114,0.2526158278801912,0.5809099663700388,0.5944333117239677,0.5824890180147283,0.5468641942111272,0.25097832187120406,0.257601363658302,0.2548852452321101,0.11682424502282948,0.6078994661156001,0.5215072103718684
2019-12-05,0.2524372631418063,0.2516493809365495,0.25298814021213906,0.2519191092560619,0.08358880734890595,0.2565037441245408,0.25363462189361097,0.5851555240337052,0.5885328567875551,0.5782892294969335,0.5402746115749939,0.25046840946755444,0.25964467940006397,0.25561488284483025,0.11028976078130734,0.6122611029262907,0.5108594223266385
2019-12-06,0.2545266396643135,0.2550865418467827,0.25475373828515224,0.2559587555989792,0.07214440437723427,0.25701753603086086,0.2545859800665683,0.6727741670138905,0.588890003704483,0.5750111376793424,0.5497932496736357,0.2501747940550356,0.2618364459016451,0.25653049394055316,0.1116356387314324,0.6162650040418568,0.5509399464790238
2019-12-09,0.25470435312606443,0.255840406376435,0.2561838879940001,0.25509304600893157,0.07436128893213165,0.2574181515586319,0.25544615754202427,0.6380999250555448,0.5869297916556517,0.5719400371799608,0.5519309110617701,0.25006676076593815,0.2633386002983038,0.25720693405557626,0.1085718320327349,0.6121918062806535,0.5001396370463822
2019-12-10,0.25519322201554107,0.25513072513946583,0.2558485770780247,0.25458249203654515,0.07271131462269234,0.2573955119333303,0.2560214810665695,0.6172704183883293,0.5836987712335978,0.5687436841575101,0.5506373907119927,0.2496459075830992,0.26508792794933,0.2578398297336437,0.10458118271978661,0.6081701843603207,0.5037677652066543
2019-12-11,0.25574888763694387,0.2550863782812622,0.2548876557264712,0.25584760952047375,0.0912998799024852,0.2573208076942227,0.2567459112803492,0.6462561202230479,0.5821210054075662,0.5658255038567241,0.5535101637900084,0.24950483477586952,0.2664454554609984,0.2584283430163129,0.10363865197184077,0.6127728582881888,0.5220414772648361
2019-12-12,0.25599349952063055,0.2585679420652323,0.25642977327376454,0.2592658046204778,0.1362427437831186,0.2575290407768278,0.25745222714220606,0.7154167689905482,0.5850237652629169,0.5641553043628402,0.5663984356611401,0.24987254798763395,0.26756172075937634,0.25916613602282157,0.10869414726716436,0.6187803819658445,0.5440765889886372
2019-12-13,0.2589939893655004,0.2617832086388723,0.26047464209291904,0.2621289091199,0.1302558280091143,0.25824201861481566,0.2583541472478833,0.7636217196481083,0.5905872688452681,0.5640924448554472,0.5829979174966508,0.2510359329457339,0.26794990824563136,0.2599661823586157,0.1109623479756579,0.6246007632052826,0.5380879048608089
2019-12-16,0.2636837742881153,0.26402290448551796,0.2649219067884558,0.2643484895542946,0.13258906191190872,0.2595955282147585,0.25930649758033264,0.796563465678513,0.5972253501474628,0.5655613922745898,0.5988173467812095,0.25296507426390924,0.26730221105402363,0.26066255338869715,0.10841853729664302,0.6304940780048346,0.5313654989780225
2019-12-17,0.2644394508186781,0.2636016093459108,0.26409501496459825,0.26248410028155816,0.1425951058310545,0.26081324355880975,0.26012973695790664,0.7167366666421564,0.5986220119187449,0.5670561994254668,0.5990844079822032,0.25408295959465366,0.26724270390516813,0.2612202184073903,0.10531499477012421,0.6242879885602686,0.49036419937961645
2019-12-18,0.2618833707377965,0.2630914811440377,0.2634915320363993,0.2617737535022388,0.132471931695905,0.26183628929734193,0.26093513606761753,0.6871038464073256,0.597593873215961,0.5680167385482559,0.5935668619110074,0.2548924245155081,0.2674278905729507,0.2617354378907695,0.10270266213402784,0.6183983350840154,0.5018710925723169
2019-12-19,0.26121661873592755,0.2637346053036612,0.2625306380329331,0.2647479685361695,0.13895079437712496,0.2631445341453209,0.2618751861027664,0.7399420837450243,0.6000978117738204,0.5693582377232594,0.5975011505617831,0.2561530748426659,0.26750408970078277,0.2624342639920769,0.10512929620663408,0.6244905085563417,0.5389950526274762
2019-12-20,0.2686624334818219,0.2697661604375242,0.2682069718172145,0.2685211770778469,0.36164344625206735,0.2644256085432102,0.262931451499795,0.7956512808457192,0.6065158627918846,0.5719003145077163,0.6098998754039053,0.2580712205950755,0.267305846832426,0.263344224381198,0.11250462245505277,0.637543736337467,0.5467212549607408
2019-12-23,0.27037382301821633,0.26894567427736094,0.27039706852640116,0.2685211770778469,0.08241047737590837,0.26579496515593204,0.2638565087648226,0.7956512808457192,0.6103768501538932,0.5748176269429497,0.6137750464451602,0.2596300058479395,0.267468185336987,0.2642415639400939,0.10634593794743963,0.6418685402357707,0.5090162641843036
2019-12-24,0.268951359295343,0.26803654697113144,0.27006184182543225,0.2684546031715339,0.014248500342801097,0.2672095973945974,0.2647676695959671,0.7925640510214653,0.6120925074157907,0.577544133516539,0.6118045371185155,0.26106127357082554,0.2673750180762591,0.264947275634129,0.09887505729440435,0.6396743824092064,0.5083581879376139
2019-12-25,0.268951359295343,0.26803654697113144,0.27006184182543225,0.2684546031715339,0.014248500342801097,0.2672095973945974,0.2647676695959671,0.7925640510214653,0.6120925074157907,0.577544133516539,0.6118045371185155,0.26106127357082554,0.2673750180762591,0.264947275634129,0.09887505729440435,0.6396743824092064,0.5090162641843036
2019-12-26,0.2691291530424,0.270298320334954,0.27068755435912356,0.27131774321495306,0.057441438796338666,0.26878719071458423,0.26570463525529564,0.8335565184839548,0.6164175214562133,0.5807151899861662,0.6163955371473091,0.26292482072582113,0.2669321919350518,0.26570920956181787,0.09705955002635386,0.6432186898154727,0.5373235043282469
2019-12-27,0.27332981133962353,0.272116576842269,0.27251999665707255,0.2719613383679746,0.08783438724498802,0.2700818394635388,0.26664553730740814,0.8421500803090851,0.6194725789966009,0.5839512357602981,0.6170667011752629,0.26467420436794276,0.2666121247240826,0.2664711398142504,0.09523906519381639,0.6477130373913375,0.5153276170916229
2019-12-30,0.2723074320975171,0.2709413264594207,0.2691901862763698,0.2689205849717279,0.07171414605044721,0.2707744322146398,0.2674224564789053,0.7020702522926543,0.6160780215907057,0.585763171604993,0.6023594910615727,0.2656279084430969,0.26704661292247855,0.267183735263385,0.10001847584309939,0.6437225855366893,0.47925180832213127
2019-12-31,0.26737333405625674,0.26816960252337274,0.26856456452536376,0.26916484331886237,0.08749549048668387,0.271265588120318,0.2680604832431368,0.7066963606418748,0.6125014108913741,0.5863941535898557,0.5901634265639432,0.2661883622086926,0.26836010253131093,0.2681189428258405,0.09791928519895096,0.6482063396838091,0.511427975839446
2020-01-01,0.26737333405625674,0.26816960252337274,0.26856456452536376,0.26916484331886237,0.08749549048668387,0.271265588120318,0.2680604832431368,0.7066963606418748,0.6125014108913741,0.5863941535898557,0.5901634265639432,0.2661883622086926,0.26836010253131093,0.2681189428258405,0.09791928519895096,0.6482063396838091,0.5090162641843036
2020-01-02,0.27184071408557076,0.27473322330321626,0.27276587319585777,0.2756457580052367,0.12070346845995633,0.27260777065829045,0.2688960824475807,0.8083706547715801,0.617997287794924,0.5881567617781581,0.6018500695682,0.26763932028237947,0.269458942250387,0.26941675852797575,0.1074941413579692,0.6537281278038108,0.5729616329608687
2020-01-03,0.2708182700788066,0.27300354074002603,0.2721624162835334,0.2712066682244415,0.10894437564128795,0.27356970825673943,0.2695729324127287,0.6444395065421511,0.6144748587455503,0.5887606820073183,0.5898839517011296,0.2680003280138319,0.2711326649154435,0.270423104351886,0.11321793481948411,0.6485739121341966,0.4660132519805056
2020-01-06,0.2680622742019665,0.2711187732071818,0.26869857972567257,0.2721167367226998,0.10658224961854595,0.2743211509848491,0.2703016747996998,0.6601116782487695,0.6117957658734694,0.588630663343432,0.5823043447568007,0.2682039174534121,0.2730532686204896,0.27146732369224014,0.118734980642837,0.6536542911172831,0.5179435775689969
2020-01-07,0.27304090264824654,0.27238267028842506,0.27050872820565225,0.26889840551762256,0.11298849156584359,0.2743596194996306,0.27092896143743195,0.5555640162564361,0.603734901700822,0.586681785924835,0.5635204451998126,0.2682177745402181,0.2744090645758115,0.27213630487454876,0.12224035595499738,0.6483736621585688,0.4775274549033916
2020-01-08,0.272174033668049,0.27488840258686564,0.2719165916389545,0.27446935833772945,0.1607182737192592,0.27496619544829304,0.2717421117931731,0.6535759336285607,0.6044787887160259,0.5852929348737195,0.5693040053629052,0.26869801842482466,0.27594516423977855,0.2731380621409354,0.13135863672720197,0.6551462559527624,0.5640251677402446
2020-01-09,0.27864187631830334,0.2780372273497637,0.2787997028753899,0.2789084125745277,0.11104334911207489,0.27603224052639497,0.27258314431103425,0.715519106809642,0.6104474410974458,0.5855478791442166,0.5862799723715871,0.2696502802678734,0.27749798843964846,0.27439571464193524,0.13247982680415318,0.660366082535893,0.5521613052160431
2020-01-10,0.2808200675060264,0.2802546988735807,0.2791349083025642,0.2772437805647272,0.10589664742087074,0.27663655831198275,0.27330413793237385,0.6655115542218526,0.6114627930864128,0.5859842147069511,0.588153254617983,0.26995516001811615,0.2794366306987808,0.27550189880395326,0.1329143358789329,0.6553071344985161,0.49303663752559945
2020-01-13,0.27846407395501627,0.28045426978132315,0.27931370067612576,0.2815496514449025,0.11292914558973505,0.27761434292321097,0.27415291301486966,0.722887167642567,0.617368624035233,0.5876849305415337,0.6012108886793005,0.27140203425786946,0.2802412534165267,0.2766539758917197,0.13338516575017045,0.660585908386759,0.5505425945047727
2020-01-14,0.28208685392161487,0.2810972609121388,0.28034161548267444,0.2789971303909491,0.12738223337648932,0.27864191586187137,0.2749854278434932,0.6491138459551595,0.6169497639253847,0.5889496401245957,0.5967081214283686,0.2722396597477006,0.28112735838137926,0.2775260646020248,0.1326766774291366,0.6548553516122539,0.4846919317251759
2020-01-15,0.28037544613211873,0.281851206548836,0.28224119562715755,0.2813276080958703,0.11130025471917643,0.279882234584626,0.27604097392489024,0.6815730614023965,0.6187635150294555,0.5903765148195069,0.598382849146908,0.2735157642644658,0.2815536894813948,0.2784038867121992,0.13154703430220063,0.6600832086978201,0.531382157791285
2020-01-16,0.28422075874423564,0.2869515539995531,0.28550410124160974,0.2879641344009517,0.13041200163045263,0.2811384220681187,0.27734667069857133,0.759682490935619,0.6286401575738021,0.5937784480652122,0.6187798708184411,0.2759460046924366,0.2816394152625402,0.27972120699965886,0.13892288114518953,0.6659084717016567,0.5722980302408608
2020-01-17,0.29104407942693156,0.28967893879150275,0.2886326711929914,0.29002820984863015,0.2124523475237892,0.2830577809388678,0.2786825650865866,0.7804658992651234,0.6379950737958942,0.5986410224277932,0.6338643494549194,0.27824678549845316,0.2821582508503908,0.2811819651910271,0.13889717216313807,0.6742981987705081,0.5283438422821809
2020-01-20,0.29104407942693156,0.28967893879150275,0.2886326711929914,0.29002820984863015,0.2124523475237892,0.2830577809388678,0.2786825650865866,0.7804658992651234,0.6379950737958942,0.5986410224277932,0.6338643494549194,0.27824678549845316,0.2821582508503908,0.2811819651910271,0.13889717216313807,0.6742981987705081,0.5090162641843036
2020-01-21,0.28939932748692304,0.2912755135185712,0.29086743366106715,0.2886964829143916,0.17454510528444683,0.2847485288894446,0.27996579936937194,0.741279456612697,0.6418392646149518,0.6034108887580338,0.6329069258160049,0.27998770450843935,0.2828230089046724,0.2824201057561899,0.1369862780018646,0.6670933979652903,0.4966156467734981
2020-01-22,0.29099959544208975,0.2897232754684502,0.2891913408782882,0.2869208470020735,0.13254689503414738,0.28658639815788334,0.28104612711447696,0.689529813758222,0.6406691198015284,0.6069589747701565,0.6202892342460574,0.2812950106728116,0.28336626613822447,0.28337137051353556,0.13554886584083892,0.6612014012421259,0.4924225242795407
2020-01-23,0.2883103817355079,0.2881933491122813,0.2882752437285928,0.28918489297666966,0.09773579483783715,0.28808703994966767,0.2822356581342529,0.7183995319236678,0.6415262278375562,0.6099936069724543,0.6149866428458595,0.2827927340301477,0.28394458744633133,0.28443968667199415,0.13232700553362237,0.6660052526808575,0.5302764647851523
2020-01-24,0.29124409765879744,0.28981197246364154,0.28644260015379097,0.28545597225520897,0.1386322001895948,0.28875473853705247,0.2833128940623414,0.6138461915915849,0.6351459858185424,0.6109610885064842,0.5936385582728569,0.2833753975342589,0.2851189717554812,0.28531865913739873,0.1397813519186978,0.6599230380079043,0.47421460835555934
2020-01-27,0.2771082827440983,0.28060951417217367,0.2769448583802947,0.2793301420985019,0.1945423566287113,0.2889674988197858,0.28413224541490667,0.471533035936523,0.6196422180584152,0.608186779289989,0.5549959636023751,0.283399840634426,0.28594144021618517,0.2857329009532087,0.15856448242576077,0.6520931516802765,0.4512624919695631
2020-01-28,0.2829537396779411,0.2858870319895484,0.28335863142872436,0.28638818466357563,0.13849008219417694,0.2894609165131984,0.28507859814322756,0.5783439857314454,0.6165610569655047,0.6052621570873364,0.5534436363384919,0.28409330247159936,0.28672395760430025,0.28647877033549474,0.16684034251858632,0.6581709239476271,0.5766905773853411
2020-01-29,0.2919775843026709,0.2925173051709437,0.28921374298565844,0.2921145358384078,0.2154415106362045,0.2907985863496817,0.2861248551313821,0.6478564410877874,0.6212888507352278,0.6040044933587286,0.5706588161654227,0.2853373578652414,0.28784309019127563,0.28767789989238046,0.1732447660842754,0.6666540879870665,0.5628667416029428
2020-01-30,0.30578005264019126,0.3042699035434099,0.3006110480503682,0.30263506132370244,0.3469631258462658,0.29297145030431926,0.287460748279198,0.7459374298218759,0.6391333095027691,0.6070823627863029,0.6154331666315097,0.2888399120456917,0.2876220968190656,0.2894083134780481,0.19752292803654645,0.6792484299147298,0.6064320539659133
2020-01-31,0.3016905130661287,0.3006111257948093,0.29790706248926324,0.2969753551431772,0.22628152169329688,0.2938903849385387,0.2886642154192365,0.6367776167320023,0.6432492549941408,0.6104866607334323,0.6188042917988594,0.29073174193663365,0.2878471499636649,0.29051105576251646,0.2011289267836324,0.6704264226083883,0.45804739682908
2020-02-03,0.2977341962667767,0.30526779173729496,0.2997395241673687,0.3061863331483386,0.17915066537771374,0.2955381371742055,0.29021385692758017,0.7148027741910317,0.6584376894083394,0.6166862242675782,0.6476718373878977,0.2941135498878006,0.28791589754722124,0.2923195079033918,0.2116886570386695,0.6777751866457187,0.5932089080401777
2020-02-04,0.31264796515445886,0.318883047696998,0.3129470121948315,0.3189263324360369,0.22855072441134258,0.29862087773814605,0.2921042456918085,0.7958610091814993,0.6873193900755766,0.6282559314107721,0.7031309201219038,0.300453681394078,0.28605653775845175,0.2947395686376917,0.23490555046988007,0.6866681259887708,0.622694478528866
2020-02-05,0.3279617402037276,0.3267771840555071,0.317639994540073,0.3184379934617528,0.2500480233885615,0.30183489260716945,0.29384594075319104,0.7873469584476072,0.7071408994970032,0.6420481783751986,0.7260837550549742,0.30486936299745104,0.28655583553594366,0.297300770240696,0.25329655395564477,0.6771032117762608,0.504797706616353
2020-02-06,0.3211605297050322,0.32593455577366776,0.3213273333468315,0.32671679460254444,0.1607565362564871,0.3056622724127177,0.2958764993300307,0.8320995616650879,0.7325348847616909,0.658893810735075,0.7576169812762923,0.3110004161761293,0.28549733996918647,0.3000019678700593,0.2577713460204314,0.683877001602732,0.5806208552484563
2020-02-07,0.325339016774977,0.3299481259410553,0.3267354252948162,0.327293815849253,0.20587275285680598,0.3099287580087776,0.2979295141967693,0.8350318252067428,0.7506757634507278,0.6765221576497774,0.7657003091001637,0.316313089976608,0.28490978868020467,0.30250349801134746,0.25673718801921386,0.6920610599374734,0.5139056323445539
2020-02-10,0.3269615441909968,0.3370662059933656,0.3284562334771637,0.33796970414527594,0.22395141126292925,0.3159086275560561,0.3002551310848933,0.8842394967695735,0.7777830994100661,0.6968287986990993,0.793359855438478,0.3232343310218547,0.28389968581603187,0.305643034274625,0.272220928621132,0.7008102313189888,0.5993501170118705
2020-02-11,0.3426753686126144,0.34119065058656983,0.32901488029999976,0.328514538880974,0.35916340914521494,0.32020453451596054,0.30222838252948314,0.7293007600109622,0.7819929630722038,0.714037608675014,0.7613676253784467,0.32700807231230544,0.28481656014319146,0.30807112360637,0.2974491067553737,0.6878345259565122,0.431050879647662
2020-02-12,0.3314068297639745,0.3304360551766649,0.3253276278893007,0.32911391730177264,0.3115538806802298,0.32397760966792755,0.30432864527142356,0.7329764193977399,0.7830058589357636,0.7280364746770384,0.728217571789645,0.33008713257968025,0.2868143448793333,0.31066216645311706,0.29930924908693535,0.6993220254420962,0.5140727713340175
2020-02-13,0.3258502969953746,0.33127867565573477,0.3276070716852774,0.326894407955372,0.219668349697726,0.32645149799683215,0.30634294235419157,0.6974715259926563,0.7773557719703776,0.7379424513474055,0.685949076831137,0.33232254442359144,0.28923737214052714,0.31301797451868985,0.2967233174388393,0.6907067364492105,0.49031930026625364
2020-02-14,0.32622812403568596,0.32946035598380125,0.32711540659922544,0.33053439759642955,0.12482176685464766,0.32987373869914094,0.3082581140223273,0.7228835685175137,0.7751693375598981,0.7453668308981275,0.6603208795257602,0.33506206560776985,0.29080087904974683,0.3152188613419621,0.29027852081869143,0.6963572566964016,0.539846146325831
2020-02-17,0.32622812403568596,0.32946035598380125,0.32711540659922544,0.33053439759642955,0.12482176685464766,0.32987373869914094,0.3082581140223273,0.7228835685175137,0.7751693375598981,0.7453668308981275,0.6603208795257602,0.33506206560776985,0.29080087904974683,0.3152188613419621,0.29027852081869143,0.6963572566964016,0.5090162641843036
2020-02-18,0.33147341397129493,0.33453825797378844,0.33348442306184506,0.33470697848799097,0.16107513044401725,0.33278218024580997,0.31047376367297164,0.7506667210906892,0.7765049700224752,0.7516120161845563,0.6481429868986978,0.33813762284715077,0.2922263814525037,0.31752875810550507,0.2815305322327595,0.703141005322246,0.544044374147898
2020-02-19,0.3380606098306773,0.3367425115014244,0.3367904821724162,0.3359534353735137,0.17829561480088646,0.33451854816501403,0.3127011505704048,0.758873121840397,0.7762803940419924,0.7565567664750777,0.6347130048947315,0.34081993701768787,0.29434786733472307,0.31997194722786726,0.2691259275663507,0.7104630416994945,0.519374993050878
2020-02-20,0.3355867357110029,0.3346746188816246,0.3247569830783464,0.3295882519412531,0.2319014294571561,0.3356556148278357,0.3148187376572724,0.6491781584182363,0.7636389742976692,0.7576193680906487,0.594620891866871,0.3418775547627646,0.29773031004395845,0.3221778562889097,0.28781483403955044,0.7014653641012718,0.4562763490047642
2020-02-21,0.3271622651763233,0.3263363622592109,0.3161295762722756,0.316613093569643,0.3233426464869525,0.3346252726490646,0.31628921475976046,0.47081097233383445,0.7316897909579663,0.751157348771202,0.5169118759898885,0.34150660913785336,0.3010346783822312,0.32359589697599556,0.3118591000806432,0.6896093646300645,0.3998409155404259
2020-02-24,0.2928405882113919,0.30643590189197356,0.2847126250340741,0.2994762307695424,0.4774742977262682,0.33178852687384375,0.3170068660438119,0.3044599315069198,0.6788555073802373,0.7338957310515959,0.40538118616636915,0.340384172473964,0.3037268639392915,0.32432074572972247,0.38953197698362374,0.6729354298298359,0.3601164461835892
2020-02-25,0.3071709891621168,0.3070806730311806,0.29461723824164315,0.2932000850496759,0.47561739336855574,0.3272230684609809,0.31756361262207145,0.2559792126384625,0.6262368887973527,0.7080437931235966,0.31666637445328827,0.33859417449662654,0.30712099287666017,0.32503782315394714,0.4064458016922172,0.6563195392083058,0.4520265785571274
2020-02-26,0.2971641982442878,0.30356748812243206,0.2958721431247604,0.2978737652104314,0.38295021341125357,0.32409842320473947,0.3181331927833583,0.30666835777106777,0.5904944985555011,0.6791820038442739,0.28558273735485756,0.3373477912254844,0.30967796674146153,0.3256316288057265,0.40863575603297897,0.6700387861063228,0.5521670491878449
2020-02-27,0.2829228139498881,0.28971485689630583,0.27294792618972297,0.27118900285795056,0.6716277820378472,0.31819143106801395,0.3178607519878901,0.13814837562464521,0.5222520626141097,0.6404741588826914,0.18389956900046678,0.3407762026888891,0.30377456069663245,0.3245497766782176,0.4579742624509534,0.6472958906234828,0.2656836677621237
2020-02-28,0.2586078319031519,0.28233275981027095,0.25954751448915586,0.2797129509458008,0.7015959382364563,0.31338002136234955,0.31780441345134414,0.22101353227374404,0.48111769522889086,0.6000936005597998,0.1666249567277462,0.34270547625424197,0.2992717646711127,0.3233647013015243,0.5005446145692015,0.6709755478767572,0.5926360955234306
2020-03-02,0.2873578484223297,0.30281138249486755,0.2826508729545025,0.3037046512803338,0.4987115676239589,0.3106440121331392,0.31835363077925993,0.4064145481604297,0.484444273019425,0.5685504964134084,0.2578919950070858,0.34250577033307916,0.30019935412093857,0.32371260657827006,0.5346679274912262,0.6883133294087201,0.738810579695699
2020-03-03,0.30627953568064215,0.30743645251564117,0.28253895005627333,0.2852770082304968,0.5037575373293999,0.3056033064465944,0.31818785208996425,0.30018371391884796,0.46016651906632117,0.5377596463607636,0.2656607485189638,0.3435476305422549,0.29686405808574046,0.3226315924092036,0.5787207117120052,0.6708178180690405,0.3435264460151446
2020-03-04,0.2944452020955199,0.2978752745156016,0.29006826412884845,0.29871949907418544,0.3330394666358484,0.30180631216440557,0.31853757466865207,0.3856685663883049,0.46142030966590464,0.5134139170964793,0.33222144280470295,0.3430775877905736,0.2952290114661179,0.32158689712315514,0.5753632090318348,0.6829769262917527,0.635812798863586
2020-03-05,0.28900712817655905,0.29825319326236416,0.29022506692074235,0.28919395669589537,0.31744474967711106,0.2976870348780436,0.31861688789843146,0.33378952098119213,0.44887629312038685,0.4910664274060728,0.3528578618500586,0.34291326759024876,0.2923078930954365,0.3200749775260946,0.5654201222110717,0.671305286653056,0.4223484341917077
2020-03-06,0.2813405484706764,0.28099876328876494,0.26851112379618985,0.27873385600543904,0.5126914493380582,0.29382423489663123,0.31825223083899234,0.28113202086966155,0.42429020911956544,0.46756150247191225,0.3409046811502985,0.34237815652623804,0.28780049495891435,0.31759425484849857,0.5905842256291964,0.6535305139809583,0.41139554896051117
2020-03-09,0.25546549781707295,0.26908066821197607,0.2550658936393293,0.2543637542792306,0.49393655915153994,0.2892238130150431,0.3171673627240128,0.1788585919045957,0.3700874902934552,0.4363523711529875,0.26134103250361934,0.3441186638407142,0.27820334708942485,0.3138237634424941,0.6227363820986707,0.6363419923954803,0.27496203103799205
2020-03-10,0.27142287120285186,0.2763737973629095,0.2608473183327356,0.2772871797850199,0.45438637041571855,0.2876010673075472,0.31709607978512067,0.317185950120528,0.36286915906215667,0.4097330312507563,0.3087411842391092,0.34036760348172324,0.2758089732440442,0.3106864709232038,0.6447527898943924,0.652294231555852,0.7451819473360065
2020-03-11,0.26912735853102193,0.2689694880257806,0.25764288489048875,0.26106276693097413,0.3842425501278281,0.28384720285268195,0.3162124265758879,0.2524023728257169,0.33495623252558915,0.3820492230438802,0.2977481009860727,0.3388307619301023,0.2703164586299225,0.30719920763311226,0.6608716006975907,0.6385345880574371,0.35256506008418853
2020-03-12,0.24276195643012122,0.2595639470090189,0.22947511074540178,0.22863604958899403,0.6720299291127934,0.2795077927254913,0.31399753840765354,0.14817758901820283,0.2673134707653523,0.34442100832460004,0.19504923412843317,0.34068521618025605,0.25767863778202005,0.30200449192125245,0.711520456676461,0.6157791220312709,0.18148946379893893
2020-03-13,0.24766505342217415,0.27833049267746335,0.23429296490302726,0.27263571462236663,0.6681333972604024,0.2787860794573117,0.3129508027025443,0.35233475270712605,0.28174036932610724,0.31762027161244877,0.30686784500995096,0.336774648457143,0.2561362676896187,0.29919931210227335,0.8112622533043305,0.6384127880356937,1.0
2020-03-16,0.23094989596548965,0.25040301842757434,0.22145277060129015,0.22053493288902382,0.6304838414962683,0.27030470529787975,0.3102836473113406,0.20847969864723698,0.21893497362161135,0.2818056255578111,0.21377850133960297,0.33645682198198734,0.24482579987622963,0.2935123288827931,0.9105023026778306,0.616955993383647,0.0
2020-03-17,0.2309499436692311,0.24628953501705203,0.2214528168528283,0.24535018763320549,0.5770248300440567,0.2662330995376091,0.30816095556388745,0.2989506466042737,0.20948214321499598,0.25099047166265886,0.26540975545239054,0.3303328397760389,0.2419456972770576,0.28889257394589885,0.9260878674757155,0.6367417356732541,0.7933680185198584
2020-03-18,0.22649262937679793,0.24295430950037472,0.22149770114173595,0.23161840419822938,0.5811899805251495,0.25939035072039063,0.30511461169728704,0.2641321686426649,0.18523329521504484,0.2207885974179047,0.2717432782306657,0.3236206459283508,0.23811148664657375,0.2834984425010225,0.9341401150681501,0.6168257967271382,0.3636372407172578
2020-03-19,0.23712337348100648,0.25218181912112986,0.2304162627946187,0.2367594168310635,0.614997665204361,0.2540432489137101,0.3022646868854898,0.28309788764353067,0.17743107933949903,0.19484143148811883,0.31568292633455,0.3161755157830224,0.2362842952102602,0.2786991825322601,0.9389141831927842,0.6377985156214264,0.5658362879779866
2020-03-20,0.2443220157189449,0.2454000929657728,0.2233799250610679,0.2248303182900948,0.6067477936571646,0.2485463435408928,0.2987096690484091,0.25127331887421495,0.15749252139035191,0.16952042899713332,0.32214950385752955,0.31134781456024485,0.23175324404331746,0.2739540039603413,0.9439555258621063,0.6170836759314907,0.3793063516803513
2020-03-23,0.2242861097659496,0.23088047453556537,0.21589541689762481,0.22178124759855866,0.5607468534919642,0.24522368674276854,0.2950281297927272,0.24306539724370607,0.141335518011789,0.14556582875282903,0.3362607494337082,0.30890335024177296,0.22615168387129161,0.2699371656356596,0.9270793744092294,0.5978067599451427,0.4745686790220903
2020-03-24,0.23930757348325088,0.25095900885012845,0.23550314598772892,0.24928949327269428,0.5884012974904461,0.24236857481618632,0.29193390430904964,0.35041830631318077,0.17327639149628282,0.1337123473210723,0.4612326306825419,0.30536087604553264,0.22530965657523286,0.2676669836919804,0.9490499967274515,0.6179481143623607,0.8229282174337671
2020-03-25,0.2508075255465384,0.26147619088813867,0.24260662830802798,0.2461290987826678,0.5346892847716664,0.24084568848702184,0.289059315652484,0.3404157860576777,0.1974220315267064,0.1297556924483571,0.542785525606264,0.3005213054566731,0.22503260652906368,0.2649917793129859,0.9442442872627889,0.5994857207659078,0.4759562628329099
2020-03-26,0.24967086048093373,0.2666569929879806,0.2514132226328907,0.2665821454114867,0.4482464044928028,0.24471530645357556,0.2868774601943317,0.4146420777311259,0.24992141673089113,0.13860572376582297,0.6750440126554826,0.30011552902979244,0.2249809563325155,0.26475360432675055,0.9387681711750012,0.6152460333589512,0.7250377917822162
2020-03-27,0.2571369558509521,0.2627213285152609,0.2532731335833206,0.2523161712461433,0.3894798325194085,0.24264318629426804,0.2842752800880508,0.36595148330316024,0.2729639677336019,0.15095941886936326,0.7112273987862862,0.2979104983906171,0.22445000888985642,0.2633371881029609,0.9145587096952765,0.6013226798914315,0.3672115515787887
2020-03-30,0.25867476043132354,0.27541767344286266,0.25508823948938875,0.2757515013962037,0.4392836003641969,0.24827399022588545,0.28236379801302547,0.44641510408400625,0.32812528711519623,0.17346695796312733,0.8160891892555818,0.29278003375269435,0.22700600922770928,0.2618920074855323,0.9190421197588308,0.6168028280256431,0.7519396144111082
2020-03-31,0.27418640956049095,0.28471200327413576,0.2697659659567026,0.27014308520329705,0.5525633557338365,0.2508022883235065,0.2801110378767875,0.4261576189320872,0.3650977897372724,0.19993475979959552,0.856988009675575,0.29059438657791914,0.22775322219882907,0.2611095821661954,0.9050943145638977,0.5977817164937782,0.45470168947290346
2020-04-01,0.2599227530338288,0.2690805474706698,0.2569033083199797,0.2576797603879641,0.3967231650770795,0.25345993965650004,0.27737991672294426,0.3816121195268231,0.3773146199467798,0.223905025527063,0.831195205649466,0.28403600293338693,0.23045848183433007,0.2589878236116314,0.883425150750483,0.5836319467934545,0.38638686053044585
2020-04-02,0.2573821600589421,0.2640332481328535,0.2558725994441026,0.26469042280508526,0.331605011923856,0.25630825172124017,0.27511550491367365,0.40778520172061966,0.39864374610479725,0.24796276245891283,0.8320985469963357,0.27980801117228127,0.23240942007802037,0.25772098848269986,0.8510721969835033,0.5957462160101662,0.5805352489856682
2020-04-03,0.2646031009994144,0.2682579503958687,0.2599733837163315,0.26150784886095346,0.26611048034320717,0.2600485055784416,0.2731927754706087,0.3955367912998167,0.41187442330775026,0.27023701196583105,0.8136799377644173,0.27722972981061034,0.23335724022826224,0.2568304022073038,0.8215032625160422,0.585679212329267,0.47720808179831503
2020-04-06,0.2762368967156927,0.28853653647997257,0.2720517294658993,0.2869685115020018,0.4681085656546095,0.2666960882117442,0.2727563567553226,0.4890743324588816,0.46074469452296996,0.2992411838473013,0.88318186339912,0.28207068242038735,0.2316053133114199,0.25851607138482524,0.844594872326361,0.6020603877185157,0.7658479439672538
2020-04-07,0.296896763805611,0.29631884154289057,0.284779833045442,0.28300695532041376,0.4341978063853147,0.27013448402291773,0.27240069858247473,0.4722315084748803,0.49369957579119,0.3299867926188328,0.9011662041529194,0.28313337671002514,0.231068434126555,0.2588117843464792,0.8259632173779374,0.5867392142419423,0.47182065690913405
2020-04-08,0.2881603140037005,0.28891449662970903,0.2853176508373365,0.28665689728062116,0.3213561180235291,0.2742673755316032,0.272009320187521,0.4856805675174172,0.5250063886044567,0.36174836309670977,0.91165834522562,0.28688331458061633,0.2297471010735815,0.2601350034203428,0.7846045272713875,0.5985331176700003,0.5436591976242096
2020-04-09,0.289698120012669,0.2904709641754319,0.28493671376279445,0.2866791478227204,0.3453045619876529,0.2763168016957116,0.27254980155111086,0.4857671303710848,0.5493287324190186,0.3927241913440384,0.903543749687028,0.29029365434138754,0.23222827654468894,0.26313583734748847,0.7520117533799621,0.6110756152597511,0.5092253547878514
2020-04-10,0.289698120012669,0.2904709641754319,0.28493671376279445,0.2866791478227204,0.3453045619876529,0.2763168016957116,0.27254980155111086,0.4857671303710848,0.5493287324190186,0.3927241913440384,0.903543749687028,0.29029365434138754,0.23222827654468894,0.26313583734748847,0.7520117533799621,0.6110756152597511,0.5090162641843036
2020-04-13,0.28521839713220526,0.2864685708253644,0.28262854374928104,0.2875025245123843,0.27127982720950533,0.27990499019904214,0.27282159496251057,0.4891988441576767,0.5690802237745487,0.42202531039586344,0.8862485258363375,0.2925397797026382,0.23138773267296767,0.2639044528911788,0.7165435980143551,0.6213042053422417,0.5167531501243569
2020-04-14,0.295581855330507,0.3046570675141029,0.29540158426913543,0.30573009040331267,0.3569332498325038,0.28296210804264055,0.2728922664831158,0.5618193798364819,0.6106277106101204,0.45497503723039606,0.9239287920668702,0.29792933528008214,0.2346167637574005,0.26830905097221036,0.7171954101513727,0.6342101991091073,0.6799093325934769
2020-04-15,0.30048489806106965,0.3042567882811753,0.2981802172215576,0.3016794965093306,0.2637483543204651,0.286178087477292,0.2734645812840021,0.5388270565146198,0.6360063211689019,0.48714313472986004,0.9158566716327239,0.3030781016155011,0.23504696941475092,0.27122128181983807,0.692256018422515,0.6242170321147359,0.4728304130140657
2020-04-16,0.30739386663451457,0.3125060735507776,0.30638180800147147,0.313163477576323,0.3382338012815607,0.2918361343521958,0.27396855985968704,0.5833246247113768,0.6712797547883311,0.5209505231637974,0.9327861204852437,0.30888891465109236,0.2374363451551683,0.27543717018953184,0.6754502619640642,0.6365385078213432,0.6126943759329753
2020-04-17,0.3189830362931398,0.3185540715485303,0.3130372069560487,0.3166354151997362,0.35608444620053004,0.2971333137190304,0.27492604585770597,0.5964734404190772,0.7021175402091796,0.5550541726721544,0.935845697404085,0.31460191099017887,0.23975410356851454,0.2795667672159371,0.651262500314495,0.6494179691987028,0.5394475614385469
2020-04-20,0.3125866688682474,0.3157746163896628,0.31106521463624026,0.3087568039207587,0.2303959157474548,0.301951606653713,0.2759736050551935,0.546622712733001,0.7124315781908563,0.5846976309703968,0.8897839658491848,0.3160359361143231,0.24710234908874015,0.28390577483493873,0.6263019765658236,0.6404673518092819,0.4405639505703203
2020-04-21,0.30561086705337337,0.3044791048431321,0.29116626465223633,0.2926436437772093,0.38293147257669297,0.30253033796555706,0.2773092650455288,0.45338929257368527,0.6944348780905768,0.6042935542440036,0.7860200599332882,0.3129056974681109,0.25797492557772483,0.2875693677354323,0.6381973544058726,0.6267486907229928,0.36618812215926944
2020-04-22,0.30090838584927004,0.30521291989648297,0.3017208298077337,0.30532947401353494,0.21439280476891773,0.3048067149556355,0.27828771537361074,0.5107282807196625,0.6968269203508046,0.620517751415702,0.7511992338147672,0.3144049555018724,0.2622990046955863,0.2904666402898114,0.6305240628402813,0.635199073714496,0.6263154899397917
2020-04-23,0.3069703891857261,0.3075698246807005,0.3019224746275895,0.30065572276478547,0.20010760362510213,0.30623426910659657,0.27966919080888153,0.48391209548340314,0.6896291725300261,0.6318497851609248,0.7006763956992161,0.31397880987092375,0.26853326900720875,0.2932856721498849,0.6096803950096945,0.6271952257125265,0.46722014330139294
2020-04-24,0.3024015635192266,0.30645804977892077,0.3014742947121954,0.3076217774657172,0.2117175506353924,0.30836992955273357,0.2824251568766003,0.5161618023350052,0.692122687077558,0.6414860943261881,0.683164139673956,0.315972870539704,0.2707362718548759,0.2954074251915644,0.5882981992125761,0.6355619840798828,0.5720750138366213
2020-04-27,0.3124975570368119,0.31166113748835017,0.3072781909739617,0.30650903709677196,0.20325918730370932,0.31030815115324084,0.2836070631506813,0.5091222990844637,0.6902964346591178,0.6487771734967597,0.6589442465435851,0.3156504868162151,0.27682360013589635,0.2982092017231852,0.566753856272761,0.627459622072351,0.49912403981087156
2020-04-28,0.3102688616859773,0.30892620260289927,0.29851636678760846,0.29707256797487286,0.2126163298261944,0.3094252855089952,0.2862776104871477,0.4497501666180425,0.6728620342757845,0.6506198850864359,0.6026773214049256,0.31608246194555856,0.2786176137528519,0.29931150297689446,0.564859352442865,0.619064769150881,0.4248853885704481
2020-04-29,0.30498685716308654,0.31339544485241627,0.3040961195782992,0.31403142643817933,0.34453540690256174,0.31068489467136795,0.28867403283740845,0.5336694664184636,0.6822262590228212,0.6542372125345463,0.6210043113104016,0.3179801319410843,0.28122603472048735,0.3015805345653435,0.5738449569805646,0.6315832240509691,0.6639882831709198
2020-04-30,0.32009734305570336,0.3194434314823564,0.3138438862496454,0.3179929826197674,0.36475442478912656,0.3111773917011834,0.2916878103088879,0.5517597038344295,0.6933603080849899,0.6596792863235158,0.6398490137343338,0.31806489203492316,0.2875238677252596,0.30469873412801785,0.5571849812013665,0.6447336965789132,0.5436627147371431
2020-05-01,0.31073687686862633,0.3155300490357081,0.3088691576434198,0.3076663140939127,0.2514863824410874,0.31026275228886324,0.29416189022277595,0.4842324909729126,0.6847355563450371,0.662059027843102,0.6082233904641088,0.3166706731539577,0.29357558652670124,0.3069205919638889,0.5486756077787376,0.6351238213162926,0.4195997063212502
2020-05-04,0.30781729879461683,0.31633051424695274,0.30839858901010736,0.3171694992981126,0.1812269936734066,0.31112065127619615,0.29738378430946744,0.5309988041242657,0.6898990327500483,0.6651445682909047,0.6155123875567726,0.31437941645385636,0.3019357432692067,0.30979830480409865,0.540773968292787,0.6425374884113015,0.593489575894937
2020-05-05,0.3214791160707542,0.3266698842596238,0.32206787785516744,0.3214425986130874,0.2317202680564037,0.31405747390933836,0.30086116318591105,0.5514024335920853,0.6981127502038443,0.6694928461457068,0.6285530552603525,0.3164296775182487,0.3033828224136562,0.31158061852198027,0.5308011792082289,0.6515295031628219,0.5460927272404377
2020-05-06,0.3247330086115788,0.32789282546930076,0.325944605598762,0.32540411925067847,0.19502024791000652,0.31610462016241336,0.30351695090973674,0.5704993457056802,0.7081643097419107,0.6752719345750334,0.6433294649443606,0.3182400219174729,0.305927189088684,0.31377255609609767,0.5122825819801116,0.6593743276895092,0.5430241451200131
2020-05-07,0.3293909756252849,0.328671094096895,0.32807344779733877,0.32776328096114943,0.1651653175868677,0.3188689597328592,0.30636532671252736,0.5821309775140711,0.7171840943616711,0.6819595326578238,0.6527119164585435,0.32032418048389044,0.3080403755888883,0.3158977602034676,0.48542321519828857,0.6662859297249512,0.5290711250406646
2020-05-08,0.33119623972736123,0.3296717070727665,0.32982135834434273,0.33016690821182193,0.18516959674409236,0.3211680379674563,0.30858392307686255,0.5943787286033841,0.7253581292812159,0.6891803746143594,0.6582188857808563,0.32218400488404586,0.3106470605250027,0.31814608172251724,0.45798185471221287,0.673822836962201,0.5293311496160841
2020-05-11,0.32711773543321937,0.3352527372359637,0.32867852183396973,0.3347516217481774,0.1852859460919894,0.3240481238002709,0.3114602566939345,0.6179833717013565,0.7359848507378298,0.6973891496714866,0.6684215670404514,0.32438476996688737,0.31328555118140156,0.32058886472905546,0.4529090741046269,0.6813633811139278,0.5475385696275502
2020-05-12,0.3352523494442169,0.33420756695244946,0.3274459266964373,0.3253372965363867,0.19423079025414133,0.3269304677961601,0.31319040177863244,0.5363691914136264,0.7278189626563689,0.7020872707659283,0.6321659912605037,0.32577187029735144,0.3138709155745245,0.3216025592279903,0.44873926282186827,0.6735432339062751,0.4307865491881632
2020-05-13,0.3257804801523975,0.327559296733726,0.3145385324093466,0.3191947607011067,0.2931925480194842,0.3274570076311042,0.31490191038747506,0.4867790569651586,0.7098355074485646,0.7017299555898566,0.5799569855440623,0.32607762363856496,0.31539751390537674,0.32250810012137876,0.46358653473753275,0.6626296834610265,0.45679094759673117
2020-05-14,0.31461479827374245,0.3200883108176609,0.312611437775607,0.32093076505681023,0.2710346346240042,0.3277565930154185,0.31710886127977456,0.49806858525111625,0.6959548033504199,0.6982672740493081,0.5478869362744747,0.3266258990932118,0.31563071125410724,0.3229096696533752,0.4604787938077971,0.6728506091734113,0.5240028221684472
2020-05-15,0.31800234070372707,0.33425207849100363,0.31556933471365217,0.3267839727568058,0.30802045249745047,0.32970614892721584,0.31927542631995787,0.5360711152211908,0.691503255522624,0.6944783182498055,0.5445174042025919,0.32771425583430547,0.31553537671816523,0.32343435108416674,0.4917198311918256,0.6842276587394787,0.559327441628312
2020-05-18,0.3329122277680338,0.33233981995250417,0.3311657854456779,0.3306787062241021,0.21942393798033152,0.3310837733890113,0.3216889324164691,0.5607351284996096,0.6916089617855982,0.6914713462420452,0.552593185217052,0.3295063274805097,0.31593044841938156,0.32456771560434705,0.4732895074617932,0.6928353077710806,0.5420127052729332
2020-05-19,0.3313076339112652,0.33322931285135593,0.3301126357771257,0.3278300325874472,0.15332032927646325,0.3317351428838594,0.32311467056707055,0.5332824969923293,0.6853641487970075,0.6876365395882713,0.5440438886868852,0.32903554726392303,0.3201639994869644,0.3263868553906196,0.45664881286699865,0.6862939631564453,0.48511051721280585
2020-05-20,0.331964431687785,0.33271256464033044,0.3322689745601718,0.3334987313992043,0.18816422593325455,0.33256060479036875,0.3248764270933785,0.5713872196543157,0.6867444082431143,0.684884589536601,0.5552268733996099,0.3305516098607614,0.32151766167146134,0.32784320878728057,0.4386801353730776,0.6939244782260371,0.5569189319322188
2020-05-21,0.3332829879218233,0.3345408923436696,0.3308083088341773,0.3285218254003515,0.17143959282413446,0.33263795865581236,0.3263371760720488,0.521383228465065,0.6784229011417644,0.680778514549741,0.5412424192992891,0.3303939353556472,0.32463907452120977,0.3292838890533374,0.4263997864984339,0.6868167513058842,0.46753488371190166
2020-05-22,0.32834388520240043,0.32961322846073005,0.32912296623382953,0.32870036289710014,0.10668532420862922,0.33248840519120404,0.3278033782073264,0.5227218076463693,0.67017898379727,0.6756068973177214,0.5302382451406451,0.3307086159404279,0.3265335355429534,0.33037365400771723,0.4051027977987598,0.6919003522534737,0.5105224246145531
2020-05-25,0.32834388520240043,0.32961322846073005,0.32912296623382953,0.32870036289710014,0.10668532420862922,0.33248840519120404,0.3278033782073264,0.5227218076463693,0.67017898379727,0.6756068973177214,0.5302382451406451,0.3307086159404279,0.3265335355429534,0.33037365400771723,0.4051027977987598,0.6919003522534737,0.5090162641843036
2020-05-26,0.33538382168195313,0.3341618735400112,0.32588719080934836,0.32437078417095006,0.225741941831573,0.33142980153973434,0.3290897836798876,0.4774960800493086,0.6554581904821144,0.6681005057788716,0.5061263310328814,0.3302322598992279,0.3289378831144891,0.33129710810044066,0.40890953072618874,0.6830952114431291,0.47250742126711665
2020-05-27,0.3216615880843957,0.32410587017016046,0.31577519427488765,0.3249063966611959,0.2526311350854972,0.33138585978860857,0.3297588823990055,0.4821826084998109,0.6429875645973202,0.659241282938996,0.492155236680333,0.32708783132340247,0.33526770219474766,0.3327361198001253,0.41237662591367774,0.6927408700387909,0.5135810320362109
2020-05-28,0.32286847640611066,0.3289220606047377,0.3242693025672465,0.3239913875473596,0.208067773104716,0.3318750040080809,0.33053738778549024,0.4718141473975593,0.6302880852744406,0.649247418152547,0.4804374491927759,0.32671103658762923,0.3367279496060437,0.3332510507758828,0.40461787741375754,0.6844881985054283,0.5012283750410627
2020-05-29,0.32731588407277334,0.32918964177927745,0.32433670527318187,0.32812017823466183,0.2730375613176681,0.3326081567026856,0.3310592562370128,0.5111582795884169,0.6249736529543864,0.6400360303258907,0.4885183233015188,0.3268699597231509,0.3376298245459376,0.33377462779214817,0.3980232992081033,0.6947717328462244,0.544236938903961
2020-06-01,0.32689122432496526,0.32635786684450097,0.326696155430669,0.3271828119467354,0.12070581106427639,0.3326488290106442,0.33142727547693007,0.49930272916855406,0.6180532764653357,0.6310830771030052,0.4911872549196069,0.32467731044482295,0.34205508674844287,0.33478363266401057,0.3778721814243017,0.6892498714997566,0.5011007810393995
2020-06-02,0.33071289079618676,0.3308172852954181,0.32644895628383447,0.3318248934941902,0.18451991447932498,0.33276571341619976,0.33223216610490136,0.5445713743962048,0.6181611300076805,0.6239453985970435,0.5099341410440684,0.3246296720949797,0.3436587610238486,0.3355413179953861,0.37176487174960837,0.6967664705971086,0.5483058462902846
2020-06-03,0.3319867996300944,0.33291322818092167,0.33146001003090675,0.33282918912839926,0.1573175931146174,0.3332755109473865,0.3336343181439825,0.5542447796052432,0.6184228786079431,0.6182951613015886,0.5252953922807168,0.32512801945632774,0.3443290416769734,0.3361300058527308,0.3573520039430207,0.7034327639715242,0.5174207914754714
2020-06-04,0.33082466543972266,0.3326902626886782,0.32858372891971194,0.3273836710735772,0.16864642760649873,0.3326519172208199,0.3344038320850723,0.4783477928153151,0.60931429180454,0.6116903202730306,0.5154369133895456,0.3251607085479188,0.34450358320109153,0.3362323488780252,0.3519649902134546,0.696412347407639,0.46355564981574704
2020-06-05,0.32707001798370433,0.3369044169956069,0.32793203779281055,0.3369356581856083,0.25557110350719103,0.3335099321972672,0.3356697097777469,0.5718073194610651,0.6150299862395542,0.6077145789392223,0.5425884140014502,0.32657260600552784,0.34395692030161196,0.336706561688942,0.3617358491139855,0.7061499052181033,0.5898224558379601
2020-06-08,0.3344899289105086,0.3387328516291689,0.33339258770036057,0.33952457629245253,0.20339349661806025,0.3346137498554632,0.33678286063924134,0.5944575425218555,0.6220520659140095,0.6061411052948689,0.567397352502505,0.3282950059901364,0.34309598439485256,0.3371903540554736,0.3598984296956593,0.7142564655430179,0.5304167969572421
2020-06-09,0.33909371668407806,0.3435266422373496,0.3397293397506494,0.3427382512339275,0.17662768052499325,0.3364868036968772,0.33804696856742245,0.6221560042584282,0.6309366845712672,0.60691571874593,0.5916467517684466,0.3301346782125879,0.34196370490648687,0.33760326359086523,0.3536519258200882,0.7215263646764901,0.5354175647252908
2020-06-10,0.3460889838809838,0.3609630875030909,0.34815605143493283,0.35844997747576907,0.28663950286812856,0.3399074676721596,0.3401885460708032,0.7325451241968095,0.6595644253787303,0.6140873428958096,0.6577105987386397,0.33725281572048926,0.33781679707280887,0.3393151924748391,0.38363227724191407,0.7322350762875763,0.6371135229075732
2020-06-11,0.35055878018713743,0.35480905700909815,0.33705535615729154,0.33486013757090755,0.35678019968359226,0.34101582702912325,0.3409153004181925,0.46327023161723296,0.6455200573241556,0.6166103556045737,0.6097029949798299,0.3372682637870833,0.33945961844457107,0.34012509401047264,0.42536300881220657,0.7193338666498214,0.32356758250744694
2020-06-12,0.34477041533388897,0.3458010491655224,0.33505542677038,0.33814088403465303,0.28274531362005767,0.34203770562719005,0.3416182999869479,0.48834180798495813,0.6377308476494482,0.6168460759224239,0.5860814408502854,0.3376087559178258,0.34091653616092377,0.34101485886607985,0.43544803562915246,0.7299208514656301,0.5362709914013227
2020-06-15,0.3314503406789945,0.3437941832667832,0.33242617922463624,0.34081887539788835,0.19994674479512367,0.34342826649992075,0.34277505749830894,0.508941984157661,0.6340444929280151,0.6161909687458107,0.5768815982922693,0.33848943302528267,0.34145621182016195,0.34174046472261,0.4466424055595912,0.7379196712502691,0.5310894188197068
2020-06-16,0.35002233594869847,0.35440766597220125,0.34916723202517674,0.35115204847518733,0.27636640205649426,0.34539918615675924,0.34396077490503807,0.5825790489253284,0.6448757040270797,0.6181457853433697,0.6038350634244489,0.3412539106954665,0.3406521545282952,0.3427989385446263,0.45588519516131765,0.7483072603992199,0.5936458048719525
2020-06-17,0.35480505602369306,0.3560577197439902,0.35417833274950616,0.35264738442744975,0.14464254200679982,0.3474201804891569,0.3450495707314061,0.5925864149750237,0.6539568433132891,0.6217880079939747,0.6212614115288213,0.34393848687133866,0.3403941808019306,0.34408199809261086,0.4381067644948331,0.7545773497750508,0.5209702534505891
2020-06-18,0.35250310337690777,0.35643675186798546,0.35487491641588087,0.3572894659749046,0.12413538378886577,0.3504698750294224,0.3461621126550124,0.6236723968786126,0.6661923395074979,0.6275020823930004,0.6426580455656961,0.3472925563985212,0.3393075135583482,0.3453119814263571,0.41983618390507493,0.7602064146677102,0.545997905831124
2020-06-19,0.3627613657344851,0.36268004415687793,0.3557064469392211,0.3546783684139551,0.2910810806589902,0.35227921822499486,0.3471012325406376,0.5924697376357089,0.670090054908115,0.6329653987408055,0.6400683920068159,0.3496190368189108,0.339576480919211,0.3466642772906474,0.41933779109221403,0.7493588656771297,0.4884350659721449
2020-06-22,0.3565035932584943,0.3659576664513375,0.3576389012606035,0.36677455928464997,0.20032702756308243,0.35505808180738163,0.34837854487145603,0.6709131685532819,0.6890458930613289,0.6416744098385803,0.6735876545763723,0.3543029461519418,0.3385728092425372,0.34863271701466914,0.42355068531637863,0.7573695725580791,0.6049324935240856
2020-06-23,0.3705833856437853,0.37307042790975226,0.37157094903226684,0.36976508901318694,0.18547882051434222,0.3578141897753524,0.34960023302056253,0.6882883285540098,0.706188604830253,0.6525650126853546,0.6961176064934395,0.35863846403787636,0.33871920169832903,0.3509796070707659,0.4123507842547963,0.7649161456888381,0.5320887403122846
2020-06-24,0.3694882768410068,0.37150959955019364,0.36062749162012425,0.36068171395712517,0.23095033210320579,0.3580417749167928,0.350833468665955,0.5804929061903112,0.7039542362096625,0.6607661226380382,0.6683424072092722,0.36037460209374894,0.34064191434856284,0.35282919451807493,0.4243816987922975,0.7559481980358025,0.43940147348232184
2020-06-25,0.36099572174569267,0.36562319344919997,0.35817819205628965,0.3662611973365034,0.16116649201250016,0.36124395164680956,0.352475708419674,0.617831856666714,0.7081334894971177,0.668283502044601,0.6612813169134386,0.3625413568553877,0.3427895222450543,0.3550145478704836,0.4250494841417709,0.76273480249382,0.5526569971791535
2020-06-26,0.3653090832010608,0.3640178285886528,0.3568524376673349,0.35731182314899473,0.37100058877455244,0.36319894092369287,0.3537451144795417,0.5210864155364705,0.6959175216222742,0.6715015786711513,0.6168811284019944,0.3631485757758448,0.34522881678713147,0.3565237588036314,0.427837934164785,0.7493890837987567,0.4398909520579189
2020-06-29,0.35648118979684273,0.3609853389766605,0.3538637026189035,0.3620207984987351,0.15255898287243896,0.36536104326329377,0.35497459604145676,0.5554067358631043,0.6910874691016795,0.6729706023273712,0.5988181341043588,0.363913689271139,0.3480964354260251,0.358324886158648,0.4271745584729597,0.755906629811949,0.546131464849119
2020-06-30,0.36117450582686433,0.37407379441008665,0.36327913477646884,0.3733359100361531,0.21197289450628057,0.3676232804553732,0.3564629890639691,0.6292444012835006,0.7018170277439033,0.6766014587401373,0.621144028983666,0.3667216111072996,0.3494741812485871,0.3604710098250282,0.43794324163981846,0.764281369864097,0.5972514396262256
2020-07-01,0.3729300597252832,0.37842179917840146,0.37233502277847014,0.37599175748927993,0.1944103899186804,0.3700038627909197,0.3581434455611152,0.64514989384642,0.7118767781510924,0.6818084846321122,0.6374216036472135,0.3695287704893456,0.35102769588384697,0.3627025188840125,0.43384745550443726,0.7721071311008081,0.5292105963219306
2020-07-02,0.37860667878598636,0.38214542828037373,0.3795931912484796,0.3794733275358704,0.17297243691757003,0.3722660999829992,0.35974758887074554,0.6660546555533142,0.7225117788893337,0.688408101688536,0.6518033100272252,0.37163318377013055,0.3542825595576524,0.3653955592819592,0.4215057371539467,0.7792627725385326,0.535335264206835
2020-07-03,0.37860667878598636,0.38214542828037373,0.3795931912484796,0.3794733275358704,0.17297243691757003,0.3722660999829992,0.35974758887074554,0.6660546555533142,0.7225117788893337,0.688408101688536,0.6518033100272252,0.37163318377013055,0.3542825595576524,0.3653955592819592,0.4215057371539467,0.7792627725385326,0.5090162641843036
2020-07-06,0.38564658559261666,0.3890798227178348,0.3865367327691009,0.3893823896413986,0.19313288969613301,0.3758051018524292,0.36187113263516246,0.7207658914859936,0.7429313673247069,0.6983611568874135,0.6864352709067005,0.3764077166225067,0.3547039181042646,0.3681070604924336,0.42054925360136886,0.7870486009424636,0.5833574743895659
2020-07-07,0.38926717699604135,0.3969730830688508,0.3863121172350056,0.3839146210444773,0.20643185442119713,0.37755298894057465,0.3637976657696793,0.6548380906056301,0.748164328314386,0.7075212509785296,0.6782461238592924,0.37920513151089275,0.356397938130799,0.3704020302024066,0.4319267422605759,0.7788470658911756,0.4688595933662697
2020-07-08,0.3884179324249306,0.39382916496738196,0.38788508087984114,0.3941361504273134,0.2064263883444503,0.3800382695753268,0.3662319154407666,0.7107402884815917,0.764518864138191,0.7185923330798953,0.6979814698536844,0.38384076847043647,0.3568575564469022,0.3730593066810406,0.43117458188197966,0.7870484300807097,0.5849689096234759
2020-07-09,0.40240827658701944,0.40078583046748983,0.39413197609378675,0.3974614335192544,0.2026914961901445,0.38378894432954114,0.3687635021590022,0.7275218333167119,0.7792558628416204,0.7308220053861594,0.7099465781833764,0.388906315951679,0.35554277168311166,0.3750762028220984,0.42979856674584815,0.7951330468746529,0.5331935651437583
2020-07-10,0.3963516833225384,0.3956574563012837,0.3932555856621531,0.3960107408271784,0.14846723399337514,0.38682270486519144,0.3712763978326107,0.7090075340198503,0.7855319721535703,0.7420421349615112,0.6995207277940407,0.3914321609301138,0.3593042722931792,0.37823769506667015,0.4172039490662006,0.788743403088702,0.49854196879472185
2020-07-13,0.39827367261905844,0.3994925521077866,0.38296378907745093,0.3812810241334498,0.2418434421915532,0.3892670050958993,0.3731312834096222,0.541453375298317,0.765573698660819,0.7464504566454212,0.6291731458814956,0.39106197302310897,0.36427219174378633,0.38046804458228345,0.44657519116619004,0.7794349523688688,0.402341185045693
2020-07-14,0.3796124448651607,0.3839961349015816,0.37291930135602797,0.38413780180141227,0.23759708142736444,0.39152242430283746,0.375118554067832,0.5612859188328774,0.7511592801172011,0.7466781351882289,0.5859983910289246,0.3906497397746381,0.3693042637553706,0.38270763736755764,0.4570425095506524,0.788610667914706,0.5303649618854064
2020-07-15,0.3872781639065624,0.38952587597393584,0.37966068912073064,0.3834459734445111,0.19533337602078985,0.3925534152957181,0.3769197142083591,0.5537432442927706,0.7360324677464951,0.7433982560729332,0.5497747917145029,0.39086223005449405,0.3724966568160709,0.3843772364867917,0.4632382948468938,0.7807560554503996,0.5038779946146245
2020-07-16,0.3779808135717551,0.37697237029449715,0.37354835681083043,0.37425088360599257,0.17785208171628564,0.39237588670653767,0.37836499790095013,0.4579920055597894,0.7080112706476138,0.734361236981321,0.49031908149479103,0.39012953293077157,0.3755730262457685,0.3854941395338858,0.46512935157939106,0.7734478832840429,0.4406217700655116
2020-07-17,0.3759024956512373,0.3755008650701055,0.37148113286336115,0.3719299672362544,0.19108467265228102,0.3916066396493404,0.37991930503930427,0.43536602302620836,0.680319140477642,0.7207938183342238,0.4435322873125228,0.3895874886869768,0.3777067854389885,0.38625105489906086,0.45278939051575007,0.7657260792201986,0.49140413574819464
2020-07-20,0.3770870527240751,0.39168870288926333,0.3751215100236376,0.39139112308580454,0.23207634391305507,0.39181148367500374,0.3818193623977808,0.5818465387458958,0.6852426773781211,0.7110667165127142,0.4831923902930499,0.3902007265945131,0.38093631866644506,0.3881491079515469,0.4804321973886021,0.7747292243945477,0.6574530167726018
2020-07-21,0.39644114319139795,0.39534534229909757,0.3864019312034537,0.3850304537411584,0.24070962170063706,0.391925272621064,0.3834071511983871,0.5200193081560511,0.6776787866607894,0.7015539131875544,0.4854055151001429,0.3907150390761074,0.38231709656983215,0.3890929395029723,0.4823144039117331,0.7654562152842478,0.4625006091117875
2020-07-22,0.3864734940481099,0.39168859665096917,0.38721088222818895,0.39172576981721774,0.3314097948971831,0.39167946993931546,0.38511642124737633,0.5648761598235839,0.6796233568535084,0.6943887176744815,0.5096499646634965,0.39204458449331503,0.38321365660389484,0.39022830887547866,0.4705089247123282,0.7775643822954612,0.5586476823931051
2020-07-23,0.38198137252296227,0.3886115774834637,0.3731888910610631,0.37117110290107963,0.47080490322701557,0.3889984685476936,0.38556028611964877,0.39293579587773825,0.6489096359214338,0.6816272167191764,0.4518552408869084,0.3912643812710074,0.38516379419669955,0.3907706113227274,0.49810567872248035,0.7610989232438718,0.35880616956792927
2020-07-24,0.3668511321746568,0.3706400584113595,0.36276228730116195,0.3684037183854805,0.25505104534813444,0.3861831952573087,0.3867306870642223,0.37321681476420426,0.6191247295122979,0.6646012460217525,0.40781478359888623,0.3911164680982546,0.385549810847856,0.3908813798731501,0.49493060146554246,0.7513776217088548,0.4878730597375012
2020-07-27,0.3691978683113521,0.3731151382540173,0.37029021863117983,0.3740948454593219,0.1795715532872205,0.3854503724067486,0.3879851908885221,0.41692814363237246,0.6028497538412529,0.6472556712961222,0.40451413699931127,0.38948830349027175,0.3890784937702747,0.39174906378874785,0.4768026521577441,0.7587395421012393,0.5527651099765718
2020-07-28,0.37398047420200037,0.37474275744670704,0.3722676240776186,0.3700106269442123,0.12561747145536636,0.38400972960913915,0.38900374802386317,0.3853694231572799,0.5829650398500819,0.6288282648514605,0.39334173656127996,0.38856783728788846,0.39091468558012954,0.3921621387106744,0.4589529981594279,0.7530641492644377,0.4780127979730073
2020-07-29,0.371499764336636,0.37463128792949946,0.3728743427436576,0.3745634575152912,0.09735941641041179,0.3831039198681663,0.38982061773749943,0.4218635121806498,0.5731842232144982,0.6118478375548302,0.4082851239503693,0.388521923261972,0.39109409363860437,0.39222560303691945,0.4402098553711853,0.7578562356509688,0.5438900571343452
2020-07-30,0.3681473361828681,0.3742075807313477,0.36739132919183276,0.374206275889803,0.13989330218190169,0.38309937092007895,0.39057284950044036,0.41880548435654447,0.5642082097994645,0.5962091861445185,0.4221420457214113,0.38856585640846086,0.39085771376377443,0.39213329346139625,0.43805290024519505,0.7517346007304975,0.5063076741131654
2020-07-31,0.3757459961949728,0.37563463608270015,0.366132954733994,0.37668358584618133,0.34264102087572795,0.3835841293011564,0.3912495481612659,0.44012816805956784,0.5601346777900622,0.5827659696401446,0.4448149600696214,0.3885392547382349,0.390590802670596,0.3919890635397494,0.44418204362367997,0.7641938398284314,0.5278170183389116
2020-08-03,0.39165844954570966,0.4035952646508374,0.3918174562488783,0.40241594680002,0.5608077612042861,0.3847084045394359,0.3929152053593916,0.6155542744018001,0.5941576233192436,0.5797981119272269,0.5529971302642764,0.39104915151798647,0.3892724140417101,0.39266289973566515,0.49419241833667327,0.7834726597028948,0.7032464384769375
2020-08-04,0.39758095856068165,0.3971960437819368,0.39152537612318944,0.39516273214761866,0.32886728834179535,0.38574166094471063,0.3939057240674927,0.5491302928496389,0.6091174521979983,0.5808476307642143,0.594485782090918,0.3923555145352302,0.38905912078793325,0.393244428193686,0.4972600475934439,0.7714439678160895,0.4571834823038481
2020-08-05,0.39921237126352865,0.39770881947860215,0.3943567103442441,0.3943815817263477,0.16899469478208315,0.38601249190258924,0.3947646415003939,0.5420118768890883,0.6184919654164913,0.5838327586975416,0.614475397421456,0.39239398852609264,0.3890437460771232,0.3932571170161532,0.4811341696938617,0.7644126649175955,0.5033489636098935
2020-08-06,0.3934910134910304,0.4007634833656187,0.39431172143355386,0.40199190691624326,0.19906124036213543,0.3891554960608723,0.39620603468757765,0.5895064912362544,0.6357278724132471,0.5901655842866619,0.6490480745744924,0.39332065603921507,0.38852716136369725,0.39349134293946564,0.47557963623225175,0.7723838050980949,0.5643204573772598
2020-08-07,0.3991006685520146,0.3992696293100284,0.39291854011293886,0.39335496446204543,0.16129533525010425,0.39169994201803837,0.3971513890554097,0.5089686034517646,0.635026210942086,0.5950712578904294,0.6343094482375112,0.3929058148993858,0.38869193700490157,0.39335403903836585,0.4744878169011212,0.7655931731844486,0.44724090927441823
2020-08-10,0.39199374967703454,0.3907521864352946,0.3826268540834002,0.3839146210444773,0.23076214288949312,0.39270133041408306,0.3980796125494157,0.4302068693585425,0.6190970611927253,0.5953501466048313,0.5865272538210641,0.39302456525765517,0.3888432150014024,0.3934901962594918,0.47828520885133075,0.7566311080575132,0.4402648189328655
2020-08-11,0.3819143439540747,0.3813204084997887,0.37541355976325624,0.3730458354769325,0.22865379900142588,0.39301085099099287,0.3984642975883975,0.3505228060473167,0.5893177782184713,0.5887577746595332,0.5155656853499375,0.39290971019296417,0.38779175300875357,0.392916740501992,0.47489960335266057,0.747734946749958,0.42825408216168753
2020-08-12,0.3777350169916382,0.3871845208635177,0.3790313582025842,0.3860123922012773,0.16280006809169892,0.3941783756703706,0.3989066047702676,0.44450168779163785,0.5840893273270793,0.5822872593820915,0.5168241356850386,0.39308510123928975,0.3878750058980124,0.3930494246058893,0.4838856179813906,0.7545726144635841,0.6076733971022314
2020-08-13,0.38700987879751947,0.3895703703248997,0.38667156109051576,0.38491884559069245,0.12044422024853471,0.39527080827203886,0.39921808828193983,0.4362164188217919,0.5774724861466778,0.5755964732893057,0.5145493329495074,0.3932827088342047,0.38879256464580025,0.39360095929703,0.4671565662994859,0.7490589300724839,0.5009270095958895
2020-08-14,0.385490040279351,0.38564595281515246,0.38523331722229925,0.38536510047257155,0.08429002690871498,0.39615612056167004,0.39942366372865334,0.4395216688331394,0.5721083879849149,0.5690161815657987,0.5156904414213834,0.3933292241395099,0.39016572793131454,0.3942955570159339,0.4440325585437366,0.7534424860053239,0.5123250803154409
2020-08-17,0.3873674736659786,0.3892136112354285,0.38840185087501705,0.38844505889746905,0.10167137009556265,0.39473141539333567,0.39939095843120354,0.4631767619681924,0.5716611928093731,0.563649600152555,0.5282247916012559,0.39301326699062034,0.3901934178507579,0.39414324520562516,0.42398369955777293,0.7583693579068985,0.5318311663509032
2020-08-18,0.3894458996108659,0.3918223678574294,0.38905352435660395,0.3911455140667855,0.1106622854760094,0.39432175271462755,0.39964325838898695,0.48413445558031015,0.5745131043176182,0.5600090422809472,0.5460499540857643,0.39355764732383536,0.39025578340197076,0.3944593944300824,0.4111944010131815,0.7635772729848967,0.5288886998382792
2020-08-19,0.39273399360522193,0.3923858770324241,0.3902800545214402,0.38828194749540296,0.15978982154040292,0.3936997320904273,0.39943899383300197,0.4564680680517806,0.5717323942778951,0.5564601843619054,0.5469969669826813,0.39319085108754226,0.3902854159331143,0.39428134847497587,0.3973324077132886,0.7568337012800523,0.4880640687470027
2020-08-20,0.3883653267026847,0.39886760931694015,0.38951413442130334,0.3991992861628001,0.15474463270306868,0.393414949816861,0.3994996309005465,0.5409194240240038,0.5848425956319279,0.5566215850915126,0.5853139201854406,0.39473250048143893,0.39159661920890987,0.39573040832545703,0.4064698118692528,0.7634195675860022,0.5893840275463273
2020-08-21,0.39804347631886067,0.40166155087932487,0.3983892206195406,0.39570936327692324,0.22711392709503012,0.39365504365937654,0.3994891152501321,0.5056073913620673,0.5890598978849351,0.5577159052565747,0.5949484588349995,0.3950432881598702,0.39415489897114375,0.39714211287063617,0.3966813571526898,0.7545715404754164,0.483909533269725
2020-08-24,0.4001269606873882,0.40002995820858694,0.39744314757092963,0.39720828917287904,0.1428645053278631,0.39501068818395957,0.4000448485855105,0.5174083900760629,0.5936005582651276,0.5596305668415911,0.6034203705735839,0.39581678436720236,0.3957715222521143,0.39833708019973224,0.38548636850303875,0.76078605096357,0.5198786019547929
2020-08-25,0.3963408341619601,0.40246616052579215,0.3989523266681138,0.40342756449760364,0.12399560839776799,0.398108916919356,0.400717906021001,0.5653444223006128,0.6052866331920628,0.5638368482167875,0.6270866150524759,0.3968014521389541,0.3982525100651898,0.40006473918078334,0.3779439640518657,0.7664107466770927,0.5539444710261123
2020-08-26,0.4070494838729752,0.4147145779500691,0.4085481924754583,0.4138975464192159,0.2532847216907981,0.4009525531729148,0.401780420782629,0.6362437831390679,0.6286907466560048,0.5725582929337204,0.6737160602883562,0.40023808021159024,0.39872357066334607,0.4020983154726786,0.3852736650743045,0.7760768354567625,0.5836803529276388
2020-08-27,0.4182733701579148,0.4349646611248629,0.413143385059743,0.42604541826149606,0.3938519130487746,0.40514650570110566,0.4035876330960565,0.7042319071879586,0.6634771870127187,0.5874969026547352,0.737922586860832,0.40622024165885395,0.3977819361914394,0.4047784042673308,0.4337208339040737,0.7901368539186191,0.5938125423297265
2020-08-28,0.4301245058295019,0.433824755178261,0.42931665778886186,0.43125801650421497,0.14936757492039052,0.40982651423859295,0.40565770442465954,0.7300501269406909,0.6965829222968597,0.6070245871419613,0.7853153375319768,0.4125122152822107,0.39679689234204274,0.40759990773728405,0.42646928465156464,0.7965546410763275,0.5445299855441803
2020-08-31,0.4274808836751808,0.4294885517024528,0.4242032835242998,0.423696279958169,0.16874325525172848,0.41342131774611446,0.4067848943429637,0.6425292688951667,0.7092030516395604,0.6255350606869907,0.7748102952261872,0.41587232613455494,0.39543780167049214,0.4087001030691181,0.42340425131257653,0.7895311978185152,0.45802212241744505
2020-09-01,0.4241428857037626,0.4266947228492093,0.4244736320499688,0.4275890229616352,0.14493692928302254,0.41713770684299156,0.4082698458122388,0.6648479449411389,0.7224793684213466,0.6433819448591832,0.7679572088641067,0.4200876566525139,0.39433973650550724,0.41037654551563196,0.40982492266121695,0.7958104893202372,0.535661220275199
2020-09-02,0.4296540486122191,0.4387866811794767,0.4310511121816809,0.437387827588582,0.2101808022014234,0.4221453628812014,0.4098630840488542,0.7167190480436059,0.7448065403451013,0.6627693958768709,0.7838671044575205,0.4259965554799129,0.39254121663152886,0.4125999726859544,0.41467357183446873,0.8041292111259121,0.5755733848306922
2020-09-03,0.4325663677508368,0.43085197250191487,0.4031420230315829,0.40528438289898666,0.40008402140828003,0.42276590101953104,0.4110533629088471,0.4293906383798682,0.7123305668927229,0.6708466914229171,0.6670637387189553,0.42619377908799894,0.39267790298660254,0.4127701940203419,0.4945782906083277,0.789874385855732,0.29508075720059856
2020-09-04,0.40082145453723406,0.40637762755977563,0.38113472321302155,0.3984610728898611,0.40995263254064807,0.42304651130963233,0.4121021226193198,0.3840921493047243,0.6744758092793703,0.6686448386078263,0.5609078924516544,0.42627920709637024,0.3931269275571385,0.41303418033175776,0.5448640321347548,0.7753110818932087,0.4605433688940979
2020-09-07,0.40082145453723406,0.40637762755977563,0.38113472321302155,0.3984610728898611,0.40995263254064807,0.42304651130963233,0.4121021226193198,0.3840921493047243,0.6744758092793703,0.6686448386078263,0.5609078924516544,0.42627920709637024,0.3931269275571385,0.41303418033175776,0.5448640321347548,0.7753110818932087,0.5090162641843036
2020-09-08,0.3815548480813417,0.3877591298934724,0.37439955345923326,0.37253222472080716,0.35732368388584956,0.4205301274688744,0.412047599734644,0.24294474944440686,0.6047333117026265,0.6509216288278747,0.40061418659843817,0.42714866410105845,0.3909862140592528,0.4124457093145363,0.58394995730014,0.7623928837153469,0.32219516445702645
2020-09-09,0.3840192530420502,0.398510056818509,0.3845360677684451,0.391839048535541,0.3007474469517252,0.4193483687503422,0.41280923592936836,0.36550027714506644,0.5773457526233867,0.6304749637767464,0.37248824766598787,0.4261036311072104,0.3941007622155315,0.4134173202909053,0.621127098392586,0.7735425895133745,0.6560802611879822
2020-09-10,0.3970129373505046,0.39828656356851105,0.37870198347285944,0.37859499982690065,0.22096224815051393,0.41574833123402544,0.4129499043021244,0.3011904068451547,0.5355707777995418,0.6045567357428592,0.31598177665953764,0.4265460226136438,0.3928393092339322,0.41303384037054747,0.6451194616705973,0.764886855102447,0.4122541483926811
2020-09-11,0.3831232036906751,0.38463015043788423,0.37223728259030575,0.375597290210977,0.20658334283389532,0.41060379716663475,0.41299843950426696,0.28722460445176284,0.4980724406132087,0.5752400367911993,0.280884748810912,0.4271566771035614,0.3911952055728657,0.4125519150342296,0.6453887301647273,0.7566805847396924,0.4864834161891996
2020-09-14,0.3764918139844244,0.38590400859839386,0.3785217341035978,0.37868446406725825,0.18124963884850068,0.40524251931535693,0.413068254047111,0.3074997320280662,0.4733031760202817,0.546117820530752,0.2828932298586295,0.42750101627127557,0.39011723836624435,0.41220652547043934,0.6305582787872427,0.7640949596905391,0.5323739866113529
2020-09-15,0.3858562518706564,0.3872003942612764,0.38505411756135627,0.38622373680722344,0.11447057923234419,0.4014211926917256,0.4125032762656671,0.3565971258429422,0.4653383121401411,0.5209971562943944,0.3242184570638216,0.427549753410399,0.38982952389923775,0.4120916828983787,0.6113527827888432,0.7694219165933954,0.5656755925868153
2020-09-16,0.3907849396074471,0.3891449708135687,0.3798958500186968,0.3778791437280519,0.14964244049394596,0.3963519428090153,0.41190021816272615,0.31120457412917407,0.4472642755781527,0.4967640818081252,0.3333848624651746,0.42798904324618114,0.38795182401717454,0.41140581023799383,0.6046595725365576,0.7629955375303457,0.4473170244471001
2020-09-17,0.3671050126863774,0.3750190915694441,0.3693539398217199,0.3730915806010247,0.20963809886727272,0.3897952231483448,0.4111573685079801,0.2859539753291715,0.4267084476834809,0.4726730800050362,0.3348520896502082,0.42868392385845633,0.3855954639890995,0.41062046676513364,0.5921949563747269,0.7546937798559558,0.4729734882089049
2020-09-18,0.37326583632547083,0.37349921169167366,0.36099699586206707,0.36745391169861696,0.3752914590208226,0.38593739620021983,0.4099522705057769,0.2565702213803031,0.40319191233159296,0.4480181293317676,0.32902802062599296,0.42943280904227854,0.38142735766245806,0.40897922776134266,0.5963124307247297,0.7412139346840426,0.4661259107342398
2020-09-21,0.3606977235720078,0.37139818558447085,0.3612897848929366,0.3722637609117404,0.25515021559768425,0.3832658805433745,0.4092163572860784,0.29335273923344957,0.39299243258975625,0.42595984865518843,0.3558446100253301,0.42969809055626007,0.3786584925739691,0.4077670877970613,0.5928673359626943,0.7509383361394528,0.5460688843975704
2020-09-22,0.3783288448067862,0.3834454178936625,0.3741292863713857,0.3831811706671316,0.205779048684003,0.38435182500394605,0.40919076577218527,0.3718262865232857,0.4023272347525114,0.4104496484437907,0.42346859975543233,0.42939961604036536,0.37749356622383035,0.407041884381099,0.5875625061395492,0.7591194654155551,0.5922256618950805
2020-09-23,0.38469128741075254,0.383445429630751,0.3695115754881182,0.3679013039883989,0.1845917543451406,0.3819107325971882,0.4090112630367183,0.28512497851228985,0.3883230866714015,0.39483640667166897,0.42240445867145693,0.42912560783044307,0.37402492552078215,0.4052051731943296,0.5965622683422663,0.7516006207065797,0.3952974058605929
2020-09-24,0.3666569124134232,0.3777905874384607,0.36764193609024065,0.37371793691551886,0.18770507548651988,0.3814133857725195,0.4085822855176212,0.326193814095821,0.38722679511492725,0.3820949087449052,0.4520618181585001,0.42708387237842704,0.3719642922533527,0.40312788340368755,0.5933711056485761,0.7592167833888398,0.5537799592044423
2020-09-25,0.37494601351184564,0.3855463923541291,0.3751654399210381,0.38407606187868626,0.17392119166720027,0.38227802300247726,0.4085528791504819,0.395084162215009,0.40293670046825575,0.3754971828550316,0.5155103935594794,0.42251852107342125,0.37242785745734097,0.40095806352214247,0.5912909043158076,0.7664020815452854,0.587710400753774
2020-09-28,0.3913674579396635,0.3934364263687412,0.3875995670255801,0.387700341073086,0.19397076117461307,0.38319743246713445,0.408634360248751,0.4181877354200831,0.4217290761053635,0.37451994905417485,0.5735549000872814,0.4162286207877053,0.3745776767353768,0.39870612738849587,0.5774717638960729,0.7742141006152146,0.5359376765217085
2020-09-29,0.3879397591200584,0.3878486090638364,0.3847838378179905,0.3828232426177072,0.13319579643080806,0.3828506612611462,0.40843820411621323,0.38599181731073057,0.4302164788832075,0.3756806449366201,0.5956339407643253,0.41080380954528095,0.37608160074484265,0.39659298731001735,0.5545179717093012,0.7683018201609743,0.47306903920404286
2020-09-30,0.3843104580692998,0.39211763870976635,0.3841756422792523,0.389691373607004,0.2082153571768807,0.3840552335886518,0.4083874663199989,0.43228771004671335,0.44781114952822954,0.3806360338974662,0.6348228736320819,0.40373414713183065,0.37966950881879125,0.3946336750850824,0.548012431028335,0.7765591049616934,0.5601710903999478
2020-10-01,0.397214604381998,0.39661024767545466,0.39494285709209154,0.39445657955994107,0.15612598838380606,0.3862339658675552,0.40860291127325765,0.4634299906001403,0.4692471508153126,0.3895063295622557,0.6752532886444671,0.39076181167695845,0.389071684773168,0.3924141253101845,0.5298801028941253,0.7831881504737483,0.5439901570665479
2020-10-02,0.38491535522034237,0.38990491238974606,0.38192310577693905,0.3804294965981906,0.20294996353345943,0.3875571733113147,0.4079479967142754,0.3663199668314003,0.4658042724074249,0.3958146062565744,0.6487945507794233,0.3865166324523749,0.39100388690040966,0.3911291252268595,0.5351881705439805,0.7750954543597256,0.40709760997865074
2020-10-05,0.38316791134846223,0.38860852993182654,0.3851667589204845,0.3898032305654487,0.1106263655431016,0.38934579070197606,0.4077419202270184,0.4291739777372365,0.47733213670813235,0.40349957059284636,0.6630120167155924,0.38466971334339106,0.3920728577907855,0.3906815139212335,0.5217758102027922,0.780302246631912,0.5791954843954122
2020-10-06,0.3867523913171118,0.3880944241604613,0.3803012831249869,0.37980306919570256,0.1670261262851137,0.389001303031681,0.40713461816185104,0.36421719924447377,0.4719580938371018,0.40841760320089704,0.6344370833793163,0.3846149010024592,0.39290200122791874,0.3910574173006741,0.5184241412895202,0.7733324783736616,0.43563822867764557
2020-10-07,0.38280954988488414,0.3879380861883726,0.38458120419168784,0.3885728751105506,0.14459022384365147,0.39110932182195013,0.40661630908250557,0.42234626347072607,0.4810144069888702,0.41442471678718806,0.6456843490901442,0.38404214357004574,0.393171933792566,0.39088855581112747,0.5060736798426753,0.7796009323584189,0.5747632844869152
2020-10-08,0.39053846919192825,0.3903519112588771,0.3881851948079986,0.3902506583992277,0.09964892169923148,0.3927952743475711,0.40579122304807735,0.43328649279043346,0.4908407090167958,0.42147931988371606,0.6565020872439912,0.3851590617306875,0.3932055327797759,0.3914911545136678,0.4855703801923055,0.7844645854110326,0.5213595767082022
2020-10-09,0.39215143096895877,0.4007898022787419,0.3947400182309969,0.4019509957757381,0.15065678816453829,0.39461810127771313,0.4049505216634466,0.5061475525841375,0.515901863000522,0.4328586631892918,0.70116497570987,0.3886601951441059,0.39223221499537686,0.39285364370137954,0.4829025951170829,0.7909226715338509,0.5947881171292366
2020-10-12,0.4090881191227336,0.4186707191504736,0.40730927852336996,0.41445683121143956,0.26000487261698574,0.3973466400830128,0.40436429554628506,0.5738507342227357,0.5537984761804505,0.45063540642643246,0.7672328424033066,0.3951037756576773,0.38909243691097517,0.394703078625551,0.499242361064276,0.8007988226355894,0.5984712871905673
2020-10-13,0.4178925301010477,0.421688159242521,0.4154635090458932,0.4177231468124178,0.17012226832814578,0.40090561745276887,0.40415588128322544,0.5904483619202807,0.5877277992992666,0.4726220894650131,0.810710152648766,0.4009539584440629,0.3861381384534648,0.3963316012424526,0.4922017775490294,0.8078653718730407,0.5317905133838892
2020-10-14,0.4185198020056946,0.41947538263746253,0.41253522081805655,0.4132487973866346,0.12694728984106213,0.40330792599933984,0.40365552284948647,0.5528159428593526,0.6067753699337273,0.49457078841549074,0.810317879585317,0.4049140461795355,0.3856263406994065,0.39816021583953465,0.48776980283426474,0.8021484108123856,0.4780234315971846
2020-10-15,0.4053020314735827,0.41084782732731,0.4055072194164487,0.4105641592959671,0.12157023205838396,0.40495052396872777,0.4027195927566276,0.5300574542687222,0.6165791161904303,0.5143734975409463,0.7881555994087288,0.40758287347480304,0.38672587095561006,0.40009755186926577,0.48202426338378745,0.796599528899972,0.49025197202965437
2020-10-16,0.41213490537032466,0.4151615674579649,0.4129631693766491,0.4105641592959671,0.14753253486966533,0.40802355769364207,0.40290381445067747,0.5300574542687222,0.6229780328317294,0.5316801630662221,0.7623782089685879,0.4092525749496201,0.38949701585594654,0.40232635593959376,0.46391801673427757,0.8029599553259976,0.5090162641843036
2020-10-19,0.4127397413473754,0.4151838866477599,0.40034885643216944,0.3983938947355998,0.15977576591448248,0.4088996053527465,0.40290147047387803,0.4270359602883837,0.6087334955995858,0.5422653968384125,0.6929639685268065,0.40928110841597076,0.39223429758195394,0.40367728644615875,0.48521391529808233,0.796216822979949,0.42348742544292073
2020-10-20,0.40238965570912016,0.40416486041771477,0.3989298097656627,0.3993559285574191,0.12172952915214905,0.4108935415995091,0.40383740180693617,0.43427700356756266,0.597795762260515,0.5482303021355935,0.6452484514367056,0.4098369563629316,0.3933499552382126,0.4045135230309995,0.4757787567764932,0.8017706842920492,0.5159488285893375
2020-10-21,0.39638569143826724,0.4031591153714953,0.39899742919817593,0.39969157052074716,0.12150620087363526,0.4120273895644011,0.4041113916114111,0.43696093746814785,0.5886520295589701,0.5509095314593196,0.6113162907879736,0.40884568864573656,0.397783464582955,0.40615708295916053,0.46375692864697127,0.8073175646810594,0.5114301065286181
2020-10-22,0.39820023875060884,0.401236834290626,0.3957987338838948,0.3998928206315556,0.11859043936324892,0.41301066553527255,0.40485451411001727,0.4386835229172426,0.5808203593780882,0.5512605072779246,0.5872717189540477,0.4081625079010772,0.4012908330747246,0.40751032703958323,0.456397862097888,0.812773302528749,0.5104625873178061
2020-10-23,0.40066462884675835,0.4017286122278531,0.3990875146151968,0.4028906724234671,0.09147947956702426,0.4131064906672127,0.40580683343748236,0.4652403029602285,0.5782198175213975,0.5509461107885479,0.5804002196862991,0.40849381673325336,0.4029275899194593,0.40848304426810633,0.44114108627197335,0.8173815904856755,0.5305518911589905
2020-10-26,0.3980210620243,0.4018626784645955,0.3876896125159474,0.38913205327078326,0.23384735277903154,0.41052395315988743,0.4061713701975832,0.3397963692310751,0.5550979565437886,0.5454027721440512,0.5263993666916905,0.40844818681314865,0.40312831963388074,0.40855706393052094,0.4617542142707647,0.808323086103047,0.41079117553323835
2020-10-27,0.3929579557820104,0.3981300370890496,0.39271275957381324,0.39622386263297266,0.2306356422562091,0.4083315269161444,0.40652029408788004,0.4043949628437555,0.5468334233039296,0.539076625696271,0.5183150758630477,0.4080812473886324,0.4049424381101938,0.4092498773124784,0.4561005099297841,0.8172811970008197,0.5611280421981331
2020-10-28,0.3841759848940037,0.38509934271697405,0.3741743151896588,0.3725769390689875,0.3438248169254724,0.4041839446611657,0.4063352898280309,0.2380358043480843,0.5050855634483633,0.524461018255363,0.43270732744760043,0.40974448042466094,0.40134093762933376,0.4083650593518866,0.49541281548607874,0.8047849541287448,0.33783778087326566
2020-10-29,0.3761109096624543,0.3817913610514201,0.377034988455798,0.37714075273512826,0.1895018530000172,0.4007755356607704,0.4064765733396719,0.2784496971358906,0.47907917343593465,0.5068165385286058,0.40142725545685715,0.41045060260691923,0.39874733891297864,0.4074698293901221,0.48796632242910787,0.8124572815104101,0.5437763313492512
2020-10-30,0.3748339950679888,0.3749296374652349,0.3685880183966372,0.37210718960511535,0.23261436203856553,0.3968538204584723,0.4066389352797175,0.2473303659268556,0.45158410024295303,0.48640825113155256,0.37288458520320233,0.4113074246689655,0.39694436777843856,0.4070395652943568,0.483904659810827,0.8034373186577081,0.4710604022857949
2020-11-02,0.3766038021185111,0.3771423942905428,0.3697142792952835,0.3717939759038713,0.18489160769811017,0.3941412482797262,0.4066225435647125,0.24535447218174805,0.43017983069832355,0.4651828990534553,0.36444651332953615,0.4123372492190269,0.39392921884087906,0.40610848504475594,0.4805408922405977,0.7959091009610876,0.506628213099803
2020-11-03,0.37570780223746636,0.38349019629243714,0.3764720162599158,0.38096645976032106,0.15888713800906745,0.39226595077387727,0.4065452679824896,0.3317357515305653,0.42774530984753883,0.44764543690803876,0.4025324580975399,0.4122747281205944,0.39411968927786345,0.4061686324521664,0.48169723810162723,0.8026244560677085,0.5789988891120661
2020-11-04,0.3984019506195342,0.40628825801119983,0.3974206275075823,0.4032486360168883,0.2744540560632066,0.3926286886064191,0.40777860532422994,0.49597259899637475,0.4594857364514041,0.4408797903615496,0.5137762266049313,0.4130146625385951,0.3948785996077605,0.4069273707444796,0.5242079510318456,0.8129522680115993,0.6756443733460348
2020-11-05,0.41636907159419967,0.4192518265315708,0.41708530402652777,0.41868507400224614,0.22579269825850798,0.39454506075746776,0.4093475964230636,0.5816473769516668,0.5075693465756281,0.44647200495970835,0.6413995628750575,0.4158766261117268,0.39481302681932995,0.4083974328472382,0.5354232646172358,0.8217589953953733,0.6191380940825051
2020-11-06,0.4168619365720178,0.41978826170465644,0.41005737445794904,0.4196470722800684,0.14108256430839294,0.39625382326740244,0.4105887383394068,0.5866154893127935,0.546617022827732,0.45988248510995405,0.7221411347315492,0.41820027257800474,0.3941888243780176,0.4093123217550929,0.5363273981596393,0.8279178049517396,0.515666982724638
2020-11-09,0.4217458355817977,0.4281922893600466,0.40971954270039296,0.4077229854426715,0.2907211004618054,0.39814966534517104,0.4112873674456007,0.49044152501816224,0.5591843460097364,0.4734871096195232,0.7241461217244329,0.4173234849765305,0.39441836715060485,0.4089641812619421,0.5637275146524812,0.8170815084280977,0.42673823993027726
2020-11-10,0.3994772202527878,0.4022202834829993,0.39133870314988267,0.39121258558905586,0.2879888429564916,0.39763863180498205,0.41158008798108237,0.37878534505542844,0.5441150925135818,0.4809219605809213,0.660429020922585,0.4148046900493102,0.39431870526641444,0.4075935826211462,0.5785057298388171,0.8063306183726081,0.3923115633879649
2020-11-11,0.3947501959161044,0.40566233327181167,0.3969250028690771,0.4036065285223158,0.17394852205093447,0.4008029272151098,0.4120656148706173,0.4546362099209736,0.5500843867652725,0.48823601336408856,0.6591815019271288,0.41355870797364813,0.39463717437661605,0.4070950763659116,0.5810876222487479,0.8135167708378235,0.5996876044371943
2020-11-12,0.4055484865804945,0.4080539649548961,0.40201582458474977,0.4011233182624416,0.11267458258695359,0.40324859031791394,0.4122982303840824,0.4381367730298718,0.5505839794116991,0.4942015956554935,0.6452554429589821,0.4124567329647646,0.39482212182287346,0.4066069839494779,0.5673177197817105,0.8082459542255502,0.4913144055221016
2020-11-13,0.4036441062194262,0.4042765127762779,0.40133993955156055,0.40351695764996726,0.08946093551122655,0.40645165508958925,0.41310379692070753,0.45319875577743035,0.5539665345248704,0.49974821533943214,0.6409286905289767,0.41154410575275546,0.39505701115727454,0.4062426429264403,0.5450891076642012,0.8127911453776256,0.5261675190743561
2020-11-16,0.4003061774420116,0.4049918877615563,0.4021509802885887,0.4051278471363587,0.13890706576315023,0.4098509335718715,0.41363850267585534,0.4637293785296282,0.5584178178793274,0.5052042611245358,0.6399933067264711,0.41216810470202725,0.3950993175671811,0.40659078893247547,0.5241765847375629,0.8188819519559204,0.5205018043627812
2020-11-17,0.4030617856774828,0.40485777278626695,0.40115987523148566,0.3989309289857242,0.1326663678544712,0.4116828910201267,0.414305911003239,0.41646712385232193,0.5521701098332512,0.5081392061231217,0.6139571432122057,0.41213710471090303,0.3950876333956276,0.40656881641252784,0.5073390848364027,0.812986220682991,0.46497908599066873
2020-11-18,0.398826107625111,0.4005067319323885,0.3953082245078988,0.392605554830063,0.1656088506714685,0.410597544628427,0.4144466190623747,0.37045448947278653,0.5374222363142876,0.5071118666148817,0.5730374434281099,0.41176000038256655,0.39474253321453945,0.4062024686995359,0.496127289024455,0.8060607544366573,0.46348566110596257
2020-11-19,0.39372740535349726,0.3957111400207895,0.39304984097528006,0.3956112618453035,0.13765299158380356,0.4082445532035105,0.41463366096978016,0.3940030172627574,0.5299091374711533,0.5045704977033335,0.5574016079546744,0.4114751733685128,0.3945952781874189,0.4059811116862504,0.4779520458099211,0.8121123604468318,0.530940656256095
2020-11-20,0.39556914769595647,0.3962936848764643,0.39320785698292315,0.3910578270262761,0.1224291869757447,0.4053291160633684,0.41425357707044197,0.359493369738817,0.51703013854462,0.49958983002020174,0.5322102383685278,0.41071847665189354,0.39415554337404446,0.4053693524073164,0.4623689922442069,0.8065366288302263,0.4760118769073395
2020-11-23,0.39276146505369075,0.3940527445450755,0.38905235118040987,0.39042980014392464,0.14460896467821208,0.4035656139406729,0.41341522710380696,0.3546380012227995,0.5058682830652521,0.49305072008335876,0.516115738076371,0.41073764312098526,0.3942724029303629,0.40543644604918383,0.45362005039149833,0.8002675890337411,0.504420251946777
2020-11-24,0.3897068163198143,0.39844517236842497,0.3906333847762167,0.3988412870253818,0.20939134454555822,0.40434356380612346,0.4127564021962272,0.42703452835301653,0.5094764431300131,0.48864521942042816,0.5381501605906194,0.41091863250629324,0.3943550386377044,0.4055717671494954,0.45407770051330243,0.8085616335203814,0.5706550487101744
2020-11-25,0.4021054321511552,0.4007755508441361,0.39876358699590875,0.398863502023484,0.10813773888707556,0.4038598855736756,0.4122544711896937,0.42722193935670444,0.5122744904302269,0.4857611984315101,0.5538629372428123,0.4103324819285785,0.39776989530452844,0.4069307850576067,0.4370669479504904,0.8136906348768772,0.5091761995891168
2020-11-26,0.4021054321511552,0.4007755508441361,0.39876358699590875,0.398863502023484,0.10813773888707556,0.4038598855736756,0.4122544711896937,0.42722193935670444,0.5122744904302269,0.4857611984315101,0.5538629372428123,0.4103324819285785,0.39776989530452844,0.4069307850576067,0.4370669479504904,0.8136906348768772,0.5090162641843036
2020-11-27,0.40152152349329884,0.4029717956739956,0.4023319744709923,0.40191410110688974,0.05737584587537658,0.4039405270055856,0.41195265379187096,0.4539239997360209,0.5188608176161185,0.48496137187736826,0.575387037901361,0.4101540338227926,0.4005860316839944,0.4082115696219253,0.4183430115775184,0.8172328919420961,0.5309778328129215
2020-11-30,0.39983696839598604,0.39958799169032233,0.3951050334352751,0.39931228052914763,0.202247182237437,0.40351174787093125,0.41156005380054284,0.42791115457644663,0.5200251844057685,0.48458799528953267,0.5797911145304188,0.4086189858425813,0.4051185908935787,0.4096180755170308,0.4145094587391951,0.8091621637678668,0.49040385655545105
2020-12-01,0.40075775881697373,0.4053247647087901,0.4007736348244663,0.4041122485111152,0.185378088528579,0.403408180465593,0.41175957831455534,0.47218223106161644,0.5278166248327073,0.48607249441307926,0.5989779538941641,0.4064543237686562,0.41086984902176227,0.4112889334115565,0.40808940631086754,0.8167055881605887,0.5435394181930068
2020-12-02,0.4015889142902909,0.4011790305959398,0.39953153775671724,0.40222813232006394,0.1293117584681242,0.40374441841011377,0.4118597951046288,0.4517083524007713,0.5308788791122105,0.48796094140347973,0.6031496445972448,0.40515101506543305,0.41452361954968386,0.4123881639886049,0.39831374716660617,0.8109147171869399,0.49559912455771116
2020-12-03,0.4009824322847835,0.40321830221325955,0.40145118338438046,0.3996935254405802,0.1402158007099653,0.4044672263255622,0.411859863315594,0.42378873551165036,0.529244136106256,0.4890975609401556,0.5953852971247569,0.4049681320761669,0.4143436910333784,0.4122043644197194,0.3846052249685493,0.8047830014229855,0.490896463693347
2020-12-04,0.40010648887419137,0.4009774016160424,0.4003897710824768,0.3999627356735832,0.13666363169262535,0.4049109753053167,0.4118623027877446,0.4267125984242907,0.5280725625110583,0.4897387225170152,0.590268554261796,0.4018125079628899,0.4157538540089978,0.41123641767390806,0.36826617619434865,0.8108036814556953,0.5109509881067911
2020-12-07,0.4004432874899979,0.40133581688150777,0.39996058437612203,0.39980559566300666,0.13630443236354722,0.4058030439608721,0.4117546584436751,0.42478003724487107,0.5266500444894731,0.4899260849311291,0.5855820342832727,0.3973906129870406,0.4184071590890901,0.4102106113677493,0.35547780758573433,0.8047942294811021,0.5078875837809548
2020-12-08,0.3995448437396313,0.40449558332496033,0.3997347332204411,0.4036636121814395,0.12587281532625452,0.4071525845583004,0.412261692870595,0.4702094387296884,0.5309535792718015,0.491060910188642,0.5953667670660115,0.3966279493958056,0.4187972847833932,0.41000074136811215,0.35388724725848886,0.8104776040026953,0.5367360741530672
2020-12-09,0.4022177905571837,0.4006411422603847,0.3959405785710662,0.3942204963321082,0.19737300351546824,0.4066813715310099,0.41219179151379537,0.35538992416957266,0.5201278141206948,0.4894911144513356,0.5674353353510209,0.396339780031718,0.41942579756314347,0.4101562506514248,0.35745018281938623,0.802559235695344,0.4417078245280871
2020-12-10,0.39460331349440947,0.3958231011432641,0.3940208956718519,0.3913494299773662,0.1528065180622602,0.405915111193513,0.41284680032792953,0.3244590267277378,0.5072397185594307,0.4852856233918353,0.5402157197174826,0.3961364194213147,0.4183460881034423,0.4095225574427346,0.3465923110849165,0.79603395208558,0.48814516559382143
2020-12-11,0.39073995322025085,0.3963609827722589,0.3911978827828836,0.3974953424923577,0.18596295874049099,0.40546450073269913,0.41355701165599124,0.4012020772785207,0.5061470348510893,0.48167115175106434,0.5463193544108815,0.3958949608870679,0.4182214305616565,0.40933499073611435,0.34665811263751667,0.8035956586859745,0.5539653682879474
2020-12-14,0.39759076897146806,0.4028373707888735,0.3997122354887855,0.39960381239224385,0.16893222533354782,0.4054942301926292,0.41451642244342457,0.42611645125993564,0.5083689885730377,0.4792881054076787,0.5590366525727727,0.39541754030577536,0.41832030830278244,0.40913268073874076,0.340725689456969,0.8106250088787089,0.5242387652259294
2020-12-15,0.4022402647337959,0.4010669547315508,0.39826679507378376,0.39944677901365827,0.15489377851144676,0.4050184609679317,0.4154812826668667,0.42407947776553784,0.5098299160379232,0.4777160258186171,0.5674117493293676,0.3945724154670879,0.41862732306969563,0.4088389689541564,0.3341953286308327,0.8040344804877585,0.5078875070759605
2020-12-16,0.4012969238350519,0.411577099677394,0.4038677628934343,0.41099840030687257,0.21754048410699142,0.40591282403315976,0.41652915563479365,0.5509223260182989,0.5279018332978794,0.4805944202071236,0.6133731281110522,0.396955533954389,0.41734292880128876,0.4094628584165959,0.3472017767418507,0.8125832554407142,0.5920765526604633
2020-12-17,0.4127971228286745,0.4133249105929563,0.4110946357502825,0.4113122893440589,0.19796021633170027,0.40709766733720787,0.4168105122234953,0.5539812261306467,0.542250971942475,0.48618117413443035,0.64134316889035,0.398920396975581,0.4172116054368358,0.4104299984436438,0.33877862761479305,0.8205199791822039,0.5112202312929521
2020-12-18,0.40992214027156476,0.41063586772041016,0.4068037108591899,0.40945067250308564,0.4387729126224206,0.4080652159090745,0.4164883059481149,0.5259375269102451,0.5503196274014578,0.4924972229288909,0.6488748155872509,0.40025593991877806,0.41724142975491785,0.41114549734527617,0.3357246658627274,0.8050557944175755,0.4959532863191832
2020-12-21,0.40758612524856824,0.420294370654404,0.4096493117109401,0.41842275930465406,0.2343963030580357,0.40996373298579813,0.41644558728099346,0.6140591619671365,0.5693125232431273,0.5018969012507427,0.6807203820247071,0.40328588062923254,0.4168819313015032,0.41256026705423154,0.3536617616358074,0.8141314582020647,0.572212497578899
2020-12-22,0.4191314240557634,0.42394717884629274,0.4199704397705364,0.42145089458197865,0.12062616251739386,0.4117776215047979,0.4169245808002746,0.6403334168982748,0.5879040708782006,0.5136716279994674,0.7052482190421925,0.4063836487476603,0.4168367915118052,0.41416406070894063,0.35029391011495115,0.8196508298486892,0.5299620983759308
2020-12-23,0.420074822905776,0.4193083932673729,0.417599084619154,0.41490127334947347,0.09007391697497943,0.41388657908196314,0.41775112530915604,0.5407251248416314,0.5918800519085796,0.5240013786147503,0.6903255173851641,0.40787457095447355,0.4169347533546488,0.41499436359244213,0.342807673856665,0.8150864777713496,0.46398516917161164
2020-12-24,0.4162787865677978,0.41942042894117626,0.4185024284267653,0.41878168258599346,0.026440974960683296,0.41668402991996134,0.41828061602597477,0.5781534793572358,0.5997027586123042,0.53405553530691,0.6874793763326741,0.4099314288629873,0.4168328311958549,0.41602413550017714,0.3321102040824577,0.8176617549445072,0.5360480000020472
2020-12-25,0.4162787865677978,0.41942042894117626,0.4185024284267653,0.41878168258599346,0.026440974960683296,0.41668402991996134,0.41828061602597477,0.5781534793572358,0.5997027586123042,0.53405553530691,0.6874793763326741,0.4099314288629873,0.4168328311958549,0.41602413550017714,0.3321102040824577,0.8176617549445072,0.5090162641843036
2020-12-28,0.42308465301131537,0.4248435469163102,0.4226128104859742,0.4237387905785374,0.08409168640961531,0.4193602503852667,0.4190697139552345,0.6228453471007571,0.6120339996137779,0.5449210697266313,0.695858717333083,0.4128117144187661,0.4160473873830406,0.41715247410733103,0.3268763620659656,0.8220391110365611,0.5432803123471215
2020-12-29,0.4272625996626087,0.4274207220873143,0.4238776178303092,0.42192199471773545,0.07995074283982992,0.42163618516684576,0.41971190158833505,0.5942828579474027,0.6177923663537983,0.5549313950163377,0.6870267163012165,0.41487766501839973,0.41622080152832197,0.41832139857009787,0.32419576181017207,0.8177911949275344,0.4965817501157004
2020-12-30,0.42483667268336234,0.4239471940790017,0.4191122360309981,0.4163816452790142,0.10235462968891779,0.42336314709378964,0.42010456855042877,0.51122117159677,0.6128579314427524,0.5618103279614295,0.6546878889335427,0.41582839572800123,0.41649812454331125,0.4189557275981325,0.325520757590536,0.8128429653067161,0.4709599823390674
2020-12-31,0.4169077438017576,0.41805347783108743,0.41506962250442975,0.41804151439322157,0.10758488426753793,0.42408138068853174,0.42077137414092103,0.5291593674984973,0.6101939784196058,0.5667037844758716,0.634183278694015,0.4169191641485507,0.4170002715174068,0.4197732810174377,0.32103007555682217,0.8179546852172411,0.5205448313336289
2021-01-01,0.4169077438017576,0.41805347783108743,0.41506962250442975,0.41804151439322157,0.10758488426753793,0.42408138068853174,0.42077137414092103,0.5291593674984973,0.6101939784196058,0.5667037844758716,0.634183278694015,0.4169191641485507,0.4170002715174068,0.4197732810174377,0.32103007555682217,0.8179546852172411,0.5090162641843036
2021-01-04,0.4187720451106126,0.418053461437934,0.40407100668705725,0.4074319867395298,0.23399181337876948,0.42368568019949093,0.4212886972617714,0.3887332897228393,0.5912904939015016,0.5662921736657831,0.5793962582566283,0.41690506168540786,0.4178351719836566,0.4201733602329938,0.35002865440191266,0.8088916652025442,0.4355733011410975
2021-01-05,0.4069347090763652,0.40801391678000515,0.40608095983776865,0.4079029446992988,0.13008091355321538,0.42352784801182963,0.4217175780453182,0.3945839627043953,0.5761789772342621,0.5625043637436491,0.5445292380216494,0.4168802751449412,0.4187029327794679,0.42058386982600426,0.3403820118461838,0.8147065788658557,0.5123472412706609
2021-01-06,0.3955018165638837,0.403464831488975,0.39758928988761094,0.3952299103018799,0.2246260813071108,0.42116271760114055,0.42186315016636267,0.26040108282605307,0.5448752650946346,0.5523097419858896,0.478364171773791,0.4171932518974828,0.41788166883358413,0.4203473064396681,0.35281000322720224,0.8059363182621387,0.4194691827329406
2021-01-07,0.39970206326669183,0.4098514789657947,0.4015866777358461,0.4087777180085722,0.16031222230377956,0.4198703487632194,0.4225033447990839,0.41506538844745194,0.5398139709458563,0.5429956834519871,0.4874580121325732,0.41729245820111993,0.41831672399116215,0.4206117062174207,0.37204648381047956,0.8126962194688963,0.6072926809324488
2021-01-08,0.41012433054931524,0.41263036389776026,0.4090847682875196,0.41176103230572547,0.12331234880441286,0.41955011731651026,0.4229541399054071,0.444268300789685,0.539829875673889,0.5355480766857188,0.5067334189998777,0.4169250643128507,0.42056987252213995,0.42151855366443336,0.36579898766174124,0.8182995574631755,0.5300585651233605
2021-01-11,0.40965263530697904,0.40888794603309525,0.408407208310773,0.40698338595385114,0.12389878075253824,0.4183469658556581,0.4232374584895042,0.39400304375269674,0.5324067880309383,0.5278910945241047,0.5045711365325355,0.415669842667849,0.4235757882446177,0.4223268307367706,0.35550265888109545,0.8126778884435797,0.4755220268287764
2021-01-12,0.4052276711954448,0.4048317916253659,0.4007059244686449,0.40124118215637317,0.12560107322512584,0.4160527337912545,0.42321397903512925,0.33765324264938795,0.5178211222693344,0.5184273372238389,0.48591202810061335,0.4153169523149288,0.42435206797079106,0.42252049101837985,0.3546595911145004,0.80700300819204,0.46836563352209865
2021-01-13,0.3996571944348925,0.40406983193037876,0.4020835329695597,0.4044038514622053,0.10090846195532499,0.4142662911964916,0.4233916338735425,0.37302624442826854,0.5108893813994133,0.5092698874949803,0.48907535820524833,0.41498727575947836,0.4252150559469895,0.4227686535136824,0.3447502387668474,0.8119060326745278,0.5316723442901429
2021-01-14,0.40390244772304124,0.4056385412828049,0.3993960273996865,0.39695702865834276,0.17426086929361112,0.4122854327223976,0.42314197430020695,0.3019198946362442,0.4944263260144249,0.49817608438161387,0.4690780563877044,0.41528209727326115,0.42463427847142043,0.42263993317373294,0.3484210800714127,0.8047101166805154,0.4560179298358666
2021-01-15,0.3985341159391878,0.39902767685029383,0.3977925098881639,0.39612707632924055,0.19195299798692203,0.41005067045183363,0.4229290965596333,0.2943119563676408,0.4804170022511133,0.486094775747186,0.45887979087008135,0.4158702100106745,0.4224265281772721,0.42187108425126585,0.336573518928197,0.7969611700066153,0.5030175141158181
2021-01-18,0.3985341159391878,0.39902767685029383,0.3977925098881639,0.39612707632924055,0.19195299798692203,0.41005067045183363,0.4229290965596333,0.2943119563676408,0.4804170022511133,0.486094775747186,0.45887979087008135,0.4158702100106745,0.4224265281772721,0.42187108425126585,0.336573518928197,0.7969611700066153,0.5090162641843036
2021-01-19,0.39905079345008965,0.40456291849350734,0.3991476586927854,0.40462824071503706,0.1820703312286335,0.4097647536597404,0.4231012783982493,0.39306377845904356,0.4822162020370738,0.47684150555756405,0.4880857915850696,0.4157274603507608,0.4218719935864449,0.4215255182751718,0.3383083537523488,0.8044011986293763,0.570568106523905
2021-01-20,0.4079230388183735,0.4243056747601992,0.409671886910418,0.4223480606093392,0.23904559176527732,0.41123781903953394,0.4238823460366219,0.5495684905529277,0.5099414925392064,0.47578428207178525,0.5727288226344391,0.41713499270001697,0.4217246151787638,0.4221923145175944,0.37397294461888664,0.8136221925400098,0.6350682601108492
2021-01-21,0.42364609686952115,0.4254485185425462,0.4212576359025091,0.42376111220863083,0.18385461485242374,0.4141473371101727,0.42471820072213495,0.5600915781269382,0.5336754022657776,0.48037040224562677,0.6310093241815481,0.4179779703113916,0.42138360561942956,0.42246830789142875,0.3698354094105739,0.821117995321024,0.5187142007841331
2021-01-22,0.42899210292561907,0.4338970757411035,0.4288913111738545,0.425959401788844,0.17966369572381008,0.41589946867497973,0.4254961442983074,0.5769346432881548,0.5551668053674728,0.48895796250514667,0.6723333953652141,0.41878590747366906,0.420992371466121,0.42270139816053653,0.37430298860795264,0.8284827959544037,0.5240611319930175
2021-01-25,0.4335742414668273,0.4332471637608172,0.42532295467525716,0.43398943049488675,0.20292888009457874,0.418166247565827,0.4268837599606333,0.634959238655761,0.5832350565204357,0.5022518956129939,0.7209375184900971,0.4220541234409415,0.4194998833146806,0.42368825777540386,0.3815839570747521,0.8365748330302327,0.5637345810356142
2021-01-26,0.4397287323912481,0.44310736659972905,0.43855742163963496,0.44026991258238274,0.32800442908390115,0.42156069800121476,0.42859069099362035,0.6755990201926101,0.6135625919543041,0.5198280016864276,0.7651608022733569,0.42616852495722113,0.41735168388858024,0.42479920139436467,0.38214700836758664,0.8485765531687361,0.5511452991749198
2021-01-27,0.4535200959575657,0.45713572721771056,0.43869286143734,0.4415483590651727,0.4896519358501233,0.42567109124633196,0.43012778664518947,0.6836852227205463,0.6379564210017431,0.5394718189916133,0.7865146759534871,0.42958984601483996,0.4155591122921761,0.42571995784894456,0.42115084841630734,0.8656311435479404,0.5174886406092065
2021-01-28,0.44815184162269084,0.46206589924697994,0.4498722075846805,0.45507388068576876,0.3275484021095933,0.43083825406504495,0.4320632454945349,0.7598721681926677,0.6754392639635165,0.5637654432499881,0.8345346261238307,0.43634375366931344,0.41180803434001356,0.4274339136367825,0.45355488926112497,0.8776186089344001,0.5984317176046905
2021-01-29,0.44900534398697156,0.4517126303003828,0.44142560890429516,0.43943996025328086,0.27594785675130756,0.4351705236123694,0.4334586855746537,0.5760763297374378,0.6798552096286781,0.584211005078229,0.7947945319634329,0.43903766714415815,0.41135368489470425,0.42862603080459727,0.4689328706118371,0.8672441029140374,0.40827086803020496
2021-02-01,0.44691644072680037,0.4617521606779401,0.44386473907288604,0.45668885773181095,0.2041946672955258,0.44134641476328373,0.4350529147305615,0.6723577207820821,0.7066856156760795,0.6067080380540478,0.8159806894263859,0.44501571682352825,0.40901906461818327,0.43062410228275105,0.5033723828487947,0.8753757066903165,0.6235085564241554
2021-02-02,0.4609325241062727,0.4613264001578793,0.45800263251163165,0.4563748620626337,0.14642682563059006,0.4466233649036039,0.4366252357646897,0.6690715709859696,0.724935753459895,0.628882511217842,0.8126495175613357,0.45026504983743476,0.4085586802677854,0.4331544537841514,0.48822116681424066,0.8690498431562325,0.5069989468433388
2021-02-03,0.4570467404464834,0.4675563298646348,0.45928999192445474,0.46420310749791366,0.15612364577948598,0.4508916048350218,0.4385356549888594,0.7082064260084435,0.7482330318603888,0.6519540583890975,0.8219138697314513,0.4564549068095395,0.4078662550347374,0.4360651777766852,0.4892040707634844,0.8756788154418214,0.559339522962238
2021-02-04,0.463987226697704,0.46341043198886167,0.46179672062575305,0.4619823541116193,0.14158388163288893,0.45478928129332374,0.44005553419284593,0.6831283089050892,0.7604366604651912,0.6732042989781567,0.8031046907262904,0.46051879104448934,0.4105672183687302,0.4395162857326653,0.46995688775312217,0.8695043354217359,0.49494536112505194
2021-02-05,0.4630213871949257,0.46350008275621224,0.46190967694529617,0.46240856217921084,0.08503887942303218,0.45850624671111395,0.44148462708272906,0.6854608381441907,0.767703393158485,0.6918676037740044,0.7763886293640652,0.4646805867056272,0.4117729208292431,0.4422890056877693,0.45201633013672504,0.8739112994148668,0.5117278065262585
2021-02-08,0.465087786791618,0.4643963883513017,0.462790403802681,0.4630141252554813,0.1175003474863075,0.46146608955884005,0.4431633783057486,0.6889862568512384,0.7712832138503581,0.7076175489616195,0.7463014914196238,0.4684389390243936,0.41316059344354716,0.4449387956692664,0.435425309075926,0.8793329625470547,0.5128658433705545
2021-02-09,0.4622126846935808,0.4668166080420898,0.4640777124293607,0.4659300481343914,0.12806627383795113,0.46408282573166637,0.4448084767190036,0.7064630510581233,0.7753322612838114,0.7211441967864558,0.7233408331279346,0.4718499218173431,0.41573679196498636,0.44798634394194925,0.423492823460733,0.8850849014496253,0.5275322173763002
2021-02-10,0.4692432920998819,0.4694162423487698,0.4629711767721456,0.46379929214840915,0.11730356872342121,0.466351902656846,0.4462062657367192,0.6765918927332495,0.7722789335828997,0.7312667103503552,0.6881853182368843,0.473681871039322,0.4203935750000547,0.45122060442415635,0.42365052384164725,0.8796693893405796,0.49555823322190323
2021-02-11,0.46874905015380763,0.46769061073308915,0.4658167174693698,0.46754506072443053,0.06705002084917847,0.46762367255295023,0.4477981434746314,0.7012397731123992,0.7723404577870829,0.7393788020362264,0.6674230888849594,0.47558019859559497,0.42504074538289616,0.4544850111963813,0.4099710676071896,0.8835140473014655,0.532767403922898
2021-02-12,0.4668398059905392,0.46802678108065987,0.4671266235918998,0.468666580460626,0.0733750525133802,0.4706041070931736,0.44962246681869544,0.7086628131969022,0.7709813202873931,0.7455574142214039,0.6474554665270007,0.47557761734511805,0.4326397147784611,0.458192402126517,0.3943401275252345,0.8875564167204921,0.5160790145649548
2021-02-15,0.4668398059905392,0.46802678108065987,0.4671266235918998,0.468666580460626,0.0733750525133802,0.4706041070931736,0.44962246681869544,0.7086628131969022,0.7709813202873931,0.7455574142214039,0.6474554665270007,0.47557761734511805,0.4326397147784611,0.458192402126517,0.3943401275252345,0.8875564167204921,0.5090162641843036
2021-02-16,0.469310662235788,0.46988684677510406,0.46755579861941077,0.46577312138779675,0.152769036393139,0.4715304904033447,0.4512879156633278,0.6632739163400765,0.7626184282722166,0.7485863173999592,0.6149274775004138,0.4732994083219173,0.442467207698534,0.46179310955363695,0.384184584652811,0.8810323047341837,0.49083194614515235
2021-02-17,0.4622258214787409,0.46706922296570486,0.464337339735185,0.4681561686642273,0.11313997997854175,0.47273190927679787,0.4534067007827819,0.6815318043842025,0.7566255128706634,0.7496378618367576,0.5945067010673324,0.4711446531166432,0.4515138515548972,0.4650775097202777,0.3758969467821204,0.8863176690043646,0.5240721088247423
2021-02-18,0.4633064573323208,0.46621569154529996,0.4641562492709457,0.46723440619096795,0.07622131676227095,0.4730410311411263,0.45547689117052403,0.6660249197168815,0.7476962090371397,0.748435478075782,0.5712297089611544,0.47080198062532763,0.45663715769451474,0.4673981382322938,0.36799648173134125,0.8821863294291747,0.5032179429451801
2021-02-19,0.46769649227625765,0.4660584214108663,0.46261689489524604,0.4608944589965515,0.14132229081714726,0.4729300911776927,0.4577680553202933,0.5642019680861854,0.7285977149988636,0.7431025638816577,0.5285724830647416,0.46904834831201747,0.4624564732143651,0.4693179359388351,0.3629814285363545,0.8760200263644567,0.4690679308827411
2021-02-22,0.4534456132510083,0.4527389815840902,0.4450058236005472,0.4463711818371879,0.22865692247385264,0.47129465191147035,0.45907976458049493,0.38287181943873866,0.6897115582541764,0.729936490473357,0.44767709989552495,0.4664646571365304,0.4673970820643025,0.47037322698887274,0.39170583568751227,0.8671237674216136,0.41643340425434844
2021-02-23,0.4374836496363348,0.44577601685384216,0.43669824462381224,0.44358343061132893,0.18010098186355739,0.46931317362054525,0.4601901101110262,0.3539878726281854,0.6530288069029163,0.711008175570266,0.3881687047653717,0.46520055773215596,0.46977273194946156,0.4708692377450616,0.40151731184824613,0.8597452978479181,0.49075539059562673
2021-02-24,0.43676323369262415,0.4466070982992705,0.4373094654061037,0.44646114369350315,0.14973302119432216,0.4673277988203025,0.4615675660601556,0.38783786182980734,0.6268245246394875,0.689868238949289,0.36532862435822644,0.4645711329744776,0.4711054250524104,0.47118932500667254,0.41131055532401384,0.866174508334319,0.5279666255365367
2021-02-25,0.44142349288824934,0.4452369443962758,0.43477417723476053,0.4339611730173007,0.2528271329802768,0.4642850056323544,0.4627092303452467,0.2666761033625475,0.5865073254801085,0.6637290298033587,0.31369963847708743,0.46575036284715865,0.46903362199555154,0.4707970667365792,0.42388574362737974,0.856522723124337,0.42715047927233396
2021-02-26,0.44018518546131036,0.4469888475561363,0.43853173197514517,0.4415824813022579,0.23937277550198108,0.4616374272290299,0.4640064652386616,0.35365623220502757,0.5651916330684863,0.6379392126724536,0.31730791454539004,0.4662555705367709,0.4670611996003392,0.4700995600522929,0.4333097496977446,0.8657539443313854,0.5601422737039234
2021-03-01,0.4500235241464051,0.4517057337190702,0.4467035046736445,0.4518342586265102,0.14180174383465588,0.45992092244569727,0.46592123880280123,0.4533969442977683,0.5628755966811737,0.6167772956197937,0.3651016258516726,0.46547321594335733,0.4692154377610971,0.4707403465056931,0.43325477312442406,0.871935234412807,0.5767849959554169
2021-03-02,0.4525225438626642,0.4513239351094843,0.4473826417874224,0.4449323252961009,0.12219024133509707,0.45779564664997485,0.4676241491094475,0.38730247643074506,0.5502379519845968,0.5969554273431203,0.37894071123662176,0.46565330234855984,0.4677764110848791,0.47013253261442556,0.4247389038481316,0.8663669718957312,0.46426953406636723
2021-03-03,0.44160351097338935,0.44296828235930774,0.43337060371074854,0.43074614740394096,0.20978021686269063,0.4539806958029855,0.4685354538037184,0.27365131645994506,0.5189421902005793,0.5739353784724992,0.3459121415985182,0.4673319905078972,0.46325637304950773,0.46880752552835925,0.4356725858221515,0.8580607718157386,0.4158368882249403
2021-03-04,0.42940137335531703,0.4405201091638322,0.4265797620958893,0.4288802297393352,0.29331982952087493,0.4500694631169174,0.468763373922388,0.26031776398729417,0.4915084719989203,0.5492406778679361,0.3286175111706009,0.46795962409738645,0.45883969043265593,0.46698132924993974,0.45688400108430405,0.8471432427325051,0.4964204708152132
2021-03-05,0.43566004166044436,0.442272041779014,0.4315597670991508,0.43982891821205444,0.2710260450748306,0.44792126859708625,0.46932401100605514,0.3673976662736403,0.4862639879777364,0.5282846302153563,0.3672277008549949,0.4673178196557547,0.45718314521136094,0.4658359944199042,0.4668866285107134,0.8573638999478481,0.5831954422249293
2021-03-08,0.439825030592341,0.44249667522736846,0.4330764449399349,0.4303640494365813,0.21944658315542556,0.4462889139163798,0.4694776977515437,0.2958177330331114,0.46843486500931475,0.5074393015348659,0.3683711288674196,0.46709634060438376,0.4540268385233396,0.46417928993749147,0.4722836466300543,0.8487555430604083,0.4462386278166538
2021-03-09,0.4432245347661874,0.4470113658771724,0.4433533371498538,0.4447299733213867,0.2023697785301876,0.44640583456853367,0.4698524562348094,0.41706217079713165,0.4760051814006304,0.4924956310805124,0.4293193223719098,0.46582792572596043,0.4534539961197712,0.4632339974716764,0.48924149640718795,0.8568301034196906,0.6060652709994298
2021-03-10,0.4524999982094402,0.45065004767413863,0.44419085277992776,0.4416724076145761,0.1763379784574107,0.4459174950235436,0.4699013920213466,0.3931694445088311,0.4777584444989947,0.4809419580619504,0.46432884203221597,0.4639625329382522,0.45289034599937605,0.4619798750543781,0.48430396176420076,0.8495692599591776,0.4889254578086648
2021-03-11,0.447907339850212,0.4555241719848897,0.4493293795822765,0.45226146192601674,0.17759361437297075,0.4477836982578778,0.47027519307070254,0.47306030230245627,0.4950089132190036,0.47564707558148983,0.5289652479716328,0.4626297599685185,0.4531013494141771,0.46138336808919866,0.4919385949667636,0.8568693528054547,0.5790024976811496
2021-03-12,0.44576856974387213,0.44799971534239336,0.4468846657156843,0.449158968607044,0.12095022278167086,0.4485563234980373,0.47006881025420244,0.44688561734569593,0.5040636842465542,0.4734835041562624,0.5613032358394975,0.4603013616121906,0.45365756846904004,0.46043280530581143,0.4795722939486664,0.8513398514977033,0.48891824554923
2021-03-15,0.4479073328490951,0.446584616869219,0.4436702649164327,0.44704562917957397,0.14735293520512627,0.44806799482702686,0.4703341868740887,0.42871651043758335,0.5080492199873359,0.4726648029863621,0.5751921140868176,0.4573558556778662,0.4545347294200912,0.45931499998328895,0.468362484647347,0.844985039100736,0.495245868058273
2021-03-16,0.45087898743058696,0.45752312058199474,0.45301903292995704,0.45356532236663577,0.16341773476409197,0.44894835945598943,0.4702252006343064,0.4802695963272903,0.520717238531055,0.47490912824377696,0.6068249061340748,0.4553242622620436,0.4554262440494411,0.45868385556486124,0.46689566921001036,0.8518420141925583,0.5516682720045153
2021-03-17,0.4505863391401972,0.454131528647736,0.4468845818950047,0.4520590388633086,0.17489571506435136,0.4511217779835812,0.4700746131470305,0.46597207244737,0.5282368848654425,0.4784255842566547,0.6199625817628645,0.4522940411528259,0.45697964247500944,0.4578516323599291,0.4660117985136165,0.8446262538262659,0.49928233385741405
2021-03-18,0.4425041603805191,0.44433854698949093,0.44032013254062874,0.43785057488505236,0.2160544920999574,0.4520365442589954,0.46915512189675235,0.34443539408390883,0.5129518131810838,0.4777405068481238,0.5765720867237746,0.44828583076793527,0.45817726745592513,0.45633248537130255,0.4746794447542123,0.8361239288615623,0.4169385662494227
2021-03-19,0.43903706953334276,0.44047516609741033,0.4381017207162736,0.4370187031801142,0.3066172325097257,0.45174996777881304,0.46828409143665484,0.3379714381210596,0.49965147098153945,0.474148440969719,0.5465507454348915,0.44541723321476256,0.4587328730196617,0.4550981064309899,0.4582212699033057,0.8247907419486158,0.5034776645653534
2021-03-22,0.4373485813373842,0.45042547388753285,0.4398899959334164,0.44969852648095293,0.17930683899905203,0.45372163411557676,0.4678406135065841,0.44699002114643555,0.5079339134201087,0.4731703626163982,0.5735461781408335,0.4458108485252964,0.4586620619444933,0.45527013047860554,0.46778703716124803,0.8321443877503448,0.5935741041508432
2021-03-23,0.45360318527729115,0.4597468611945603,0.4555770294396755,0.45327311516759733,0.19110887956358846,0.4545928356044876,0.4675007306696567,0.4746037257869338,0.5196374056354018,0.4750664382763009,0.6032284281538638,0.4469460016608874,0.45846779618556577,0.4557710881298098,0.46506445641181604,0.8398669484876709,0.5322843878199949
2021-03-24,0.45441366051135734,0.45289618223391015,0.4516156478975867,0.44850694952674214,0.14411389429856963,0.4552897996953442,0.466892804784209,0.43120440394343523,0.5216182619448959,0.4770366506310519,0.6039940600237994,0.44715077761451394,0.4584643012947657,0.45587685649400034,0.44628940086725466,0.8336133838843292,0.4781994193231767
2021-03-25,0.4486727084918982,0.4505152568538825,0.4431269437250587,0.44149251944594287,0.21003321812925865,0.4541916183831848,0.4661144779864328,0.3710374857768373,0.5126518106034806,0.47656069938101797,0.5787317952474699,0.4469597287317194,0.4594675425396778,0.4562662278502494,0.44721864555037794,0.8252992753460109,0.46325435177264834
2021-03-26,0.44023023826199725,0.44999869092842826,0.4430816927552609,0.45080007049085463,0.14301911721298805,0.4543589725522208,0.46553021262446703,0.44933199247039773,0.5192208565530918,0.4776833735203825,0.5952412788266336,0.4476648335057294,0.45968572295740573,0.45674277812418984,0.44664801694642453,0.8315186187809189,0.5705538438840834
2021-03-29,0.4515769326285791,0.4502008201356211,0.4438286858786068,0.4480123192649956,0.14104820611169852,0.45445755242563224,0.4648095451755604,0.4245547589152138,0.5200940697252961,0.47878136215205563,0.5949863441893037,0.4471968497353932,0.459784114205388,0.45654518348068296,0.44447975580856347,0.8253608832127204,0.49090751126258675
2021-03-30,0.44468788730228226,0.44357480433565466,0.4420630778100706,0.4403909754360413,0.13764752550705672,0.45311407588410035,0.46392391260814136,0.3597600875942742,0.5093843829079712,0.47720866356638547,0.5674053567658488,0.44705020205629664,0.45946074747908205,0.4563103952431524,0.437141638224678,0.8193094480642998,0.4592483635250954
2021-03-31,0.44329200704092464,0.45536686814705574,0.44498309764984145,0.4492038251312123,0.28469670301867994,0.45282291058457236,0.46326262838522114,0.43532236236969796,0.5138971568885922,0.47698332788566694,0.5813199773530051,0.4468912721982262,0.4615868757239475,0.4572646590096606,0.45155790003266283,0.8299574305262684,0.5674062236366899
2021-04-01,0.4558094631167844,0.46376738060997413,0.45779536997100034,0.4639969878595213,0.18095447070417126,0.4554892357285405,0.46314966854667416,0.5410689889835592,0.5390822045743355,0.48256707529842313,0.6413121197133934,0.4489890556477788,0.46305092951612525,0.4590801988823614,0.4637159461869387,0.8373625789424018,0.6053994902410201
2021-04-02,0.4558094631167844,0.46376738060997413,0.45779536997100034,0.4639969878595213,0.18095447070417126,0.4554892357285405,0.46314966854667416,0.5410689889835592,0.5390822045743355,0.48256707529842313,0.6413121197133934,0.4489890556477788,0.46305092951612525,0.4590801988823614,0.4637159461869387,0.8373625789424018,0.5090162641843036
2021-04-05,0.4654677460858764,0.4797598548786489,0.46832137167270493,0.4791049282249406,0.2322778078845815,0.4597810504474963,0.4637850673284516,0.6267587681035052,0.5806395190940665,0.49654515405025185,0.7280028956259617,0.45624547136967486,0.45940820484272804,0.4611107724898381,0.4786920116709368,0.846372021592825,0.6047778137093386
2021-04-06,0.4763867004620346,0.4785019684030619,0.4777833878916894,0.4763845684173245,0.12312259785448681,0.4625024051770118,0.46483229291231,0.6012718658553393,0.60832440100296,0.5140637615407332,0.7645669971721911,0.46012478831735915,0.46011151075342294,0.4634900378789145,0.4578512997311126,0.84077461494229,0.4922385112835593
2021-04-07,0.47683693807846605,0.481938506737586,0.47848508932479383,0.48097084588954625,0.12146637660019399,0.46532692859928404,0.46613681273679397,0.6266107328112265,0.6355734169021943,0.5343150368552501,0.7927880768994457,0.4653039472099906,0.4583810652960919,0.46536369457990534,0.44682751439736323,0.8463202504813786,0.5374401062350329
2021-04-08,0.48800359622768763,0.4891485933159706,0.48937323307651115,0.4885023344941765,0.12853635643817946,0.46940552632836774,0.4676037118641144,0.6662362146476657,0.6665029318070416,0.5575947896821831,0.8240640719466141,0.4714560745425944,0.45672603067341033,0.46778480643751463,0.4400045633921523,0.8520868834947887,0.5553122670812616
2021-04-09,0.48822867352472044,0.4933038932379359,0.4903692059304041,0.4943476158828492,0.13401492707472754,0.4747955151101634,0.46971071260920394,0.6951222167919113,0.6974830793733496,0.5833089126435691,0.8492045420197689,0.4780989309839978,0.45404077945927157,0.4699606647652038,0.4289586022408435,0.8580247688032994,0.5444718664755003
2021-04-12,0.4923711220203897,0.49707736009695647,0.4953038987345667,0.4944824698073294,0.15605024417745697,0.4792501024281295,0.47155649636307695,0.6957971535775167,0.7197495864776592,0.6089762705423136,0.8487215852001936,0.48376373536366046,0.4527502149882219,0.4723038942659994,0.41528850502311554,0.8646514466596209,0.509825932386362
2021-04-13,0.49811207499526045,0.5004914825411684,0.5003065750468689,0.50028282358384,0.13019413942868568,0.48458047642969215,0.47324696126909715,0.7250586236999781,0.7432695874804268,0.6348930992638021,0.851297945164752,0.4898862466810142,0.4518057500573148,0.47505626248919564,0.4041649355701996,0.8704698996021215,0.5438336507918167
2021-04-14,0.49860742616465215,0.49968289881718864,0.4965263846605942,0.49376313039677816,0.1242080045227881,0.49002319313804266,0.4749507632790868,0.6490918427827286,0.7493803704897969,0.6570251163043921,0.8122110604509177,0.49388861179989385,0.45175993549682636,0.4771344931454574,0.39649798996010077,0.8648385646890167,0.4702715604154909
2021-04-15,0.49962046093949186,0.502153620167896,0.5023439397935558,0.5025535518298654,0.1441716785384648,0.49546362268604016,0.4774562636438827,0.6967930272883744,0.7643035853952687,0.6781461552290111,0.8017703864098304,0.49908765868962235,0.4515179916433738,0.47974506446669496,0.39395243758680476,0.8710939355451859,0.5618479805539567
2021-04-16,0.5030876539426273,0.5045571047278048,0.5020497741381087,0.5053414096877153,0.1383237572874516,0.49967979075433244,0.48012414331151543,0.7111171308384518,0.7771310588204072,0.6979787664568494,0.7884644073830948,0.5033874016137158,0.45404354060020113,0.4832343473101379,0.3851718870669094,0.877166508733452,0.5255192360089491
2021-04-19,0.5047084402387089,0.5056350894366306,0.5025476017925748,0.5008448452638298,0.12528872598244922,0.5018967559451285,0.482253107987356,0.6572074866632038,0.7774547204073823,0.7139189307625174,0.7482659412693283,0.5058309522793868,0.4581769567817454,0.48653416517706805,0.37879346119197144,0.8715013920107094,0.48252504292688575
2021-04-20,0.4993728341686049,0.502760103369207,0.5003292512388984,0.49976580060400616,0.09806454031075429,0.5042810970529193,0.4846746704189412,0.6441531148095807,0.7730055636086186,0.725652798866647,0.7048262595722092,0.5083792880346504,0.460740214611602,0.4891226482077836,0.37082278052226625,0.8666872644579189,0.50261000067438
2021-04-21,0.501894286493141,0.5038381661262522,0.5012573223771247,0.504981526718458,0.13170043400649373,0.5067296272616495,0.486776964607441,0.6768579534098964,0.7741275732637375,0.735296683872529,0.6832423776508597,0.5114192204257356,0.462948676574763,0.4917959782060516,0.36389912772375366,0.8725528020180433,0.5400394588429278
2021-04-22,0.5047534640912077,0.5063089199602936,0.4976128639537496,0.4973152552773414,0.1440053536317395,0.5076283399186742,0.4887184520658989,0.5834443792383752,0.7606517535081669,0.7399276269759628,0.6314722240109779,0.512456426911694,0.467003574353709,0.4943193724472258,0.37596980864470353,0.8663026302409585,0.46382317162553977
2021-04-23,0.4995077888616659,0.5057023938425422,0.5013024809550279,0.5062629233529959,0.11164930276286755,0.5088434237596885,0.49060266835788857,0.6427645731007265,0.760332206554578,0.7435592478374207,0.6211519236744452,0.513206727199887,0.47305786377730463,0.4976680087439401,0.37489032733212935,0.8715413980699553,0.5624626641675742
2021-04-26,0.5080178623339294,0.5077913037767919,0.5078671349433197,0.5071622220201741,0.0983800110258577,0.5101364631596783,0.4926265149757657,0.6484644134997661,0.7584844594057036,0.746041656939312,0.6092836693608547,0.5143060499700377,0.4778461433830331,0.5005819375599905,0.3597574008386687,0.876365386786831,0.5143061088888857
2021-04-27,0.5078378142256678,0.5094759909770359,0.507754008409897,0.5081065904755026,0.18623470084161967,0.5109343051582789,0.49475705098420153,0.6547615684225112,0.755526760761797,0.7473506658209405,0.5971656135632358,0.5142135036876143,0.4843114504444932,0.5036888173331795,0.3511667036625937,0.8839355876572789,0.5145627222610366
2021-04-28,0.4954553767363331,0.4945392065159706,0.49152359225754716,0.49144736790659976,0.3103060534457367,0.5106981513209992,0.4960788294230464,0.4647119882381486,0.725837584256978,0.7416030123697288,0.5242893464400346,0.509310539821764,0.4949922880913171,0.5063284378804211,0.38380742067420215,0.872487093469239,0.411330323361179
2021-04-29,0.4940596938303302,0.4935510070551318,0.4825823071090005,0.48683866217229405,0.2610012603211242,0.5090955985934192,0.49729235830053165,0.4212248383155473,0.693270057042128,0.7295512707433294,0.4591851382246084,0.5041624432383082,0.5045149852490197,0.5082741626827173,0.4010095429450249,0.8625797967106378,0.4812051881972291
2021-04-30,0.48118202292083323,0.4867676774466644,0.4839404695570898,0.486096716779674,0.1856951209798958,0.5071330881473874,0.4989757602711693,0.4141521215373178,0.6645067057793475,0.7133269073508396,0.4160932225161653,0.5011866371348912,0.5100560618268235,0.5094167208565983,0.39227103737367974,0.8550264623361868,0.5045026725298576
2021-05-03,0.48942194428069563,0.4896203245797538,0.4873812469208454,0.48537737736912284,0.09731256432401031,0.505555766676888,0.5006630887129959,0.40690418309844173,0.6390848760044184,0.6945292091704315,0.3895176228124614,0.500618535179242,0.5113314144912501,0.5097410070985622,0.3824501993051863,0.8502358404789753,0.5046344682148706
2021-05-04,0.48395118557352645,0.4825674756523639,0.4752480853556095,0.4762271795987693,0.19983664239208013,0.5031553755753674,0.5015887251511268,0.319838092628201,0.6041686359089106,0.6714998898551672,0.3458164029379036,0.5006437463768019,0.511287631270078,0.5097328700810554,0.3929228930434092,0.8422404623382372,0.45320778911802656
2021-05-05,0.47965108712215954,0.47872655324838287,0.47538389117511615,0.4732595402042769,0.11507497114692347,0.4999204717917404,0.5022860904941678,0.29395396396457535,0.5713064437742963,0.6455553765824451,0.3157103211191729,0.5017326121507627,0.5092998538276489,0.5093341948134161,0.3861272785229227,0.8368946130071585,0.4906188721022645
2021-05-06,0.47377510685057467,0.47953516042774436,0.47282596625208406,0.4805886412901958,0.1509152555078532,0.49821474674674393,0.5034054832790654,0.37468443617001207,0.5555749501542383,0.6211993526797615,0.33211512698816803,0.5021535297680924,0.5080089197769692,0.5089250560910153,0.3899885466771539,0.8433607784500564,0.5546951579171489
2021-05-07,0.4866077411902555,0.48950797618175035,0.487494400617953,0.4867262720538948,0.15514599890990813,0.4962224633448641,0.5049837771133346,0.43561740536219556,0.5516915212972869,0.6008257464415474,0.37324274792610024,0.5020719357265702,0.5072893334113475,0.5085310318602573,0.38947830460545885,0.8499591908905104,0.5467699171284546
2021-05-10,0.4837260078569522,0.4837354027895069,0.47832661105908414,0.4748557500199225,0.17284827888860607,0.4929279556549837,0.5058231266806577,0.3263446471223082,0.5306443301250692,0.5797098625996167,0.365577024617181,0.5027574336979423,0.5044731201539101,0.5075163285034606,0.39426089317851254,0.8428074304554828,0.4367881740919454
2021-05-11,0.4694976396683377,0.47221287585683414,0.4680271076996544,0.4727200178743651,0.20675122947683403,0.48931934944282773,0.5066852264651293,0.3085866942708348,0.5107098535489069,0.5582548198688286,0.3620744291101605,0.5028549635599797,0.5014485124759125,0.5060913287185207,0.3937181431035458,0.8345959121959997,0.49574346898367994
2021-05-12,0.464139436609714,0.46722646961178493,0.4578406969406451,0.456465570342885,0.23051148422724513,0.4857520208568218,0.5072461004268749,0.1918872714264634,0.47110515866337566,0.5320265942578445,0.3127803387600741,0.5055038968163034,0.4946490342723807,0.5041630411698652,0.41744834822175525,0.8256416823009239,0.4076110832896006
2021-05-13,0.4633065075913969,0.46996679309060974,0.46542393432966733,0.4655258418009202,0.1753814150267135,0.4835786095785498,0.5078156074163992,0.28495055602270974,0.4537795910241166,0.5070787702011825,0.32600342940783084,0.5049796325359381,0.4912904594638098,0.502248704894225,0.42883447501340055,0.8328726249544959,0.5672496727146288
2021-05-14,0.47181651729227403,0.4780078417996132,0.47463694777398635,0.47703655195362943,0.1306907715445415,0.4826546837877438,0.508270583234781,0.3867219029893891,0.4577113125851238,0.4880203506583705,0.3868250751525222,0.5029024879248137,0.4905257962500449,0.5007853409461214,0.43633505392853045,0.8387066019077838,0.581772645907774
2021-05-17,0.4740002633614262,0.4721903482147256,0.470177517485445,0.47035936331602174,0.1390390324731811,0.48112319614080157,0.5079654334212651,0.33681964238545753,0.45149769646352544,0.4713515258970911,0.4115031367348013,0.5015074417022467,0.48879664064281525,0.49920923851020393,0.4329238545822187,0.8326116702385723,0.46768218561325015
2021-05-18,0.47336983965851176,0.47178601023465205,0.4687739828584764,0.4656381252873287,0.10154018425363848,0.48004335923204433,0.5075904690649049,0.3031210952309961,0.44028354343972725,0.45544992113712374,0.41942644766009196,0.5002387753518933,0.4865457640505283,0.49744483431640096,0.4221106430981105,0.8276888990190924,0.4794361536513114
2021-05-19,0.45894467813395734,0.46590491916888743,0.4602875740793866,0.4669902189318274,0.14504859342227944,0.479404034481813,0.5071026577281398,0.31589544687656307,0.43421349341270393,0.44133940568447977,0.4379235638101109,0.4975238705564726,0.48544083454901243,0.495480679941256,0.41978830164646264,0.8339716809823594,0.5175607612610883
2021-05-20,0.46943749924006273,0.47653101139059695,0.47222174139796724,0.47456151681305686,0.11428941783159174,0.4787894081636672,0.5066162354146633,0.3855427535418367,0.4413915880057029,0.43169381934729595,0.48403422513368793,0.49565072856951087,0.48504482594109244,0.4943043094091719,0.41900013775448985,0.8392929750385134,0.556744665746307
2021-05-21,0.4775836534445588,0.4773865900538683,0.47421842865496033,0.47160965895321644,0.11477667953016729,0.4772478657103548,0.5058228637583924,0.3609189217984606,0.44338751206223787,0.42443415060824674,0.5086743113407919,0.4916001597357089,0.4857298102427122,0.4925127322077194,0.40978409563736606,0.833956449877436,0.49066182756453613
2021-05-24,0.47808007499334715,0.4837578077465102,0.4805031897495038,0.4842511658253283,0.11125027916034816,0.4782059792926828,0.5054658736114266,0.4678814929083422,0.46423902845744874,0.4233986310496024,0.5729529655956391,0.48718743484515803,0.48804809361387647,0.49132822833338485,0.41764782012518464,0.8391827447983946,0.588040219106311
2021-05-25,0.48706108572116014,0.4873373629058697,0.48801316473777656,0.4863693392363854,0.08230193670907823,0.4795978921635301,0.5049804050112616,0.4842140186904686,0.4841455899072137,0.42712616222017047,0.6221424181854361,0.4818403966418169,0.4914954379280878,0.4902044102915125,0.3974439414084284,0.8435041558704413,0.5219610790476288
2021-05-26,0.4862938047717005,0.48776508280876496,0.48785429342500475,0.4858510366726609,0.08282746094488166,0.4825945253085362,0.5047043366326515,0.47906509336066533,0.49920658844076177,0.4335551465177483,0.6500411343799986,0.4808005486311212,0.4920208256776474,0.48991507941246937,0.3801885384369802,0.8391663176611935,0.5058605848201757
2021-05-27,0.485707193511963,0.48447823511997545,0.4844510632336816,0.48093871411629113,0.13479110997277896,0.484166279301536,0.5039501527959103,0.42992307144982217,0.5038357969896019,0.4397578051260967,0.6477038011469254,0.47998129307770443,0.49227683579009895,0.489610051513656,0.3645075718798031,0.8332041699836221,0.4790802890467304
2021-05-28,0.4853235654528749,0.48582901118444977,0.4851543858304971,0.4817724341090715,0.08672086932484582,0.48464922897735796,0.5031277852784898,0.43775646620244063,0.5086918471735206,0.44583131965432243,0.6463700915209738,0.47935383040310864,0.4924935104609782,0.48938648567131837,0.35357321244792117,0.8376637105793253,0.5141414277266199
2021-05-31,0.4853235654528749,0.48582901118444977,0.4851543858304971,0.4817724341090715,0.08672086932484582,0.48464922897735796,0.5031277852784898,0.43775646620244063,0.5086918471735206,0.44583131965432243,0.6463700915209738,0.47935383040310864,0.4924935104609782,0.48938648567131837,0.35357321244792117,0.8376637105793253,0.5090162641843036
2021-06-01,0.48584253028316504,0.4840504317787473,0.4792553166674842,0.47663469152395804,0.1253199607067169,0.48528916629510055,0.5022830458047272,0.38542922244986694,0.5048860301154408,0.44981910690850874,0.62483016077189,0.4783408141147024,0.4926567511676393,0.4889344879472668,0.3540937094749065,0.8319976175037029,0.47747959508146187
2021-06-02,0.47884737593938187,0.47950289355802256,0.47671423437488214,0.4764094492151993,0.09559543535739554,0.48638759045946867,0.501468097159907,0.3831295672088301,0.5015636990039227,0.4522489661228767,0.6087409709207388,0.47835185335227715,0.4926641878757374,0.4889439113044879,0.3484191653520975,0.8272606706460531,0.5076209322615223
2021-06-03,0.4722808252758892,0.47290651503974623,0.47027061942043835,0.4728265432332653,0.14167446233326517,0.48698275960364423,0.5003461470839191,0.345849571736393,0.49371877553097093,0.45239741261824623,0.5851801379254784,0.4783435190479647,0.49262728284893054,0.48892152531820343,0.34910275377691014,0.8210833592026164,0.4868118931337128
2021-06-04,0.47801243021130957,0.4848609750558518,0.48050323840785814,0.48427373626340015,0.1414667514168852,0.48797317977904164,0.4998911030545722,0.467180962463504,0.5045297686606245,0.4549904449356961,0.6104261084668826,0.47884441530812183,0.4924790030178269,0.4891120450932819,0.3609586591436633,0.8272541778994031,0.5804171127331719
2021-06-07,0.48302188632479415,0.49035411875343227,0.48572159715159835,0.49107891883407434,0.12427281657564349,0.4899585908258829,0.49936130352811137,0.527575555975917,0.5230054414197329,0.46129333499328795,0.648738921367318,0.47975452338575,0.4919613884232895,0.48933707736289367,0.36060959712991814,0.8328875387447333,0.550603185138024
2021-06-08,0.4947106619243552,0.49467657608317606,0.4918474584201272,0.4882846630567707,0.11939863785367472,0.49036991359879334,0.4987026286846551,0.4950444496949437,0.533154510740871,0.4686584299162909,0.6597086294049297,0.4812577157309277,0.4917674458717025,0.4900313534968692,0.3549486334303932,0.8274065377662813,0.49214356124285663
2021-06-09,0.4916644614378126,0.4935960568678155,0.4934358272592293,0.49058322225241874,0.08412370200198965,0.4907996315203438,0.498091204196799,0.5162211034319273,0.5441559569333356,0.47706836931869545,0.6704990515325,0.4830638843043148,0.4917174204354847,0.49095488293234735,0.34599745721799957,0.8317848946200369,0.522963919465251
2021-06-10,0.49274752043397174,0.49794099458079655,0.4944794208639455,0.49880799651782565,0.13586402275137316,0.49212093964235204,0.49834803088226387,0.5866291491446496,0.5644175388875395,0.4884335199899743,0.7010184041212902,0.48478582977124174,0.4943510490942654,0.4931439905590935,0.3439115069598423,0.8377805800190261,0.5587234365961069
2021-06-11,0.5010966614115588,0.5002598148462158,0.5011498469042505,0.5002727290887022,0.09241730216316085,0.4940925588585381,0.4988167716733961,0.5984153640141643,0.5817590287763095,0.5014945281658065,0.7185320328986746,0.4874358147545469,0.49518210902911897,0.4949404080731278,0.32835877323965323,0.8424181829711658,0.517742904870266
2021-06-14,0.5008935777133342,0.5035467675799643,0.5015809336832163,0.5047794946397165,0.09359485126805173,0.49643874317229286,0.4994686502243334,0.6342409711620347,0.6010900216799548,0.5163675531140769,0.7372452732538741,0.4912294553405384,0.49404140369787175,0.49637472095759905,0.32260672166284876,0.8470925944268703,0.5357991701212036
2021-06-15,0.5051133666667975,0.5036368544927567,0.5035776342948297,0.5013318335662293,0.08491472139406822,0.49895727643633025,0.5000253323122259,0.5852086682321962,0.6100581763754269,0.5303184840473607,0.7277225319663772,0.49344201756091555,0.49494302494708253,0.4979760007369808,0.3115178716404402,0.8426895114364362,0.48868510073959126
2021-06-16,0.5042783488523609,0.504965005252891,0.49618101969412254,0.49912344949087833,0.15660700313752807,0.5012735754297823,0.5008242278164678,0.5541325005782445,0.6126281215217954,0.5420674033735229,0.704981698053696,0.4942972236080766,0.4975704744487631,0.4997071953146178,0.3275636219846545,0.8360454300900338,0.49591610560061467
2021-06-17,0.4967641636621559,0.5075991018415122,0.4997885864467545,0.5070553767653014,0.15930490244614745,0.5047641192219379,0.5020034304559334,0.623296966961141,0.6250727277622321,0.5543146934159976,0.7101285218260839,0.4963383172342969,0.4996196740409311,0.5017785679425744,0.33958952360615924,0.8427738439164209,0.5562477055540798
2021-06-18,0.5047975831789534,0.5088374635166749,0.5060054375366855,0.5037430672322522,0.23455481928369407,0.5067495375180987,0.502811333528162,0.5758623823039977,0.6285713654341245,0.5649132467200475,0.6931015233248083,0.4979311640884203,0.5009979979978375,0.5032872569893239,0.3357719266334491,0.8336932251410671,0.4895588959565819
2021-06-21,0.5052260335833241,0.5115837609507725,0.5041220095680713,0.5109536290882971,0.15251603512657091,0.5087762950596268,0.5036566732584172,0.6359113924545805,0.6405007339397375,0.5761223232419456,0.699406579597907,0.5002244271806461,0.5026996301278328,0.5053213441418487,0.3462534992701407,0.8402094286690499,0.5516129735022838
2021-06-22,0.5117700402808144,0.5166943476999871,0.5142865782804167,0.5174434653179094,0.13688305563060568,0.5117498137488936,0.5051426416911713,0.6834434753106715,0.6578392133802975,0.58905778310726,0.7172354578632523,0.5043257087022892,0.5018053515852903,0.5070373893129081,0.3408653210867545,0.8462369675807396,0.5468881335224196
2021-06-23,0.5191488264954061,0.5190356069851463,0.5188923314245273,0.5169025567721159,0.09647000763689009,0.5144337728629372,0.5066842566292259,0.6751228065148933,0.6688755130625935,0.6019319912628456,0.7166028930968797,0.5077108826482646,0.5013994673029016,0.5086159596834487,0.32908805677443154,0.841472682842458,0.5058939957834221
2021-06-24,0.5195325149215292,0.5213320309647569,0.521252022943323,0.520102440642769,0.11152670647011698,0.5166053101920769,0.5089046711258299,0.6988622295581448,0.680351288149295,0.6148577792873986,0.7171355738646064,0.511291432340373,0.5011773519986497,0.5103867606608877,0.3193839319629024,0.8467076184864021,0.5275035614037094
2021-06-25,0.5196906291756291,0.5199813741735861,0.51964128527589,0.5163393976842232,0.14404361616896738,0.5182437361779997,0.5106776551769877,0.6378119327149445,0.6817978686561215,0.6255294836533347,0.6938569762677024,0.5134239280486824,0.5026341539682001,0.5122169795073565,0.309756833965633,0.8404562506770397,0.4873910841423307
2021-06-28,0.5196002103035754,0.5236958771893955,0.5222503333403881,0.524676810876008,0.09702676659696119,0.5202727990031801,0.5123399167092524,0.701697002411702,0.6931705721568844,0.6366696790038726,0.6986952230943607,0.516753555223728,0.5035984792965963,0.5144351400353631,0.31032777134571654,0.845237938905402,0.557231010160255
2021-06-29,0.5256477837445962,0.5298870533152197,0.5269469938483641,0.5307159492241207,0.09974262587203447,0.5232692944111127,0.5144458756868755,0.741668715226476,0.7088096979429732,0.6491611086577163,0.7126498247727578,0.5202053049198612,0.5056154465175867,0.5172311464145514,0.3094213286799812,0.8501045210166548,0.543459367585981
2021-06-30,0.5297546373934746,0.529234102914313,0.5306224999135367,0.5295892045203717,0.11316340602174252,0.5263760918423485,0.5166772535458645,0.7229364705626353,0.7170719473044318,0.6610452052095147,0.7063777137817832,0.5224416804291059,0.5088438779513746,0.5199805450306358,0.29578484194798405,0.8448184244818141,0.5026535425777898
2021-07-01,0.5273175186115917,0.5303147293519508,0.5306224745888833,0.5311665760176264,0.07465723794456774,0.5288348725890796,0.5189164917884279,0.7340031451361437,0.7234382955311279,0.6720095268539059,0.6968789226134023,0.5233938139024097,0.5139999554884656,0.5229967305034572,0.2861328307247931,0.8489008731865526,0.5179401141639611
2021-07-02,0.5345610580950702,0.5441828054885075,0.5372022042228738,0.5447995471410434,0.15065678816453829,0.5330216772880844,0.5213672336306687,0.8153555477224099,0.7459809537937696,0.685940245472707,0.7275137933361391,0.528269986492916,0.5151678320697163,0.5261259209201757,0.3056340369798629,0.8553589593093709,0.5859448988096188
2021-07-05,0.5345610580950702,0.5441828054885075,0.5372022042228738,0.5447995471410434,0.15065678816453829,0.5330216772880844,0.5213672336306687,0.8153555477224099,0.7459809537937696,0.685940245472707,0.7275137933361391,0.528269986492916,0.5151678320697163,0.5261259209201757,0.3056340369798629,0.8553589593093709,0.5090162641843036
2021-07-06,0.5463175517011719,0.5472670630858721,0.5412861213893139,0.5448220820351184,0.19054040758191698,0.536475470654218,0.5239217578361569,0.8154728366794444,0.7609189843849153,0.700503636475339,0.734047590685481,0.5326884326152632,0.5161094417785126,0.5289044477802755,0.3146421540415909,0.8630637504242863,0.5091406540854915
2021-07-07,0.5494090392306743,0.5502388531677864,0.5477524631695209,0.5499372897261569,0.12568462611254186,0.5397890839260652,0.5262136747869407,0.8419484745883705,0.7772202581730859,0.7158851662054992,0.7424967545591327,0.5370210851582435,0.51798115971367,0.5320918946850245,0.31253822474447823,0.8687412424197792,0.5372505776120791
2021-07-08,0.5437677541206789,0.5458263582078607,0.5425794885771724,0.5442813867533067,0.13629350021005354,0.5425810869003378,0.5282343390532477,0.7425355939111979,0.7785591098286975,0.7284968084012079,0.7138912957259234,0.5393261663476362,0.5211906231487272,0.5348680951078697,0.3209845600424186,0.862732132168694,0.4780506450060809
2021-07-09,0.5411051406011191,0.5442954965168607,0.5436005866600956,0.5454532012452057,0.1308125869691854,0.5451662740339991,0.5303139747993523,0.7501967241626724,0.7782038451574401,0.7385048139442763,0.6870027595823494,0.5419340081306514,0.5233273909430015,0.5372796568119147,0.3128852025335288,0.8685699168982128,0.5154899004618215
2021-07-12,0.5488675433691083,0.5481676709308249,0.546459240401741,0.544056037812557,0.09188631185061058,0.5479927257753012,0.5325162613018407,0.7249744118416013,0.7727462640153733,0.745262160398622,0.6534322287984471,0.543803795128564,0.525954669974608,0.5395432582091415,0.30851194727582687,0.8639489119450282,0.501312139243309
2021-07-13,0.545166814861476,0.55510175220918,0.5482971071637537,0.5523034536040295,0.14801823483202747,0.5508099998779123,0.5349772261074458,0.7805485554545433,0.7775408854500239,0.751765366215335,0.6508076422557691,0.5469797229894817,0.5275736292335316,0.5420002515942659,0.32046193110048904,0.8703245206583332,0.5545951708536199
2021-07-14,0.55606592688353,0.5569253253651538,0.5554666962078258,0.5557511502215137,0.12454221607245208,0.5533630072815982,0.5377377536284283,0.8012090593082786,0.7832526471010917,0.7582751622748964,0.6508757016690707,0.5497991367477932,0.5303063935210579,0.5448137356549146,0.31500019522092115,0.8759663025472509,0.5278215882265884
2021-07-15,0.5552759964519742,0.5543362062602697,0.5538329769817704,0.5524159858984168,0.12056369306885853,0.5556908073206924,0.5403897699059854,0.7397018032716451,0.7796400236391882,0.7626561903135225,0.6288912762254658,0.5508389854854151,0.5348334645419305,0.5475689650651611,0.3069868633732997,0.8704488836063858,0.4909232640598143
2021-07-16,0.5554341525451575,0.5579159581797251,0.552993687836887,0.5517852221282992,0.14853907385919077,0.557793428992474,0.5431447921819876,0.7279699845814203,0.772741417625881,0.764582152317387,0.6035370733862934,0.5519870704391286,0.5383370970996041,0.5498815025003745,0.31295624853032944,0.8640569942088117,0.5055763996685118
2021-07-19,0.5483483345181295,0.5495182865772277,0.5416264256079965,0.5433573139202448,0.20123830064359152,0.5576463547951899,0.5452063334193593,0.5833361783923343,0.7518770392090655,0.7613477628008716,0.5502445764364677,0.55085074345519,0.5437553911567675,0.5519295629774524,0.3298579883037247,0.8560178022325968,0.4630089176304991
2021-07-20,0.5463175042140079,0.5508691189402981,0.545733108535145,0.5485626611875831,0.14910832670896892,0.5580278067464367,0.5472120532833203,0.6307129052916043,0.7403636334650912,0.7561252172874032,0.529712293512536,0.5506553586069308,0.5479494246921752,0.553873953661702,0.3346725074801824,0.8624274856614036,0.5378155413233127
2021-07-21,0.548280781693235,0.5521074160510187,0.5480701469161153,0.5532497769791909,0.13430775261473687,0.5583656032946847,0.5494788127899886,0.6697970976915677,0.7355453567073037,0.7508444383102746,0.5291108990780217,0.5513821185768573,0.5509608617285683,0.5557251435207694,0.3358587895218069,0.8683745242781615,0.5347338948638104
2021-07-22,0.5594281506870212,0.5631389659363908,0.5619784239717883,0.5639309613307615,0.12665368343294608,0.5603694022408461,0.5520380584344585,0.7450886089566084,0.7448449673553583,0.7487481852965066,0.5619984532531168,0.5534120701247943,0.5537596598297292,0.5581565166940422,0.34236625419946076,0.8740823076217474,0.5671894129675358
2021-07-23,0.5673936534440278,0.5711760229938331,0.5689664583487076,0.5718853524112656,0.12184353589572602,0.563064866025192,0.5545878698823604,0.7906621012805073,0.7610884039935606,0.7507887628223169,0.604720742237063,0.5569031093648623,0.5554909129789727,0.5608336983609402,0.3404027337740576,0.8796397326218585,0.5516207694182514
2021-07-26,0.5710718057639106,0.5705006515258156,0.5692841264441336,0.5704881889786169,0.12502947777102763,0.5657603298095377,0.5570378241980046,0.7675446867108167,0.7688305511271529,0.7541931436488719,0.6188051477195319,0.5583439052555416,0.5596775260153009,0.5636331962336386,0.3331059269257891,0.8739827196280173,0.5016241121558577
2021-07-27,0.5720421453795654,0.5702530190921934,0.5609120366009503,0.5648322860057667,0.20645840393682466,0.5670379789038872,0.5591331831916564,0.6768052751458862,0.7635591435183064,0.7557101992315151,0.5993141742059481,0.5590270480356332,0.5631965740098297,0.5657092382747579,0.3508254369794537,0.8657803546767815,0.4790276622933433
2021-07-28,0.571049104628269,0.5715361193417785,0.5629084254621934,0.5641110272193796,0.20616792100113543,0.5678904916467118,0.5613236716775872,0.6654798126095065,0.7554110565175933,0.7550590188190005,0.5769221511621515,0.559779537023061,0.5659249211739594,0.5674357671144886,0.3651583892689533,0.857587069807327,0.5051585234249913
2021-07-29,0.564843744134176,0.5680917275093316,0.568013486000043,0.5647420753414729,0.08592516472412712,0.5691474656813876,0.5636132334897771,0.67058286805094,0.7470913123697662,0.7526339630246246,0.5586028083801969,0.5598841904095554,0.5695361254910001,0.5692531740174032,0.35260392266984597,0.8620217378134196,0.5123952766884509
2021-07-30,0.5624294168208154,0.5636792965328034,0.5630901871443372,0.5611593115355268,0.10760596770641859,0.570103404467817,0.5655010252765356,0.6101881110734453,0.7325332104692727,0.7473620552650211,0.5292025148005228,0.5590332934169829,0.5736282738024647,0.5708038014140938,0.3423830179897017,0.8569093588647008,0.4898507364664271
2021-08-02,0.5651145384414631,0.5639268180833523,0.5627043597264936,0.5609564264008582,0.07108164288402705,0.5718981040376739,0.5674973109439282,0.6067349462854414,0.7182253429734854,0.7398699362278882,0.5062737274362478,0.559456490186232,0.5748846848639029,0.5716391136719684,0.3348079931027441,0.8529386781558667,0.5079249000311201
2021-08-03,0.5629935151416212,0.5649625228897888,0.5632943422258982,0.5661392387741216,0.08366611329146839,0.5736905055731986,0.569422844477757,0.6566817591223097,0.71219915017267,0.7324970468072765,0.507505047424758,0.5603992888951449,0.5761289669221593,0.5727412127865796,0.3291425740342654,0.8573027314399345,0.5369045749541081
2021-08-04,0.5647986884187403,0.565772934803359,0.5647690685925454,0.5647646813235419,0.07048740225483477,0.5748647576212218,0.5710739739805231,0.6314412867059294,0.7030839787020441,0.7245125770682661,0.5011890741574111,0.5612129990074218,0.5768246043302082,0.573507790400637,0.3218975198416396,0.8533506258446367,0.5016791270308251
2021-08-05,0.5662880135144626,0.5703656249337925,0.5680589633106159,0.5715473290001409,0.05259693306242417,0.5756414497297111,0.5729806366408167,0.6937778525748979,0.703652108297566,0.7182550271596879,0.5190234928849792,0.5625623621197209,0.5782618396841395,0.5749174423151578,0.3192068641732121,0.8567435009192607,0.5452978829133025
2021-08-06,0.5699661612948292,0.5700729323191287,0.5715076093896209,0.571412119635691,0.0735952573194672,0.5755931910087272,0.5747709313947086,0.6911494911027296,0.7016239599208935,0.7127848118318951,0.5271545331017731,0.5636137952928377,0.5798810028436122,0.5762595209668607,0.3055555547254398,0.8526942482124321,0.5083005239838062
2021-08-09,0.5727642754390586,0.5746881192029585,0.5719387357559155,0.5688658187812062,0.06991190246020307,0.5754277470354218,0.5766036806532573,0.6405565913890874,0.6940379945291543,0.7066724655462742,0.5205230542235798,0.5636838602714005,0.5824337584006314,0.5775421891000465,0.3054689944127601,0.848760131918943,0.49553444893181
2021-08-10,0.5706205220419831,0.5695101214601067,0.5660169979875892,0.564606937065017,0.08942579644642543,0.5754047666920962,0.5779969206197028,0.5608126118275929,0.6796647911153266,0.6984930424796268,0.49917573270626886,0.5638488613312084,0.5835596316020273,0.5781782804134897,0.3075096928412365,0.8442160391638572,0.4863785306437018
2021-08-11,0.5670325318305567,0.568181747160391,0.5675142800748972,0.5657560744868531,0.053031876597851364,0.5755725231983734,0.5792195389183329,0.5745402943896973,0.6680931537238468,0.6893011428475174,0.4887195837281296,0.5641907562033134,0.58425179451434,0.5786955359888737,0.3008520369068217,0.847622509952331,0.5151647119682766
2021-08-12,0.5657236799681523,0.5711308587679607,0.5686032687791575,0.5722006276643335,0.05775925211576214,0.5763331218172151,0.5807063345640634,0.645747654333823,0.6666381075041266,0.681614611676703,0.5042659750573033,0.5650633582803618,0.5854092236393125,0.5797184039275993,0.30034888774027735,0.8511767517491483,0.5434364990000736
2021-08-13,0.5721549663559876,0.5777273264737146,0.5753192600537778,0.5790510932871393,0.08655532528622722,0.5781576668361168,0.5823771187463632,0.7086696246772337,0.6737228601192733,0.6770868499049023,0.5368875334719425,0.5669137808286798,0.5863076340075003,0.5811280521668639,0.2996764250052453,0.8556311176745891,0.5452434046841442
2021-08-16,0.5805267236795799,0.5820499058659798,0.5769528894981376,0.5829945575742729,0.11980937447779447,0.580405042922891,0.5837098171406153,0.7405238536440957,0.6831412889208529,0.6756202041609038,0.5685005962507914,0.5676766549970192,0.5896860460798573,0.5831773015893634,0.30726276410085696,0.8611249576934092,0.529653897811426
2021-08-17,0.578721339567538,0.5789203709293709,0.5793577007954102,0.5795691825868821,0.10081631951873538,0.5817745843932642,0.5849222112356819,0.6732200727018687,0.6834409162088575,0.6745154622410783,0.5722380855225395,0.5678180569293116,0.5928185097731207,0.5847803418165255,0.30554972722473894,0.8562248134519166,0.4911964747606826
2021-08-18,0.5791932818625601,0.5833205224966611,0.5787808736982695,0.5755281144840863,0.11438546460871482,0.5828722038831501,0.5858151250135719,0.598802694341444,0.6756870603786391,0.6718570701698526,0.5561930747073677,0.567468340994499,0.5955545235739306,0.5859321340719266,0.31106558395589,0.8509005171106574,0.4878844236049282
2021-08-19,0.5716193451883093,0.5892978239568027,0.575075526733841,0.5891644978312118,0.17714773868404984,0.584668744780201,0.587381184281107,0.7164744601951389,0.6877160738380649,0.6724833957922192,0.5901153389127154,0.57117438195115,0.5942421976363954,0.5872367104080743,0.34552806070973285,0.8581866725195767,0.5807636256107044
2021-08-20,0.5965565229152192,0.6081772995333298,0.5964891370328004,0.6063004009433944,0.2627863248130211,0.5882265368861926,0.5895042617305627,0.8147293864760294,0.7202553325559822,0.6804316054410734,0.6657306299655699,0.5795082658239563,0.5889258890208403,0.589015971825577,0.37917428876744974,0.8681497678452531,0.5973412667778959
2021-08-23,0.6045374391555618,0.6071849337818259,0.6051047454838682,0.6069552635434535,0.12232845498998149,0.5921107731058428,0.5916989383697485,0.8178541779532185,0.7442488055222957,0.6922814774759278,0.7060242669366128,0.5859990717230561,0.5858089171822756,0.5909013231921986,0.37257570476675017,0.8737223507238217,0.5123075021845566
2021-08-24,0.6085389922354066,0.6077487066489584,0.605445582947366,0.6023720073109736,0.08598372983212899,0.5959619306798796,0.5934459278422196,0.7436680898612069,0.7535679568757025,0.7038942174863265,0.7035753334404933,0.5901744331368832,0.5852954987975724,0.5928421305015299,0.36713401878483387,0.8692858520560796,0.4860034596253379
2021-08-25,0.6069112944226944,0.6053578774495071,0.6018540541805963,0.6009949617806063,0.10027595878890483,0.5995554764304397,0.5950245726529091,0.7216383625384086,0.7560003914847215,0.7137411125065476,0.6853389229205409,0.5934081165771009,0.5857252523214366,0.5947490335712499,0.36564572785871297,0.8644025987194057,0.5020556534341439
2021-08-26,0.5994277585225778,0.6004856179859288,0.5985123082551449,0.594402332311775,0.08200364509232205,0.601819533201754,0.5964895581526097,0.6207946950540766,0.7453372044112884,0.7191781812694891,0.6397973253303004,0.5950775659180102,0.5870719106967138,0.5962824717941017,0.35953354135741156,0.8600905118173603,0.4756249183875147
2021-08-27,0.5949060925906664,0.5969669010176436,0.593693076312061,0.595824731982268,0.12057540609045889,0.6035300536717065,0.5980261825284201,0.632365902050545,0.7363258507523708,0.7214654385057631,0.6072682775484765,0.5964190767885764,0.589301416817993,0.598074677464386,0.3576971205870614,0.8656082968905553,0.5162909865717557
2021-08-30,0.5997217195424637,0.6045232296338136,0.603308794355022,0.6045620151398944,0.07171180344612715,0.6057294320130046,0.6001617339030872,0.698003059877029,0.7394718387797046,0.7240152558435946,0.6099798144188114,0.5987669063864871,0.5913958038154031,0.6003290907207967,0.35914526904874033,0.8695986755187375,0.5536083029840133
2021-08-31,0.6071826441489737,0.6051548696986067,0.6043090839178812,0.6007014394536802,0.14930822894428195,0.6078844300193375,0.601980957547363,0.6395908353241617,0.7335750199580556,0.72470552490427,0.5907757019669726,0.6003344655160828,0.5933712934307018,0.6021159599188949,0.3502069779888233,0.8631827434315006,0.4895643986648361
2021-09-01,0.6036782485339537,0.606711217713525,0.604286296857235,0.6005884806313295,0.09229314413419687,0.6104400036821831,0.6036326972282168,0.6378556775429893,0.7261734706214213,0.7235637728029101,0.5718558702841494,0.601360021143207,0.5960632711209156,0.6039680538910186,0.3467059531927843,0.8585490214820578,0.5084438868767737
2021-09-02,0.6021633754636124,0.6025832604309713,0.6013082523221743,0.599053122138486,0.0712237608794449,0.6114484130443196,0.6048581779069808,0.613134498658658,0.7155849445395714,0.7202270112750607,0.5491873499897408,0.6023305918079991,0.5979332507531597,0.6053901061203848,0.3398900892408955,0.854573898367621,0.5012351098080098
2021-09-03,0.5994279746810738,0.6008693198272018,0.6014904289037909,0.5990308715963868,0.05921635200284862,0.6107070903664568,0.6058053380050884,0.6127584605165681,0.7048460066768378,0.7150998179747856,0.5306970243997022,0.6030195854864036,0.6001179917201926,0.606817998332054,0.3278026245589867,0.8509741097089653,0.5089032444069426
2021-09-06,0.5994279746810738,0.6008693198272018,0.6014904289037909,0.5990308715963868,0.05921635200284862,0.6107070903664568,0.6058053380050884,0.6127584605165681,0.7048460066768378,0.7150998179747856,0.5306970243997022,0.6030195854864036,0.6001179917201926,0.606817998332054,0.3278026245589867,0.8509741097089653,0.5090162641843036
2021-09-07,0.5994731323269222,0.5974632130041948,0.5968075104628889,0.596863327573547,0.07821096869812108,0.6096779479500897,0.6067256180221624,0.5748726162772728,0.6909557961447008,0.7078190582297529,0.5084564982000391,0.6029367767721124,0.6031728170206859,0.6082654723094301,0.32069210475604815,0.8467805764553381,0.49800604433914175
2021-09-08,0.5966922063427204,0.5963804398396947,0.5951479872067974,0.5969310033437659,0.06155036677374972,0.6091230922725495,0.6078456048625559,0.5756475824572864,0.6780430276121268,0.6990391491452876,0.49297433360649934,0.6017905859917209,0.6078294692811829,0.6099366297373465,0.31546010484114684,0.8504533230829299,0.5093611283436239
2021-09-09,0.5990435120812773,0.599831598794276,0.5940795739912669,0.5902482342986347,0.09965829211651178,0.6080271763727839,0.6087575829850819,0.46156040465414444,0.6561130496864106,0.6869961826332791,0.45927576146123467,0.599728084355301,0.6126418483155973,0.6112028768252659,0.3243126972251509,0.8455893771244523,0.47496541547804605
2021-09-10,0.5936175848627222,0.5948242328948757,0.5903970835861883,0.5867714626916344,0.09736566335526534,0.6072490054030838,0.6095262312670149,0.40911435412907465,0.6320843671587049,0.6718624468156857,0.4273564603942468,0.5983014520678173,0.6157194751499117,0.6119561904392411,0.3284197239310389,0.8407970954673452,0.49112459209503906
2021-09-13,0.5916503881439124,0.5917112738265662,0.5874416683817507,0.5896611185567885,0.12875265690373303,0.6066204603911886,0.6105207148924854,0.4502161512425919,0.6160504927509629,0.6560858400176525,0.42071733908072423,0.597611778124833,0.6175850405130253,0.6125047297964756,0.33168504785392816,0.8465704897244474,0.523964043919342
2021-09-14,0.5961948392805282,0.5981399099787305,0.5965801460393952,0.5959828316807625,0.1147009353238182,0.6057455834972094,0.6117428544741608,0.5313429280456625,0.6115117681733931,0.6424257921668023,0.44257567776005874,0.5973688938827361,0.6192220756521417,0.6131762248541116,0.3343061858605927,0.8519046472297915,0.5415766590032904
2021-09-15,0.6045600348312711,0.6070044796589542,0.6050365168936319,0.6073390676226674,0.1654800074338644,0.6064224669726048,0.6131803968423165,0.6453071342014294,0.6234369163892935,0.6342270218814693,0.49897592817963354,0.5977593589492014,0.6217438507914755,0.6146119306607305,0.3444861442568963,0.8588260860204965,0.5669609841730461
2021-09-16,0.6056904262548253,0.606981866516327,0.6026268813346977,0.6082420984095269,0.09672066629913809,0.6072029577245965,0.6146974087053716,0.6531827927695915,0.6327481417610382,0.6297990340433306,0.5379179287917868,0.5966315598300961,0.6264220294425987,0.6163032468695975,0.347220616821425,0.8635982059906376,0.5135479072465173
2021-09-17,0.606617527213033,0.6051549657926202,0.5998309455457979,0.5961635373613259,0.26711936193705266,0.6069082873790125,0.615556316216678,0.47237894932434904,0.6208088870361135,0.6235241472688697,0.5188444498743393,0.5962817724152889,0.6275395839030298,0.6166650979064741,0.35757452406883206,0.8534996661117239,0.4484823386289593
2021-09-20,0.5888920273974633,0.592117149112496,0.5770757056164068,0.5835877868835968,0.24296086445222884,0.6053334524251567,0.6159811489894979,0.3340187589121379,0.5916250707574852,0.6118250373639649,0.4628268717127125,0.5964027180563475,0.6250035767741132,0.6154908535101747,0.399136235991586,0.8441562863676192,0.4448661493566629
2021-09-21,0.5874454322424294,0.5894558545043488,0.5874191793425045,0.5847169485791394,0.11868882874469205,0.604094804670584,0.6165342258178369,0.3472501476438989,0.5694235934380022,0.5973845730554411,0.4345160830743261,0.5957765967409935,0.623321175362815,0.6143411304240853,0.39056346506005457,0.8496150997268799,0.5148852446016399
2021-09-22,0.5897966108121212,0.5955007618373918,0.5884192715930632,0.5932509200741334,0.1519709891881002,0.6037195218903687,0.6175336702407667,0.4410334686849455,0.5638383796980692,0.5845539327911958,0.4511412185191982,0.5951482813466195,0.6230306414495203,0.6138695693106082,0.39795891198007427,0.8561142658971118,0.5532975568110952
2021-09-23,0.5945895800339303,0.597034537516337,0.5952843243080874,0.595463462797129,0.08933209227362243,0.6042513537286652,0.6185702189482932,0.46348542416332256,0.5620361888611392,0.5738769593102464,0.4733827809450231,0.594701247822623,0.6229254100466434,0.6135835902653348,0.3887846549219476,0.8606554295935585,0.5203514232046238
2021-09-24,0.5931880869787535,0.5945535709403186,0.5939206070046132,0.5949895902296092,0.06117711181875115,0.6050894113280857,0.6193653702906526,0.4576741207191786,0.5592666217792648,0.5647015191544854,0.48888956567405506,0.5947188397417527,0.622968700702239,0.6136139515578475,0.3768380415347712,0.8569943503828792,0.5065964923748301
2021-09-27,0.5884628072622511,0.5870422918492018,0.5848504004849266,0.5832946199966403,0.12811859200109948,0.6044401767578778,0.6195134352124205,0.32874055103909033,0.5392640318962241,0.5527832425124233,0.460563471123561,0.5952051863295552,0.6211183898978726,0.6129661435272356,0.39001302184530595,0.8512407760892351,0.4492554689427657
2021-09-28,0.5741288988959147,0.5742077863134281,0.5616863063297508,0.5592500301946254,0.2812819667881177,0.6006942865546397,0.6186849423503372,0.15128562063413903,0.4878209673593232,0.5314750224911342,0.36359071124079256,0.5992779235509084,0.6119388469142554,0.610623509417965,0.43659202912338446,0.8406995334058406,0.38398588191402133
2021-09-29,0.5635029497815716,0.5651627588469607,0.562277380342891,0.5603337666620483,0.14984234272925898,0.5959008406630956,0.6180137811796755,0.16392103850458056,0.4492960385477212,0.5056113774259939,0.3165454713388574,0.6013428834403772,0.6054421311127107,0.6085364967367112,0.42733173866513374,0.8471321611273205,0.5148633116401313
2021-09-30,0.5648821622873235,0.5675538329903693,0.5591177045520818,0.5556379070471874,0.19661556145197742,0.5905364383550437,0.6173197730563151,0.13549632687534857,0.41282917724666357,0.4765744152168177,0.2837736740007346,0.603049658819917,0.5988451245722707,0.6062125476306042,0.43552855984134453,0.8392374693773021,0.4837236704311745
2021-10-01,0.5567656405912031,0.5724033950338607,0.5583675066127902,0.5718481023024476,0.17898902567962857,0.5880568303129265,0.6167155702493604,0.31008927005781567,0.4091439546120864,0.45250142111544045,0.3350380605835359,0.6022103315795848,0.5968658724070499,0.6048060454107551,0.4601411964945553,0.8465811807884801,0.5969709249236176
2021-10-04,0.5687028951289389,0.5673732997794488,0.5560033003562471,0.558324393425697,0.1888623220206368,0.5854805525931287,0.6150415937938956,0.22236292421682874,0.3874446250803778,0.4282767743010944,0.3334718975592915,0.602265092804337,0.5924949468834174,0.6027015164578494,0.4840928005395452,0.838928844232027,0.43746055710643666
2021-10-05,0.5611289310720793,0.5733505738978035,0.5646413899959243,0.571080351968032,0.13921707040150677,0.5840899373505005,0.6137898481729832,0.33389049875190596,0.39053737271999234,0.4096048834524961,0.3908168728384077,0.6011291255733966,0.5909853255825559,0.6013685340655547,0.4956388402129097,0.8450293411126527,0.5779377303016774
2021-10-06,0.5650402448501451,0.5806362537950026,0.5679603459483736,0.5809013005050871,0.1627180769404963,0.5828305637910168,0.6130406933446663,0.40809508531027755,0.40870135414613684,0.3988244992450569,0.47231482737552855,0.5998176871363998,0.5906975626547951,0.600539796841248,0.5120502832127785,0.8518644458999696,0.5610413789050895
2021-10-07,0.5862923365875322,0.5874257745026215,0.5870781724415681,0.5848298363134959,0.10358996303370385,0.5817461815588322,0.6124766605951384,0.4361180716334821,0.4297983181529963,0.3950285820693537,0.5444455119839169,0.5994015078946925,0.5905711326930013,0.6002596651287901,0.4958240161414841,0.8568512902771802,0.5295182888491212
2021-10-08,0.5886436426657594,0.5874257745026215,0.5867144499258283,0.5848298363134959,0.08215669524123359,0.5807101232915083,0.6121426575433998,0.4361180716334821,0.44717375352205296,0.395968504953885,0.5933539518388675,0.5992715207119266,0.5905052387336374,0.6001592828527459,0.47630035123003034,0.8611681613083363,0.5090162641843036
2021-10-11,0.5811826834980732,0.5904255386392713,0.5844183080408036,0.5834299004490842,0.09475131693406194,0.5807239187468234,0.6117101777012962,0.4242027438926937,0.459376090827916,0.3995131505783814,0.6202537043317965,0.5988160688332891,0.5903349388073107,0.5998371282594513,0.4742126834422189,0.8564576003872606,0.5017534725100457
2021-10-12,0.5866541311161244,0.5847190568358478,0.5835092598828487,0.5803822159734295,0.0844087188609321,0.5828789095038366,0.6108664973577912,0.3976315896553368,0.4649624711205179,0.403627402880335,0.626136203227676,0.5974498951407532,0.5901514889898258,0.5990305748823312,0.457672248520967,0.8520703343134777,0.49317172048051433
2021-10-13,0.5856817764835853,0.5888691776908405,0.5861004830069493,0.5881259022399329,0.12690512296330078,0.5857130600226188,0.6104277123421169,0.4631443203133236,0.4811762708770539,0.4106296017667074,0.6559608932577194,0.5943689581500722,0.5914293433771606,0.5980372523292138,0.4512931211241725,0.8577859772977452,0.5494603089349743
2021-10-14,0.5954034566284017,0.602380339733632,0.595966263449322,0.6026655296378998,0.15694199555529875,0.5905087822005366,0.6105001846322001,0.5663896037990632,0.5155287162063776,0.42409348786171724,0.72269267393139,0.593103725290749,0.5921991935968529,0.5977489431714293,0.4629200323910623,0.8644405300287824,0.5840754175536693
2021-10-15,0.602479993580408,0.6050420776951957,0.6020812710700156,0.6059618088283182,0.14227651164352437,0.593987585719501,0.6107412421827413,0.5871285992208981,0.5471614698622147,0.4421042771672278,0.7696499063059223,0.5949983673809639,0.5911997091666379,0.5982555147766724,0.4529448771721264,0.8706366606739754,0.5256709520659331
2021-10-18,0.6052608726035982,0.6135231541346495,0.6070141805677285,0.6129155653063006,0.12154055907032968,0.5995546137614001,0.6112257062214207,0.629274897933632,0.5816832143781239,0.4644137825249004,0.8140440355029862,0.5996082322467865,0.589349153525619,0.5997717638256855,0.4545819809158397,0.8761846150511533,0.5439819964512644
2021-10-19,0.6160676921500808,0.6159817151148345,0.6173117823926203,0.6150377551890147,0.08212858398939271,0.6040372450724749,0.6118598474410423,0.6418105368575322,0.6109675816191555,0.48896360005215933,0.8371804108047101,0.6040889164687541,0.5877427045996934,0.6013393525303227,0.4325197799435647,0.8805006073647176,0.5195803621722763
2021-10-20,0.6180119766820384,0.616884001338237,0.6147884642256098,0.613186410563164,0.07318764416777421,0.6073295743417971,0.6124270302969568,0.6203377488839268,0.6299696425631631,0.5129523909459597,0.8313865205950444,0.6071238491389982,0.5865908371579658,0.6023700193629731,0.4223852805047079,0.8764640960629693,0.4998285177406565
2021-10-21,0.6133999194827857,0.6198613944257532,0.6153567993866429,0.6207497465890736,0.07616275165426908,0.6109925685747105,0.6134912875386923,0.66740734560308,0.6545485774386994,0.537768720646917,0.8399327619086655,0.6112920944601027,0.5847870643348687,0.6036773227393151,0.4203097236212011,0.8805936049765096,0.5466512765093093
2021-10-22,0.6207024236801495,0.6200192992882791,0.6186302274607152,0.6171374101776538,0.08031072303701473,0.6142871886290456,0.6145508146600505,0.6238364462448003,0.6667769094760394,0.560420441050079,0.8175781928556205,0.6144369306887608,0.5837513634862606,0.6048223672241009,0.40899064624353254,0.8763344364005442,0.4912351199278321
2021-10-25,0.6183511857589853,0.6162073700165119,0.6155841974166488,0.6148120508082953,0.08113219628525425,0.6174874370400325,0.6154283797306013,0.5957541572375051,0.6710826821060161,0.5795272648673885,0.7809689832421083,0.6175640929404421,0.5837271914458344,0.606451821518481,0.3960806675469366,0.8720495897438426,0.4975108191467367
2021-10-26,0.6220589724813569,0.6229741747096345,0.6204488633341673,0.6192822060424368,0.16353564584820238,0.6214543300024584,0.6162413403358395,0.6276238635926932,0.6791287176528275,0.5966541926317093,0.7605220032353864,0.620162145725125,0.5872925679036205,0.6095554909552688,0.39321019757388,0.8789102505677858,0.5312076905754217
2021-10-27,0.6333631503912367,0.653876059172196,0.637270544428934,0.6487677287236655,0.35470309051979265,0.6276383838873112,0.6176868671075061,0.7803033030550817,0.7268120395943636,0.6212688540875321,0.8378500734917499,0.6284998409634891,0.5876943848314485,0.6141275355521614,0.47088936835544903,0.8917465327390404,0.654458221919948
2021-10-28,0.6521959734183236,0.6511015815370208,0.6494548889223523,0.651431751296094,0.1494066183257251,0.6326114026761804,0.6191938383165037,0.7906323726234565,0.7655513511318668,0.6498267173435143,0.8785727004441205,0.6350492086466192,0.5907989235874355,0.6190800867870434,0.4574656375858356,0.8981655403378483,0.5216259285410016
2021-10-29,0.6517439775634943,0.6671842701334095,0.6552290033060405,0.6678453293019805,0.21553131046847404,0.6389220804275534,0.6216949558167443,0.8471781166478438,0.8170679016687032,0.684463425146083,0.9413507501909284,0.6456789171426444,0.5895371862027392,0.6240431529302755,0.47646670895981047,0.9066515113918169,0.5864243026437008
2021-11-01,0.6680899128963544,0.6660339001350346,0.6608438595913362,0.6627655234319179,0.15546068875690483,0.6440056150946559,0.6244576214414317,0.7893458126987527,0.8463904268008884,0.7188837376956501,0.9391159715493952,0.6515130154186867,0.5943269015484772,0.6294427696952192,0.47457276707924956,0.9000432621960998,0.48558460523461683
2021-11-02,0.66571597812212,0.6704548900544809,0.6690955682119665,0.6712544251387619,0.15088402078358554,0.6497384060799254,0.6274770827466002,0.8191520186623227,0.8779504046575508,0.7536430122158885,0.9426165334232832,0.6590034353976508,0.5968834714243941,0.6346217791991677,0.4647933263138373,0.9065084512861179,0.5484405734073919
2021-11-03,0.6738324752035085,0.6737255379142939,0.6705731884719136,0.6732186574989694,0.11194212830287689,0.6558602970486843,0.6302673130423704,0.825852879192569,0.9013056735390075,0.7867956725558709,0.926024547206319,0.6661336944139851,0.5989950806518167,0.6393945956986614,0.4568779117870786,0.911756372423362,0.5180356251981609
2021-11-04,0.6715490924375626,0.6774248132365598,0.6679817923158452,0.6787274794123835,0.13140214238973755,0.6617726754299179,0.6331725569468357,0.8445923222058385,0.9231808231371577,0.8183242916999831,0.909252586975415,0.6732947627865662,0.6012409585667295,0.6442491131462919,0.468585707172288,0.9176125858134853,0.5342457790694437
2021-11-05,0.6842550478682049,0.6824999255467155,0.6791432546967416,0.6778695184136742,0.12029741704447669,0.6679659359507403,0.6360643992569648,0.8335263872691085,0.9342812615877492,0.8460877064997288,0.8703681931031826,0.6788536909024071,0.6051188243912752,0.6490592739253186,0.4612220152283003,0.9121034902809196,0.5051154385813454
2021-11-08,0.6815195209777978,0.679928643923815,0.6791888477570597,0.6799693155783011,0.10723271275142002,0.6746104593711457,0.6394375679013804,0.8413560000780478,0.9411644507900405,0.8698737703736114,0.8292928978935775,0.683314291961361,0.6105485099701078,0.6540503712485524,0.44643209269172524,0.917204201812726,0.5185740469370075
2021-11-09,0.681089802700769,0.6823420193337107,0.679393278315129,0.6776212080508859,0.11043739546128223,0.6805596787948971,0.6435677691204779,0.8081127081068697,0.9381220464808764,0.8882063167761571,0.7729727882926669,0.6854939205269387,0.6185051600395007,0.6590776367692949,0.43941689192506794,0.9120033164754617,0.4983577290359898
2021-11-10,0.67534726717186,0.6731165368018528,0.6689137776193469,0.6659939846761298,0.14318309951539326,0.6823163556831318,0.6472544601643214,0.658065095033483,0.9136879127505302,0.8972801970564579,0.6773557679926885,0.685491449503109,0.6267563841216683,0.6631034243431315,0.445516626985613,0.9057788471879352,0.45607455201692587
2021-11-11,0.6678412440257617,0.671176694468616,0.670254988635158,0.6696740679457623,0.07562941873739876,0.6841766470972823,0.6512334041884862,0.6793673107415477,0.8952899692334375,0.9003286267035515,0.6151291331940046,0.6865962297807693,0.632666566833503,0.6665677724100276,0.43219119668925,0.9098916848760547,0.5260334914943989
2021-11-12,0.6738777295633406,0.678981155574048,0.677711105142606,0.6793595938543859,0.1301433830017507,0.6853508339014285,0.6549846897760473,0.7310147536928884,0.8906651362984084,0.9017089006827479,0.5979015895873044,0.6885120781784946,0.6383813752542878,0.670362445165032,0.4303750017840692,0.9157085512451257,0.553583903724128
2021-11-15,0.6820621682277579,0.6804474562101824,0.678256817377793,0.677892266571731,0.07463927797811384,0.6868934093827924,0.6591566460273598,0.7124522962886131,0.8804776279214015,0.9004815395735747,0.5709717603994373,0.6899840673697237,0.6436814450016127,0.6737217470556056,0.4221759525398624,0.9116266639432931,0.502350426778107
2021-11-16,0.6778567495259474,0.6867404473717844,0.6816210015230693,0.6856585588203031,0.10715306420453749,0.6883622955298013,0.6631545030918381,0.7525130213160456,0.8796310067064896,0.8993058873766147,0.5715057738354429,0.6919476543182329,0.6490507517973232,0.6773728495974738,0.42354301363969726,0.9167248857752561,0.5443655397660582
2021-11-17,0.6866291197180957,0.6915810938433772,0.6886870058926714,0.6861787807598637,0.09283662833645423,0.6896839262465345,0.6668278396689212,0.7551289090109212,0.8754531426139205,0.8974091921149256,0.5640593459756357,0.6926489399391851,0.6560287024372943,0.6811465623656486,0.4182152968358931,0.9213755962648058,0.5113601299601931
2021-11-18,0.684907774318332,0.6921687178582577,0.6866829753985823,0.6910417682484479,0.11946501164274348,0.6909396968941467,0.6705337810873055,0.7797160821630291,0.8751013175859861,0.8958113149115106,0.5671453296331871,0.6939590890125475,0.6620658599353011,0.6847806668470068,0.4210976139063006,0.9268586719931272,0.5309116486533189
2021-11-19,0.6950096920683223,0.6981570412818113,0.6982520844175931,0.6952035437649324,0.11555989024117894,0.6927073637509875,0.6743849349689186,0.7998873528888584,0.8767196009637825,0.8949033841454704,0.5742706133011956,0.6940230111337655,0.6702666672868025,0.688816693684969,0.41347229034186117,0.9322196792026634,0.527636421011218
2021-11-22,0.6994943091383964,0.7084840673743312,0.6922169750532065,0.6877847296306772,0.18636666755165054,0.6935043539545278,0.6780260784508894,0.6940829084377671,0.8628274790108699,0.8909975969674728,0.5433108515370403,0.6902303204955009,0.6820751580083547,0.6925893884071412,0.4495905820890347,0.9246453532412987,0.47600182643177086
2021-11-23,0.6823484010220049,0.6853895639131192,0.6785756096726828,0.6829218843180809,0.1816541285277669,0.6940448994750571,0.6816038874316973,0.6303858180972577,0.8407015739302608,0.882809086801008,0.49908188750262367,0.6833560275459615,0.6962088245465224,0.6958795660767271,0.45668719677604874,0.9172183345206598,0.4871672655330802
2021-11-24,0.6806041481684497,0.68247423871927,0.6793724682410724,0.6834418929936596,0.1132008876908637,0.695824179741995,0.684929648215193,0.6340916217805537,0.8202952327791945,0.8715879489748704,0.4677630326407425,0.6818490951086839,0.7015023485517684,0.6976722238035395,0.4494040905389258,0.9225056026789561,0.5113675639403445
2021-11-25,0.6806041481684497,0.68247423871927,0.6793724682410724,0.6834418929936596,0.1132008876908637,0.695824179741995,0.684929648215193,0.6340916217805537,0.8202952327791945,0.8715879489748704,0.4677630326407425,0.6818490951086839,0.7015023485517684,0.6976722238035395,0.4494040905389258,0.9225056026789561,0.5090162641843036
2021-11-26,0.6762329413273549,0.6819546788805656,0.6661866662479712,0.6648272174317995,0.13315909562979358,0.6953299138781821,0.6870985907175587,0.4254002663868572,0.7733208181354381,0.8518601646647455,0.379912344560534,0.6797891061666432,0.7051365526579834,0.6983647707294133,0.48082659430094354,0.9165944694393493,0.4249043927000067
2021-11-29,0.677569151430018,0.6844402839556053,0.681262736175589,0.6805468344409671,0.16709796615092934,0.6954509847658419,0.6897010077019183,0.5443801807269428,0.7565733554786174,0.8322450025641783,0.38107542787678605,0.6798218624923746,0.7064467985171761,0.6990214398030282,0.5068450847638867,0.9235664833092231,0.581819741953988
2021-11-30,0.6784297755655803,0.6816155223179794,0.6681677642933177,0.6668852859439912,0.2789346772594028,0.6943285291067973,0.6915841164958751,0.4267400747283005,0.7204780003837652,0.8082918520848629,0.3362757215913093,0.6793460680024243,0.7073948536413017,0.6992344319329148,0.5271594845946785,0.9130986135447384,0.4470507677674093
2021-12-01,0.6779995769034243,0.68500529251781,0.669078921527691,0.6657318832425195,0.20437739043249162,0.6922964723125968,0.693352933477167,0.41755730945095465,0.6880353497503313,0.7817042929132136,0.30906939337000183,0.6797413072054463,0.7063848277219795,0.6989489159699386,0.5535773648442013,0.9049612981041131,0.5036891239157534
2021-12-02,0.6670595781227667,0.6719212959216855,0.6654577741569926,0.6643973483325208,0.18429658620081119,0.6900752735191189,0.6951397829572235,0.40641381167376894,0.6585577689338157,0.7536878122028065,0.29431249232458623,0.6802551878760524,0.704897781490804,0.69849285341239,0.5492632939835199,0.897451679929851,0.5028430189015459
2021-12-03,0.6708875302694849,0.6701362645001515,0.6432079837319339,0.6497408522725373,0.27029593339507396,0.6858635420344592,0.6961513391671501,0.2955164724429909,0.612142054908513,0.7206516214900767,0.2424724424885863,0.682611958276481,0.6992928596922701,0.6969942419184874,0.6069309893437661,0.8872538449630711,0.4410973468171083
2021-12-06,0.6526770089662436,0.6582725519686612,0.6459407994038098,0.6569333933221218,0.1785696995063352,0.6819608780442306,0.6975398986211927,0.35771149103524696,0.5851254569176961,0.68803947229168,0.24685164631219275,0.6831750904896464,0.6964695279135348,0.6959118421777859,0.6161816675352413,0.8945844488368391,0.5430154976600207
2021-12-07,0.6700946700092564,0.6771412423421221,0.6706957183443721,0.6766790788673662,0.1862948276858349,0.6808283603294962,0.699698559870824,0.49853580062331365,0.5920816394187423,0.6635417906943539,0.3306521855141523,0.6829347161092303,0.6963794812223689,0.6957417366139728,0.6343174903280347,0.9021565291865804,0.601444436095798
2021-12-08,0.6784071761655104,0.6764633842807642,0.6722898740662658,0.6767921798657047,0.13740545639398233,0.6802032732430793,0.7017051950019162,0.499251715152167,0.5966951082859653,0.6449995142995356,0.392155440154111,0.6828812337345702,0.6963491748695393,0.6956988757746938,0.6174371366592838,0.9082003976001832,0.5095318823315425
2021-12-09,0.6763685018512221,0.6787003084582933,0.675295823918824,0.6725623731390318,0.1175183074527614,0.6790938156141869,0.702535436545104,0.4638259930431326,0.5930319572619568,0.629327320303869,0.4217956413881687,0.6828531536826251,0.6970751603961975,0.6960384621087448,0.5994959982444082,0.9027781730650895,0.4897358018911628
2021-12-10,0.6776597390105055,0.6934114340677588,0.6813766150170752,0.6939142208190715,0.2415318758169833,0.682060012490596,0.7040177327475389,0.5927392604945736,0.6205576240179873,0.6230892705674032,0.519224877007498,0.6851614315831701,0.6971606987235114,0.6972916804129866,0.6208162562077065,0.9120768846649476,0.6068894601221176
2021-12-13,0.6905702628811297,0.6951967819933393,0.6911466225062449,0.6868121747857565,0.1697209021213063,0.6826989312789262,0.7046795229717998,0.5341738071800082,0.6303485125000506,0.6203396380282802,0.5552508070463539,0.6858907841241078,0.6971658368060578,0.6976769795852259,0.604969026810849,0.9050228815620005,0.47735888011600464
2021-12-14,0.6736734272101267,0.6745201074847023,0.6570543157153124,0.661796309722712,0.2910623398244296,0.6821799742323477,0.7046457052155198,0.36546001002640666,0.5997811334883623,0.6111440802282796,0.48868180473179335,0.6859975489970406,0.6953459816294373,0.6968448170220232,0.6629158998390665,0.8941759183831479,0.3964763788811301
2021-12-15,0.6632318491434855,0.6757629956877842,0.6579425800217772,0.6760685040875241,0.22033443019273388,0.6832340688069882,0.7048136778174918,0.4489351275161238,0.595736631422116,0.6028619825962233,0.498115381692917,0.6851786313541944,0.6952107353257032,0.6963490102425604,0.6851313246771756,0.9028120281011933,0.5753859492808543
2021-12-16,0.6793132014398976,0.6793107260848713,0.6545719632649211,0.6540155866113725,0.21763028393926095,0.6821753709143629,0.7041436452282521,0.3300719151891231,0.5590826069278441,0.5878474229318992,0.42858722825172957,0.6848596528826152,0.692146703337441,0.6946861699197108,0.7267070740169994,0.8942604461337085,0.4083977284886992
2021-12-17,0.6457235372058028,0.6525554656942701,0.6414316369876593,0.651527648999902,0.31692156804562766,0.6823575825640443,0.7031945901055153,0.31799148648241166,0.5260783635887584,0.5682822066053002,0.3815912328556396,0.6835383920273483,0.6893817985144756,0.6926432860411685,0.7236250736753587,0.8826051604057469,0.49732416228496235
2021-12-20,0.6438434773188386,0.6477646711703332,0.6421603327554961,0.6427290879915103,0.1652473087380703,0.680909074254603,0.7019684719642776,0.2756533817585249,0.4870265808750499,0.543692385240442,0.3297006305162501,0.681768620912769,0.685726313460789,0.6899303514807269,0.7108734884530685,0.8756909954439958,0.46752682365410614
2021-12-21,0.6511820909299884,0.6589052599323931,0.6472388318135366,0.6594214020215861,0.13724615930021725,0.6791491931670781,0.7012515151918706,0.3770637709610312,0.4811797958314446,0.5226823943990807,0.36667061337515,0.6794470108061601,0.6852183440598903,0.6884639646342948,0.7107081678406558,0.881729884457912,0.5886856612853835
2021-12-22,0.6625296051114191,0.6721924583118971,0.6607891930156155,0.6727887883996905,0.13795596840919988,0.6787409404810439,0.7010829026470262,0.44756927743512626,0.49652385512047903,0.5093861442366995,0.4463327255360702,0.6782126248076179,0.6854723499393391,0.6879400825717541,0.710073642253884,0.8877909610910196,0.5713777647781408
2021-12-23,0.6726088682559738,0.6784746463166198,0.6766853128507924,0.6761589280157997,0.09724384793062144,0.6791077053106576,0.7014375773417778,0.46457951242788836,0.5135892297891266,0.5026548381970065,0.5141308713120729,0.67717766865635,0.6858138120651887,0.6875635525611098,0.6806394871232484,0.8925794349718958,0.5244597632548067
2021-12-24,0.6726088682559738,0.6784746463166198,0.6766853128507924,0.6761589280157997,0.09724384793062144,0.6791077053106576,0.7014375773417778,0.46457951242788836,0.5135892297891266,0.5026548381970065,0.5141308713120729,0.67717766865635,0.6858138120651887,0.6875635525611098,0.6806394871232484,0.8925794349718958,0.5090162641843036
2021-12-27,0.6787469897902236,0.6922364950349176,0.6828341981330696,0.6937107669804513,0.0998144657378501,0.6790869577577876,0.7022762646426401,0.5467505095613945,0.5526705647874496,0.5062142051994076,0.6204057364141043,0.6809657755812758,0.684799881889428,0.689056834933339,0.6816722012727772,0.897448262694772,0.5890886349431516
2021-12-28,0.6961646997779044,0.6952418636580309,0.693970523554258,0.6909964851963162,0.06635036302558281,0.679513659962359,0.702682298473488,0.5294681455788142,0.5787432522307302,0.5150288658422171,0.6746787290960584,0.6826824518952221,0.6840607747054169,0.689597082912301,0.6530990881232202,0.8936254750383914,0.49691416981816994
2021-12-29,0.6919744918539797,0.6963491507131397,0.6925130068169798,0.6925798280850607,0.061512885104628524,0.68265286185248,0.70319477613542,0.5370246141906394,0.6006488269210796,0.5270940485156622,0.7082478444400145,0.6855808092807127,0.6836658307723666,0.6909254932857258,0.6343276466203628,0.8972970500425275,0.5161006978462389
2021-12-30,0.6933563645618614,0.6937054838528585,0.6905546928692387,0.6866313980171994,0.06895065382086574,0.6837300310116018,0.7032287203920354,0.4960703267890468,0.6079604039811332,0.5384195703562742,0.7006091453083777,0.6872610378652726,0.6840728720997206,0.6920060002694192,0.6147680048398926,0.8933929810089113,0.4824553793245155
2021-12-31,0.6856551264243298,0.6851859178947166,0.6837906047635779,0.6798456224688675,0.08461721064541874,0.6863640930584183,0.7030077441496093,0.4506454712524193,0.6025228468885627,0.5462355126845608,0.6643646656993615,0.6880143717339344,0.6848992055801887,0.6928046775722319,0.5911110429822515,0.8889991977796564,0.47848163032505514
2022-01-03,0.6784979268599302,0.68211287400924,0.6699671097440462,0.676294706084201,0.16945306436071111,0.6888897560283423,0.7024931903939406,0.42712760162431757,0.5919172214187343,0.5500609932218284,0.6231539706553509,0.6875599323621702,0.68820073988644,0.6941775144441307,0.6014917217764529,0.8819535669026528,0.4928953153588017
2022-01-04,0.6773200237655819,0.6757855559143714,0.6616318543869669,0.6633117635772559,0.19919789228080645,0.6909887095443754,0.7013804239942492,0.34653695373854626,0.5635085258816401,0.546619576406475,0.548106543465598,0.6872731902566673,0.6891847506687219,0.6945072768180209,0.6170374015227816,0.8739781551783047,0.44979804991710093
2022-01-05,0.6570029895118974,0.6551540084203621,0.6385392539914287,0.6347447688655627,0.25682595855464435,0.68847226770906,0.6995297563352776,0.20902403686470045,0.49855055794822095,0.5289997344056921,0.40168169663807346,0.6898320141273057,0.6819910011926323,0.692339268837845,0.658600904139077,0.8642013723908982,0.3764423010583541
2022-01-06,0.6282150961950367,0.6384998075124731,0.628313897020794,0.6290902876525912,0.25363845494312937,0.6840160384201909,0.6976514669560525,0.186429458998088,0.43940257607465555,0.501366863948151,0.2982741503918819,0.6921883378185115,0.6744040515253533,0.6898730762861355,0.6572244618176264,0.8545242264148659,0.4817273295344742
2022-01-07,0.6304800930121877,0.6335283531270814,0.625125597438703,0.6294521966296754,0.1995547490055645,0.6792530396712232,0.6957676611700527,0.18913152449195164,0.3943309714796557,0.46894518317825395,0.24881867086560933,0.69379425358287,0.6681104582972925,0.6876442758910639,0.6504519102141749,0.8625107929708645,0.5107767741730413
2022-01-10,0.6199251413140972,0.6295059162317108,0.6128277054356565,0.6299722763932482,0.2898972846092458,0.6727531981726137,0.6945515043101133,0.1932838450558922,0.36103417946972416,0.43538731535078723,0.23708492655365154,0.6918396655300159,0.6634389661128163,0.6843384710315779,0.6690247831879792,0.8733213381873042,0.5115449085796447
2022-01-11,0.6287360512043403,0.6337768662742942,0.6246701394920919,0.6315782963520555,0.17352685327332104,0.6666939268270873,0.6928428965275849,0.2068414430986984,0.33893957865285185,0.4034843051648093,0.25417513745559134,0.6900681786880759,0.6594930204039386,0.6814828740463126,0.6635381652738389,0.8804943098886435,0.516819071283435
2022-01-12,0.64298283008624,0.6491431406059259,0.6410443634771799,0.6390196453803857,0.21245625186432263,0.6612320356682331,0.6918706099903462,0.26919358524343867,0.3344574085872293,0.3769360780418448,0.30947558722642415,0.6900129172256281,0.6571397138587565,0.680305318244063,0.6701876079716657,0.888884159001605,0.5450883686691425
2022-01-13,0.6447948901802855,0.6434260902672789,0.6112564561971215,0.6085528951189774,0.29830332977778057,0.653269846908949,0.6898755235957391,0.130413371946224,0.2880609491462104,0.3450788969300967,0.25464842804228,0.6912864851762555,0.6486182452329244,0.6768147545737905,0.7343958034105436,0.8778108528164144,0.36285467571206564
2022-01-14,0.6080567444630695,0.6206930561569275,0.6106870913610717,0.6207668077076162,0.2552025337608326,0.6472451838154846,0.6883531689538205,0.2212056142984377,0.2721393005072727,0.3159492186256423,0.2828161670934449,0.6920630815353963,0.6442610838681875,0.6750957894115795,0.7266438388259536,0.887536889662898,0.5702009332134181
2022-01-17,0.6080567444630695,0.6206930561569275,0.6106870913610717,0.6207668077076162,0.2552025337608326,0.6472451838154846,0.6883531689538205,0.2212056142984377,0.2721393005072727,0.3159492186256423,0.2828161670934449,0.6920630815353963,0.6442610838681875,0.6750957894115795,0.7266438388259536,0.887536889662898,0.5090162641843036
2022-01-18,0.6076490163668525,0.6183880264751905,0.6061095036781893,0.6036899076303932,0.2746211618380386,0.6398411854207848,0.6867463616959545,0.15416129822017838,0.23718745234872607,0.28464616571521295,0.2603710760754552,0.694288551876547,0.6368004576815269,0.6726225734450303,0.7289921761074039,0.8772038542311008,0.42496001763500296
2022-01-19,0.6126773270345058,0.6276756399770721,0.6082958638814081,0.605227967467006,0.302737879755682,0.6339179910546168,0.6849422585623346,0.16547258130431147,0.21510754186273412,0.2545503695887847,0.27283877875519336,0.6959699299176887,0.6310198829773201,0.6706837617998841,0.7504027031958109,0.8884157781163878,0.5167757931375911
2022-01-20,0.6189739452333742,0.6225685499292886,0.604743121189302,0.6013149999292674,0.22033130672030712,0.6305089332401117,0.6823126588882966,0.1500426253708232,0.1953454335014832,0.22595084635579538,0.2882912374287514,0.6966539974723609,0.624129054746912,0.6676796550569798,0.7651326862896526,0.8797797660336304,0.4893195549240527
2022-01-21,0.6045232107335267,0.6055299725011463,0.5921490915521495,0.5887165012934815,0.39683639095254974,0.626391747382472,0.6792395267154161,0.10300003286502785,0.1648477237852602,0.1960913209747121,0.27527881756377115,0.6963688484063164,0.615529913289337,0.6633331094872528,0.7650062305655043,0.8656264570541178,0.4452354215689315
2022-01-24,0.5807635207153056,0.5897117898877454,0.5476037151558674,0.5894855312117879,0.6135046453843668,0.6223160783785313,0.6763408137008059,0.10948624627013714,0.14595063450245593,0.1678787883038923,0.29228780496345824,0.6943378495383922,0.6085326469545767,0.6588520862885409,0.8511493097261355,0.886552506280756,0.5129827908490211
2022-01-25,0.5792233180800693,0.5849211886960916,0.5683734484977552,0.5716623493743154,0.5129061880673983,0.6163698239265214,0.6720752075150564,0.04831691462114879,0.10900783877732395,0.13685379052195257,0.2632426347335033,0.6896810578770524,0.6006117672692428,0.6525421710108945,0.8634218245775656,0.8687710211826103,0.41719276051373094
2022-01-26,0.6165276556226952,0.615450310127715,0.5862735347935971,0.5902545611300943,0.6501851438280967,0.6121557654102506,0.6687061240873488,0.19271980643927006,0.11191612294633446,0.1126994013739695,0.3341974695393328,0.682046961125161,0.5981495486742957,0.64733380355941,0.935323958345474,0.8908436504135318,0.6074180851930215
2022-01-27,0.6044554878100256,0.6127387841502303,0.5974328330579363,0.5973342855333159,0.36167311924012163,0.6079048296048637,0.6664569183624902,0.2416616158567247,0.12907830585302343,0.09730374031702155,0.42465147993618013,0.6720711902237747,0.5987876960441977,0.6424095995765737,0.9373954078268546,0.9038978057298929,0.5454486007497221
2022-01-28,0.598951422259421,0.6154051713232837,0.5895074638810567,0.6163787591064608,0.3324873928844175,0.6087028854583942,0.6643742267651508,0.35911747104518393,0.1748131019113262,0.09545437824337932,0.5645481699965661,0.6618705386979811,0.6023151687903064,0.6387775311872201,0.9629438238274486,0.9160396569154562,0.6059962535665331
2022-01-31,0.6187021867301993,0.6242182165050847,0.6166537631891112,0.6225309984529119,0.30672499230844913,0.6088827918244235,0.663275668089383,0.39325357611972195,0.22344767866984688,0.10510571827405324,0.6833193679265053,0.6522356345585905,0.6066047855453978,0.6358143594492799,0.9315870658133457,0.9273762122458377,0.5394895201796598
2022-02-01,0.6220090857817279,0.6202637007290284,0.6138298779182043,0.6175097690898455,0.26382331765870753,0.6102920958131379,0.6620887179244851,0.36642403417801944,0.2573633182731937,0.12058894704794965,0.7435470310677599,0.6415805956744457,0.6118356604243376,0.6327751723847396,0.9013710872425178,0.9173807020045549,0.48436266265155065
2022-02-02,0.6202423394662923,0.630409867178021,0.6223699671752734,0.6281402677017457,0.2301335440636064,0.6126286167837847,0.6615796855363885,0.42681287967796516,0.30238482166398395,0.14327944797921932,0.817978690993728,0.6341949413463961,0.6160521538847632,0.6309568025646674,0.8768157950367328,0.9263231180297863,0.5615859467682783
2022-02-03,0.6199251473102566,0.6216194418215008,0.6020557158899886,0.6005232929408981,0.28552832755230645,0.612547881110719,0.6595246156593024,0.2904669261956451,0.29933092119186633,0.1607329129400733,0.7638942507424652,0.6314354925851267,0.615394463352258,0.6291875488701419,0.9030515432909737,0.9156491401723956,0.37449318890048977
2022-02-04,0.5989061764008053,0.6161283373750691,0.6020786323652182,0.6111313988347113,0.21811207956108966,0.6148336785916969,0.6573732691055247,0.3493573335319556,0.31487648137119423,0.17825354424090378,0.7645878976682976,0.6295869326871546,0.6154799387155362,0.6282590725396482,0.8953400617426857,0.9242157823830499,0.5627829948581611
2022-02-07,0.6124055686898044,0.613959011644128,0.6019192079319846,0.5998449002148492,0.16686214398270846,0.6158900929486291,0.6547105238632627,0.2989868806882529,0.312609300545766,0.19175116733943387,0.723041086079302,0.627229889837998,0.6148782985103549,0.6267283723827595,0.8820670993583787,0.9172511399774179,0.4526880828672958
2022-02-08,0.6012617882733456,0.6088067953753884,0.6020331139616837,0.608010067197348,0.19722151510277006,0.6195967135872629,0.6517202593315409,0.34474512549511577,0.3250262582662319,0.20539109257734656,0.7245106829273177,0.6247129508015601,0.6152584478637753,0.6255929239922421,0.853739934316858,0.9251647729733026,0.5504423082167805
2022-02-09,0.6207858412008544,0.6232012075738708,0.6189766313053209,0.6230510782164846,0.18834694907022037,0.6229411944622272,0.6493495115885308,0.42253380975708704,0.35892101184167924,0.2240604094030713,0.7764507173986916,0.6232281515374908,0.6159518478946528,0.6251520659701161,0.8395232393370018,0.9328009997072405,0.5844224421695792
2022-02-10,0.6075811643969389,0.6168515140235553,0.6037411808039134,0.603079332850551,0.29846106513533227,0.6235270554799576,0.6462266647839118,0.32979671433427665,0.3577517136073233,0.2387282495652445,0.7351262684643664,0.6178589607147973,0.6179184837263966,0.6232939482528733,0.847886935973631,0.9217227629400074,0.41102996945976567
2022-02-11,0.6056557655568915,0.6059368393042157,0.588983639694297,0.586477371660757,0.24996447050114554,0.6204778103975113,0.6427320955040722,0.26379106200855,0.33408098818982834,0.24504508350981435,0.6488829240677761,0.6179105837247003,0.615524510144969,0.6221526415037716,0.8526320832682737,0.9121604604714505,0.42518441219303377
2022-02-14,0.5843193982503387,0.5889208324853001,0.5824474485605865,0.5863867344684995,0.22797444374860423,0.6167919373117474,0.6394711326569901,0.2634407562024084,0.31733948797804135,0.2462669806174601,0.5962659841618422,0.6161743836062082,0.6137496624528473,0.6203751883123817,0.8250339558704434,0.903285534839029,0.5085472042278639
2022-02-15,0.598453133369741,0.598050304608028,0.5953602690960982,0.5987591021956024,0.1553443394090078,0.6148798060127005,0.6367657642429574,0.3328259941402198,0.3245512168343757,0.2488950220876308,0.6107876584809118,0.6159722111800024,0.6134447495835152,0.6201202651830666,0.8020859788863856,0.9098901471202692,0.5730536692348962
2022-02-16,0.596135960255686,0.599614390004405,0.5891368496749446,0.5979659023593606,0.17817536111245597,0.6118027235427554,0.6344857197206932,0.3291964543156715,0.331080476222707,0.25249178458859123,0.6207919309369079,0.6156403108207762,0.6130323901096498,0.6197448156977824,0.7904252166260491,0.9025718697016075,0.50498552854988
2022-02-17,0.5915739340105748,0.5903982385861739,0.5807388430013015,0.5780887040253505,0.19753698581787346,0.6095149180002314,0.6325088791391414,0.2439557744269048,0.30892732939430856,0.25029907943939833,0.5610023631393652,0.616310479628621,0.6098513580271999,0.618544013899268,0.7954948385861731,0.8946483755416378,0.40788998060161324
2022-02-18,0.5840613452405782,0.583740871729758,0.5723179770732524,0.5717424655434715,0.21161135257288236,0.6054981642171763,0.6305079017975517,0.21937219554975945,0.28445923503033577,0.24294498602393005,0.5076991594039175,0.6176176744751525,0.6066475979259512,0.6176664545699211,0.7867823237527733,0.8862849367740725,0.4757555016019155
2022-02-21,0.5840613452405782,0.583740871729758,0.5723179770732524,0.5717424655434715,0.21161135257288236,0.6054981642171763,0.6305079017975517,0.21937219554975945,0.28445923503033577,0.24294498602393005,0.5076991594039175,0.6176176744751525,0.6066475979259512,0.6176664545699211,0.7867823237527733,0.8862849367740725,0.5090162641843036
2022-02-22,0.5657903816041169,0.5784873484507609,0.5681872860347872,0.5712663892481399,0.2699585983729832,0.6025838217243031,0.6284776855157365,0.2174743901879988,0.2670915097846481,0.2330868192560977,0.4818388433060765,0.6187648849241189,0.6034839839501859,0.6167245231260163,0.7751824046721687,0.8760976464183935,0.5064968746760717
2022-02-23,0.5775474516670125,0.5788498495798717,0.5581463228541884,0.5543810713145513,0.23931030605344575,0.5971149132240171,0.6258401609677575,0.1533600259149192,0.23134604505238515,0.21701934325677535,0.41771344565189944,0.6212537492557668,0.5989769618616193,0.6158310793388264,0.7957933278888877,0.8668683779171044,0.41959414868936684
2022-02-24,0.5374421496588726,0.5866844661468954,0.538565795303099,0.5868372190860174,0.3890690958952887,0.5934219430543051,0.624279057536884,0.3440964641509236,0.2541926279233877,0.20939418194903076,0.5048997600286463,0.6212538561734244,0.5986148478057526,0.6156544024167016,0.8977922717242934,0.880778892344256,0.6854680280342593
2022-02-25,0.5888050399789564,0.592277782416533,0.584504303242996,0.5930023253593693,0.198201504576668,0.5923943229950668,0.6226734235076175,0.3745623064825316,0.2840091616870434,0.21011806128076238,0.5911228053107412,0.6211008091217024,0.5983205433373645,0.6154304396466805,0.870968095164252,0.8887231584117413,0.5409043433228191
2022-02-28,0.5869212181582576,0.5956971184051416,0.5875851727242694,0.5963568256168145,0.21444980814070622,0.5934017971949669,0.622247878860362,0.39138288329228904,0.31481218339982786,0.21774694725606952,0.6624328786725999,0.6191607623105372,0.598285861390001,0.6143953037023372,0.8471610918357189,0.89717532324725,0.5262081678593286
2022-03-01,0.5916646140878895,0.5975763397315119,0.585645179474798,0.5876532381683097,0.1878245483068437,0.5935309510740489,0.6210924818477042,0.3495387259078237,0.32829914924347214,0.226936771904745,0.6785531602388486,0.6157002987448156,0.5983124913820442,0.6125921200414058,0.8366164140923213,0.8895554260152251,0.46463109801410907
2022-03-02,0.5893042651014634,0.6009730944222206,0.5891825763034999,0.599529838225763,0.1929407961418869,0.5936095481978145,0.620947328914045,0.41165112687229627,0.3583399593713542,0.2411639693680837,0.7305756192322633,0.6133900811140788,0.5988921843440084,0.6116625558350396,0.8264807080685264,0.897335249848946,0.5703711954151854
2022-03-03,0.606394784666653,0.6047318534028552,0.5899810735747898,0.5898517054685078,0.1573449234983516,0.5927820891037385,0.6204108211492199,0.36366845413738574,0.36930011399817597,0.25505414054297426,0.7270950477289062,0.6077808969392416,0.6008681484377418,0.6096830333755654,0.8260846802792001,0.8906681021657605,0.45989143793881515
2022-03-04,0.5868757737770027,0.5878168494054705,0.5742805913989263,0.576116794161799,0.19671629343774064,0.5925810002256595,0.6195316066135139,0.30096352037782453,0.35921845680366504,0.2638589229894347,0.674576714001405,0.6070943647410635,0.5990210345180389,0.6084212149715196,0.8234452040737357,0.8827702616777052,0.4382938118810116
2022-03-07,0.5738024002344684,0.5742982454867605,0.554563335219694,0.5512985537218723,0.28105551503717713,0.590496197381605,0.6182260214577756,0.20584950474392189,0.3164619341721871,0.2611172094549573,0.5553325889810249,0.6071676023332617,0.5926041840490501,0.6053278509534712,0.8387505932212879,0.8722360975526885,0.37855295362078956
2022-03-08,0.549448808850804,0.5613231356962274,0.5350971991416151,0.5443630668583294,0.32011688033820956,0.5877526851065454,0.6166516106877177,0.1824214182417287,0.2748989221915368,0.2494114538473051,0.4627582395484122,0.6088324773239249,0.5849366588921213,0.6024594346741392,0.8710625240295888,0.8604809309251329,0.4711267915545662
2022-03-09,0.5622496440957225,0.5740943211277619,0.5596978864924602,0.5730342054811259,0.21895541711631658,0.5896548703390174,0.6166994774224025,0.33680573510845196,0.28712337364050333,0.24284461786655523,0.5158294029101519,0.6059787359194809,0.5843004544585219,0.6006511791594774,0.8996208179047771,0.8690739346635392,0.6673879827322377
2022-03-10,0.561296347539851,0.5673010713836273,0.5592414385099885,0.5664386614045437,0.18321898821357682,0.5875746925609066,0.6158684942399946,0.3109358526118909,0.2894710349704305,0.23812845032263427,0.5349418105892285,0.5991508318932193,0.5856459305833424,0.5977243116035296,0.8860172748805332,0.861598000663627,0.47418168267140304
2022-03-11,0.572508705337848,0.5738907022608356,0.5566172287202231,0.5539277431772764,0.15652345025011208,0.5835899952693929,0.6143539553344729,0.2636978032522545,0.2753519721290445,0.23112413453528521,0.5113114178142297,0.596992653960182,0.5827601125188302,0.595183169549555,0.8882507298697836,0.8549565310611779,0.44226615425387744
2022-03-14,0.555213801852818,0.5645839059724864,0.5483789364995526,0.5457003031120973,0.18347433208446495,0.5784242098214158,0.6118878461819027,0.23411966238910226,0.25479369282785297,0.2208155786462839,0.47718753984906614,0.5975549217819959,0.5778359589045868,0.5930749910671171,0.8868834021109333,0.8474726153764741,0.4642548499343461
2022-03-15,0.5552363931765325,0.5700636919713943,0.5550196747898528,0.5699744360465037,0.21146376850071766,0.5766213837642188,0.6100540452342925,0.35706533635254895,0.2772357975468869,0.21770498189183496,0.5515230213968143,0.5965245828543436,0.5772053854748855,0.5922264736132618,0.8980012099995822,0.8558314408766828,0.642813924965608
2022-03-16,0.5751187184991587,0.5853485431053597,0.565220626302643,0.5863840331247303,0.23942821713755616,0.5752808178245308,0.6089680076113119,0.42789141512014645,0.32154287471799936,0.2253569141084473,0.6626708841145952,0.5946928145995733,0.5778642979265092,0.5915866813166978,0.9082563877562337,0.8650643951100928,0.5960915434436694
2022-03-17,0.584606032129714,0.5877035175056559,0.5793010605386658,0.5882652347080305,0.18469170546279712,0.5751190347576542,0.6075766899538819,0.4357810459040197,0.3611038722875193,0.2405326504524276,0.7403714645741438,0.5931624573005053,0.5784823855600043,0.591085155838391,0.8824739654894596,0.8725863641482832,0.5187531034172597
2022-03-18,0.5893270095254273,0.5999088421753301,0.5869689797801863,0.6000738035552954,0.28287806119819525,0.5775620917300403,0.6075610063927143,0.4849713387545603,0.41109913530933756,0.26411548484096303,0.8271940860810099,0.5960553117416184,0.577700417955589,0.5922217876614456,0.8725037613172357,0.8831774984638308,0.5699639480829843
2022-03-21,0.5973161018675393,0.5979612782431826,0.591920860657032,0.5971951663292,0.1654401831604231,0.58224247723215,0.6070747440649559,0.4703590089181852,0.44709419746911006,0.291219819448702,0.863561674403152,0.5985028817407224,0.5777646128517142,0.5935376948128478,0.8443894824361218,0.8762573045230474,0.4944163833819128
2022-03-22,0.5993815119670743,0.6089663740120094,0.6007525730386986,0.6083011014444867,0.15957195933863597,0.5887626675710482,0.6073697974154428,0.5171732343380817,0.4922820883123546,0.3232452855757394,0.9143836746963767,0.6027084077832118,0.5771652611208843,0.5954523931012361,0.8231003015761849,0.882994066166556,0.5655825142845758
2022-03-23,0.6009930308280603,0.6049583853317799,0.5983564173948375,0.597943154201304,0.1448580616042467,0.591302800183016,0.6070185431905394,0.4618867683164221,0.5125831744224354,0.35351189880813105,0.8962194736428406,0.6041035006995603,0.5802795710006482,0.5977045571007749,0.8040886985921325,0.8767172399558552,0.45710995493340895
2022-03-24,0.5978836176287812,0.6071548979144369,0.5997257065682048,0.6083918097247379,0.13524635607898014,0.5955810441755661,0.6065070527273018,0.5071741829594296,0.5437620182382127,0.38486098502674443,0.9073984966393682,0.6069592639338226,0.5794918858500213,0.5988189315715163,0.7832693778478977,0.8826936179766482,0.5621761257613566
2022-03-25,0.611705864793279,0.6100985628817728,0.6019392812403493,0.6074397993100625,0.12026930579263581,0.6010380275450098,0.6066591979049798,0.5017595551575265,0.5663371864987731,0.41510695575725515,0.8960062923383927,0.6089456748439598,0.5788851480063337,0.5995653504046233,0.7662081416207532,0.8771854011616744,0.5042461256125211
2022-03-28,0.6096630336558446,0.6220998647279549,0.6134408491033748,0.6233506430228946,0.1750214348295287,0.6089565536519751,0.6079457782456515,0.5690773621254552,0.6067202275054117,0.4485460611898072,0.9289827515382871,0.6135966255257377,0.5767431739546601,0.6009609334379264,0.7566280605666658,0.8844050913483077,0.588849325691887
2022-03-29,0.6314066597203911,0.6334674058664019,0.6242124049274218,0.6340259981589631,0.1813870716352784,0.6154883211543722,0.609608005052334,0.6097683873763264,0.6528934936419524,0.48586486345894464,0.9690495436964193,0.6209085160599392,0.5737925528937823,0.6033584097221004,0.745323935712713,0.8918237622518251,0.5613699015665827
2022-03-30,0.6310662512281773,0.6337618195631898,0.6299860965424934,0.6305129005870659,0.16397527459226974,0.6199884378244697,0.6107159569980912,0.5869530578185611,0.6822053068102444,0.522428399971129,0.9612496878358711,0.6257828858451316,0.5718329044495771,0.6049602371146747,0.7183103056330198,0.8849493592611,0.4920447548505316
2022-03-31,0.6313838869574979,0.631927565866309,0.6215651986443785,0.6179337378856283,0.20503722398264598,0.6230139341357063,0.6114126737168644,0.5082603007815472,0.6846360094559089,0.5522355358042333,0.8914743128135207,0.6287645181087838,0.5716013172178586,0.6064120809718232,0.7130464222701728,0.8767914183658908,0.4479471689569291
2022-04-01,0.6211022221142525,0.6205827687979775,0.6162022406279901,0.6204495419907182,0.1557519525607008,0.625091784882206,0.6128907259570728,0.5198615978349654,0.6881835930543647,0.5768931678280446,0.838293843427655,0.6322333800313152,0.5725672229365754,0.6087040884251971,0.6898521782838134,0.8834087720522112,0.5214498090349446
2022-04-04,0.622736470610235,0.6318595958020953,0.6257185620344023,0.6330287046921557,0.13372444413903828,0.628745971191731,0.6150291223490829,0.5758755520971184,0.7073693875082052,0.6010102607807648,0.8327115344156426,0.6359329004078316,0.5772465959545838,0.6129295453247368,0.6758850348007909,0.8893375772789406,0.5709616723010945
2022-04-05,0.6299540676662921,0.6313162148424267,0.6260837595958748,0.6237587591960316,0.12487798935832944,0.6303222922561174,0.6168606834966399,0.5158486173301253,0.7064478161438363,0.6200930182482691,0.7807204428338599,0.6359795338680617,0.5856068349512088,0.6170343104817724,0.6588549364505196,0.883685299596566,0.4641712957444639
2022-04-06,0.6116151415135431,0.6134952693212561,0.5960515538175595,0.5979659023593606,0.25726402556249833,0.6303246120384088,0.6183814432421757,0.37493176822882474,0.6654772707584233,0.6259824352509435,0.6444688611919603,0.6358182064941137,0.588421334301741,0.6183232816795582,0.7054619560392827,0.8738948234600218,0.38259726228239377
2022-04-07,0.5922548221039328,0.6059094444867107,0.5952300198026614,0.602204239645305,0.1893347472251852,0.6296936240057878,0.6189176285551657,0.3969312137498571,0.6377732737329392,0.6243534495525326,0.5668240628806919,0.6351202182760722,0.5929605684835139,0.6201723656167504,0.7014598360894667,0.8815619273537805,0.5305790262544557
2022-04-08,0.6008342146521837,0.6001805101782713,0.5950702916010322,0.5922316604172025,0.13428901178017627,0.6281427480534121,0.6188907385525376,0.34742705154394943,0.5998742029441079,0.614376429936557,0.4806114143175399,0.6319678753745372,0.600407994882929,0.622152681931591,0.682534146119209,0.8756154745487504,0.45859506173563136
2022-04-11,0.5812014858225152,0.5809102325415929,0.5693283385102254,0.5656908157084277,0.2139953429026117,0.6222627886297025,0.6178207416681416,0.23602466835316321,0.5300468772273168,0.5904136723888348,0.336176506516187,0.6281535387704421,0.6066273612656257,0.6231861934126381,0.7123093547730446,0.8671775156476415,0.37283798167237814
2022-04-12,0.5754137314737972,0.5766757373548755,0.5590360817352559,0.558437920951999,0.18586378849094118,0.6145545652861056,0.6168013622806217,0.2096952620822377,0.46437361084988904,0.5562130498871685,0.23044700636953425,0.6299588719973097,0.6034639215091983,0.622589754439701,0.7281203377100641,0.85961890896764,0.4702747825404797
2022-04-13,0.5606383564641371,0.5717847362123657,0.5608847035697128,0.5710398318114933,0.11512104236521828,0.6084896974658008,0.6158072904013404,0.28335437614991815,0.4319105501646861,0.5214228419187092,0.22435818052760653,0.6310807560651108,0.600632084914236,0.6217964577121503,0.7223621999747812,0.8649661984192163,0.5770933068147588
2022-04-14,0.5728035985350042,0.5711732005815295,0.5563660622816399,0.5533835645837624,0.16442817809415083,0.6019070832353011,0.614534845853029,0.21698542038384577,0.38132587975981524,0.4820135345733072,0.17665535670165633,0.6343200429620555,0.5934536814112477,0.6199930719121212,0.728783636570707,0.8580776383117354,0.41547882014049203
2022-04-15,0.5728035985350042,0.5711732005815295,0.5563660622816399,0.5533835645837624,0.16442817809415083,0.6019070832353011,0.614534845853029,0.21698542038384577,0.38132587975981524,0.4820135345733072,0.17665535670165633,0.6343200429620555,0.5934536814112477,0.6199930719121212,0.728783636570707,0.8580776383117354,0.5090162641843036
2022-04-18,0.5519682110561657,0.5579265422438499,0.5541297811629338,0.5549476426261525,0.10630347970445705,0.5952274151131786,0.6137962128761233,0.2263150645060557,0.3453937022427509,0.4422624137937512,0.1731253469096642,0.6363381079414221,0.5865033276478288,0.6176600449228877,0.7012307292653808,0.8631493033453705,0.5175329369188051
2022-04-19,0.5530349436545718,0.5663275583949816,0.5542895273518681,0.565781523988679,0.11817033232184887,0.5883697689440566,0.6143015519505116,0.2904991764465125,0.33498712102986417,0.40807979842488856,0.23063297142757866,0.6368687212424231,0.5826050817679896,0.6160359565027441,0.7006967512269144,0.8685919092468282,0.5678634811220435
2022-04-20,0.575777034448809,0.5743209421523507,0.5701727946127557,0.5681840138314488,0.12292581909160052,0.5827024393153267,0.6151327112412293,0.30454656344835124,0.33229491665115224,0.38011755049678464,0.2948725705235364,0.6362176252601669,0.579055638435406,0.6139618991000411,0.6770772286079768,0.8741831648742211,0.5218474113043058
2022-04-21,0.573915804040749,0.5824727002552741,0.5580548663161203,0.5556048511300111,0.1740562818496579,0.5783825987265612,0.6145245670806933,0.2498765296999042,0.31363882936864085,0.3534779970940945,0.308532433360938,0.6368723679896627,0.573866659749688,0.6117730046381619,0.7159821426611341,0.8669936439915708,0.442082525909754
2022-04-22,0.5582551846075258,0.5596022628857952,0.5428106812315655,0.5402380438347053,0.17367521821359244,0.5720634900164223,0.6136103764425004,0.1904517165510829,0.2785872983158125,0.3241442300210819,0.2807084812055879,0.6376026051754736,0.5658618653519716,0.6082494481918468,0.7285715587199646,0.8598160346140528,0.42563339935013506
2022-04-25,0.5392125237165315,0.5548694239119373,0.5368542672181124,0.5554008285874396,0.2226598554144614,0.5683076030013717,0.6136617752649762,0.28275332011142956,0.27599999325115854,0.30008506867785356,0.33518091562326535,0.6363656321930783,0.5616795633701966,0.6055590282516609,0.7438403192688918,0.8685248338039924,0.593327707386996
2022-04-26,0.5487678663754424,0.5486423249345096,0.53509713214199,0.531602558684383,0.3073020538392942,0.5648313947388459,0.613169877471304,0.1949664632151466,0.24156388872107754,0.27295646582144417,0.3034818730613694,0.63421465613258,0.554273753565734,0.6008156432048294,0.7606335491033922,0.8571702403541583,0.3798414657692107
2022-04-27,0.55920834475102,0.5771966130410857,0.5560009786165397,0.5610671104074031,0.4397318186574378,0.5650995108265113,0.6128590835104787,0.3456079513716512,0.2609191273679757,0.2556833509844769,0.40526245198915634,0.6270737247209505,0.5542242638317935,0.5970436614823844,0.8452545370651198,0.8726643991521937,0.6751615719346348
2022-04-28,0.5662217056251729,0.5772193635794387,0.5612498197457442,0.5755955059023294,0.20679027288216859,0.5655640834769924,0.6124826507580705,0.407989700088302,0.30022634434656337,0.25086096778739564,0.5338448897012391,0.6199420294957072,0.5560759774701128,0.5942044267382844,0.8465456659616807,0.8808771378527764,0.5871789521039117
2022-04-29,0.5739839426728751,0.5747284891356267,0.5499307116922361,0.5481480760069987,0.23355296550280882,0.5650301855825924,0.6110828848625673,0.30579369246108096,0.2929694439418463,0.24534219918747888,0.5266531089068602,0.6146684915184057,0.5543545141670703,0.5905965011077394,0.8743092904612254,0.8718278355960393,0.36461738252227627
2022-05-02,0.5492445987919452,0.5635423414154358,0.5492918014841642,0.5639003934933727,0.21853843354734329,0.5659431576513905,0.6098207240473891,0.37153438065359706,0.31286188527314995,0.24547989950168075,0.585069158891426,0.6077541553627729,0.5557996376459099,0.5876729045299223,0.8680192979064247,0.8804078050235015,0.5955042704383119
2022-05-03,0.5634298833591526,0.5617080017089982,0.5582601988795198,0.5578033184302092,0.1469133064610589,0.5651295665058262,0.6084462656601245,0.3491093627129706,0.32165718182300934,0.24760300927354462,0.6055730774808361,0.5957753947105453,0.5607124481815469,0.5837837446100212,0.8318979912706201,0.8740667347933161,0.47635817895740923
2022-05-04,0.5603205242703978,0.5769928880426278,0.5504555993899121,0.5763887768265651,0.20642092226770345,0.5659662612331505,0.6073327824252002,0.4242286102741523,0.35796686488206414,0.2576115703999895,0.687008497258413,0.5852619790879189,0.5670002138565169,0.5813347118301,0.8660070000453433,0.8822679281210962,0.6095169160540076
2022-05-05,0.5670160709806243,0.5667350738674414,0.5450013777850055,0.5477627790799123,0.28186137092328284,0.5651665525347372,0.6055818912855278,0.3211192985532642,0.3459697386876207,0.26287267795136693,0.6379801211546697,0.5800201854299347,0.5673189926322775,0.5787392053845445,0.907934130202772,0.8717085740917832,0.3585987937550442
2022-05-06,0.5426623631857224,0.5506576070535837,0.5379952711761155,0.5418244435071887,0.23906901780847808,0.5653283283522941,0.6032592260718918,0.3017196726241454,0.32963654579488866,0.26334344184782976,0.588508806340178,0.5725328505715527,0.5689745133673106,0.5756175639443204,0.8941496749265945,0.8624868479164898,0.47639188355198553
2022-05-09,0.5318815141545556,0.5350558453007815,0.5198528588288114,0.5188194445283677,0.31673181709570164,0.5615978791999342,0.6001670890839446,0.23155337336021103,0.28498656049674237,0.2535011631314581,0.4820029239759034,0.5698984276056269,0.5640309000230425,0.5718221451122818,0.9049550232912874,0.8508374935322723,0.3814247168106534
2022-05-10,0.535581068247446,0.5382033934770613,0.5238464791280135,0.5299706626957861,0.25122010641670556,0.5614314638177942,0.5969088794794523,0.2809484008835201,0.26890500320005495,0.24194680899425616,0.46432180791585825,0.5697915641955724,0.560361980059961,0.569975409663882,0.8995729896047159,0.8604390453865934,0.5732363744649057
2022-05-11,0.5219403306175752,0.5327914209794831,0.5106788386998964,0.5096854192766327,0.3264918875612396,0.5561917280599542,0.5925703942182283,0.22135259502119548,0.22914513134057324,0.22360361943342325,0.39421146956431974,0.5728129539727399,0.5519485562696512,0.567454900498924,0.9144645490073101,0.8484846051362898,0.39432583066298993
2022-05-12,0.5038057137360302,0.5067960157937471,0.48950120133428787,0.4978996696754185,0.3425613723288454,0.5482685623884059,0.5879432599960372,0.18945369834462217,0.18379006174386187,0.1985488077128536,0.32489853573344546,0.5748594602700928,0.5420000944899169,0.5636735468728467,0.9177626303154103,0.8360278557381992,0.44009204047558825
2022-05-13,0.5030340203714979,0.513951564377517,0.5016646868661269,0.5109773724782689,0.21677367162622033,0.5444780163760554,0.584211343842156,0.25011332409059134,0.17114325788671697,0.1756105274760154,0.34675659078948246,0.5755988821909449,0.5367128640103577,0.561481142541176,0.9012802880704088,0.844552661227958,0.5870533946229685
2022-05-16,0.5089576732674372,0.5202464756814903,0.5026458085837657,0.5118384968927082,0.19823430103714904,0.5391689155030385,0.5804216926872441,0.254128933556589,0.16629565164740018,0.15615044818179646,0.38267701450351777,0.5755625251354753,0.5321854085075964,0.5592523954373209,0.902148161832563,0.8524979524659672,0.5140412111614658
2022-05-17,0.5229162942736361,0.5259302660141152,0.5178902452207896,0.5238964779666672,0.16916960923798208,0.5357112075042877,0.5766138564890457,0.3106648563379391,0.184084780747987,0.14465372204473614,0.46491694954712987,0.5730584300775514,0.5304413196771736,0.5570869344097792,0.8808629028872489,0.8595347229405874,0.5792763589394128
2022-05-18,0.5172479240324024,0.5166098457880931,0.4971204099011213,0.4963624273507358,0.18890370803029147,0.5275503837616298,0.5721687500482283,0.2227061234245114,0.16116510773397252,0.13021079375165484,0.434490636767229,0.5717102329976381,0.524283050526529,0.5533737512756728,0.9067346629434948,0.8518810927165686,0.3517782935550037
2022-05-19,0.49654578889802903,0.5031506030923846,0.4950846284811774,0.49422694401315753,0.1993384485400109,0.5220909754947596,0.5685490955006517,0.216404416796038,0.14397454241489188,0.11472210506983987,0.42369075576944604,0.5714479065230773,0.5180633825781673,0.5502005073989973,0.8780569338225183,0.8439012874042618,0.49623949372179316
2022-05-20,0.5041441655641218,0.505125246010441,0.482641208724349,0.49290932804571336,0.2501495362424314,0.5171027730058602,0.5647355829099604,0.21229296716279383,0.13267161266951188,0.09974429114799416,0.4289667125487229,0.5721278728768457,0.5123186450319712,0.5477536081053737,0.8949546516414156,0.8343332000448926,0.5011035867136734
2022-05-23,0.5001629893649566,0.51184347389133,0.4986300554856249,0.5112880270117315,0.2031108223634379,0.5163347438343661,0.5619113017004297,0.3054208005617763,0.15508435271091392,0.09289156737366339,0.5128769539718908,0.5696084869704922,0.510355013141847,0.5454729718950736,0.8888472431982674,0.842430924376246,0.6196392996319838
2022-05-24,0.5056228782078872,0.5114575637985875,0.4987901583332709,0.5089480590596209,0.17084925653547564,0.5141909279036103,0.5599314362726273,0.29670359868766144,0.17317912679863678,0.0915506775781606,0.5697993156258513,0.5692585953413496,0.5083314799326066,0.5443017320208211,0.8755191684674406,0.8353416505255195,0.4953689375222198
2022-05-25,0.5061916416720545,0.5188340789803519,0.5070934423467517,0.5155362455288317,0.16697615072628544,0.5147875759089967,0.5584345131588836,0.33016831999977286,0.20081833157758217,0.09680365626185072,0.6378961719014604,0.5652577989638693,0.5078106767649209,0.5419477817973214,0.8605217872542908,0.8423098566191624,0.5475927947049518
2022-05-26,0.5155872982629559,0.5245765300120787,0.5169293566528746,0.5232150284568794,0.1392881293992157,0.5173691528814669,0.5567658125115167,0.3686813748929481,0.23722469957800002,0.10933824047049284,0.7130954947956026,0.5577221010266209,0.5103655729641613,0.5392397059257433,0.8343860844553422,0.8484125747025895,0.553481993091548
2022-05-27,0.5297146333328309,0.5387165114473114,0.5309509017246676,0.5398897126644612,0.15419255895163772,0.5203175381794686,0.556294985705053,0.44619321663660977,0.29331835921956406,0.13220387238341358,0.8197873211361897,0.5566200174225471,0.510675897064095,0.5388127477230438,0.8222573082818156,0.8549811839713904,0.6043473617901489
2022-05-30,0.5297146333328309,0.5387165114473114,0.5309509017246676,0.5398897126644612,0.15419255895163772,0.5203175381794686,0.556294985705053,0.44619321663660977,0.29331835921956406,0.13220387238341358,0.8197873211361897,0.5566200174225471,0.510675897064095,0.5388127477230438,0.8222573082818156,0.8549811839713904,0.5090162641843036
2022-05-31,0.538928216304203,0.5419621812693651,0.5340846537235273,0.5367774092023265,0.23943914929104984,0.5228607263796734,0.5556609908289564,0.4308293916061278,0.33508986643865324,0.16005648028786218,0.8712893170307981,0.5520471396655882,0.5127202322492952,0.5374104867489953,0.7999584932305173,0.8457478880144726,0.49170084034580547
2022-06-01,0.5450024474229839,0.5485897674628291,0.5366237613627114,0.538026993959582,0.14155342777672797,0.5243017098953068,0.554692581154932,0.43686893724152104,0.3715807918847487,0.19069012024727683,0.9000098686678948,0.5486683684674802,0.5142587090997336,0.5363880488152598,0.7917380104224766,0.8519214160905004,0.5160034110163961
2022-06-02,0.5205465724748982,0.5416898168762417,0.5173180570385758,0.5429339138284133,0.2877007026251224,0.5290509168136192,0.5538115559281533,0.4613445300004732,0.40889873988634146,0.22373786368195692,0.9249410388767556,0.540150559266391,0.5198745154527858,0.5346584290849586,0.8213544266015691,0.8626632992906748,0.5363982753408923
2022-06-03,0.5338779001394421,0.5389663385328449,0.5328953263738966,0.5325746870013399,0.16315848655267035,0.5329614934362582,0.5530079885929042,0.4034176264181761,0.42398227163412333,0.25362817489070494,0.8923332898493455,0.5375151131766159,0.5210996844233569,0.533873203220301,0.801396064306582,0.855814427927754,0.4516635596590482
2022-06-06,0.5378589698597246,0.5406230594357151,0.5301732123713051,0.5296894385918094,0.11897150299931442,0.5367122080617304,0.5526399271862086,0.38761766546034576,0.43246829610638965,0.2794825913327379,0.8506533948469329,0.5356147282283861,0.52185781427196,0.5332458222643515,0.7883131817899506,0.8503467785749319,0.49277265024272743
2022-06-07,0.5255287978862672,0.5382399768895172,0.5272454102936232,0.5382086948720602,0.1225666197625224,0.5394574891707873,0.5520400601162334,0.43594237634583105,0.45246509435438276,0.3047427234920595,0.8445160429245604,0.5377539465103726,0.5216112957770149,0.5342482484273894,0.7777514360316985,0.8559268061442081,0.5572053458258247
2022-06-08,0.5370627680020689,0.5379448901067437,0.5356401004678066,0.5334606566696568,0.0797094545948622,0.5419572032009846,0.5521048927782292,0.40751460094864983,0.461735717693859,0.32707256516101335,0.8142540546853316,0.5381902729501,0.5215117844624463,0.5344286814614799,0.7417313804631761,0.8516864323611771,0.48252863467689566
2022-06-09,0.5281222151909941,0.5372866776733434,0.5242489272997364,0.5206932529602994,0.15051388930101373,0.5424830978464789,0.5506961701629133,0.33566833927626655,0.4507001975784799,0.3424107766496634,0.7420493940945533,0.5384290212789978,0.5224211048728573,0.5349977875531173,0.7406361114203479,0.8452328130527835,0.4372409266521762
2022-06-10,0.511742524343553,0.5097553689072829,0.4965714515581364,0.49388621925826354,0.1894253279255614,0.5394922424092427,0.5478451738188646,0.21449574131781463,0.4032282276262078,0.3438165980050759,0.5981654249992341,0.5388177112096264,0.5215779798327156,0.5347902917690671,0.7684532109433175,0.8375628777356736,0.3551148674659331
2022-06-13,0.47654886901017535,0.48351771552317524,0.4714100097543794,0.4695098617885895,0.30431445246309224,0.5323151368459555,0.5451013331803357,0.13112694130341657,0.3313257915141151,0.32848518979651853,0.42531503836109485,0.5432551028945577,0.5124135485507477,0.5326464173595586,0.7887652193457386,0.8263016724387835,0.36254217273038175
2022-06-14,0.4737052231259874,0.47607318914810093,0.47136430368254234,0.4745760187638181,0.1677851300848179,0.525972043761718,0.5419846315635695,0.16401563197678842,0.2844131560347938,0.3054833283670925,0.34609996875536897,0.5456038627398339,0.505940579965075,0.5307199435499005,0.757752850034496,0.8332951660720108,0.5408063988943937
2022-06-15,0.48382873210833666,0.4977713662082588,0.482595380331568,0.49109182130497214,0.2026134093794754,0.5211857493240194,0.5396569373415092,0.2645457755510838,0.2744569128785711,0.284803187813254,0.3700770761659662,0.5450918323215698,0.5030161974858216,0.5290239395515891,0.7743449447070038,0.8413773419837547,0.6117076370686975
2022-06-16,0.47852809530164964,0.4798862224736936,0.47481826649626413,0.4756664375026702,0.203062408540823,0.514326033474134,0.5361425385140254,0.207850769131723,0.24658184827665391,0.261879404416928,0.34690630400683314,0.5465336301443058,0.4992734245773295,0.5279539548267583,0.775472846586703,0.833281130999365,0.4158744518291826
2022-06-17,0.4756161865441221,0.4868769061291619,0.47712855949977995,0.4817548398305745,0.2804901665279324,0.5091435927142356,0.5338393927981926,0.24376224008171993,0.23663309760643153,0.24126344106928335,0.3707398534112429,0.5471990259938042,0.49723671677640013,0.5273091458053087,0.7608616239281091,0.843797623137259,0.546798342986024
2022-06-20,0.4756161865441221,0.4868769061291619,0.47712855949977995,0.4817548398305745,0.2804901665279324,0.5091435927142356,0.5338393927981926,0.24376224008171993,0.23663309760643153,0.24126344106928335,0.3707398534112429,0.5471990259938042,0.49723671677640013,0.5273091458053087,0.7608616239281091,0.843797623137259,0.5090162641843036
2022-06-21,0.4882649337065814,0.49652307077108426,0.4896634668609664,0.4955900207527178,0.17775525407105588,0.5056662463085229,0.5322261836312053,0.321209654368333,0.25223836700159646,0.22834219516787466,0.4502055069454617,0.5471302893804985,0.49759459893994573,0.5274477378837509,0.7516398510108704,0.8511027686096886,0.5939425056750348
2022-06-22,0.49197312780815683,0.5020157509307654,0.49163063013202135,0.4942042313990976,0.14661111050376927,0.5011788159478323,0.5313673108454813,0.3151434212491259,0.26529611808534603,0.22099368139713713,0.5077567820675325,0.5469476028240448,0.49598136542983895,0.5265645039586357,0.7410074769406151,0.8447711445936144,0.5007138638460136
2022-06-23,0.5003449519986738,0.5070089853229641,0.49908752459373873,0.5072214738631128,0.14599812904001638,0.4985030304417064,0.530573547286211,0.3859337971534747,0.29739656123051317,0.2224615893081781,0.598806611469456,0.5468882148812577,0.4958623314429669,0.5264752393329791,0.727271299917846,0.8510836076844244,0.58719178109241
2022-06-24,0.5145406378917936,0.526551015602273,0.5175925215717306,0.5273040809555761,0.20895015406527748,0.49917718092358976,0.5311882967485642,0.48058672059656465,0.35444410026244344,0.23669219130539682,0.7306107788741396,0.5479118262782403,0.4960081513481319,0.5270836375900025,0.734383092835942,0.8593638611866388,0.6269534048935568
2022-06-27,0.5291005076375845,0.5272774151205447,0.521161004036198,0.5209205212768854,0.13626616982631934,0.5019340500701248,0.5319915391515797,0.44724132706718717,0.3914542147402317,0.25654705156175095,0.788694179769653,0.5477087878192638,0.4959834328765279,0.5269650113415539,0.712704517479928,0.8533556052443233,0.472766099850947
2022-06-28,0.5194774104537064,0.524122515107591,0.5052406768011906,0.501814734308978,0.1571965585580802,0.5052283946503127,0.5316718368387168,0.35586239394213864,0.3936288358974832,0.27292863789343513,0.7528246388468377,0.5443468391125548,0.4955654429412466,0.5249965311897125,0.73099691104547,0.8466930952373165,0.3993697868706371
2022-06-29,0.5049403715851593,0.5129102211301266,0.503959684077361,0.5104020573434146,0.10077337177286735,0.5088818161566137,0.531621716661786,0.3981639175666582,0.40922354624937696,0.289603015123273,0.7558483782152065,0.5415026285920664,0.4958300415171045,0.5236329228864494,0.7177690691161759,0.8515918969935995,0.5599141407927295
2022-06-30,0.5037119103836833,0.5073722090914251,0.4974177640948779,0.5026098179770588,0.19183118256227816,0.5100563835500421,0.5308789835857803,0.36159611432760913,0.41105988376814684,0.3033627932112945,0.725748439235899,0.5378699813156385,0.4959846900479975,0.521801851380513,0.7134188516580111,0.8438467580959302,0.46350171485042935
2022-07-01,0.5022104807725745,0.5079168941289754,0.5013292095732705,0.5088572086033818,0.12238702009798336,0.5134410691518465,0.5313149508684976,0.39394524557703453,0.4227487815260612,0.3170458138405926,0.7249557419518602,0.5331165720577105,0.4974865531954462,0.5200400823454963,0.6942034487194715,0.8494211716361482,0.5459946806794593
2022-07-04,0.5022104807725745,0.5079168941289754,0.5013292095732705,0.5088572086033818,0.12238702009798336,0.5134410691518465,0.5313149508684976,0.39394524557703453,0.4227487815260612,0.3170458138405926,0.7249557419518602,0.5331165720577105,0.4974865531954462,0.5200400823454963,0.6942034487194715,0.8494211716361482,0.5090162641843036
2022-07-05,0.5016873048961454,0.515202739372615,0.5016266718296372,0.5162860816887777,0.12319365685219574,0.5169624515498403,0.532084637197299,0.43174323251386276,0.44376172124892205,0.33280139018300836,0.7463596460431713,0.5307754827993754,0.49827860629349974,0.5191979598376487,0.6976068687135665,0.8550207994894846,0.5525220606681501
2022-07-06,0.5189541419338923,0.5265737462911539,0.519148014092891,0.52391915503673,0.1300918457067091,0.5198513634293425,0.533166630530151,0.4694587123114066,0.4721407448443015,0.35190086158601963,0.7808930526557885,0.5298459274501581,0.49866696335582705,0.5188996356063749,0.682487133637577,0.8608360548763041,0.5531617975249881
2022-07-07,0.5220708443160171,0.5290023515576137,0.5251410024897566,0.5288943904677256,0.10694301068383746,0.5233889516814386,0.533780950883524,0.4936887534899483,0.5020577266539894,0.37402743628802176,0.8121548557889982,0.5279744348257076,0.499692820497018,0.5184180851462024,0.6577553999490521,0.8659277107351512,0.5374271434919896
2022-07-08,0.5213201483727815,0.5268234787497573,0.5211838607985531,0.5272133015873308,0.09756400385436498,0.5254276524771084,0.5344182608125224,0.4830658008512346,0.5230470165321364,0.396532443229311,0.8160630389579692,0.5267833108631714,0.5003119208411472,0.5180950962697216,0.6421710031654536,0.861129229237258,0.4994948041420136
2022-07-11,0.5232766159207246,0.5232600858471939,0.5186448504801132,0.5200572286786312,0.09597415638914095,0.5246886423322175,0.5345760067305322,0.43759728666609793,0.5287485683881443,0.41584134350756397,0.7830558874260451,0.5266944536271945,0.5003400999763868,0.5180622137513688,0.6302521746104528,0.8563804441009418,0.4683731810719951
2022-07-12,0.5237997882179687,0.5219208841490437,0.4954505594646992,0.49543096136630543,0.2241403813447486,0.5220893009019181,0.5336065664508356,0.3050163269713521,0.4967082406503647,0.4239555032107697,0.6674444459198554,0.5266956715216895,0.500502424854718,0.5181420770713425,0.6772668371423655,0.8476253657845042,0.36748518450061474
2022-07-13,0.48810575040701243,0.4937994964348361,0.4864611712931286,0.4932728365026611,0.17439049339932192,0.521218226276101,0.5319800127386831,0.29476708810949165,0.46851470329805855,0.42399427224801206,0.5840474659399313,0.5247950754840286,0.5050634550868257,0.5193706252174934,0.6633928346491706,0.840425397926041,0.4960831571636077
2022-07-14,0.48897020788275136,0.4974082563760521,0.48149748724648334,0.4963624273507358,0.14007446358265413,0.5197865110156543,0.530569855212702,0.315147102272653,0.45137591984493686,0.42010279256948946,0.543458609372747,0.5231902945612816,0.509097000979139,0.5204969846991154,0.6756191273760166,0.8465526956932147,0.5276010138483789
2022-07-15,0.5006862704486582,0.5092787647615826,0.5016952438130047,0.502359979222401,0.17655115545053748,0.5197610332817054,0.5293253635178744,0.3548047529631391,0.44737130534862896,0.4160730863666904,0.5420311026235847,0.523047718648889,0.5104439569898068,0.5210795495794203,0.6668987244655183,0.8538202027621316,0.5449001047429308
2022-07-18,0.509854258812806,0.5103454297356023,0.4983326778206305,0.4967485773337496,0.10784178987463944,0.5185262349158728,0.5277138670662099,0.32297621060716425,0.4366254105139263,0.4103899451080112,0.5249555831896418,0.5210324197430878,0.514844352812225,0.5221694982966163,0.6674237102320305,0.8487004523491709,0.47578804803796537
2022-07-19,0.5049177218156011,0.5078035424145374,0.49920201605140113,0.5087437521650737,0.13937012055041834,0.5177570929738106,0.5268823592794707,0.40183556963197425,0.44662030190963536,0.40813092880210716,0.5603175479474528,0.5196428562648897,0.5191975645356602,0.523564827737233,0.657564154482643,0.8548057333589072,0.5807363907250958
2022-07-20,0.5101954746318451,0.5194922610867531,0.5111649587429007,0.5149682524573518,0.1220012712532777,0.5168443093873236,0.5263687083889395,0.4397743821989872,0.46426230956061837,0.410361381871361,0.6066816438887919,0.5199337289681791,0.5209375090249223,0.5245666842355404,0.6478568745236963,0.8603680889410609,0.5454758927705091
2022-07-21,0.5099452866803891,0.5195377237403657,0.5068646665148915,0.5208067804866016,0.11900586119600884,0.5160195615388009,0.525761521662313,0.47444052636780526,0.4871268189535352,0.41737866660040035,0.6561166892768742,0.5205512318381862,0.5230914817062148,0.5259420386580228,0.6519495429822102,0.8658368122820506,0.5428578112214048
2022-07-22,0.5223437194794751,0.5205362755402102,0.5115309276371109,0.5106291123960186,0.11491879752558515,0.5143283605057454,0.5249648845611146,0.4061746853800852,0.49026202341120034,0.42371003793363693,0.6490330560380733,0.5206486946332683,0.5233476456570909,0.5261182139076592,0.6447126525106193,0.8604958447153704,0.45059645560400663
2022-07-25,0.512698007336129,0.511843483823467,0.5063614767101576,0.5071533715649303,0.10847429304105963,0.5130124676255239,0.5244924516964733,0.38382091933620094,0.4877628607860103,0.4282031601748732,0.6300489066557007,0.5185092071172864,0.5235137923090935,0.5250764202364804,0.6271628221757741,0.8553563231565957,0.4887222200316211
2022-07-26,0.5101045074399934,0.5081665837502195,0.48980073446865946,0.49140990453380023,0.2513106871170818,0.5126024134835541,0.5244060482469254,0.2913004905137178,0.4628314884419645,0.42609169982069584,0.5618414024903581,0.5179779435778096,0.5209590299749587,0.5235507184281958,0.6496338735319099,0.8457519398789234,0.4165504541562032
2022-07-27,0.5130620705950959,0.53124936589343,0.5110278466014284,0.5296668326097405,0.3032071814878036,0.5163137534292873,0.5265050422649155,0.5070058562478656,0.5000458124049123,0.4329196469242405,0.6541613428650435,0.5208111396487526,0.5208627076248076,0.5249906746687563,0.7245812143410918,0.856978533466228,0.7398914920732718
2022-07-28,0.5326038562557209,0.5489301658509096,0.531660040064758,0.5470913529772682,0.20532770691833527,0.5214869223093395,0.5290352436804606,0.5779945405856854,0.5548804115926544,0.45093181228168766,0.7696641172067391,0.5274436787673263,0.5176168619464377,0.5268875148866544,0.7377484757496201,0.8651455544432184,0.6075815259667668
2022-07-29,0.5506898052922099,0.5583720855875671,0.5516976581563923,0.5569281541369692,0.1951256651044099,0.527051605196328,0.5313324017137602,0.6141026650200601,0.6117333453765705,0.47835328159671914,0.866836819585475,0.535647098267349,0.5145492045079395,0.5296957782456914,0.7197614904283565,0.8729936741608747,0.5631160507237153
2022-08-01,0.55096285882041,0.5567379767302207,0.5498906649587088,0.5507262953707569,0.11225057120502005,0.5325560752342116,0.5339513865214344,0.5752156313908274,0.645926209260464,0.508116061173575,0.8910162324595962,0.5408994549058974,0.5133362421820146,0.5318604141781879,0.7020246106424538,0.8677361115389435,0.47543376562238193
2022-08-02,0.5468224233596003,0.5490437702462283,0.541976297649512,0.5434793009178241,0.12173499522889589,0.5360982921769113,0.5361050733314133,0.5305137604904715,0.6604383598141221,0.5352476312311527,0.8638429430573747,0.5439487591665348,0.5129377314463457,0.5332663063054867,0.6868652908984354,0.8621820793650894,0.46938911212197326
2022-08-03,0.5485512977840729,0.5617765777386943,0.5516518241657495,0.5608583249692384,0.12770629364076633,0.5407780107416124,0.5383824117386636,0.6004954651647334,0.695591593763452,0.5649982880230879,0.8908910368259553,0.5498436413092787,0.5105115990817899,0.5351760650493723,0.6938275774935508,0.8679227658007214,0.605149242832231
2022-08-04,0.5600172168589131,0.5624576378435361,0.5597951992248799,0.5635391953962277,0.08538168052186978,0.5451357217762874,0.5408016438356423,0.6106472895777362,0.7248944571968396,0.5955052598582107,0.8987017289799677,0.55534258743946,0.508268196919001,0.5369672048953219,0.6654573558290341,0.8723404452667071,0.523444025000399
2022-08-05,0.5539883190637577,0.562116923493947,0.5563866583467009,0.5618578221638574,0.0750422059211667,0.5503598569982168,0.5427080125686864,0.5990453564418436,0.742862731985492,0.6240231750871832,0.8781601451948985,0.5600949548711937,0.5068276027925748,0.5387583300402461,0.6483580480894825,0.8682459630127262,0.5000051878159946
2022-08-08,0.56513584630943,0.5672694109194028,0.557850870441181,0.5559741532584639,0.0903831407452293,0.5553384396399258,0.5437083672979498,0.5577268919918539,0.7455641248139515,0.6474557658325268,0.8256424749427163,0.5637267068241263,0.5067268554280551,0.5406152385981574,0.6437232461076199,0.8636719450418775,0.4774011011155629
2022-08-09,0.5551032010064967,0.5608232905994965,0.5539392331565338,0.5604721038982309,0.126818446603458,0.5623811754386349,0.5450883991411599,0.5786135073919358,0.7515452643863308,0.667570721440992,0.7913802624336539,0.5671564645633075,0.5099284525638795,0.543977872108591,0.6316245983985552,0.8693848786469037,0.5334087425107227
2022-08-10,0.5745085904509177,0.5760983242190084,0.5752806790422912,0.5760565826309424,0.13683386093988412,0.5671118494712336,0.5476788420006522,0.6452686357528554,0.776336556882122,0.6893365844778746,0.8084296783011407,0.5724442924041343,0.5130114363823859,0.548257799982145,0.6344623315393799,0.875410879802808,0.5929384630469359
2022-08-11,0.580605622050787,0.579276035728043,0.5742972742415938,0.5711950879902308,0.10074291791670636,0.5695698690394002,0.5498000293862759,0.6084394932934452,0.7855058086690785,0.7088478102874316,0.7851453638342529,0.575887065970346,0.5172362524893254,0.5521266559484705,0.6177135094506561,0.8705130299905826,0.48345825490672384
2022-08-12,0.5752139101232839,0.5808647748239973,0.575280767247978,0.5823040798892563,0.12068472762539573,0.5721576224322216,0.5525807175881332,0.6546032209230688,0.8058242807825196,0.7291070103411241,0.7928699180563272,0.5809318805190353,0.5202797585233347,0.5562597738704366,0.6040236518009913,0.8760342322988565,0.5678542551196847
2022-08-15,0.5809467512491592,0.5860169160246727,0.5825317461849709,0.5858480296505179,0.0852801676679999,0.5757392213039803,0.5552670774665011,0.6687373178647584,0.8235178777109855,0.7493638435600212,0.7928454750439418,0.5848491363708658,0.5255056184861433,0.5608662243794291,0.5851033860649448,0.8804487386179832,0.5274721100155294
2022-08-16,0.583199073421033,0.5856993317422426,0.5832410389447781,0.5841215866299975,0.08541447698235083,0.5798837878419799,0.5576339905130752,0.6540512519593202,0.8312003603023101,0.7673275737207732,0.7691639124121739,0.5884416901745965,0.5296271177303081,0.5647632658865221,0.5644303409482389,0.8760300339814737,0.5000732497828978
2022-08-17,0.579479393917655,0.5855463681101369,0.5824732998066322,0.5823684856117544,0.08658968348292165,0.5820773232316312,0.559673401632981,0.6384675123468901,0.8309126126393129,0.7816327020232555,0.731380434367618,0.5913242296059855,0.53366706805449,0.5682478646157769,0.5470843228678467,0.8715745940678654,0.499911583881346
2022-08-18,0.5805053105166261,0.5822710565622987,0.5815792725282193,0.579750385883403,0.07825625904830921,0.5837304870844249,0.5614478664821803,0.6143923191912126,0.823111215178229,0.7912913254389851,0.683394585627146,0.5935029015164763,0.5375681161259017,0.571295254852438,0.5237190043052861,0.8673796451025627,0.49538329647670826
2022-08-19,0.5775644316835208,0.5762209250730921,0.5735106373066663,0.5705984464571983,0.10467927404253857,0.5846218271833544,0.5629616587876842,0.5333762074244086,0.7999004287934413,0.7937060506639579,0.6085846776758916,0.592756945738364,0.5447228366559838,0.5743956753626331,0.5143271222013601,0.8623587504186723,0.4611714194103064
2022-08-22,0.5620161558399619,0.5607768911291828,0.5543931565382132,0.5514748519468122,0.13974884158216375,0.5841630032433647,0.5640578809278488,0.3928563750429643,0.7502125791715638,0.7842659421868388,0.48615625658590617,0.5892975803355909,0.5531378621888152,0.5766871002878792,0.5354695298007475,0.8562416311302695,0.4076367315714021
2022-08-23,0.5491583305138503,0.5525887899641927,0.5502213793467463,0.5484926395135648,0.08092058102834085,0.5829413768913563,0.5659093063486323,0.3735181456215066,0.7040914327443065,0.7661582659421304,0.39664368617430146,0.5793780027599663,0.569851717865452,0.5796382833396827,0.517288696975984,0.8519633992643278,0.4927285896797432
2022-08-24,0.5468102364797148,0.5488814856416331,0.5495566913412774,0.5470129429199663,0.08568075300673267,0.5799796020999405,0.5677844034546924,0.3635908982601122,0.6635005679593933,0.7423822321789759,0.33810485900927373,0.5772499646477368,0.5739775908621609,0.5805350789606426,0.49114364944978384,0.8475363712195189,0.5008964467598356
2022-08-25,0.5511872446958269,0.5529526587539999,0.5482041260980339,0.5539792108848798,0.07354918610117242,0.5782239836123765,0.569794765384876,0.4154212030066224,0.6401294596257703,0.7180125393232719,0.33197396361310016,0.5769048130929086,0.5750783826505151,0.5808911818966245,0.48331826614313367,0.8515841838058499,0.5473336672762613
2022-08-26,0.5551767580615025,0.5559549104516374,0.533212738919978,0.5294827857934624,0.1591784018128634,0.5728374418820796,0.5707411329955892,0.26406960903422255,0.5842331116946142,0.68572397855083,0.25019344098162216,0.5794124682852372,0.569474471491825,0.5794722536351357,0.5303859252833086,0.8448597242086257,0.3757541891766596
2022-08-29,0.5250153352403818,0.5265228987715366,0.5237458420856117,0.5229718364296538,0.10287156437554759,0.5664255346309592,0.5716561136407773,0.2311490494416773,0.5299483524950475,0.6474691622608478,0.18857813188597794,0.5822888139306883,0.5634413447359684,0.5780373453591395,0.5179597947138292,0.8398953359476483,0.4721746791158631
2022-08-30,0.5268848687358118,0.5257268984462353,0.5164336426762435,0.5178267717811658,0.1218357272146591,0.5596650075973368,0.5719730379070632,0.2057838705293043,0.4795541330543543,0.6053317561207683,0.14848146271013446,0.585160322011921,0.5576360775334991,0.5767111070622036,0.521283964327394,0.8343381550357571,0.47958948775154314
2022-08-31,0.523966693215866,0.5258633130286016,0.5179693628621131,0.5144118111848854,0.13764596377084334,0.5527350095933373,0.5719536225860068,0.18896451601313707,0.4353274004197141,0.5614998097685394,0.1309814380062601,0.5876122117369227,0.5500793425743118,0.5743098176995911,0.5201540139666554,0.8282867687049806,0.48931682147454963
2022-09-01,0.5091023424965965,0.5117158505408481,0.5043991788263056,0.5119757322649848,0.12571117562816936,0.5458235734723301,0.5716454900930185,0.17671669900128978,0.39787672552340037,0.5178630444679462,0.1329971312313974,0.5892498126120678,0.5428562198133634,0.5716439815489729,0.5210406108032896,0.8226084468095399,0.4948829513312812
2022-09-02,0.5155542324981987,0.5204727015575609,0.5022445090180165,0.5020953186210095,0.12252523375286775,0.5388378499480958,0.5713477293873179,0.1291360053585427,0.3552108115920425,0.47318883003995493,0.12228308312070063,0.5913945561969144,0.5342192134666277,0.5685542541970594,0.5509662136435868,0.8170297129078293,0.4514578642553648
2022-09-05,0.5155542324981987,0.5204727015575609,0.5022445090180165,0.5020953186210095,0.12252523375286775,0.5388378499480958,0.5713477293873179,0.1291360053585427,0.3552108115920425,0.47318883003995493,0.12228308312070063,0.5913945561969144,0.5342192134666277,0.5685542541970594,0.5509662136435868,0.8170297129078293,0.5090162641843036
2022-09-06,0.5030154550616261,0.5047559004070283,0.49644516673482475,0.4956981100474845,0.11059981602747407,0.5331499213775489,0.5709480329752243,0.10072734147764745,0.31406903488273563,0.42803348039720535,0.11731425553915042,0.5937394800303073,0.5253125427519825,0.5654379767934438,0.5484764047313259,0.8118237505355905,0.4711176534575533
2022-09-07,0.49959571356407473,0.5070303821632363,0.4993792211591731,0.5067168557382192,0.1324524099932377,0.5288897644375531,0.571482122351288,0.2055375465500599,0.3002097777089526,0.3887372797677374,0.17782344366048336,0.5936441094291653,0.5197208060912194,0.5626588251397686,0.5442288762852338,0.8177127937912939,0.5750182774398866
2022-09-08,0.5060018672780964,0.5106695291370075,0.5029779608438677,0.5076957018706023,0.10272632290770298,0.5248803215933764,0.5707155067561138,0.21449029020092963,0.293114573330017,0.35567646403978476,0.24221813257511055,0.590961408723815,0.5153641965086354,0.5591245608341463,0.5404922170469997,0.8226726420113807,0.5147695739017011
2022-09-09,0.5128184612950918,0.5215872587728749,0.5155854330841234,0.5212188064994047,0.11650708325459583,0.5215395233728002,0.5698127631580583,0.3303226429248934,0.3098527872945821,0.3330586293932405,0.35006592845298856,0.5878366960472492,0.5134303881221683,0.5565407821315286,0.5444194215464466,0.8280632571219938,0.5883680734707948
2022-09-12,0.524855645738018,0.5266365777461155,0.5267485984672903,0.5262044918655073,0.09044951453429809,0.5212052137473094,0.5687407546702926,0.3688261468810717,0.33251428433113417,0.32015082120411786,0.45034428222815026,0.5823356333865841,0.5134033608941638,0.5536404278747197,0.5223502454741838,0.8326393498427119,0.5376145105842635
2022-09-13,0.5090339540098631,0.5106012971918925,0.4956427629733099,0.49282949622853306,0.2044999867252422,0.5181313970958717,0.566720622449513,0.18853349437180006,0.3031282330998343,0.3030990893436915,0.40754874034673305,0.576595227086934,0.5097228890699946,0.5488313604844502,0.5852943079735591,0.8244982022170337,0.3191471958787119
2022-09-14,0.49692835024544,0.4965676524706041,0.49167723704704036,0.4933531659357991,0.1307836948492378,0.5156356593175084,0.564971623854071,0.1926326392898871,0.28316532069281386,0.28488886018649356,0.395584591507114,0.5696853342046696,0.5075383865566548,0.5441386241450535,0.5698451873644534,0.8303350838201388,0.5121687176873866
2022-09-15,0.4883563080838057,0.4901307379046761,0.47829044097838547,0.4777811276020249,0.190269446348895,0.5119001827619637,0.5620728984374671,0.12794584864510516,0.24713529745316276,0.2620746083407254,0.34803746916117506,0.5630576163079289,0.5035866051899369,0.5387314473778464,0.5819755761722673,0.8226387625664549,0.4153592196067615
2022-09-16,0.4757947018288994,0.47625630814907316,0.47379765520925754,0.4763241436224864,0.254776179774579,0.508264551086111,0.5590297952118071,0.12226992032525935,0.21969147177339693,0.23754223209200712,0.33029388344961674,0.5552043065793625,0.5010757688088113,0.5333843004098473,0.5595050744380567,0.8129260529367791,0.5000090569377307
2022-09-19,0.47171386841955354,0.475892348950979,0.4710240206326137,0.4758232576172739,0.1535374106101235,0.505585412769642,0.5560278814874515,0.12020243533517372,0.2006939312283751,0.21356842878933607,0.3360624336938999,0.5478163050923225,0.4989809664334489,0.528484413760495,0.5453450072772313,0.8063779226696299,0.5059116442018942
2022-09-20,0.4708019954628644,0.4721849191671511,0.4682504085003486,0.4711106923238401,0.15223648434437534,0.5030780688305014,0.5530668298517685,0.10022778330787724,0.18233480349705228,0.19018759520654016,0.3421862097318271,0.543979206829828,0.4945942381500881,0.5243295787488961,0.536274891018278,0.7998704574999205,0.47978029300152186
2022-09-21,0.4758175713575522,0.4816241968428314,0.46655417947497624,0.463142616804505,0.1675828852451848,0.49863451135239967,0.5496708142546541,0.06788569631535979,0.15989609603314864,0.16634745790174488,0.3374428425199179,0.5403670695221627,0.48943744413838686,0.5199169741219575,0.5546742295418312,0.7928832857515894,0.45916160221970814
2022-09-22,0.4612268667498448,0.4729810165298626,0.46350547113129337,0.467764082833721,0.1866017088517647,0.494562416263052,0.5458922777664497,0.1146912184780613,0.15303655128088778,0.14570542744844955,0.37047065059765677,0.5351648835296303,0.48663681533124137,0.515819800206864,0.5546847217557525,0.8004649587683738,0.5383553929667848
2022-09-23,0.46503403810533683,0.46677155153305616,0.4580727419513094,0.4607976016048256,0.2109241886389938,0.48840086064176746,0.5420402941914616,0.08439789479441762,0.14141475578338608,0.1265319623923864,0.3856369656526534,0.5272325075763329,0.4852962174056339,0.5110023017785816,0.5522059710878829,0.7921229997641619,0.4651624884213096
2022-09-26,0.45935745326588184,0.46749943938079797,0.461969625590293,0.4597276562082245,0.1603098796994595,0.48162177172515286,0.5377633637453122,0.07976237601516745,0.13486832668993065,0.10969493145086623,0.40976602109219107,0.5239257313058433,0.4814630186625366,0.5073959546706288,0.5403646520694139,0.7853631717838704,0.5021943659815669
2022-09-27,0.4660371766729722,0.4682954939576406,0.45646819906706937,0.4573599639384824,0.15503511563875794,0.4780047055569523,0.533280164581004,0.0691024680477429,0.13046389156957378,0.09521727865523605,0.4341320264208481,0.5211230321860925,0.4775266526160239,0.5040038143647783,0.5483791966147186,0.7787682253961393,0.4938901419579377
2022-09-28,0.4588102880059016,0.46950101308414005,0.4569954394713007,0.46796899397621644,0.17073837326432542,0.47541611124305017,0.5292273741258601,0.18549722651706252,0.14687711060272046,0.0873915938731577,0.5028288940029315,0.517739889811274,0.4758833013480983,0.5014261623144568,0.5578951223614832,0.7858540331941428,0.5770907509801159
2022-09-29,0.46355226373723935,0.46408768857748894,0.4562619508876704,0.4598415036304992,0.1586700566754072,0.4735866874320166,0.5249521687970269,0.14210199666940565,0.15185126565623525,0.08226946394768936,0.5307493153890629,0.5148064783920601,0.4732571307035429,0.49860487200937065,0.5602332970051224,0.7791454637400359,0.45787307552994205
2022-09-30,0.4621843129923817,0.4654295747226873,0.45241088623103964,0.4493690336290996,0.22278401344342533,0.4708378940275838,0.5204029091733521,0.09232264129491524,0.14435694973678226,0.07645656148603253,0.5236155003509867,0.5124395476398869,0.4691704964682706,0.49536809948946436,0.5703541143927376,0.7704327835473995,0.44212644524320865
2022-10-03,0.4556185909782312,0.4678633560775569,0.45683499126481464,0.46721770051239503,0.1695725371810349,0.4699603276360106,0.5167957533549743,0.2593334974565266,0.16884078253742862,0.07740977081513845,0.5934911649345593,0.5101099602111101,0.4679810466654596,0.49356492317904577,0.5859736804907386,0.777482148974168,0.6252710573787432
2022-10-04,0.4776869079907998,0.4877652878951251,0.48049100488891816,0.4857492742093538,0.21648709303106453,0.4714531220392617,0.5145024597828957,0.39352014006683117,0.21910428477659094,0.08967597458648058,0.7103238495734283,0.5091162554001502,0.4679957531695059,0.49305056738090325,0.6067679396844734,0.7859979964262556,0.6257882222341771
2022-10-05,0.47973878589260077,0.4882657315933401,0.4784738955284118,0.48647781951511865,0.10293871903272309,0.4738327692125722,0.5123386417843054,0.3983270927681288,0.26280378648568997,0.10949029350018208,0.7882754971719418,0.5064382422119781,0.46873165037020237,0.49200420720373905,0.6043708935038127,0.7909644838459242,0.513456858417084
2022-10-06,0.4841614978996662,0.4877197906080871,0.4830124983919779,0.4809911415118126,0.10210162842234971,0.4751816211246328,0.5100350123907204,0.3621241791744337,0.29171971868088364,0.13195963940005961,0.8156947566940274,0.5029379629231474,0.469666883613997,0.4906235787884281,0.5867987515437831,0.7860241626834317,0.47561707404723125
2022-10-07,0.46813451220366153,0.46720367579147337,0.4534194373532686,0.4524196682565022,0.23898546492106207,0.47432726705461425,0.5064914019073974,0.21004199708242627,0.27476492860564794,0.1460547311484383,0.7292113239156055,0.4953148914207699,0.47057650860940936,0.4870666565275533,0.6351853382894898,0.7768050482520915,0.33339398070303433
2022-10-10,0.45023823440358546,0.45182801522579796,0.4386573601887679,0.44105941584294034,0.17631299067799655,0.47242354134171427,0.5034061381043301,0.16307172902894557,0.24738312742868024,0.1510640251114267,0.6353795667470579,0.48461400867341475,0.4730643521539496,0.4826646476646037,0.640090721242947,0.7695449858738824,0.4354461366145007
2022-10-11,0.437859054296325,0.43931830820255735,0.43265175286440094,0.4323173342457239,0.1820164513292718,0.46986977638412386,0.5002430257469332,0.12970936736131844,0.21599548948004738,0.14788787864813002,0.5508460699052277,0.48379165291539994,0.4675386236537695,0.47953616289709977,0.6260501687265306,0.7621066414598389,0.4511693647546881
2022-10-12,0.43279789153688253,0.43658887394657675,0.4323078970561902,0.43309134032360536,0.11509527371769745,0.4663130680514216,0.49728644130936217,0.1360486628028419,0.19582560258070913,0.14073074826257154,0.5097332556528339,0.4814463540764832,0.46367711982867355,0.47642062054474943,0.604440913345332,0.7674531254202894,0.5142251602416721
2022-10-13,0.4201450262285823,0.45533074687667496,0.4212362425132943,0.4524196682565022,0.2763281395192664,0.46555621370618483,0.4951234145579666,0.2814792903907441,0.21196853379405428,0.13869962155718762,0.5626710321612027,0.47980289653669295,0.46275788268543205,0.47510943058484234,0.6747248294193913,0.7778395185369625,0.6388958992991025
2022-10-14,0.4559149524094076,0.4579237831346634,0.44234795545736694,0.43948861998512395,0.1798659405634432,0.4645486416404693,0.4925941978607171,0.22280365262880014,0.20892292266421642,0.13637768156221125,0.5596677161492281,0.47874713294833604,0.45999121734905546,0.47320503036468065,0.6842026616828614,0.7704683960186868,0.4252735059863546
2022-10-17,0.4565532840185541,0.4618358972552329,0.45793523418851745,0.4599097481046694,0.16380894968554444,0.46380340070532955,0.4911222610435766,0.3506907121111679,0.23994060341297274,0.14161904035751033,0.6377761698310216,0.47714286753864177,0.4600306561315206,0.4723823003468397,0.7033725032406524,0.7773375999303275,0.6445520645181686
2022-10-18,0.4734693380701298,0.473140203724577,0.4584624790033994,0.4621180966360236,0.1496541535155463,0.4613935709896102,0.48995058889465404,0.3633568285426167,0.2705008669445078,0.15280635066678017,0.6991817933957428,0.4762634859614321,0.4600237189480266,0.47191738225917246,0.7084536579559338,0.7837643451257071,0.5231196601901356
2022-10-19,0.45933466755940844,0.46331438892275745,0.4559868810437785,0.45751937876486465,0.10011666169513975,0.4584404845078084,0.48823399298801695,0.33917375917344456,0.29034103191888283,0.1662969497968363,0.7229685474514598,0.4759305754078731,0.4597860467628726,0.47162666029560985,0.6907746381178497,0.7788860711887199,0.4797664639721083
2022-10-20,0.45643935367511734,0.4671810356467969,0.45731638251629514,0.456768085301043,0.11436984724658097,0.45597029695659075,0.48645702913709754,0.33508718667114284,0.3072158707417626,0.1809515159019925,0.7349891832986954,0.47510767295994716,0.4595061540080022,0.47105816613415075,0.6821006497644502,0.7735622630239005,0.5041969006028775
2022-10-21,0.45409110720214885,0.4710248883264212,0.4564681919499246,0.47035936331602174,0.14942067395164554,0.45779972801694413,0.48468244398855986,0.42055501091872066,0.3426736202274052,0.2007902629640802,0.7885277739825853,0.47603404506627633,0.45952285139003834,0.4715525101615956,0.6882864702751544,0.7799817099815044,0.5963228197183768
2022-10-24,0.4746548380167416,0.48203357181528184,0.47205558608082854,0.4820384453823477,0.13857832029023306,0.46197863458217825,0.4831414045030106,0.485291111591235,0.3894736390381147,0.22737222128352208,0.8581669378932852,0.4787998471840764,0.4589120106182799,0.47270598017150967,0.6804814202181578,0.7860622404457402,0.5821895582114733
2022-10-25,0.48263402004402267,0.4893119138524583,0.4824394108656521,0.48980160975918713,0.21560549293860973,0.46784069181098453,0.48303575563971923,0.5251026018765295,0.43886625116736566,0.25994210659829436,0.9200060548360249,0.4829225808599996,0.4579151466130895,0.47438321647339,0.6640399002931836,0.7945505303377981,0.5566458686119116
2022-10-26,0.4459522316338195,0.4603346922144472,0.4462905700193619,0.4457720166803712,0.5886082275387194,0.4691338254521299,0.4813755565589981,0.2933812179928325,0.41353806784695013,0.28020123992831114,0.7928692289809277,0.4823254848621248,0.45620591154148693,0.47323563054885454,0.7551601337075636,0.7744027075827519,0.2425549411286233
2022-10-27,0.44565587566574216,0.44984924092327916,0.4364797629794499,0.43536793332912954,0.25971751315372327,0.46739494564366335,0.4798956775051254,0.2527249431695658,0.37942101725804306,0.28860029359771733,0.6703866313048634,0.4827464801993321,0.45316070594649094,0.4719703445404647,0.7520489245586611,0.7645355389275066,0.4407878631703188
2022-10-28,0.43471294949926054,0.456468090594784,0.43709870519167127,0.45613060371549935,0.26145962989975213,0.4690920403736033,0.4791910855203855,0.36121282570704843,0.3846544012971588,0.2965172832871379,0.6654082120864155,0.4828437317760438,0.45377237903968703,0.4723199183835828,0.7674095987991046,0.7744571636646175,0.6479188910422583
2022-10-31,0.45185695555665595,0.4526469312552769,0.4487891992345914,0.4476161458748383,0.1654878161149313,0.46783837927801253,0.47820688438784875,0.3255329992488916,0.37759046949320363,0.30123417706186084,0.6323598623568183,0.4820319042007023,0.45256899008884965,0.4713065160675258,0.7413716534908863,0.7675354807856927,0.454256845876216
2022-11-01,0.453771930934452,0.45451197135780363,0.4400327443332587,0.43860069539697416,0.18294021829948792,0.46544015209841083,0.477072547200605,0.2889685887290026,0.36023540961246636,0.30103569872505587,0.5815973411940035,0.4784138244741508,0.45146526567809564,0.4688689298734331,0.7427017080649387,0.7600682607352318,0.4501006172130909
2022-11-02,0.44205386980716155,0.4444131974971852,0.4233222517882903,0.4202285365263974,0.24396271823311413,0.4616373547358332,0.475575191257283,0.221092667527161,0.3212511983792786,0.29195473260629257,0.48986522737242116,0.4755225557141318,0.44755662265708185,0.46544383538173173,0.7636381387873007,0.7506935644725105,0.3868711185201556
2022-11-03,0.42069224743366185,0.41964382223685237,0.40943121910049673,0.40691037858408774,0.23011714583336587,0.4565530298928877,0.47345188685134354,0.17733215281659515,0.27319996633105537,0.27369263813574407,0.3950489628696814,0.474607704296516,0.44069303790231595,0.46161385260157106,0.7496905232419536,0.741751661032541,0.4172255753467829
2022-11-04,0.4149015396595323,0.4223276599112218,0.408170411118832,0.42316528818752835,0.2313290531349512,0.4517403334329835,0.4721388220532361,0.26719166341047257,0.26209566236484205,0.2565415583874745,0.4065227449297637,0.4747145885630957,0.4374791824148365,0.46010139825471486,0.7486981842134047,0.7507314469642431,0.6241064374138555
2022-11-07,0.4250238599437074,0.4378398766906417,0.4261646605110647,0.43791775303931363,0.2056299028756249,0.4472410504346469,0.4713778320023808,0.34047594935485176,0.27785477222021016,0.2464274283069408,0.4791954334516254,0.47468360220444206,0.43717970741671197,0.459938973976624,0.7406566107586982,0.7589079141553446,0.6100999712822852
2022-11-08,0.4403211634361479,0.4452092079704213,0.43661727398016736,0.44019431050084107,0.1642009454751036,0.44218226132020755,0.47077888888093244,0.35150804423239607,0.2961285826427127,0.24251838890172162,0.5432772648116792,0.47462898447199753,0.438072849126686,0.46034621442913215,0.7240645529305735,0.7657893712956256,0.5241716149674012
2022-11-09,0.43728903344506853,0.4383402124295913,0.4331559776641519,0.43026829390876126,0.16154911738477903,0.4406012426966809,0.46946343793924683,0.3098050395905783,0.2982138927994531,0.23986841520010105,0.5562800137336591,0.47471508675236984,0.4376812131525937,0.4602002626498962,0.6998784497590343,0.7589908065148318,0.44322614135141536
2022-11-10,0.4556641870430369,0.4717755375489018,0.4576143739442894,0.47231730438876635,0.3053467601001385,0.44436921795226625,0.46989874295550327,0.4913265598989736,0.3640494172294847,0.2528159881493285,0.7173605533116807,0.47707728271847805,0.43724876749737085,0.4612289724085529,0.7761342694969273,0.7702842802743961,0.7931315953049249
2022-11-11,0.4728993573464494,0.48237469809898603,0.4734996115804957,0.48171965127358035,0.21439280476891773,0.44697870480543167,0.47102751908879525,0.5240559337066111,0.4310569226699256,0.27850982571544514,0.8489950486623418,0.48131171519674787,0.43716877718679226,0.4634123209086355,0.7587363869249797,0.7787346632658994,0.5677165555278028
2022-11-14,0.4706196071637414,0.4730947417811986,0.4672647558538189,0.4690617586188682,0.18708662794602016,0.4491656578128307,0.4710918618720419,0.46621358868470825,0.4657675623915619,0.3070090014830137,0.8779666171598863,0.4823220969177643,0.4370517293457602,0.4638854807586148,0.755300425086469,0.7711378323706575,0.43131186015792417
2022-11-15,0.47898645668803297,0.4801229955590828,0.4691444179109754,0.47001796322518535,0.18916998405467328,0.4523694873877302,0.4705429657557616,0.4699339296027914,0.4948056910740178,0.3364541995592108,0.8877364731082547,0.48322904004679434,0.4369132752332372,0.46429390464366005,0.7456812010004962,0.7787997860029758,0.5150213373388617
2022-11-16,0.4740032912172215,0.4744072880683742,0.471591461556373,0.4710224365793793,0.1321916000456027,0.4575492821459525,0.4700036973071504,0.47409506363193415,0.519139631076673,0.36557958386520983,0.8844336604402645,0.4846280323388128,0.43683923902952115,0.4649920140699838,0.7119981663545267,0.7846806767121336,0.5153135207165204
2022-11-17,0.4625493720116779,0.47315276735356615,0.46517806194030153,0.4709082692611318,0.12461874114690785,0.46407557641200525,0.46965188623273213,0.47348802357488434,0.5378650795861366,0.39316552083763656,0.8685353263820496,0.4860119828870496,0.4368488688405586,0.4657230629811334,0.6962491891381585,0.7790365027586607,0.5083018277721693
2022-11-18,0.47564934545615145,0.47427041735420006,0.46839623254934537,0.4698580863268427,0.1596797191373594,0.4688371542943194,0.4702603466441062,0.4675223953974504,0.5506061002062915,0.4181502643451359,0.8416720217703246,0.4859503102728918,0.4368620886018204,0.4656971469111475,0.6753168895491446,0.7722963726977171,0.5024430680648184
2022-11-21,0.47089406408272516,0.47639169795419123,0.4733615023091634,0.47175304343696794,0.15016249865300255,0.47228756585283116,0.47133130716340865,0.47714762306386854,0.56284568467258,0.44093929109856284,0.8189961966919451,0.4843591764192713,0.437483591779928,0.4651653906119275,0.6473530376561003,0.7787390080362141,0.520899601128404
2022-11-22,0.4758322262331416,0.47785141877963533,0.4722580662364412,0.4785563777197998,0.09761788375372671,0.47619960321338173,0.4729446775563133,0.5119821819942916,0.5817733364020317,0.4635024195901729,0.8166632776298811,0.4821873603661696,0.4386278604464866,0.4645840110017879,0.6291506638929965,0.7835391737428248,0.5515338919745747
2022-11-23,0.47930727860150757,0.4846257458252773,0.4804414744911182,0.48437809343848565,0.09639035909000757,0.48171754248719556,0.47473417238161486,0.5410890180320325,0.6042812282360277,0.4867042268128139,0.8232591043271436,0.486199639838086,0.4384027723117194,0.4665799489936441,0.6081584698225883,0.7883009687812631,0.5449567625196906
2022-11-24,0.47930727860150757,0.4846257458252773,0.4804414744911182,0.48437809343848565,0.09639035909000757,0.48171754248719556,0.47473417238161486,0.5410890180320325,0.6042812282360277,0.4867042268128139,0.8232591043271436,0.486199639838086,0.4384027723117194,0.4665799489936441,0.6081584698225883,0.7883009687812631,0.5090162641843036
2022-11-25,0.4843369217472929,0.4855837106219326,0.48609626926575844,0.4841726135920385,0.015900817256560472,0.48292650790241587,0.4758420945625872,0.5395728121823695,0.6204714133513202,0.5089710650333445,0.8136033991883833,0.48960324689912593,0.43991256211448415,0.4691031557967458,0.5745240166115779,0.7860551618873624,0.5077607950840882
2022-11-28,0.48152495409575147,0.48090788691310515,0.47246498866073605,0.4710909298615284,0.1375397657083333,0.48184262587328786,0.47694476077865144,0.4466156321495341,0.6125859304481451,0.5249798120351978,0.748974215330278,0.4907843654636316,0.4402271862619197,0.4698766061401335,0.5760119665535248,0.7800070951563768,0.42905892194114126
2022-11-29,0.47082548897239374,0.4721035706497476,0.46651135906170604,0.46782624928441047,0.084269724337941,0.48171663269757814,0.4772209829419829,0.42484722016446014,0.600368799322169,0.5349907165086618,0.6870326977054889,0.49179924531389985,0.44127668523411334,0.47092147048797306,0.5627667135500217,0.7756241738529086,0.4885890764850089
2022-11-30,0.4689279106138321,0.5007062384279736,0.470304166701786,0.5016377607480959,0.31570263293108214,0.48494111558419206,0.47859990108616335,0.5968358977217474,0.6394376667343005,0.5519409985076638,0.7586977294679362,0.4976296491073182,0.44168444042924226,0.4741804930096797,0.625959627965214,0.7872413574097397,0.7218345282691387
2022-12-01,0.4993344213723194,0.502508065893106,0.49572783190484815,0.5006103259718633,0.14740447250016792,0.48795839116693296,0.48010342826152475,0.5896516551292748,0.6669932044780605,0.5718077660380042,0.7888171497572765,0.5007027305488158,0.4468946265938033,0.4783362394848476,0.6134447309883259,0.7808849340305208,0.5029247108084857
2022-12-02,0.4900753507341532,0.5023712766398931,0.4929004858619829,0.5013637876194997,0.1121638948451773,0.4910641446961377,0.48165945927699594,0.5930571387518924,0.6878340715831522,0.5924709582281668,0.7970420659450042,0.4999091728667787,0.45775343458547346,0.4832194900864383,0.6099344544792076,0.7861397872732109,0.5134913529771827
2022-12-05,0.49508217580946956,0.49726209507258357,0.48915362439047316,0.49035965051151714,0.12705348790357218,0.49315482673843736,0.48235730829778933,0.5122561981533715,0.6858807712641051,0.6085544667990077,0.7497463004627547,0.49838386234473186,0.4665115865279573,0.48669344527337166,0.6107648577457235,0.7804195066127648,0.4437431846398614
2022-12-06,0.4923615074170843,0.49279137640389803,0.4793150377036016,0.478761786478253,0.11946657337895686,0.4938695552871235,0.4822429792791433,0.43580441185637603,0.6652176573102542,0.6166921772471966,0.6676876615225564,0.49686384122772065,0.4724727598389802,0.4888050858472689,0.619300153931978,0.7749363820667994,0.43889608232262345
2022-12-07,0.4786671640082747,0.47979023471794113,0.4757061559756707,0.4770495966005152,0.10398820576811654,0.49371589870758703,0.481798036673623,0.4248784575086056,0.6446735438318509,0.6185004844301674,0.6023220167842672,0.4947503698376555,0.478649575629719,0.4907105077886894,0.5985956519580107,0.7699370891903725,0.4984498997249639
2022-12-08,0.4786900293484915,0.48567502126249784,0.47766005564782965,0.48396716928958844,0.12062303904496707,0.4936739940152861,0.4831307400286725,0.4668585602803517,0.6371515000303309,0.6182255856694733,0.5808081245697231,0.4887471669781931,0.4907934805294105,0.4934867449640977,0.5913628773723175,0.7754563632017091,0.5518374008983108
2022-12-09,0.47836999346685205,0.48469424155998275,0.4801886851717131,0.4794468259317342,0.10498927868089514,0.49319207374285623,0.4846687385453792,0.4353273797633955,0.6230920365797862,0.6147879252179933,0.5481453365612771,0.4888306274579126,0.4914589610685278,0.4938553419339615,0.5740403223849715,0.7704257782154876,0.4813771533094593
2022-12-12,0.48465704595519166,0.4943424806805533,0.48710776415135504,0.4956334199730105,0.18350869028115938,0.49569483611197085,0.48604706883506066,0.529352143258168,0.6345315912914681,0.6146559287232112,0.5822839191042929,0.4905321131668956,0.49110314325119975,0.4945746851537113,0.5785437283453851,0.7779107678883591,0.6087857719100781
2022-12-13,0.5172126646080963,0.5202993105105636,0.5006701319954244,0.5057015414649515,0.27355683860861796,0.499557233756142,0.4880737815536701,0.5798211599998646,0.6568181340155328,0.619650976540973,0.6352324425350652,0.49406331974289375,0.4911870903823631,0.49646896555557807,0.6124648207448736,0.7882105340957802,0.5693308294854001
2022-12-14,0.5067876334085074,0.5172657430061924,0.5035206009033937,0.5063865098304386,0.22056712888852795,0.5000414955588225,0.49043896080153226,0.5832043966162004,0.6735460700694369,0.6274754804606453,0.6644530838199116,0.497173300984314,0.4916952728014792,0.4983492230169313,0.6222651288072385,0.7968539176427795,0.5130492337527344
2022-12-15,0.4989916114755939,0.4981288175393931,0.4874985466714411,0.4876428451035975,0.22173452670803187,0.4987191145375045,0.49279117748563306,0.44657455985733413,0.6571480694292701,0.6299821291236485,0.6095339985741876,0.49726403851482814,0.49335829768268014,0.4992084997836824,0.6424571135543529,0.7881740429069013,0.3987856894720423
2022-12-16,0.4871718987568443,0.4881840165559689,0.4786944759971218,0.47778020345810385,0.6163977617196591,0.4963141382412982,0.49526396387158367,0.3855169094933884,0.628047900062796,0.6253273915521791,0.5355762163281729,0.496985595778365,0.4943856669195399,0.49956377946224717,0.6365972850025153,0.7671575589947802,0.44910219763469295
2022-12-19,0.47873578436479536,0.47762340709242024,0.467660700988607,0.4681001868690095,0.17594442093163815,0.49404419139775924,0.49683183010959353,0.3303705744730368,0.5895961634894927,0.6128032837048145,0.45430687067043557,0.49713620253380286,0.4940374966765788,0.4994728958861787,0.6323344831338399,0.7599090175805516,0.44917342374775904
2022-12-20,0.46625301120870866,0.47237725047616586,0.4669940155807887,0.471182242389728,0.14044928027386608,0.4932712544368544,0.49799249300875437,0.35117284142955335,0.5630293989062815,0.5967037526363215,0.41738240334416954,0.4971729351797979,0.4939375310304117,0.4994433854155056,0.6144424206497248,0.7660480315822819,0.5284058259744514
2022-12-21,0.47148850545901233,0.47855856642706607,0.4708788931171567,0.47718661870881013,0.12904704417995574,0.4932852275005011,0.4992832267770989,0.3916053461632472,0.5503758242139721,0.580928147303196,0.4207276815090128,0.4971897580342277,0.49377434187928115,0.4993725687389794,0.6048991639666396,0.7718306279652752,0.546579581985805
2022-12-22,0.47050538827133837,0.4702788321616491,0.4565348910352318,0.46294054918176647,0.1677866918210313,0.49114100198318467,0.5004232254744431,0.30761674116173493,0.5189779075576612,0.5611217289502426,0.37910026722994195,0.4980034494984735,0.4906284542764512,0.4982642455777794,0.6310454334445292,0.764837085514404,0.4208519427445488
2022-12-23,0.45873143602702426,0.4631623730172004,0.45669584377188044,0.464173392716452,0.10965340388216388,0.4895834675306999,0.5001390685155754,0.3165221455988438,0.4960221441079834,0.5400227869895415,0.3657519885029142,0.4984316681164789,0.4880494489656011,0.4972302838778324,0.6162955410456831,0.7700134643943876,0.5168458134196321
2022-12-26,0.45873143602702426,0.4631623730172004,0.45669584377188044,0.464173392716452,0.10965340388216388,0.4895834675306999,0.5001390685155754,0.3165221455988438,0.4960221441079834,0.5400227869895415,0.3657519885029142,0.4984316681164789,0.4880494489656011,0.4972302838778324,0.6162955410456831,0.7700134643943876,0.5090162641843036
2022-12-27,0.4646526455484281,0.46329915082822926,0.46104033660020105,0.46013239570165004,0.07437065934941195,0.48596318991388965,0.4993858470735414,0.2928121935763521,0.47218418383540317,0.5176879207649686,0.35298822816556596,0.49921606113522166,0.4860451092905025,0.4966637265764572,0.5899132157664537,0.7659399737273204,0.4834107297571996
2022-12-28,0.4605146288206081,0.465101116287581,0.4572244880458124,0.45458465311156054,0.08037163074933668,0.48075045787178716,0.49888071263204836,0.2606853876126651,0.44571022032568663,0.49376102205985417,0.33654683153236975,0.5004067996400614,0.4833619586244313,0.4959791347429021,0.5823993899654659,0.7616789012632394,0.47360074515370815
2022-12-29,0.45767971474746383,0.47011912852273474,0.46062657292955256,0.46937863335179947,0.09843779526575286,0.4769765164261206,0.49885840516607327,0.373572248891809,0.44739617127664794,0.47500536093910983,0.3899517521280841,0.4979738485831898,0.4825610383080339,0.49431133466164,0.5881775471419904,0.7665046962329426,0.6044361688604781
2022-12-30,0.46353248034539085,0.4656485840396334,0.46294832769819816,0.4666618990318739,0.11536545408261273,0.47483694859668635,0.49870625750799646,0.3560448022168345,0.44536658131813045,0.4595363267116646,0.4238937332110815,0.495436251026097,0.48169370275234213,0.49255619762666414,0.5724688367469724,0.7611497668200826,0.49196469071601945
2023-01-02,0.46353248034539085,0.4656485840396334,0.46294832769819816,0.4666618990318739,0.11536545408261273,0.47483694859668635,0.49870625750799646,0.3560448022168345,0.44536658131813045,0.4595363267116646,0.4238937332110815,0.495436251026097,0.48169370275234213,0.49255619762666414,0.5724688367469724,0.7611497668200826,0.5090162641843036
2023-01-03,0.47466635019417047,0.4788551080574439,0.4646493793216272,0.4661139883186785,0.14505015515849282,0.4736472663717646,0.4985389756970706,0.3523492937505061,0.4436395077306394,0.4467658298888085,0.4517623378662276,0.4923228191965138,0.48130773985976094,0.49073377951174835,0.5856113083045346,0.7548669360391717,0.5055602405975047
2023-01-04,0.44997527373888824,0.44947690342378965,0.4383521664698561,0.4421879377465376,0.3393566896189832,0.47100482048676007,0.49757351025633834,0.21353712855264068,0.4077789816039345,0.4283421561365969,0.39338028519507356,0.4930531759272436,0.47541951602162436,0.4882432971909775,0.6343477412076298,0.7425103604465388,0.3579481707314589
2023-01-05,0.4383612536508016,0.4373423832302191,0.4286974917465094,0.4266861343507636,0.253166029738581,0.4664672538312934,0.49600103791788763,0.14516936229979915,0.3579767826121282,0.4022051577274816,0.3137224694188365,0.4966821656151128,0.46600068443311293,0.4855509808185271,0.6360689476041159,0.7328479818078121,0.4066611844954433
2023-01-06,0.4287591113730108,0.4332594628670551,0.4231575652292766,0.43266758479180406,0.28461939707611744,0.46192734927023593,0.4943998884495241,0.1938302476933516,0.32942186484031144,0.37476029237092673,0.3002157354236942,0.498095831388622,0.45977910292939705,0.483256426412519,0.631219896650061,0.7434935477964033,0.549716773086461
2023-01-09,0.43664661269490623,0.44575899204895375,0.4393865409448353,0.43766748775669245,0.15777674356135205,0.4593500856429641,0.4927700643316464,0.2338181149965129,0.31639519521099085,0.3498230306417493,0.3261125097297873,0.49754250868044925,0.45546959624020245,0.4808627282918486,0.626024392438104,0.7501741935581506,0.5426415961906804
2023-01-10,0.43964143270872913,0.4459185242920992,0.4415012388883922,0.44161703006730674,0.15515380759097505,0.4570498620158605,0.49128521703911787,0.2653248082413216,0.3141378628619557,0.3293565933034719,0.3722840533299213,0.4967324702731517,0.45233336549730596,0.4789069240990772,0.6065030168760354,0.7567728500868246,0.5353215914918869
2023-01-11,0.44771183915034585,0.45650206054521336,0.45019044744979053,0.4574156258377275,0.167924124607809,0.45677281476637277,0.49080805901489677,0.37972734874129427,0.33777418629642364,0.3183930081535089,0.4704228563281894,0.4927864103304843,0.45252837482221,0.47693106035727606,0.6085493231557862,0.7637706884903666,0.6134449859124007
2023-01-12,0.456788102285857,0.4655116750564142,0.45582228269263025,0.46367108495136117,0.1569935328503404,0.4576994191807935,0.4906630772287499,0.42009501817988,0.3673898788000648,0.31640018255735824,0.5630665791968893,0.48612227078448966,0.45524241298919776,0.47475808159291855,0.6051807624018992,0.7704268522036553,0.5491512371117577
2023-01-13,0.4607661475291037,0.4643028156072452,0.4589485556998336,0.4653148881789409,0.11063964030091536,0.45728501182236714,0.48939570137524246,0.43077388966279,0.3945688371065699,0.321026277560289,0.63142215622388,0.47813837372648116,0.459477230189026,0.47263467468589215,0.5889509047604791,0.7756340594258156,0.51944173275977
2023-01-16,0.4607661475291037,0.4643028156072452,0.4589485556998336,0.4653148881789409,0.11063964030091536,0.45728501182236714,0.48939570137524246,0.43077388966279,0.3945688371065699,0.321026277560289,0.63142215622388,0.47813837372648116,0.459477230189026,0.47263467468589215,0.5889509047604791,0.7756340594258156,0.5090162641843036
2023-01-17,0.4629837662612526,0.46781543781946855,0.4639367463306777,0.46787188777651184,0.17699781200756506,0.4574084024923185,0.48825339342668084,0.44799097965860474,0.4208722886640991,0.33074713479921103,0.684037292973644,0.47474280031371197,0.4610343439495771,0.4716125142340093,0.5695130892727399,0.7829155283409124,0.5251846753666016
2023-01-18,0.47121413834605064,0.4711683835183449,0.46032778166947763,0.4575069383659272,0.17853924565017423,0.4565306838650325,0.4867231424354064,0.3734781499396062,0.4271813603406262,0.33996775630463494,0.6788712086097478,0.47239116328746045,0.46141564460162166,0.47056438442092374,0.5725376206993025,0.7755858764112021,0.44378205901198164
2023-01-19,0.45340449849763487,0.45552126149348804,0.4492019620815737,0.4486487700746274,0.16756258267441082,0.4571895382824307,0.4852677684807831,0.31619638556867685,0.41996995466570003,0.3456938036903464,0.6427816941880647,0.4712630911996275,0.46056823530463564,0.46955874424622823,0.5633534705444112,0.7685993392922428,0.4521919708645011
2023-01-20,0.4558736219156835,0.46742766225258026,0.45800604229541475,0.467575059857868,0.22040236571801605,0.4613592563349945,0.4848774417748908,0.4463177684716892,0.4431197768399979,0.3555728624356212,0.6856710873501446,0.4707483682365726,0.4607396370345427,0.4693722525520836,0.5803359361117549,0.7772375725778015,0.6324576885232525
2023-01-23,0.47013959869937183,0.4775321099190898,0.46982142031196583,0.4729629966376088,0.19341712568696873,0.46546844981770785,0.4847348523333187,0.4785577271379597,0.46987762890830165,0.3696000877633536,0.7285104470468489,0.4699536521093851,0.46114683174920745,0.4691538908727042,0.5732982434290128,0.7850322857929379,0.5429448432095932
2023-01-24,0.47334032562114026,0.4747494323818915,0.47163746611865176,0.47173018864692023,0.25823230201479586,0.4689420519498154,0.48430788021659443,0.4694464801484404,0.4894179804364925,0.3852940016274191,0.7457228391461169,0.47109258702789103,0.46085315743928346,0.46960831610355946,0.5528293960278169,0.7752115427171227,0.5013286285796181
2023-01-25,0.4550048844579637,0.4732668401352167,0.4497077255708275,0.46846547252580545,0.46353970636235714,0.4716799677500967,0.48392471938263226,0.44452671047253317,0.5000918975044695,0.40029203570915795,0.7385362800462913,0.4716003001869056,0.4607618449231229,0.46983021705478123,0.5954502342942258,0.758973183345353,0.48861248565510773
2023-01-26,0.475969433681542,0.48469421109427746,0.47522342907186355,0.48533699938857205,0.20529022524921406,0.4745272975320227,0.48356545719043,0.5482431095451847,0.533318730571991,0.4198949749215795,0.7860925156364342,0.47547848701812734,0.45926133596983776,0.47113329756160405,0.6024451243213713,0.7671390326988878,0.6150863769576734
2023-01-27,0.4881778978697707,0.4881612801699834,0.48632627607761103,0.4857023561333618,0.15097616322017515,0.47677397405944955,0.48286764661581705,0.5503055682614066,0.5595553587192064,0.4415820138821111,0.8076156384373991,0.47921782449403205,0.45853651423427344,0.4727420858896607,0.5763589591649934,0.7736071020299011,0.5112447905410586
2023-01-30,0.47793554331331256,0.47851291052178824,0.4756831303763497,0.4732597890122558,0.14604498112641787,0.47758416889875266,0.4817117907293942,0.45138268071540394,0.5611753859626634,0.4593024151598136,0.7666509820998673,0.4796806103699438,0.4584499853583769,0.4729427420216875,0.5726558349285331,0.7672931744097715,0.4331706483066241
2023-01-31,0.47551219923044374,0.4838730804936655,0.47740719926566877,0.48490322044962714,0.151305689561199,0.4793209681524764,0.48161619988295146,0.5221385673405614,0.5789218767612873,0.47754031499756,0.7719953448479776,0.48224065073297295,0.4576293330346094,0.473885820145566,0.5642257067203467,0.7737715442636657,0.5815843489006508
2023-02-01,0.485914407788957,0.5003640374386407,0.48319989960246756,0.49618129514220893,0.18815329377976087,0.48326485177429823,0.4822582498539225,0.5823542222001183,0.608563368105066,0.49891458188411897,0.8043855474770549,0.4869589310025617,0.4557405304505773,0.47544030288614314,0.5873846927115957,0.7814017176097495,0.577860640331172
2023-02-02,0.5106513234857862,0.5220556689987533,0.5102788054245281,0.5232352174471547,0.2559365497811227,0.49087093220387046,0.4841820185840551,0.6957445680240395,0.6703933919601347,0.5301648220501096,0.9063776838251453,0.4980840900173814,0.4523623591093099,0.4796304552734111,0.6243486809540314,0.7911506987489063,0.670932891338633
2023-02-03,0.5122973332499008,0.5209379749368638,0.5099339471286659,0.5089662575860664,0.1711100664831106,0.49509187032449975,0.4855003765530518,0.5910607467247815,0.695950176894761,0.5610141083763848,0.9022369133377717,0.5018992365159001,0.45697565140892593,0.48388434579352035,0.6278932071834268,0.7840532723516342,0.42744169718979597
2023-02-06,0.5074963426415695,0.5074805768303214,0.5046009873930299,0.5053591105982033,0.1198905847608904,0.49839551940647275,0.48648336973140716,0.5660879429277739,0.7084804515169534,0.5885612986492663,0.8681351776016475,0.504388479204696,0.4619990425801861,0.4876425048769216,0.6039405340276918,0.7785568938153268,0.487895592647607
2023-02-07,0.514560625196531,0.5313616766092714,0.5167840272089428,0.5299928421498914,0.3410589820915708,0.5043369530609081,0.4888229549849774,0.6633168186296856,0.7522054009565711,0.6206062308994806,0.9145847071853328,0.5119217705587824,0.46367809558119866,0.4924157348427519,0.6401372951491485,0.7909666806399036,0.6541399334041694
2023-02-08,0.5435269878770693,0.5495862792502425,0.5308751677443778,0.5280979916717571,0.37108023732143497,0.5104180811052127,0.4910534088954396,0.6497895671391676,0.7808477617612237,0.6527974561175707,0.916095518515434,0.5175978365647715,0.466735231093504,0.4968868091225881,0.6636972849235254,0.777618472244997,0.49830338647832073
2023-02-09,0.544898700261043,0.5432453735650422,0.523036592401085,0.5209977939262844,0.27494834557474235,0.5140546515679613,0.4931771213269701,0.5986775826751916,0.7896896036544927,0.6805740384865244,0.8705041785373328,0.5218975811193398,0.46884673318786785,0.5001740135098058,0.689941761586535,0.7672752095167849,0.46874911102965605
2023-02-10,0.5168467393836906,0.5206869035668387,0.5181172213362095,0.5198104822517093,0.1456631366222457,0.5175328860153323,0.4954529776959794,0.5900221737011195,0.7916155410071046,0.7032360870941841,0.8176848553193125,0.5255692340585092,0.47084524480712886,0.5030764259101573,0.6605866352016802,0.7609732178106097,0.5022032588793743
2023-02-13,0.5308156698480863,0.5446595049620976,0.5330359769037267,0.5385770728565921,0.2925631683254908,0.524193727654295,0.4978674461871977,0.6668459543573915,0.8174540491593378,0.7272792972056465,0.8319485241678288,0.5322706441671392,0.47139950482003123,0.5068640881137192,0.6892718748028172,0.7718670947453322,0.6169151543302039
2023-02-14,0.542315289823934,0.5455034096180583,0.5379322207110642,0.5405176329148216,0.233349939795069,0.5298651024033958,0.5004444167609898,0.6741440828674776,0.8369812793657527,0.7509829958645382,0.8284422876296568,0.5383853130660508,0.47251942128195845,0.5106198803320461,0.6756315074916698,0.7809100507083513,0.5198355258110584
2023-02-15,0.5339068162681812,0.5373791162155961,0.5323388419044557,0.5355511413070793,0.16990050178584537,0.5338799097441217,0.5028672144311424,0.6341297030925941,0.8411807032755279,0.7709070626175956,0.7894088960055325,0.5417251120240137,0.4771951705018922,0.5146547733534315,0.6604232590227216,0.7738504335763459,0.48141291354147797
2023-02-16,0.5240513658184477,0.5282553399422051,0.5224756425154157,0.5191407622609194,0.17521977532862837,0.5334623706796019,0.5055522485363892,0.5139678379717154,0.8164889041188732,0.7811951881710861,0.6898956428950566,0.5404037201682756,0.48608335517647383,0.5182992163308361,0.6609654014230144,0.7666245435489265,0.41707385352571047
2023-02-17,0.5134397554534063,0.5130492684683182,0.5088792930200338,0.5097798241325683,0.17831591737166044,0.5335453355184632,0.5084515494054984,0.4536599225448142,0.7798129197849557,0.7810317811816052,0.581959533510342,0.5397219884520068,0.4912872108747609,0.520481206823706,0.6526424612135313,0.7593018725423062,0.4551352865900149
2023-02-20,0.5134397554534063,0.5130492684683182,0.5088792930200338,0.5097798241325683,0.17831591737166044,0.5335453355184632,0.5084515494054984,0.4536599225448142,0.7798129197849557,0.7810317811816052,0.581959533510342,0.5397219884520068,0.4912872108747609,0.520481206823706,0.6526424612135313,0.7593018725423062,0.5090162641843036
2023-02-21,0.5021863543111909,0.5025308498239125,0.4987166338611352,0.4974435691063805,0.16580094422571462,0.5327381346481802,0.5107117098113463,0.3811924187336218,0.7297887702045223,0.7694521991085315,0.46406127146011694,0.5387028616314955,0.494976362709047,0.5217468548448441,0.6471377752645009,0.7523704017257623,0.4368841617781147
2023-02-22,0.5012924891241312,0.4999011934079246,0.4958360365565897,0.4947886102531777,0.11968053124019035,0.5291481229409548,0.5127047771613874,0.36621935162799474,0.6841182935454831,0.7497360872396714,0.38003288936025437,0.5373028220141024,0.49892448308829485,0.5229389775255435,0.6248609582121354,0.7468805891625708,0.49316112663054107
2023-02-23,0.5046616113375981,0.5056177390582135,0.4961586312567623,0.5022498994638046,0.17221733745839926,0.5265122195669445,0.5148203762086733,0.412572329132397,0.6572606678946185,0.727816384573559,0.35727574667773526,0.5350633182834919,0.5049115324134028,0.5246856357441739,0.6205763838380591,0.7540126272694285,0.5537798151959644
2023-02-24,0.4918267626787818,0.49226381186737644,0.4906740030806511,0.4895473635489059,0.13920067217126625,0.5233050081844229,0.5159415151942766,0.33884426325282774,0.6157867580714663,0.700788630167457,0.30452336523669243,0.5347804723044723,0.5056616965611782,0.5249033119882485,0.6187522530061089,0.7479126429740646,0.4337833189575079
2023-02-27,0.4975566287842168,0.4964255159657607,0.49364677330327245,0.4916988061411211,0.10952065630402633,0.5204382719737642,0.5169194570406189,0.35308174801568143,0.58518475798372,0.6721626512662886,0.28801802181346364,0.534398073505233,0.5067081155621214,0.525213329047525,0.595723238856122,0.7530848723543094,0.5220423161576954
2023-02-28,0.48978696894040175,0.49338430330268324,0.4921258247954977,0.49000513468580115,0.11967975037208367,0.5154850655755289,0.5177809478872022,0.3428987748420265,0.5577930650535671,0.6429928248178286,0.2824015451760217,0.5325416474733127,0.5104782697738365,0.5260790650772699,0.5685014607453202,0.74759508419994,0.49880035046240123
2023-03-01,0.49366030517213133,0.49210375086360014,0.4853506692207268,0.48279560360566826,0.15930334070993407,0.509598762997116,0.5183016654337143,0.2997488327452302,0.5251146830944196,0.6121779738464304,0.2654128838367984,0.5327648181070648,0.5100150219355679,0.5259701010777035,0.5597640535381092,0.7408667191911971,0.46540068315889604
2023-03-02,0.48401126514425563,0.49317847054243547,0.48493588230063756,0.4938731035233839,0.13777402614034076,0.5053485738716544,0.519570551850048,0.38013957328350484,0.5155676418831461,0.5853410943123617,0.30649458725431455,0.5328602821430952,0.5096678573122617,0.5258507673424119,0.5561679397332074,0.7469221085687804,0.5768891259296607
2023-03-03,0.49693778984941095,0.50282804678918,0.49825570611518977,0.5034400191141398,0.18425051498251638,0.503747463758687,0.5214823253719241,0.44253537988451924,0.5220301161682611,0.5653506351311623,0.37719962243099625,0.5315838290622013,0.508943593678824,0.5248273536281217,0.5439332026220521,0.754430286622545,0.5665038215398672
2023-03-06,0.5066556167369923,0.513117913943227,0.5088332427457912,0.5070562653652255,0.13232044328320683,0.5034697241991714,0.5228599016203916,0.46517456597572143,0.5322083468110406,0.5516877247153469,0.44254611519361686,0.5315120836949335,0.5088184200189058,0.5247286068411428,0.5347964090245215,0.7603152047873315,0.5303904771289658
2023-03-07,0.5063576438079814,0.5075614092591809,0.5028646657271532,0.5008308764730232,0.11173207478217687,0.5038151506563625,0.5238322662901904,0.4201630497262762,0.5307043651468318,0.5404131852293068,0.467211537691954,0.531462946150695,0.5083915844980557,0.5244944966884045,0.5226288738949771,0.7550738496232035,0.47244676494358284
2023-03-08,0.5011778081499055,0.5003584354597593,0.49691906349653603,0.4998008825290093,0.0794587959326142,0.5043262856870266,0.5248117075375649,0.4126583936947024,0.5277074194818264,0.5307076529087433,0.4834151449947085,0.5289718106004916,0.5078722083528665,0.522933569385859,0.5073691265642966,0.750841311072032,0.5029010668049165
2023-03-09,0.5052575616327741,0.5118374002274886,0.4986935852309826,0.49664251404680976,0.15218260444501364,0.5037544629768197,0.5257948594614389,0.3888799456617274,0.5204440045830634,0.5212808740600094,0.48629391565375524,0.5265279696510623,0.5071681291811261,0.5213073180773673,0.5227351342983072,0.7443355301110401,0.49023138971811125
2023-03-10,0.4943937271448895,0.496356869313087,0.48952177326269297,0.48810545022407986,0.16530509297796547,0.503607421401474,0.5258914561095663,0.3273815931633944,0.5020084192992631,0.5095201614611254,0.4621906822267785,0.5251711016369567,0.5051429595015023,0.5196067806503774,0.5176141442651874,0.7374195588964615,0.45796309005179253
2023-03-13,0.485959400551905,0.5080644647501146,0.4852124161786574,0.5003044698779909,0.20439378866273214,0.5044849986670269,0.5264009523322256,0.4219790968659019,0.5055333825559183,0.5009183376988762,0.49481347410953,0.5235768607585073,0.5047910644718472,0.518598317878823,0.5614367388025256,0.7455573869223487,0.583063221541159
2023-03-14,0.5073889958471082,0.515290181845481,0.5085566595861518,0.5160281033588151,0.20658490457010872,0.5071387353674034,0.5278932222179523,0.5225964630418722,0.5314085766174909,0.49995884609334607,0.5737381290565864,0.5190714668968452,0.5072473558591398,0.5174325339225871,0.5671725743298502,0.7537637061027473,0.6024539172798402
2023-03-15,0.5147919336479688,0.5276608101912356,0.5162765624161191,0.5266706869296832,0.30347267664407873,0.511612971966311,0.5293505705699644,0.5802635572363637,0.5670253401931965,0.5073427399992785,0.6599027721365769,0.5153542930273478,0.5097778353071495,0.516716645443784,0.5733328531847417,0.7649985986895294,0.5705937662990713
2023-03-16,0.5267788582350812,0.5507101479123918,0.5256559014760648,0.5512977006659452,0.3717267961137756,0.5174689433912616,0.5312736894356298,0.6870444969475984,0.6304401365475528,0.5277633832570015,0.7945371904164344,0.5205593687689536,0.5058485571717561,0.5175307441221424,0.6208200346845972,0.7783670175890459,0.6490108893137132
2023-03-17,0.5566886902394564,0.5661906030693954,0.5557061960703166,0.5586902833304411,0.4869719965079578,0.5231031835003984,0.532510785821645,0.7136565358687026,0.6895588275368763,0.5576301910153298,0.892090562671777,0.5303219285915801,0.4995398075092172,0.5195754582783352,0.6221750832417414,0.7953378368911713,0.5494029655108527
2023-03-20,0.5537549275017241,0.5528137869374177,0.54079619317288,0.5422113043701414,0.28347152095928085,0.5266881786784183,0.5336707703317533,0.5874452700459398,0.709521915678354,0.5860925211105952,0.8775861008576391,0.5351084151228829,0.49782809580371845,0.5212521690185608,0.6404602022220405,0.7847281518709094,0.420029959660831
2023-03-21,0.5489418981177091,0.5471429738952839,0.5400357329585717,0.5457588796190934,0.21391257088330243,0.5312697885754859,0.5350803970524063,0.6028148263749347,0.7280398739538518,0.6131005271323389,0.8625668602213927,0.5404916814343725,0.4971572074813999,0.5237500753571112,0.6289458280544308,0.7931635234368871,0.5286797977925805
2023-03-22,0.5455498444006365,0.5609542815751883,0.5461656702222979,0.5423487174624031,0.21636918194695406,0.5356086767516611,0.5355115176360057,0.5771107702578795,0.7349794761017406,0.6362951750222536,0.8231851677520922,0.5445278393318127,0.4978549420763859,0.5262089376100775,0.6417435710443647,0.7846513617169204,0.49022139856419306
2023-03-23,0.5559552086724199,0.560999932368089,0.5531251572377054,0.5546391918205016,0.2299375461688268,0.5415229870765844,0.5364375918645126,0.6324958118835637,0.7558648768034646,0.6596308637524322,0.8246417387860385,0.5504479965844433,0.497038261604154,0.5289174692134402,0.653001367194491,0.7935876511278316,0.5771250005999492
2023-03-24,0.5543507423815444,0.5600166158256311,0.55330940248252,0.5612993548835639,0.16404086751323183,0.5489870605833157,0.5378437919143205,0.6602288738199511,0.7791560568631333,0.683629987670332,0.83149323283221,0.556604132588931,0.4980189107995232,0.5326270542716028,0.6396877088598973,0.800464104459604,0.5452103372824911
2023-03-27,0.5618225435108151,0.5619145488152648,0.5538625125786398,0.5517095845027604,0.1536412660683135,0.554229184991984,0.5389568137950809,0.5842704578415217,0.780162399217115,0.7030596049465616,0.7843025680486834,0.5601233921852238,0.500591395010023,0.5357296174562363,0.6314252637551488,0.7939127278191298,0.4574420116322842
2023-03-28,0.5510276107350561,0.5497498061657979,0.545866077632515,0.5490776226155931,0.11489771408670449,0.5575994661956218,0.5393231984522352,0.5639548707026021,0.7739328481843525,0.7171775626717514,0.7294474677121374,0.5624602167539222,0.5043360251414502,0.5387836709326171,0.6125640216151392,0.7885724192906435,0.4946468549829933
2023-03-29,0.5582929263358202,0.5611828674350787,0.5605224496932162,0.5611620839672901,0.13995108642179685,0.5611167853499457,0.5400435236061172,0.6219566741809057,0.7837535701022211,0.7307195639786437,0.7234993931392827,0.5652529804136212,0.5096341711038123,0.5428352257285585,0.6060302323812642,0.7946958604639424,0.575268020144716
2023-03-30,0.5703715752926701,0.5687745160899297,0.5675972765157608,0.5692642669871691,0.1396887147379485,0.5629489566531308,0.5412198403016608,0.6573054704061523,0.8001792895833464,0.7453124634134729,0.7343523331098412,0.5695766254551434,0.5129708986706503,0.5467329563462127,0.5863423317449193,0.8008111002730517,0.5525995160589612
2023-03-31,0.5692255678515421,0.5797731639511717,0.5711000065603846,0.5789913793722403,0.19991394833464263,0.5650191956139862,0.5433081450413257,0.696690445556291,0.8239830110048977,0.7624346594883025,0.7604731376597009,0.5755290527232487,0.5145730745458793,0.5506389691539986,0.5841835455135496,0.808808894887167,0.5606882371080497
2023-04-03,0.5756200863993005,0.577486594738413,0.5732893412182533,0.57654254015743,0.13836045808846612,0.5685201820511134,0.5456376263906706,0.6749864228554006,0.8353846547454453,0.7787418716599193,0.752056554602405,0.5801836810806785,0.5169283721725757,0.5542314164425248,0.5688354637967694,0.8027351744842672,0.4961994066177446
2023-04-04,0.5772474405145591,0.5824715298410288,0.5772530590826678,0.576428088487207,0.1457084269724338,0.5716477270352195,0.548393550291611,0.6739177311834585,0.8403736121223917,0.7929294470546798,0.7301664302534681,0.5834168272113822,0.5214596014129935,0.5581397997906413,0.5575723470327063,0.7964317670664164,0.5084150098909791
2023-04-05,0.5740844269087626,0.5749254797284091,0.5709156410323019,0.5699279444984752,0.11635169050136418,0.5744601658416165,0.5510153081850652,0.6125288501225123,0.8308879302643374,0.802108551719412,0.6784424517513847,0.5845127964618508,0.5277096043656856,0.5617653758396941,0.5435001953108831,0.7910460093113798,0.4748628087494
2023-04-06,0.5680335747768628,0.586198445035887,0.5688645279187692,0.5865441232870547,0.1765214824624832,0.5777137257493912,0.5539564980279206,0.6903215696470897,0.8441748235097348,0.8124927613865168,0.6908879323372564,0.5867149252893489,0.534864809588411,0.5664132979410743,0.5706709992696017,0.798312588845061,0.5971940399342048
2023-04-07,0.5680335747768628,0.586198445035887,0.5688645279187692,0.5865441232870547,0.1765214824624832,0.5777137257493912,0.5539564980279206,0.6903215696470897,0.8441748235097348,0.8124927613865168,0.6908879323372564,0.5867149252893489,0.534864809588411,0.5664132979410743,0.5706709992696017,0.798312588845061,0.5090162641843036
2023-04-10,0.5817853179398175,0.5805277635942466,0.5750406023280894,0.5814861414311278,0.1244586631850361,0.5797723078042316,0.5571644212687672,0.6441368552693054,0.8432685311227406,0.8205927090729637,0.6672976741627802,0.5843300913973491,0.5473211735744387,0.5712410889246989,0.5739401634412529,0.7926734187000964,0.4828431293176936
2023-04-11,0.5738552267925113,0.5722501692256471,0.5679659308472962,0.5664719305857018,0.1570489744859155,0.5812777232730129,0.5597734013881656,0.5205429716592069,0.8166065514397249,0.8209706308764075,0.587549998216451,0.5799422726747099,0.559048762239782,0.5746619531963687,0.5829527307684822,0.7860155219604462,0.4307301210804331
2023-04-12,0.5716550281920983,0.5746054382921142,0.5687033499230806,0.5679825504566586,0.15803911524520042,0.5832055855957243,0.5624941854803029,0.5290594975566785,0.7943781202447059,0.8161856230930088,0.5342308768014989,0.5770428118429098,0.5676702510769439,0.5773480032567825,0.5725577597575499,0.7927043690863831,0.5170755335570991
2023-04-13,0.5689046665729064,0.5812137559320889,0.5714918009802082,0.5825160642871476,0.1332020433756616,0.5853831942300802,0.5659736268082904,0.6056080199249569,0.7950337634216851,0.8125076716837981,0.5456637798143462,0.5768383387708138,0.573805833950668,0.5802352147969679,0.5745803394265301,0.7986168448111994,0.5863731187709476
2023-04-14,0.5767200569304296,0.5779666516890944,0.5726899725834392,0.5740476359225547,0.10794252186040265,0.5858709864514356,0.5687710725839651,0.5381155527873414,0.7797743057625397,0.8060729305321773,0.5171935858055702,0.5776923561923661,0.5752973617762026,0.5814113887028386,0.5724281620112383,0.7934939456602017,0.46492927802819095
2023-04-17,0.5834354047836702,0.5851009120618335,0.5783820002472089,0.5801356117224954,0.13018398814329868,0.5859876715007005,0.5714471313664088,0.5704260079252672,0.7736326828649096,0.7995195253274507,0.5159681065599766,0.5793706265923586,0.5757643268924472,0.5825201143046064,0.5656340433135717,0.7993120812880165,0.5411203505572121
2023-04-18,0.5871943600639022,0.5854669245195915,0.5803409549550345,0.5791516117105526,0.10149177043102359,0.586253736030902,0.5739626785862592,0.5621923083282563,0.764301502578125,0.792141205760203,0.5074489686727787,0.5795136831784721,0.5795235772548729,0.5844299318525933,0.554391115863822,0.7943908234155,0.5038750708618605
2023-04-19,0.5744052184644399,0.579270019251507,0.5746488265037474,0.5793346632949157,0.07797592739800693,0.586550138963885,0.5767018287907901,0.5632639945836844,0.75429449762057,0.7839482810157852,0.4990362968328478,0.579569885072177,0.5830198233341438,0.5861658031939057,0.5422832040143024,0.7985770096137074,0.5099740961583518
2023-04-20,0.5727091527378795,0.5792242572619783,0.5758931349890088,0.573978893832427,0.12556281068789796,0.5869632414447723,0.5792900442522232,0.5145261010028355,0.7357242202123478,0.7731438251732741,0.47206623238474515,0.5778000616498664,0.5882735991617137,0.5878010864448197,0.5271485982630295,0.7929033253944453,0.48099954491575553
2023-04-21,0.5721592359428769,0.5729132628612538,0.5712382588777416,0.5731780164928411,0.11331879877497414,0.5856002098634546,0.5819605171767278,0.5071585370882954,0.717356875906185,0.7602965890591493,0.45096982820293935,0.577343412554125,0.5907284775815637,0.5887595455164244,0.5079521981860275,0.7876123715040282,0.5047925065295522
2023-04-24,0.5654667645569377,0.5698949834724334,0.5612368895998816,0.5640459106169421,0.1518515163677764,0.5838217125230402,0.5846102279236657,0.42593569594770725,0.6871022796144239,0.7430945339133515,0.40599630671977627,0.5772178130689541,0.5911544844676131,0.5889015427198528,0.5167439707526766,0.7811169398835611,0.46079535400771154
2023-04-25,0.559553603274762,0.5622347670602572,0.5535169119682198,0.5495124678744469,0.3014752160271617,0.5820922423314936,0.5863271909293148,0.3174630468964807,0.6399335154044518,0.7185375356252072,0.3300396042680866,0.5775849222343655,0.5905269706995224,0.5887879515725715,0.5204599506626049,0.7699444850634363,0.43118758261452966
2023-04-26,0.5989519981268641,0.6033254843171026,0.593522505742059,0.59517278398996,0.44848925447398386,0.5848650128607055,0.5890887031685931,0.5883546511033448,0.6685977949759574,0.7054522328860148,0.44851124280615684,0.57938250597846,0.593476788537281,0.5911710759807907,0.6472657089024115,0.7857123888001194,0.7591713387032799
2023-04-27,0.5972788684436289,0.6161992344790843,0.5993297536502065,0.6168242675644037,0.3068663294357603,0.5883636505182626,0.5922343373963413,0.6691267780789811,0.721030847595352,0.7069841645978793,0.599467804451489,0.5885921583633422,0.5894694259322967,0.5940488163854228,0.6663299156599495,0.7970533621272815,0.6196244332291352
2023-04-28,0.6157060892896733,0.624728337738978,0.6179037879590081,0.6223859789452999,0.22883417953407162,0.5932930356520917,0.5947147460475881,0.6876089589534178,0.7678199530138482,0.7189181729262923,0.7068931676597777,0.5974881565769926,0.5855302411483944,0.5967952141547167,0.6539405383894346,0.8059551618727171,0.5365469273830039
2023-05-01,0.6224902366811244,0.6239738097674697,0.6221440324865113,0.6184951197736728,0.11033354000309226,0.5972048120371343,0.5968014534104711,0.6590774427086883,0.7957488561715912,0.7348573723889058,0.7482559770458963,0.6035237018827129,0.5832245107344606,0.5988375614458354,0.6273556195009556,0.8007575229087778,0.48990869793712777
2023-05-02,0.6243009011415712,0.6253000381836916,0.6192865261395782,0.6181518358509975,0.1502382428593516,0.6011819265402825,0.5994511666378076,0.6564477713740688,0.8138015899814841,0.7517403995679715,0.7580031687830361,0.6087247809962805,0.5820391703501919,0.6009887661540867,0.6153177227663327,0.7943125199145477,0.5073210567420811
2023-05-03,0.6216879978767482,0.6239965820927859,0.6197012542203526,0.615840125376473,0.11866306009717123,0.6049046334192443,0.6018964379606503,0.6377788046673705,0.8210152234715142,0.7668977810022953,0.7401819079202954,0.6128347177044449,0.5817944412503061,0.6030263723645438,0.5989274780310028,0.7888545120464127,0.4975949505306273
2023-05-04,0.6208171097630603,0.6220530620047648,0.6181112241583213,0.6181518358509975,0.11990542125491754,0.6094092446675315,0.6045413565772424,0.64803677825759,0.8264557088538365,0.7802688314816444,0.7217339327012819,0.6167887572229667,0.5826507970287998,0.6055195523234586,0.5825962194128075,0.794351354350338,0.5204754751278542
2023-05-05,0.6196253150963229,0.6316797447060146,0.6201160896222778,0.6301448069545099,0.1642368654080114,0.615218530473865,0.6071758947251511,0.6986956498641734,0.8446864848804216,0.7951380873889287,0.7372063492378528,0.6225617203807566,0.5810614252462202,0.6077737119871827,0.5906430950843073,0.8012339342964305,0.5682691360824895
2023-05-08,0.6297326140296737,0.6276322759600267,0.6243100838936178,0.6255671666735503,0.11052485268923168,0.6214922656922449,0.6094183240006802,0.657826845478231,0.8483543750775284,0.8078729496329498,0.7151638260996602,0.6269100991231769,0.5810548719752647,0.6100527053579047,0.5762938428995374,0.7960303151711031,0.4867813122131744
2023-05-09,0.6248508473832592,0.6272664796228014,0.6248171423970913,0.62179083026014,0.11069820540891723,0.628862975211061,0.6118635953235227,0.6240963423280816,0.8417495465733904,0.8165492148575751,0.673249478128888,0.6296776300041195,0.5839387216847403,0.6129126979497365,0.5572009911410932,0.7908212772872933,0.4905546197054508
2023-05-10,0.62627190168761,0.6340349498638959,0.6279513210753928,0.6339441047899587,0.1789242136267732,0.6328167469049004,0.614824752376152,0.6799655192543077,0.8506046346609719,0.8255168608430667,0.6762586545868037,0.6339678548352982,0.5863125092860242,0.6163229168414566,0.5552476093029547,0.7981629627662459,0.5687501638285799
2023-05-11,0.6296639499201601,0.6297360277247226,0.6247019651650823,0.6289088000040945,0.19143528243218552,0.634049087751368,0.6171885674047127,0.6343050103148438,0.8461862149023268,0.8316797489725827,0.6472930794909473,0.63731826241776,0.5876240101739001,0.6187214258726582,0.5537810945153034,0.790430199141327,0.4846882997337422
2023-05-12,0.6306952661508421,0.6286612947227044,0.6254854623518197,0.626299657362978,0.09846902999002052,0.6344481917959898,0.6191786433938857,0.6105392275287849,0.8349876539613663,0.8340470830320657,0.6080952549045282,0.6394758079842497,0.5908389370298787,0.6214228605560546,0.5385200047989406,0.7856034278187441,0.49632081720419263
2023-05-15,0.6273720210019705,0.6269463454704676,0.62776688779189,0.6274211415551764,0.07162122274575092,0.6353584381205952,0.6208684522344421,0.616628456067176,0.8240925319824576,0.8334474208757334,0.5774541956361777,0.6416302204454667,0.5935311325785259,0.6238675271314601,0.5122567702733402,0.7895909750235752,0.514493264606773
2023-05-16,0.629045190908913,0.63565850179693,0.6329289768307362,0.6326395690133974,0.15278309201905946,0.6368358494675256,0.6228257869603837,0.6452248679504136,0.8195860701252604,0.8319363125970073,0.5680414183271566,0.6439827543973676,0.5966673001323687,0.6266328598213479,0.5013520140852477,0.7961155263686795,0.5344611824263571
2023-05-17,0.6362480085491863,0.6388765498442665,0.6365913969857603,0.6393831182933364,0.13392278463813792,0.6392366864022055,0.6250224107125721,0.6803747532795099,0.8223798376797431,0.8313668260246456,0.5777658279368767,0.6467688509065573,0.6000321870241054,0.6297373708918343,0.4873901683492292,0.8020505314361951,0.541657145429619
2023-05-18,0.6413932072875883,0.649441052735499,0.6434738097680066,0.6497508756796809,0.15704428927727535,0.6424590524874785,0.6278075884361302,0.7291335591564383,0.8361926707780172,0.8340725327622158,0.6115897309772629,0.6500182338253383,0.6045644693014537,0.6336547898576295,0.48577823418723076,0.8087082817229133,0.5587295789509363
2023-05-19,0.6464692813952527,0.6487762966518181,0.6495938259732779,0.6493378544349631,0.15915809924208943,0.6444162963027764,0.6299985841636011,0.7244637100146987,0.8426223210665347,0.8377086302821894,0.6211981554688025,0.6519225300201614,0.6105842847537549,0.6375922610219414,0.46380494715632237,0.8019844567550609,0.5070639342663934
2023-05-22,0.6507417064024058,0.6575762076538727,0.6533815157061381,0.6558521449344863,0.13236651450150164,0.6475046587141141,0.6325933590394748,0.7544095166073086,0.8533844977352796,0.843080610962428,0.6391251411902831,0.6518799383792966,0.6203551213829874,0.642338652428448,0.45872358126433666,0.8078708150403451,0.5398263936103187
2023-05-23,0.6540263100936551,0.6578741145136923,0.6470072380037372,0.642273200686454,0.18454021705009896,0.6495933834401052,0.6352382131657001,0.6072249899216122,0.8378605320309831,0.8438252784283131,0.5913374906033201,0.6408985437051004,0.6419901795513634,0.6471343915016495,0.4741334992317118,0.8003535813136212,0.4453608877099772
2023-05-24,0.6418524794306582,0.643620148788685,0.6409100745127203,0.639038981314734,0.12665993037779963,0.6501129421802156,0.6377175105983159,0.575574062057026,0.817136412293051,0.8396779538068261,0.5408164219580486,0.6388487462217188,0.6488411891062297,0.6494022782477531,0.46350887184264566,0.7946456026994595,0.4935701881452843
2023-05-25,0.6613994550804642,0.6674530657245753,0.657977355939338,0.6667244849017275,0.28218386945134644,0.6539692612698511,0.6406557065999048,0.7124820771870748,0.8380583792672527,0.8411484333259371,0.5988331692368272,0.6451618338696813,0.6473383006862177,0.6519821244261016,0.5174403599367294,0.8052150375722555,0.6418314958282425
2023-05-26,0.6631911456355138,0.6823487279961022,0.66693832763714,0.6827119614720133,0.23009137718584508,0.6597220023828279,0.6444472168136646,0.7694967289789201,0.8741623691907364,0.8505878139638634,0.6811303997434506,0.6550626847584923,0.6430816896415416,0.6551009836972865,0.5429339488902835,0.8141561355210992,0.5828723851528832
2023-05-29,0.6631911456355138,0.6823487279961022,0.66693832763714,0.6827119614720133,0.23009137718584508,0.6597220023828279,0.6444472168136646,0.7694967289789201,0.8741623691907364,0.8505878139638634,0.6811303997434506,0.6550626847584923,0.6430816896415416,0.6551009836972865,0.5429339488902835,0.8141561355210992,0.5090162641843036
2023-05-30,0.6889399967886983,0.6877111375884739,0.6822734239790774,0.6788584234971979,0.17443500288140334,0.6649674071086428,0.64789184822588,0.7337940614659,0.8925627646528234,0.8623505542196388,0.7051244309365914,0.6616722481696005,0.6423683389805335,0.6582217724780428,0.5366580769103125,0.8069547763597825,0.4915871050752036
2023-05-31,0.682186900230764,0.6881694289794602,0.6749060295391073,0.6723900558417518,0.30286828472949945,0.6690210309314941,0.6511451193565017,0.6747098109556067,0.8930366157951837,0.871869195118899,0.6819489442202563,0.6656642532325879,0.6438209661695123,0.6610258938232,0.5544412000908283,0.7957387762012228,0.47961210105158647
2023-06-01,0.6675783574082427,0.6826466830338304,0.6688783365814999,0.6820008682687577,0.15312355051357698,0.6733670488135558,0.6547273434470484,0.713785991075095,0.9031131497849161,0.8817902898013568,0.6861052050735716,0.6706785718445106,0.645437194958768,0.6644464107831468,0.5723469366119588,0.8022739697927158,0.55308065288513
2023-06-02,0.6866889786942006,0.6917444439279626,0.6869617373576625,0.688469235924204,0.14609495668524614,0.6773154197642477,0.6587221347386968,0.7384105101289224,0.9159756630642925,0.8926709650873843,0.6960150815978501,0.6762426811769999,0.6469025175375306,0.6680818273310138,0.5620897222393268,0.808589459577453,0.5382993018991094
2023-06-05,0.6889170172513056,0.6941735605525474,0.6918348295006006,0.6897078731303945,0.11043505285696215,0.6814322214079455,0.662788088669899,0.7431562989140417,0.9231812064045242,0.9030246134422887,0.6905723165055074,0.6817487554932393,0.6472910417295276,0.6711612437513033,0.5452520138520394,0.8137902716882512,0.5145765692211566
2023-06-06,0.6891695830926863,0.6868631936874982,0.6860841147510902,0.6845239233492283,0.10332212527310863,0.6843560750082139,0.6669918014661473,0.6905800866947667,0.9164246623027771,0.9097611849242997,0.6532176794319156,0.6851360410983582,0.6498937924827939,0.6742093139103846,0.5287117376836392,0.8088117995369841,0.4857826585234223
2023-06-07,0.6807169896341695,0.684846710406113,0.6637513086090099,0.6608985394474031,0.2620015523657961,0.6862554257566985,0.6708782787060693,0.4917674046753607,0.8716780951238602,0.9049094479107567,0.5335417440399263,0.6846301444913314,0.6545804916962438,0.6762311863485084,0.5706032682952719,0.7988732350774104,0.4024140334297056
2023-06-08,0.6630074786118445,0.6668574221918669,0.6657143499570728,0.6652107371590379,0.12582283976742625,0.6889243352831258,0.6733220394660856,0.5160026185858919,0.8387744610657797,0.8934975158077467,0.4657926429535088,0.6850660134244556,0.6574238519828887,0.677847674338569,0.5489090337635958,0.804555047434396,0.5290934572812594
2023-06-09,0.6654192212422806,0.6745342978984488,0.6681623962793988,0.6687201381552508,0.11997648025262647,0.6891278454339717,0.6751327875879021,0.5358474463904799,0.8143435034627386,0.8787765401930254,0.4316191587328573,0.6850919793841339,0.6616131448222856,0.679905924463812,0.5447135919958497,0.8100541109411227,0.525261269215135
2023-06-12,0.6736652399558793,0.6793696524976295,0.6698945078224965,0.6803264616597923,0.13349564978377765,0.6888845800141044,0.6771544440137012,0.5976066954736077,0.8087399845409116,0.8657173014392813,0.4487804133964767,0.6855663925188225,0.6668260416253992,0.6826991155966542,0.5502900420017015,0.8159757643830082,0.562490359099642
2023-06-13,0.687194245484439,0.6905527569441114,0.68197319970984,0.6859231483337009,0.12327408626718497,0.6896050174020235,0.6795071394147569,0.6251106728904035,0.8091107572864109,0.8553547679298379,0.4766300967831428,0.6861027256601625,0.6724464106044143,0.6857236751410152,0.553030453492894,0.8215779063450098,0.534408837532711
2023-06-14,0.6868956498258971,0.6952735258273445,0.6875621858807205,0.6929190599920821,0.14711008522394517,0.6916984976817123,0.6821159136610606,0.6581668645654402,0.8162163316528315,0.8486909696903251,0.51482804459978,0.6875744704218356,0.6772491676619513,0.6888401307945627,0.5530679019222601,0.8279251275983374,0.5405255459392455
2023-06-15,0.6941081434985213,0.7200231327056952,0.6977009970073071,0.7175998162517532,0.24780537018614338,0.6953287612363559,0.6856665077070069,0.7537075138968898,0.8545325756570951,0.8521292391667947,0.6191551259652127,0.6947289887989604,0.6778410064605512,0.6928839418254242,0.5977467638158979,0.8374199396740846,0.6191722749435457
2023-06-16,0.7258979073248624,0.7237585012410653,0.7086711577753702,0.7043648668063355,0.30756442552314256,0.6969497453591742,0.6886746484723731,0.6446841055858579,0.8610895006056962,0.8563805157952058,0.6275512945196048,0.6982672875474691,0.6798213350647823,0.695707490575523,0.617504182812948,0.826057144860061,0.45177149544745293
2023-06-19,0.7258979073248624,0.7237585012410653,0.7086711577753702,0.7043648668063355,0.30756442552314256,0.6969497453591742,0.6886746484723731,0.6446841055858579,0.8610895006056962,0.8563805157952058,0.6275512945196048,0.6982672875474691,0.6798213350647823,0.695707490575523,0.617504182812948,0.826057144860061,0.5090162641843036
2023-06-20,0.6983115744869888,0.7022401151685556,0.6946062409351013,0.6945476859329582,0.15001179110841106,0.6974432935403407,0.6909217905054885,0.571912331104125,0.8477167152309659,0.8567209533239541,0.5871628868758795,0.6994296541986308,0.6833604546448511,0.6980448433414524,0.6146077165854266,0.8196192204242086,0.4658385747948453
2023-06-21,0.6915584144597022,0.6922714593165801,0.6858531353522633,0.6842486706367414,0.14019159379865787,0.6974152241746129,0.6929693026076454,0.5015064165271719,0.8181730837762308,0.8502317531895951,0.5166311715669267,0.6995765221566855,0.686210563538869,0.6995129465325892,0.6085057586066673,0.8134882613337361,0.46314588792827155
2023-06-22,0.6863903248761091,0.6977484608995046,0.6887862283257014,0.6983552299757028,0.12800224265320242,0.7012349341999599,0.6956407838142336,0.5683041696081339,0.8121982104413523,0.8436729442023201,0.5159123000778327,0.6991203819018164,0.6926418468620698,0.7024123930010854,0.6084112322756514,0.8192381987129033,0.5726906452432696
2023-06-23,0.6869415626267188,0.6927985265221989,0.6890403032409165,0.6875975549426664,0.12480146428387368,0.7035178681996715,0.6975128573142421,0.49778302876037467,0.7881807269790349,0.8329290974964088,0.4726921611058063,0.6952181500906097,0.7019819469428475,0.7049228760667847,0.6047016562901549,0.8135883130950841,0.4613372058457392
2023-06-26,0.6854716179939292,0.6885590654304171,0.6775851632143582,0.6728718191765977,0.11210220626474865,0.7039412429665186,0.6990468127810194,0.41153225415420164,0.7444638280116542,0.8143286825838914,0.39155502625499666,0.6948514144402625,0.7030275056490002,0.7052406938576141,0.6107292493979684,0.8083353881493314,0.44283670707164163
2023-06-27,0.6811992781154625,0.6886507717115785,0.6794558796514077,0.6865654994468287,0.13422810406785432,0.7045774795065742,0.7011496055296638,0.48082586471849503,0.7276171732367498,0.7955927142396899,0.39015512533429025,0.6950391870079834,0.7032337885436671,0.7054399221525581,0.6158387796038258,0.814279937066246,0.571759968013415
2023-06-28,0.6876307206880553,0.6928444355235762,0.689871723441113,0.6895014335960294,0.10225467857126125,0.704942381261035,0.7033157079754843,0.49504621746011873,0.7161896278497661,0.7779885562311069,0.4018436699267461,0.6954919149659092,0.7038743588308706,0.7059901668287282,0.5970424804550284,0.8192250423578492,0.5222285155667699
2023-06-29,0.6877454411799669,0.6885589315030578,0.6871233055629703,0.6876662970327941,0.07677885659044875,0.7044067217819573,0.7052356978181522,0.48331728129009627,0.7021196222001993,0.760685075624185,0.4049488555807914,0.6955796484709305,0.705398226449248,0.7067799500112308,0.5748525555744165,0.8150762748837567,0.5007892815038609
2023-06-30,0.6947282201992149,0.7037296088815382,0.697700922506543,0.7002590375410719,0.1535834818284183,0.7026383662397487,0.7073597773486947,0.5463694907723329,0.707363620447399,0.7480424671301419,0.45308307897199895,0.6971175620417589,0.7056785093740497,0.7077238991708587,0.5834304123719712,0.8216258452714034,0.5656047741908588
2023-07-03,0.6980358730960387,0.6995359306047629,0.6962459632577445,0.694409988488721,0.04173115335781095,0.7016232005116881,0.7089180208798328,0.5065062299936289,0.7005513261667398,0.7363692737797121,0.4630945197391793,0.6976014124976062,0.7057875016912581,0.7080310366668034,0.568063174305912,0.8185726189548074,0.48315589552045846
2023-07-04,0.6980358730960387,0.6995359306047629,0.6962459632577445,0.694409988488721,0.04173115335781095,0.7016232005116881,0.7089180208798328,0.5065062299936289,0.7005513261667398,0.7363692737797121,0.4630945197391793,0.6976014124976062,0.7057875016912581,0.7080310366668034,0.568063174305912,0.8185726189548074,0.5090162641843036
2023-07-05,0.688618459932369,0.7012547440163128,0.6919965693937021,0.694777086889362,0.08595718031650149,0.7016465940662345,0.7105034843066299,0.5084679453559275,0.6935150451231358,0.7254203494577589,0.4705742630935844,0.698033092716113,0.7058602734899193,0.7082931155201859,0.5718323691213806,0.8230082877226017,0.5106515596088056
2023-07-06,0.6936945831258511,0.7043254028564251,0.6937747504006577,0.7019334441500373,0.16395653375770913,0.7034500290662831,0.7121113506947536,0.5471036882097637,0.6963707239627573,0.7173147794754653,0.49993843564561474,0.6995598596530317,0.7060626456763196,0.7091931894697887,0.5793023069126848,0.829882104901599,0.5408802533952147
2023-07-07,0.6983344643549375,0.7015754905136128,0.6972390111115141,0.6926438072795953,0.10971431159448583,0.702867596976752,0.7138688793814268,0.4785235772146285,0.6827512765946517,0.7077132870265933,0.48448959593528557,0.6980790892470431,0.7110177781419131,0.7108344229606952,0.5674338866126337,0.8247038221334999,0.4680318982696371
2023-07-10,0.6874929128099387,0.6865424592683033,0.675506590009929,0.6802805388157152,0.20011228883374224,0.7021214317533556,0.7153078777436369,0.39667597434966634,0.651857743157309,0.6929615954479107,0.43130194576601744,0.696531052946522,0.7142788130954572,0.7116135331988258,0.5901225993309431,0.8166998276785985,0.4538164577214389
2023-07-11,0.6793616319080166,0.6811111767156399,0.6741439268099708,0.6817485058903155,0.15253243335681146,0.7030266470501164,0.7158320951327566,0.4062069903395032,0.628128727451729,0.6757294633003907,0.4056856925075081,0.6952075858174673,0.7170821070420058,0.7122871011010299,0.5849334582731683,0.8232165437918431,0.5156769391149197
2023-07-12,0.692086759440947,0.7012546268152381,0.6941673958248169,0.6925979555235121,0.17827843570253923,0.7036418170672369,0.716177036742893,0.47437196110946606,0.6240838779593436,0.6610180266760834,0.4317176707461457,0.6951548247994943,0.7184387634221061,0.7129215385491261,0.6032381465302753,0.8305380431750078,0.5581492132685656
2023-07-13,0.6988857382234109,0.7060441537318428,0.7019042185122418,0.7051218117656742,0.10465740973555121,0.7052347318243274,0.7170934175731642,0.5437055966593511,0.6379703080904249,0.6524270172739557,0.4949251572480733,0.6966869941448771,0.7188248499932647,0.7139141113499529,0.6018482782659069,0.8355582544118824,0.5649363815308219
2023-07-14,0.717330265216491,0.7236668183589307,0.7141215625627254,0.7110396739961468,0.1654518961820235,0.7076182718822959,0.7184419781172924,0.5738860821989042,0.6560295387931933,0.6496873642829396,0.5553538688309915,0.6990706354126537,0.7181811030222357,0.7148509488885892,0.6160892397188803,0.8424788144849955,0.5350189973923117
2023-07-17,0.7129430033401136,0.7134918983903037,0.7092484553539996,0.7121635751801386,0.10306990487464726,0.7088322574513816,0.7194944137786824,0.5796997657748735,0.67010015225346,0.6507159351977437,0.5942694466194586,0.6977059489991924,0.7190727661695607,0.7145698946867933,0.6015929679675268,0.847449402586759,0.513917714224959
2023-07-18,0.7132875856725847,0.7588433088605969,0.7091792267658457,0.7437255070759922,0.4495777846147118,0.713861291733272,0.7214224128288484,0.7137496174439495,0.7256609530483331,0.6642548028889399,0.7234670313506996,0.7088690180239349,0.7112379618724815,0.7166048436869266,0.7261742358837041,0.8632513322212999,0.6464660572011998
2023-07-19,0.7498550664920957,0.7489434826023764,0.732897865658617,0.7336101120680897,0.25431624845973766,0.7178213558365771,0.722954247554712,0.6353731906675082,0.7517861784332064,0.6810650882622702,0.7572519423510831,0.7150569659217062,0.7087215959354404,0.7186243749867705,0.7402406566956874,0.853552999387778,0.46665064026154834
2023-07-20,0.731066030493466,0.7386540782778731,0.7165696213826153,0.7147784759487634,0.2078194570467881,0.7191312499047791,0.7240098878912606,0.5084985736170802,0.7417296919245115,0.6922117227964877,0.6987617224743433,0.7167728675704661,0.710110412791299,0.7202027689450073,0.7712715967203283,0.8453080898598089,0.42916543931751
2023-07-21,0.7209135329950197,0.7210772997867351,0.703774977974774,0.7076678993561772,0.4860193374177941,0.7206633573685522,0.7256417620586885,0.4657688972683592,0.7206824463831979,0.6963120191292326,0.6259920757504013,0.7174306349875282,0.7103895695830753,0.7206842348742845,0.785251018966743,0.8283670493205145,0.4781520205143593
2023-07-24,0.7133335806840863,0.7133316028344342,0.7095025322234865,0.7107414598616214,0.15237547886736644,0.7237696618460513,0.7272304177586508,0.4815114372824257,0.7062453217773035,0.6962880807320857,0.5833998674686414,0.7184425783022336,0.7117530040044743,0.7218807770507164,0.7574183679689956,0.8348788592605386,0.5224776984831627
2023-07-25,0.7162276989380749,0.7247210123406602,0.715876804870911,0.7242058102634428,0.2691902241559987,0.7280993180136379,0.7291664210555175,0.5471101895262962,0.7124368465806192,0.6976859631767365,0.5980834374881338,0.7199297265097375,0.7155915999639803,0.7245347494739128,0.7469658796217129,0.8450421313353769,0.5677578188152079
2023-07-26,0.7032038361583034,0.7081752438212628,0.6882548502139573,0.6939051926438428,0.3999543973025692,0.7282326257528856,0.7296402094580645,0.3769447466014621,0.6703398981527556,0.6891696841389768,0.4956969201210917,0.7197063093343,0.7166093468295266,0.7249142123391057,0.8142216014252921,0.8307913579296476,0.37903323673377776
2023-07-27,0.7009989156768682,0.7005212734863778,0.6788783858533233,0.6777344512252121,0.2535541211876067,0.7254397528602536,0.7293544898479971,0.3054324384104011,0.6116754323936922,0.6689303247357011,0.37462915523056717,0.7205089229356666,0.714499774606765,0.7243058581851581,0.8377393989065286,0.8211168481063904,0.43693431276517386
2023-07-28,0.6853567180445669,0.6974963929062173,0.6883936295014436,0.6952815983822647,0.16648420381906975,0.7238327961709796,0.7294369234193784,0.3935875691976844,0.5902995780171832,0.647846618335229,0.3659093307002099,0.7203573408792778,0.7154694682942777,0.7246995700191287,0.838752765439499,0.8280696766421779,0.5889009714011437
2023-07-31,0.6928217846308978,0.6922027197019847,0.6888323548827936,0.6896619502863175,0.14275440292481958,0.7215381545200152,0.7284621167970303,0.36804516235323576,0.5643027946931648,0.6250298580908284,0.34801156417661494,0.7203466008182063,0.7143584681148961,0.7241516995585454,0.8098844791509778,0.8218586077979254,0.4840108036776887
2023-08-01,0.6888481603702794,0.6941278022987911,0.6896177712389201,0.6906254058680152,0.0870464913253362,0.7161231809580075,0.7279827202129555,0.37303887696278976,0.5446658853773328,0.602282217441931,0.34872538295775213,0.72038658533314,0.7139145696324228,0.7239560362622381,0.7818940624913101,0.8263283268723995,0.513334570133605
2023-08-02,0.6852648356671724,0.682875804870505,0.6726658373763363,0.6703486219201392,0.16083384219904953,0.709671982394324,0.7271383676813947,0.2826302767511913,0.49899035136290976,0.5736305012527361,0.2877522251253433,0.7218433095045687,0.7097603644481164,0.7226930822039873,0.7917023287160547,0.8195521205725509,0.41824715352892194
2023-08-03,0.6677390747615689,0.6742821642811238,0.6717189694058554,0.6684218529327316,0.08659202608724173,0.7049446865446872,0.7265861391494212,0.27463410674426564,0.46042828657861634,0.5418835600698725,0.25578690883193733,0.7228768925602337,0.7050990110913788,0.7209605296191377,0.7586726522678988,0.8150966074324765,0.5001582592905806
2023-08-04,0.6812452825503224,0.6863362945802277,0.6746983207902105,0.670990973033267,0.12944450604626176,0.7012044943067028,0.7256313468644227,0.2904129006444099,0.4344925332558295,0.5105501797277666,0.26005787559798055,0.7236553270428806,0.7019682316372081,0.719841075944153,0.75969256250633,0.8208916279058641,0.5208577455453388
2023-08-07,0.6731828993063026,0.6771008911782627,0.6753449096779153,0.6763352973287334,0.08259241964476749,0.6976958670866528,0.7252383847348801,0.32380369844598983,0.4228271861180871,0.4828136672453082,0.29720380813419595,0.723841761696932,0.7013498284694873,0.7196371065685478,0.7265812989486383,0.8252221190596921,0.5335649284258744
2023-08-08,0.6699441925713742,0.6716926796578079,0.6649059623498523,0.6670226990362529,0.11840381188574964,0.6918645216005908,0.7250342975274043,0.27850310902962644,0.4009143946795775,0.45560935142760894,0.30269996261541054,0.7247394639413176,0.6988245737580163,0.718875780895781,0.7203510948173883,0.8197722149204587,0.4665416189069478
2023-08-09,0.6688186679827108,0.6679343323976021,0.6604023536508647,0.6582606061687459,0.11876066861050769,0.6882296039827247,0.724046684606415,0.2384019462112668,0.37203251199628595,0.4272358008001789,0.29062492426092745,0.7262837372020527,0.69352657386824,0.7171005365334433,0.7072529614947404,0.8143111559495747,0.46855483525373004
2023-08-10,0.667785099389347,0.6705698482302829,0.6607026863160042,0.6598662706875836,0.10111617287170493,0.6864074657379506,0.7230126559839978,0.2498574235495254,0.3532710257343196,0.40024308293311733,0.30488519807745484,0.7263783313057802,0.6886309315194334,0.7147608205776959,0.7021946312796818,0.8192206731787125,0.5165187710509225
2023-08-11,0.6545545582224565,0.6571636395606071,0.6561527903405793,0.6554621561998006,0.134239036221348,0.682346810075028,0.7218889907122884,0.22859800986800333,0.33381181358272527,0.3741953451299428,0.3146442904519682,0.7256511419997523,0.6835255920834095,0.7118874574033482,0.6740963147423527,0.81327578253829,0.4884825390391642
2023-08-14,0.6571502797173041,0.6609449724189876,0.6581622087969857,0.6624123582780866,0.09113980194061344,0.6795679863638993,0.7205684462718115,0.281488072926199,0.3307303466131192,0.3526519100529909,0.3611615748560025,0.723680415008159,0.6803746789361731,0.7093153145622603,0.6498154385182039,0.8178734526576495,0.5416146789115177
2023-08-15,0.6608482784862307,0.6633052922031639,0.6600559665069999,0.6574118866092469,0.07653913008169444,0.6761809809798032,0.7192775103509705,0.25485936093569733,0.3229356592034247,0.33363321847174643,0.3872353577199606,0.7145112865021135,0.6810915568765817,0.7048528918358166,0.6287314538666833,0.8137321786919087,0.4857819495445559
2023-08-16,0.6573550905245876,0.6633440181118583,0.659079261811136,0.6556190474023984,0.10568581303206401,0.6746789074473859,0.717911209995128,0.24516711219738235,0.31625565756037144,0.3168894360162725,0.41072902615852486,0.7063986798552111,0.6815539057374708,0.7008207460685352,0.6122166153240997,0.8086798210364698,0.5006295485776117
2023-08-17,0.6567566957716559,0.6574879783472307,0.65077061388377,0.6475280251975659,0.11004539967172305,0.6725482236591963,0.716012898837357,0.20215253541950756,0.3012602396469312,0.30006245990359776,0.4098698603235805,0.7022944812586691,0.678843540828021,0.6973438911043601,0.6041399687730664,0.8034911889278459,0.4710751645463332
2023-08-18,0.6428305948951617,0.6494731847956398,0.6399854196797845,0.6466085019961152,0.13735860430758084,0.6700617795086387,0.7144066372672115,0.19730987467864664,0.2904703350031647,0.28413143034213556,0.41912256891506516,0.6987928617376717,0.6761410070278826,0.6941871142136553,0.6048063647989956,0.7974487850435626,0.5046564612551263
2023-08-21,0.6507489335566482,0.6595548008377866,0.6526916064738892,0.6590210344397871,0.13177539734473612,0.6682961279626637,0.7136648517035207,0.3061075231991944,0.30271027988616395,0.2741879211277365,0.48095748627925633,0.693065298632183,0.6768214332394551,0.6915131630970682,0.6016562526060694,0.8033166658505984,0.5679431069234488
2023-08-22,0.6681736219898771,0.6671561022889433,0.6629211566904438,0.6603541475899072,0.06965421598499486,0.6676160910332156,0.7129183608234395,0.3171292800995122,0.3165558130297925,0.26940189369951695,0.5342203466237998,0.6814116481390714,0.682589453163142,0.6882120258131168,0.5870751434752889,0.80724272723283,0.5152388660396489
2023-08-23,0.664306573363733,0.6743211596017348,0.6675499286585342,0.6707897940104526,0.10933637143084712,0.6688937763741635,0.7121574315423531,0.3998726060323348,0.3448916805779285,0.27205820510869305,0.6110796106148448,0.6778494925158617,0.6839714254592184,0.6870169574144719,0.5883322605073302,0.8124091961310845,0.5576393530775775
2023-08-24,0.6850918648604777,0.6830017883549242,0.6594494761780368,0.6546305688468382,0.12585173188737384,0.6683598567318043,0.7103956936190355,0.2943753463496693,0.3451353729512032,0.27423902727826766,0.6061690907111016,0.6767505669838934,0.6827057675072522,0.6858224844073518,0.6333310865255337,0.8067264806476852,0.43477047642984284
2023-08-25,0.6588973501835949,0.6655026606310323,0.6567648796949817,0.6615494922077961,0.11337892561918939,0.6689806232237032,0.708668884670629,0.34713168335888295,0.3573155989255833,0.2787713317857844,0.6304535536643371,0.6714847711368545,0.6847951322176178,0.6840785311773774,0.6300277983677203,0.8120193140173958,0.5415046649810882
2023-08-28,0.6685419518091548,0.6673169042395002,0.6635229537504033,0.6632044917944194,0.05968955807550371,0.6690614023926867,0.7069606067811318,0.35969915883907394,0.3709655683185583,0.2855211973265556,0.6533549711615838,0.6670156512714417,0.6867983898488004,0.6827106779530573,0.6120940235984331,0.8156338944221789,0.5167150325986506
2023-08-29,0.659840991058171,0.6738158679632875,0.6638931506808905,0.6740307667415957,0.09464199539912513,0.6707561410937368,0.7045288213861824,0.4383322296234124,0.39910279189383807,0.29736076014243384,0.7059178005420905,0.6625520391458924,0.6898404932635012,0.6818527334667245,0.614076667707786,0.8203410381081757,0.5592661808028915
2023-08-30,0.6754703612013171,0.6757219659126458,0.6744700096820265,0.6749042960109753,0.06291922856478005,0.6727227872766354,0.7024804609876599,0.44444368590802424,0.42362890207478826,0.31244561757338934,0.7394329307986727,0.6633554993982227,0.6894590697723655,0.6820882622684047,0.5898141075938352,0.8240565734007206,0.5130125832943423
2023-08-31,0.6766902889186385,0.6782480789991031,0.6752336998856976,0.6725367103732239,0.15028978015439326,0.6752730906840876,0.7010065634153237,0.4252976988577664,0.44027848705900935,0.3283240372415548,0.7476282858900822,0.6639517543410616,0.689253770117581,0.6823010008056046,0.5726589613973521,0.8176099594242389,0.49819728880046343
2023-09-01,0.6815472263603651,0.6807283958446683,0.6752338472419139,0.6746055842604924,0.06073201699793695,0.6781281409914527,0.69985295477015,0.4416070022075161,0.4570934700997262,0.3448751607885036,0.7545755004871139,0.6645551177600518,0.6889878352306836,0.6824878765640354,0.5642669891261314,0.8212571256063822,0.5184999491428691
2023-09-04,0.6815472263603651,0.6807283958446683,0.6752338472419139,0.6746055842604924,0.06073201699793695,0.6781281409914527,0.69985295477015,0.4416070022075161,0.4570934700997262,0.3448751607885036,0.7545755004871139,0.6645551177600518,0.6889878352306836,0.6824878765640354,0.5642669891261314,0.8212571256063822,0.5090162641843036
2023-09-05,0.6762299308944135,0.6872962513916594,0.6795848093911622,0.6858455913323261,0.08893619214352982,0.6808636210203278,0.698984289370241,0.5242262279495891,0.48733750664028086,0.3650379091063216,0.7918738320688521,0.6668840803150855,0.6874907960668207,0.6829795597059001,0.5633144548096831,0.8257859140300786,0.5603991756252755
2023-09-06,0.6863119931068279,0.6864007058858789,0.6831027820361132,0.6843056832078712,0.08098617394930294,0.6833061197950998,0.6975920961320595,0.5096573195039662,0.50895847013109,0.3861164239253471,0.801331227224901,0.6697681226305925,0.6862202095048379,0.6838730916992417,0.5490990337105893,0.8215056318230896,0.5020798833914454
2023-09-07,0.6815011267994734,0.683231462984736,0.6804411521821366,0.6774787477110553,0.0875860711870601,0.6839882372792906,0.6970189454368014,0.4462867565365323,0.5157996500725557,0.4045449532984225,0.7739640331999136,0.6713155959117514,0.6865919022076481,0.684866671520302,0.5342936275785689,0.8170190462526185,0.47820304517536355
2023-09-08,0.6787389013509251,0.6903046397557107,0.6814363026186945,0.6875005909189494,0.09655902660105295,0.687340213950784,0.6973597050946797,0.5208915875450542,0.5357684709290588,0.423857972712419,0.7830984269755664,0.6745932899076789,0.6859945169498457,0.6862953686131065,0.5390416767926518,0.8217861135966071,0.554656843630831
2023-09-11,0.6951969572993079,0.6954948248431548,0.6952533699139609,0.6959366031583115,0.07354840523306572,0.690846898353165,0.6973825594885745,0.5762511766177933,0.5634620968952458,0.44564653395520126,0.8086640894771809,0.6792354467294437,0.6852900026721136,0.6883879015293626,0.5256532138903041,0.8258339017741162,0.5469336910273775
2023-09-12,0.691928269614139,0.6917513954537317,0.6861113911293452,0.6817540507538419,0.08121809177699033,0.6927385213268908,0.6971066374534896,0.4508445709447854,0.5636195397189202,0.463113416351442,0.7640328166195371,0.6806542201893208,0.6858131812991045,0.6893878689459182,0.5293436704405763,0.8215463701469953,0.4459621000869734
2023-09-13,0.6815470312128256,0.6918891326205512,0.6853938881828411,0.6916150218314783,0.0732446475395627,0.6945317057889387,0.697141167084205,0.5162267918432148,0.5775702092632825,0.48027976442114867,0.760929108545217,0.6834060421592132,0.6864771305194705,0.6911561744243115,0.5273260258877854,0.825584663292749,0.5536724526087502
2023-09-14,0.6995933124005965,0.7010980595838805,0.6978917023008385,0.697683448433089,0.10231324367926312,0.69685464878386,0.6980949324841295,0.5533193075779204,0.5965895762225165,0.4983657405175811,0.7704263828327726,0.6868015198225691,0.6872816644666934,0.6933309081235649,0.519310744623513,0.8305315992460017,0.5361468002175462
2023-09-15,0.694460364533089,0.6931523030113378,0.6818760923902849,0.6781913337621834,0.238284245361253,0.697431288666982,0.6984358087207482,0.403364475251945,0.5817628544519652,0.5094411801572298,0.6980264714576909,0.6859664103397851,0.6914278693893723,0.6949162042131829,0.5415307994299452,0.821334403936811,0.4225507780402484
2023-09-18,0.6734677271800282,0.6770768823598435,0.6742616530201487,0.6755248941979614,0.07550760331275486,0.6975250368688392,0.6985940060713266,0.3853713183111778,0.5653387265751754,0.5145425977446886,0.6363309550307248,0.6842029999671264,0.6963872777156075,0.6964111845538348,0.5271963299210246,0.8172253740249225,0.4968844043027564
2023-09-19,0.6697157835200641,0.6747574345304923,0.6699800260425397,0.6745824095744721,0.07294401331848643,0.6963764546617358,0.6985328443994508,0.3787454163493416,0.5503862436865429,0.5152016080590359,0.5904528835239334,0.6836963226335389,0.6985805530565028,0.6972157091894627,0.5197485291700541,0.8131964782756358,0.5047129978096504
2023-09-20,0.6774038757971337,0.6752167385041801,0.6607224886723628,0.6564694730737517,0.11144549618702104,0.6935378095647637,0.6981646217668378,0.26415388900084164,0.5114987584113165,0.5068287702012597,0.4971782801828153,0.6841172584718977,0.6977163934067789,0.6970148711322478,0.5421466180598329,0.8079640811491791,0.4262116932087412
2023-09-21,0.653810346125201,0.6654797237873603,0.6479701804765626,0.6536192710452273,0.22173452670803187,0.6911046986589529,0.6980026765337788,0.24820382197175955,0.4767540137387127,0.49217858871656806,0.43235027093398787,0.6852291943356615,0.6947017924031819,0.6961271533944144,0.5718089879094589,0.7992842064133008,0.49566627351211745
2023-09-22,0.6585520590686471,0.6565234484314444,0.6506317089923364,0.6478268080360426,0.1115345151511839,0.6870588968520158,0.697582596204925,0.21602179848305075,0.4413227777343866,0.47234941740088315,0.37886529056368523,0.6861584515674884,0.6929817872617541,0.6957753982866666,0.5641060689904885,0.7940490266811369,0.48177980458954606
2023-09-25,0.647664585072046,0.6478428749407864,0.6479702880616603,0.649045185163964,0.08333034000559103,0.6822770643705687,0.6973586955723968,0.22737958670119557,0.4160706843486936,0.4507067198703504,0.3601364617442703,0.6873261658252924,0.6904014969121118,0.6951289243741012,0.5385971608691842,0.7984025841717479,0.514790676524958
2023-09-26,0.6443037868574375,0.643731981825658,0.636444394429807,0.6366325816322983,0.14940427572140502,0.6776757254500432,0.6964591888946834,0.1599741809668332,0.3790297757330212,0.42491513543804665,0.3172896630941042,0.6901883255049274,0.6845088925304342,0.6937551539870955,0.5487616048015131,0.7919836497994058,0.4502858058192588
2023-09-27,0.6377896714641913,0.6401035542319348,0.6356807254101158,0.6381267090886639,0.09562198487302306,0.6722211633533666,0.6957862914449111,0.17486918804131008,0.35363207400326335,0.3984691825291846,0.3105318036918289,0.6918299619843804,0.6789402310556767,0.6918989106505794,0.5378888210560823,0.7967214265570033,0.5162080585582193
2023-09-28,0.6347742614547518,0.6428134122588264,0.6351252506180058,0.640080491513764,0.09775765914482451,0.6663470033853861,0.6952441209297863,0.19510970098716113,0.33832214565806873,0.3738084891240827,0.32896871371298564,0.6925720393939513,0.674453347384301,0.6900985165091996,0.5377036900836488,0.8015259614427508,0.5184010066118865
2023-09-29,0.6503345665778941,0.6519763836586113,0.6479238968867316,0.6449305409874533,0.13261326882321617,0.6629551772037154,0.6951534896406035,0.2453579746776216,0.33535073650991265,0.3533998781237756,0.3728812432554001,0.6926733663617968,0.6714200629496722,0.6886712748179005,0.536135900044741,0.8074200329157846,0.5322497171491235
2023-10-02,0.6469507703117164,0.657533766005446,0.6483866034993515,0.6588369165355151,0.10467927404253857,0.6612533921639546,0.6955801628692808,0.3721269493619845,0.3554023267329095,0.3416621283816482,0.46242782653154735,0.6920109045682649,0.6704620703080596,0.6878560331348247,0.5408222143552882,0.812440927599675,0.5751875584925183
2023-10-03,0.6574241271530136,0.6563856688296642,0.6391985866783487,0.639505887258849,0.10829859771705402,0.6576764038595004,0.694899241329618,0.24798153298023778,0.3443698623858521,0.32974696610470583,0.4605956341056733,0.690620951955892,0.6670479993260346,0.6854602658448427,0.5722537675005497,0.8073068980258487,0.41876192971371895
2023-10-04,0.6417718414234936,0.6532854124025825,0.645655780261505,0.6523090482291518,0.10585135707068263,0.657252137426335,0.6946185321249846,0.34763017019164494,0.3563801576682132,0.32296359159716204,0.5135931446372209,0.6884839842558023,0.6659565972467828,0.6838060366475657,0.5739412959433668,0.81236443035155,0.5703968571689206
2023-10-05,0.6534191006758139,0.6531477260792881,0.6477388194187788,0.6532285714306024,0.0765336640049476,0.6572122951654777,0.6940057868248051,0.35444034185341905,0.36882573655050355,0.32038526917789534,0.5570199780037703,0.6870434277230643,0.6649368874411045,0.6825523001321817,0.5645505691300923,0.8165055334555369,0.5133476363914328
2023-10-06,0.647572266694111,0.6742980788912855,0.6509787488792107,0.6713873596874061,0.1445316587356496,0.6596149226821139,0.6945904639329599,0.4763901810545543,0.40683014574389487,0.32702055074106984,0.6521716280787611,0.6848691679467582,0.6655681167716282,0.6817192444816915,0.610340710997629,0.8227721567786447,0.5944452660523052
2023-10-09,0.66644718730293,0.6768471774756597,0.6669018462044026,0.6772718105607327,0.0993787413343162,0.6624933810426646,0.6951390462788007,0.5107186917243218,0.4463701555130487,0.3413781631560197,0.7319224535290159,0.6814808517118293,0.6672346025220495,0.6807542728558764,0.6125881061963565,0.8276273643788489,0.5360317073303471
2023-10-10,0.6807415052216099,0.6786844913650507,0.6772936220165238,0.6739849149855125,0.10457854205677539,0.666302449066749,0.6955151962657538,0.4855137854032587,0.47317126715860935,0.35899813209138015,0.7656137871962265,0.68036808697378,0.6676082365298789,0.6803526077672154,0.5889204916174032,0.8226096184329956,0.4940432932711113
2023-10-11,0.6813169332027413,0.6826344162806405,0.6806957632532081,0.6832482492982015,0.1007218344778257,0.670903795236594,0.6958368122062366,0.5406581711778606,0.5081482087410492,0.3810991605528668,0.811891032105791,0.6786760127288278,0.6685415270358878,0.6799200447986182,0.5739228760258769,0.8275068092070271,0.5513977732258237
2023-10-12,0.679843802787212,0.6844945527059743,0.6797236781375635,0.6803519822496121,0.09486454280953222,0.6750105493232413,0.696026892602086,0.5168306910323623,0.5312448732465949,0.40406603814443587,0.8208329156076586,0.6747594078892403,0.670917350583687,0.6790240062804618,0.5633468450367282,0.8227927090067625,0.49592593777002253
2023-10-13,0.684010105153361,0.684953835546996,0.6742616933664926,0.6724678261071083,0.10860235541055704,0.6778187110310386,0.696024489095717,0.45377686954424507,0.5374330406052956,0.4238558049731625,0.7880219404309973,0.6738845802266682,0.6712518108512763,0.6787281003678506,0.5713938289205694,0.8176491844011811,0.47324647523329
2023-10-16,0.6809486597730136,0.690258774679429,0.6840747877657536,0.6837539692870008,0.11707945957680074,0.6803596700654476,0.6963436940886346,0.5250957111009495,0.5585035417430633,0.44450995215980815,0.7969486554824741,0.6753573359644756,0.6705397796067782,0.6791535443649437,0.5854268160975405,0.8230576911783148,0.5607564955604794
2023-10-17,0.6775880068272386,0.6841041250468274,0.6766918288989624,0.6824207139608929,0.08725420224171618,0.6847359828543731,0.6962241934386374,0.514009807178549,0.5724302477143726,0.46422062760061417,0.7872051399605504,0.676654226951939,0.6699754712965749,0.6795587854780102,0.5819856298723887,0.8185814793571907,0.5029943043082997
2023-10-18,0.684263235505363,0.6889956288715691,0.6787515939141463,0.6779384026797898,0.12485378244702203,0.6873495800717863,0.6960020266048212,0.47611418434047253,0.5759688710824917,0.4807990406132329,0.7548573269790171,0.6785952337609404,0.6701624012190859,0.6806687312648784,0.5874450051453557,0.812929958348298,0.4887354918378857
2023-10-19,0.6834806592958066,0.6919581404470359,0.6847922375398274,0.6807197915301925,0.1396785634525615,0.6901530442204431,0.6961151129437035,0.4956169217419532,0.5820135411236006,0.4954451940371932,0.7349023030183107,0.6808190823519548,0.6706417299154429,0.6820698308579276,0.5888852421082753,0.8190448808427214,0.5216753426424516
2023-10-20,0.6824909431628623,0.6805676609023517,0.672155696088413,0.6700313562032414,0.13948803163452875,0.6900147634479078,0.6955055772794803,0.4064394921025533,0.5701381202269862,0.504444229702959,0.6765828252239516,0.6814213883390935,0.6723461643744,0.6832178081972619,0.5881285260835705,0.8129359141008642,0.4605471037454166
2023-10-23,0.6681045853993245,0.6824277714464435,0.6697024080533043,0.6761226020509028,0.13438896289783278,0.6898975709462665,0.694814228143558,0.4523004996471625,0.5690416349093277,0.5113925093810439,0.6554040534316243,0.6825325871803286,0.6740195407004074,0.6846177133320049,0.600477548619183,0.8188854912351093,0.5370316015945873
2023-10-24,0.681524076701504,0.6803838287079671,0.6771315613656981,0.6789038487253175,0.1873232309823477,0.6903991876202157,0.6947147790368913,0.4728701122393218,0.5715335432573465,0.517521447687193,0.646942469488689,0.6825813425297733,0.6784449071249542,0.6868031420271682,0.5833283757167279,0.826489718003415,0.5217050600637032
2023-10-25,0.713104923537406,0.7133613160296113,0.7003217781605345,0.7022116825582692,0.3739522702178466,0.6923330161330083,0.6950845171931281,0.6157830860101903,0.6070038774819753,0.5305425727363602,0.7181201478947646,0.6864443248420135,0.6810793464577011,0.690116341502383,0.6471803029727524,0.8399277020456106,0.6149636080022848
2023-10-26,0.7027929980053499,0.7028665283044555,0.6756041792552536,0.6728357064756824,0.2394453962359034,0.6915665310666018,0.6942175310231592,0.4033397926351769,0.5904078660095674,0.5371612002392016,0.6519996366057,0.6850463727278803,0.6860524034565868,0.6918097893599192,0.6996314194530875,0.8306942108181168,0.3794602890535286
2023-10-27,0.6795216502182562,0.6915908070480793,0.6789831889259605,0.6772489913146821,0.17719459077045135,0.6920540985590479,0.6941846508575991,0.4293789793440465,0.5829135724520093,0.5407409088380832,0.6206158101782867,0.6840501198087283,0.6905472241853511,0.6934806564425859,0.707435888649079,0.8379818307563557,0.5292386659950229
2023-10-30,0.6863809740257728,0.6978601226087768,0.6869214523987307,0.694488398546023,0.12231205675974097,0.6931487603265121,0.6948463245031197,0.5218246327336487,0.6015033819741011,0.5478592620124424,0.6571604534066363,0.6864667250047526,0.6917250742898603,0.6953238415933742,0.7203361695511156,0.8435539010496623,0.5875502202611008
2023-10-31,0.6989028879088456,0.6968267297081834,0.693540715434162,0.6963273027729364,0.10229996892144938,0.6945669084852129,0.6956050462293366,0.530972774111875,0.6176628689440398,0.5572523112145324,0.6806519211178691,0.6855001954249598,0.69878353121504,0.698261514402922,0.6951142883442853,0.8485004220529411,0.5172071131517855
2023-11-01,0.701066523256923,0.716163056057917,0.7050200308954251,0.714624143913947,0.16393779292314853,0.6983079996388353,0.6976341760965081,0.6147773096902795,0.6559443655254029,0.5735281061201288,0.7517320990789883,0.6905996324769805,0.6999008578956062,0.701483211021377,0.7065916134604509,0.8553736534202104,0.5903212375942241
2023-11-02,0.7182149917416584,0.71940104502113,0.716869743781597,0.7197960087361457,0.13418125198145284,0.7022928636647011,0.6999432115191245,0.6360442631275773,0.6918143164048618,0.5947581753495474,0.8028963750489806,0.6957955163491893,0.7013649204697463,0.7049247541227677,0.6806066011161018,0.8613167378078056,0.5314696705034436
2023-11-03,0.7237163329538632,0.7321695201348333,0.7227945712194493,0.7300936733604779,0.1286339649515159,0.7084178210956766,0.7028136628706091,0.6765073914033513,0.7329263551507017,0.6211514028071768,0.8562178577118749,0.7043922684152635,0.6983391088589803,0.7079598763538109,0.6774164661452857,0.8670864219239648,0.5534342998367994
2023-11-06,0.7325092450190581,0.7394033946484515,0.736727259011754,0.7386674541320712,0.13012229956287005,0.7147959392678567,0.7059407585982519,0.7078411960031155,0.7751410296655219,0.6519275133347171,0.9014812049300257,0.7137822485184386,0.6947451751735122,0.7111340372069397,0.6582615558333924,0.8729026292548421,0.5455288718901342
2023-11-07,0.7462049580785381,0.7507020160441289,0.7466328495383651,0.7478618330906507,0.1457833903106762,0.7218280475639426,0.7098217640785764,0.7393494893589343,0.8186514376436436,0.6865064804161694,0.9407544444563616,0.7237831464895629,0.6918164286204476,0.7149534811895845,0.648780302276374,0.8792083799196041,0.5477621303354999
2023-11-08,0.751453172521002,0.75394014923751,0.7533909350355494,0.7539992150463709,0.1530759175590688,0.7271091696877278,0.7138647817627254,0.7594300588769689,0.858184215400302,0.7232173860797102,0.9627716132353596,0.7337115183479065,0.6886345413161853,0.7186113131257863,0.6218996607488482,0.8857420845729557,0.5345927462913004
2023-11-09,0.7528802941840321,0.756052952096676,0.752951203515213,0.7482297134592248,0.13807934557005716,0.7347976023886501,0.7176383190072902,0.7084905347111177,0.8766346136914602,0.7568087903329063,0.9305555871101625,0.7407429998808512,0.6882634817043601,0.7221205985517859,0.6045466798440137,0.8796771513459732,0.48514961430782966
2023-11-10,0.7510157649924988,0.7682471917054214,0.7545944087105544,0.7688711077279544,0.16302651984263947,0.7441409242804456,0.7219628470648625,0.7766410758333127,0.9172086672531856,0.7929679589755434,0.9570736596390808,0.7510429234947947,0.6873993939633777,0.7271046577591547,0.6231909188012225,0.8865218976179772,0.5949975506763565
2023-11-13,0.7665071321995436,0.7645040656177681,0.7657730626030821,0.7619983915630493,0.10012290863999326,0.7510253711843548,0.7255623520933587,0.719003904534846,0.9341793652538124,0.8257793196537986,0.9224998432961795,0.7585526520146242,0.6876121921102347,0.7311499021399834,0.6011387378386597,0.881643428410414,0.48108354375951495
2023-11-14,0.7729291315818373,0.772495769152174,0.7691288908790425,0.7702502858981395,0.16022945028447028,0.7585637937135301,0.7301242791133458,0.7464794970388915,0.9547128949113817,0.8567278470890103,0.9032618060169643,0.7665788101955289,0.6882849993440529,0.7356906997075887,0.5911312328363576,0.8884007422820402,0.5428278404227479
2023-11-15,0.7752851181509426,0.7769447280964676,0.7702978058825204,0.7705957735486265,0.1537966588215451,0.7642715962939277,0.7342515336187526,0.7476383547963328,0.9661731863188504,0.8841095468404131,0.8664261073810818,0.7731830326551833,0.6909983030062402,0.7404810949580916,0.5871587034584169,0.894956976278091,0.5104181512430707
2023-11-16,0.7745470686762086,0.7843544504521494,0.777417484352102,0.7855670472457206,0.15631261586130535,0.7709787103402872,0.7388690810998536,0.7953653481916763,0.9919093110068111,0.9119050457126334,0.8706995349367277,0.7816800075027343,0.6929674979739278,0.7459017084624281,0.5880857081492986,0.9015918554986021,0.569740630505814
2023-11-17,0.7806592083914556,0.7797981358261793,0.7700427535961513,0.771010358729211,0.25762791010021663,0.7751512592521786,0.7423451218011826,0.6720299071022948,0.9851001409472109,0.9325830532850312,0.7971950688382103,0.7850608373833866,0.7000286079086172,0.7511223328937611,0.6063609062203982,0.8917900048510092,0.4509937077159965
2023-11-20,0.7751467826242616,0.7901533087309481,0.7793191643338792,0.7884921760198443,0.3537379375399219,0.7802322204108014,0.7462258172316658,0.7319038310372092,0.9999999999999998,0.9525355392607603,0.7897023898366333,0.7907500134539084,0.7058140264293794,0.7569318509967932,0.6222815257716755,0.9045961177182809,0.5798890337307776
2023-11-21,0.7854105769319495,0.784055209819288,0.7795973581928666,0.7784268269596666,0.16600162732913437,0.7833491378922842,0.7498699992020805,0.6556433363942615,0.9912156108172385,0.9664870748527435,0.7277287764580107,0.7933692663689911,0.7135398663342641,0.762077198828048,0.6181822614181349,0.8976583738344849,0.4690310566268148
2023-11-22,0.7907847251237905,0.7922703754519588,0.788525956850557,0.7894365089311757,0.12635070660754977,0.7869629164940185,0.7535751146476879,0.6944409198971127,0.9949774800091471,0.9785092694965006,0.7078038941719,0.798639094416087,0.7171126500260024,0.766586730990084,0.6171731942351247,0.9033566865551376,0.5532652093649608
2023-11-23,0.7907847251237905,0.7922703754519588,0.788525956850557,0.7894365089311757,0.12635070660754977,0.7869629164940185,0.7535751146476879,0.6944409198971127,0.9949774800091471,0.9785092694965006,0.7078038941719,0.798639094416087,0.7171126500260024,0.766586730990084,0.6171731942351247,0.9033566865551376,0.5090162641843036
2023-11-24,0.7892393163046219,0.78808224650591,0.7889202002955776,0.7884690724218179,0.023520528241656825,0.7910663938881791,0.7573475307520269,0.6869164634556595,0.9909073636690231,0.9871955115679585,0.6733525120166555,0.7990325771975262,0.728938559570411,0.7725649874615759,0.5890304009143712,0.9008726983762324,0.5051772343498392
2023-11-27,0.7879707772643438,0.7942263250258854,0.7913784332858342,0.7911869086056494,0.11724500361541934,0.7933420858175496,0.7614898710425074,0.6970436587444846,0.9861686381835748,0.9930599692871209,0.644211099189665,0.7981604937929814,0.7419458048771815,0.778455589069682,0.574157770185484,0.9062863798236287,0.5198133196496365
2023-11-28,0.7915919910783238,0.79965700389057,0.7959238557323299,0.8006073473849178,0.10376643922581613,0.797279300065283,0.7655671132683283,0.7313176201240494,0.9908198640235576,0.9988160456550593,0.6430918124886144,0.7996151061513164,0.7516227596620336,0.7839419492344423,0.5631449070041173,0.9112787405946097,0.5463238832014761
2023-11-29,0.804070222666767,0.8026486064572583,0.7942542497269676,0.7917399021104105,0.1702206577095889,0.7994707404015522,0.7693814729151857,0.656081005939372,0.9758726986704154,1.0,0.5958741378781645,0.7975461693371707,0.7639546617648608,0.7888747900696459,0.567045876153226,0.9042091158455873,0.4742739696817566
2023-11-30,0.7919148689445228,0.7929606792379726,0.7896854933228491,0.7918779549946174,0.18264426928705182,0.8016410272230504,0.7733570460774769,0.6566700773328709,0.9589884428217438,0.9970829214322698,0.5535215417175161,0.7967826233966002,0.7729592428338352,0.7928688197535657,0.5550023837522634,0.9116670849525128,0.5095626464196283
2023-12-01,0.7879246794675777,0.7885194744434132,0.7800380352339114,0.7817435794923363,0.202057431287511,0.8012511225650785,0.7768819630357736,0.5717351141209774,0.925667796919573,0.9871232760075858,0.4807908427988655,0.7939729606351286,0.7825427384460828,0.7960715152968131,0.5646604880217391,0.9036022881220277,0.4689130322690878
2023-12-04,0.7702570059654854,0.768637574703163,0.7605344444180958,0.7693750505169056,0.19442678814892092,0.8010843592155948,0.7803482582504938,0.47968846999027076,0.8765628336753448,0.9679170742277611,0.3852988836936389,0.7908683416814007,0.7900423869342881,0.7981023663861422,0.6016734673847333,0.8957760143000548,0.4594971254015379
2023-12-05,0.7641447754445906,0.7768295703714468,0.7668423204185917,0.7771599678198868,0.1241619333044933,0.7999287379191006,0.7838736489649482,0.5228933938531855,0.845297340233178,0.9453964859667723,0.35107022102591257,0.7885884276096432,0.796571619459615,0.8000924331560171,0.6070186449821473,0.901405909092662,0.5406376821404618
2023-12-06,0.7804978671386413,0.779360972319601,0.7724314763743808,0.7685919451758015,0.1094589677235977,0.7989258090426279,0.7870030415418148,0.4618608591619107,0.8043091337180167,0.9179991843441291,0.3007069403608764,0.7869139633620839,0.8005682062586768,0.8011641820038845,0.602820305439198,0.8962356080093546,0.47452973257839787
2023-12-07,0.7682504251293348,0.7730788809360153,0.7684658264376192,0.7735440059207768,0.12458282121400005,0.7973051438898747,0.7894919654019005,0.491019341094089,0.776059084964235,0.8896158507489975,0.290523892621061,0.7857725221942645,0.8038660422052926,0.8021746496277649,0.5917883518327268,0.9018786591570159,0.5291494959578112
2023-12-08,0.7704876699623778,0.7800052228322361,0.7728952576975956,0.7810986692114271,0.10143398619112842,0.7965535344274128,0.7932694712844326,0.533992859090741,0.7619395412937443,0.8636776920749629,0.31577594696458905,0.7832364637678515,0.8100750176380249,0.8038739778954235,0.5892372889073562,0.9067981107767048,0.5395526869893514
2023-12-11,0.7688270259449825,0.7734240179344137,0.7679556027374259,0.7743500726839193,0.16042388644303646,0.7948365693122816,0.7966575173604287,0.48261203367824296,0.7380111638710622,0.8374507590149936,0.3127936873218413,0.7830524823437245,0.8108532500536964,0.8041572409262716,0.6001565583757368,0.9000347191084024,0.4819770968745187
2023-12-12,0.7742933656231811,0.7799132394692156,0.7780668041971236,0.7814441568619143,0.1380090674404549,0.7928823702112415,0.7996915733317224,0.5245007436698903,0.7270336098744219,0.8139568172283775,0.3410181074071546,0.7822001801328234,0.8138296688013484,0.8051625889180891,0.581132364800344,0.9060974555414054,0.5376639701164007
2023-12-13,0.7862178697747112,0.7873229421045236,0.7787857403313483,0.7814211243518817,0.1857763312629917,0.7918300952158357,0.8026606626994889,0.5243119820994506,0.7158582586356382,0.7926039992803238,0.3631301350830086,0.7820490189393188,0.8151755479968469,0.8057401223724832,0.5838187276986799,0.8985415826494673,0.5089240182829585
2023-12-14,0.7799672392118443,0.7783944207996274,0.763386913275447,0.7619814726204948,0.2819948993695271,0.7887813503364459,0.8043130522448096,0.380856664832865,0.6760926941186077,0.7664207358116941,0.31324467628142655,0.7830495332983455,0.8131871255148465,0.8052947621613573,0.6098819542653757,0.8879780547115934,0.4311577896698411
2023-12-15,0.765067401922587,0.7752648586123225,0.768372978307975,0.7730372196120684,0.5570541282154197,0.7878935044095932,0.8061707419125849,0.45208999243520526,0.6592404704697232,0.7416172140934105,0.3274936829104292,0.7826603669090996,0.8122783332872371,0.8046469688317703,0.6077172037236092,0.9071395413787381,0.5543173454822681
2023-12-18,0.7710642834151473,0.776645567806835,0.7739388001334533,0.7774594615383028,0.11430659692993897,0.788717926038731,0.8078234266253544,0.4789253122397403,0.6507741999536063,0.7198367502643122,0.35871370788397533,0.7825305206245194,0.8131011178495775,0.8049803880857056,0.5906705918929932,0.9124613724289761,0.5269018522425625
2023-12-19,0.7757694136733232,0.777243841325598,0.7766289121054148,0.7788644446502836,0.10494242659449365,0.7888917429762449,0.809225978008631,0.487647446402033,0.6445360978604586,0.7009846860532172,0.38895616851751397,0.7817657067882648,0.8129036995863196,0.8044826334203898,0.5685473093322497,0.9174904928858779,0.5146693873895943
2023-12-20,0.7838651961647725,0.7836179814504911,0.7782290954029083,0.7727837909137173,0.1495534215297831,0.7893192136087005,0.8100955537148739,0.44051946297503836,0.6291031397287705,0.6823709461987503,0.3914174155853761,0.7817776314452657,0.8122931094584637,0.80419088789794,0.5625510563684303,0.9110668964285353,0.48458998602749187
2023-12-21,0.778237437516014,0.7798902100436443,0.7770928286987563,0.7795094260191867,0.08233082882902582,0.7899275475173806,0.8109856547206042,0.4857675569154433,0.6254806552555128,0.666650888650121,0.42130134012977605,0.7808219734835413,0.8122692063286047,0.8036776567282338,0.5490801982394646,0.9153892106269957,0.5362259133528997
2023-12-22,0.7808207226218223,0.781662098710639,0.7832848054058685,0.7819048070625636,0.07764171584834292,0.7900097548023374,0.8121606444028276,0.5016532622768914,0.6247827014395146,0.653915104302079,0.45212082399858716,0.7801018698020618,0.8123482217047172,0.8033382835590496,0.5232835630378729,0.9195649498493902,0.5186314113781961
2023-12-25,0.7808207226218223,0.781662098710639,0.7832848054058685,0.7819048070625636,0.07764171584834292,0.7900097548023374,0.8121606444028276,0.5016532622768914,0.6247827014395146,0.653915104302079,0.45212082399858716,0.7801018698020618,0.8123482217047172,0.8033382835590496,0.5232835630378729,0.9195649498493902,0.5090162641843036
2023-12-26,0.7838651862085025,0.785712018894001,0.7851167976462173,0.7820889960548295,0.04301490052521189,0.7907989447379224,0.8126218423014229,0.5029353628821893,0.6231312513738612,0.6433485150802357,0.4745227522761405,0.7788962921604617,0.8126809053198748,0.8028679205791348,0.506113436577497,0.9226583042693421,0.5097535528163177
2023-12-27,0.7808437700537578,0.7813859329189338,0.7835166889404228,0.7807301490509077,0.06044621927088784,0.7907261325712465,0.8132754298470849,0.4899585364332583,0.6184817143599741,0.6338311200260203,0.4853580949378285,0.7748565998390741,0.8149194223396532,0.8018402674566721,0.4818472330771053,0.919020071716048,0.5035781074538526
2023-12-28,0.7847185757003425,0.7846074474344674,0.7866474100629172,0.7835170116768427,0.05592967814178378,0.7909398642628145,0.8137383317796075,0.511775701934982,0.617634734319761,0.6260233585499035,0.5030139933560509,0.7732645115642929,0.8157604337283486,0.8014151432068796,0.4602931232882006,0.9225171236429366,0.5201869832297265
2023-12-29,0.7861717798818212,0.7862183831234892,0.7850705512589642,0.7852676246152983,0.09031754782426721,0.7933145094055586,0.8142502612734203,0.5257493925226744,0.6182522543814777,0.6199184790791668,0.5206001662590435,0.7717492291097571,0.8166896699938643,0.801073388471596,0.44930073609259735,0.927089091272738,0.5160107083287175
2024-01-01,0.7861717798818212,0.7862183831234892,0.7850705512589642,0.7852676246152983,0.09031754782426721,0.7933145094055586,0.8142502612734203,0.5257493925226744,0.6182522543814777,0.6199184790791668,0.5206001662590435,0.7717492291097571,0.8166896699938643,0.801073388471596,0.44930073609259735,0.927089091272738,0.5090162641843036
2024-01-02,0.7812358390670439,0.7833188899276705,0.7695093460640371,0.773359674752523,0.1412910560928796,0.7933473923195413,0.813824322242767,0.40644978462621867,0.5999178630322015,0.6108384458933012,0.48987486205009945,0.7712692988552823,0.8163176589256529,0.800639939766224,0.47818857004720305,0.9209237645608996,0.4615350976539589
2024-01-03,0.7700494282106185,0.7772438904331826,0.7735445970053716,0.7727377969816464,0.12430639390423123,0.7928658925076516,0.8138845959318975,0.40069611903503527,0.5835462958283786,0.5998275146022853,0.46993389853768214,0.7710894657084838,0.8168672594162316,0.8008137940914903,0.47340124207806944,0.9152893541362238,0.506502052807272
2024-01-04,0.7738781774192376,0.776875677082587,0.7704369972391628,0.7666110782250152,0.10726785181622114,0.7916163345269891,0.8131211217617147,0.3446264906236292,0.560801290231397,0.5858131977219833,0.43891703530189974,0.7714474406072943,0.8153648648353292,0.8002684154546962,0.47720837626262025,0.9101875442074278,0.48422829280259155
2024-01-05,0.7699571356884531,0.7744824785346622,0.768883181579211,0.7661734605343982,0.10807292683422015,0.7909422347903435,0.812693577913083,0.3406574967787875,0.5416909401931649,0.5702280235901286,0.42269432160568055,0.7716822275467771,0.8148561950994274,0.8001433795592142,0.4781559390104557,0.9050605687831572,0.5072329152041514
2024-01-08,0.7707182744899385,0.781708128227812,0.7747041608751102,0.7821581646729209,0.12470073229811046,0.7912123444409158,0.8124396222891478,0.4911325358668475,0.5498039075396522,0.5596166714478048,0.47406047217879654,0.7722753429459637,0.8151308826116064,0.8005887324198278,0.4922541012144587,0.9107073056629394,0.5741896661567816
2024-01-09,0.7769688653577924,0.7835259488554348,0.7797597385534032,0.7846917407764926,0.10670953111993667,0.7914965467689092,0.8123078238222489,0.5114793779654874,0.5593660993940882,0.5533160559669175,0.5185787418109749,0.7727847760284504,0.8149636746135838,0.8007744945755915,0.48681169138281477,0.9157916632840107,0.5191549182209784
2024-01-10,0.7870251095472778,0.8023493520435021,0.7916567122888167,0.8007685038671514,0.14328695497358324,0.7934014214989755,0.8126421443650251,0.6231781090486754,0.5898773049300601,0.5552585591191309,0.603707898783449,0.7775933341164843,0.8125912657648326,0.8021403300841884,0.5067956083758637,0.9220193789448623,0.5731625999951421
2024-01-11,0.809236635982367,0.8173298161900103,0.8010723058500164,0.8050526929091787,0.1615327191545385,0.7958817544730588,0.8127972511387864,0.6484883906959722,0.6191065164918539,0.563502151589852,0.6687811369070444,0.7823968295528917,0.8099266488472954,0.8033608937359699,0.5387798593563806,0.9288174311403943,0.5257984765386791
2024-01-12,0.8080601853014845,0.812727409936255,0.8109746916005465,0.8138971056736535,0.11320010682275702,0.798979816474103,0.8135703591776354,0.697052567041488,0.653706485983033,0.5780158025629567,0.73353391049114,0.7888959058364028,0.8063780068459214,0.805039905186656,0.5247685400764946,0.9341046748898686,0.5434944392289582
2024-01-15,0.8080601853014845,0.812727409936255,0.8109746916005465,0.8138971056736535,0.11320010682275702,0.798979816474103,0.8135703591776354,0.697052567041488,0.653706485983033,0.5780158025629567,0.73353391049114,0.7888959058364028,0.8063780068459214,0.805039905186656,0.5247685400764946,0.9341046748898686,0.5090162641843036
2024-01-16,0.8269041876138276,0.8250385331807584,0.8178624045986006,0.8180429574794983,0.15646878948264367,0.8023221370518082,0.8144833071360648,0.7182420143351878,0.6852082475848926,0.5968364240663648,0.7780132861582214,0.7947513705840343,0.8060198892641162,0.8079382895060738,0.5282636315949424,0.9407444358747782,0.5250182829142807
2024-01-17,0.8138034329574279,0.8160180817423748,0.8113458107612894,0.8162004277648945,0.11767370020599302,0.8066908960496467,0.8156855737631182,0.6954232428855451,0.7051145029132397,0.6164487980256103,0.786189951094919,0.7996306399512364,0.805345215004305,0.8101698316423651,0.524864811199964,0.935317353984108,0.5019373307068637
2024-01-18,0.8224296062662421,0.8249464702157291,0.8236601421333644,0.8263347321791817,0.12671615288148141,0.8121565351067656,0.817673008127644,0.7478047924059947,0.7333274945114563,0.6385957083452316,0.8123648678076884,0.8062659355347149,0.8033872656138196,0.8126966879749989,0.5151346769919107,0.9410270900334532,0.548031873496875
2024-01-19,0.83174777578508,0.8357158230954226,0.8314986477062123,0.8373904080827617,0.17309190973789382,0.8193743782218883,0.8197745656377214,0.7960843141408185,0.7690824703637966,0.6644963559635948,0.8511308380625425,0.8146290434637111,0.8005936002107429,0.815722486080742,0.5106457844430411,0.9481864660209427,0.5511035468716474
2024-01-22,0.8415734606202092,0.8402031203390842,0.8317074697027695,0.8324154570037419,0.1550210600128375,0.8261295190110024,0.82200149242119,0.7347803305549874,0.7867572713990647,0.6892620454822651,0.8394097855669541,0.8202466029852215,0.8008695048669651,0.8188054491233864,0.519485705781791,0.9415919589920074,0.49030540414161694
2024-01-23,0.8317247296736019,0.8373496555367478,0.832495882406916,0.8379201558135085,0.10433491120748761,0.8318159433477195,0.8242477018243831,0.7603713986095599,0.8054812416520554,0.7133598883013123,0.8325127325150341,0.8263783518692066,0.8004631389221891,0.8218252896386242,0.5166442536113227,0.946602089385399,0.5298322919884418
2024-01-24,0.8450793671866981,0.8517318702270419,0.8476164993224672,0.8463501966613807,0.1382331765870754,0.8381036697530455,0.8265244548575331,0.7964890374032005,0.8291171233595419,0.7380476261806614,0.83860475562193,0.8334833462459753,0.7996494388200557,0.8251571226634141,0.5229579246120012,0.9526718311503141,0.5407034839767151
2024-01-25,0.8514912881753851,0.8549073559322268,0.8524400831583452,0.8516706353908876,0.10820255093993095,0.8432945016004518,0.8292223200654085,0.8175477484527645,0.8517576688973748,0.7629794809142074,0.8411258235484667,0.840685358752073,0.799275492647325,0.8287545003083023,0.513084561804662,0.9578028584390353,0.5288331441916649
2024-01-26,0.8516066040872813,0.852974425262821,0.8522081795080124,0.8495055794478353,0.08307499613470287,0.8478276606695645,0.8315971158191454,0.7887895880593849,0.8623489283593084,0.7853489501271816,0.814663300210659,0.8463344463867957,0.8004860924024141,0.8323101968711921,0.49874117268192264,0.9534572826332158,0.5009981538614028
2024-01-29,0.855504601256864,0.8617418043345917,0.8566144784707649,0.8628415449326238,0.13544703918239986,0.852818853502824,0.834438033062956,0.8412082982007762,0.8861817683178773,0.8086990662847706,0.8247907351534809,0.8538738702507512,0.8007813736401267,0.8364112830966451,0.5015778386069261,0.9594399337212611,0.5585198717498009
2024-01-30,0.8698048566624839,0.8688062851812217,0.8615310460496457,0.8602388712989545,0.20547060578185986,0.8571218539220169,0.8378664253046886,0.8070461477384578,0.8966711115958494,0.8297798194275934,0.8013543430656854,0.8598118833269567,0.8023375984709223,0.8402873039751789,0.5080580177657362,0.9512684459298459,0.49949157046278836
2024-01-31,0.857580501200122,0.8740299735125286,0.8401026167601618,0.8348799355772163,0.3178648567185111,0.8590267286520832,0.8400242382579542,0.5392851994738179,0.8631112694114442,0.8389636953341382,0.6784917257957468,0.860362788815751,0.8082620206684642,0.8434679075526482,0.5945730687313647,0.9395836743449172,0.4159565418384587
2024-02-01,0.8457481752937154,0.8571855436431454,0.8507471983464382,0.8491601628853421,0.1834509060412642,0.8613543909541039,0.8425260155442571,0.6158761832565891,0.8537331484570521,0.8441644575054271,0.6373569163261609,0.861777880549328,0.8148357148434715,0.8474189514385738,0.6211267606615289,0.9470668577649612,0.5628716375940331
2024-02-02,0.8503149905941003,0.8678857907642706,0.8548287788355948,0.8662964214374944,0.1647022627995996,0.8643021310626557,0.8455766877066406,0.6907957429976181,0.8676090261597957,0.8515007920414972,0.6594116122682384,0.8638635615939642,0.8231525339811215,0.8525726935552784,0.6364821784672077,0.9539639853689615,0.5726503287351044
2024-02-05,0.8643614259790127,0.8644570708574982,0.8558259315874659,0.8534671711734204,0.1420227295088496,0.8664489155898125,0.8483918881764222,0.5870402673566042,0.8554652957905189,0.8545905655231493,0.6155561033661734,0.8617265184949905,0.8346976406396337,0.8570857870406947,0.6377327301329454,0.9477757875909161,0.46223784624652015
2024-02-06,0.8550895411704785,0.857116577095558,0.8533214943170458,0.8530987931888886,0.08759856507676717,0.8679967830745291,0.8509595646961744,0.5841599452035284,0.8414046480892562,0.8538443718301238,0.5759409205343891,0.8605131549453827,0.8435171804387316,0.8607534245607754,0.6237174224195788,0.9432888114792932,0.507654629218726
2024-02-07,0.8586875953278685,0.8716827196239167,0.863734150087451,0.8728146928646775,0.11850454387151285,0.8706955452993208,0.8541315878860074,0.6710553554488055,0.8555471271441549,0.8564841578168295,0.6109089476235495,0.8613714643460875,0.8519290572676447,0.8653093899112398,0.6369294042319511,0.9487418643565636,0.5819208575677437
2024-02-08,0.8739333523949122,0.8745821143639795,0.8756310482475951,0.8729528168368784,0.10979630274568844,0.8728658321208189,0.8573020037774638,0.6716118298704146,0.8628252393966441,0.8602617033316916,0.622658931310599,0.8633615284877139,0.8574355142069832,0.8690413260407518,0.6087742767826038,0.953922710050972,0.5095164538780669
2024-02-09,0.8767012694071368,0.886686252315122,0.881568032562392,0.8877859665617714,0.11610181270722289,0.8767695400130788,0.8610373900091678,0.728453436955657,0.8862592966664633,0.8686470124970693,0.6702446876918894,0.8679884083773579,0.8612239060639524,0.8733186444823142,0.6083675293792605,0.959300656982971,0.5627239158842497
2024-02-12,0.8889485080822102,0.8865019372464055,0.880779365807369,0.8756015554906126,0.10962138828978954,0.878070763894966,0.8642503993076096,0.6280750477321808,0.8823402132369627,0.8744583125729033,0.6436621242731783,0.8697866808803233,0.8658264753412968,0.8765087706489253,0.6029538148861016,0.954125278864689,0.4655747099746067
2024-02-13,0.8529213886164518,0.8619489368178744,0.8544346328999954,0.8550104915215836,0.16133047431490538,0.8775375909325321,0.8666838639324991,0.48632846628896226,0.8446687566101984,0.8704856148532011,0.5426198463166373,0.8686973099006393,0.8709139086598172,0.878419995820085,0.6390493399715312,0.947333548554053,0.4346669105243743
2024-02-14,0.8618812082945351,0.8631636642032061,0.85890616769218,0.8640559411328852,0.10336116867844322,0.8805128639571568,0.8698484335241494,0.5296338805921801,0.8245788958008369,0.8627095587607612,0.5033414243568695,0.8673251355431371,0.8774588201644644,0.8808941306007159,0.6264767601443084,0.9523132411464199,0.5423958086578193
2024-02-15,0.8620430453965044,0.8615269195867572,0.8582556908243902,0.8572949752944339,0.11448307312205125,0.8813424253539344,0.872798798361906,0.48641496230014253,0.7952408849472508,0.8497742234150623,0.4500600010310094,0.8661159158615229,0.8820387811521788,0.8824947782360094,0.6143115028095143,0.9469858937024116,0.48430576411876947
2024-02-16,0.8616270091650351,0.8595903464447566,0.8562807536002544,0.8515261134992331,0.11816096190456857,0.8798361979613512,0.8757616495268675,0.45027583767528107,0.7604509322432618,0.8314636973320944,0.39454879509100527,0.8656258537830408,0.884063167963352,0.8832255956060107,0.6005632471529498,0.941543580706818,0.4877798326784554
2024-02-19,0.8616270091650351,0.8595903464447566,0.8562807536002544,0.8515261134992331,0.11816096190456857,0.8798361979613512,0.8757616495268675,0.45027583767528107,0.7604509322432618,0.8314636973320944,0.39454879509100527,0.8656258537830408,0.884063167963352,0.8832255956060107,0.6005632471529498,0.941543580706818,0.5090162641843036
2024-02-20,0.8507202006160233,0.8508297238512694,0.8436647318551175,0.848595510949577,0.13386734300256284,0.8793394020849766,0.878637515588779,0.43179281477554393,0.7259611710238343,0.8089217224604263,0.35084935508685855,0.8644124353555631,0.8870819784937064,0.8840621059974475,0.5992176340799825,0.9356103086656639,0.4981613313661584
2024-02-21,0.8436262690833676,0.8457579061160437,0.841829253433089,0.8471878975818209,0.08866288830618776,0.8787366284044767,0.8809065297778924,0.42256247335219005,0.6943400243059329,0.783651118573883,0.32266998535242525,0.8637475792334192,0.8887786677486936,0.8845412491647261,0.591592249878836,0.931090063329665,0.5037860340327966
2024-02-22,0.866779984555188,0.8700567793448701,0.8681996986415637,0.8690402047391095,0.1549663992453691,0.8783517185277513,0.8838496121649786,0.5442899410644244,0.6995429658551298,0.764625414949716,0.3871629422508613,0.864700606553408,0.8901573765626908,0.8857143248295137,0.6201052773957617,0.9376828617410607,0.5903354336722223
2024-02-23,0.8794428920680275,0.8770421082282961,0.8691290156943297,0.8660173299733356,0.07130419029443413,0.877644460402976,0.8861262709429769,0.5228508995308354,0.6969450406721177,0.7488102737753011,0.42031938302527383,0.8653288831489465,0.8910015008436345,0.8864560503602916,0.6202365503853282,0.9337052245179587,0.4980260001831922
2024-02-26,0.8697145863040757,0.8685121785451033,0.8653883304866626,0.8595562843812639,0.07050458135318197,0.8747656903216797,0.8880280075313934,0.47719642159163517,0.6832072489457375,0.7330140393031277,0.4205146382065468,0.8653579195121403,0.8920349476925515,0.8869756728007498,0.605714829491406,0.9297525819285771,0.48545085156989237
2024-02-27,0.8616963225049634,0.8596594992508219,0.8572333427955923,0.8594178760570872,0.05990273506863051,0.8731153319555949,0.8896163159755336,0.4761993425658652,0.6701990417096417,0.7173999077064173,0.4223952691862088,0.8651650621486306,0.8918796688039534,0.8867986687808119,0.5899180679981084,0.9261313379153899,0.5085079782940986
2024-02-28,0.8621353622776796,0.8619187354183788,0.8606487102276437,0.8599716515297815,0.046997327869338905,0.8736212547254226,0.8910792898718645,0.47973712516983885,0.658928917086476,0.7023292474490779,0.42800786061168616,0.8651520979195466,0.8918653033770954,0.8867848534922809,0.5718162521506327,0.9293491773275044,0.5110502292239069
2024-02-29,0.8631982579598668,0.873215137738765,0.8620426546011828,0.8736321337068484,0.19352098114515873,0.8745978033276485,0.8930831940839553,0.5619751661473287,0.668429445401915,0.6924470727523427,0.48159090622799705,0.8646974369137844,0.8964592467700991,0.8887883459735161,0.5851360550974943,0.9371471369159659,0.5591603932389417
2024-03-01,0.8692755831789283,0.8770652277648928,0.8735667281048887,0.8779242135162019,0.0832319506241479,0.8767015051480594,0.8948832516872472,0.5854921395766923,0.6803137267031287,0.6872612479189348,0.5300915189824259,0.8663011283221544,0.8977816832092469,0.8902754502398602,0.5744525770599701,0.9414976188950057,0.5245459035394461
2024-03-04,0.8742900417476175,0.8804773440877642,0.8769125075640986,0.876585982030519,0.08145625654953126,0.8792570280656677,0.8962508616936192,0.5733260711487174,0.6856477815115303,0.6843333749816812,0.5534100650278705,0.8675218676641214,0.8975589266536007,0.8908074215415754,0.5648125334497978,0.9372026425771771,0.504195939534695
2024-03-05,0.8754914230603097,0.8733304148933636,0.8497752320469029,0.848272416017177,0.15425815187259984,0.879224079907808,0.8968041419146541,0.36215676995403584,0.6461073444163821,0.6729415916668254,0.4660007255283106,0.8678659671387542,0.8966386166199382,0.8905388521855204,0.62067293827852,0.9306319829673287,0.4068879378743583
2024-03-06,0.850096287233169,0.8523743342054486,0.8445475922453194,0.8469801784635651,0.11853265512335376,0.8792028973957583,0.8971202637719508,0.3542349622497178,0.6116088528657169,0.6559326129285158,0.40799026465394356,0.868279460804272,0.8955458186466128,0.8902225191982468,0.6199228993336299,0.9251780513724666,0.5042130630724462
2024-03-07,0.857375308214466,0.8630254351673913,0.8534927342874059,0.863248452609864,0.09022150104714413,0.8786122735750103,0.8977098768735775,0.45990398251703296,0.6072859411114058,0.6413360598701636,0.43290410776774524,0.8674206627061165,0.8954559807123835,0.8897279436296536,0.6256731680307669,0.9297470167171628,0.5695690791843112
2024-03-08,0.8616270088248215,0.8645008536856145,0.8583485271228738,0.8565103771054574,0.08462814279891243,0.8776427858101343,0.8978787448994912,0.4151695276149972,0.5928108985769698,0.6263459638131723,0.4288398712575436,0.866310962895028,0.8949075556448269,0.8888778678671155,0.6198017318006613,0.9253528917643999,0.48436836217558826
2024-03-11,0.8519218784269049,0.8535731954971402,0.8512157687865192,0.8525875283365628,0.06993689023961719,0.8769321350037574,0.8979862801060162,0.3895523100755766,0.5746881726614016,0.6102062005041224,0.41696691293645416,0.8616760628605896,0.8961631539547364,0.8870581051248958,0.6064320247143233,0.921417994388607,0.49456331963246264
2024-03-12,0.8608412424591578,0.8763735136620905,0.8640639793903249,0.8774164319755787,0.11941425521580853,0.8787675685007901,0.898494826335962,0.532870709307359,0.5962090425175888,0.6022197979329185,0.5011691132199869,0.8620540144944099,0.8959489711449471,0.8871519344189098,0.6366874924863322,0.9268994835434989,0.6008777874273377
2024-03-13,0.885058027936542,0.8823906795980475,0.8748910630443685,0.8770012070030487,0.07770730876930501,0.8805041865215224,0.8990796969152177,0.5299258346377234,0.6114093673376814,0.5993095223690363,0.5535917983774328,0.8641750231058606,0.8959976077665694,0.8882888565872141,0.6345132366949475,0.9227216939800571,0.5075198266952545
2024-03-14,0.8900030378669149,0.9046147879360984,0.8900859794361501,0.9003533997442111,0.21077816630304244,0.88322913328893,0.9013641937532018,0.6360520259024867,0.6564472664396668,0.6072889722605783,0.6660532573159696,0.8718165061558492,0.8916252805061349,0.8901654387922407,0.6744642804583849,0.9310590885345563,0.5932121760637254
2024-03-15,0.8878078526696327,0.8925805946390297,0.8780044150443929,0.8800471853668491,0.296069266124536,0.8834456269712889,0.9024419021972481,0.5019083275158289,0.6601257234282708,0.6145144080775322,0.6582663279543896,0.8736980680459704,0.8920120728150047,0.8913417303063141,0.7095296117653005,0.9200556159890867,0.4375450202383864
2024-03-18,0.8761615926318332,0.8882694468137191,0.8803044760128438,0.8821238789334498,0.10105604602748969,0.8840103634715272,0.9029941530528102,0.5116412850445098,0.6642842632399547,0.6212465075529653,0.6531714956795148,0.8755217636092428,0.8932921718149455,0.8929236378095992,0.7036940265647798,0.9249632537389311,0.5164800108360088
2024-03-19,0.8844341261913771,0.8904366099819152,0.8844169214955665,0.8915617342712303,0.09896253863344959,0.888424865676427,0.9043233466436572,0.5554186272797055,0.6796000994160978,0.6301374703164414,0.6754667239675005,0.878493330957343,0.8946480904646984,0.8951449958106097,0.6924598638236749,0.9298054514370132,0.5428632660346984
2024-03-20,0.8940698432907588,0.9003265756791191,0.8962893072135109,0.9003763611662496,0.0835185292193037,0.8938700326548232,0.9059729531816033,0.5938869623212784,0.7025660744990462,0.6425063849072354,0.7113845749931467,0.8825883161599795,0.895878776596738,0.8978948446455942,0.676282433846254,0.9341648914537245,0.5403213681875253
2024-03-21,0.9121630164622444,0.9115308835643331,0.9113913355142117,0.9099295212301804,0.11034993823333278,0.8986304143993932,0.9072679619171584,0.6330451489851181,0.7323504385169717,0.6592181623778239,0.7562346217120415,0.888929128289106,0.8933915496510476,0.9000088263577716,0.6632926428942268,0.9393630430029256,0.5426394813566997
2024-03-22,0.9118627525901059,0.9093177257035996,0.9088589308990908,0.9084758428423595,0.08186621230554433,0.9039296815702902,0.908507429564359,0.6220539040622706,0.7509459368340836,0.6768434726246606,0.7656689485208814,0.8940577975415873,0.8923740332569983,0.9022039356780986,0.6386185098771744,0.9350552520535508,0.5039492427387227
2024-03-25,0.9015567424729228,0.9036695256444015,0.8984965736138033,0.8949075617934164,0.0850833889051136,0.9082453393016111,0.9087559159090957,0.5238224636319533,0.7427422659314405,0.6890661746454635,0.7098745939560985,0.8960277660923762,0.8940003762457621,0.9040316002214204,0.6391092046986706,0.9306468967575662,0.46165242417266694
2024-03-26,0.9024116711299485,0.9003957933618613,0.8978925052796738,0.8921154386559307,0.07465958054888783,0.9097442956265746,0.9093321174947914,0.5046763125880487,0.7294877294140221,0.6958108157007501,0.6533010163339606,0.8973131495122616,0.8960817841745354,0.9057220674460761,0.622118136859655,0.9265643748263617,0.49913405474955297
2024-03-27,0.8997080819600001,0.8968454799476664,0.8924557461107404,0.8916077282033013,0.07449872171890937,0.9112338205866582,0.9106090664471957,0.5010246235128115,0.7157874703244453,0.698070996978899,0.6069886560129859,0.898289645079838,0.8983829134063169,0.907357655743265,0.6119461469606651,0.9224868811124877,0.5072141591525037
2024-03-28,0.8916666803548956,0.8908975455131375,0.892711313709204,0.889969434295251,0.1148399298468093,0.9101748979651235,0.9115132387549195,0.48857335807200547,0.7002309946820735,0.6963187844844766,0.5655514628214459,0.899207343995838,0.8991266704685092,0.9082022958016962,0.5836528776211084,0.9171483788368288,0.5031981466282612
2024-03-29,0.8916666803548956,0.8908975455131375,0.892711313709204,0.889969434295251,0.1148399298468093,0.9101748979651235,0.9115132387549195,0.48857335807200547,0.7002309946820735,0.6963187844844766,0.5655514628214459,0.899207343995838,0.8991266704685092,0.9082022958016962,0.5836528776211084,0.9171483788368288,0.5090162641843036
2024-04-01,0.898575888729043,0.9047761030920591,0.8999138356299233,0.8988534430723434,0.07146114478387916,0.9120926982321454,0.9129632947346665,0.5415123801335748,0.6988762145915624,0.694606950590795,0.5659684647346505,0.900999398582033,0.8994166066800048,0.9092843390425338,0.5883500193793998,0.9211309222331514,0.5406195270107819
2024-04-02,0.8897026480049424,0.892073439222923,0.8897375049801886,0.8916309739773155,0.08392379976667663,0.9130622004956609,0.9143626315211894,0.4840203427223276,0.6849703058181746,0.690054885568109,0.536636546515227,0.9018790488504622,0.9000643853286805,0.9100621666162066,0.5896283595990045,0.9167588140378259,0.48355661151819934
2024-04-03,0.8888244957765775,0.8941020726786454,0.8926416063981244,0.8893464191164715,0.07291590206664555,0.9128362899470622,0.9157845101713672,0.4660891014194907,0.6686532265126649,0.6826787992670649,0.507472032282278,0.9006028744556148,0.9057876972028652,0.9121856966443198,0.572878726086278,0.912730797006131,0.5009032565258998
2024-04-04,0.9009790424887443,0.906574335963186,0.8891101454511094,0.8834161164870615,0.09531588457519996,0.9111067400129994,0.9170485833739662,0.4198119192803856,0.6452699670376139,0.671426283390758,0.467438982111176,0.8978946105008916,0.9125597054193524,0.9140694382486704,0.6058813922475007,0.9080025885067546,0.48790673272584184
2024-04-05,0.8894715654730951,0.9015946771184479,0.8908526902063322,0.9010455835410819,0.07332585782265863,0.9102007852856333,0.9181653134508275,0.5336966710697311,0.6512743354512747,0.6637984700075733,0.5048723712506237,0.8984073213992054,0.9160122089957454,0.91602355366116,0.619220363629373,0.9120434201699957,0.572156132925711
2024-04-08,0.9013950161781902,0.9033697852036938,0.9024230687786978,0.8988995791804022,0.055503324155530186,0.9092242294340876,0.919312639246019,0.5162445623403296,0.6511442889744923,0.6576664560074743,0.5203199398408319,0.8968561364700606,0.9221705742416489,0.9182150796065688,0.5990257399527182,0.9085596954599151,0.5014683541885053
2024-04-09,0.9043295919966674,0.9044301982828805,0.898519753123394,0.9027992532632765,0.041639010921221346,0.9100289981576242,0.9208214707540637,0.5402415126358902,0.6551029859736875,0.6536668582864372,0.542342041939662,0.8929847728363844,0.9316525983668736,0.9208110307581397,0.5952676643296352,0.9116100415355161,0.5227622104940918
2024-04-10,0.8945089972602503,0.8958772824488316,0.8940589857828267,0.8958306393945633,0.07068496188582774,0.9104078621017525,0.9220919830717648,0.48074002116915576,0.6462323289012126,0.6484369830833497,0.5296365976107879,0.8925049849410003,0.9341191585352197,0.9217630471054042,0.5950007481867557,0.9076517605082541,0.4845500059214099
2024-04-11,0.9028970087465004,0.9081880770196268,0.9002391031285586,0.9066067262180268,0.08434859201671685,0.9119374105556852,0.9237191717659924,0.548891760568661,0.6535144151991471,0.6459197091726028,0.5576504442503486,0.8929454177959414,0.9367816492443203,0.9232936553808847,0.59776617851592,0.9120371471027436,0.5471202069304726
2024-04-12,0.8988069777006009,0.8985284964634267,0.894221589726739,0.8926923888146454,0.09440148802226411,0.9122150884959835,0.9243842212341841,0.4389530909840396,0.6370482283910263,0.6401373300355948,0.5239307238739039,0.8924554132643496,0.9364970477636371,0.9228975803570963,0.6083915407238745,0.9073375213339206,0.4603524792808841
2024-04-15,0.9046992852356027,0.9023092373450708,0.8794912094410275,0.8736321337068484,0.10236400010619809,0.9096431023734253,0.9242344622000839,0.31828421522774347,0.594593649451005,0.6257949920570727,0.4355294630973071,0.8934887617911589,0.9347062833500003,0.9225659215509415,0.654902810689179,0.9023889988072384,0.4414024785599078
2024-04-16,0.8769010799410671,0.8828978628423271,0.880188366084977,0.8758012416655546,0.07497192779156445,0.9080288383699326,0.9242070810785071,0.33377991851284466,0.5634908222037566,0.6072027236943007,0.39163915811612005,0.8942502144173531,0.9332176933821877,0.9222390405780113,0.6376246899135899,0.9064812842672401,0.5168645488894639
2024-04-17,0.8830938301347954,0.8840044387157951,0.8722887681848748,0.8694786043976596,0.06786524715256445,0.9060027840124116,0.924947006343151,0.2964204317468591,0.5291445797959183,0.5844682016596532,0.3488608628193749,0.8960486964229786,0.9289444181076226,0.9210973405764825,0.648135820659735,0.9026111434961936,0.4861915149385122
2024-04-18,0.8677967869915887,0.8678898379290517,0.8574657479978063,0.8520107203538361,0.10827048646521312,0.9028001650738956,0.9251225317592547,0.20597902102602378,0.476253520960271,0.5541755878082679,0.27080618311407845,0.8998056055504915,0.9197810290755294,0.9185968321564532,0.6536220069824894,0.8974779926399591,0.445537585499081
2024-04-19,0.8525457921104294,0.8531121951615636,0.8431071511665523,0.8401269404089962,0.18273328825121465,0.8965878823382825,0.924315777111638,0.15424470868527002,0.4176502279057247,0.5165291609423136,0.19486115183069674,0.902640542063617,0.9093382738686883,0.9149880318149023,0.6571049325368445,0.8900172409273263,0.4650216867406715
2024-04-22,0.8434182679493101,0.8470489513669317,0.8384139061888748,0.8443727419343028,0.10246863643249474,0.8910274149306769,0.9238922713521386,0.18897450759158668,0.37896662007491816,0.47755863407557186,0.18118677422782636,0.9027978084738941,0.9023787142304989,0.9116738951493243,0.6560649199783126,0.8949690342361554,0.5249373349367302
2024-04-23,0.8530310637304888,0.859382913118248,0.8553979005506938,0.859625595175343,0.06692039674346764,0.8866247073688653,0.9241378432283677,0.30345475431248276,0.37252224114853527,0.4449073095591525,0.24644707106029468,0.902171653856861,0.8993146344635353,0.9098498139809208,0.6560804446270377,0.8988096403325907,0.5659495354675471
2024-04-24,0.8653241745009616,0.8692268430310892,0.8640407966894758,0.8630636949136468,0.06169482737348766,0.8832832422108805,0.9236370482444521,0.32729629374071073,0.37402999789161284,0.41913132508882844,0.31745076857750726,0.9013526612029398,0.8971178918870989,0.9083478359522233,0.6452342349217677,0.9024869025922511,0.521641290948688
2024-04-25,0.8294382579239107,0.8402249878625814,0.8204773811980086,0.8399423248887667,0.2609817386184569,0.8764850259643401,0.9223439915826975,0.21361068387061072,0.34268086998865366,0.39133576954167687,0.29659405270713957,0.9022655035231554,0.8906633443288667,0.905676729484033,0.7426443998830358,0.8925802160541997,0.4244216628775503
2024-04-26,0.8713552976213571,0.870448732596131,0.8616710033693586,0.8567411287337457,0.17593114617382438,0.872818834781456,0.9208222744032523,0.32348194323366614,0.3446705444631807,0.3695546951141367,0.3587074020508424,0.9012758274428903,0.8882077240212741,0.9039588227956439,0.7835598668296928,0.8998283425184543,0.5720216982738706
2024-04-29,0.8553649536490691,0.855048765424483,0.8464064305170991,0.8473495516800118,0.09696507801653256,0.8701386235656772,0.9196813902035615,0.2794618461831268,0.3342306249451697,0.34974048680271025,0.37901981799377593,0.8992962230665881,0.8848806963976892,0.9012960665098273,0.7736975537258546,0.8950485825870295,0.4744234097627657
2024-04-30,0.8466764681119676,0.8454582573100897,0.8231261135310396,0.817536242258784,0.16879947775541027,0.864196950683693,0.9174278016141478,0.16440920632669226,0.28413023427928885,0.32242281463491307,0.3015292976097465,0.9011794960279731,0.8750066510586585,0.8974653615417985,0.8062291517654024,0.8880233818940337,0.398091073713995
2024-05-01,0.8261568739709174,0.8444437425368919,0.8257746016143543,0.8304813659529596,0.12804675213528385,0.8602201406519707,0.9152965884568588,0.2427704172727288,0.2664270795298489,0.29651701625884797,0.316110141461616,0.9003649793922512,0.8696469709642096,0.8944220324633783,0.8316021373856196,0.8937747105760545,0.5587790196177617
2024-05-02,0.83782632714798,0.8403171926204765,0.8358582030066269,0.8371733053493075,0.0823417609825195,0.8587070699016275,0.9130913105935025,0.2812869882116074,0.2651094438056941,0.27549081476428006,0.36650320110039425,0.8991519587374256,0.8660528989446644,0.8920312745477691,0.8053459220020805,0.8980973664980229,0.5343755493716748
2024-05-03,0.8485019335855003,0.8569621211535103,0.8526097306457009,0.8575256558347283,0.08029042046624074,0.8604813336393597,0.9112628375423637,0.38757886884233544,0.29673947464230616,0.2659089108357799,0.48469189245676236,0.8944999198354175,0.866445432170341,0.8897812899752319,0.8092017311427862,0.9023559004446164,0.5855798389131389
2024-05-06,0.8634756217322117,0.8725927215927204,0.8630882193862802,0.8734014531665542,0.076775733118022,0.8634415860736466,0.9100390236915459,0.45887667527721826,0.3472375652137719,0.2698007134324678,0.62383889844281,0.8908215291466605,0.8676999962460731,0.888463034335037,0.800520651475611,0.906504570283421,0.5674441507490126
2024-05-07,0.8771090225564366,0.8742987596659552,0.8694078196432408,0.8637098136904527,0.1003704438298145,0.8638580812361351,0.9089504734246519,0.41262882144638663,0.3743321577680846,0.27911520248773775,0.6798406069335065,0.8851439241558889,0.8696647001543247,0.8864421064377891,0.7785866580786491,0.9016183634792861,0.4739414156031796
2024-05-08,0.8621123162178668,0.8686736165585804,0.8638781889645022,0.866478904317906,0.03613701424147254,0.8642063530512935,0.908055964750379,0.4255624460181469,0.40111212234372445,0.2926958328775944,0.7238983272580011,0.8807070498372299,0.871326691580182,0.884924618827394,0.75779899909431,0.9044967249951268,0.5191406590991837
2024-05-09,0.8676580999980191,0.869803239029421,0.8694311082819896,0.8705862975190362,0.058761886764754113,0.8673313245269196,0.9073224860420336,0.4453219804486725,0.42930909361818975,0.31001368182485334,0.762493703519603,0.873144452797122,0.8756435340492651,0.8830623590962716,0.7251834043101839,0.9080823077193827,0.5239898862394183
2024-05-10,0.8731344954073974,0.8759355357029389,0.8757041307981227,0.8761704016180196,0.04870899075920684,0.8693126578314515,0.9068410108838234,0.47241299959843236,0.46046722120435035,0.33099901536255155,0.8003689162018435,0.8696110346234114,0.8776930434938972,0.8822081707219043,0.6946173818118228,0.9113536512693051,0.5292853971147956
2024-05-13,0.8848500791097895,0.8827826382010383,0.8734273305218473,0.8738168203150718,0.06462230190547436,0.87201170277971,0.90596743429443,0.45851695375522233,0.48191362223504075,0.35269564684266863,0.8077147032624851,0.8696402683457121,0.8776811706789465,0.8822177190378404,0.693910709803135,0.9075848803359943,0.5005231023913694
2024-05-14,0.8710086687945681,0.8807999843198532,0.8751233788733607,0.8803702092112551,0.062038409340431956,0.8784193039349516,0.9055745242532606,0.4923895170835247,0.5086092151540096,0.37616268131913333,0.8259981856784027,0.8704751528523265,0.8772673630916725,0.8824539351124537,0.6821139989220596,0.9112728824773314,0.532723204005154
2024-05-15,0.8863376249652587,0.8971323942184529,0.8901617550599482,0.8971761218556268,0.11771586708375437,0.8852206156409873,0.9058477178497432,0.5709922440344122,0.5541950587577473,0.4053693854320236,0.8852734744613825,0.8759713197263402,0.874291023379571,0.8838858995081323,0.6856945559094044,0.9167012824443892,0.5693973060246732
2024-05-16,0.8953657099697244,0.9008507381042883,0.8973306443878916,0.8923446263483527,0.08094166446722151,0.8908468053806404,0.9061592509693901,0.5386502388341285,0.5822319946965275,0.43515146661631376,0.8912155659451656,0.8807878700533209,0.8733840864295228,0.8859711664426311,0.6684530492225216,0.9124223915402537,0.49195573334191295
2024-05-17,0.8970788342654521,0.8950768874344358,0.8919306948579689,0.8905415504703784,0.06393513797158579,0.8942136576560786,0.905792744772698,0.526281629090952,0.6006551996959946,0.46319358765019675,0.8732464759244218,0.8844109219522166,0.874828434710136,0.8885776067757577,0.6511796632999183,0.9086751003702964,0.5026178004953733
2024-05-20,0.891685109984529,0.9039686920741412,0.8964927907024819,0.9024005917933318,0.07111834368504155,0.8971708943733865,0.9059149019297346,0.5832632436583569,0.631433831431152,0.4926714849362401,0.8880741676498202,0.8899525964926173,0.8750160504926059,0.8915776523604212,0.6484063990381995,0.9126469282937643,0.5511778237580574
2024-05-21,0.9070098122665969,0.9182879281145817,0.9078047985518404,0.9109538281346801,0.11157668202894525,0.9019886834803527,0.9061994309484116,0.6209382020620737,0.6666789200971946,0.5243202259866443,0.9104931219078494,0.8966833270868099,0.8732153167816638,0.8942313270878555,0.6552370168900234,0.9178834261023158,0.5390581836148568
2024-05-22,0.9145564630724748,0.9169945817651265,0.9131116624803631,0.9143750800184232,0.0851864634951969,0.9068729778458899,0.9068464826434212,0.6356983169742576,0.6974723684132964,0.5566868103062459,0.9179065045200734,0.9032367050735889,0.8716035156331045,0.8968841307795401,0.6416450376659901,0.9222950033628033,0.5209292520829636
2024-05-23,0.9212234637674144,0.9197429872619811,0.9091315600540207,0.9062379927935256,0.07845538041551556,0.9105086203957219,0.9068336168152104,0.5712544463450042,0.7074243776575357,0.5848577601712311,0.8745769298792447,0.9068694643803601,0.8747197056273549,0.9003116233759947,0.6493797504494407,0.9180938301478926,0.4807798791759396
2024-05-24,0.9078431651079198,0.9138766141727286,0.9067806066021935,0.9135428528735152,0.03662896114868822,0.9143197399772703,0.9075611301646109,0.6063404534147294,0.7236499130230063,0.6111080029968153,0.8547412125575595,0.9118391726079154,0.8753925055154899,0.9032482781395397,0.6458225079411354,0.9209875692215885,0.5345737105632328
2024-05-27,0.9078431651079198,0.9138766141727286,0.9067806066021935,0.9135428528735152,0.03662896114868822,0.9143197399772703,0.9075611301646109,0.6063404534147294,0.7236499130230063,0.6111080029968153,0.8547412125575595,0.9118391726079154,0.8753925055154899,0.9032482781395397,0.6458225079411354,0.9209875692215885,0.5090162641843036
2024-05-28,0.9134916310829762,0.9133224068665825,0.9118780613377192,0.9139127947939133,0.06679155350586355,0.9184085954936744,0.9089666009771924,0.6081346615180845,0.734404164779557,0.6345694861739205,0.8259408557459321,0.9157954428088754,0.8781891502544013,0.9066896044008069,0.625462586871066,0.924824147862395,0.5103010685004906
2024-05-29,0.9043708728906957,0.9135995625535446,0.9097599810903098,0.911254388173005,0.06522278947952018,0.9215580624204355,0.9102036303924419,0.5847505235856765,0.7362944248375082,0.6537712900873678,0.7819498711649041,0.9143030356502942,0.889721584050394,0.9115348418262132,0.6137867842950999,0.9210366065449718,0.49978708004742456
2024-05-30,0.9011530230128921,0.8982639980515938,0.8831091551511111,0.8777348351003793,0.16577829905062058,0.919575503980881,0.9104917063813023,0.3519435293736611,0.6858204797752718,0.6575809335789743,0.622990416737705,0.9103525632701048,0.8989753102018909,0.9139778508610154,0.6708918888264935,0.9141058435842656,0.3923346897751182
2024-05-31,0.8836754786748161,0.8808269314732717,0.8604619592563213,0.878798240401539,0.31883469490702204,0.9181940881249028,0.9114263751914071,0.3587684167671313,0.6457685199710136,0.6514620929495827,0.5204559851888023,0.9063465773971153,0.9076925024611906,0.9161298641256587,0.7050357504490706,0.9258209309261093,0.5128474186028208
2024-06-03,0.8808512480402987,0.8800878275710375,0.8707265380892194,0.8750763573914772,0.08058715034678354,0.9166169986326324,0.9126458285012583,0.33690582929744367,0.6072990215109152,0.6377626375534355,0.44216870422749016,0.9050189739066612,0.9109792953430625,0.9170372371343259,0.7035395479500369,0.9215531216271584,0.49562221041519217
2024-06-04,0.873674975681792,0.8801109294568293,0.8724954295222827,0.8809711871119171,0.05610068825714925,0.9144316984701162,0.9139228196204411,0.3780630714361491,0.5846542986588084,0.6216204527587821,0.4169419055287933,0.904852625948532,0.911960040681413,0.917428593128991,0.6968859795483449,0.9250555190860634,0.5303127632124109
2024-06-05,0.8861292819934564,0.8977559398108187,0.887903996948247,0.8993260360559727,0.0767085784608465,0.913245934502471,0.915308045418591,0.49041461632303146,0.5929951343141865,0.6106156435288135,0.46999712289718554,0.904661482999948,0.9159384143054117,0.9192699553526417,0.6994816681324467,0.9292020897661767,0.5749211890847644
2024-06-06,0.9004818054037133,0.9005967290422395,0.8978660192123238,0.9005049593472643,0.060101856435836855,0.9118315052447563,0.9166144441451126,0.49700775573014416,0.6002509010417261,0.6034723987262618,0.5098766562307036,0.9044118931854185,0.9198111926950485,0.9210291057675256,0.6788688450966224,0.9328295580289719,0.5131700383862061
2024-06-07,0.9055514762352607,0.902836997949158,0.9034987755904863,0.8989561652235684,0.050422215385288134,0.9110889284345922,0.9186735521113306,0.48538651305052444,0.6025612778518701,0.5982865709440346,0.530091488529085,0.9040478932445226,0.9232078427555351,0.92249583073754,0.6495503419793982,0.9295046615235977,0.5035658564861992
2024-06-10,0.9020791193316685,0.9069941883428674,0.9055703686317659,0.908249143229725,0.053242710986658094,0.9105490933473896,0.9204707671776783,0.5404135977016538,0.6169193987552384,0.597424002873681,0.5747390874568741,0.9048810751425488,0.92570997675642,0.9241543048558737,0.6289942502226348,0.9329177226940095,0.5417711551610978
2024-06-11,0.9038847672899066,0.9179415457247851,0.9087358502425072,0.919368371799876,0.0576796035688796,0.9111054351354606,0.9229836442482963,0.5993833644373425,0.6432394953530204,0.6027577391475618,0.6387301797421878,0.9068399794240996,0.9284287329251618,0.9265093245789645,0.6333509403073954,0.9364694747909835,0.5478399049855849
2024-06-12,0.9266635620758759,0.9423766341334963,0.9273564593476663,0.9387403477610443,0.11870522697493258,0.9139083628344623,0.9272126918371691,0.6844159953206697,0.6907716769286858,0.6179032564310374,0.7400593832782449,0.913442424016834,0.927511901521486,0.92952706652284,0.6595071532591943,0.9419288007355061,0.5759030821308013
2024-06-13,0.9394649538988016,0.9423534896882009,0.9416011020677967,0.9399423035623684,0.0686859395326973,0.9202520757355309,0.9310319973990936,0.6891917677954904,0.7276525332263826,0.6384604660376209,0.7959475520364412,0.919597409239206,0.9254233210768356,0.931738082352548,0.6367660310917908,0.9458245951784667,0.5130874811360676
2024-06-14,0.9335156594546332,0.9417761600256331,0.9354331054767538,0.9422309815268606,0.05011221074693158,0.9267207379102781,0.9346976645833046,0.698692574432275,0.7573666498098016,0.6617068022301202,0.8237189683462885,0.925346781693399,0.9245251589616795,0.934317211855913,0.6324954774237158,0.94913980138151,0.5167592553955265
2024-06-17,0.9434929490140953,0.959790668937671,0.9447434029720917,0.9556387458855156,0.10639718387726005,0.9349362251478405,0.9381210216156161,0.7508283669038636,0.7974837833989549,0.6894853427086369,0.8705244005217256,0.9333349519571313,0.9228307758426969,0.9376827433059599,0.6552030972570715,0.9542143954737843,0.5542755633616073
2024-06-18,0.9599750662727904,0.9579429726531974,0.9544493363851653,0.9509459430543936,0.07768075925367751,0.942072020463039,0.9408267000794895,0.7060072457535538,0.8186676186903908,0.7165564472162805,0.8632184971988495,0.9391215793308133,0.9217504988525159,0.9401925427739825,0.6414029694472533,0.9500374358102901,0.49338013682334647
2024-06-19,0.9599750662727904,0.9579429726531974,0.9544493363851653,0.9509459430543936,0.07768075925367751,0.942072020463039,0.9408267000794895,0.7060072457535538,0.8186676186903908,0.7165564472162805,0.8632184971988495,0.9391215793308133,0.9217504988525159,0.9401925427739825,0.6414029694472533,0.9500374358102901,0.5090162641843036
2024-06-20,0.9520812941564591,0.9496055431777461,0.9460235629501069,0.9494666019007649,0.09927098153559277,0.9471851903489158,0.9438189216458089,0.6916081905027354,0.8295033885345491,0.7406932765056847,0.8329153574804804,0.9437525034342128,0.9208502636866055,0.9421836569919103,0.6286588299417302,0.9451855966275209,0.5040647731110219
2024-06-21,0.954581459210293,0.9589592306957815,0.9582201122591704,0.9588982725830739,0.2110108649988365,0.9531399482528883,0.9470436136222676,0.7318558086588176,0.848158735839575,0.764272325641292,0.827154994639403,0.9496458568962892,0.919229150801524,0.9444855104569828,0.6141574618452827,0.9535302650109739,0.5406302610806424
2024-06-24,0.9601835148450968,0.9639709935718663,0.9579873366782866,0.9540206409677405,0.06831971239065895,0.9587552422650908,0.9499548005620891,0.6826134261124355,0.8516783986767279,0.7839410981777041,0.7867723961066122,0.9542315360988795,0.9193595279284632,0.9469558780998791,0.6109401461724305,0.9496459183055278,0.49281524726551273
2024-06-25,0.9565953340705371,0.9608992274319581,0.9587786153627519,0.961602886400035,0.07222171031979674,0.9641960813996492,0.9529357065494038,0.7165375022789138,0.8616284705227913,0.8019533552104258,0.7696650639647783,0.9595751291202542,0.9187042610372915,0.9494405865929613,0.5962305775214469,0.9536522358944712,0.5343193362604911
2024-06-26,0.9583314987476663,0.9659340184027825,0.962130303798595,0.9643999856970955,0.07295260286766006,0.9687882571801231,0.9560963298266755,0.7287201616318659,0.869464085807848,0.8181564713795146,0.7509815239818555,0.9648900396758041,0.918336946826694,0.9520507793627971,0.5877658812264701,0.9576814001407998,0.5182827045876648
2024-06-27,0.9656929905012712,0.9718696666873419,0.9704630590391706,0.9659951291928319,0.059672378977156486,0.971567610091587,0.9590839502533514,0.7358777668369363,0.8737856573178298,0.8321080276453421,0.7277289899629964,0.9699805750069427,0.918661494554387,0.954880881094926,0.5728164934728811,0.9612954435514992,0.5142866338653114
2024-06-28,0.9677533019905493,0.9700450995222389,0.9579873002930884,0.9523561866779249,0.16552685952026588,0.9728335370360442,0.9610092903160791,0.5924094615152267,0.8528948818209254,0.8384880721287178,0.6495357182491807,0.9706307983962935,0.9258669133063379,0.9587388123618211,0.5910128123910927,0.9543725402314747,0.46402173041907246
2024-07-01,0.9575445333499755,0.9746411166030966,0.9562416436269231,0.9749645146506312,0.08197787644480123,0.9761715950137885,0.9638920593276551,0.7010594783637571,0.865810052286216,0.8465479587260053,0.6668839512868475,0.9736982551829106,0.9327551986326689,0.9637106182645975,0.6271421226329688,0.9586838216423944,0.5845851337475202
2024-07-02,0.9680542592630037,0.9797683158082087,0.9735820074150753,0.9808592732830772,0.05321850407535065,0.9787435013938307,0.9670434207960702,0.7244997724449866,0.8804778739531702,0.8563528423166324,0.684905058294332,0.9755571356699732,0.9419618251369181,0.9691796054927028,0.6239801303044056,0.9620961261393245,0.5282977235874277
2024-07-03,0.9796055648142794,0.9830708555939083,0.9846844709274575,0.9843035576768528,0.021616771797542768,0.9821452011488799,0.9699011749864578,0.73806670754977,0.8927469582844632,0.8670047326700406,0.6936523510211412,0.9769454741611844,0.9514148656788316,0.9745218992847228,0.5975994476424313,0.9645206056102115,0.5202197947341147
2024-07-04,0.9796055648142794,0.9830708555939083,0.9846844709274575,0.9843035576768528,0.021616771797542768,0.9821452011488799,0.9699011749864578,0.73806670754977,0.8927469582844632,0.8670047326700406,0.6936523510211412,0.9769454741611844,0.9514148656788316,0.9745218992847228,0.5975994476424313,0.9645206056102115,0.5090162641843036
2024-07-05,0.9828927697727601,1.0,0.9872215803895922,1.0,0.06899594417105384,0.9872984307752041,0.9730081695627956,0.7940758707906337,0.9210202698887741,0.8819970613390349,0.7384773585386984,0.982699856182012,0.9558912484637986,0.979726753191159,0.6169034788863105,0.9684260903555032,0.5599083814685265
2024-07-08,0.9989583622352172,0.9984988668260646,1.0000000000000002,0.9969486189486612,0.04527317108976391,0.9911786798690406,0.9758893213543997,0.7632698249813048,0.9339315292296926,0.8969458801591231,0.738028019287108,0.9860836749320646,0.9624687153715782,0.9847128999441211,0.591730457825618,0.9652621456223486,0.49926653511970204
2024-07-09,1.0,0.9976441690460127,0.9849637925522751,0.9814602511837396,0.07842024135071443,0.9939768810116235,0.978513972632972,0.6203931168471641,0.9163645669728491,0.9048844444845927,0.6656310198198203,0.9845579703150092,0.9728490503041406,0.988978369359287,0.6111026083218747,0.9610620708044274,0.4593879462805535
2024-07-10,0.9866198502228685,0.9956349340198629,0.9869655379523431,0.9969717225466874,0.08614224605778736,0.9975836785185243,0.9814249685820914,0.6862114996974833,0.9207208126215289,0.9122322950273746,0.6595305415214379,0.9855111742804393,0.9812224001776738,0.9935653354968649,0.616947840953176,0.965503524463034,0.5594432643265446
2024-07-11,0.9906940808075575,0.9917548516597656,0.9699509360779869,0.9702717118195092,0.1245226943697848,0.9981824578238908,0.9833914410969532,0.49549279177628996,0.8801089930630799,0.90881588684667,0.5483648151318755,0.9830094390572098,0.9893048484641928,0.9961970432172357,0.6722125394967811,0.959862352794666,0.4234650791294541
2024-07-12,0.9706700847650134,0.9723084544695137,0.9678562248860051,0.9676133051986009,0.07152595683673454,0.9983474740873363,0.985357913611815,0.47912192766593037,0.840094726269865,0.8969248315502958,0.46084459411999024,0.9823051996311353,0.993120669522889,0.9976897779762722,0.6604262590693654,0.9558777834661181,0.5002819280513962
2024-07-15,0.9682857387810948,0.974387126805953,0.9696717452326232,0.9685611214216345,0.05672928708303596,0.9999999999999999,0.9885270198527419,0.48415355343956207,0.8063095240135865,0.879679683314539,0.40555127146275727,0.9814074868115136,0.9971176224190262,0.9991693736939417,0.6503243485870586,0.9593998300267271,0.5121382605851122
2024-07-16,0.970415495809339,0.9675507933313092,0.9585692465506003,0.958297223594418,0.07817426789710658,0.9983003245122605,0.9913008943992888,0.41803832680766245,0.7612967942289923,0.8555816547991044,0.33477952268558003,0.9803097294425497,1.0,0.9999999999999999,0.6536486481028588,0.9552074439877336,0.4752387135074596
2024-07-17,0.9434929350228827,0.945725469591641,0.941158905814581,0.944427031835265,0.11411216077137276,0.9945850844325498,0.9937206746643866,0.3385718210272856,0.702695536150417,0.8228913619399199,0.24604463330392207,0.9811117774995833,0.9979498555184007,0.9994203532732181,0.6756878015095673,0.9498916907341719,0.46291987908138815
2024-07-18,0.9475440142211649,0.9452635049211295,0.9300330821404955,0.9371452042653079,0.10643466554638123,0.9897760307557751,0.9956806956621523,0.30050034169002066,0.6438075545381051,0.7832616361685865,0.1743790295473439,0.9824511440632785,0.9950476467390933,0.9987068537110274,0.6955208220578974,0.944815925018442,0.48448834918541395
2024-07-19,0.9215243159779851,0.9371569566188476,0.9244468644243521,0.9296090238530785,0.10757160950972416,0.982597790673961,0.9967373281581932,0.2627280740511931,0.5849918572148608,0.7380969075262103,0.11721739579868029,0.9845678393564262,0.9906679315093555,0.9976802149593108,0.7061459100566339,0.9397046200578909,0.48345001505913593
2024-07-22,0.9416410580292554,0.9451481090850686,0.9405305147765549,0.9430863122697948,0.06750058174673948,0.9771050899065473,0.998223074595261,0.3529831582387502,0.5578146831735281,0.6957451774911418,0.14626807560368232,0.9851001102027214,0.9884205895307888,0.9968627350451321,0.7044306502120803,0.9435633619090666,0.5550785270073993
2024-07-23,0.9465255130526262,0.9539013589936043,0.9502830680483151,0.9475016586606182,0.04640386810825332,0.9736421044030833,0.9999169215249492,0.3806534781415927,0.5424047698877518,0.6583369791727738,0.19732140944986531,0.9852959583164455,0.9875194271451483,0.9965257030142282,0.6885182545542264,0.9467626506164667,0.5239082736666427
2024-07-24,0.9385390463571144,0.937942275301481,0.9141823338133551,0.9106301644983287,0.15337264743961157,0.964837276474353,1.0,0.20839499876562767,0.4756552916045556,0.6131336951066894,0.11681922238118148,0.9895778672534982,0.9775153080953382,0.9938904082436825,0.7566400931892117,0.940219670610758,0.3851906309149807
2024-07-25,0.9115702916778377,0.9109666962451755,0.8907205058305058,0.8863575244117947,0.17787628862759308,0.9562799838147701,0.9988481871635065,0.12832934553217396,0.3879765871877441,0.5569043418470772,0.002949700790649934,0.996568068278152,0.9617313121037635,0.9898556052660773,0.7850099688574422,0.9329107417709196,0.424470001036453
2024-07-26,0.8870321431115181,0.90893426060054,0.8901617557513023,0.902238724431159,0.12821307704200915,0.9496132992241607,0.9975745743473935,0.2229189049737043,0.3439673813191886,0.5018486224081896,0.01507016905025571,0.9985028379867654,0.9528970285008321,0.9865593928256032,0.8068614113480589,0.9386672695320247,0.5657217466975613
2024-07-29,0.918005672736783,0.9163940808630476,0.9074556819144127,0.9056138402068432,0.06216725257803606,0.9431941426533791,0.9963767873204458,0.24218449907298228,0.3162767655039491,0.45146659006847417,0.06333673664616479,0.9999999999999999,0.9463356285065895,0.9841428088837881,0.7976708104128076,0.9423592991289906,0.5208727880747008
2024-07-30,0.9090701341930009,0.9092344512460931,0.8903712363201306,0.8968063221112166,0.19930174773899642,0.9369235028944943,0.994791832375388,0.20981154650692474,0.283765806458267,0.40372029189519465,0.09055675343583386,0.9998811964888877,0.9381840864013707,0.9801020225888833,0.8188985242036667,0.9343806410313176,0.4781819851209162
2024-07-31,0.8923564748830083,0.8924440510936521,0.878384289778951,0.8862419353336688,0.27897996760959093,0.9309899782478094,0.9923704423315146,0.17287178823605726,0.2452642986558033,0.35671154459493426,0.09817366238001685,0.998984132816343,0.9291259338579297,0.9752102968462039,0.8317310971741099,0.9239113555551574,0.47169816676591425
2024-08-01,0.8930277373706041,0.9055622262318249,0.8804324838076033,0.8833753119785474,0.18062962957178758,0.9255067015959549,0.9900127712506072,0.16297702363263727,0.21383181251648092,0.31191070086861317,0.12097534440012114,0.996486902306516,0.9211200163841741,0.9699922965478879,0.8693375166366742,0.9165163612089728,0.4987794628703525
2024-08-02,0.873813947156103,0.8767852463850657,0.860066276988355,0.8634486364007635,0.17392587687584043,0.9187598830258116,0.9870114366993551,0.09928845350445281,0.16319994153594003,0.26448208228216974,0.09383752575253029,0.9916818795729133,0.9118222406937014,0.9629325775260581,0.8930267080201071,0.9093309165995953,0.4376459317676224
2024-08-05,0.8198300736057086,0.8445438039613629,0.8164009102284275,0.8326106646350665,0.2619398637853675,0.9074939400694194,0.9826050157973246,0.022164937541457375,0.08205187985935153,0.20796710733412316,0.0,0.989537377939007,0.8967200228279697,0.954436289012372,0.9861996784862581,0.8993942804369589,0.39623477740958146
2024-08-06,0.8449006605227274,0.8552371269275268,0.8464732594227417,0.8429208407463301,0.1388539667318952,0.8968291324472841,0.9787285271230871,0.08826317051377197,0.038450404094307944,0.15277620634250638,0.013674108634984083,0.9858769853944133,0.8859807679504657,0.9472737877721166,0.9857488292739791,0.9054834272153581,0.5479958807372396
2024-08-07,0.8649014900327466,0.865422118149399,0.8440757762160686,0.8401929811553547,0.10531099634085206,0.8896461803076902,0.9744922987798917,0.08110984942027988,0.00558319692672915,0.10110127995521401,0.04998463227598293,0.9767982337348443,0.879136087518961,0.9391683113151598,1.0,0.9004427857944757,0.49881816792591444
2024-08-08,0.8505490567848113,0.8556758707883266,0.8498249642886037,0.8500408720421084,0.10181348809098051,0.8859427276217485,0.9705020863042982,0.14536014274488157,0.0,0.05848353160911246,0.14352082476750588,0.9702377603605651,0.8734548801266491,0.9329523649912678,0.9768737159117709,0.905374100101653,0.5459416184584996
2024-08-09,0.8542296406670878,0.8607336767268974,0.8552248263367143,0.8577386354645347,0.0945803068186965,0.8814047550043804,0.9667248061380503,0.19380949024771027,0.012693869832138771,0.027294535621767868,0.26154897610834965,0.9621021636741104,0.8705645208283803,0.9272718336842686,0.9438873637525091,0.9100793154907122,0.537574221588157
2024-08-12,0.8612439754250802,0.8623736521406071,0.8598335158910976,0.8595650282045169,0.07495084435268379,0.8767088487088763,0.9634871416762357,0.20545759130398372,0.030925705863105613,0.0065159969552843755,0.3690608893621622,0.9520734098090285,0.8698030477785872,0.9216367248702079,0.9043430060341435,0.91417094191252,0.5157364339549294
2024-08-13,0.867100648638735,0.8766697428008287,0.8722394588168337,0.8762091445747099,0.09565478133350411,0.8746084163316324,0.9600413742414019,0.3064785009844377,0.0750860790420908,0.0,0.5163544327649696,0.9425685062622889,0.8713286152004598,0.9173927630550646,0.8930327663258698,0.9189097438406412,0.570138966861759
2024-08-14,0.8791613850058758,0.883067225814216,0.8789429211749246,0.8827974376759116,0.0866958815454317,0.8742571577967739,0.9566198055765748,0.34333833511110184,0.12426507584071639,0.006042631682915467,0.6460511551204215,0.9351490647258048,0.8727787353009389,0.9142065069333652,0.8623851160058178,0.9233685033540406,0.5327898954744685
2024-08-15,0.8924875735360428,0.8926495831363986,0.8928217623476403,0.8941914924305859,0.10610123486482392,0.8753601562818482,0.9534756199016844,0.4041561452161318,0.1838850596941512,0.024521759369290907,0.7744865771480459,0.9291865612305549,0.8746404642259857,0.9119857957774681,0.8320947766221566,0.9284338465027796,0.5498502268912335
2024-08-16,0.8943428011530028,0.89318167746734,0.8919822023892472,0.8882628248250363,0.12190210100372789,0.8778906255507075,0.9495768919724369,0.3739556091912582,0.22552347900927378,0.04883470451788685,0.8347341587485199,0.923834983958364,0.8760155135962856,0.9098481931928808,0.7972173875525118,0.9228745908410191,0.4880174188086212
2024-08-19,0.890539501150334,0.8941303508537163,0.8900235655069751,0.8953493736756751,0.06301215186947634,0.8842885126176034,0.9460318961864237,0.4125161358059997,0.27174515319559844,0.07886365754509289,0.8937650854660033,0.9152937305972607,0.8801436303470992,0.9073801887398025,0.7736211413237531,0.9265930307833811,0.5342697799058261
2024-08-20,0.896893826541526,0.9036396716369932,0.9021021541293972,0.9029221644047769,0.07202024634827031,0.8904072501323098,0.9432915491895054,0.4524740070536594,0.3217462344795531,0.11433039688601782,0.9499227346868313,0.9050404160017754,0.8864472911635044,0.9050754244717195,0.7449594598915763,0.9305930508962504,0.5358066422923708
2024-08-21,0.9024132804379266,0.9048891804822996,0.9022887452646151,0.9013938436233323,0.06951912580253722,0.8966483126669773,0.9399566506170897,0.44326571386701513,0.3607504895345232,0.15163055916919865,0.9688570429741705,0.9034564274838439,0.8871722397289962,0.904597905767737,0.7208063419787718,0.9266712122402236,0.5036511198495467
2024-08-22,0.903062610380234,0.905791552261016,0.8857098195204983,0.8815005794026946,0.09524560644559771,0.8998564700857147,0.9368592527034371,0.33330631759581303,0.3636789620285639,0.18214091850639907,0.8987367127293164,0.9030763163504838,0.8870664984172866,0.9043468012297453,0.7511180606891557,0.9219452005348265,0.4390726362405353
2024-08-23,0.8859477530133757,0.8883692182234897,0.8798337508335652,0.8843722500053848,0.08846689041140818,0.90257247844198,0.9339548099677614,0.3507555187002985,0.3717976598102086,0.20840730464446716,0.8549079293844868,0.900879862911393,0.8875358727730762,0.9034231027324761,0.7440346670132216,0.9264593192565053,0.5193216132088182
2024-08-26,0.884533047474896,0.8837880062562185,0.8780849001719815,0.8767298641302279,0.046760724833011365,0.9043228919180274,0.9307506383299929,0.31078373393681563,0.3684236686369498,0.22864821970382296,0.7926810834389437,0.8973715576138583,0.8882488713048647,0.9019297983087091,0.7288078905001099,0.9232488757174546,0.48167220180610737
2024-08-27,0.8763930037338903,0.8770318999909393,0.8755432630286181,0.8775404094369881,0.04941645726386939,0.9044586499273206,0.9279328756083237,0.31628145215826226,0.36851847294607987,0.24486264929015955,0.7510983610329338,0.895234088707348,0.8885065737584693,0.9009337487153973,0.7018002074511615,0.9265423336601023,0.5119394988428718
2024-08-28,0.8810776886976154,0.8785127928560097,0.8686879359393852,0.870037142765947,0.060268962210668846,0.9031573970481549,0.9253372673184771,0.27587903984461953,0.35909997493239626,0.25567861344544873,0.6953467903537633,0.8940642860426748,0.8880479546439968,0.9000959593347589,0.7018960406654696,0.9229096419094006,0.4819785910991343
2024-08-29,0.881216798207257,0.8948244488361909,0.8763594453264879,0.8758730405394213,0.07715523501787408,0.9012893416126472,0.9231993620454154,0.3186146241963061,0.36195779540424733,0.2649854443930121,0.6797615193597275,0.8934442708307093,0.8879199762524065,0.8997080911583475,0.7284248992760405,0.9270701744356936,0.5302115892129825
2024-08-30,0.8827473806257072,0.8842738737336069,0.8799270237448557,0.8851827953121447,0.1338704664749896,0.9009752503396912,0.9216492443005156,0.3831510445676037,0.37951142446021063,0.27644834835745824,0.7020279316810648,0.8946318413587058,0.8889452144210688,0.9008317493265695,0.7102344729282132,0.9330035441121357,0.5426219990054231
2024-09-02,0.8827473806257072,0.8842738737336069,0.8799270237448557,0.8851827953121447,0.1338704664749896,0.9009752503396912,0.9216492443005156,0.3831510445676037,0.37951142446021063,0.27644834835745824,0.7020279316810648,0.8946318413587058,0.8889452144210688,0.9008317493265695,0.7102344729282132,0.9330035441121357,0.5090162641843036
2024-09-03,0.8881045107657909,0.8898037340219839,0.86803502785598,0.8673507274754313,0.10267712821698138,0.8981200405472934,0.9190066820627166,0.2829854512593096,0.3684521507709778,0.2830875732830779,0.652212352364743,0.891847968677714,0.8956188848855625,0.9026278140159966,0.7460125899026587,0.9280452336478344,0.44526757825339613
2024-09-04,0.8602754395996893,0.8698131745006393,0.8618325154707576,0.8661001474862609,0.06224533938870521,0.8943650524478808,0.9161664246049682,0.27651762325973,0.3594934026745818,0.2863485951051506,0.6173246363088394,0.8900731232669712,0.8999828604251174,0.903826186470079,0.737184169186035,0.9243507631686693,0.5044614300389749
2024-09-05,0.8642409733193479,0.8741166371445961,0.8659363619097681,0.8649190204671575,0.05490283658148438,0.8906454700256927,0.91457147365303,0.27007286834835237,0.35238462751515903,0.28733045144019054,0.5937870111516877,0.8873133947732312,0.9055697816587374,0.9051045251513123,0.7296895802257372,0.9208858088427011,0.5047087088657527
2024-09-06,0.8675804782695535,0.8684480103283445,0.853508006231848,0.8494259608946367,0.09717903587776605,0.8873746059918873,0.9132828593853998,0.19136616261370049,0.32575286633163797,0.28202081616741237,0.5288128914632676,0.8874035109028885,0.9054077371600401,0.9050727341840886,0.7429822814664284,0.9160993608940502,0.45244270787153884
2024-09-09,0.8633597654355407,0.8638206204408664,0.8566559542125698,0.8587357156673601,0.06348926228266488,0.8847602765931883,0.9117649545788021,0.26486294950380934,0.3206147140800881,0.2765971565696778,0.5276353280810147,0.8873162489701654,0.9056071955522332,0.9051242833293232,0.7349329077854548,0.9198327146266497,0.5435773832051941
2024-09-10,0.8655861564816674,0.8815899747180328,0.8695973278033988,0.8783742005177622,0.09706034392554894,0.884927960606269,0.9108145104327767,0.3965530328643187,0.34756880006656543,0.27842711861049885,0.602545652992262,0.8869778654766872,0.9079635342321962,0.9060967194007374,0.7531952464765316,0.9246154524343577,0.5811989334090583
2024-09-11,0.8825154699139435,0.8993130551957121,0.8739809830932902,0.8988463342729507,0.09450378174424073,0.887100668700534,0.9108856904351216,0.5048684993941195,0.40058553828278953,0.2920248482779617,0.7240749166232947,0.8893999618391928,0.9077568752443982,0.9072670643500746,0.7968745117307862,0.9293182757588617,0.5827225240795677
2024-09-12,0.9006275658466699,0.9071334486921667,0.8976951166505914,0.9080171120175461,0.07989217773182805,0.8909737409679062,0.9116454688111975,0.5468688077537085,0.4567928219315463,0.3157670012968924,0.8288394173323514,0.8931270356440331,0.9064204630809806,0.9085709240112385,0.7896870356990277,0.9335643612062391,0.5413440605616638
2024-09-13,0.9064716200224012,0.9174525870074504,0.9110094708584289,0.9163309950833409,0.06801439296094255,0.8950995100200247,0.9127953568582768,0.5830024580901265,0.5135987565807338,0.34776170420946007,0.9140659737593722,0.8973727774715643,0.9042000153346053,0.9097155384910341,0.7742230499623316,0.937439164062286,0.538051636976715
2024-09-16,0.9175337233474868,0.9213859385640382,0.9174451774925564,0.9180678880389685,0.05208546445254119,0.8984530235472863,0.9147011290554262,0.5905551883957858,0.5605513517105595,0.3841033468310022,0.9589581231152252,0.9021402602130514,0.9022305230905605,0.9112564632110229,0.752409817136323,0.9408160513585047,0.515031608603138
2024-09-17,0.9398666074026074,0.9406361347959953,0.9268888548041908,0.9268913298452348,0.09143731268926292,0.9045247782212692,0.9179907653118232,0.6286222673676243,0.6096736092625186,0.4244191044575328,1.0,0.907861012575841,0.8994199153789799,0.9128871854688358,0.7687208709536284,0.9454230212390435,0.53952116906948
2024-09-18,0.9277377684943704,0.9271703007945717,0.9225518228288389,0.9168405538238124,0.09162315929865553,0.9096991178664464,0.9205699682444722,0.554608021616948,0.6321712420573509,0.4618206670368104,0.9699042342263756,0.9101056453589684,0.8984805103694574,0.9136067675802468,0.7494805314238282,0.9408102420588704,0.4745723915449467
2024-09-19,0.9421857041646526,0.9398263266121845,0.9376849631770771,0.935089481656916,0.11355462094319499,0.9168548705586718,0.9238810921950643,0.6327932145200725,0.6751827024889938,0.5015858033366061,0.9943135685118277,0.9163281242951146,0.8953585073362541,0.9153488354037259,0.7672663366111452,0.9461085674135294,0.5721851085375126
2024-09-20,0.9328861889424924,0.9345973564189465,0.9314358955765271,0.9271692839014909,0.3748369937827281,0.9247828787757538,0.9265722528851733,0.5769547370856931,0.695280294438757,0.5379975796928536,0.9596824152158885,0.9213880433215685,0.8947549775711406,0.9177099119492428,0.7439106988004581,0.9326429281760161,0.4820928801110515
2024-09-23,0.926068014728503,0.9281651762174952,0.9225052065459122,0.9230933826816707,0.062191459489343494,0.9313458618486116,0.9288526074572788,0.548652550668389,0.7028515019306156,0.568859797211032,0.9023704576326408,0.9251676796548537,0.8947922515917387,0.9197117983434632,0.7296067494129876,0.9289501419055683,0.49505205775598116
2024-09-24,0.9230995354380782,0.9209694981816248,0.9125018510466556,0.9130425355722543,0.07692565979450677,0.9348812245595716,0.9307185419704315,0.481236994491904,0.6917329323254763,0.5910049021256231,0.8123462228487764,0.927220579574268,0.8964312542855546,0.9215891670533437,0.7257476145988655,0.9247967855729412,0.4744418451806769
2024-09-25,0.9157480390106081,0.9204373656075169,0.9182613706275747,0.9198511303666368,0.04866291954091203,0.9370232245357523,0.9322412959565457,0.5165149050924145,0.6908989738663048,0.608530120829388,0.7646352731534598,0.9298993060202195,0.8980326438885352,0.9237766355157683,0.7020525872266197,0.928066689002366,0.5326743440352867
2024-09-26,0.9279464315840902,0.925481214526926,0.9195671154358934,0.9179984350689016,0.057218110517824876,0.9380410870107266,0.933469527397501,0.5035334761795589,0.6853911700378026,0.6212897435173566,0.7154195346261715,0.9317028468075871,0.9011737350521924,0.926256239077813,0.6914417361558184,0.9245293625191896,0.5026224346884148
2024-09-27,0.9196672349360633,0.9174988978771842,0.915696340082906,0.910379223879765,0.06037359853696552,0.9374341449714215,0.9340343489138249,0.45041600663181786,0.6678015204832988,0.6274717585727015,0.6474906089872197,0.9326125530924779,0.9038507169960371,0.9280402121739258,0.6690018202643055,0.9208933999863408,0.48267286228011
2024-09-30,0.9119910420639117,0.914190284544656,0.9107995984925149,0.9156593557167151,0.07529754979205483,0.9371885307719842,0.9349902672998466,0.4819524070854588,0.6599219220662202,0.6306139938046671,0.6160978915869024,0.9340644666711112,0.9055177748705996,0.9296158533651743,0.6528762355359373,0.9249958639251133,0.5274126326399293
2024-10-01,0.9125476927071262,0.9097016865670008,0.895503222489243,0.8934040507218522,0.09314507123859739,0.9337736082578733,0.9349223911886099,0.3423730229046385,0.6192340162770769,0.6238156797792216,0.5134388597577768,0.9331410375966637,0.9092706190318497,0.9309628127572788,0.683187779375805,0.9203355119508765,0.4318879912156177
2024-10-02,0.8989346571013997,0.8966061102937584,0.8906065711508002,0.8851596917141183,0.0735405965519988,0.9305428982056704,0.9343026238796267,0.2989104014277884,0.5739159198180405,0.6080052304028658,0.4203678366301823,0.931939294537908,0.9125818988181574,0.9319481930814747,0.6735027335980736,0.9162879678615875,0.47979183178383894
2024-10-03,0.8874551699721912,0.8890401688148625,0.884963693561164,0.8837933093828403,0.05092743705031758,0.9253118833793829,0.9336885069189494,0.2917188667019545,0.5356043965304252,0.5865886432480181,0.362471571369832,0.9304657305914766,0.9161658588297403,0.9329239956876839,0.6585320857729571,0.9129472788483839,0.5041314038225652
2024-10-04,0.8888697417752687,0.8895029019469357,0.8865492406279163,0.8826816353338038,0.0937447779445365,0.9207751793929556,0.933729716263444,0.2855471887545397,0.5035936379449487,0.5621291803957702,0.3310468819505234,0.9259339894133906,0.9245618695333516,0.9346433173497583,0.6412555844014138,0.9082681808988567,0.5050363646515831
2024-10-07,0.8836750467865642,0.8833946941108305,0.8726286203883732,0.8675823321596468,0.1074107506797457,0.9151143451546422,0.9331438832894813,0.20713359288223127,0.4563078270821673,0.5317394678742853,0.269803416042943,0.9243672113878384,0.9271838364455872,0.9351006882985592,0.6486293191263832,0.9031619041556361,0.4548969451394178
2024-10-08,0.8718477438339107,0.8800399124359647,0.8706933505094706,0.8795553275368657,0.09421017533612469,0.911699429889851,0.9332424692173898,0.297940391667232,0.4374176512607212,0.5031043677514632,0.28792382422338864,0.9242483907879836,0.9274367277327783,0.9351617526824233,0.651116606221796,0.9078555497630708,0.5526133882151469
2024-10-09,0.8833502972827925,0.8909605550635739,0.8849869235762015,0.8859238165608437,0.060984237396398334,0.9082396340870381,0.9335349826395777,0.34258238588763884,0.4327455947518118,0.47912701001645314,0.3360257260057055,0.9245884336035292,0.9257021780785734,0.9344936572368893,0.6435114061435281,0.911510599994718,0.5319166730660063
2024-10-10,0.8818894053995509,0.8839500665816091,0.8823054787255568,0.8821722187693203,0.052192443383157934,0.904586194457438,0.9339583991047228,0.3205519238903823,0.424379293835163,0.45803035707520623,0.3657756278929445,0.9247192314456211,0.9228237739527668,0.9331574736963341,0.6240025736525565,0.9081303686898863,0.4956147832656179
2024-10-11,0.8839996814591278,0.8834409418534879,0.882538566170507,0.8832837506423689,0.05450771731949843,0.9018230872713343,0.9342169732310931,0.3289876067557554,0.42036783630244423,0.44023494611982605,0.3998685434177144,0.9238173081489375,0.9202929679370592,0.9314489278858086,0.6028637804675816,0.9115829721519262,0.5130023533485082
2024-10-14,0.8877797942412791,0.8994288007945682,0.8924952497813388,0.8898145335564831,0.07409345117153643,0.8991875173660284,0.9343785836103234,0.37867922371042223,0.42778593574115203,0.42769637247083114,0.45415747800092277,0.9222485375433805,0.9189870772389809,0.9299882266609135,0.6102376206083929,0.915647797687186,0.5324094493799838
2024-10-15,0.8980069660791894,0.8958193852020626,0.8872254803117885,0.8888881148196216,0.09164033839700272,0.8987269970852381,0.9351300650526485,0.3720849317467178,0.4331044472912618,0.4188827431486011,0.492626094603569,0.919057668564636,0.9183927175190985,0.9280234566803335,0.6135686251948413,0.9110344815129291,0.5057201702954669
2024-10-16,0.8817501518646211,0.8816593233892919,0.8760795824605042,0.8828205412739379,0.06515875829477147,0.8984884582217898,0.9357134721966537,0.3287513759004996,0.42915453505444956,0.41092783675037664,0.5014943836392249,0.9172749036782416,0.9167060847795498,0.9262646186622371,0.6239748819609525,0.9072489417189092,0.487407895167688
2024-10-17,0.8984243687336702,0.8958656177495437,0.8879949164265489,0.8842100982912364,0.05977935790777323,0.8985309609829627,0.9363865755195205,0.3408789028843054,0.4289577781470883,0.40451888054954954,0.5174598747213734,0.9113182673127095,0.9177219379746013,0.9236341495032484,0.6241447748607937,0.9108663291382216,0.5139960330466106
2024-10-18,0.8863188348563865,0.8892715507864821,0.8895572769771116,0.8875449782623577,0.07793688399267235,0.899026908688937,0.937716622367531,0.3706484262154313,0.4345654151511492,0.40067511634228903,0.54395138134703,0.9064238720056642,0.9187877539933491,0.9215855689774003,0.5995500396130229,0.9150512948953293,0.5209502975115272
2024-10-21,0.8839533352075826,0.8876750963227885,0.8837045312999205,0.8889808135637028,0.05498560860079368,0.9012090553974008,0.9387719328110485,0.3837318134973016,0.4418631813190941,0.3992703198265687,0.5691393317703288,0.9018458172353793,0.920097249513227,0.9198219457755669,0.5895102174052068,0.9185188365564287,0.5141367775087934
2024-10-22,0.8894495565843227,0.9145604836091931,0.8937078303462332,0.9091982390366495,0.14303707717944195,0.9042319419535594,0.9398474436218206,0.5397598005820883,0.47803040338071684,0.40642395136040005,0.6575247835994805,0.9011499797723523,0.9204382963849688,0.9196231952639452,0.6317314033710253,0.9247387413942426,0.5810094308690307
2024-10-23,0.918136683925131,0.9157173459041991,0.904177452635094,0.902459097212334,0.09752964565767056,0.9059181554546881,0.9399734999656603,0.4799298733314044,0.49674982914387916,0.4164311077096904,0.6869939897036601,0.8978010267461908,0.9221972760803526,0.9187240254273986,0.6428794988408606,0.919941333884517,0.4855085896250524
2024-10-24,0.905312107703796,0.9039174237834867,0.9038742965514411,0.9027601548666165,0.05010908727450481,0.9080176454203761,0.9397900744796025,0.48212612819534123,0.5119424081538081,0.4279139065250526,0.702233391769894,0.8946402838415358,0.9239820098975117,0.9179362048317744,0.6182828654575852,0.9232564424522723,0.5100736197055588
2024-10-25,0.9086284744980758,0.9190491064747479,0.9135978190413822,0.9106803526220414,0.07601438671399771,0.910811460724564,0.9395929125453798,0.5389682691013165,0.5354067033105662,0.44247033877287245,0.7339757255386725,0.8947065221897212,0.9239426786390349,0.9179517732175732,0.6250472889916293,0.9273813136896341,0.5368245643779601
2024-10-28,0.9199920342106229,0.9177072167020215,0.9129682315562313,0.907067660770652,0.06026661960634878,0.9125708778556303,0.9392090931655547,0.5038474292091619,0.5481189614102959,0.45702489572074595,0.7339563587540114,0.8926874348143803,0.9252037987635823,0.9175075817379589,0.6162101245472237,0.9237486951653983,0.49643320216431486
2024-10-29,0.9115041006995582,0.9205530577240362,0.9118022895094949,0.9194806197422876,0.08183185410884991,0.915690600823822,0.9389505190391848,0.5876961782494499,0.5758367424185714,0.47501221527271936,0.7694075271261615,0.8974470627880561,0.9228477937621437,0.9188557429388821,0.6201694822701364,0.9280554121266054,0.552408896587086
2024-10-30,0.9333963533955385,0.9328851892201164,0.9264925189452092,0.9208238273875453,0.1763559384238646,0.9195660508680429,0.9390895032212033,0.596099021994249,0.5987110824604275,0.4946372430950246,0.7863206313316933,0.9020701764171853,0.9216542013741859,0.9206995822852967,0.6180797213979643,0.9353168169900241,0.5136535197794058
2024-10-31,0.8821908425747641,0.8811967509419475,0.8663328622967282,0.8601947967427196,0.36549703035859027,0.9171170494535349,0.9364762816199773,0.20226431260817607,0.526366466510682,0.49377999986881865,0.5747940787184906,0.9040927483566198,0.9169794250486827,0.9194795368446572,0.7545273785063273,0.9221431316723651,0.2999828368368964
2024-11-01,0.8674646548522302,0.8796696618071078,0.8691309873408317,0.8695044804274491,0.13326217021987685,0.9152773388579021,0.9344642441804519,0.2639871426063723,0.4831271001092257,0.4831981589895591,0.4743652438383681,0.9046905201254525,0.9149407512024202,0.918798276630962,0.7611234503259566,0.9280574868764748,0.5431816236731521
2024-11-04,0.8692966667521747,0.8679159854072618,0.8646306728003842,0.8650811721813059,0.09766942104876836,0.9128401320864826,0.9324400850323348,0.2443727199626488,0.44298198557269486,0.46554481085765137,0.4013356687785917,0.9049385972012239,0.9144090320344511,0.9186689664123723,0.7370112818001001,0.9232557101876125,0.4929423014174986
2024-11-05,0.8659803237267294,0.8782813356059576,0.8704833016715842,0.8720286729158225,0.08169051698153873,0.909049702063247,0.9310090313872558,0.2912974177843059,0.422445536719806,0.44672202535324224,0.3892585384976579,0.9052360859780415,0.913291826974898,0.9182798376230407,0.728474298677618,0.927558009152039,0.5343810055103843
2024-11-06,0.8753726761737471,0.8911225128354814,0.8761728215334762,0.8922229237027489,0.15240437098731402,0.9080058507772873,0.930045029381774,0.41145657048186307,0.4369925181996139,0.43499311498106713,0.4625191133546178,0.9054826076118859,0.9136939928566409,0.9186055020861269,0.7424164810281015,0.9340707222184768,0.5822062261316077
2024-11-07,0.8959197883077553,0.9059303112247926,0.8979982288866885,0.9043811743921424,0.09946151335362552,0.9081711570135192,0.9295698966031157,0.4731080715471226,0.4670394730175913,0.43248673074198796,0.5577629051538058,0.906804585372677,0.9146249905725792,0.9197537072913536,0.7345481579538627,0.9389285171538122,0.5521668915232711
2024-11-08,0.9052889184409917,0.905120485398985,0.9024285649259735,0.8976883819398676,0.07595425986978244,0.906846278601578,0.9291270883807018,0.43482126120973924,0.48115725209476545,0.4337127112922007,0.5963081550972298,0.9073507473992758,0.9155635545150373,0.9204984281560377,0.7114200386283609,0.9348055253957439,0.48555612222935507
2024-11-11,0.8987954326182651,0.9012103024209002,0.8889509512312378,0.8871975712360346,0.13539315928303816,0.9048199922658277,0.9281340012197162,0.3776665176952391,0.4770469895137085,0.4337527939556002,0.5840610321510117,0.9072863127706124,0.9153556298551769,0.9203631309448922,0.7187044531338206,0.9288245585164161,0.47199147444092765
2024-11-12,0.888892971890188,0.9003542631709835,0.8917491271091268,0.8988231595869303,0.09555248761152751,0.9027134124655112,0.9283230844952765,0.44027959257924204,0.4912364172963966,0.43703234602263225,0.6175160037029164,0.9078304404512598,0.9158229180929407,0.9208767737433071,0.7144283884740429,0.9335601628888563,0.5504906194523236
2024-11-13,0.8967547071854739,0.9116682974735655,0.894104153751301,0.9038485831416385,0.11195852653311741,0.9009823329250001,0.9289751763605044,0.4661419893214897,0.509892408581073,0.4439257207657678,0.6548370337108239,0.9088234456217605,0.9169825843714229,0.9219639255904389,0.7377416388647398,0.9388085966113623,0.526731742303853
2024-11-14,0.9045468342487606,0.9089844675186786,0.8982780606046744,0.9077624037353043,0.18024309985897524,0.9058331209350635,0.9298115048021748,0.48644668793570306,0.530200029337396,0.45408815645323364,0.6885976059734834,0.9101462594474133,0.9180549840814081,0.9231815821144659,0.7386456241937415,0.9461915085906605,0.5227427391960322
2024-11-15,0.8925340036646758,0.8965597759940713,0.883448080178193,0.8802268958154975,0.16463120380189067,0.9069265575675047,0.9297258541536414,0.33473953916100957,0.5053070564788772,0.45652093521531134,0.6087711219650632,0.910262844264172,0.9171544093001095,0.9228032365271964,0.7752069920286887,0.9392966021894615,0.4128265876523933
2024-11-18,0.881054478360394,0.886379424586874,0.8798571318353102,0.8819869634571456,0.1371399612377072,0.9086505545227073,0.9302284598286291,0.3449231994421433,0.4883791192089054,0.4545929189633957,0.5637358847211983,0.9102907886240235,0.9163835005340959,0.9224416537840318,0.76028501187339,0.9453321716035868,0.5153408576496069
2024-11-19,0.8769727973476681,0.885315072303099,0.8785745551608868,0.886688083583557,0.08565342262299847,0.9101454729766192,0.9304773355959662,0.37286687417206904,0.4822109074362253,0.45163880837329556,0.553139100922271,0.9086902016005821,0.9157202009615815,0.9212778765177502,0.7470619462268049,0.949758345339626,0.5258782993145903
2024-11-20,0.8856926218653084,0.8838111957592503,0.8763127626670371,0.8813616023745664,0.09391656892800865,0.9090378711735599,0.9303181510466935,0.3438484139232339,0.4697919833749774,0.4464332431124192,0.5298876536708295,0.9077849216088059,0.9144588416996,0.9201871339451876,0.7405495324006415,0.9450738774492605,0.4900040047303003
2024-11-21,0.8937391434654228,0.8915164239971758,0.8775515668328792,0.8772079308893895,0.10632065880280428,0.9062668332317473,0.9301449373622056,0.32121508313691743,0.4543425523014573,0.4387329323121195,0.50412366869321,0.9067981106066771,0.91281326782081,0.9188660814349284,0.7506684993020729,0.9400016754215416,0.49410814175712664
2024-11-22,0.8748471485329545,0.8859986919393403,0.8793505485544837,0.8867915166147214,0.13782400169916903,0.9051556067688576,0.9302673301571215,0.38412574005142325,0.4569028912966118,0.43315865972435325,0.5260799025871956,0.904503084936861,0.9127506936223659,0.9176310262474517,0.7378698391610813,0.9460586269637324,0.5435622548316901
2024-11-25,0.8911365728531194,0.8945302472003268,0.8882057069107974,0.890945259187892,0.16028567278815206,0.9055377836520707,0.9303067833793154,0.4103782570745605,0.46555676192527845,0.43067982350646483,0.558047401826074,0.9028090825469447,0.9128645036986315,0.9167974964888955,0.725210199879996,0.9528176982705422,0.5238409837246403
2024-11-26,0.8939483093402848,0.9129844029101407,0.8975514929874017,0.9122937657322172,0.12723777277675138,0.90691147173329,0.9311234521806545,0.528698648953349,0.5041803107095446,0.43753639439701275,0.6544569492933142,0.9012701404087332,0.9137581114009486,0.9164259354248044,0.7417799868675827,0.9585437394129785,0.5848834770588429
2024-11-27,0.9067752458935718,0.9087881604564314,0.9049579207511854,0.9006912809793479,0.08720656928720799,0.9065895004498625,0.9317469971369031,0.45444975756503164,0.5173720386596555,0.4460407968882479,0.6714746001658625,0.8973141766947909,0.9158795413051268,0.915385080781617,0.7270093464271494,0.954069016529996,0.4686702795723228
2024-11-28,0.9067752458935718,0.9087881604564314,0.9049579207511854,0.9006912809793479,0.08720656928720799,0.9065895004498625,0.9317469971369031,0.45444975756503164,0.5173720386596555,0.4460407968882479,0.6714746001658625,0.8973141766947909,0.9158795413051268,0.915385080781617,0.7270093464271494,0.954069016529996,0.5090162641843036
2024-11-29,0.8951102098495196,0.9033400950016168,0.895098227005139,0.9017819840701758,0.07111678194882817,0.9059796369347337,0.9323601144968922,0.46044226280002926,0.5291603883589643,0.45554227826671206,0.6817717327054839,0.8969899502511676,0.9206335314988049,0.9175351424851511,0.7211148143460303,0.9580407956358198,0.5128538614247578
2024-12-02,0.8985492702540807,0.9221649936632244,0.9032990530848749,0.9192320250275234,0.10184628455146155,0.9099572516409387,0.9334657373482419,0.5497897951713788,0.5637801041758576,0.47106675964022254,0.7439730590293089,0.9006146539002038,0.9220033227073176,0.9201060614658826,0.748123249364113,0.9629731351135208,0.5703454183160821
2024-12-03,0.9177665455239974,0.9209363147064242,0.9183223633020653,0.9197425789999099,0.08696918538277376,0.9138074450554603,0.9345390753297268,0.5522369699324152,0.5909744748070825,0.48971022758506927,0.7761837682577454,0.9027615006910811,0.9254849807800763,0.9229320616119511,0.724162447173369,0.9674404377146176,0.5107793257546789
2024-12-04,0.9251792261452807,0.9376284318750128,0.92974754225087,0.9341760009349491,0.14715381383791992,0.9186501065781837,0.9354105981489723,0.6183991189639015,0.6325224375757648,0.5141339424592067,0.8358781109070585,0.908610287190498,0.9257787181296285,0.9261450846254758,0.7282649978775099,0.9737890258619768,0.5588327940223226
2024-12-05,0.9365423481293647,0.9491970160196634,0.9380185880540016,0.9462425481121763,0.11348590454980612,0.9252664518930666,0.9369382881285583,0.6667869293431361,0.6813608467585711,0.5448503944797758,0.9008650936460871,0.9176452052445842,0.9217852608867337,0.9289379045574292,0.7322154390011996,0.9790852032403004,0.550071382345009
2024-12-06,0.9467201770191815,0.9525353898166855,0.9511025185509606,0.9484469868038645,0.091021890856503,0.9325311763584373,0.9385323907841311,0.6753112890264641,0.720847037813014,0.5784606259549818,0.9307500214752569,0.9252690856843279,0.9182547645110409,0.9312161114232974,0.7065725526496858,0.9836791876275391,0.5164285117967573
2024-12-09,0.9474173723257615,0.9577052977298295,0.9481353037880939,0.9541321780302128,0.09354721831354354,0.9393983553829138,0.9400485097036436,0.6975189856672801,0.7576763290534536,0.613777805396184,0.9483781847722927,0.9334104951635834,0.9154789399376793,0.9341342612712388,0.7074220702424474,0.9883521101451022,0.5280913214442144
2024-12-10,0.9515768290202193,0.9606959458770921,0.9507053556051576,0.9478900123714435,0.08827713946148213,0.9452053939001522,0.9414728811545449,0.6438509286390095,0.7744586930034545,0.6458724713415342,0.915098321962517,0.9388896523290481,0.9160160443613805,0.9372720664887865,0.7095496619869308,0.9838439227671676,0.48818748098993114
2024-12-11,0.9507867917396484,0.9623884613503957,0.9564296754540801,0.9610240879534782,0.09398294271707744,0.9501747517825924,0.9429224137701598,0.6977141006215803,0.803846723664376,0.6782741424322482,0.9182688561224988,0.9465287247670352,0.9143902642113207,0.9404878606455814,0.7044797912894876,0.9885304654074025,0.5531078128582153
2024-12-12,0.9625447630032788,0.9758579619707564,0.9682519325335391,0.9623466800804972,0.10674701278905788,0.9564621664671732,0.9443712270701431,0.7028905028229562,0.8254009332915402,0.7091285177405162,0.9022894687802192,0.9534117533967151,0.9131852596102858,0.9435122180508445,0.700828305730365,0.9936159946519294,0.5134002807299647
2024-12-13,0.9609879458196187,0.9648921866065996,0.9600043591186184,0.9570327814464314,0.10161670932809425,0.9620964609462074,0.9477500931904405,0.6544002844919585,0.8308093670654367,0.7350498277767288,0.8513442250451666,0.9584653936546773,0.9129700070428699,0.9460595014581407,0.6881371934152274,0.9886908313678943,0.4914245338415141
2024-12-16,0.9582690895508972,0.9666308888637056,0.9593033973153334,0.9670572549101009,0.1283302072580129,0.9669735204907225,0.9511538997199648,0.6978027557126931,0.8460696808791301,0.7592794517751222,0.8338736762551296,0.9638442966179,0.9163837104056949,0.9505486396228212,0.6837507952406969,0.9944510204522984,0.5423723242747683
2024-12-17,0.9669599762910108,0.9738410769422414,0.9693268118353001,0.9737171336211874,0.12157335553081072,0.9724776679338812,0.9549444202546314,0.7245681522696603,0.8639253483140934,0.7827497166737774,0.826031547216672,0.969432805490381,0.9200910497610414,0.9552910985050586,0.6713634922508899,1.0,0.5309647703802488
2024-12-18,0.9676803086339605,0.9677205812049552,0.9400044765502026,0.9341064057888941,0.13493400883630352,0.9724705708499329,0.9571104334060975,0.4344632898445661,0.8155450760274907,0.7904533007001661,0.66320430783662,0.9691628559156854,0.9254043651614688,0.9577426304592817,0.7424401252076347,0.9940333855080039,0.37929830949481813
2024-12-19,0.9451400732846045,0.9457657945725968,0.9383690010431632,0.9332709796842598,0.12337091391241473,0.9711477729927346,0.9585426801229654,0.42967887657336173,0.77286186067554,0.7868474060166446,0.5464079312193117,0.9677299678078041,0.9324439914373054,0.9604263504071845,0.7338930485841918,0.9884282168520753,0.5061736225598557
2024-12-20,0.9253651703833194,0.9470641394680892,0.9204018743360777,0.9322732596894889,0.44586944197603356,0.9694984295314019,0.9595158893685315,0.4236104021613502,0.7348898292838625,0.7752721609682767,0.4641060612142644,0.9647573260888981,0.9414737115412671,0.9632732333596997,0.7840859447205899,0.9727422047131775,0.5056186006749753
2024-12-23,0.9338002968443808,0.9329453679228583,0.9302148339815876,0.9291405539730972,0.09361046863018557,0.9669498659606685,0.9606133169824788,0.40377058755665135,0.6979009795118379,0.7575464530516773,0.40058838759246623,0.9621294342083285,0.9487856658152382,0.9654626827852842,0.7581904929868083,0.9680673050810331,0.4983375547478645
2024-12-24,0.928943708844389,0.9374661802218951,0.9333924264581247,0.9386081240923394,0.0,0.9660033295418394,0.9624071314221682,0.4620858613043432,0.6806394475077585,0.7394152987679203,0.39640122142757994,0.9595615023114109,0.9565960355508544,0.9679268576212706,0.7383018279394846,0.9698160751326973,0.5413892435898644
2024-12-25,0.928943708844389,0.9374661802218951,0.9333924264581247,0.9386081240923394,0.0,0.9660033295418394,0.9624071314221682,0.4620858613043432,0.6806394475077585,0.7394152987679203,0.39640122142757994,0.9595615023114109,0.9565960355508544,0.9679268576212706,0.7383018279394846,0.9698160751326973,0.5090162641843036
2024-12-26,0.939237814280218,0.940572752605215,0.9390933288921287,0.9357771158221755,0.008040598894603117,0.9634287264148834,0.963696527015398,0.44242469587962124,0.6609388190586131,0.7204015597068432,0.3872865038802281,0.9589569283653266,0.9597337595338137,0.969140949146661,0.7120831436343776,0.9678159674409746,0.49942594171197036
2024-12-27,0.9288275233205028,0.9273117700255507,0.9150747480064093,0.9181878134847241,0.08553004546214119,0.9589255505318887,0.9641968507235547,0.3319067691461744,0.6178417044319706,0.6953270788381656,0.324695406545172,0.9569945577451767,0.9636974151627326,0.9700455216100076,0.7402298175794936,0.9633936502988103,0.4492648229598096
2024-12-30,0.9089828131745312,0.909529972721498,0.9046775540299284,0.9049609680706141,0.04680679605130616,0.9536154383787788,0.9640991031704166,0.2626578426084772,0.5633224876513429,0.6627898669643553,0.24762554652541818,0.9564977766403636,0.9645683816984473,0.9702098753976697,0.744312244003859,0.960181766639262,0.4632931511727457
