,Open,High,Low,Close,Volume,SMA_10,SMA_30,RSI,MACD,MACD_Signal,MACD_Diff,Bollinger_High,Bollinger_Low,Bollinger_Mid,ATR,OBV,Daily_Return
2015-02-23,0.013895936858338287,0.011178709946774723,0.026114898782383156,0.01337667394370115,0.10228879309465475,0.006126998382196908,0.0,0.662345634757669,0.6662475615501389,0.6362752434994178,0.5479645230058245,0.011462314137014595,0.0,0.0004920408802168985,0.031400759268093895,0.10462448711132276,0.49473888017479073
2015-02-24,0.014660474279905411,0.011617622286187679,0.026931120398290348,0.012892855047656082,0.15105544799671952,0.006811290439436818,0.0003824620031137871,0.6447346214347673,0.6671122676572366,0.638658123858514,0.544467088536944,0.012329308797339733,0.0006289295751418233,0.0012482642509637487,0.028319095392461538,0.09804198820983713,0.4873852478440975
2015-02-25,0.012366907804923749,0.01199383542747845,0.027010953916140168,0.01337667394370115,0.1061241893135253,0.007627868252022829,0.0007972471074484122,0.6554768493900371,0.6678190207274112,0.6407337693486924,0.5412760588731668,0.01268256993439315,0.00235787192129,0.002284286476233438,0.025947220737942145,0.10302172591415389,0.5018424788235912
2015-02-26,0.014111892412474292,0.01223574671424782,0.027685258651570482,0.01403974974520103,0.24111381538279497,0.008336683842396803,0.0012114600365829842,0.6706072713778695,0.6685692587697416,0.6425740461379416,0.538831451888172,0.011995513310074923,0.0056680502075711625,0.0035674590048119514,0.023017732388556575,0.11281673345566055,0.5045037475450581
2015-02-27,0.014354749780780857,0.011958088573310072,0.027055390365932408,0.011853614349774472,0.1290223207819312,0.008373219879643429,0.0017110386775239517,0.5833942838066914,0.6665588334468778,0.6435645606523361,0.5300055766358878,0.01052053268712927,0.009416889619871943,0.0046626987543262055,0.020890993936297134,0.10702018719354214,0.4620647608656593
2015-03-02,0.01726891457661245,0.01563061560251902,0.029832244412292458,0.018107443860700623,0.20426953042917675,0.009164230700051706,0.0025004258248536304,0.7174662723611334,0.6706616683426847,0.6453400298915896,0.5381583420448746,0.01086533943446899,0.011282121007508583,0.005761740978923985,0.024999632964747012,0.11550090726588472,0.5885359467425118
2015-03-03,0.019013807645554853,0.01595304811578832,0.028998277897926722,0.015428473124570324,0.14619999959197913,0.009568863757012325,0.00314170645690251,0.6245338280700088,0.6707721431389887,0.6467868755392756,0.5347451629594309,0.010168519635727236,0.013911034375325315,0.006703172764508714,0.0260994794420836,0.10909160903863001,0.45537917985860793
2015-03-04,0.015865781612895286,0.012817971559984181,0.027889318644078676,0.01403974974520103,0.13016477923010542,0.009991771569419383,0.003677099326300365,0.5795597137121773,0.6690151469710144,0.6475233679016645,0.5273672295460472,0.009641182913139507,0.015804985051915632,0.007368399650264118,0.024004816089608305,0.10325430967669255,0.4740511067714504
2015-03-05,0.015730896432100905,0.012809057818392255,0.029220105810643715,0.014380245351556548,0.10435337871885528,0.01045122140736024,0.004210669618207263,0.587412631580468,0.6675060217643393,0.6477509686289675,0.5220817347422596,0.009706681014518104,0.016643480320589238,0.007816484281159525,0.01959680459680603,0.10817088007628979,0.4996751902301061
2015-03-06,0.014291767688934892,0.012217845760244983,0.025227797570697097,0.010088549856863943,0.20298834488372425,0.010116908806926839,0.004586805878552647,0.4565751505955375,0.6616785742456199,0.6465367666698347,0.5071067575922451,0.009652258755172088,0.016516601587251933,0.007725816442435002,0.021201295059550526,0.09973586169445858,0.43081079087063157
2015-03-09,0.011701505547040636,0.010184627147805242,0.025077089578260048,0.011952295959068854,0.14813401853638833,0.009971697333670926,0.005005813868168257,0.5043093808909536,0.6585535109258323,0.6448166259262518,0.5018519319439627,0.009634762679833597,0.016953088025236207,0.007932568942208812,0.01957524769798058,0.10621414909783553,0.5228039401572769
2015-03-10,0.010909859297145191,0.008079471841811015,0.02163471368051978,0.006379237389404491,0.19349777934639137,0.009307651675436318,0.005287297301146687,0.36503691016291634,0.6503090202291146,0.6414650964130724,0.48490785923739216,0.009609018825899512,0.017000515659695487,0.007942786441320598,0.02265046820502971,0.09811767253807249,0.4109362570747258
2015-03-11,0.007303140798112284,0.005858096557638304,0.01972730455636984,0.005976081898099644,0.21348264177195306,0.008553181383490038,0.005725305244472678,0.3561406399727968,0.6432030747959341,0.6370812564317077,0.4741859859753787,0.009515812344175117,0.017160798358051815,0.007974129473570929,0.02270145266632112,0.08930830782504635,0.488412015648535
2015-03-12,0.007995629476425598,0.008204858293019618,0.022610554958624296,0.010303505421871584,0.1609621948258873,0.00817228140575374,0.00645453420436809,0.4679343508552946,0.6416960641057562,0.6332130979316366,0.47954200207363473,0.009324081937223588,0.017694873752733403,0.008139614579342508,0.02411372588526753,0.09624419432067711,0.5612128095222497
2015-03-13,0.010190352524315771,0.007165888478351395,0.021013739298190143,0.006226971078872656,0.22314457607651206,0.0075986603812307485,0.006993131355888305,0.3758194810126512,0.6363748053478825,0.6288435736861693,0.47433467332349283,0.009590219402370398,0.016869899877206496,0.007868570559166566,0.025172827469942094,0.08709017482060995,0.4329863560290536
2015-03-16,0.008436493150640018,0.008249755326144859,0.022903456144375223,0.009801888592721686,0.16746604756299333,0.00675193154261941,0.0074421424353662,0.45900508773591736,0.6356080088535343,0.6251642264133795,0.4815030497542939,0.00959105346242331,0.016812143492217824,0.007840452037875256,0.02606745636022602,0.0942580628916391,0.5495723791201602
2015-03-17,0.009488804793429145,0.006735937374320322,0.02069438240390059,0.005752124573196543,0.25807116292069504,0.005765454045745605,0.0077386594813473875,0.374765463211631,0.6309622476700059,0.6211076033957678,0.47758455542000244,0.009821715078076304,0.015978339025790433,0.0075468198197959635,0.026690410950559365,0.08385816291138981,0.4332636155209746
2015-03-18,0.0059180663090788455,0.00639561512918238,0.016143203769734715,0.008592378064517348,1.0,0.005210109273740771,0.007995985808679384,0.43802094356596094,0.6300679564043458,0.6176480287866929,0.48378567181367194,0.0098374790206269,0.01582673400730278,0.007479984501737064,0.03333751831561328,0.12072370810126504,0.5383641518706426
2015-03-19,0.008823221441272372,0.007094247565061218,0.019682982666616167,0.008207049875844002,0.2808530084399118,0.004580768733942947,0.00808320540853491,0.4297515352781824,0.6289688145634367,0.6146170097885878,0.4882367735782595,0.00986252246924188,0.01562724357097353,0.007394247868033471,0.03474692851785159,0.10951114764658854,0.4887405795575501
2015-03-20,0.010334211989082465,0.008921475160511644,0.02333808073788729,0.010357325079321578,0.28012877138794423,0.004608169639074067,0.008031842962901464,0.4779091980969922,0.6302012157508453,0.6124874834375671,0.49759993534650826,0.009647129387760689,0.015537736314327089,0.007239362548755429,0.032969390225064885,0.12069787354691547,0.5273945723006634
2015-03-23,0.01314046849312786,0.010748802171622718,0.024367218649718386,0.009174658298407468,0.13234361069912337,0.004324997011283305,0.008074520768714621,0.4498556966413821,0.6299870668596895,0.6107325513227293,0.501490578761269,0.00939637910793717,0.015360949229283438,0.007023175256841124,0.03262454720142717,0.1147828522017517,0.47673365603723084
2015-03-24,0.009794596025775287,0.008885718283777738,0.023551045875816468,0.009246363997542056,0.09984066784856716,0.004617292794615174,0.008179950993209228,0.45160233283088763,0.6298686456408523,0.6093002313761253,0.5048413214759749,0.009179654598612669,0.01520662425231642,0.006835568857517793,0.03058319919272684,0.11953844785706373,0.4956956907158794
2015-03-25,0.009794610632827994,0.007954156645971044,0.01961202755088659,0.004336513392247138,0.23284527236413416,0.004450143231221532,0.00814451703653149,0.34015008959066345,0.6249552162426742,0.6069770957156869,0.49558905340556303,0.009141002412120347,0.014305797507222856,0.00637046639406591,0.033732438984710386,0.11003839087549738,0.42006379998520377
2015-03-26,0.0031386958204689397,0.0039053529037611223,0.01709235556681718,0.0038346762916479094,0.1600727093198088,0.0037906636419728634,0.00803267016764797,0.3298221035691881,0.6206515102611854,0.6040873999472726,0.4897045972654359,0.008916843956800424,0.013476510280447135,0.005845430939668855,0.034164046742985385,0.10313423357901146,0.48682885590519914
2015-03-27,0.004110026137437828,0.0021496337377841235,0.017553653426547022,0.0036554487557196313,0.09956117354963881,0.0035285039139482666,0.007763060001333144,0.32593552248266483,0.617190025929593,0.6009462561741779,0.4870929860096583,0.00888289420224514,0.012658440267842214,0.005423647831738543,0.030885004795712726,0.09838860787847659,0.4918229729731228
2015-03-30,0.0059090071998361415,0.003977052320636193,0.01879579440785137,0.004085624211474098,0.1957724957208811,0.0029457462602379414,0.0075476822468143745,0.339440548251199,0.6150237712119787,0.5979142968173713,0.48822700674247915,0.007360167024940134,0.012781464494226957,0.004702246610619298,0.02878981879598186,0.10656622677091503,0.5012932242488429
2015-03-31,0.003930260593618701,0.003582927443631617,0.01840543764107433,0.0031896627489921003,0.11750185139471736,0.002684510225513137,0.0072632849118901,0.3176671946317477,0.6126001830904745,0.5949080267567933,0.48849382315754136,0.006377101873201424,0.01252921403285856,0.004072578495434465,0.02684428898991545,0.10118063185643614,0.48070561276839835
2015-04-01,0.0038582891228888527,0.001110677997087528,0.015069649775241334,0.0023653629313548363,0.12224509405901207,0.0020496829175731535,0.00700446274789196,0.2974704513110637,0.6100726761158454,0.591897408710281,0.48844866372579077,0.005607191849267057,0.012114183213509683,0.003471949111088335,0.026521499359281095,0.09562583880431569,0.4817685824476256
2015-04-02,0.0022033257117624883,0.0014689963236191594,0.016347184858759634,0.0027595900865806378,0.07022243257965077,0.0014943291631375477,0.006759815176582973,0.3121674707622843,0.6086841263603445,0.5891562115289188,0.49124694627673704,0.004469342081084765,0.012087144363833985,0.0028740841329275013,0.024678674018254687,0.09932491034681906,0.5007682966505101
2015-04-03,0.0022033257117624883,0.0014689963236191594,0.016347184858759634,0.0027595900865806378,0.07022243257965077,0.0014943291631375477,0.006759815176582973,0.3121674707622843,0.6086841263603445,0.5891562115289188,0.49124694627673704,0.004469342081084765,0.012087144363833985,0.0028740841329275013,0.024678674018254687,0.09932491034681906,0.49460670735994955
2015-04-06,0.0012679540347985685,0.001540668669280043,0.014927750957379665,0.002437053945726131,0.13689712365684628,0.0006868789973080158,0.006383906170288806,0.30335256900524316,0.6075028383415918,0.5866802118806375,0.4940013640868066,0.004179676289680134,0.011591742799327315,0.0024804263458664266,0.0254601636551771,0.0932474587895194,0.48957410893303477
2015-04-07,0.003606457224318793,0.0035112893265729916,0.018121543895899817,0.004587373203493589,0.10241119935695911,0.00021921772055144562,0.0060816421218563566,0.38612939260579854,0.6089155495773598,0.5850379041051154,0.502660327523465,0.0032864314254698324,0.01175346934434926,0.002101512310296566,0.02476144049845451,0.09809474891942428,0.5282048979415904
2015-04-08,0.005441318410461193,0.005840187093380855,0.019860424707274255,0.007096059424537893,0.10125650028255445,0.0,0.005882290323030753,0.47092997356803806,0.6126949365739842,0.5846296159462718,0.5154772099833733,0.003339664163931194,0.011772759276327177,0.0021383917100041283,0.02440933508015468,0.1029008493091549,0.5334468647322863
2015-04-09,0.007887757390031919,0.005768504040568917,0.01971843839623405,0.006881001066187248,0.07686297230966335,0.00025940361884321805,0.005658904135746434,0.4635080645028063,0.6156219948511132,0.5850043216999002,0.5236096098312708,0.0033951797662486183,0.011809255820743964,0.002184948420131866,0.024201106368026845,0.09896490037395335,0.49131216394727806
2015-04-10,0.008319523873582896,0.005302755523925257,0.02032173621030131,0.00652261941814708,0.06095015821009404,0.0005334321320876745,0.005400390027239965,0.45053263824527706,0.6177077646289708,0.5858038460888776,0.5280218982928613,0.0028672440262624554,0.011964382742581575,0.001990427605556261,0.022227250462052442,0.09559658390051702,0.48911159291899936
2015-04-13,0.0066285506414237305,0.005696859019116263,0.01883126544373287,0.003906396675545848,0.06974912836540717,0.0005590155920551509,0.0051270852150610835,0.3617918220853336,0.6169027409709517,0.5862505783239145,0.5243576975713158,0.002825965713405154,0.011765732674095308,0.0018710375941214386,0.02353997664676677,0.09191439578508154,0.4544313410458281
2015-04-14,0.0041101447452206175,0.0026155541946673577,0.016595605473050806,0.0036197207266402687,0.08121451493458406,0.0005115179950987148,0.004628852423112395,0.35265268277097045,0.6161200390123016,0.5864204252150015,0.5214818867978798,0.002265607175872625,0.011704605101886034,0.0015529744925181221,0.023393891346733794,0.08782322120360496,0.4901554589444706
2015-04-15,0.0043979530232348685,0.0025080510983354898,0.018086061809702098,0.004157285856318832,0.07561034822541521,0.0006101645471286166,0.004241236298116541,0.3753237192727625,0.6161697530756445,0.5865682144402399,0.5212527895398604,0.0022202627911351303,0.011585723328727093,0.001470922474547165,0.020587420291575495,0.09171448727579062,0.5029637279586173
2015-04-16,0.004146085958315948,0.0028663158722480875,0.01826345570643731,0.004049749334761904,0.05060274883663048,0.0007818831736517984,0.0038976801885744206,0.3713981332894761,0.6162402471995234,0.5867033365284288,0.5211212250132741,0.00180944032853822,0.011539844227748508,0.0012372111592744706,0.01827818389712356,0.08871527744928676,0.49293875586933866
2015-04-17,0.0025990750398208473,0.0010390257593558827,0.014714780160849678,0.0,0.1952787904629201,0.000500550447101622,0.003403143557516891,0.2426361154748245,0.6124712125315492,0.585908356601744,0.5114609181273542,0.0017026201218704184,0.01079658355150398,0.000814970968605111,0.019932309185266214,0.08055526971784155,0.43176412451779717
2015-04-20,0.0022393397793026015,0.0,0.015531027211289683,0.0007168220351334298,0.08788769633454449,0.00032517746831792205,0.0030808498420174524,0.2759038258663253,0.6103980808214452,0.5847756410119924,0.5079530984480369,0.0008400513627402073,0.010689561426830918,0.0003189818001333167,0.017847970049170714,0.08488448606629684,0.5059249132242413
2015-04-21,0.002347260288467129,0.0022214350574150665,0.01698597274846106,0.002974633760168016,0.16277584761236386,0.00016076305510048794,0.002772108043106708,0.3735003061646884,0.6111841745049754,0.5840578201096147,0.512262313933302,0.0,0.01091725930776627,0.0,0.018405171712585905,0.09188506810789034,0.5301460770112858
2015-04-22,0.005189418642813748,0.017090633374193448,0.019824872970133023,0.012507629652325741,0.39315871399980823,0.0007124579660601482,0.002982863450223333,0.6430471000289972,0.6213156916668076,0.5859111203037062,0.5389667167144658,0.0011125905486388532,0.010100414147104914,0.00016778714065721068,0.0398140217517219,0.10710373104817118,0.6432154473413318
2015-04-23,0.013752131690778158,0.010784690619218912,0.02596417291828565,0.011468374269680837,0.11327679524084452,0.0011801282252475176,0.0031717433823679753,0.6080378249127532,0.6283152831276854,0.5890708939414155,0.5525361254479451,0.0023747952100427183,0.009530968849373489,0.0005347104982912354,0.03636886667306227,0.10186884982963021,0.4790395199414951
2015-04-24,0.01350027682664462,0.010641356071792646,0.025218936345353438,0.010608243629621206,0.09341637918195897,0.0015966465352178494,0.0031822233291929625,0.5789149476743447,0.6329564815004576,0.5927107647810578,0.5575225529919964,0.003254082816383147,0.009322193372702708,0.000883200200140849,0.034178749189593044,0.09734241758740775,0.48166749014467697
2015-04-27,0.014435704059628462,0.012182031392850678,0.02387044298266794,0.009246363997542056,0.11182832113690938,0.0021410417240871893,0.003286060250283912,0.5332638359447022,0.6352063951771326,0.5961617508526077,0.5555607414953342,0.0037734357462152757,0.009364394006596916,0.0011708442565845356,0.03695248139018642,0.09215920547756593,0.47404665603028273
2015-04-28,0.010550104008867967,0.008204930486410744,0.022025113797905782,0.008063667847101358,0.09499950017442893,0.0025940900830168923,0.003226282839637662,0.49458140781667764,0.6357323748790839,0.5990485668035936,0.5497011084514746,0.004067386369886905,0.009472969630468397,0.0013755085304232584,0.03602635965839995,0.08757630108273709,0.47665063971510263
2015-04-29,0.008931125968209885,0.011644565781759209,0.023338116367563444,0.010106465268075127,0.16670712873670618,0.0032005927925259914,0.003376028614141352,0.5503886508533296,0.638055841591135,0.6019147326011198,0.5494866300217188,0.0046341965904986016,0.009603860718122248,0.0017313674637381982,0.03872748409486723,0.0947171174517436,0.5257743917583269
2015-04-30,0.010082335943061238,0.008204860691120891,0.018511814249345254,0.005483246557395877,0.20686046298128613,0.003346733947368813,0.0032691055830346427,0.4117476390589057,0.6352425621115064,0.6035335908682141,0.5365317354699318,0.004625799650936319,0.009937130757339624,0.0018917778178434985,0.04355034936259866,0.08614397517088285,0.42466569082052474
2015-05-01,0.0030307449873380188,0.005195196004737196,0.01755368157019374,0.004479748573356895,0.173447633580934,0.0038034321673437177,0.003140923692948272,0.3854899428621151,0.6319764745075195,0.6040461082551236,0.5250409610687219,0.004598124258895553,0.010144946471791177,0.001980277346715159,0.044645723157624204,0.07876271551294398,0.47912908027035445
2015-05-04,0.006016898488032996,0.003332054878039392,0.018689274735532446,0.00379884546922557,0.11803023842699795,0.0041176360993773475,0.0029153775821592343,0.3674662164291413,0.6287083017510651,0.6036730533260096,0.5158431524351987,0.004551474539571915,0.01033517944766571,0.002050339442258964,0.040677354305875865,0.07335827228979878,0.4840599682543602
2015-05-05,0.005009528883871017,0.0042278185078094555,0.019150620217010972,0.005160725101304692,0.1317683012662928,0.004340502183902167,0.0027773384213482244,0.41155287269576496,0.6274733332784053,0.6030787054022038,0.5135447397812717,0.004560493525353343,0.010385486713731962,0.002079837522362682,0.037823391008828575,0.07925277153826796,0.515762436069944
2015-05-06,0.00637670052280917,0.005159401811693831,0.017837625687366382,0.004121410979606638,0.11105716168439178,0.003485549929900744,0.0026010912894073313,0.3814860521423081,0.6254973285077843,0.602129767464726,0.50986186597176,0.00444331139432852,0.010197640210247938,0.0019267963997225968,0.038793652840589915,0.07409706777080398,0.4785547931143327
2015-05-07,0.0043259552590159955,0.005625149833819704,0.01893768831621412,0.007382706003916828,0.10240099883510043,0.0030690271287150406,0.002705849851928288,0.48283030748594163,0.6271687325859039,0.6017710930221968,0.5159925123025636,0.004486653930654311,0.010204817289847679,0.001952608353076285,0.038626290663656346,0.07894399403374619,0.5451989247188792
2015-05-08,0.00993851658485978,0.01773563170648948,0.02415435243684802,0.01774011919181817,0.3410666889718078,0.0037961025038174,0.003184058026899972,0.6974337576951173,0.6386178889463711,0.6042274226411114,0.5452299536625353,0.0067928725042391835,0.008975608087514991,0.0025297315964977196,0.052359151196730014,0.0923044611690638,0.6530844138438616
2015-05-11,0.017709694296093675,0.01608745997458705,0.030471046777624827,0.0161273797484926,0.19090480668991028,0.004497603401383082,0.0036129677280324624,0.6495921554769557,0.6458918449004216,0.6079353587807976,0.5582294987637426,0.008288513395886404,0.00869328399404734,0.0031584825241697534,0.049264234981696436,0.08430047959121148,0.47095690866047835
2015-05-12,0.015011376984076064,0.013579401006213326,0.027561112993565007,0.014944727652341755,0.11827097074286322,0.005199108790164136,0.003986412290393204,0.6148802624543896,0.6502323116347903,0.6119417029737422,0.5613288505827978,0.009305728460898638,0.008814923955580062,0.0037411368464878025,0.04722129462826499,0.07888744910774725,0.47715079318167547
2015-05-13,0.01616377883353662,0.013581332576014515,0.028765313283783206,0.01523193225272565,0.07117720142562495,0.005721636251270257,0.004400545933114314,0.620418623191989,0.6536623382162999,0.6159686280685646,0.5615426097457171,0.010249464165090427,0.008986870626212923,0.004310910501669041,0.04319480654574369,0.08262057859795655,0.4988662050488969
2015-05-14,0.01692057789750062,0.01770889964622338,0.031111492548241776,0.02007855026730307,0.0989491422381169,0.007209587888545449,0.005009702437489438,0.7057306834432509,0.6607985218264207,0.6209000297179499,0.5709367632347669,0.01208368127390319,0.008749023926928917,0.005135567846798306,0.04355824067336296,0.08734437228073122,0.5664025678407738
2015-05-15,0.021029169939090903,0.0200777775494351,0.03274672429137018,0.018534770472377254,0.11179975967570502,0.008642459260203905,0.005552210883735975,0.6573763165320463,0.6645080315050734,0.6257339661804935,0.5699244617876915,0.012943054679122323,0.009785178720670862,0.006089153500189293,0.04389583955310283,0.08216217899838486,0.47217880992507233
2015-05-18,0.019731733553041003,0.018462633821276747,0.03210686306773572,0.02007855026730307,0.07982724396180108,0.010302131021073996,0.006158901934159744,0.6841634220566399,0.668509810419625,0.630559959512279,0.5698419621483699,0.013903914929976058,0.01080193717338837,0.0070852848682344816,0.04260401971463629,0.08620386767293832,0.5171732299750776
2015-05-19,0.021173276265028212,0.019611101565051997,0.03519956268670252,0.020652900729017737,0.05528886857851648,0.011881516318453161,0.006711395418408567,0.6941825037464546,0.6717469865459202,0.6351963960848525,0.567873171158775,0.014935436033688132,0.011570025056720196,0.007994804723548271,0.03813443886927842,0.08937023798209279,0.5029508204836929
2015-05-20,0.021569775413052023,0.01874974654483627,0.03335107209301233,0.01928868621957583,0.06587905037221706,0.013427778902286663,0.0071306998483088024,0.647207998859803,0.6724525425285213,0.6390745997182654,0.5599979458972759,0.015737648022531192,0.011442133668489368,0.00834367973481423,0.035648841717609944,0.08582610099229432,0.4748327108481438
2015-05-21,0.019046976086950523,0.017134631315000287,0.032640098728712374,0.017816773656180784,0.09880021461897992,0.014491503806900147,0.007506781062672885,0.5978199013024219,0.6710612792738334,0.6418438097142779,0.5484796191970831,0.016306731505548344,0.011511496601236765,0.008670295194443761,0.03185446284453419,0.08110761976717462,0.4731554695049678
2015-05-22,0.01814602293392048,0.017062891350126258,0.032711270967918704,0.01871436512738775,0.05856731630390211,0.014590825538311286,0.007926055192032933,0.6177458593031928,0.6703601514054871,0.6438911843317535,0.5409824294627636,0.01698086462025966,0.011654644437590927,0.00908734277409598,0.02809324177293089,0.08439093691813124,0.5077652643436122
2015-05-25,0.01814602293392048,0.017062891350126258,0.032711270967918704,0.01871436512738775,0.05856731630390211,0.014590825538311286,0.007926055192032933,0.6177458593031928,0.6703601514054871,0.6438911843317535,0.5409824294627636,0.01698086462025966,0.011654644437590927,0.00908734277409598,0.02809324177293089,0.08439093691813124,0.49460670735994955
2015-05-26,0.018181963549449842,0.01580658745985436,0.02919181170518939,0.01483694148980888,0.0935836677404416,0.014459268856931135,0.008301956623192053,0.4947994454725894,0.6655383321838393,0.6443737545314231,0.5247299209736761,0.01717404256931082,0.012035802891163155,0.009374969453840504,0.02911943426340506,0.07985853725772099,0.43796838595980303
2015-05-27,0.01652417665834044,0.016668067836344752,0.029867325139011996,0.01824762461104651,0.11065322101878733,0.014795990245888596,0.008805010231080906,0.5740384319972391,0.6646698852657009,0.64455172691766,0.5215662805261941,0.01764540753107191,0.012605970858179383,0.009898918486785063,0.029655969545051467,0.08499983189346325,0.5452123053943291
2015-05-28,0.018794754241093697,0.016811647397120794,0.03093381628965841,0.018498939649954887,0.0459635514952945,0.015129052791370085,0.009298219698479243,0.579581979790768,0.6638192277493289,0.6444902834735368,0.5190796388915752,0.01812781884787279,0.01297818147018412,0.010330698485298634,0.02860834296565315,0.08783355502534479,0.49828458559540717
2015-05-29,0.0182540449204176,0.016165489502136587,0.029938324846694897,0.015339542198099076,0.10276413741327006,0.014645923768789676,0.009686475669881539,0.4849201991259969,0.6596569386546968,0.6434438255980198,0.5088489958630095,0.017976430674709,0.014161468949020373,0.0108377898535226,0.02823012891735875,0.08297367509853154,0.4484169309267554
2015-06-01,0.01753318367240761,0.015627065597429657,0.029618362216914995,0.016883263253971742,0.09524227259466594,0.01447755708602369,0.010267091085457397,0.5230760670589254,0.6575465795277201,0.6421010077932865,0.5057709164489896,0.01766463402217061,0.01577661078829662,0.011475931753832908,0.02752216966411289,0.08756523952707192,0.5174647932898059
2015-06-02,0.01609178372165021,0.015663164945831032,0.028125500297066452,0.016632153801749372,0.05745953963004747,0.01412620631144959,0.010814419337626141,0.5153996160039835,0.6553127809135628,0.6404915253908621,0.5030012612841669,0.0169494531513813,0.017855726584261544,0.012136185881591127,0.02942134373367039,0.08432143832826126,0.4909116299100297
2015-06-03,0.01800184096794738,0.015806650886541124,0.031253728184117785,0.016308942161783663,0.06661960825915855,0.013683351514397063,0.01127298619745401,0.5049876349223834,0.6529372196481507,0.6386347443437399,0.5004327464739112,0.016119933351343207,0.019878272029041216,0.012709744635156756,0.026190676431177992,0.08075088459697294,0.48984582731807097
2015-06-04,0.015731307973615632,0.014550464494138549,0.02819653924336729,0.013652292265850907,0.09831466977850586,0.013108736434199714,0.01131235114420917,0.42303099473516154,0.6481958430308651,0.636013264420237,0.4924903641297971,0.014446739459789859,0.022609296360072945,0.013200093931484996,0.026222980595458717,0.07604972343927635,0.45542338484583417
2015-06-05,0.014505874645842853,0.012935227051122128,0.028089828767712516,0.014226657412328841,0.05655577339336681,0.012742733817932034,0.011407208500222227,0.4408766558394645,0.6448144810905813,0.6331058910070944,0.4895209921658183,0.01305713756553184,0.024765899339647873,0.013552204786339811,0.02375583887408779,0.07926128602519444,0.5031700072627875
2015-06-08,0.014145543661356091,0.011463727077184932,0.0267390397823708,0.011749528747590166,0.06576072431865615,0.012032687634539546,0.011446457294906759,0.3686015546101839,0.6395532008187743,0.6295193659452227,0.4824671279187954,0.013388038139159675,0.023798429488859102,0.013243998050709055,0.02176210145042004,0.07572136989216294,0.4577612282331997
2015-06-09,0.01227138092940161,0.010745825077110943,0.026419044220737542,0.012718811233168426,0.05709844115624956,0.011816749998298987,0.01156587475375051,0.40108487917549046,0.6362491798761029,0.6258584876710139,0.4816948740825012,0.013552829210845108,0.023272361721216633,0.013068632402687824,0.01878123059474035,0.07895229020049506,0.5091710582234829
2015-06-10,0.014253647915398182,0.01641683744207409,0.028480925987796668,0.018750254688863266,0.10541015278341642,0.011867991771823933,0.01193338647034689,0.5673976059196448,0.6394664564913168,0.6237006589467581,0.4973059787625216,0.013748038833929055,0.02346560126351746,0.013264420960794138,0.02291010616239683,0.08390655721742492,0.584874538940898
2015-06-11,0.019587639856333633,0.017673071408629754,0.0331378606794705,0.01878617361986537,0.07339887508644943,0.011897274496206006,0.012231881636591918,0.5682441060885801,0.6418934517073809,0.6225559148976114,0.5078281674111592,0.013927177280339209,0.023649387010424988,0.01344728125471814,0.02008506023068732,0.08771893693210372,0.4951313072161291
2015-06-12,0.0186145304272384,0.01666806482788244,0.0317158639132418,0.017673215410278692,0.06650332230996939,0.012135186152307437,0.012651094659862666,0.5309637353738355,0.6425501599847283,0.6217974699045604,0.5118403804501038,0.013626472853752292,0.02371153517352728,0.013323530447300419,0.018175277092161074,0.08415253128418984,0.4783541681066849
2015-06-15,0.01605567394709237,0.013976161977748869,0.02869421188895277,0.014944727652341755,0.08883022455428821,0.01193755770416463,0.013010985285598659,0.4460954642697766,0.6402326154551955,0.6206354198548536,0.507648422314701,0.013467430687739534,0.023503136801162477,0.01313882822326437,0.019017905665499116,0.07978969362838384,0.454584414059764
2015-06-16,0.015082568684496533,0.014622228178436197,0.02912081515418588,0.016524397008743086,0.08765308433179442,0.011926572191306023,0.013448616997217583,0.49094957444894366,0.6398240819091827,0.6196078933466356,0.5090456224856291,0.013049382830396583,0.023567658277372977,0.012955972462392301,0.018135601862361225,0.08411054103669773,0.5180345980131575
2015-06-17,0.017461186336513113,0.01548359228430951,0.029902831437602945,0.015590886606534016,0.12602540745984567,0.011853368374494494,0.013807310246608057,0.46182868701155083,0.6384582828263825,0.6184586205590442,0.507781130631878,0.012422196210459147,0.02369258273279526,0.012695539561339814,0.01743525330950592,0.07842089888821177,0.480850197752631
2015-06-18,0.016704312507395236,0.01702690653988395,0.03121810484023191,0.018283455433468876,0.12150657627644232,0.012325502901785496,0.014294342948893785,0.5371349656090332,0.6399039198411814,0.6178855834362856,0.5137660798867765,0.012254137847398705,0.02376261012425626,0.012643821971558694,0.01791449612055461,0.08394934797223491,0.5344353373598075
2015-06-19,0.01803785276215361,0.015196480050158223,0.02979622018217365,0.01537551986815433,0.14460055776453523,0.01244262631395468,0.014569215814026232,0.44757421429639493,0.6380591602586765,0.6169851410748889,0.5103655549650745,0.012090500807956817,0.02367856560655704,0.01251822318995957,0.017943272628496126,0.07759710408472686,0.4520565394986288
2015-06-22,0.01821806019812744,0.015591291009615954,0.031289270097581645,0.01681154287007383,0.0789683600212987,0.012958684927818737,0.014537282074746444,0.48783110501623633,0.6379053422729449,0.6162279317070606,0.5118532140088499,0.011841157505434796,0.02373964121798053,0.012420325888871792,0.016364821073638208,0.0816081551610235,0.5158669915312111
2015-06-23,0.017425035746825995,0.016129523984989153,0.03196455774054563,0.017996162724505244,0.045857466067964044,0.013496696602538577,0.014601549520436102,0.5201931417164882,0.6388322471969796,0.6158442547864867,0.5157328293785864,0.012038649316939931,0.02386323437451035,0.012582862999853811,0.013412754169937577,0.08443809407649328,0.5120434376025663
2015-06-24,0.017461172718700707,0.01544767873882677,0.03079154560916289,0.015985789260871075,0.061809042150596426,0.01321486684815118,0.014637351628676937,0.45678668528708916,0.6374709932775368,0.6152111507105201,0.5131422072444074,0.011818809479979708,0.023856277122329156,0.012466495023057217,0.011622656461903094,0.08103914000480013,0.46515614576296327
2015-06-25,0.01843432315072216,0.015375947343636509,0.029902885071866725,0.015124234198772513,0.0625128781588466,0.012841542053716154,0.014633647892650786,0.4306475154366883,0.6354559402762023,0.6142218517202418,0.5094426644755176,0.011514934711670644,0.023820817618091045,0.012292871578004877,0.011209116901239935,0.07761507911268276,0.48188289379128135
2015-06-26,0.015983512111781006,0.014765730666828708,0.02954734584769797,0.015590886606534016,0.1098535001050654,0.012629254278520824,0.014479317141411124,0.4456984220480414,0.6342504409462657,0.6131415694861657,0.5084976863521427,0.011520660831291496,0.02384102912387112,0.012305802864221865,0.010408932886155298,0.08272784657855167,0.5015225315019032
2015-06-29,0.013424647563791137,0.012181492202435196,0.023432904348334255,0.008302941380113699,0.16455073841577736,0.011952142177627328,0.014127444543611728,0.25851740252533145,0.6261098890029216,0.6103268309716977,0.49048312485151574,0.012342745114066356,0.02209350575691635,0.011864358398935265,0.017157209771832868,0.07566395168545359,0.3868030103927086
2015-06-30,0.011082003241869837,0.00855638820076568,0.023681741695468217,0.009846691805512953,0.10547543612331209,0.011271368239114316,0.013775570935794373,0.30892049043263153,0.6212649885536473,0.6069141803002354,0.4842730373180818,0.012556768126489593,0.021164767665936918,0.01151525673507145,0.015694373878322176,0.08062054745094455,0.5181367268356788
2015-07-01,0.01324449924600804,0.011499595670108442,0.02641905296921282,0.012359812825070177,0.09425078187000047,0.010941969028324144,0.013490371646573712,0.38550479271638377,0.6200052906805381,0.6038822305073791,0.48822710607641573,0.012469263065820524,0.02084464331318256,0.011312080057783308,0.016654840747137273,0.0851767440107134,0.532666693633552
2015-07-02,0.014001362071557333,0.011571383341274083,0.02673902393423605,0.01375997563504075,0.06961040126812887,0.010480812528532807,0.013300239292102306,0.42551640671982544,0.620480529559949,0.6015705400383664,0.49570792645365064,0.012469642386570667,0.020855457937989347,0.011317620202783846,0.014871138474665715,0.08885398353545657,0.515592717135352
2015-07-03,0.014001362071557333,0.011571383341274083,0.02673902393423605,0.01375997563504075,0.06961040126812887,0.010480812528532807,0.013300239292102306,0.42551640671982544,0.620480529559949,0.6015705400383664,0.49570792645365064,0.012469642386570667,0.020855457937989347,0.011317620202783846,0.014871138474665715,0.08885398353545657,0.49460670735994955
2015-07-06,0.011838883371436015,0.010853495813963998,0.02581468745246171,0.013329124680175025,0.07404966838103438,0.010272188088028766,0.013145909045871679,0.4137548286350465,0.6205191241025945,0.5997304350885341,0.5006059492139365,0.012463449231874257,0.020768469537071038,0.011271443513511864,0.014285119169321764,0.08501838910855941,0.4881859064595566
2015-07-07,0.013857164152623808,0.011140633821872081,0.022864125458664092,0.012072578855159694,0.0991449922578039,0.009789063556663702,0.012917498019010015,0.37911796004152637,0.6194077490950229,0.5979920606962682,0.501662552027447,0.01244450572326683,0.020821784042213826,0.011288063948513366,0.01843780668058781,0.08028760918010147,0.4758479132337668
2015-07-08,0.009892747061645918,0.007982158789992588,0.023290758132605505,0.008338904365405658,0.08838956200999243,0.008804532253128189,0.012694030525276262,0.28740515457931887,0.6149857345680577,0.5955418266847003,0.49426897339609055,0.012865655888878391,0.01992817538117958,0.011062724424697218,0.01902378430933291,0.07594049057708281,0.43857934285502037
2015-07-09,0.012199346286544177,0.010207497311917668,0.02460606568964513,0.009487752136467853,0.06522009666014514,0.008142074988071929,0.012392778514885266,0.32596040859118963,0.6127948222135636,0.5930566870568168,0.4939064336313551,0.012525170626941806,0.019317899355958235,0.010586182804631,0.020103093878574063,0.07946112176109281,0.5121149470387825
2015-07-10,0.01338865872867906,0.012360996470724694,0.02776993062771535,0.014406178643522893,0.07077734096876395,0.0080688711712604,0.012252028465747494,0.4688081488129355,0.6160630829634538,0.591851665276773,0.507202105571123,0.01196874689688121,0.01944027203174556,0.010360838747762918,0.022769972520195886,0.08317998766636543,0.5692049358308711
2015-07-13,0.017244885031541896,0.016165459308517288,0.031040335696035093,0.018355205186893347,0.10590997835449262,0.00835068595492977,0.012355737114551707,0.559704717081384,0.6226232728827918,0.5924594987566595,0.5260309414091574,0.012090212804997225,0.01938502165404901,0.010395926080929957,0.023403146309771278,0.08815208416446611,0.5533026632983874
2015-07-14,0.020560771616493362,0.0186781002111768,0.03331563884907199,0.02043765146874435,0.08149196912914064,0.00958778674454755,0.012477972523630781,0.6020576446531727,0.629862560426583,0.5946803312786599,0.5427840131199346,0.01295046074032663,0.019062730811158723,0.010678528628088463,0.021910364663579388,0.09225315592732733,0.5250692001155711
2015-07-15,0.02113727042075622,0.018606165268704317,0.034097591080449324,0.02015030002072757,0.05845511056345643,0.010638211663301672,0.012598961570491035,0.5932473817552621,0.6352340306828651,0.5977440256417104,0.5515382184831834,0.013534629089865191,0.018833029146265806,0.010865075804271068,0.019097259740853564,0.08897384131296007,0.4904380474269099
2015-07-16,0.022218429224603015,0.01971874908665347,0.035092895366949955,0.022124813292412754,0.0993857245736692,0.01163372698262402,0.012798969376011132,0.6341061996388448,0.6412927274212944,0.6016466720225033,0.5602518152976746,0.01457970893878513,0.018427001741992577,0.011201236360305372,0.01666344705163056,0.09371320850173703,0.5232840754499198
2015-07-17,0.022110457216236473,0.02104691763772068,0.03619505124626285,0.02323788898010573,0.0947975298416267,0.01259997454828235,0.013128618042626633,0.6563763723942273,0.6469784229865353,0.6061311072648035,0.5662944416495087,0.015520834247921833,0.017964603310318766,0.011456134404917967,0.014760239996912505,0.098288908330705,0.5106467683683574
2015-07-20,0.025318073881688857,0.02836895597988201,0.039572245221613594,0.029771933144090795,0.174583971715993,0.014276274285620366,0.013663220067926113,0.7651797823382092,0.6576081367585931,0.6122655825150971,0.5834322314794004,0.018360301238986576,0.0165120859097721,0.01219680789643382,0.02155450630354433,0.10571070276828529,0.5883541781478626
2015-07-21,0.03090434301042752,0.027938243849091188,0.04145634846757032,0.027330649986537753,0.18929516434060767,0.015831793264385025,0.014199054820201368,0.6859025818619704,0.6632134509216049,0.6185162211087972,0.584638737355377,0.020001119281796598,0.0159017298128864,0.012737999903515457,0.02191791954897665,0.0977641393971423,0.460457161933497
2015-07-22,0.0276606719879747,0.025318077585705118,0.040958617819679716,0.02715111407058038,0.0951157861236181,0.0177496470335107,0.01469538170817361,0.6801167508018051,0.6670301059921243,0.6244312196428522,0.5811526832155818,0.021351329718718948,0.015451405477420715,0.013209008178159093,0.018747561317652622,0.09317708691893903,0.49207158222314834
2015-07-23,0.028597703256173473,0.025676992411626548,0.03946553261208638,0.026361279392379727,0.18595143327532637,0.019469857383775574,0.014957124844243691,0.6535869912626817,0.6688050971470378,0.6295885143053704,0.5732829530025058,0.02251967547609668,0.015317139627805593,0.013742811310550301,0.01889533287628227,0.08534979913815927,0.483446149032007
2015-07-24,0.045104326289912594,0.04243873239024107,0.050841319978649574,0.037311237463709374,0.39894649010243366,0.021804966022196476,0.01559420178135365,0.8119007131104099,0.6804403600349771,0.6365022111663349,0.5915254511164357,0.02615684073109642,0.013846505123124464,0.0148842987671505,0.04352800360626506,0.10077492019305907,0.649806732931062
2015-07-27,0.03609404168284805,0.03450638998942021,0.04792614349268684,0.03393635579536755,0.1765281911822609,0.02339342207760378,0.01615349117175255,0.7145234378262029,0.6856603551636257,0.6432839028811453,0.5901544077233721,0.0283724792115293,0.01345339192762468,0.01582814515841116,0.04291671777297802,0.09328377271239388,0.4487230448583931
2015-07-28,0.03616626365858591,0.036193456575665944,0.048886080111264246,0.03709578261674992,0.1716421412119444,0.025091673378725726,0.01691526594183898,0.7541990205489892,0.6921844176130002,0.6502724508532081,0.5923028762723845,0.030660567083920343,0.014072457935179167,0.017309492896951523,0.04300284940620028,0.10060062791794014,0.5381078220727122
2015-07-29,0.03850884104434185,0.04067995485048684,0.0518010720771426,0.041655225400470036,0.246975035242803,0.027284042209430398,0.01777951511872697,0.8046659946371943,0.701024882788946,0.657981504305232,0.5997862532978158,0.03365623893883013,0.014270039330323087,0.018945993404835465,0.045639386497847184,0.110604713416197,0.5566450057691907
2015-07-30,0.04189665358264963,0.041864401412332136,0.053827365364898655,0.0429835503484364,0.09927351883322352,0.02941053389270623,0.018721548812272087,0.8182788997054238,0.7084198059132163,0.6659206037875002,0.6021755774950655,0.03655727827754662,0.014442645686698813,0.020521537963049147,0.04666069657767419,0.11534007806838457,0.5123786469484546
2015-07-31,0.043914900894378966,0.04096708232010851,0.0541117524089382,0.039249802434865894,0.14046934641176242,0.031042905052255793,0.019442581476052906,0.713618849404785,0.7096478157661017,0.6725661200373467,0.5887400502003829,0.038296902042456005,0.015287915757112719,0.021832950649813193,0.04564703596926041,0.10913520030075786,0.44489409273596087
2015-08-03,0.04081546823935864,0.03928019545000391,0.05300979139407533,0.0407936115993183,0.08507031219717201,0.03216653528489319,0.02031670963905266,0.7332078190900968,0.7111910148844494,0.6782522904617698,0.5787760086919068,0.03996477122595188,0.016413304239478455,0.023245956586027544,0.04375448219119048,0.11336391659412372,0.5154453434577727
2015-08-04,0.04059923228767012,0.03942376615414775,0.053080876070179,0.038998546135010664,0.10847234944539763,0.03335604565910297,0.021079720671177776,0.6837819977846988,0.7096985563165279,0.6824436270400365,0.5632502346731362,0.040869521480646986,0.0182757456705836,0.02463125650867873,0.04211604582968785,0.10830041671500032,0.47051407747891616
2015-08-05,0.04247331718080452,0.03974674602023556,0.05268979731190018,0.03795739641790166,0.10884976875416946,0.034457716842597436,0.021766187488756555,0.6551993220838672,0.7065819797232669,0.685049950584082,0.5467878336849598,0.04072588750765915,0.021508037798211393,0.02615508272160258,0.04178371786524136,0.10322345375825814,0.4805399992160356
2015-08-06,0.039770369389139276,0.037054917009925775,0.04781967507994886,0.032931301226420046,0.12499515475211712,0.03512751275361084,0.02234894363749504,0.5294793297576197,0.6983316690547682,0.6851581980096846,0.5208420970424835,0.039637867276607286,0.025079073607799013,0.02736121754318363,0.045161300599530316,0.09757056217300185,0.42643777355197304
2015-08-07,0.033931712093063976,0.033070790011522216,0.04700195280446676,0.03519298972896259,0.09881653545395383,0.03491156314079588,0.023039108130991942,0.5696125698637831,0.6932797914589206,0.6840343434383992,0.5080451315329431,0.03906817825300041,0.02783486679244776,0.028430667249095293,0.04306561678758783,0.1022896255852618,0.5258656366559811
2015-08-10,0.03829262426501304,0.03619343979110126,0.048886063781268224,0.035803317860732514,0.09267378119064573,0.03510189486099194,0.023734213632571638,0.5804043835296264,0.6891765497700116,0.6821521046841827,0.5001683354101674,0.03877361703061749,0.029957192314486153,0.029328346017187895,0.04314111228504401,0.10678956831260189,0.5029704796198656
2015-08-11,0.03440019052993318,0.03292717924777658,0.04664642966995938,0.03214134907011304,0.09864108647798422,0.03459680379512495,0.024554016462118827,0.4922610037265622,0.6816855135822573,0.6788514278394225,0.48543602966928207,0.038254713167122534,0.03171473569978109,0.029930483396818558,0.042200532982128974,0.10207676341209986,0.44453877047217266
2015-08-12,0.03144275870746757,0.03178217194543434,0.04411754131303694,0.03322020925934535,0.12208392581364463,0.0337368767715365,0.025357831716657037,0.5139475014806294,0.6762615462672026,0.6749112794876186,0.4787942947799294,0.037506088163846873,0.033853237899229865,0.030602910280099455,0.043005854547448555,0.10762580736621012,0.509562420985556
2015-08-13,0.03346436695569324,0.03393927239798186,0.04764270213763436,0.03462269226191536,0.08876698131876426,0.032884509960531466,0.0261234521302994,0.5421985884595426,0.672835352820243,0.670938229501925,0.47845256895271865,0.036864651329072295,0.03582079654930212,0.03124590707905614,0.04143112076070994,0.11198638904684757,0.5139693306106772
2015-08-14,0.03498049060901284,0.03383137157445795,0.0478919017190608,0.03566548667251265,0.04530255767885085,0.032519098687624176,0.02687678264485091,0.5632211198421784,0.6706616799308267,0.6672389677478316,0.4812962122270206,0.036177831285802375,0.0378282062361964,0.03188528801356813,0.039373353547930784,0.1147965335995481,0.5089275356904825
2015-08-17,0.03552187438512408,0.033975063711837755,0.04806983644759247,0.03634862186066376,0.03738695271650098,0.032065944036596766,0.027668423142350823,0.5772745940099422,0.6691423946588695,0.6639155307847752,0.4851996365382223,0.03620366825475352,0.03848592696397765,0.03222364861081908,0.037403002342942804,0.1173243173892167,0.5039516348432937
2015-08-18,0.036460702450003574,0.035017880122902384,0.04988604620225931,0.03656460535910158,0.09557072939851605,0.031817810374253935,0.02851070392261032,0.5819214749202832,0.6676963023228915,0.6609102910100205,0.4885045240022595,0.03589022600096786,0.03977285699071384,0.03269872152205108,0.03426323849506853,0.12192759833395506,0.49755370419415573
2015-08-19,0.03624393267367823,0.03584458523556486,0.048675231283412196,0.03631273229918827,0.0866228316240659,0.03165014132694624,0.029472723852448174,0.5737055739604495,0.6658665275808794,0.6580676769619629,0.49019360154678393,0.03532979265237607,0.04130895471255577,0.033170072797626154,0.03474221575650063,0.11764350148887083,0.49117278552573185
2015-08-20,0.03393355199120793,0.03429867728172395,0.04561298676060119,0.03469450075439298,0.21301545787082468,0.031829894737812864,0.030339583925880403,0.520723108738494,0.662420866180002,0.6549679898102627,0.4875235663962408,0.034213088608073594,0.043336954883162054,0.03359880431869841,0.03774772720943309,0.108850801882735,0.47252371027389883
2015-08-21,0.03010701092088039,0.03102714826347927,0.039025637032446076,0.02476953916055577,0.2878852482092984,0.03076725221610979,0.030695979889317354,0.28428630402606164,0.6496254887628341,0.6494224103177394,0.4621198254684412,0.0355821198752701,0.04060864766791558,0.03295355308190165,0.048101665350463216,0.09738739154399377,0.3583427526024261
2015-08-24,0.0,0.015711997120116394,0.0,0.014592836669674841,0.3939380338698128,0.028604901172040315,0.030566592037732404,0.14125068586151895,0.6294044794591834,0.6401409022748621,0.4233173976453012,0.03903668446218633,0.03500484280402097,0.031958358544594306,0.10654887462840934,0.08214092916776494,0.3494696279252524
2015-08-25,0.027183004227556512,0.024484104491867137,0.023500877817184046,0.009594422256990837,0.26203304561061347,0.026306303120645386,0.030193693390103665,0.08997901442235573,0.6086598440897312,0.6277451882397246,0.3909723590257559,0.04193329293514875,0.029131764038859392,0.03054345552613577,0.12514953695895886,0.07159970325921461,0.4203696934954751
2015-08-26,0.0188079762970145,0.021572120975650505,0.028129912294396986,0.02297165422169692,0.2158246815907102,0.025261490724064556,0.030290719759783563,0.36264665734752494,0.6057105204782833,0.6171219458570273,0.40938175910805985,0.04120755538758741,0.027941232987220427,0.029582214303497528,0.13539448923297134,0.08049261182686976,0.6974105493204709
2015-08-27,0.028085460198499973,0.026964676390158843,0.03845594902961444,0.029120722631327506,0.15262632836295906,0.024700579839112252,0.030531309078746488,0.4538180862442585,0.6096687357157046,0.6095717580603505,0.4412993873933577,0.03989422188694852,0.027863184406112768,0.02886899297463527,0.13168676424630937,0.08713114624060658,0.5829231226121273
2015-08-28,0.028663006309141564,0.027611763987201082,0.04130448849480664,0.029336441804026087,0.09732317905384041,0.02405535087631508,0.030741038307569496,0.4568799813753894,0.6131916363993587,0.6043757106145614,0.4657501657794191,0.03908834795282823,0.027668837493535242,0.028358965699760236,0.12389676154251111,0.09179693952953166,0.4976318123590678
2015-08-31,0.027977194983595938,0.025490725962672517,0.03852718000260172,0.02516514668353062,0.13612392409995697,0.022915225906599918,0.030582610923299586,0.39665794246743985,0.6120433636288145,0.5999437413561659,0.47368610146929313,0.03794391206878461,0.027231467317733266,0.027554905031707738,0.1200575620217908,0.08574706908800239,0.43615961238120937
2015-09-01,0.018952257904990083,0.01941494042110939,0.03026623166581957,0.016750424885269788,0.2009625212425868,0.02089522393450724,0.03021875698691004,0.29340837599891473,0.603098868556306,0.5942550248456532,0.4606331632546191,0.037505340108741125,0.025371448668983748,0.02641027314806646,0.12340084771742951,0.07738431468495743,0.3747836359235985
2015-09-02,0.02086565038237495,0.01783320458735546,0.030978484137434203,0.019123923175486085,0.15458074835108565,0.01914287145272489,0.029942701895702167,0.331958712354337,0.5986977247851389,0.5886495178661086,0.461497401361979,0.03672119601350432,0.02422601598903376,0.0254413196930314,0.11727464183011724,0.08409256600874182,0.529551461473261
2015-09-03,0.02270661439314317,0.02189559920718856,0.035571744183780785,0.02192871296346674,0.15085143755954555,0.017841434002559137,0.029790265938240773,0.3765722160656622,0.5983280930070847,0.5840765468519601,0.47222161670284185,0.03631186380874041,0.02350616546899334,0.024875253318842633,0.11283645636213152,0.09066778757097407,0.5355098227581934
2015-09-04,0.018519006345007166,0.017689257582586743,0.03076468644595723,0.01746959648252927,0.15970957074163916,0.017097224640720915,0.029107911913980405,0.3210026060811831,0.5940180460358473,0.579385463471017,0.470994867709708,0.0357316522165933,0.022264335320826806,0.023963411785418026,0.11050214251927418,0.08377658393835918,0.4302984981295788
2015-09-07,0.018519006345007166,0.017689257582586743,0.03076468644595723,0.01746959648252927,0.15970957074163916,0.017097224640720915,0.029107911913980405,0.3210026060811831,0.5940180460358473,0.579385463471017,0.470994867709708,0.0357316522165933,0.022264335320826806,0.023963411785418026,0.11050214251927418,0.08377658393835918,0.49460670735994955
2015-09-08,0.023789645333280013,0.021643975834611556,0.034005071400998704,0.02239621708749892,0.12942422134316392,0.01789275811503302,0.028711046549099256,0.39830944144549957,0.5958480093210711,0.5760710641703148,0.4852935042973249,0.034712304948713635,0.021928184461201622,0.02327363691229631,0.1088705691555017,0.08958746655880678,0.5669310517563074
2015-09-09,0.02378977705192567,0.02297428028404455,0.033577900900290975,0.019052055943955287,0.1505862239912194,0.01885693822453735,0.028090522797081324,0.3555115218013632,0.5943798460022225,0.5730677662190374,0.4885246923390751,0.03417202690759197,0.021127218818846577,0.022600212757584753,0.10795088253525628,0.08302170553760396,0.44646699051275035
2015-09-10,0.0192771844309729,0.020349719999219223,0.03368457645078318,0.021317415637319842,0.11431316826168827,0.01868829308641687,0.027391105528636134,0.3912184653331969,0.5958298427544039,0.5710125535779449,0.49837177889942746,0.03334361880017789,0.020749209879560276,0.021987832191547957,0.10257094451219254,0.08829355563955221,0.527652633384637
2015-09-11,0.020576767041627725,0.020924918841718737,0.03368457255451657,0.023223292325397632,0.09815350153313845,0.018087066057926343,0.02671155026426894,0.4210902235304052,0.5991980922853442,0.5701754311473696,0.5110232139680106,0.032222245395275295,0.020728077832351227,0.021401350462360608,0.09852809967430992,0.09298896769923862,0.5221592920459317
2015-09-14,0.02368130567883356,0.02088896139610616,0.03421866278182151,0.020526259330423263,0.11054101527834165,0.017188891844025472,0.02606764762547778,0.3821804634180475,0.5995297742655374,0.5695852056917842,0.5135875569212205,0.030734900768555506,0.020698017145371478,0.020622460320809805,0.0938212167308734,0.08785167560008575,0.4559086943599839
2015-09-15,0.02281503961388423,0.02070931077038915,0.033862707321216795,0.022324379225494767,0.1085682343508694,0.01689928330457227,0.025432490732596152,0.4123483275924576,0.601874313715257,0.5696747874864353,0.5206482304339546,0.028926300596381183,0.02111789636764491,0.019900934440761714,0.08974827691491324,0.09291859582865825,0.5206831799879992
2015-09-16,0.02270669508311221,0.022003529131140426,0.03578548587685182,0.02405042630234941,0.13396753377902815,0.017643498654697637,0.024918424898393382,0.4413098603160969,0.6056986813727006,0.5706627885516418,0.5299794712301239,0.026903409478990115,0.021917671504101816,0.019257099027192998,0.08489431852423157,0.09889154479427907,0.5194604616136274
2015-09-17,0.025775034539836456,0.026353458413056502,0.03738766329723256,0.023942405183603938,0.12286324568364917,0.01813472982985251,0.024436449356261186,0.43945741134377475,0.6088453797537319,0.5722071524377141,0.5357580154150996,0.02462566104251973,0.022997292989024504,0.0186206645764532,0.08491304846098832,0.09331470140422082,0.49306180286253504
2015-09-18,0.020432368568386122,0.020924921966644056,0.034574759325375126,0.019735161762579806,0.26250430972048533,0.01791110323285397,0.023982634126140184,0.36913761722537425,0.6074167385006906,0.5731003346999405,0.5289946558865438,0.02221176586905743,0.023948919079195413,0.01785102941598196,0.08153583433296449,0.08275666484199513,0.43440976731224135
2015-09-21,0.02332033019823057,0.022758419445801953,0.03639072736673607,0.023295188926454963,0.22676984154509344,0.018505006586105405,0.023573468761988153,0.4347629940955881,0.6100151590587798,0.5744374737201652,0.5336057183912574,0.022049076415260882,0.02396453553830155,0.017775176346562643,0.08006741495020067,0.09204000266059523,0.546397236282022
2015-09-22,0.02108203369990333,0.019414855284263594,0.0331503347519119,0.021389194760270874,0.1989734194801406,0.01840234339043964,0.023077767075161265,0.4023636320368173,0.61039396732143,0.5755979490936912,0.5317708389743714,0.021842893681682296,0.02488625942743808,0.018124838597851828,0.07834679335651357,0.08374820231527093,0.4672665330055902
2015-09-23,0.021659823474227097,0.022147328486418788,0.03525136204061369,0.02390657436118157,0.18391336900795846,0.018897248379788484,0.022794573176690508,0.4489834745295049,0.6133549693820791,0.5772357987558645,0.536728985558333,0.020518349998690844,0.02775261880801297,0.018861176980679212,0.07543873356239195,0.09150278947690921,0.5309892325717052
2015-09-24,0.022345650043909288,0.020277810500018895,0.034325517641388276,0.021353363937848507,0.1380293815831618,0.0189009132115516,0.02238647237151628,0.4035175253242526,0.6133468919344012,0.5785441430929408,0.5333066485349955,0.02044488238238007,0.027660524357449284,0.01877791841537893,0.07309576733937667,0.08538494868675318,0.4580704236169511
2015-09-25,0.025378098230599305,0.023261826156325688,0.036355203845982176,0.02297165422169692,0.1247666630624823,0.01887525938920956,0.02198579317864638,0.4349004800523964,0.615091926515411,0.5800089366685195,0.5349315752976884,0.01932288715769237,0.028186549971365688,0.018461558230294245,0.07056278149996101,0.09102968965204566,0.5179984275546812
2015-09-28,0.021768124159269736,0.01901958122531114,0.02503204675250395,0.010421541549179375,0.27786833574405667,0.017845110810896708,0.02111765391741019,0.2502776034432144,0.6043356153956758,0.5786035111806842,0.5051206550556054,0.019385684886577326,0.026152416616527924,0.01748841547974203,0.08256286216180195,0.0799235966706464,0.31435485644351735
2015-09-29,0.0121294534624867,0.013339240122825835,0.02563730318155638,0.015204178050111594,0.1976004292379598,0.01711922560787424,0.020390496504444106,0.3380676280746738,0.6008567086938532,0.5766456091540678,0.49938247491348214,0.019062316334179985,0.025451647311579922,0.016975938845792765,0.0808424585247974,0.08816642052279532,0.5668650928308108
2015-09-30,0.018627357547480988,0.016790538158487217,0.02941167274825418,0.019267657638547625,0.15644132353811221,0.016631635311333742,0.019795654480251806,0.4054233683095216,0.602415869522138,0.5754528694545533,0.507329670790004,0.018992546239260166,0.025786180090668104,0.017105446629196303,0.07864942672246475,0.09494104118057073,0.5548082477901158
2015-10-01,0.02140708433466612,0.020781154219460335,0.03197547647711263,0.020454392098892465,0.14360294672675455,0.016276041835282168,0.01925028616802274,0.42451005524546975,0.605091358128643,0.5751397367551633,0.5164655219378608,0.01902277155639015,0.025893256606036835,0.017173897224769336,0.07893553062809988,0.10125769887912965,0.5119032919856583
2015-10-02,0.016750196079069413,0.0206373046908849,0.029767744289856984,0.022899610773006646,0.11872387391338943,0.01659864883132181,0.018844659906961908,0.4637940217556415,0.6098416175794171,0.5760274140481684,0.5289374796937995,0.019121486481388672,0.025891723956650042,0.017223848435304417,0.0826552807912897,0.10668688505573641,0.530077581739033
2015-10-05,0.024908698524168743,0.026425422594250653,0.038883236959226436,0.028509425305180608,0.11518225272404936,0.017130226091450845,0.01897327458976364,0.5458757230808637,0.6192578667549412,0.5789937313835999,0.5505268326831367,0.020304465091664392,0.025811401784239157,0.01779183077945387,0.08194068756883452,0.11198973662290414,0.5752008931620527
2015-10-06,0.029096237937178276,0.02714443708959499,0.04212349580547445,0.027969995210564452,0.0844929626599697,0.01780112085316446,0.019433315065861517,0.5361536541932448,0.6262092825908577,0.5830323756387432,0.5616643283135029,0.0211428850125166,0.025520212943693138,0.01807859315729185,0.0755600931385905,0.10778161519962541,0.4870242881796982
2015-10-07,0.030756969792360672,0.02962522522501801,0.044331286536196196,0.032069599316688596,0.09319196770106761,0.018633319112897867,0.0202062363946566,0.5930419346339102,0.6356867557182381,0.5885341360771229,0.5768606735678887,0.022939762909022943,0.02500772848882951,0.018748325896692813,0.07225582587985649,0.11230004236866913,0.5523521111240384
2015-10-08,0.0319119984682735,0.03214163208566703,0.045684229457640085,0.034514729882223066,0.08307713022598237,0.019975084683176242,0.020603202761338285,0.6247833702442389,0.6454174536615908,0.5952670632628162,0.5896479253065124,0.025071451486598062,0.02416598849299975,0.019427307573104097,0.06888954023351546,0.11645765905752925,0.5285115987587714
2015-10-09,0.03566634330126209,0.03271682204606105,0.047713834453556064,0.034802404395032155,0.08786525518645535,0.021181197583633266,0.02079859579459134,0.6285738567147834,0.6531259255563794,0.6025003894225933,0.5948452128919036,0.02688385693028439,0.023487638771937408,0.020023035217267032,0.06332204051697596,0.12078607489866669,0.49855898306046253
2015-10-12,0.034583378276008464,0.03753431219323486,0.04867525307166562,0.03843438689901782,0.08049027788261648,0.024037031208714726,0.021111474122243595,0.6756405275295343,0.6624325141776914,0.6105169506912136,0.6029801178746423,0.029390153156537646,0.022746922332773728,0.020944381049628785,0.06452435154144007,0.1248514149257937,0.5444514910112024
2015-10-13,0.037182619705024095,0.03688726072086715,0.05038448489839262,0.038470423308126195,0.1182954519953241,0.026408961825095806,0.021569042579272973,0.6761024079923528,0.669368731312789,0.6185921484160792,0.6035891329643585,0.03151213767308403,0.022222203505301102,0.021775070375896016,0.06171031622064807,0.13026531868996832,0.4950946046750274
2015-10-14,0.038554319916242946,0.036923145708440325,0.04885329590719176,0.035593531332402145,0.12092514653049652,0.028073340379701023,0.022217057001364532,0.6074266948067648,0.6715202838308562,0.6255678282214034,0.5921692237936627,0.0327685453203001,0.022117953130012497,0.022368945512825728,0.0617175940247251,0.12475761002281736,0.4556616415795598
2015-10-15,0.038987533393318036,0.03746242601741415,0.05191553855282463,0.03969298859089346,0.10639756329933842,0.030034663125572875,0.02292442715158502,0.6652568573664048,0.6767206719990327,0.6323944083761049,0.5906206319633396,0.03469300166976863,0.02175736108120349,0.023179288990891084,0.05975917773372391,0.12974709936173368,0.5507002338319295
2015-10-16,0.04032325782204757,0.04152491784453041,0.05266331958961548,0.04206639877253002,0.15252840335311554,0.03198866519034929,0.0236169621573408,0.6960214996282925,0.6825626206365001,0.6392554295738796,0.5909783465368362,0.03682137531125451,0.021869823960645268,0.024328197053545525,0.06115641533342628,0.13638214065262888,0.5265910523248806
2015-10-19,0.042489153517816985,0.044364981891525684,0.05672248363001123,0.045626367197352,0.1695673550658852,0.033733691002749006,0.02458527348933484,0.7390017817035561,0.6900009515365316,0.6465265039503512,0.5952372767212827,0.03948306407731761,0.021428007430740553,0.025477102094165233,0.06036952897958922,0.14362498531796805,0.5421646172128224
2015-10-20,0.04505223035214709,0.04278313778343465,0.05672249481040301,0.043073215513072055,0.13276795240844522,0.03527342335939662,0.02529635545572559,0.6749662929680003,0.6926273517627495,0.6529726607158456,0.5866694452896701,0.04122757067530963,0.021872053244614137,0.026592711868158397,0.05761403110326843,0.13769482710715722,0.46093752027500673
2015-10-21,0.04613537489890504,0.042963050183912804,0.05451497134144781,0.04012463252297668,0.11500068343496453,0.03609461215312257,0.026021041354632207,0.605386576757946,0.6910671064787052,0.6577557443660027,0.5693962898605155,0.04232820098356066,0.022416321718536386,0.02742710620889202,0.058449898697194524,0.132398452371925,0.4553609258607712
2015-10-22,0.04234489373233011,0.04263946176864705,0.055690006796454555,0.043576785415739255,0.15203877830389803,0.037018464142514335,0.026786541071122966,0.6545290907046515,0.6925036499619955,0.6619264135425411,0.5630355770979061,0.04371655492047327,0.023286662922402473,0.02857046732696797,0.057796750877983305,0.13901602804861202,0.5410543096855743
2015-10-23,0.048012309494865096,0.04544342529320386,0.053232883226212696,0.045913982971107964,0.21075094201819367,0.03815125944870315,0.02756687391204235,0.6856131401199543,0.6951814428818704,0.6659045600678036,0.5610359815007833,0.04533665183585761,0.02399098579262246,0.029750815126981106,0.06487251289793822,0.14772794918903515,0.5256579151059873
2015-10-26,0.05025065070064391,0.04788825704228353,0.06085300544917113,0.04990571280611947,0.1301280573514141,0.039320730019815925,0.028577233303623245,0.7345637402611656,0.7004191404653994,0.6703420531015749,0.565806886378108,0.04581224412237972,0.027606644171637523,0.03178221547816237,0.0628675952271529,0.15356393862990697,0.5471922325827977
2015-10-27,0.050069992394524615,0.0474207538473804,0.06074604216669241,0.04753218514637661,0.16089283127724816,0.040244552067771694,0.029444129737703634,0.6752768363424251,0.7013783224955679,0.6741218718415589,0.558976092113214,0.04589007355081681,0.03089080553847043,0.03344544210487807,0.06029127244655125,0.14663052642962238,0.46378272004809956
2015-10-28,0.04931211175219932,0.04997348404585697,0.062099341082457155,0.052387026628395256,0.18787933190662034,0.041956603376733764,0.03041862540994536,0.734387752201556,0.7060429288883736,0.6782633874295232,0.5627327795467244,0.04696052074692059,0.033225714854609095,0.035149383093257075,0.059863920254460856,0.15452658506634676,0.5581912756807261
2015-10-29,0.052091665203613885,0.04932626184600172,0.06384399448528741,0.051092359157884654,0.12256335034100346,0.04311873829603305,0.03135231231469318,0.7020504908040226,0.707544013538691,0.6819362665091658,0.5578653860609171,0.04730144666439279,0.036060522907188336,0.0367256597393619,0.05643012802807963,0.148960439364991,0.4779405115847754
2015-10-30,0.05256101856105991,0.04968580831013422,0.06252655305165736,0.047748109905761255,0.19474020290878083,0.043697973339801105,0.03231567758851436,0.6217203797319424,0.7045452066772311,0.6841560422098323,0.5427730366697752,0.04687083835994921,0.03909455430087397,0.03800407709643719,0.05508754350789616,0.14081964380917478,0.4513589188741733
2015-11-02,0.03981798937134198,0.04033865034146186,0.05173764138778167,0.03926163835407595,0.5778616033996299,0.04304910649253316,0.032864763777021716,0.45527286348724233,0.693026548341703,0.6831719406127325,0.5094966460950688,0.04623557702864767,0.04087398693563396,0.03855726204798057,0.064560090891959,0.11901236900243543,0.3835441764956434
2015-11-03,0.03960115006322509,0.04885883587775461,0.05273442426273975,0.04889871984841801,0.35210161351854763,0.04364300086335379,0.0338108163322107,0.5897720700795259,0.6926866967479373,0.682303229370154,0.5106951234862862,0.04605983729962981,0.04323512134168153,0.03963401298957822,0.07764397426140121,0.13276646741796946,0.6246842140161515
2015-11-04,0.051297494187053844,0.04975768080329421,0.06373717313103258,0.05051698076273983,0.14280526591740433,0.04470247258698731,0.034725948196179496,0.6091427348875589,0.6932676082802564,0.6817474493825684,0.513945317453276,0.04642939144220676,0.04477124787517675,0.0405831026109362,0.07288055649246691,0.1390546707200476,0.5156979148464308
2015-11-05,0.05147797577644367,0.052921365191211794,0.06558874354221886,0.053789362783332434,0.15814277058414308,0.045743617157661426,0.03584142218162825,0.647412783723226,0.6961808252195053,0.6820008452266176,0.5223496502396373,0.04746688888838119,0.04569929162491218,0.04157475305712158,0.07101801878678893,0.14588998438719636,0.5370115314676805
2015-11-06,0.05562939366032596,0.05241801508270996,0.0652326390842187,0.051955353326785386,0.1342531483910717,0.046359518483922585,0.03683817158058514,0.6117141497200445,0.6958947162274522,0.6821350089051743,0.5211112706953375,0.04786277382022747,0.04707331405977486,0.042457246101157115,0.06863343992289364,0.13990684714662077,0.4711137467175675
2015-11-09,0.051405704036484395,0.04821169970242953,0.06156504064879795,0.04940214290345232,0.17374344871483627,0.04630818089780256,0.038178714443315415,0.5628773245555652,0.6924019820080516,0.6814054650764922,0.5121405562509299,0.04807053379355808,0.04799903246000528,0.04302152040880544,0.06766985692532856,0.13251503534676448,0.4616892438236534
2015-11-10,0.049202056567143965,0.052788053710272204,0.06320116782103455,0.055094104001458505,0.13871485665206632,0.04707909802052904,0.03955052897852282,0.635428551753185,0.6944995157863794,0.6813244085068539,0.5188759313321487,0.04907342500389067,0.04868710256323208,0.04387678340973336,0.06953496905727966,0.13865732799681194,0.5686584098389336
2015-11-11,0.0571582641313679,0.05538122915728369,0.06876592905297915,0.05401339353205195,0.13023006257000108,0.04724490171637566,0.04074543481999568,0.614083786633612,0.694330134079591,0.6812189786351188,0.5186227832104248,0.04915029061862414,0.050524555171035795,0.044824457207863294,0.06625550527963792,0.1328176998863134,0.4808263018971469
2015-11-12,0.05357804299842059,0.05141956086712604,0.06509183504988167,0.050879283242577816,0.14890517798890593,0.04722317920457689,0.04179174681250017,0.5531695057561554,0.6903786332259825,0.6801878374247016,0.5090080791495353,0.04909569138402542,0.05174569081892297,0.04539997499538315,0.06297156323785144,0.1263119041405586,0.4544914829244048
2015-11-13,0.050540146385480406,0.050771208293010434,0.06377191796546358,0.050158731277569285,0.16876355394341974,0.04746893551690343,0.04272918795417438,0.5392970438881888,0.6858691323421949,0.6782824278354511,0.4999276764570072,0.04909350342148805,0.05259030243057153,0.04581631315240406,0.06087684110624489,0.11909773219187782,0.48528150061571174
2015-11-16,0.04970836032590745,0.05055510343139444,0.06309416195782855,0.05300466777228249,0.1257540735784043,0.04887000010112727,0.0435715793314054,0.5818854799881563,0.6844614355264064,0.6764208096984466,0.5003825070679636,0.04956180029391655,0.05287161595432724,0.046195915456362785,0.0597072952739911,0.12477769547915675,0.531532433284153
2015-11-17,0.05386731083615018,0.051887700501200534,0.06626894272860293,0.05275253038663,0.10816021347652147,0.04926288563568368,0.04442385070476626,0.5764716248675272,0.6824704286170915,0.6744544610107476,0.49929474546347,0.04976695612951382,0.05366592591324601,0.04669390143422178,0.05551898285023628,0.11972532992909106,0.49136800720542684
2015-11-18,0.05393966248973983,0.05628165310217939,0.06723209128433863,0.05862458542159846,0.11366441507147507,0.05008943394644885,0.04533707666475864,0.659625849400133,0.6860338195047515,0.6737351864864759,0.5122472161984654,0.05047775098578172,0.05485287389220053,0.04764569577658098,0.0572974930438505,0.12497403809221348,0.5701001161995873
2015-11-19,0.05987064034295772,0.05811847153818786,0.07119162339623211,0.05750783854308353,0.09060715546207343,0.05046852246730879,0.04612780966108068,0.6340601591603985,0.6870741372779856,0.673409031667671,0.5163302704623867,0.051131015845262695,0.05562403207359759,0.04836242719867559,0.05536942065616428,0.12054781481151036,0.4805402372985993
2015-11-20,0.05983442309643286,0.05808240304376258,0.07165532419112061,0.057651896070937375,0.10452270738170966,0.051049269553593485,0.04691360366935585,0.6361475668906313,0.6873587467222153,0.6732163015109311,0.5177160573557462,0.051851187531447906,0.0560973683477943,0.048966324913482934,0.0527437952603311,0.12547042540268794,0.49642826454037486
2015-11-23,0.059834424308328055,0.05729005492923381,0.07015710838188197,0.057363692906649916,0.08710633636016818,0.05186092798824912,0.04756458249429349,0.6287638702275131,0.686625335036132,0.6728863886587965,0.5162912384479704,0.052546735710065184,0.056150793972181506,0.04935002660742835,0.05149892690294344,0.12116908126357315,0.4909642961720512
2015-11-24,0.05491609225641922,0.055201145693085235,0.06890862347409846,0.056210909619026556,0.08976255225217322,0.051974783292681764,0.04817467781040477,0.5982214998250295,0.6842572318902498,0.6720550502507688,0.5110832884888175,0.05291567143244752,0.05667073554411925,0.049796533736242626,0.04897079503718546,0.11677298616737909,0.480022884250004
2015-11-25,0.05690515728571674,0.05480500824183224,0.07015715160882188,0.05538236590479914,0.05360986268057474,0.05211434631404119,0.048855215822291215,0.575900302339531,0.6809524414893731,0.6705981369340008,0.504585887664045,0.05316209059513033,0.05672641999648545,0.049950639370584,0.04387892425109981,0.1136665083602801,0.484082790751259
2015-11-26,0.05690515728571674,0.05480500824183224,0.07015715160882188,0.05538236590479914,0.05360986268057474,0.05211434631404119,0.048855215822291215,0.575900302339531,0.6809524414893731,0.6705981369340008,0.504585887664045,0.05316209059513033,0.05672641999648545,0.049950639370584,0.04387892425109981,0.1136665083602801,0.49460670735994955
2015-11-27,0.056398865682200844,0.0550211295044262,0.07033552756095598,0.05639106229504201,0.03057300411489052,0.05267625724295502,0.04942946256933342,0.5955484449341439,0.6787480387823123,0.6689044215130258,0.5021263929405715,0.05355352572217348,0.056871148732997784,0.05022324956021121,0.03950875907127928,0.11595122901888513,0.5074559074106655
2015-11-30,0.05791774428045296,0.054949061199070365,0.06801686351732208,0.05340100953342172,0.14757502993853167,0.0530067987195276,0.04981925982821214,0.5133930633256687,0.6735205927861024,0.6662969296889482,0.492635648551333,0.0535243832543984,0.05748985149472327,0.05051408261870685,0.03891093672396617,0.1094928815250625,0.45665173181397006
2015-12-01,0.05600099250334564,0.05422871793946207,0.06733905963331197,0.056643199680694506,0.1032537624624876,0.05337773718151548,0.05019812869227133,0.5796592058180614,0.6720786154824292,0.6638654320055581,0.49446357428633564,0.05168312316719298,0.0612127305312439,0.051408337421554345,0.038296188510682436,0.11437022706608391,0.536194590316278
2015-12-02,0.05708595792030721,0.05502108839654765,0.068052523399068,0.05350906002169378,0.11565555693829296,0.05345486332643953,0.050557017380145924,0.49883601555804497,0.6673836166361787,0.6607952910948212,0.48783044214800275,0.05143612161217381,0.06194933290072699,0.05164553238725625,0.037844649871955155,0.10905049207184829,0.454857574341578
2015-12-03,0.0553862592296924,0.05365250956465059,0.06487780966460047,0.0508072397938876,0.1438008368508133,0.05265790613684693,0.050924392239302646,0.43581802902311056,0.6606162144309186,0.6567176784699891,0.47736655132591294,0.05141187452500373,0.06200474615339033,0.051660465771421,0.04046795438699194,0.10272677535421357,0.45996335217338874
2015-12-04,0.052565403693898366,0.05592148161582841,0.0661975995419283,0.058408425706001216,0.169404146716146,0.05274971855611585,0.05143445234209562,0.5826139881164685,0.6623773464761088,0.6538775635005989,0.49021955769618825,0.05194065064306874,0.06193599236573047,0.05189810950926668,0.04540954782063067,0.10996379814815004,0.5930045187258526
2015-12-07,0.05817093500124479,0.056245668687219835,0.06840929010256688,0.05534638823474389,0.2778928169965176,0.052514678283724275,0.0517588327547944,0.5142056775179793,0.6603729692054576,0.6511252137484963,0.491131112471201,0.05200143244500183,0.062225797629055196,0.052072573079948364,0.04588172320239217,0.09885683188604036,0.4560087007174113
2015-12-08,0.05401199586787361,0.05329233382309137,0.06587657924882093,0.05361713987949243,0.1979533672942708,0.05213272736158528,0.05188646873014882,0.4774560499982973,0.6567445546263416,0.6480539495530525,0.487818775390148,0.05169347084595122,0.06298460404053555,0.05228942824151775,0.045663914849345774,0.09060141823698306,0.47257604703065426
2015-12-09,0.05346949243023816,0.05358043438441332,0.06245210328106279,0.04933015819381523,0.27991456042891155,0.05143125341131202,0.05194830102242723,0.3935565736761853,0.6493839425419186,0.6438333025549594,0.475880955209745,0.05195003187490038,0.062117986753282034,0.05199288202653854,0.051666230791581655,0.07942233354287218,0.43965890721137285
2015-12-10,0.05014242574021552,0.051275489077833664,0.0632725831313661,0.05019482642573084,0.1443618655530417,0.050902397827712914,0.05187291125846108,0.41185373590422064,0.6442208146629004,0.6392196763783058,0.4717993604986677,0.05207499278284966,0.061590637294966916,0.05179642257674258,0.05204948603350194,0.08576606294345376,0.5058588192531125
2015-12-11,0.04735769734985565,0.044180344583594405,0.05574587811280554,0.04295379901801519,0.28530655628341944,0.04953250527248107,0.05159302617897635,0.2891825547211209,0.6329118140364872,0.6328190882060272,0.45323945954676914,0.05339440638660753,0.059394403202641194,0.051388668509111474,0.05908730103895182,0.07439463817287552,0.4006671903669367
2015-12-14,0.043958289057945715,0.044864709888877224,0.05595998141557182,0.04569174376350951,0.17789914132006995,0.04874656653132667,0.05152230774828556,0.3481934054234262,0.6266747731994309,0.626204194732578,0.4510136230863819,0.05384248670624553,0.05846374179137856,0.0511588488189442,0.06055126016971721,0.08193468937332357,0.5310647554900874
2015-12-15,0.05180595435207,0.05249997617251581,0.06534149559730598,0.051996030121092746,0.19818389908827735,0.048272800195775095,0.05196024347532416,0.46639313912702524,0.6279700170767374,0.6212226261914089,0.4679778053351353,0.05382173202972945,0.0583803221456172,0.05110695595115397,0.06686226633468098,0.09019832641573722,0.5777236201223488
2015-12-16,0.05571171096039432,0.05440884802527898,0.0651274933945176,0.05646310574373223,0.1806838837874946,0.04857395714708332,0.05222038270280152,0.5368671297782379,0.6333552936821177,0.6185277077670402,0.4917276107497813,0.05408154556867262,0.05849653537326935,0.051297859390267625,0.06824815491845973,0.09783771329699417,0.5521905551686288
2015-12-17,0.057628516568485916,0.05548936879263508,0.06683976747413142,0.05224828498485154,0.12065993296217034,0.04872086779683063,0.05227992225420744,0.46182402994788324,0.6333937992812014,0.6163809991416471,0.49742147530580233,0.053494102206933736,0.058443349580449416,0.050969808464185,0.06846118526920666,0.09233946517087266,0.44111823359169955
2015-12-18,0.05061248660069398,0.04796198581923747,0.05845689217277286,0.04371029928355244,0.2984733898986272,0.04722243366282117,0.051933303265063596,0.3364675685204271,0.6250152693629658,0.6126560989248521,0.4810299237835815,0.05365041086204847,0.05684470090642177,0.05025994612682308,0.07319330527047052,0.08049836092487996,0.3846438113918316
2015-12-21,0.04648977276554697,0.04497270820142016,0.05888498744889101,0.04677242486338948,0.13875157853075765,0.046348341345873706,0.0517550623575799,0.38756029359204586,0.6214811800201452,0.6088293951069857,0.47997256231923324,0.053198509329152543,0.056181907957595395,0.049700213937235976,0.06941393862902337,0.08664196349599301,0.5352693052725872
2015-12-22,0.04840649766202129,0.04544091592848867,0.05981246346164029,0.04752895449845326,0.0827915156139388,0.045727667354718365,0.05169064340918941,0.40016422320257133,0.6195282738085081,0.6053001069725076,0.48306160709955853,0.05262465480622719,0.0557546076085246,0.04919423165572426,0.06465159345819146,0.09078939190989838,0.5045421653820096
2015-12-23,0.05075718947099114,0.049654768924571685,0.06302286004533816,0.051779870405495504,0.09578290025317696,0.04597740887217297,0.051576666917341335,0.4688997672494439,0.6222535276894088,0.6031296595079132,0.4971749168980865,0.0521734109645568,0.055762353808583215,0.04896626145075547,0.06291415080141666,0.09540024128746027,0.5502822194117821
2015-12-24,0.05173360264180196,0.0498348161459862,0.06523447866886753,0.05069913056656242,0.011177731852761587,0.04602882131188299,0.05146268941547524,0.45103904132682265,0.6233992368656217,0.6016678185893115,0.5045347081749516,0.05177008522286147,0.05569404752161147,0.048725316140067615,0.05682632561309432,0.09380737727167603,0.48066454551048954
2015-12-25,0.05173360264180196,0.0498348161459862,0.06523447866886753,0.05069913056656242,0.011177731852761587,0.04602882131188299,0.05146268941547524,0.45103904132682265,0.6233992368656217,0.6016678185893115,0.5045347081749516,0.05177008522286147,0.05569404752161147,0.048725316140067615,0.05682632561309432,0.09380737727167603,0.49460670735994955
2015-12-28,0.05061257692073015,0.049618794266533955,0.06395037033390003,0.05167184928675003,0.041618129183489026,0.04691760289731897,0.05148994576137153,0.46738865362875487,0.6253023879785432,0.6009543493899874,0.5123075119721211,0.051220296308377544,0.055774215158429036,0.04848251983316379,0.05296314197966065,0.09648609307746014,0.507203438540077
2015-12-29,0.054084390395519516,0.05228397698193868,0.06780291168065053,0.05412156149843031,0.060921596748889674,0.04777699995749066,0.05162622749085302,0.5083853257601534,0.6292216087148013,0.601322636882778,0.523542947929269,0.0513020344153417,0.055764267771979154,0.0485195911320708,0.04955491947761524,0.09985339072340099,0.5262214624641233
2015-12-30,0.05433738833070348,0.051563522402704204,0.06551979872611521,0.05102328203137854,0.05282850270619845,0.04767783092740299,0.05155808763613026,0.4506307005469791,0.6292504445602386,0.601624176074804,0.5228496808906129,0.05062975950209386,0.05587797975119088,0.04823045494602454,0.046927253058772225,0.09677478512564253,0.4549651341677427
2015-12-31,0.05133572119004734,0.05015890096168632,0.06298712515023228,0.0481413091275569,0.09991207150157802,0.04682944632738237,0.05139950773914151,0.4003352433961544,0.6264424510320581,0.6011925995951538,0.5152353307892081,0.05035197137595043,0.055607950685151425,0.0479542923546801,0.046276820766375765,0.09201664240159181,0.45732794953227823
2016-01-01,0.05133572119004734,0.05015890096168632,0.06298712515023228,0.0481413091275569,0.09991207150157802,0.04682944632738237,0.05139950773914151,0.4003352433961544,0.6264424510320581,0.6011925995951538,0.5152353307892081,0.05035197137595043,0.055607950685151425,0.0479542923546801,0.046276820766375765,0.09201664240159181,0.49460670735994955
2016-01-04,0.04345190535458973,0.041443119641059706,0.05392663434491349,0.041476746787469404,0.24146471333473424,0.04573131721576354,0.050809793576363144,0.29966396591482675,0.617744956507169,0.5987633797457708,0.49448723252509963,0.050837870801377416,0.054131737596957746,0.04747425272952013,0.0533688433342174,0.0822091178365693,0.40751027491274494
2016-01-05,0.044139059996514546,0.04191136247493513,0.05581723183995532,0.04353017597706357,0.14957637232720827,0.045712954133081046,0.05032910176711594,0.34013275088458333,0.6130574359282732,0.5956968529286112,0.48786797916277486,0.0496832667457453,0.05378302570766105,0.046708789487867025,0.05058784719097102,0.08873885602846779,0.5220979499288642
2016-01-06,0.03961859890563593,0.039534409242780594,0.05335599323072057,0.03992779795586629,0.29481752286446977,0.045015162979432505,0.049719570041051736,0.2891528502799335,0.6060343582149672,0.5915608705811128,0.47676030660782304,0.04940832888506308,0.05246383407881791,0.04591552654957684,0.050689986904489795,0.07702816170189603,0.4467386256479167
2016-01-07,0.035134085763174755,0.03679707866418744,0.0480051642394749,0.03459602473178461,0.22094126335503328,0.043696685858054224,0.04893658994293995,0.22241682250122313,0.5955703243107654,0.5857448552854871,0.4593110014801781,0.05005223870825398,0.04981469614087605,0.044936919204889986,0.05376816319945377,0.06795273746576558,0.42281734615953137
2016-01-08,0.03621909862083908,0.03470828706752846,0.045864982948421534,0.03131785691445663,0.1700773811588201,0.041610639066491345,0.04808051787182441,0.18574772313621307,0.5845378098843741,0.5784486031506185,0.44393683617114654,0.05130805917435882,0.04663460903003416,0.044010213794097336,0.05567173273168438,0.060691699452292885,0.44958269526921113
2016-01-11,0.03278343604451131,0.03315956004850093,0.045543903908385336,0.03506438057208752,0.23315536822863858,0.04001671869901888,0.04738178236553295,0.26470048894262427,0.5800549278718792,0.5715374828226604,0.44793692582452505,0.051427034099004565,0.04493601786059023,0.043231775446724935,0.055410892772554884,0.07020281798952441,0.5467058409741046
2016-01-12,0.037882694469748485,0.03647308255838863,0.050395265922603044,0.038090557851395895,0.17536737179474102,0.038632142863585656,0.04675242802609289,0.32411061953215853,0.5800501998091869,0.566007453695284,0.4622813360308381,0.05156655989048409,0.04428479015152201,0.04298156911088821,0.05314043512396542,0.07765255740983776,0.5360966535941225
2016-01-13,0.04059495111848946,0.037877615113292656,0.04672104702532484,0.032110364219575666,0.22479298040887774,0.036388160985549894,0.04602024274349545,0.248369499960506,0.5747469121276333,0.5603127388983955,0.4605708633281019,0.05211433619747591,0.04230179021027822,0.04228282786099494,0.05890702932220282,0.06843973700860312,0.4135374387455914
2016-01-14,0.03292808617726353,0.034744220114562324,0.045543893184588374,0.03463209051041963,0.1792292893704442,0.03471712345558428,0.045263280709205184,0.2972753509881047,0.5736666143995273,0.5554981228839162,0.4697118222681311,0.05155549480229704,0.041075165890977344,0.041389479668538925,0.06104007239865575,0.07602723646098333,0.5295682844996372
2016-01-15,0.028552184539757414,0.029089752169174005,0.03840961792381828,0.02753520873913759,0.34334140534629753,0.03261638739553277,0.04437003997548747,0.21510921940871436,0.5665014057485382,0.5499296139689387,0.4618816738957305,0.05066823931931036,0.038986159638762036,0.03990118351685659,0.07065718977901753,0.06258562699299032,0.3971477722553828
2016-01-18,0.028552184539757414,0.029089752169174005,0.03840961792381828,0.02753520873913759,0.34334140534629753,0.03261638739553277,0.04437003997548747,0.21510921940871436,0.5665014057485382,0.5499296139689387,0.4618816738957305,0.05066823931931036,0.038986159638762036,0.03990118351685659,0.07065718977901753,0.06258562699299032,0.49460670735994955
2016-01-19,0.03216856174071761,0.029341794281928207,0.03840955416916461,0.02595004728126657,0.29313647686215627,0.031033482482354963,0.043515201136356735,0.19851447535327477,0.560040265681474,0.5439266887215284,0.45736970099335156,0.05032343305127096,0.0366071104890012,0.03854817932287538,0.07493389414759086,0.05093489794186658,0.4722412331558726
2016-01-20,0.021391742156994603,0.023543493100182306,0.032630976656212146,0.023392490168000296,0.30489563846086365,0.028980500018537497,0.04231100312923322,0.17200907569586538,0.5532534924835211,0.5374982072506979,0.45294975173003343,0.05100191552712058,0.033787067304426016,0.03750285905253262,0.07896484789583127,0.038864703056176834,0.45829902256754984
2016-01-21,0.024140199442198612,0.026856880248174314,0.03641208358478612,0.026562607497056273,0.20993286016512605,0.027617955091693486,0.04132112892283976,0.2385541893218373,0.5518899068474276,0.5320287008447669,0.4629099424131319,0.0506914527992654,0.03200607375626338,0.03646309479287216,0.08187264757262791,0.0475474420661938,0.5400624812965912
2016-01-22,0.03119229780547808,0.02991824981878219,0.04365340380138308,0.03066946587624461,0.14304599823326963,0.027217653063446395,0.04053195842437232,0.31832110109626416,0.5557068159342713,0.5285676442425667,0.48377027940706935,0.04983616765514676,0.03114005153191826,0.03559569983388913,0.0809335973804228,0.05384423262859095,0.5527701034448278
2016-01-25,0.031517694488715636,0.028945740626117905,0.04169140073080249,0.027210998535268288,0.15270793253782863,0.02679896998765527,0.0397712805338398,0.2742269566825944,0.5561410484305835,0.5259028430129197,0.49204041659140035,0.04822185189179623,0.030260412086993954,0.03433166887270914,0.07833142735647505,0.047202787279152766,0.44639421708098315
2016-01-26,0.029420080478476746,0.026640642349411908,0.04158432291259476,0.02771527330657328,0.11953583545334182,0.02604974842943511,0.0389982087123619,0.28430238102052,0.5577951684958243,0.5241673366097116,0.5016923397862096,0.046480308380031865,0.02967798567331073,0.03314918449420681,0.0722758618668943,0.052660937265988056,0.5017305828625699
2016-01-27,0.028696910085191124,0.02739710313783203,0.03812430304898787,0.024221004512701177,0.15055154221689981,0.02463578507459388,0.038353987917898985,0.23951457759172262,0.5564760997995626,0.5224628767161633,0.50201479775991,0.04437442652631479,0.029009242866626733,0.031736880425537156,0.0736926787802692,0.04609641339245832,0.4453394015784543
2016-01-28,0.026671633022139735,0.025128048107939255,0.03366533757258133,0.018529043414694996,0.2785701316479351,0.02325120624501706,0.03741986266533684,0.175168977336929,0.5506935652408654,0.5197137876068465,0.4911649784444516,0.041615575702058816,0.028171655754878372,0.029905699690750437,0.07870713672893537,0.034965286364027355,0.4132553521985277
2016-01-29,0.02309144040957381,0.03467229187431406,0.03163214868636982,0.03711786850073487,0.7912932425622895,0.02350462457080918,0.036908202694023146,0.47404195173471614,0.5652235757944644,0.5209959719637393,0.5330349434610782,0.038904651769019305,0.02954168719831815,0.02919028738677551,0.10257371573330376,0.06438596795088902,0.7663389595836763
2016-02-01,0.0362914917040513,0.035680747477887936,0.04764859785434336,0.03672161484817535,0.22405650273067973,0.024441153764192064,0.03622929283116147,0.4688268635293426,0.5769372844274618,0.5248283765322709,0.5595222636443973,0.036622165265558504,0.030725185114323456,0.028602761544620686,0.09961899295782509,0.05519941874435915,0.48921550491246724
2016-02-02,0.03419393250620442,0.03362783988715232,0.04722051790646778,0.03319119216708852,0.16181699855764622,0.02517936885054836,0.03557391941788193,0.42206998339017404,0.5832461618766475,0.5294059354969216,0.5672616513984179,0.03545221985918351,0.03107865661321027,0.028176482404657338,0.09520489267986715,0.048233040197256646,0.44650274654319966
2016-02-03,0.03513423023682008,0.03514050660190113,0.04472354791678859,0.03672161484817535,0.16934906389810903,0.0265382369690548,0.03533357856334832,0.4694938357063963,0.5921532395343333,0.5352021583921622,0.5799190452885921,0.03407336633558877,0.0318029873713451,0.02782619232567199,0.09677367482264701,0.05546809810959469,0.5433529279285422
2016-02-04,0.036363713593435404,0.03514041143522453,0.04590061723464009,0.03419980044875168,0.26714758727056476,0.027316828081821315,0.03490120601548399,0.434666762532301,0.5970760849830367,0.5410186725394135,0.5801297960647308,0.033136374750546926,0.03218056871179245,0.027531495595891436,0.09626163019179967,0.044744429305961606,0.4602455919878812
2016-02-05,0.03441088390904243,0.03146687757876723,0.038017304696049775,0.026490564048366055,0.2305011924410053,0.026890800371785845,0.03417769577753574,0.3389966916915615,0.5937486104667021,0.544874606051147,0.5597666420119278,0.032735342491234554,0.031753656511509715,0.027114482014128888,0.10330315406472326,0.035327988952416824,0.3885661043767732
2016-02-08,0.021355457283914775,0.018609220717764857,0.02285692731565306,0.012909169819668914,0.5896248452070808,0.02543276771440714,0.03284093240218203,0.2113125520152504,0.5782528716678247,0.5442465044007435,0.5131941638742618,0.034262082289330476,0.028250743373291115,0.02616738315808878,0.12242999959981876,0.013101102764326425,0.3022063956798915
2016-02-09,0.008480900594018237,0.016592326160251997,0.02221481819066598,0.014926547915391386,0.2701485808013938,0.02412899183809178,0.03161071330118301,0.2414317111809225,0.5686538899805939,0.5414440640506795,0.4906108571221438,0.03443006395051629,0.025979996519529397,0.025131322401877515,0.12897461915104916,0.023931821228377025,0.5247756641806613
2016-02-10,0.018426135294433293,0.02217475386028725,0.03273786572128995,0.021483059767206852,0.19847359390906438,0.023849865795372932,0.030572520843424683,0.3339209367927977,0.5682229872121748,0.5390988655362402,0.4953599022619045,0.033178829117063935,0.025551713886483945,0.024276891971492437,0.13111425809055025,0.032205792092530494,0.5918527459126911
2016-02-11,0.013544004716083996,0.015115748752567326,0.02688783043877907,0.015430969534329264,0.2513653398507868,0.023534025563863276,0.029241951403489647,0.2774114144250424,0.5626502788607562,0.5358874608298029,0.4863632357593356,0.033154035892270395,0.023841309273563788,0.02341876257071021,0.13322028250588452,0.02204509825354046,0.40717112934813177
2016-02-12,0.019511113212494074,0.0201579188028648,0.03291626637281711,0.022455749117867935,0.14422109835139166,0.022039262249904185,0.028259513959670662,0.36861530141134896,0.565900190030677,0.5340970303453226,0.5011218824900938,0.03219296156442131,0.023572706243607716,0.02279230838936322,0.13088045823819058,0.02838380629003719,0.5985850115043909
2016-02-15,0.019511113212494074,0.0201579188028648,0.03291626637281711,0.022455749117867935,0.14422109835139166,0.022039262249904185,0.028259513959670662,0.36861530141134896,0.565900190030677,0.5340970303453226,0.5011218824900938,0.03219296156442131,0.023572706243607716,0.02279230838936322,0.13088045823819058,0.02838380629003719,0.49460670735994955
2016-02-16,0.026635484151913608,0.024767892525743268,0.03748216570094745,0.024905402590495035,0.14565937193346812,0.020834631450527802,0.027460431144497227,0.3984266145510192,0.5715514553428368,0.5340187544524679,0.5189048122405346,0.03205701952991008,0.023440251792019667,0.022657008876575485,0.12482995327432525,0.034773819568270393,0.529861572812092
2016-02-17,0.02830455916527022,0.026612962449148653,0.04119440080610734,0.028767671552360846,0.13981243280406228,0.020383665518470012,0.02702336605297942,0.44448581252439784,0.5804010882494129,0.5360765454419018,0.5410906168961264,0.032247726427937884,0.02353533938097066,0.022801971345118882,0.1180918194106815,0.04095526430350114,0.5496600114796956
2016-02-18,0.02888434301444101,0.027082105666329875,0.040193634630219105,0.025916125478071622,0.10806840877979318,0.01928207517685268,0.026417618864381792,0.41158200079389246,0.5850904171806407,0.5388463624604249,0.5484859239073684,0.032317495296388554,0.02372551605435183,0.022931808530298053,0.11225338567465018,0.03590617355609948,0.45456418484625344
2016-02-19,0.02576806937397788,0.02516951999552583,0.03762026043278929,0.02696291414428323,0.12465037711329313,0.018544294241317955,0.025971756516036087,0.4249827546634202,0.5902789077289448,0.5423054016626452,0.5556443836253634,0.03234006234812736,0.02374373041872671,0.02295240369635751,0.1079677144541108,0.04154676643801752,0.5094691268194926
2016-02-22,0.03029747838591426,0.030474209069874386,0.04405368969530407,0.03248550118252727,0.11915433593582647,0.01915546182655173,0.025899175612143194,0.4933344481536209,0.6001761393091387,0.5474440540651125,0.5730893291308665,0.032563980755116406,0.02370004512172516,0.02304583594126733,0.10542273278202596,0.04699130780044895,0.5726991018949693
2016-02-23,0.03272531459865338,0.03022164794948759,0.04366057243623886,0.029200842699826063,0.09254117440648266,0.020816353700937734,0.02582637149427111,0.4505020200905539,0.6050373483067811,0.5527197434482496,0.5745126346036203,0.032711975345291466,0.02375335919857305,0.02314821038667167,0.09989147292937223,0.042496095343623586,0.44913250763266543
2016-02-24,0.026565270872869112,0.026865610845779625,0.037906182773405656,0.028117988254979492,0.12419543383839518,0.022161185274259837,0.025587485065665466,0.4363623416887343,0.6080506545398165,0.5576622966322147,0.5710525862784409,0.032739946607816095,0.023766207660051136,0.023168929456151316,0.09882013948461588,0.03687173092824063,0.4794261344445375
2016-02-25,0.02913795311637976,0.03101550718352311,0.04348185504510663,0.03324352866344646,0.10608542733046222,0.023360133189088444,0.02542079573411052,0.5027462866244508,0.6156528913955954,0.5634378691991742,0.579704565043092,0.03343746957502769,0.02398043559107102,0.02363312455370306,0.09591232862426016,0.04185008593809924,0.5667618468484877
2016-02-26,0.03558796038943976,0.033072518215197994,0.046162523523114035,0.03129442003224922,0.10349857498709636,0.02497736895275346,0.0253927354138819,0.4749021829155207,0.6198456601715953,0.5690629334412092,0.5781413423165469,0.03365102666780306,0.025087244892068955,0.024289883698402154,0.09159835450866527,0.036964007589973744,0.4676997655984874
2016-02-29,0.032399138378267495,0.03303634112524681,0.04509018074614504,0.030067067516650142,0.1253684938521455,0.025753322225010672,0.02523574427521577,0.4570701677928744,0.6220252023955731,0.5740852129192401,0.5718806464860698,0.03267249871074046,0.02537030317561087,0.02392713074856881,0.08932605602926341,0.03129779847388374,0.4775376275562245
2016-03-01,0.03287025380786776,0.03570681264858813,0.046913074963445295,0.038188681439685374,0.14412113323717643,0.02710751648536172,0.025602117196511093,0.5611548048396713,0.6317447478397584,0.5804318831478744,0.5856361495202631,0.032964105392481124,0.025219945150288553,0.02400260908569299,0.09163964726611809,0.0376329406141463,0.6080864394000021
2016-03-02,0.038341934517565096,0.035562530255842356,0.04962951969142168,0.03696150514124577,0.08360755736263467,0.027942855601728683,0.02598080122727528,0.5418279862663371,0.6381189559242841,0.5870365081536115,0.5883153419848031,0.033565322079570026,0.024987556937672434,0.024196585934033704,0.086196073230462,0.03345640284322734,0.4779768024173006
2016-03-03,0.03826937998856597,0.03520157357646106,0.04855716453094036,0.03555367688483893,0.10093212368744786,0.028925377834910365,0.02639902443290068,0.5190922320053977,0.6416228769422369,0.593159763336795,0.5833156966371666,0.03336378641395682,0.025075440893435025,0.024136497308304666,0.0820978894561058,0.028661873422909614,0.4754414272188215
2016-03-04,0.03732730934162856,0.03429947262857966,0.04945077362088865,0.0355176404757305,0.15982993689957178,0.029797508987801563,0.02670698801293811,0.518482500117968,0.6441795129166725,0.5986709489202858,0.5769585658342884,0.03356722699037901,0.025001180599175638,0.024204298166430466,0.07530358640875953,0.02176637616013523,0.4941135417733951
2016-03-07,0.03431967896118884,0.031412469985101416,0.04137308579616164,0.028442815218906875,0.30664808811618804,0.029385368115770555,0.02663041349785153,0.40684418291909125,0.6390817565493203,0.6018584521160547,0.5528241326088611,0.03366151379899085,0.025106399975007215,0.02430473850966633,0.08041209749806394,0.009633668930258785,0.39777320508646014
2016-03-08,0.027471112639260137,0.024447725148975058,0.038370790887327116,0.023678167553002255,0.21938262361502414,0.028822346359582113,0.026508919441988493,0.3428641900377318,0.6303041367955557,0.6023052976430902,0.5243588742545789,0.03265313371096684,0.027275361286231786,0.024858787007607602,0.07846059852098153,0.0006138435660243136,0.4276159638454178
2016-03-09,0.02565938724342251,0.022859991532050955,0.03619060625774739,0.023894797181024746,0.15608226516868604,0.028391803481001815,0.026377533269779735,0.3465974440551666,0.6236145482303141,0.6010599186653433,0.5067829441150313,0.03175106347115836,0.02914639357833146,0.025320189745153626,0.07515406398225966,0.00737565610671374,0.49770944164878955
2016-03-10,0.026166653853450045,0.024014733868964883,0.035046840838160565,0.02223436162654016,0.17329054554431006,0.0272694487535369,0.026309212621834027,0.3237977305611209,0.6168015740209334,0.5984311963304867,0.4924151423636344,0.03169777280518282,0.029279982095840956,0.02535884307919381,0.07590943156372751,0.0,0.47084488009578257
2016-03-11,0.02620284930801628,0.026215978729677986,0.03897837773246823,0.027323806886845575,0.15964836761048695,0.02686465550989378,0.026611664533615492,0.4139846206836006,0.6165701358521575,0.5962727648401811,0.497299718261063,0.03054177800580099,0.031719340475321794,0.025970711410359476,0.07643144044748776,0.00688902043083886,0.5679168429049655
2016-03-14,0.02783339659499015,0.025169408105081142,0.03994334104537381,0.02681841607353072,0.128028789952894,0.026533464304160675,0.026257466369358468,0.4061075222107485,0.616026737988911,0.5944158190846853,0.5004310357653976,0.030311638847054956,0.03241263727895885,0.0261951639670093,0.0708190113425417,0.001127914810884513,0.48747018062136366
2016-03-15,0.026311686422908348,0.025855251893831893,0.03890703767215978,0.028334647252528516,0.09796377182656665,0.02552887223852293,0.025969038557583285,0.4331345492206012,0.6172220210024851,0.5932166576469577,0.5072629727709831,0.030255633396462422,0.03282779657522186,0.026371593371223162,0.06847674298145412,0.005816558945065258,0.5160590494971039
2016-03-16,0.02812339136759226,0.02917513994868179,0.04194499551628386,0.029994965328906747,0.12079253974633344,0.02481865239480177,0.02585912031808127,0.46276323600139696,0.6199067964336286,0.5929006127217992,0.5164352747239045,0.030308688835477493,0.032900406205163074,0.02643473576295416,0.06672021396108979,0.011319537341701498,0.5179604369867097
2016-03-17,0.030297495851431017,0.03220637452836764,0.04430389781073987,0.03277429173734628,0.11773034308435221,0.024535301615466992,0.02572337187810672,0.5108406799142233,0.6248222118344425,0.5938255323399594,0.5293242891882306,0.030567367679890545,0.03334543409118659,0.02678757795019146,0.06616513716456102,0.0167132828761442,0.5334517292402211
2016-03-18,0.03471831574728687,0.0337581543363987,0.04773514741760851,0.03508446932826534,0.2730740904704685,0.024491140991549726,0.02575379564046823,0.5489215369377825,0.6309704928468134,0.5960386237183452,0.5427036113771476,0.031116587677149976,0.03362001037495052,0.02720541956944486,0.06248153848904159,0.027648358385088556,0.5265547961398507
2016-03-21,0.03500818773447009,0.03318075974407611,0.04780662551167772,0.0350483448105772,0.11743860815919344,0.025164556822172307,0.026048097716963453,0.5481278077143212,0.6357202293707077,0.598947154977947,0.5499266498888628,0.03143173166411567,0.03355925042677313,0.027337273962745018,0.05798506643087799,0.022265019445778217,0.494111464979897
2016-03-22,0.03377608215915964,0.0321341667546953,0.047020230442269634,0.03212452033138516,0.10518574130252506,0.026025639585189247,0.0267089136122656,0.48411247471150604,0.6364962916929062,0.6014599279959219,0.5458161910299286,0.031578198518725675,0.03371135578355047,0.027487692714827733,0.05410875021313025,0.0173187575020271,0.4545176396356321
2016-03-23,0.032725280814372676,0.03401070475390702,0.04644838907658391,0.03555367688483893,0.11518837303716459,0.02721423075731469,0.02741828056808296,0.5461440802489546,0.6403626776042283,0.6043965498017198,0.5502184063763301,0.03210068195958088,0.0339423268906012,0.027870247546628008,0.053856731629428195,0.022621827389372434,0.5421464730457177
2016-03-24,0.03526186188038419,0.03397469714888904,0.04873594216572144,0.036383924031607756,0.09513006685422026,0.02865674027721296,0.02793072128331489,0.5606159476398174,0.6440647775665358,0.6076328869881507,0.5533313364732935,0.03250400604032738,0.03385003939937539,0.02803181609550845,0.04973720430334874,0.02720938928132345,0.5059688083919838
2016-03-25,0.03526186188038419,0.03397469714888904,0.04873594216572144,0.036383924031607756,0.09513006685422026,0.02865674027721296,0.02793072128331489,0.5606159476398174,0.6440647775665358,0.6076328869881507,0.5533313364732935,0.03250400604032738,0.03385003939937539,0.02803181609550845,0.04973720430334874,0.02720938928132345,0.49460670735994955
2016-03-28,0.0370373738500768,0.03437159164135142,0.04984389313978413,0.03616732377311191,0.1151108490710385,0.02955831284409685,0.028643844496094667,0.5552725426565692,0.6465722844670811,0.6108227666279654,0.5528488150398344,0.03298851825637733,0.033853711495960254,0.02828251955604319,0.04471636182016163,0.02190908478289441,0.49165168497597617
2016-03-29,0.03660249640301069,0.03913500123153599,0.050558679230214704,0.04085972240364025,0.18158152971106004,0.03098978595069532,0.029276757128968017,0.6367131834734903,0.6529156867231422,0.6148945779480915,0.5620088109843453,0.03432307014124314,0.03359013099388744,0.028837785178434966,0.04674918530487167,0.029580491956866337,0.5586757674901435
2016-03-30,0.043414922298262465,0.04422332439944557,0.05742116068449968,0.045913219363416996,0.16424880296875988,0.032781873712158044,0.02999921593817259,0.7090227179873625,0.6625452409944509,0.6204593113620888,0.5775147289943438,0.03607577321756111,0.032572603967978536,0.02923520086556866,0.04833808345896559,0.03663361638786937,0.562416183784605
2016-03-31,0.04602381879519349,0.04393453839230935,0.05781423826829499,0.044830276809990716,0.11934406564239827,0.034294293490910704,0.030551608925629886,0.6800096048164126,0.6686389835167194,0.6263711861105034,0.5811202386799839,0.03752703570414506,0.03188337692872015,0.029640037158756544,0.04592784417721732,0.031182307099932277,0.4803403962073934
2016-04-01,0.04468312612421779,0.0487341226350885,0.05727817500784052,0.04883692636450268,0.1742759159558603,0.03593183553645288,0.03133985525762237,0.7337100807934542,0.6768700627372651,0.6330728893777543,0.5893236247142009,0.039943959418883346,0.03075413772109395,0.030323440071843483,0.0525367299601993,0.03859311275523994,0.5475959810642346
2016-04-04,0.050915799124425815,0.04895074634921523,0.0634615871437961,0.049703356768012824,0.10740945506772126,0.037422191471036786,0.032121899069043086,0.7446927351019652,0.6836111384702884,0.6400494439470686,0.5921783093439156,0.042270846815133434,0.029812411597459537,0.031053273525112085,0.04869081328007116,0.043618697696853115,0.5059016074617039
2016-04-05,0.04790813229244481,0.04591938431972223,0.06006604704552673,0.04659902717848649,0.0891750021931122,0.03859975221814951,0.03260726322158378,0.6579996029800992,0.6852250893830891,0.6460173974740884,0.5817026889945188,0.04381085583208588,0.030101778748836655,0.03198738292076839,0.04792927471032425,0.03924356133770886,0.4542630698017493
2016-04-06,0.04769065401035352,0.04884232825765186,0.06156712155510194,0.051074825550518926,0.09342657970381765,0.040531684450469924,0.033359509481806354,0.72014956011261,0.6902161155675407,0.6519876325365976,0.581726385677945,0.04569110877274141,0.03099937686669771,0.03339689916248431,0.04758051103147197,0.043770357446893976,0.5534237829208725
2016-04-07,0.04997352938667496,0.04775977358147962,0.06224625294729966,0.04880083121634113,0.1203906391851007,0.041882195914196146,0.03407079244178016,0.6599839073455893,0.6911956418414521,0.656998519471545,0.5717623202587974,0.04672059649172372,0.03252192236882048,0.03467827660248776,0.04552319091157671,0.038281715408586936,0.46519761531514336
2016-04-08,0.05131427495397531,0.05006933375324349,0.06446223310524982,0.05042514225313757,0.07521048776855424,0.043313660038363816,0.034661668125264805,0.6834911317694574,0.6928331623472229,0.6613995862711729,0.5654285530395121,0.04742635019717134,0.03472283597833983,0.03612864924149503,0.04373247155133994,0.042158717895835945,0.5157841679134169
2016-04-11,0.052328942512737314,0.05064677708512913,0.064319331279071,0.049667202880798095,0.08805702499739887,0.04468993610774527,0.0352935081190163,0.6624623008087369,0.6926379921590797,0.6648736760591483,0.5558007033353322,0.04821624777799216,0.03622763987106156,0.03727818286531956,0.041890320035736395,0.03782346135580032,0.48478182583734836
2016-04-12,0.050009906238889484,0.049816850528838524,0.06389050004543226,0.05219395136068647,0.08817331094658803,0.04584543001654559,0.03605445164428431,0.7008991608752559,0.694221203786598,0.6680322924905862,0.552524106370969,0.04904594755415359,0.03800669534335441,0.038583715428186255,0.039522201450496064,0.04216286597921039,0.5274483700260866
2016-04-13,0.05475667167543244,0.054796694874005486,0.068393851330488,0.05648924462238461,0.15395443630896158,0.04692362711423689,0.03668380800376034,0.7588960996511689,0.6989091145525942,0.6716824300639676,0.557629186239802,0.05052397034460515,0.03940122496021334,0.04003222649385638,0.04037167851312494,0.048848775871486845,0.5499374901568447
2016-04-14,0.05740190533206904,0.05746711431273285,0.06982350669515971,0.05872720254745398,0.20053001911577797,0.04834038101091079,0.03743233032759666,0.786009385439556,0.7039642339291551,0.6758137693796269,0.5626270858573783,0.052222845940336216,0.04062634973334481,0.04151045624815877,0.04086176696237692,0.05719610231531459,0.523005086699821
2016-04-15,0.05917749741908465,0.05753934916090206,0.07193232745527953,0.05782485321294176,0.11314010824793796,0.049256675781862796,0.03819823607132558,0.7579795297496281,0.7061786044428866,0.6796494139308638,0.559555915036113,0.053574449138789504,0.04182916527267086,0.04279926940438958,0.03790956496338371,0.0519660969140734,0.4832447970775012
2016-04-18,0.05899626502182251,0.06064276843321767,0.07168209489540592,0.06276991788060096,0.1248605078635823,0.050588776256608986,0.039135441878804494,0.8169966978334704,0.7118601438839366,0.6840792518835374,0.5657273785053617,0.05584004691669425,0.042356335756644686,0.044223643479404245,0.04072749298681297,0.057614185455422434,0.5570667480031488
2016-04-19,0.06370693464528424,0.06129233602744674,0.07361215616790243,0.060243228139765764,0.13635649599833527,0.05197976554762776,0.040229058064596396,0.7410496933660526,0.7128869095123448,0.687869139891655,0.5590806744264777,0.05710657407035841,0.043662593234231245,0.04551988177474112,0.041192166358624716,0.051556018847144294,0.4632294290783847
2016-04-20,0.061460244409504344,0.060967479789359263,0.0742554483718709,0.06168700469670127,0.14036734119317545,0.05306164843608732,0.0415361819565698,0.7596289626225343,0.7141377061444103,0.6912007467765907,0.5543208349474048,0.05784024167638546,0.04597727777596769,0.04704082647763744,0.04000964392217092,0.05775725794514429,0.5126914308085506
2016-04-21,0.06370689891886802,0.06107576121862093,0.07472010592631231,0.060387579362885385,0.1610866411925634,0.054242885991537676,0.042791168719099576,0.7198438572766068,0.7128672527305451,0.6935616259530873,0.5442385779301865,0.05833438215913639,0.048048700308440356,0.04831849285910508,0.03831382752015289,0.050816932272568956,0.47841035170866464
2016-04-22,0.05102439338133394,0.052739756048397285,0.06256793752989534,0.054323506363164936,0.3381493397202201,0.05464031364193131,0.04389471439190348,0.5573989173865344,0.7049766913882118,0.6935597154354033,0.5196979649784165,0.0577514090182803,0.05052192922321755,0.0492414569910157,0.05180292385976991,0.03756053108857497,0.4186858196654332
2016-04-25,0.053524710461702235,0.05086326865281568,0.06449803118248729,0.05082224762196777,0.19470144092571776,0.05475806732132768,0.044702825758028,0.47974686560132845,0.69449547831505,0.6910468413977584,0.49361837607927,0.056511400514243526,0.05333611076678593,0.04999543045697433,0.05105799505101348,0.02942111822721687,0.4498408140805962
2016-04-26,0.052655008002561426,0.05035803310730638,0.06553452151217162,0.05222995840026831,0.09039498460741252,0.05476173814137805,0.04557672868701254,0.5067797798661897,0.6869043733188828,0.6872176793913051,0.4799470308659577,0.05581140269092438,0.055247154428643724,0.05058041174596381,0.04618192387473677,0.03383977307509646,0.5128286388977135
2016-04-27,0.05251000336084474,0.051440560218926595,0.06574887875975963,0.05306008806893084,0.09544628303183991,0.0544121449290956,0.046427036585370646,0.5229335855989756,0.6810993020416812,0.6827634286929131,0.4734546800286505,0.05564138186054912,0.056167780270719975,0.050948107233447976,0.04308882192006819,0.03843861484289025,0.5052988503719854
2016-04-28,0.05229258709960252,0.05241490714671734,0.06371161917004212,0.04916175332843006,0.13631365380652874,0.05343697331844535,0.04708618241590071,0.43546936859931623,0.6721358347528709,0.6770523412023539,0.4604008118252798,0.055278080044820876,0.05699622610692093,0.0511709550897049,0.04523789781576443,0.03238197647585531,0.44454242974552327
2016-04-29,0.04928504749275445,0.04786803637865136,0.06106677656876,0.047573566809321816,0.13162345385589927,0.05239188246650997,0.04759512947885167,0.40258363366293487,0.6630590332908202,0.6703086289022498,0.4496756737235474,0.055358358892025006,0.056781288314680906,0.05110595716870606,0.04412508800396807,0.026492644138256055,0.4739268849250377
2016-05-02,0.05033592271638884,0.04952805698156651,0.06213907221097417,0.051977292363137445,0.12232261802513816,0.05129160355978826,0.04817607365528834,0.4957429689617506,0.6598562400333199,0.6641462554444703,0.4557136260467907,0.055336191250370204,0.0570410229585854,0.051222947684638115,0.04404817312111019,0.032050202579292794,0.5522743838130385
2016-05-03,0.048958984405397005,0.04913111273652934,0.06131701235914719,0.047393149807567175,0.12292444881480138,0.04998157291749808,0.04860061149348402,0.4025890415595766,0.6525030438467485,0.6574544979188677,0.4502152909460112,0.05526287384909312,0.057199882470048063,0.05126380408192957,0.04529183296606977,0.026471175987458524,0.43550987205445263
2016-05-04,0.04580638987238558,0.04559452936942951,0.05924391681931343,0.04695991992104884,0.1471547684379533,0.04848018655790162,0.049110800878581745,0.3942894415456985,0.6460409938482461,0.6505527557593069,0.4480343301772717,0.0554561868493868,0.05657064869989156,0.051052098467383705,0.04345783020774323,0.020027819812497898,0.48892980082043735
2016-05-05,0.047908109047138686,0.046749340598866346,0.06160291931196607,0.04800673795678698,0.08897711206905345,0.04721799334786628,0.04953906164314567,0.4180392231685444,0.6417980843062822,0.6440147418909619,0.4518121167641682,0.05549945300243958,0.05644302444504526,0.05101124358110962,0.03972238817281257,0.024395897152566362,0.5083452396623163
2016-05-06,0.04823424936097784,0.047110233800723905,0.0607808514883543,0.04930619266012945,0.09245140981412611,0.04670649182055739,0.049983458455365476,0.44771190200398464,0.639589217844837,0.6382550764931703,0.4598962677169599,0.05552584835283925,0.056299119412386606,0.05095367533226888,0.03822645967138631,0.028887907580120227,0.5115969321021065
2016-05-09,0.049901060193583174,0.049131049757140804,0.06364016810444742,0.05111095006820707,0.1550764937134184,0.04673592425211928,0.05049736975681343,0.4881683454433982,0.6394932719211206,0.6336243551016365,0.4716218046828721,0.05550655140471206,0.0564694555439664,0.05102795392164164,0.035402702823895474,0.03561384283829039,0.518094406283741
2016-05-10,0.052546326618525235,0.052631537036320813,0.06660680535864924,0.05464839206614544,0.10530406735608594,0.04698247700664268,0.05097156210019524,0.5609025450994938,0.6427481969023846,0.630699672600746,0.4893412150049419,0.05561705811037887,0.056610090943873675,0.051154231150016966,0.03475340880996543,0.04056432563880848,0.5403498497802111
2016-05-11,0.055663219899039135,0.05313857348046144,0.06309299719795211,0.04828439746103377,0.13855572851107065,0.04649560829870911,0.0510531069138869,0.41743318831142645,0.6389089505402287,0.6274400259662207,0.4858621812269877,0.055392244681406744,0.05598968965953818,0.050732104285646534,0.03973123693302075,0.03442770931337867,0.4133313254426857
2016-05-12,0.05079888033276794,0.04901724481039635,0.06230512990151291,0.05041765302386078,0.119792888604181,0.04662364386721887,0.05124525677932426,0.46157083982434083,0.6378646251433561,0.6245820836134043,0.49003439736741017,0.054735596252534324,0.05580719503215484,0.05030459064453349,0.038844291881630855,0.03989502874767325,0.5224710780290565
2016-05-13,0.050472217792575685,0.04934263894558924,0.06144586754628853,0.04658478295809723,0.1208109006856791,0.04652284003472698,0.05116780556860892,0.3857770351517656,0.6331878063476079,0.6211751429886997,0.48433234350507137,0.05426811206070248,0.05512306205142711,0.04972630618430238,0.03999679954216161,0.034391395390504204,0.44492134068990263
2016-05-16,0.04796749933321717,0.04854730819272182,0.06191131100971245,0.05009226803892844,0.14193006114192802,0.046330666916218594,0.05118118022703769,0.4578911042498747,0.6328962912915141,0.6183797421750821,0.4906839717712034,0.052451420092852974,0.05569151903152211,0.04907406044833548,0.039749535737549954,0.04064837890718525,0.5407014094343596
2016-05-17,0.04996398796020182,0.0480411810144066,0.060335861830738996,0.046440108670185304,0.11279737071348572,0.04623350695648473,0.05117571501960996,0.3886014103510947,0.629042613505935,0.615220063056649,0.4869004725849575,0.05112188725907213,0.05563652146499995,0.04836391101768292,0.04053799547598723,0.03543059943588977,0.447209129496156
2016-05-18,0.04684217091861129,0.047896556673090424,0.05990620123169929,0.04875430988624521,0.09481589078097236,0.046416440147851706,0.051095912486977785,0.43581167570429874,0.6282763612356785,0.6125087222840179,0.49155704352009505,0.04890086303991631,0.05659865226506475,0.04769854360731687,0.041749163846184476,0.04000695422539055,0.5250353456944383
2016-05-19,0.0474230509220899,0.045619143925067024,0.0592617758924108,0.046765581763697356,0.07979460229185326,0.04628990763942789,0.051025920259233,0.39775923855618117,0.6257300211725558,0.6097295351754602,0.49085237197261367,0.046561815748200064,0.05761169409346842,0.04699771262047128,0.04125689427089081,0.03596642992511763,0.4686737374399528
2016-05-20,0.04912916109148199,0.04847508342282317,0.06269908873871258,0.0496222381356107,0.09509334497552896,0.04632212761867896,0.05099830838699873,0.45662859325051836,0.6265562420551137,0.6077041517147532,0.49868159334136136,0.04585331674944598,0.0578586766766567,0.04675583954514942,0.04050057038037794,0.040552681896003036,0.5321239265172114
2016-05-23,0.050653811586324954,0.04829434977597993,0.06255589538602038,0.04795892436752172,0.0875898410962705,0.046000787145381056,0.050939560689709146,0.4229724890469118,0.6255953844210476,0.6058536191510174,0.5004976450184994,0.045709727511792364,0.05770986295623956,0.04660852593365747,0.037941813989508105,0.03623409046285769,0.47298416131584087
2016-05-24,0.05029070352014489,0.05375299017844751,0.0644176597107641,0.055805463304648834,0.12121076114254006,0.04611874742068564,0.051063760583808876,0.5653892408420271,0.6325448268092598,0.6060383106399131,0.5216360670578246,0.0465669840587965,0.057191095316840385,0.046792480204120496,0.04418877657156227,0.04175198740496341,0.5972168952384391
2016-05-25,0.05696995146368014,0.0543676128675665,0.06903654928240024,0.05464842143567203,0.08580270966662654,0.04676754240850725,0.05100045467526046,0.5407301182254636,0.6368081914904367,0.6072075851147504,0.531862228969908,0.04690398637063553,0.05700618046814451,0.046874197531755285,0.04058811574991647,0.037497145463677856,0.4798895454936959
2016-05-26,0.05660680594829545,0.05339140676294943,0.06874998157970222,0.054431321895224344,0.0539219986494509,0.047176725066664066,0.050852719341596714,0.5359134889126491,0.6398376436067477,0.6088688749980657,0.5369724424330468,0.04755752874594188,0.056875469047120014,0.047145308792201884,0.03610685501446001,0.03437953332752117,0.4918341018902582
2016-05-27,0.0545740621376046,0.054331403494729286,0.06864261485025916,0.05681794836382001,0.05577033321024704,0.04821996853199992,0.050818091884296285,0.5779291666981641,0.644411959758072,0.6112939335542037,0.5449051634156159,0.048658147306564425,0.05669385389270368,0.04762091811458222,0.033682337769376486,0.03756307815731366,0.5251097778043653
2016-05-30,0.0545740621376046,0.054331403494729286,0.06864261485025916,0.05681794836382001,0.05577033321024704,0.04821996853199992,0.050818091884296285,0.5779291666981641,0.644411959758072,0.6112939335542037,0.5449051634156159,0.048658147306564425,0.05669385389270368,0.04762091811458222,0.033682337769376486,0.03756307815731366,0.49460670735994955
2016-05-31,0.058276716278593405,0.055090606245117496,0.06835623719630599,0.054214486680515844,0.14278078466494346,0.04864021754489253,0.050523870609241545,0.5168543435852524,0.6452648093763447,0.6134383269896662,0.541990094794603,0.04895659101664074,0.056616553397981134,0.0477360183478481,0.03316756257277227,0.031275748135945934,0.4616079979457738
2016-06-01,0.05402961509624196,0.05310229775823369,0.06767592133120445,0.05522694237016043,0.05847143139843034,0.04953601141463351,0.050351360543921,0.5361119001396557,0.6467281897419307,0.6155044742317155,0.5411774073378091,0.04951166493317549,0.05685509226344296,0.04813905501940888,0.03053377173831756,0.03455564493745345,0.507556562557821
2016-06-02,0.056134934367121386,0.055379720501000346,0.06896484752000501,0.05786652857115268,0.0813308008837732,0.050464977401289496,0.05021997437171219,0.5848821677568423,0.6502443658044851,0.6179998835675556,0.5456358468360575,0.0504719882703179,0.056992308252070384,0.04870018338899881,0.029704923517566567,0.03865096760230447,0.5282491131794147
2016-06-03,0.05715143037628764,0.056283560660756876,0.06978844731656866,0.05783046279251772,0.12214308884042507,0.05159301201915864,0.05013203513402778,0.5839226264458548,0.6527123240044317,0.6205875448809982,0.5465940023934277,0.0513143817589658,0.05713937020292656,0.04920559903901586,0.02905502584188846,0.033099813219810724,0.49415123399156263
2016-06-06,0.05983765737382166,0.0588141597800855,0.07340477103138734,0.06000007782924541,0.12198192059505766,0.05265100463585501,0.050327252424147845,0.6242966729755726,0.6564877923987626,0.6235622930786557,0.5506143980416819,0.05253590004568731,0.05698298426069473,0.049755783110163515,0.027972583703300566,0.03864521850429428,0.5220101131111974
2016-06-07,0.061325856344285806,0.05917557541254345,0.0747294825742951,0.060216942413480495,0.07904996419616828,0.053900676337366255,0.05065033597372756,0.6283349291327414,0.6593350849264323,0.6266243156864474,0.5515208551525161,0.053640116324625786,0.05678322495647484,0.050224272518936214,0.023973255360006523,0.042659180516292285,0.4973254178588196
2016-06-08,0.06096291442612181,0.06174232003865096,0.07447889993517545,0.06401377607013561,0.14729553563960332,0.05473749156652677,0.05105558145800035,0.6952655766940943,0.6649235020216477,0.6304129435529784,0.55906758623373,0.055339988992921474,0.055991401505782495,0.050706107232671244,0.02493044645452329,0.04910755805533776,0.5421700780363401
2016-06-09,0.06324984975076972,0.06112778548312145,0.07630498287006202,0.06260356888207616,0.10261724989850482,0.05554849727787811,0.05138378175879596,0.6507348616187916,0.667503983609115,0.634062140798893,0.5576194197284331,0.05654927637276125,0.056225086201209945,0.05144280674863791,0.022405915310151,0.04425291781278695,0.4771680623681606
2016-06-10,0.061507459496088684,0.058271901360646555,0.07222320549055236,0.058698332302830086,0.12687409087848936,0.05598350741870564,0.051711744705360246,0.5384707068343091,0.6652585771632152,0.6364434891484814,0.5444511766458165,0.05701603390509569,0.05660192891284163,0.0518688350597262,0.024552964865001206,0.03853300193300685,0.44608271789334214
2016-06-13,0.05515485287427105,0.05621120240823338,0.06699556624309996,0.05226179496707642,0.17919664770049637,0.05551901993416228,0.051872972869559414,0.3923287841471477,0.6567824877824799,0.6363176588272473,0.5184108982777836,0.05673885951116814,0.05748092061536744,0.05216090866344089,0.028822401626213925,0.030946666854907174,0.4135531296083922
2016-06-14,0.05196057968961024,0.05104177386870454,0.0654918737092193,0.05287661663641238,0.12752284406870257,0.05538262771087235,0.051903900630905636,0.40644290165666846,0.6504167769061105,0.6346917417165846,0.5028305656802186,0.05669532997120019,0.05781598595239637,0.052304159149361734,0.026738517199082892,0.036689724673513086,0.5025247751280789
2016-06-15,0.05359398253755568,0.05136703178837995,0.06581405006755345,0.0514301380830319,0.11798127592207619,0.054995553809038394,0.05204273265585099,0.37610205054483276,0.6437613385228439,0.6317963351653232,0.4896452834332119,0.056319458007056844,0.05872604523982608,0.052560888546965084,0.024803434566931168,0.0312870280117887,0.4760183422542013
2016-06-16,0.0511255369909229,0.05021016508045109,0.06255573488916674,0.05208096679194971,0.1634103200719749,0.05440573147351005,0.05221884545539715,0.39269710840796973,0.639005663297144,0.6283405288278541,0.4838248101657647,0.05613944648743946,0.05925940533918053,0.05273203996768336,0.02653968033382599,0.03831024257846027,0.5030131581689935
2016-06-17,0.0526864071761762,0.049523292992489004,0.0614457604877183,0.047163215784005924,0.2644240479342923,0.05331823456580545,0.0521898367282613,0.293679302169161,0.630347206489608,0.6235012787042398,0.46945596532953693,0.05608542021614549,0.059356944788244964,0.05275249763116677,0.028990310920002774,0.02768372625386008,0.43123233197248406
2016-06-20,0.052613976289185266,0.0497041859324556,0.06320035064902832,0.04842895427083946,0.16966732018010042,0.05213858989474893,0.0521596685004552,0.32776409386266364,0.6247763896374354,0.6182950859221584,0.4656447934003928,0.0561911657559121,0.05912283375290603,0.05269110499749133,0.03048764781334594,0.03493013681543343,0.5112062403809498
2016-06-21,0.05083524365132305,0.048366615416654074,0.06259165799461178,0.04839280038362473,0.1542339306078899,0.05093315067660123,0.052066191334046635,0.3270262665127896,0.6204150561312035,0.6130851366432457,0.4656057773444902,0.05614506380027834,0.05921590993694506,0.05271342725634656,0.028703994871758315,0.028234256968379813,0.49413471300497325
2016-06-22,0.05000030830760363,0.047462797739177526,0.0603716867825452,0.04549996075497012,0.16291865491838564,0.04904571740642463,0.051751576785442926,0.2692081660822246,0.614257533078628,0.607441807102007,0.461104565364062,0.056573231640071164,0.05769820760532399,0.05218322487822677,0.029263425322835337,0.02122858078930895,0.4568353743237076
2016-06-23,0.050653699660108326,0.04919800397233734,0.06158906257737021,0.05164712014537329,0.24328856664306947,0.047928737166716945,0.051867220817018084,0.4294085763716042,0.6156029331030444,0.6032495073442266,0.47617537779609626,0.05651380992997462,0.057447556500008795,0.052028812507369654,0.03265723088554881,0.031101164767256863,0.5757081952576999
2016-06-24,0.039908889708628686,0.04124484896666972,0.052924204509601974,0.04014830436139674,0.34139310567128617,0.04603761211748478,0.051514057921216744,0.23852831520692014,0.6055557354299831,0.5974883139493926,0.4598803975004521,0.05761055003392368,0.05482098554519246,0.05129397305372288,0.04820446342707585,0.01772905388913381,0.34619579474552864
2016-06-27,0.037658364249664705,0.03596694132074943,0.048627694181658215,0.03396504982283202,0.29943631916208835,0.04417230856263618,0.051080065304471595,0.1668005060322007,0.5918951856833826,0.5896062302949925,0.43785222161100146,0.0592032189921492,0.05078695067764458,0.050118226301446495,0.05078418715322566,0.005853600601865065,0.41142027120446656
2016-06-28,0.0407801027942363,0.03929273320886659,0.053067449234807024,0.0405460852293382,0.2687694702460978,0.04291524432058305,0.0507517720820195,0.3010947717287465,0.5880412656896804,0.5823771468697816,0.44463446969741394,0.059429663397300825,0.049128852127689554,0.04941500790723666,0.055335465716823434,0.016635124252562677,0.5852090275595363
2016-06-29,0.04419234755860216,0.04384776138484056,0.05743570393298922,0.04625933923411177,0.21496987785895127,0.0423880953988344,0.05074555542119566,0.3987598693677627,0.5910659369538922,0.5773186049194703,0.4671783373816446,0.05910495233235591,0.048532878339667546,0.048953638412071704,0.05620834880431752,0.025497540768746097,0.571357490110468
2016-06-30,0.047858654998355926,0.045221506774195425,0.050596989266543685,0.036966321743604175,0.47404681223491396,0.04084719832032738,0.05034016651436615,0.28524286615626987,0.5847710347834967,0.5717634845888236,0.4620207315811622,0.05900935542560365,0.04645671197524645,0.04787835466829096,0.06743841841577486,0.007393485587884569,0.3723364060213995
2016-07-01,0.038819887835843864,0.0408833561556641,0.05167104245535867,0.038087209725366306,0.24849491299974907,0.03992192411272691,0.050041717303940386,0.30389085691351764,0.5814297460946339,0.5665188005805933,0.4652450124612395,0.05851414362544155,0.0449162928206758,0.046862594429761845,0.0688839585733097,0.01745178726357926,0.5098654907216638
2016-07-04,0.038819887835843864,0.0408833561556641,0.05167104245535867,0.038087209725366306,0.24849491299974907,0.03992192411272691,0.050041717303940386,0.30389085691351764,0.5814297460946339,0.5665188005805933,0.4652450124612395,0.05851414362544155,0.0449162928206758,0.046862594429761845,0.0688839585733097,0.01745178726357926,0.49460670735994955
2016-07-05,0.03791241437155671,0.03737676554430716,0.05070434422596823,0.03877425106055196,0.1925878927965955,0.03893765329968438,0.049668655033394765,0.3157940699050727,0.580016369992447,0.5619844021259325,0.4726222423934302,0.057362927521245666,0.043903335231167046,0.04577055803696409,0.06603442253423109,0.025515806890272132,0.5039205581164797
2016-07-06,0.037440500759436585,0.036581422846347494,0.05070432056510929,0.03656848213660954,0.19631720358813556,0.03773219611667514,0.0492769377302876,0.2882648192229113,0.577300755902019,0.5577062100562133,0.475283275554406,0.056043985000058805,0.042812521406027065,0.04455388084754766,0.062070995079541086,0.0173187575020271,0.46478036988185134
2016-07-07,0.03816647439929191,0.03853354600922834,0.05227970815942126,0.03819567138701038,0.14618979907012045,0.03698754362158449,0.048671336994300846,0.31901985085020795,0.5773439853778033,0.5542940143765672,0.48427776299387404,0.053331491062895864,0.04294418255404156,0.04322557876469926,0.06024704356546676,0.023727691862319142,0.51679073850665
2016-07-08,0.04172392901964164,0.04308858111644573,0.054141629607044744,0.0451022092565552,0.19042538216255145,0.036320307703346905,0.04834304276183074,0.4369489591119629,0.5847107721311606,0.5533293729529366,0.5096987650505816,0.050447644193163166,0.04411962740427336,0.04232516052220711,0.06340396898770087,0.03171457169292597,0.5881972441207429
2016-07-11,0.047205179822387616,0.04540219636533796,0.059870403158682334,0.04546377749822886,0.13352483113036065,0.03686220577645602,0.048034648914122874,0.4426759882187346,0.5913312499956043,0.5541439559797791,0.5281783016343595,0.04826590277251791,0.045009510814327774,0.04164426287583525,0.05890986676839158,0.03767172883236693,0.49938386196238654
2016-07-12,0.04673329393077105,0.04677591434789899,0.060443299995468464,0.04893513806137187,0.17554282077071065,0.03838836568017698,0.04776355907143001,0.49727533064395374,0.6003325656867139,0.5569523779799057,0.5488868863433712,0.04774779950982527,0.04520169995022141,0.04147311145511698,0.05623384813453278,0.0451277267644382,0.5404114937318454
2016-07-13,0.05036331721406437,0.04753510167317884,0.06277063060578073,0.048862830286942466,0.10033845331527161,0.03923623528749884,0.04757951561050475,0.4959770004907548,0.6076313531202279,0.5609479377583223,0.5612168405535122,0.04707498513154795,0.04548315614624407,0.04126660827320086,0.050934468649761935,0.04035437440134788,0.4936644241840588
2016-07-14,0.051742778303484865,0.050282630837271886,0.06452516710353193,0.051321764529967534,0.10132178362245015,0.039752335819373236,0.047445216546368046,0.5353581982598048,0.6159883215931642,0.5661467526786158,0.5737141943348292,0.047055345999466924,0.04549228636131217,0.04126103261929334,0.04900787736358621,0.04516280353963959,0.5266587313239364
2016-07-15,0.05388432427367809,0.0510416248711745,0.06581398684566128,0.05190016798634964,0.13286179720954525,0.04127480094989508,0.04724003340858776,0.5446551210463071,0.6232401820934367,0.57204338288966,0.5809619045327857,0.047020502830152355,0.045509679295340194,0.041251730796676905,0.04494320183318115,0.051096309326506995,0.5020805404776102
2016-07-18,0.052795387751598394,0.05086093381090054,0.06645854998128173,0.05193638061261749,0.06575868421428441,0.04268668636907966,0.04703733592511897,0.5452727582232686,0.629013378086156,0.5781439706907148,0.5830802666906006,0.047710753358406854,0.04528914608683862,0.04149730284239592,0.03979153655533155,0.05463615268614597,0.49507367245359496
2016-07-19,0.05061734937910636,0.05154775805474229,0.0643101818559845,0.053418895575106345,0.15820193361092355,0.04417966816759841,0.04681100907041166,0.5714100936496143,0.6349765931499364,0.5844532539847678,0.5852478380707624,0.0485083359942684,0.04497962728793711,0.04175402770694733,0.03973863949426415,0.06147357678167822,0.5137214272082261
2016-07-20,0.05424735614348783,0.05465672617345349,0.06832036348346462,0.05573312616069284,0.1281430357977114,0.046133451659892216,0.04665681063153074,0.6110109627227105,0.6418340437163189,0.5911437565071261,0.5892072905580718,0.04973420226315767,0.044469647691619624,0.04213167626551248,0.03831221506194389,0.06723875771161447,0.5242896990511342
2016-07-21,0.05675206993297746,0.05458444497324896,0.06706720141539227,0.05367203152466246,0.15050053960760634,0.04771122461094421,0.0463011580413458,0.5589076535632702,0.645035421026756,0.5972632228754473,0.5832763449169058,0.050692054122742136,0.044324791943910175,0.04255211683455476,0.03878416214697514,0.06067605317289808,0.4683837066296392
2016-07-22,0.05871231360552068,0.055849754269811674,0.06681660865222058,0.05772197176134705,0.2221979676480249,0.04899777517914397,0.04613327991859842,0.6280576592255736,0.6513117216518954,0.6036626257268963,0.586183845698901,0.05180088218184631,0.04380472564948637,0.04286465867887404,0.041737467184648866,0.06979630581882948,0.5465062599036042
2016-07-25,0.05940200630664902,0.056175109000902695,0.06824882652148748,0.054214486680515844,0.12932221612457695,0.04988988625226018,0.04597908046969948,0.5428674862332177,0.6525353798595928,0.6090753419983987,0.5759358352548012,0.052731022676573924,0.04430219327214943,0.04358834229165384,0.042623423875756766,0.06398906186800857,0.450288649252179
2016-07-26,0.05508234424185124,0.05216240016588666,0.06542024149203965,0.052587297430115004,0.16386730345124456,0.050262213996877275,0.045990274499254385,0.5058028674509563,0.6516251715927273,0.613187425035795,0.5624270846160887,0.052712019595559656,0.04626034848177549,0.044546428510129826,0.04152984994225298,0.05694954606140939,0.47379407784169264
2016-07-27,0.05319476268281867,0.0511863770658578,0.06395225405255653,0.05273197171802699,0.17450032743675167,0.05065666247439157,0.045985300160577364,0.5086965111825885,0.6507861710529776,0.6162760631764383,0.5517972917273942,0.05314442122859969,0.047079393496368055,0.045173373772105535,0.04135279081378193,0.06436835678989579,0.4964677787641916
2016-07-28,0.054029686737851274,0.05556061504897733,0.06760439386241354,0.055118539447569476,0.14421089782953297,0.05104373338208204,0.046112144281815454,0.5564133384705809,0.6522048212455378,0.6190868886327185,0.548911849329861,0.05392220001159925,0.047193211200257684,0.045629166102345714,0.04244593372685666,0.07070670095942985,0.525291565803094
2016-07-29,0.05602609654568422,0.05321074538982021,0.0656350367598473,0.050996262066928894,0.12519712508491934,0.05095158262458652,0.04607484128681852,0.45824632019193096,0.6490112578796342,0.6205703569034364,0.5351255360494763,0.05361499366801997,0.04897287834809469,0.04635098511975369,0.04274236189522232,0.0650466048083127,0.4420470183640403
2016-08-01,0.05265007922640477,0.05024627432802212,0.06466819623479206,0.051755493698437655,0.14827274563366663,0.05093314169417043,0.04623276972219373,0.47463431362639646,0.6470140546684255,0.6212785926802129,0.5270737485254718,0.053289919932890284,0.05073346992631486,0.04705419746989423,0.03972404147411847,0.07152984080238195,0.5044284242112274
2016-08-02,0.051779006367862396,0.05002949763498307,0.06473991024910566,0.051827918950973356,0.12789618316873091,0.05077094594135864,0.04634966011598765,0.4762775401960389,0.6453053174580733,0.6214357602083912,0.5213501952900043,0.05281907313304435,0.05258158724354281,0.047725788760597715,0.03644228956505993,0.0772862161518216,0.4955411150117052
2016-08-03,0.05254125608454427,0.05089705908001632,0.06638689209093088,0.05338274168789167,0.11489459800763407,0.0505313306175503,0.04652126419515726,0.5123235680091494,0.645291664152556,0.6215582228377451,0.5209897402348306,0.05158980123622581,0.05560937731508822,0.04859085675290928,0.032077518772876956,0.08257880667064203,0.5146614048359041
2016-08-04,0.054537799927121905,0.05429526305340912,0.06832040042096696,0.056167090285375615,0.08799990207499017,0.05078569509271916,0.046888106774825106,0.5727157691092049,0.6478085508348649,0.6222592502696438,0.5269988805835206,0.05028771994923681,0.05883328771918847,0.04951545882759381,0.03065943397728213,0.0869120255556867,0.53032410535807
2016-08-05,0.05780481335232915,0.05642814901015772,0.07157868085823102,0.058553628645391514,0.1024458811312787,0.050870480256965195,0.04712562159897929,0.6198803811968625,0.651890361672087,0.6237980923842452,0.5357006647093594,0.05067541858625946,0.059830522843479866,0.05020751382584995,0.028264663813839103,0.09176055283326465,0.5249244318624618
2016-08-08,0.05961975445893905,0.05678959304892359,0.07207989292134057,0.05786652857115268,0.07097115088407924,0.05124279602500789,0.04773495132144237,0.5988637256428646,0.6541460906333482,0.6255696488440103,0.5381177027923726,0.05065700328729128,0.06114067457015107,0.05084561643971,0.02472350005596051,0.0880347734557013,0.48594992093130757
2016-08-09,0.058639720943210655,0.05729580828998568,0.0726170258436373,0.05826436817814731,0.05742485785572791,0.05182155799408758,0.04857060486855877,0.607295155551546,0.6560063618059648,0.6274326233215177,0.5390671966029119,0.05110015158642478,0.06165119884327666,0.05132559109112525,0.02137560648719554,0.09127733750683888,0.4996310088649709
2016-08-10,0.05867597569900587,0.056355830891571285,0.0710415717523061,0.05689025613824941,0.08781833278590534,0.05224548381531777,0.04913268089863479,0.5621769847507736,0.6558028478554772,0.6288742400489465,0.5346908538905778,0.051118440847035096,0.0624677723317362,0.05173858989987093,0.019344561043453667,0.08695059545372973,0.4772769461302805
2016-08-11,0.058784870237844206,0.056572724988743966,0.07222311542721607,0.05848129150143552,0.10071587262404347,0.05258830726892663,0.04955299383151349,0.5993477779557486,0.6568842821042394,0.6302866499233005,0.5343875031189821,0.05159716259667263,0.06271547897480131,0.05210693663581964,0.016799874215628383,0.09173741089443885,0.5147679172738455
2016-08-12,0.0580589919744218,0.055849833025904266,0.07154294694909805,0.058119781998815095,0.05670470101250381,0.05331453081017554,0.050280461320007325,0.5866592931908166,0.657050765992201,0.6314564681084307,0.5318678761013002,0.05195598641710136,0.06298995895832657,0.052426926284504766,0.01365831130121671,0.08852053585086578,0.4900509052713783
2016-08-15,0.059256736748787314,0.059717817250834276,0.07286758405829527,0.06133788913429575,0.09485261265966369,0.05429143004168138,0.05108005217423747,0.6597223190379398,0.6599989421990535,0.6330987188878392,0.5367746968270455,0.05292892957064821,0.06295739206542275,0.05291061954954232,0.014693613386140197,0.09309820056143217,0.5352124906086692
2016-08-16,0.06030954837106825,0.05885031951942163,0.07358380840309689,0.06097637963167532,0.09265542025130005,0.055224090801536535,0.05184358336563552,0.6460672467100987,0.6615924785032404,0.634794337951223,0.53732899516522,0.053715051206926934,0.06292704233453025,0.05329944057016492,0.013020108859081225,0.0885989127946249,0.4900953875209974
2016-08-17,0.06187062724635109,0.05917678140373164,0.07472781861023234,0.06159208238680855,0.061498946286092,0.05606101082572293,0.05270414496678541,0.6601709608216351,0.6630621223856774,0.6365029664623165,0.5374641150287217,0.05451288207384303,0.0627077220405173,0.053600874926171466,0.010093595063698363,0.09198680531065287,0.502299640569155
2016-08-18,0.059325203882226535,0.05819897721745551,0.07297030891696174,0.05952737529900934,0.11859126712922635,0.056403582771269584,0.05343774225455458,0.5792359620408247,0.6617968356669648,0.6375667009030523,0.5307660598380628,0.05486701241143854,0.06294916275683296,0.05390212342704778,0.010195501316222377,0.08656234940456081,0.46886335012394964
2016-08-19,0.05932522541415172,0.057764455974639056,0.07236056780011249,0.06025186278057901,0.13954313902699264,0.056576713136498896,0.05395873883231109,0.5983814500236648,0.6611307103568002,0.6382580818461097,0.526898689377513,0.05518469865496989,0.06288233058207096,0.054032282458915865,0.009090412617910923,0.09273418805197708,0.5037039693430257
2016-08-22,0.06052517251269987,0.059973464741141874,0.07314964023368817,0.06238896575138739,0.12880402961415507,0.057037763344192555,0.054540796048589774,0.6521797082821088,0.6623229713325769,0.639096857673425,0.5284295750143329,0.055962284064951406,0.06292507606103534,0.054452846931378335,0.01040373761038453,0.09852294756109435,0.5213752340529296
2016-08-23,0.06427064067471752,0.062436035865974765,0.07616255405772934,0.061447261251263735,0.17069349267908546,0.05736225066241127,0.05497108795936276,0.6133486756233812,0.6619469455574759,0.6396777808744174,0.5257514435171577,0.05636982935728757,0.06342375614310594,0.05490867854806877,0.01066344515549665,0.0912399319830764,0.4828971331819413
2016-08-24,0.06219793408499477,0.059611377628064094,0.07397463700175674,0.05959988866012475,0.06910037517519396,0.057638490350702315,0.055340335391901724,0.540731308071221,0.6594608567102438,0.6395468414060995,0.5183578332075373,0.056439510172177965,0.06406622424323169,0.055262022393056026,0.009884838173550348,0.08758088580646672,0.471561741310829
2016-08-25,0.060343360638534876,0.05794548318313644,0.07329309860339175,0.059708497169401714,0.0843134334752566,0.05776360064091743,0.05562875512353285,0.5440222145129496,0.6572626283829198,0.6389153844729396,0.5131593149430714,0.056611469258254776,0.0643652800669808,0.055498168712738466,0.007542177745425732,0.09178260317120246,0.4959701452900035
2016-08-26,0.06154336318705825,0.060190740777130075,0.07390285157631707,0.06061407715183728,0.12834908633925712,0.0580178872683528,0.05592842645574522,0.5721859698793728,0.6560943243001808,0.6381302880324758,0.511563570856271,0.05637503429362034,0.065612132857823,0.05599299062033122,0.008066280886798338,0.09755513421378464,0.5059708369872761
2016-08-29,0.06125252834515679,0.05964761018124662,0.07523002035315754,0.0617008377437184,0.06376958245183822,0.05805488889492874,0.05626422613201418,0.6052436793756779,0.6559234275953257,0.6374612632637544,0.5127691246039897,0.0561909442943922,0.0668386763991897,0.05650466339306673,0.005433612992438955,0.10102402351570297,0.5082021563725306
2016-08-30,0.06292514792534812,0.06037182109455022,0.07587555802786092,0.0627874221184401,0.050753716560139224,0.05823951976571548,0.05658640975555099,0.637215397744409,0.656535750639084,0.6370727587941647,0.5156826890668207,0.05589792057976606,0.06828399919572062,0.05706851310484842,0.0031089912290260813,0.10402861857325435,0.5081495216017312
2016-08-31,0.06274325225661118,0.06040794486214937,0.0758396145839201,0.06180935814441571,0.11720807636518685,0.05826167044004868,0.05679537137068982,0.5906999079530548,0.6557357536146323,0.6365702723462774,0.5144988394759028,0.05545790887664592,0.06961843600299625,0.05750204966099545,0.0010703665120555123,0.09865350302730035,0.4824615049091138
2016-09-01,0.06343428715876223,0.0616755649821826,0.07677229586159348,0.06325839184660823,0.09383868078690907,0.05864203746022459,0.05712504629777346,0.6353998996076786,0.6562117620205313,0.6362823369352348,0.5167272282176428,0.0556676907531069,0.07013854965449348,0.05786688630371181,0.00013738290032654088,0.10319499936177734,0.5126602772695199
2016-09-02,0.06499783412525359,0.06384830072465511,0.07867319004630544,0.0657938924454162,0.09727217644454692,0.05920703235704369,0.057402639646403714,0.7042184477246742,0.6587444980676982,0.6366588435136649,0.5236283137153097,0.05668220015969988,0.0698378172687639,0.058239386826270695,0.0004704414255043976,0.10785897331588906,0.5260411742556977
2016-09-05,0.06499783412525359,0.06384830072465511,0.07867319004630544,0.0657938924454162,0.09727217644454692,0.05920703235704369,0.057402639646403714,0.7042184477246742,0.6587444980676982,0.6366588435136649,0.5236283137153097,0.05668220015969988,0.0698378172687639,0.058239386826270695,0.0004704414255043976,0.10785897331588906,0.49460670735994955
2016-09-06,0.06656142446388771,0.06522438114942172,0.07978504528128902,0.0677136609195643,0.1325965836412191,0.0597498705912424,0.05786687624230538,0.749236337105619,0.6622576559694642,0.6378018171537589,0.5315890609400439,0.05800085197266375,0.06949234144541569,0.05874600675709116,0.0,0.11378301856172704,0.5182043183387995
2016-09-07,0.0683068679532636,0.06786797916577522,0.08175775861235404,0.07028546225321977,0.15634951884138393,0.06065090121813513,0.05847551612247073,0.8016927922169406,0.6671365237380945,0.6398851946476631,0.5413563656864403,0.05982893521785321,0.06884370409504412,0.05936447370088935,0.0006429246847543674,0.12055436441683842,0.5260160349152267
2016-09-08,0.07027049131422067,0.06920790471695679,0.08258273496161814,0.06930751575730168,0.1289386765026899,0.06164056747794014,0.059045549074393994,0.7519015143741723,0.669558569532997,0.6421322296695536,0.5430561598157473,0.0608657545719935,0.06905866285730353,0.06000332275730505,0.00207973776652777,0.1147608018638139,0.48276495210292736
2016-09-09,0.06801591321257852,0.06623831621345486,0.07806340353821115,0.06336694161683207,0.20242119586838064,0.06201353596928702,0.05932921162121926,0.5107668811254051,0.6651753050578695,0.6428796078753881,0.5274802930452283,0.06088068111056866,0.06955170114856116,0.06025468199935627,0.007013266940271212,0.10634601448510714,0.4224394333321018
2016-09-12,0.06416151272866119,0.06739723565215675,0.07752548059252054,0.06930751575730168,0.16814132211003915,0.06289980846238849,0.05995893562724927,0.6474855052230661,0.6671285188768803,0.6439455092243461,0.5307885659697399,0.06173278787527414,0.0698306489428511,0.06083027382672476,0.013453825301126043,0.11353799054906505,0.5682292393059146
2016-09-13,0.06805232981569401,0.06489848491347103,0.07910359876959625,0.06539543607836348,0.1467528678767206,0.06327646274450374,0.06042801323945132,0.5299986653397726,0.6643892504032759,0.6441418893013067,0.5217574680933724,0.061951285373490095,0.07002591840837499,0.06103902842444639,0.015835224206350806,0.10710897073243363,0.4470819867634331
2016-09-14,0.06459787931165453,0.0641018333882171,0.0784938827350761,0.06394657859333039,0.19092520773362767,0.0633946356040038,0.060844773939004754,0.4907428093294816,0.6604134850488443,0.6433463821667083,0.5114554423944152,0.062015025564919,0.07026884385762791,0.061191840627962596,0.014567251155588032,0.09910426142065597,0.47677356628493295
2016-09-15,0.06445236670924173,0.06377584089791113,0.07756129996636743,0.06583010507168405,0.182373090207295,0.06380453985076759,0.06127283876007564,0.5345581988190591,0.6587729296437571,0.6423168920318824,0.509025227695232,0.06224194476619721,0.07047414653573406,0.061409880427110125,0.014409564382651313,0.10680390467093108,0.5179037287783134
2016-09-16,0.06561604740476976,0.0642466998663829,0.07838629510088271,0.06604749830739745,0.20525694094509875,0.06408888169163304,0.06161262598743025,0.5396346423255987,0.6573513741888128,0.6411526888663688,0.5076260594350157,0.06235343100079427,0.07103696418867575,0.06174533080500447,0.013663329704487387,0.11531984706526012,0.4972785585316415
2016-09-19,0.06812504014733253,0.06707127854552822,0.08129149364555951,0.06764123566702859,0.13711133461587896,0.0642772133239061,0.06192514878874453,0.5771878976777278,0.6574634976167133,0.64024819160976,0.5103234396578148,0.06266196681846253,0.07148546956916177,0.062125502762492485,0.013750108082498977,0.12140493982877584,0.514180062812238
2016-09-20,0.07008863874344931,0.0677593372114402,0.08161428061782902,0.06753256841869845,0.09858600365994724,0.06425875143448487,0.06225756389467704,0.5735242122917148,0.6571111982693335,0.6394401813020242,0.5113255808441522,0.06298939298257472,0.0716805781493828,0.062390133269657394,0.013470881623765682,0.11669409980987223,0.49327923611963115
2016-09-21,0.06990688540341947,0.06783182432359472,0.08143500491883113,0.07021309573973725,0.12027027302716808,0.06425137386466098,0.06266848063005068,0.6360057111483002,0.6591265438137766,0.6392766588799805,0.5180194172841146,0.06368379869748636,0.07187132679231664,0.06284112207584011,0.013631506613996355,0.12217844821801976,0.527363745287828
2016-09-22,0.0717249267721157,0.06978724351526108,0.08477054639509249,0.0707201018770138,0.10115857527271097,0.06439538318926255,0.06314408901867627,0.6472607984731411,0.6608484747288809,0.6395584233063742,0.5226442944904641,0.06417016287979815,0.07252336181892347,0.063413240074392,0.011441177726001298,0.12698105548490876,0.5007474154035751
2016-09-23,0.0713978052796598,0.06855610593669112,0.08233170828251399,0.06774999102393844,0.13552005320592203,0.06484222319144314,0.06346283959101243,0.5411125065839852,0.658920700447901,0.6393219314905173,0.5172615361847914,0.06403597743011102,0.07349986630558938,0.0638269626604335,0.011446829992804261,0.12095272596756955,0.45869400770391405
2016-09-26,0.06710682322584802,0.06424658124027635,0.0793546069178718,0.06510558822058773,0.13966350518492526,0.06441384807282738,0.06370308146378142,0.4591572687860879,0.6544739424452035,0.6380672748924043,0.5066865840830403,0.0637520458915602,0.07426248090883461,0.0640580440500623,0.010972421100131524,0.11477659368999378,0.4623146247700373
2016-09-27,0.06579785842604427,0.06468122784133964,0.07867322427100501,0.06637350005238787,0.129110045269916,0.06451355904290615,0.06387625612094963,0.49443387667416955,0.6519300663238643,0.6364540254949544,0.5029621361910036,0.06357646127663213,0.07493134696489465,0.06429844539451532,0.01071160309460363,0.12057626920799115,0.5102279583123812
2016-09-28,0.0679432640190302,0.06696269275891983,0.08025139189638045,0.06930751575730168,0.12920797027975953,0.06506009205030397,0.06416276388849637,0.5694499369004407,0.6525352896794098,0.6353084402052692,0.5078194300451094,0.0637428994320613,0.07543705014418337,0.06463389426139235,0.011609177764865072,0.12637943784883016,0.5306011097513474
2016-09-29,0.06917954711332727,0.06714367107812289,0.07971330889464359,0.06550407395716704,0.08659223005848979,0.06502685406222988,0.0642972972768103,0.4562261800189688,0.6490124426000343,0.633547882025794,0.5014321448367234,0.06341982677542984,0.07615740494429182,0.0648239817511537,0.01364235466884095,0.12209643260463394,0.4484017412827833
2016-09-30,0.06714326057244238,0.06707128660474412,0.0793187974537998,0.06832945178327729,0.16598085158036685,0.06525949303145642,0.06460000068307517,0.5260940249814803,0.6487776805179671,0.6320831854352731,0.5045050483455299,0.06335808698836914,0.07674942185121927,0.06508488004554044,0.016070209815538194,0.12921134164589834,0.5293699019628736
2016-10-03,0.06808868292716089,0.06732478462731564,0.0815425758809786,0.06890903002072238,0.13290259929698003,0.06538874122812302,0.0648977206605009,0.5398194036956643,0.6489256090757002,0.6309468725082255,0.5079157354688202,0.06351408467692521,0.07691155105804962,0.06524514911952647,0.015025358167698954,0.1351463029006164,0.5016705271943451
2016-10-04,0.07121587028331125,0.06884571071447784,0.08254682316414061,0.06843811903160743,0.08427875170093702,0.06548105965766002,0.06510575103903868,0.5250285575596383,0.648344429601333,0.6298985689599947,0.508829826175661,0.06357204392748983,0.07692672358150968,0.06528242138373694,0.014894948857402501,0.13094582268355376,0.4888783919526631
2016-10-05,0.07005228128143368,0.06855602153224857,0.0836945947649593,0.07068391862027248,0.09226372021192605,0.06552905877366902,0.06542339968173091,0.5808050411134695,0.6498552482957082,0.6294219250512604,0.5147672475160294,0.06364856961795107,0.07688866624813975,0.06530292135570528,0.013394180071691741,0.13543113795899453,0.5219682782406645
2016-10-06,0.07063405490118332,0.06866463786390312,0.08362279892285543,0.0707201018770138,0.12334879052412323,0.06552905877366902,0.06580582380916947,0.5816928764472786,0.6508271427440011,0.629273480189593,0.5181760171602527,0.06388129995419234,0.07679382736780224,0.06537559675570251,0.011280802618639715,0.14102530141647585,0.49504426482123065
2016-10-07,0.0719794808803064,0.06946132335245395,0.08276200937899317,0.06898142590373155,0.13458976561240873,0.06565460022056216,0.06612471982409848,0.520526312984779,0.6496301302615822,0.6288679147451043,0.5155054888773132,0.06375806645133852,0.07750632006078892,0.06566445340354479,0.012077719072588838,0.13503015656613215,0.47358373848220614
2016-10-10,0.07067050918154141,0.06888202064052731,0.08383812992298154,0.06985088136847897,0.11691022112691285,0.06613836998987241,0.06644237351688068,0.5449013177066326,0.649297909184946,0.6284638607307149,0.5155211870247869,0.06383168084811447,0.0774863721534301,0.06569240873496565,0.010418440920674676,0.1403946471967762,0.5051804977399432
2016-10-11,0.0690342001726433,0.066166030070368,0.07892433262546142,0.0659388604285939,0.09356938700983944,0.06609405965877527,0.06658811911507359,0.41878683446821435,0.6449713130868101,0.6271039457046099,0.5055933397931976,0.06379945913567847,0.07757642560753461,0.06572036708842113,0.014216318610959622,0.13586275695011368,0.44716846759324086
2016-10-12,0.06597966932342472,0.06526066799150385,0.0798209846250151,0.0666995017973783,0.046569462493701176,0.06582817970733099,0.06672265553344156,0.4422984039528273,0.6421338239770267,0.6253361385769195,0.501356855176837,0.06355756368630605,0.07811438112440464,0.06586200078581053,0.012764029764860407,0.13871809377957783,0.503951877438866
2016-10-13,0.06528880376764681,0.0637759179358193,0.0772744315818287,0.0653230695648809,0.10547339601894035,0.06580972680034061,0.06684349206758297,0.40070271418688436,0.6384055513408698,0.6230285820430282,0.4957508626921295,0.0635996268026418,0.0780178872649642,0.06583591458281349,0.013934888652303884,0.1337615707874794,0.47773916178964776
2016-10-14,0.06670690619530048,0.06761450396685811,0.08061002791002633,0.06742390117036831,0.103172158287618,0.06571740837080361,0.06698674393132034,0.4675180472583224,0.6374222012152548,0.6209469217189708,0.4980970856617214,0.06357040307478179,0.07819153035086532,0.06590672840947356,0.0161018125291916,0.13863600539279947,0.5204709273039412
2016-10-17,0.06867058302962673,0.06580390868399724,0.08061010023044565,0.06633731679564661,0.13939625151222737,0.06545522918084565,0.06700543229447595,0.43300237731996943,0.6354837313381818,0.6188171273899973,0.4975971520504589,0.06358034603156743,0.0780454706494548,0.06583964377355703,0.01409494061883887,0.13246940642964566,0.4813234118910327
2016-10-18,0.0647434079192433,0.06464511354720068,0.07813528897357017,0.06427266844690052,0.204816278400803,0.06503057278857774,0.06688709656491618,0.37104178731379184,0.6318626111198956,0.616245655294601,0.4930097598073496,0.06375976181026749,0.07751967848754229,0.0656719268952051,0.014450943610753608,0.12396918308810398,0.4692745934610209
2016-10-19,0.06528866176501621,0.06645558469670279,0.07921112120388099,0.06872782004175024,0.13872709727829677,0.0648311538425638,0.06683352924997674,0.5061000460073997,0.6333400152142359,0.6145424702602195,0.5020280388136771,0.0635605248922469,0.0775721414092028,0.0655955117273431,0.01640081152552743,0.13011191237850664,0.5496509174154834
2016-10-20,0.0703796007974988,0.06728859723423095,0.0810763184564727,0.06760505241028728,0.10821325619018671,0.06451358299605495,0.06677498153625219,0.471620169733954,0.6333406244781173,0.6131800682150707,0.505567508898511,0.06316179132916494,0.07766229626111135,0.065435247186409,0.016052203387992944,0.12505765472023506,0.4809407435300663
2016-10-21,0.06663416954235105,0.06526063370568572,0.07896014702294965,0.06706168679911004,0.13061360219188814,0.06431787079981446,0.06690204382137946,0.4547685603394704,0.6327507787318416,0.6119488168947722,0.5069296780263097,0.06313451418733923,0.07761899917451279,0.06539983498451837,0.015908448289778054,0.11920434521194014,0.48796818868190406
2016-10-24,0.07117958514193598,0.069063067669239,0.08301317004829281,0.07003197386934482,0.29838770551501415,0.06433633268923569,0.06692695793552109,0.5391284543915822,0.6351409739435538,0.6115365173228309,0.5154355462938534,0.06334495493883258,0.07791308014839252,0.06565329000759121,0.017454658641842494,0.1310423929754464,0.5309620166507503
2016-10-25,0.07081587604681713,0.06754202752767638,0.07939049731088019,0.06590253032421975,0.27429203278039704,0.06433262893360578,0.06694439690640394,0.4163908531591843,0.6328960447311003,0.6106687825654069,0.5107052655417932,0.06336467392186118,0.0778435626171313,0.06562905933386196,0.020270203654751337,0.12006387175115923,0.4445620419593691
2016-10-26,0.06517967113277348,0.06424666124651188,0.07835040979344007,0.06488834183250722,0.14500041822139623,0.06414798608624464,0.06697678414376815,0.3895878927974625,0.6300915327165684,0.6093026211124691,0.5055284626085665,0.06328384355796118,0.07746757393118872,0.06540169957989014,0.01916530501716386,0.11369736427871452,0.4821449570900957
2016-10-27,0.06641595495837868,0.06428281132520794,0.07906769919735626,0.06550407395716704,0.11013095429962197,0.06416643899323513,0.0669655719338891,0.4087192800027745,0.6284744261037387,0.6078222259586816,0.5043419985548644,0.06328384355796118,0.07746757393118872,0.06540169957989014,0.016999564497124586,0.11882002892596806,0.5021983729465487
2016-10-28,0.06845231799357696,0.06823013016402082,0.08086110213889722,0.06659080517952162,0.18929516434060767,0.06408150711595281,0.06698425625697277,0.4427300428274968,0.628266631439762,0.6065881213029387,0.5069000424641877,0.0632038832413474,0.07736969934036783,0.06531224886561618,0.019667600545481362,0.12676659229711107,0.5079777505580182
2016-10-31,0.06816141087042513,0.06656429350186324,0.08175775670828642,0.06764123566702859,0.1710239895873073,0.06421443810924413,0.06698425625697277,0.47520005801806314,0.629129868872436,0.6058076731357797,0.5116118491589671,0.0630860187672756,0.07736022986621857,0.06524702278100217,0.01758594077765606,0.13406139716471951,0.5074839492270454
2016-11-01,0.06888874087157873,0.06580389764418329,0.07806352451798967,0.06441751895197192,0.18851788457497487,0.06422920522546624,0.06687712970723794,0.3779223303943336,0.6266427988545723,0.6045874014800601,0.5070437159787506,0.0630730278233172,0.07695522369811039,0.06504016904306795,0.019732113209709606,0.12614256045613198,0.4552260172998611
2016-11-02,0.0625251626795699,0.06105986597809818,0.07515820796003833,0.06065031914763172,0.15361985919199628,0.06340572591188834,0.06654826582461273,0.28485728087834367,0.6210277261995656,0.6022657875836048,0.49560485888372524,0.06318917059704876,0.07579011098495861,0.06452395566328858,0.020165462494824676,0.11946858540023109,0.4480850711856252
2016-11-03,0.06201610390315496,0.060154551955458074,0.07522997766522857,0.06090389564008644,0.12081906110316604,0.06272256114971284,0.06621068649661813,0.29374267903467294,0.6169577603345529,0.5994333144057823,0.4902989275400561,0.06297763170165821,0.07498818579010966,0.06401892683370516,0.01750837764965399,0.12497250985097028,0.49777857265862346
2016-11-04,0.06165247497400325,0.06055289645920889,0.07447676596152344,0.05985343578305288,0.12132908719610097,0.06198769950418556,0.0659391239654987,0.2686131020309524,0.6128695401722388,0.5961877799914267,0.4860087548022517,0.06308743004815404,0.07392393246271237,0.0635493056729605,0.01696065835397663,0.11945039205209759,0.4814784201650201
2016-11-07,0.06525236336314286,0.06522438867011285,0.0784938331758129,0.06764123566702859,0.11500068343496453,0.061743970227074424,0.06602632488002111,0.501213291140727,0.6174563539479853,0.594690373596247,0.5041653149118546,0.06272416469741066,0.07407146951170121,0.06343562277393996,0.024010342409513385,0.1247467667873298,0.5922872013496668
2016-11-08,0.06797956167621097,0.0675058255526049,0.08100452696379543,0.06898142590373155,0.11243219203094432,0.06205785528281496,0.06611601144885507,0.5322610628797759,0.6224825949295165,0.5946967583441909,0.5197841219917168,0.06307487449403931,0.0740236807405896,0.06359215812413047,0.023598099844027123,0.1299515198213617,0.5109783742891971
2016-11-09,0.06587052885954928,0.06801283598327215,0.0776689059914342,0.07028546225321977,0.2145700174020903,0.06260807707512475,0.06614964302840207,0.562008717463788,0.6277604832680567,0.5959664718411212,0.5329054175247379,0.06358951653238393,0.07386207997159969,0.06377665031675914,0.02963388222838241,0.13879967275260846,0.5104656070580337
2016-11-10,0.07128869832034587,0.07040297379869911,0.07838630465014498,0.0653230695648809,0.3168424896617711,0.06258962416813427,0.06614341828743417,0.42794132676760815,0.6270475765844759,0.5968114270024146,0.52849375535329,0.06358951653238393,0.07386207997159969,0.06377665031675914,0.037997924978107084,0.1263033168802396,0.4345181033823083
2016-11-11,0.06507049965580211,0.06558647873795578,0.07874486482509438,0.06535916471304246,0.11683881747390198,0.06246406176223604,0.06604127011644848,0.4288741869231834,0.6265370663772712,0.5973650705979705,0.525468109693524,0.06345402272581213,0.07378797825499386,0.06367042277719107,0.037186427161906704,0.13166526044214494,0.495051089883767
2016-11-14,0.06663423791469378,0.06410187496617106,0.063609074719118,0.05268142676279017,0.41072605274485846,0.06093894980877415,0.06548320284783624,0.19671062484095186,0.6137583595468409,0.594746150050543,0.4925169465454134,0.06517888133194638,0.07057388327939243,0.06296784807635922,0.05928783372403182,0.11581994581875378,0.33854474777712185
2016-11-15,0.05285270761750052,0.05439669594847732,0.0654024419980673,0.05336967224856545,0.3444206205589478,0.05981265179419157,0.06496499896986493,0.2148025323494956,0.6045837551381474,0.5904527372806283,0.4751251889869582,0.06614765791496308,0.06843213379578153,0.06240690556189951,0.060734780212052114,0.1293000524113973,0.5034572733083175
2016-11-16,0.055491939571088805,0.05736167520163446,0.06944015352387764,0.05944969290121657,0.17048744213753977,0.05969025120393209,0.06457865395252901,0.35932846376783995,0.6036099339223784,0.5867846751372545,0.4816202603523388,0.06575072670968235,0.06787889554512797,0.06192956008061959,0.06237084241185506,0.1365757178767693,0.5726043008542426
2016-11-17,0.06106709237526295,0.06102681913830735,0.07454391820669018,0.06304317195586143,0.13140108247937965,0.05990834462356273,0.06431464433605469,0.4313256369522303,0.6066407892467959,0.5845764319409519,0.49678235956411537,0.06540500726258808,0.0677633510879628,0.06169485829349422,0.0598923760326448,0.14245711791458238,0.539741451074699
2016-11-18,0.0640915836006026,0.06211552555333591,0.07580191233296632,0.06213571232372503,0.1281165144408788,0.06014101652836881,0.06407922024917187,0.4144745226710664,0.6083732997295902,0.5832249546597688,0.5056809766374005,0.0650811338538001,0.06758720323728676,0.0614414244246638,0.056689424418159856,0.13669288303874905,0.4833480343402771
2016-11-21,0.0643832145591837,0.06313173824013787,0.07713190599194084,0.06529381751641153,0.14895210038945594,0.05990170361306377,0.06392250282538522,0.47635264051502196,0.6130444741855756,0.5832630071681716,0.5201130324547968,0.06442842230037238,0.06777236632919922,0.06119765351158915,0.05365530936312528,0.14320035257253214,0.5339098971672741
2016-11-22,0.06605928109203382,0.06280499893468247,0.07123717445951586,0.05890509376992312,0.33647441403102185,0.058874448874537716,0.06368061159321317,0.36130136390867,0.6106291468510997,0.5827147259213535,0.5140232015304136,0.06421906669882965,0.06726158013824171,0.060837646080224655,0.05967459127790839,0.13000369834380857,0.41594468773991394
2016-11-23,0.05982821037697636,0.05663582952660082,0.07012300866038759,0.05759841416304304,0.22771032966046545,0.05758103872335643,0.06336762519363434,0.3402973657145048,0.6076588650120861,0.5815644080840634,0.5077702764453054,0.06412361250706666,0.06660197080488015,0.0604625904273792,0.05690798552931456,0.12068681199125031,0.4781637698959808
2016-11-24,0.05982821037697636,0.05663582952660082,0.07012300866038759,0.05759841416304304,0.22771032966046545,0.05758103872335643,0.06336762519363434,0.3402973657145048,0.6076588650120861,0.5815644080840634,0.5077702764453054,0.06412361250706666,0.06660197080488015,0.0604625904273792,0.05690798552931456,0.12068681199125031,0.49460670735994955
2016-11-25,0.05986469398636421,0.058014915847210496,0.07296254304854424,0.05963119657545449,0.09904298703921693,0.05700076770590376,0.06317188168413343,0.3831499566831536,0.6075532280484707,0.5806188427243408,0.5098968945337788,0.06383784557510003,0.06628765505599796,0.06016043984916339,0.05289640210816626,0.12541395325008153,0.5203024711375944
2016-11-28,0.05866206907106428,0.056708345281310774,0.07048237969346607,0.05581970752503809,0.2071154760277536,0.056028245912337155,0.06277281346998234,0.31972315290206627,0.6039781859755623,0.5790057943344754,0.5029642239135557,0.06352678950306845,0.06548976240773727,0.059606283313483804,0.050854599464976835,0.11683171429515403,0.44676359260251525
2016-11-29,0.056694467453905745,0.05514802580679548,0.07012306277502103,0.05607393014707743,0.14146695744954313,0.05637410243341015,0.062419855607836056,0.32547300033722476,0.6017014632602493,0.5771698426569456,0.5006490862939352,0.06290017128222342,0.06493695489824994,0.059011163098283165,0.046253385513442755,0.12307217825172985,0.49784016841137674
2016-11-30,0.05789693737095594,0.054676231200589814,0.06412063677294502,0.04943124810428881,0.2797595124966593,0.055972590771149716,0.06190945916904719,0.22652922427849004,0.5937235514079453,0.5737895378823933,0.48460899110127487,0.06334369811977869,0.06291606490064164,0.05824014233493027,0.05123818951239542,0.11189862433545157,0.4101931023876842
2016-12-01,0.051046289060198785,0.04803522221756237,0.05682425281007267,0.04257076165241472,0.3960271007464742,0.05425182949846294,0.06100991794301122,0.1469808001641093,0.5811568260021933,0.568074250338219,0.46035718886111987,0.06499770353315953,0.059315144249874246,0.05730997669447682,0.057069221660337566,0.09657764200526792,0.40536189191032596
2016-12-02,0.04313892422928742,0.04306353514536851,0.05653670209113057,0.04362342422394147,0.2445819928147524,0.052272038874882604,0.06018518976066026,0.17203702929037828,0.5728761870761783,0.5615179421068298,0.4516221062508461,0.06583912993576163,0.05664191280704897,0.05642092281324165,0.054729171272129784,0.1064963643140824,0.5086434084870084
2016-12-05,0.04762092030993967,0.04796257891956332,0.061496758738115304,0.04939485926086154,0.2137682563839966,0.05097314345263096,0.059577627569706776,0.29886336525238427,0.5726623466600079,0.5562216583996862,0.4647090831559023,0.06585647567191788,0.05553524343176017,0.055882845012854704,0.05736520308416915,0.11531591730206328,0.5712710092281774
2016-12-06,0.052394637200122246,0.04930542923965722,0.06207194903100291,0.048669020781069355,0.2500290714872973,0.049278290504492034,0.05884295562277983,0.28882228376529623,0.572417538788574,0.5519259743708783,0.4751015990392165,0.06483358670485684,0.054623496064625715,0.054906753512004275,0.05608604880551478,0.10520289003518302,0.4851633943609647
2016-12-07,0.04995312761757745,0.054821393102192834,0.06401281343485662,0.05665468316558561,0.2505023757015409,0.04904886724548904,0.05852492216322755,0.43781834439248885,0.5806700500224056,0.5504667658227813,0.5045620487316934,0.06327644664548221,0.05495872750256095,0.05427256141096601,0.0616308174344799,0.11533280072913117,0.5987712956523529
2016-12-08,0.05873504746423122,0.05620040485638081,0.070194941296119,0.056545780961042874,0.23826786978421816,0.048941554144816574,0.058238021498676656,0.4360279574353428,0.5875704566343117,0.550952767332433,0.5247655595454873,0.061206912425918636,0.055679415163803786,0.05356567577772284,0.05788290380228667,0.10563931207020943,0.4932255961094941
2016-12-09,0.0568036987695196,0.056418072979084216,0.06969168739025597,0.05603754130365016,0.1853924446774697,0.048575190734245405,0.05791246744505543,0.427156437909685,0.5929423812990169,0.5526287057638991,0.5371245864648903,0.06004466933961444,0.05592079356389992,0.05308794952007842,0.05560493830052704,0.09783196419898399,0.48815870988442206
2016-12-12,0.05622060879367943,0.05315195988493002,0.06642085119449656,0.05371438238198459,0.21015931175038916,0.04836055854461327,0.05746964727094225,0.38635996737519124,0.595280787887367,0.5545297492071232,0.5394625918238359,0.05865211521875108,0.0561559570095059,0.052488843241189936,0.054211129944391506,0.08914114734239575,0.46508082317105015
2016-12-13,0.05556476301607463,0.05485764081079267,0.06760702890699835,0.05625534571273563,0.2316375305760643,0.048379053369614095,0.05707808652062599,0.4362866749511582,0.599972379774716,0.5571747104031064,0.5471891354444458,0.058791187017090296,0.05638343219614647,0.052672715916717766,0.05309713834414434,0.09859812247558197,0.5271640419997056
2016-12-14,0.0572774373055526,0.05659956744099967,0.07073406168366067,0.05600126993832913,0.37752743430353897,0.04904884928062744,0.056788651720899336,0.43139769806244915,0.6037209605937605,0.5601888561232621,0.5510235920352349,0.05889630125488443,0.05654811239549448,0.05280810760156199,0.04971831531867281,0.08393704926889667,0.4913800110238313
2016-12-15,0.05760535477668213,0.058087373462062525,0.0707699330881715,0.05734427964958336,0.2535849734072395,0.05055496938125134,0.05667495702407474,0.459121160515053,0.6082497521562302,0.5636852914533661,0.5560327905591448,0.058678052768550315,0.05655578336315206,0.05269978730300698,0.04898536386780303,0.09417692055896369,0.5116776689053515
2016-12-16,0.05705876310335525,0.054712447072980425,0.06731945002937004,0.05316993009832402,0.3570345858894141,0.05152820976928127,0.056408985952633744,0.3764046305670667,0.6079429014362916,0.5664089169098118,0.5480061650657873,0.057637586295193666,0.05660942398336591,0.052191824077789856,0.04872554516990543,0.08024685608028244,0.4417935970839141
2016-12-19,0.05275885225820273,0.051591489260763485,0.06678025470773705,0.0522624117271345,0.14399464676612855,0.05182054896769531,0.05614793063882542,0.3595188409476708,0.6070455037359502,0.568372796764312,0.5401152288537864,0.05664673730575953,0.056611491141967535,0.05168385783053811,0.04397582146319634,0.07391622589035698,0.48295642411601897
2016-12-20,0.05410725690355836,0.05151905615142907,0.06559430010685055,0.053206318941751346,0.10764610717484308,0.0522831142120492,0.05565151385925063,0.382080283107565,0.6075061232582728,0.57005426714971,0.5371820429285972,0.05474053248331667,0.0573344079844548,0.05106197447658137,0.04142885337321668,0.07895025254550411,0.5067629233894702
2016-12-21,0.05436232131990579,0.05141018092564678,0.06663662923797511,0.0524077321446311,0.15714311944199066,0.05185014907129867,0.05508154453846173,0.36556565657672174,0.6073215193072043,0.5713552115240565,0.5332297903949534,0.054103079615501704,0.05732059560636618,0.050727695137109424,0.0371401976126689,0.072150597840697,0.4843561466901326
2016-12-22,0.05268593501245725,0.049631826044359256,0.06379701574067428,0.05153642639970943,0.21284612920797027,0.05133945895690459,0.054436765204041754,0.34712917891590095,0.6065623918251966,0.5722140766768432,0.5286382285233889,0.05360681264711825,0.0572053674477255,0.05041581511837587,0.03544238864334867,0.06336393842614148,0.48339124671063505
2016-12-23,0.052904759917346084,0.05115617861176777,0.06634910489450277,0.05244406224900525,0.09286555100158925,0.05097311351119502,0.05399385614834415,0.3724814798385507,0.6071013792668372,0.5730303126055417,0.5281954691481665,0.05270129414106217,0.05739835610954744,0.05004604802614723,0.03164174207009006,0.06787072185237975,0.5063258094828518
2016-12-26,0.052904759917346084,0.05115617861176777,0.06634910489450277,0.05244406224900525,0.09286555100158925,0.05097311351119502,0.05399385614834415,0.3724814798385507,0.6071013792668372,0.5730303126055417,0.5281954691481665,0.05270129414106217,0.05739835610954744,0.05004604802614723,0.03164174207009006,0.06787072185237975,0.49460670735994955
2016-12-27,0.053596995844601564,0.05249878016459089,0.06753512444710055,0.05316993009832402,0.04355826844101344,0.050917608077187454,0.05357466837552352,0.39315302265195623,0.608473518944788,0.5740120721645308,0.5299146451524184,0.05244403757501909,0.05738990477015829,0.04990972102158256,0.028833459627057634,0.0706186451544637,0.5039488926259458
2016-12-28,0.05407069992735017,0.051772972614828855,0.06660058199530153,0.052988426424086105,0.12130868615238358,0.05058455451413671,0.05358522609373498,0.38845983753407237,0.6095954769786637,0.5750663059846519,0.5306673836613897,0.052127930668023514,0.05739726135216747,0.049750976564071486,0.02610571996376493,0.06509725508951636,0.49227665071116344
2016-12-29,0.054398770663728974,0.0524625846765073,0.06778682193407917,0.0530974461067352,0.09384888130876776,0.05028851754837996,0.05357586423684205,0.391953755807987,0.6107927345217211,0.5761965613135307,0.5314569649038619,0.05219908243110655,0.05770493109344624,0.04993959685601598,0.02273140853772336,0.06963911529095602,0.49600714323179546
2016-12-30,0.054179950048808406,0.051373721315148196,0.06649269591251858,0.05197197647882726,0.11192828625112461,0.04974082580740993,0.05331870557249893,0.3599157156831346,0.6108281625896782,0.5771092543004859,0.5291972998819686,0.05119276393221378,0.05972937613126597,0.05042327501088026,0.0199586141216217,0.06445233728488003,0.48015478767390285
2017-01-02,0.054179950048808406,0.051373721315148196,0.06649269591251858,0.05197197647882726,0.11192828625112461,0.04974082580740993,0.05331870557249893,0.3599157156831346,0.6108281625896782,0.5771092543004859,0.5291972998819686,0.05119276393221378,0.05972937613126597,0.05042327501088026,0.0199586141216217,0.06445233728488003,0.49460670735994955
2017-01-03,0.0553825443334198,0.05634548891663635,0.06846960710912622,0.05734427964958336,0.2477563952171793,0.05016638942518789,0.053122720668694695,0.520083024671296,0.6163069555636329,0.5791521520396172,0.5409359313173938,0.05046194725385489,0.06191712770951366,0.05112919208202196,0.02513864130130844,0.07448429499247741,0.5638654774040861
2017-01-04,0.05786043950377304,0.05761562837702669,0.07159663493832605,0.0597037099365699,0.13040755165034243,0.050925009600160026,0.05303908410771366,0.5765554594188778,0.6230418323835824,0.5824001768990832,0.5534527280050763,0.05121794716161482,0.06220447548346916,0.05165956671611613,0.02399731040746242,0.08033025438812641,0.5244577896435704
2017-01-05,0.06114003369804896,0.06222445745146024,0.07468776547793823,0.06311583216460973,0.12575611368277603,0.0519352576030532,0.05296418319246218,0.6481988499626983,0.6317134748189925,0.5870763611758245,0.5682860022398084,0.05263225269287741,0.06223837139288016,0.05240283311335156,0.02582300599613828,0.08601029044879788,0.5374261579882671
2017-01-06,0.06463820244526006,0.06570820803613911,0.07727559396984288,0.06718125014179974,0.14805853467463395,0.053441377703677045,0.0532488002063026,0.7194263979344635,0.6424425481029863,0.5933880426380068,0.5852727461343111,0.055225831388000135,0.06063858964292626,0.05294440891883226,0.028540099003761615,0.09248588523665106,0.5450330969387452
2017-01-09,0.0682092471865531,0.06556303742223044,0.07982750871011066,0.0655115044473907,0.11555967203282122,0.054866099016463526,0.05352093137755917,0.6644074637271493,0.6490530053439872,0.6000212829872157,0.5886125491676305,0.05680878447769411,0.05992667946814276,0.0534056817088889,0.026554640565443197,0.08716957059186455,0.47417777316838444
2017-01-10,0.06609572838317193,0.06356710458917422,0.07795845483532418,0.06391433085315026,0.08928720793355788,0.056035461798406766,0.05366822836340854,0.6135145690193404,0.652432260521976,0.6061375599512357,0.5832432188470351,0.05785513430131528,0.059659111901766676,0.053810930509804816,0.024530714518301744,0.08279043169613091,0.47495571921530755
2017-01-11,0.06445598417625278,0.06320423554965546,0.07716776090048141,0.06569300812162862,0.1195154344096244,0.05731215564588407,0.05400777116640579,0.6484494373409111,0.6565426099030108,0.6120154396545262,0.5807671563693897,0.059193785191322734,0.059514720011364125,0.05442721252255964,0.023372681290004277,0.08824785394904086,0.5166092703353153
2017-01-12,0.06372720729420137,0.06200667417222824,0.07573005181132716,0.06413216463176233,0.10696471231468202,0.05844822953931203,0.054284893846645504,0.5978195939684876,0.6579132659345662,0.6170461587448636,0.5719683027254654,0.06004579479636035,0.059449132885382755,0.05483246283449292,0.02470189021533803,0.0832381336070001,0.47541444940104527
2017-01-13,0.06361781189740115,0.06338561457345418,0.07673638834498811,0.06340612056528408,0.1152720173164059,0.05949917094783666,0.05476548970418224,0.5743991361534952,0.657938151172505,0.6210766966316658,0.5615801332417226,0.06071442146180289,0.05952500769079341,0.055213431098108084,0.024553538587896953,0.07793208001056087,0.4856320333542084
2017-01-16,0.06361781189740115,0.06338561457345418,0.07673638834498811,0.06340612056528408,0.1152720173164059,0.05949917094783666,0.05476548970418224,0.5743991361534952,0.657938151172505,0.6210766966316658,0.5615801332417226,0.06071442146180289,0.05952500769079341,0.055213431098108084,0.024553538587896953,0.07793208001056087,0.49460670735994955
2017-01-17,0.06267052676113774,0.06207930925659913,0.07662868439939782,0.06373294465701865,0.09559113044223344,0.06069816976310646,0.05549325716802364,0.5821906191484658,0.6579379513831973,0.624301079070694,0.5532071710303562,0.06133993330359522,0.05953991603031636,0.05554211816248203,0.02243204649856166,0.08253608868922457,0.49865655456317953
2017-01-18,0.06452894996937378,0.06331319921492282,0.07741945557619309,0.0649308101679357,0.14018373179971888,0.06147159597816751,0.05622601816088427,0.611168288937247,0.6587698732482459,0.6270799172290094,0.5485796200583921,0.06208350563284104,0.05999132271616878,0.05614719749283295,0.02118346243681904,0.08873077818189651,0.5094336348557754
2017-01-19,0.06642373356048645,0.0633856808891258,0.07896490620117427,0.06543893234722212,0.09871045002662338,0.062056286351569984,0.056777773826980155,0.6235355537575142,0.6595697763445408,0.62949464812227,0.5447978973402672,0.06272827468552539,0.06069277065132053,0.0568251093689823,0.017559407401011765,0.0934460573777447,0.5008706984017047
2017-01-20,0.06751686084515221,0.06494609384270675,0.07968370812819311,0.0658381523219658,0.15112277144098693,0.062333819509895055,0.057368220252812435,0.6336082390597031,0.6602289846551055,0.6315843821023073,0.5414223859786025,0.06335212948665858,0.061359257773525105,0.0574749979179314,0.015576831550212208,0.10003095780118396,0.4995197525681374
2017-01-23,0.06609576777643114,0.0650187330019811,0.07928838067588481,0.06696347510224085,0.1177813456936457,0.06231161793512077,0.0577227396027952,0.6621743214365816,0.661480490162234,0.6335560356144208,0.5401959682963086,0.06394020059031413,0.06226319617672585,0.05822386867840343,0.014517366927135747,0.10542652267044,0.5084370067764461
2017-01-24,0.06864667254036369,0.06933730060532098,0.0805464890476418,0.07088386635719998,0.13784169198096174,0.062859315664378,0.0582158263530059,0.748098699600382,0.6659150220577905,0.6361958921394772,0.5471361168648541,0.06494987857633916,0.06322773118075939,0.05921926493652288,0.018583050572326093,0.11153766830848291,0.5426067744474266
2017-01-25,0.07371163793792138,0.07216776241050046,0.08629718656449151,0.07331575126624876,0.15749605749830162,0.06381776498303701,0.05881002398571064,0.7919297121872135,0.6713372633549032,0.6396069706738842,0.5551462503430755,0.06627736596450212,0.06402062789788812,0.06029308148248677,0.018751307868555264,0.1183499128101984,0.5239955805083614
2017-01-26,0.07418530794800257,0.07089759919391855,0.08496729422631791,0.07091999087488807,0.13846800402308582,0.06435064170148738,0.059401724853905796,0.6905699047940872,0.672750707402957,0.6426745010296204,0.5515780602058813,0.06685530998700712,0.06526759057198991,0.06120629501963712,0.017705506001829935,0.11221642574064755,0.4658855844836795
2017-01-27,0.07199902769073699,0.07046222499788593,0.0843922804553782,0.07284390045228337,0.07762597134469398,0.06523877954604998,0.059972205243805504,0.728649860268753,0.6752313617044228,0.645722901201801,0.5513793686204671,0.0674667761580956,0.06669886797545918,0.06222782885534259,0.01697490896920069,0.11617959192465682,0.517854014134564
2017-01-30,0.07254555146846922,0.07024439453709871,0.08345771919361225,0.07258973656929715,0.14590622456244862,0.06617502429579111,0.06054268260365123,0.7178620994890752,0.6763899880909218,0.6484392334140918,0.5479304153355393,0.06766057925152641,0.06852641766178488,0.06323067745087982,0.017679145734934065,0.10978077306592701,0.4915549832379612
2017-01-31,0.06766261344124017,0.06857504343585805,0.08144488062446528,0.06899614003654594,0.11911149374401994,0.066711592793297,0.06094339007702529,0.577336662180842,0.6732340736963509,0.649856127951872,0.5344340821224495,0.06652883162527756,0.07147470004640397,0.06410654468397112,0.021278580528290347,0.10433775994473879,0.4514226035697362
2017-02-01,0.0704685490283454,0.06788561266585544,0.08126526234227563,0.06801616704329413,0.12023355114847675,0.06702613656062892,0.061453952158767006,0.5430293112845872,0.6692895928234036,0.6500445282878929,0.5216745882101835,0.06598849146879981,0.07314712013770083,0.06465559700314674,0.02125450144064714,0.09885472145765686,0.48268945387814455
2017-02-02,0.06769905069494217,0.06647023098625718,0.07953991605289643,0.06750789801637483,0.1938384767764719,0.06723706200048749,0.061978244425275414,0.5249865813779202,0.6652335098420867,0.6492233928972007,0.5111892599597375,0.06559253680729632,0.07437097946269952,0.06505711056924987,0.021773180953873775,0.09074609174134066,0.4884055090558035
2017-02-03,0.08081723992008491,0.08142153175311226,0.09226359227352401,0.0812287828115433,0.539377074531133,0.06880609504637883,0.06294193694493042,0.784611176294107,0.6750505995465954,0.6509187032727708,0.5373257890448547,0.06865489652392326,0.07307366760506193,0.06598899423639512,0.04263307604589739,0.11118056927131856,0.6622948547813805
2017-02-06,0.08201993429850815,0.07880886200205303,0.09370148401979503,0.08032149939656638,0.16370613520587715,0.07016790940218501,0.06390189138794708,0.7556636028926424,0.6813205336684208,0.6537772558872939,0.5494075573146243,0.07079721044915654,0.07221494476499399,0.06666504000615539,0.03837861078834828,0.10414680256272957,0.48400536578679965
2017-02-07,0.08161895086819662,0.07971595519752403,0.09427640779047805,0.08013984887469558,0.14197902364684978,0.07111153172175008,0.06488556307376878,0.7496200552358951,0.6854494860323797,0.6570534134690638,0.553744922545726,0.07253972879772086,0.07192662570538919,0.0674176460014402,0.03496907481881131,0.0978880724846277,0.4924779929751562
2017-02-08,0.08103597853086766,0.07786522337778648,0.09215584984145606,0.07763527438737186,0.121320926778614,0.07155189539132964,0.06575188884767605,0.6672670233378994,0.6855824394783275,0.6597061957759548,0.5472703677505257,0.07344541383690856,0.07241357363770609,0.0681235676056339,0.03228394668885812,0.09236624577932516,0.46523913909689124
2017-02-09,0.079469041870844,0.07761115958097578,0.09143694371414832,0.0794138929167971,0.10024664861854332,0.0724178256728307,0.06665441871699032,0.6975448680603111,0.6867715528096148,0.6621133385046114,0.5447190844814586,0.07460456871290772,0.07263708478379724,0.06882948618779292,0.03057211084375884,0.09713632333975146,0.5156311414797584
2017-02-10,0.08103600712295819,0.07895395070213554,0.09269502282116202,0.08057551643191971,0.1793476154240051,0.07320604295726266,0.06760313872973181,0.7168969969920194,0.6881712443758515,0.6643744250594729,0.5432021030763212,0.07571244091931129,0.07319727777156618,0.06967547154238143,0.02910275591404489,0.10472804364889865,0.5082592381375273
2017-02-13,0.08249361204449371,0.08098620677075827,0.095462640608767,0.08253569737463598,0.0898747579926189,0.07422000669236009,0.0686155201773597,0.7485702684760835,0.6905008603229366,0.6667414807243711,0.5443027287141691,0.07690862159712342,0.07394530336001195,0.07065965907402774,0.02707718755362766,0.10912814128168208,0.5175588354688158
2017-02-14,0.08365962530224838,0.08196599197479756,0.0963971083843412,0.08402388065575397,0.08795093957006841,0.07575204409996258,0.0697177851473326,0.7715998975571363,0.6930709446925207,0.6692509289889801,0.5457816591857636,0.07814721093064703,0.07477014057166101,0.07170359676352353,0.02465522865358359,0.11345961360530593,0.5119232646089219
2017-02-15,0.08608515923424884,0.08463916630060073,0.0985717065548751,0.08713332054290449,0.13074620897605121,0.07770098606205947,0.0707422302500181,0.8158782947509209,0.6973855339106123,0.6722922825129936,0.551306180107033,0.07987269169165134,0.07528792991712155,0.0728458820372683,0.023287682634481055,0.11931765338411557,0.530617470121599
2017-02-16,0.08802010248744577,0.08514813658100764,0.09889577241770195,0.08666050053456212,0.14361722745735672,0.07965354195547839,0.07166927426634376,0.7974645598625663,0.6995147155166042,0.6752355267868486,0.5502871892332114,0.08116090100962925,0.07615806746635664,0.07393769933255476,0.022228620631551135,0.1130004862718089,0.48918440886342107
2017-02-17,0.08699783603181219,0.0851481410363987,0.09957999539735843,0.08684232727359234,0.08662895193718112,0.08022582759195698,0.07248522842228097,0.8002262580304946,0.7005475841427073,0.6778376021575093,0.5467437109350414,0.08219319923274448,0.07727154423806967,0.07501833207764516,0.020100870805154575,0.11728480143707073,0.49669499731875866
2017-02-20,0.08699783603181219,0.0851481410363987,0.09957999539735843,0.08684232727359234,0.08662895193718112,0.08022582759195698,0.07248522842228097,0.8002262580304946,0.7005475841427073,0.6778376021575093,0.5467437109350414,0.08219319923274448,0.07727154423806967,0.07501833207764516,0.020100870805154575,0.11728480143707073,0.49460670735994955
2017-02-21,0.0878740415504434,0.08645702827231269,0.10026416030025356,0.08851521550734501,0.15628015529274478,0.08106115473174955,0.07321890348143653,0.8257202606161518,0.7021678248569595,0.6803074793902215,0.5453706630737225,0.08336051916529053,0.07830168977573218,0.07612713622963305,0.019149003286139527,0.12405367299683595,0.513808936188225
2017-02-22,0.08823923589539887,0.08685708749095603,0.1014886598495747,0.08807893119006274,0.13768664404870953,0.08187052264655323,0.07399499727678696,0.806118941613122,0.7021672780915079,0.6822832501689388,0.5402387314107708,0.08448727584841548,0.07892050260532343,0.07701179607250422,0.016879877491087783,0.11794805813662564,0.48962502364764876
2017-02-23,0.09050269340893521,0.08809316786540236,0.10278496052592109,0.08946079678497668,0.089756431939058,0.08307610258944995,0.07487354022848866,0.8284734851912765,0.7026748199689747,0.6839854761002837,0.5373976159950198,0.085787368442243,0.07924987039526557,0.07784243402418253,0.015073774140171844,0.12234393491264209,0.5104070076372642
2017-02-24,0.08732641221725004,0.08787502255010646,0.10073233007449364,0.09036998921918102,0.07161582386554896,0.08419304689943444,0.0757221815971377,0.8428752060835387,0.7031124360043047,0.6854521116085848,0.5349507061404092,0.08689438549418466,0.08012391649974562,0.07884310675478032,0.016046864163541952,0.1260927106822462,0.5049576504560374
2017-02-27,0.09083129310328972,0.0876932538066015,0.1029290408965369,0.08880620877665715,0.09161496702171285,0.08503214366601616,0.0765707219639862,0.7671727884429238,0.7010720121478011,0.6861365253151235,0.5268263256562868,0.08764488982623853,0.08100544895475917,0.07966434315669915,0.013276514542072224,0.12163053734563126,0.47685376439636706
2017-02-28,0.09024711872540356,0.08769320649695275,0.10238882319611123,0.08858796382467302,0.14037958181940588,0.08564915581955188,0.07743672554214973,0.7566396766606684,0.6984291272945289,0.6860508092255199,0.5188275362184025,0.08816179064582608,0.08213350388400567,0.08048742753279922,0.011306370342666544,0.11542886160727606,0.49211695763018615
2017-03-01,0.09236469393945249,0.09045655606653544,0.10476561994406328,0.09240664840910048,0.19361610539995228,0.08650375626168058,0.0784228142010586,0.8268716382099421,0.6992919747702512,0.686188978475839,0.521152873715071,0.0886023858465802,0.08411241363187597,0.08169186245989632,0.012970289212862293,0.12352955902380607,0.5382001871561016
2017-03-02,0.09331392935121594,0.09042018724910802,0.10361326513629168,0.09073373080582123,0.181636612529097,0.08687080832527919,0.07931017662998427,0.7490279729946023,0.6975215245597484,0.6858753060714509,0.5164599164066108,0.08805227486340927,0.08704883306290709,0.08286064644436622,0.013491364780899393,0.11585618696823571,0.47573429292295877
2017-03-03,0.09079482089575505,0.08962033075832096,0.10390137078980774,0.0916793120834529,0.0828221171795149,0.08738246255391155,0.08021258327710187,0.7673820895291239,0.6962686998489208,0.6853241857327386,0.513993713905898,0.0866410132378665,0.09103157705366596,0.08410422880816679,0.012168426284513645,0.12000470698302909,0.5053293669801375
2017-03-06,0.09159809514358289,0.09092929272775133,0.10422553096273171,0.09222490977864997,0.11642263618206708,0.08793120224514064,0.0811200238539588,0.7780701134564942,0.6950445639434832,0.6845899810129061,0.512092146895661,0.08736082615855473,0.0914280730523874,0.08466996275854541,0.012566104520849941,0.1253518047728575,0.5007755339986889
2017-03-07,0.09327738724302856,0.09103828020700763,0.10631406872618962,0.09266119409593218,0.08257322444616266,0.08835387352020349,0.08200376839838888,0.7868698940308074,0.6937499600603583,0.683692424344924,0.5103955266063775,0.08794501156079049,0.09210537953809825,0.08530482121822133,0.009622895742841336,0.12949144643376173,0.4995312563590348
2017-03-08,0.0939346256480634,0.09103835811342034,0.10638618299390631,0.09229759935692486,0.08621277064534622,0.08878395530066982,0.08274018666644742,0.7670680759148047,0.691632714816923,0.6824670775618553,0.5069910042472471,0.08827936769842548,0.09302339433082543,0.0859303189256054,0.0067694362556145055,0.12522197704057683,0.4905081684797093
2017-03-09,0.09338700374531486,0.09176553692303527,0.1058100090968864,0.0928431383130687,0.08798970155313146,0.08912877584805809,0.08341173349804895,0.7795577881620572,0.6897841006560322,0.681043863897955,0.5049359019457514,0.0880635879539759,0.09483065305926328,0.08671274031463092,0.006287986088621023,0.12955483205865884,0.5007630820206861
2017-03-10,0.09513932565319164,0.0930743360816371,0.10721432485640212,0.09509783686828624,0.2163693894579647,0.08961076709607155,0.08424320961069462,0.8275726416490501,0.689838370113027,0.6799182961719372,0.5080273382154425,0.08825423384625297,0.09626507004080906,0.08751965529439923,0.005660248707494153,0.1384671711221206,0.5200080142371982
2017-03-13,0.09623467785319259,0.09471054067644116,0.10905097042394243,0.0964798786803596,0.14899290247689073,0.09039307693518597,0.0850560508911389,0.8538134789044498,0.6905295318681578,0.6791834474450681,0.5120854580534573,0.08862206149435892,0.09753828591866634,0.08833791045914743,0.0047159550711265985,0.14497609612375434,0.5100691347415108
2017-03-14,0.0967092701164555,0.09369248966171204,0.10771853912395954,0.09444327822949336,0.08912195947944698,0.09099001036175794,0.08580759417882969,0.7389748583082112,0.6883687892261725,0.678077844843265,0.5082347017345465,0.08860324445613094,0.0987973124894703,0.0889505373210073,0.004863032723025212,0.14060285187281596,0.47191710331096304
2017-03-15,0.09605211326451826,0.09394700275096404,0.1083307513300866,0.09578887245908621,0.09608483570019444,0.09133481893257181,0.08672899623457661,0.7697341807454059,0.6873056486860052,0.6769386295239735,0.5078855903886776,0.08885885510337377,0.09975628472613071,0.08955582819378291,0.003915442694159638,0.1452244717124729,0.509691613147962
2017-03-16,0.0980966666648874,0.09478333087702387,0.10854687413103056,0.09622536236305448,0.15369126284500717,0.0918946758789779,0.08769911044871051,0.7795558667720166,0.6862255745781392,0.6757684666719836,0.5075641604181489,0.08943580628047926,0.10010305881921536,0.09002359986932898,0.0040594395586212445,0.15190099383711247,0.49947988227461465
2017-03-17,0.09787755477540813,0.09587400682939043,0.11106757054451297,0.0969526399496489,0.14224627731954767,0.0924322773560248,0.08871171511031764,0.7961256453301502,0.6854288970607438,0.674641448886943,0.508012277485609,0.08996463249696834,0.10062476824694663,0.09055311473456853,0.0025668727802565794,0.1581692572296363,0.5027155469879322
2017-03-20,0.09802346624265165,0.101036829581263,0.10674613171274197,0.09309753715226757,0.1590689779689129,0.09252123935058912,0.08911988156666231,0.5957132142367396,0.680382320480912,0.6725306522943367,0.4977944680013029,0.08979770200228737,0.10144936879565294,0.09087493573624447,0.01617767952166209,0.1513009044422771,0.4517191833315741
2017-03-21,0.0951029289160942,0.09252907032325655,0.10325323183059074,0.08902451246769441,0.19281434438185857,0.09215048951964785,0.08941917818219461,0.44044553046246243,0.67185046056633,0.6687977431495039,0.4809467407548005,0.0897567603546312,0.1015449325116303,0.0909011382875752,0.02056512337327382,0.14322880696901294,0.4487562335515932
2017-03-22,0.08911539325961734,0.09009295921527419,0.10271297586418124,0.09069734196239396,0.12623553821013483,0.09198734761745928,0.0897822503646479,0.4942862153546476,0.666303943401073,0.6644824454643309,0.4748978859662282,0.08958781197630628,0.10199307277825545,0.09103585152564306,0.02150737099988001,0.14892594477692989,0.5136774244448111
2017-03-23,0.09137906547804794,0.09136562146880747,0.10476571668348264,0.09193397524839095,0.12383025515585377,0.0918946609082599,0.09027398268071321,0.532053946721833,0.6627330311574212,0.6601746007397025,0.474975294556812,0.08953021168418468,0.1023103718587903,0.09116309278306803,0.02105730711385151,0.15453728275504927,0.5086314104160148
2017-03-24,0.09353293959881256,0.0921653814398403,0.10674620286097877,0.09313398473474802,0.12152289711141623,0.09169445150833613,0.09074581663205225,0.5674913587096384,0.6607148380489954,0.6562447568467634,0.47890131985173306,0.08956367210703564,0.10256330311891451,0.09130529613398672,0.01931415577574261,0.16006631402621269,0.5081639804955547
2017-03-27,0.09079484892661718,0.08991120714487558,0.10350527461436435,0.09226121051349753,0.07322138600610809,0.09126436972786986,0.09114768764616862,0.5326940947410126,0.6579092310047131,0.652428645711378,0.4800825809643657,0.08939742464206252,0.10309571778596885,0.0914830507003895,0.01992404857446868,0.15626026559668432,0.4847828987408922
2017-03-28,0.09375203943931856,0.09147458580604187,0.1050176878789422,0.09287943904791632,0.11025948087504159,0.09110494056374205,0.09150340891757794,0.5524258806909665,0.655976696841929,0.6489127129570864,0.4832003199172036,0.08915322528652386,0.1037962169157263,0.09170384055105782,0.019346162097483743,0.1613875149676675,0.5015841643767991
2017-03-29,0.0932773066696451,0.09136541425809383,0.10526966600276541,0.09309753715226757,0.06318407249714897,0.09083056622691207,0.0918154519603396,0.5596246982216793,0.6543589382779736,0.6457123445518044,0.4864778619555379,0.08917395476378026,0.10384658800111504,0.09173938572247256,0.01820728685645108,0.16483551830592857,0.4970635131179737
2017-03-30,0.09360603587987734,0.09031114465188636,0.10541384610514273,0.09247942609595508,0.09356326669672421,0.09044867818178867,0.0919993045278619,0.5312751229278381,0.6521885236042372,0.6426320087451186,0.4877245550281373,0.08912010642381107,0.10408426335293189,0.09182919908090312,0.01564385339137081,0.16030384637944367,0.4876485651946314
2017-03-31,0.09324094977940464,0.0912201082052744,0.10638615676610777,0.09197027598323851,0.0976985582582405,0.08994073968536057,0.09218190770311133,0.5076160889061232,0.649716400912919,0.6395754084242038,0.4879710786061626,0.08911313267332105,0.10412179783322581,0.09184416872948356,0.012661434758928114,0.15562466278629233,0.48886420598949265
2017-04-03,0.0938250291576497,0.09162000808811663,0.10469358625915484,0.09375224263869339,0.1526997721203417,0.09000748513443266,0.09241953968935415,0.5744195978291133,0.6492765040220456,0.6370247269010372,0.49322569666681304,0.08916374739452271,0.104228175415539,0.09192274767414652,0.013385245789444972,0.16226581704216037,0.5147364609434972
2017-04-04,0.09335044354963004,0.09114737476802545,0.10562990015237947,0.09164292324002563,0.0656709597262996,0.09027442501271035,0.09252710155684937,0.4779909563788653,0.64662861398334,0.6343497353628088,0.4919345771172528,0.08917422893701143,0.10411128930425687,0.09187035919267564,0.011889134219122674,0.15872910293840037,0.4709097096646401
2017-04-05,0.0937886179851796,0.09431064772450784,0.10667428115249769,0.09255220378280973,0.114464135985197,0.09046352314574432,0.09268093739926633,0.5129862939384129,0.6452328148875661,0.6318753024136569,0.4940176362743147,0.08917548957947952,0.10413648110906196,0.09188345820181507,0.014836443895428264,0.16400633827139616,0.5048886903261184
2017-04-06,0.09331385385874838,0.09089279225922761,0.10606194328026639,0.0927702431481078,0.13940033172097085,0.09054877839053513,0.09279474925817952,0.5214872358960194,0.644157955212272,0.6296382148591909,0.4964827737688717,0.089173730993787,0.10413072108473823,0.09187970785682906,0.011911742417866522,0.17017308278133503,0.49706533377682355
2017-04-07,0.09320435299322996,0.09082008057723603,0.10512566932979425,0.09149739723584296,0.07749540466490265,0.09038193273271664,0.09283352081935645,0.46174890832982723,0.641888887891377,0.6273048661167907,0.4954829774005388,0.08897990470718498,0.10395739156334596,0.09169447073266204,0.010641392948705627,0.1662145740944479,0.48026367079618965
2017-04-10,0.09192670390931637,0.09085660220510969,0.1051258217895226,0.09193397524839095,0.08891794904227301,0.09034857198475502,0.09294108470688764,0.48092791066507906,0.6403816554372578,0.6250770474722571,0.49657904333179265,0.08846599758001011,0.10401830727247627,0.09146059093895823,0.009522025089320041,0.1705805410061329,0.4995456801287689
2017-04-11,0.09185353971192936,0.08940211884955332,0.10372126422904102,0.09189746892685732,0.11052469444336774,0.09024846279357776,0.0930548985858369,0.4790894176408779,0.6390258594760888,0.6229699377683847,0.4978327610874957,0.088292255265769,0.10393388187470357,0.09132961293570316,0.008482826847191496,0.1654438310941203,0.49419427214353334
2017-04-12,0.09221869887502235,0.0907111093546106,0.10526981543401917,0.09127929913149171,0.08714509834323125,0.09006309835760976,0.09301612904469594,0.44698640788975824,0.6372353646589036,0.6208552394230532,0.4977539432759314,0.08784080212373419,0.10393367091849856,0.09109760227042316,0.007035811215015481,0.16114110426054734,0.4876220595806951
2017-04-13,0.09137899068586494,0.09278353207874088,0.10480166169732605,0.09197027598323851,0.11428256669611217,0.09001119188420612,0.09305865383278125,0.4822939142655956,0.6364048849932104,0.618964494097124,0.5000799837111293,0.08717922031607855,0.10417833600511636,0.09087868457021323,0.009908053783167198,0.16641186276160758,0.5024289604640874
2017-04-14,0.09137899068586494,0.09278353207874088,0.10480166169732605,0.09197027598323851,0.11428256669611217,0.09001119188420612,0.09305865383278125,0.4822939142655956,0.6364048849932104,0.618964494097124,0.5000799837111293,0.08717922031607855,0.10417833600511636,0.09087868457021323,0.009908053783167198,0.16641186276160758,0.49460670735994955
2017-04-17,0.09364243380695178,0.09321975797407858,0.10595392809527657,0.09538874202901873,0.09143543783699976,0.09035969522821916,0.09318622112691136,0.6262683114890037,0.6390031718134576,0.6180744590026378,0.510473647830796,0.0866499030145167,0.10456566692703015,0.09079822440898791,0.011370604518978825,0.17086763203967953,0.5332229625657552
2017-04-18,0.09565044719696111,0.0932924791704979,0.10771847727185793,0.09509783686828624,0.10573044916977953,0.09049687491127514,0.09328502108820888,0.6094664157774221,0.6406308887800916,0.6177524392068078,0.5163732179996233,0.08702517938667748,0.10438385584964296,0.09090113677655784,0.009897992777817263,0.16590193960012184,0.4913549289947131
2017-04-19,0.09729335903262068,0.09583762726046771,0.10901490170788111,0.0951705851856143,0.11547806785795162,0.09085651048118307,0.09337131904663434,0.6123338507018443,0.6418352472955102,0.6177833930677261,0.520039303861504,0.08713743885769187,0.10490693467163628,0.091217342837876,0.010578323376553511,0.171215343309207,0.4954206230924467
2017-04-20,0.09747591901925154,0.09903718435651324,0.11009524864607792,0.10026208631278002,0.21497395806769476,0.09164251209935301,0.09364521774940052,0.770577490233842,0.647601921527265,0.6191898771455262,0.5343259560925919,0.08911369986868839,0.10384861297900513,0.09170943433717318,0.015606641105435914,0.1800779053721755,0.5515582547513077
2017-04-21,0.10707773500782011,0.10376382179888952,0.11412846833468601,0.10026208631278002,0.36317325994397875,0.09240628519545627,0.0939003553677146,0.770577490233842,0.6518984718269448,0.6213445371144004,0.5420967259617507,0.09053816945373783,0.10323504476868597,0.09213790294123189,0.02045650648135261,0.19422694498899157,0.49460670735994955
2017-04-24,0.10481430951862616,0.10267315576480548,0.11409257937815917,0.1028079249849426,0.2053263044937379,0.09355936283037355,0.0941655052945172,0.8291171587654078,0.6574837736140303,0.6244065284280085,0.5515205301221305,0.0924275185392665,0.10227841675132746,0.09263561240292154,0.023213309631854986,0.20274536167866675,0.5226460827129323
2017-04-25,0.10423010619808068,0.10212772183245003,0.11614516121172971,0.10375344752352114,0.12502371621332148,0.09476432597968923,0.09441564332370403,0.8483947572742456,0.6624502156889437,0.6280461032569704,0.5575194785399815,0.09420284418763952,0.10162956108639179,0.09322687045785452,0.02143681608088599,0.2083992720914185,0.5049411422171869
2017-04-26,0.10433960860264366,0.10260038259322055,0.11675732315698509,0.10269875845466067,0.19695779636086183,0.09586548815877213,0.0946995492848686,0.7816865473183301,0.6649192341211699,0.6315493510013159,0.5561035462516983,0.09541245696568462,0.1013945142319195,0.09373205945527371,0.0195463454629983,0.2001793718579178,0.4831116346700012
2017-04-27,0.10408402959630567,0.10085513619600925,0.11506478155811953,0.10189864444215854,0.08600876020817225,0.09694810161826953,0.09490966434056977,0.7325953238426455,0.6656523881824373,0.6345276161954748,0.5506509265783118,0.09629771481580762,0.1013905822247573,0.09418486299325671,0.01773066795295468,0.19591717980398632,0.48585870932071046
2017-04-28,0.10203943755109487,0.09921890199039943,0.1139843629056799,0.1005165732605586,0.10705651701141031,0.09781937345194827,0.09505723908137068,0.6520361365302061,0.6644480959680629,0.6366216745392468,0.5414673000633964,0.09683499754796215,0.10166877878179567,0.09459836194873497,0.015442544273629635,0.1909041846592815,0.4794596225841497
2017-05-01,0.10167443602687529,0.09965526934790755,0.1145606052339325,0.1006621286342678,0.1509922047611956,0.09835698091728243,0.0951848083955367,0.656853456995391,0.6632334191798914,0.6380058792122896,0.5340945557905289,0.0972980281176638,0.10209229429851138,0.09504554450229089,0.012775659815548734,0.1974844275855986,0.4962085963577352
2017-05-02,0.10287926076244266,0.1035820381006082,0.11596505967869772,0.10531722796604501,0.2037411433968962,0.09939882012927112,0.095605043557029,0.7836944811646402,0.666434235981723,0.6398801730007845,0.5391847622205845,0.09858677090091744,0.10195671562233835,0.09564054534712332,0.016081135694284474,0.2059462993492749,0.5458152740965819
2017-05-03,0.10572696531376033,0.10285489480816781,0.11758559202499305,0.10495357448798451,0.06667265097282377,0.10039616936154686,0.09615284399261534,0.7628722242099015,0.6681502768447048,0.6417907791127244,0.539561912449925,0.09952418206914032,0.10236798298736385,0.09632535803936906,0.013609553136503597,0.20237385350978065,0.49066165878626505
2017-05-04,0.10682218044795624,0.10394560469578232,0.11855784533355615,0.10560816249630403,0.07377221418647778,0.1009411873322845,0.09666562710395113,0.7787048956491545,0.6696791924002358,0.64368559902116,0.539397952402557,0.10046810440238063,0.10274597215300005,0.09699706718942339,0.011495186701222154,0.20619955075529323,0.501715603691612
2017-05-05,0.10755239805848513,0.10441830901556406,0.11679333507082015,0.10368066983666649,0.14696095852263802,0.10128970265287188,0.09706959592546491,0.6681701668519737,0.6685191144694094,0.6449234950768361,0.5325749524338932,0.10094276420860593,0.10338833465782546,0.09755839199126484,0.013265962386655977,0.19976310805262332,0.47371460857425196
2017-05-08,0.1044491099786968,0.10143685789653892,0.11592900926679392,0.10306238256319458,0.07309081932631672,0.10131564391299933,0.09741103352224054,0.6349875033488277,0.6665457396400339,0.6454409824686526,0.5250925809683216,0.10109297821602387,0.10443602656057108,0.09815339283609728,0.011417099012512935,0.19596171712021715,0.48786652032189504
2017-05-09,0.10390154561719026,0.10136419877766503,0.1170454431602099,0.10335340520203332,0.047505870400329685,0.10127486068305983,0.09779249409250193,0.6446429812191024,0.6648468498228389,0.645447910768394,0.5197897674769312,0.10116988604238053,0.10554475444346076,0.0987409050790963,0.007712736601425602,0.19885045693685438,0.49778512467353575
2017-05-10,0.10317123210689602,0.10234577821736543,0.11650515373893786,0.10426248015813142,0.10418200995162913,0.10143427787061329,0.09818395687107165,0.6748751100681711,0.6639867531570391,0.6452473703925702,0.5176349381752787,0.10117609107381453,0.10682538994044463,0.09937706603570126,0.006802556134312354,0.20376091437147875,0.5045265759983465
2017-05-11,0.10470469625905562,0.10198224109083912,0.11628916671454206,0.10371702931056723,0.11039616786794812,0.10161965727729935,0.09854916120153459,0.6417556360459156,0.6623712824181573,0.6446998640632028,0.514031250045808,0.1007497326867206,0.10856315707106914,0.10001696827118836,0.0057164284214359234,0.19862878918319582,0.4886708499982695
2017-05-12,0.10496021448919371,0.10369106014547749,0.11758552476122477,0.10600817544826527,0.08686560404430291,0.10217951122956179,0.09901441488556781,0.7163610104636962,0.6629562522055853,0.6444020203822971,0.5166243180786935,0.10042466233169595,0.110362218722417,0.10073919677428986,0.00537038575609898,0.2029215460619916,0.519580660096925
2017-05-15,0.10693174929072316,0.10601806645724474,0.12025038762402226,0.10782661905572713,0.11014931523896762,0.10290991160112903,0.0995597145165725,0.7661908340830659,0.6647963017794541,0.6446046295615855,0.5218221653407151,0.10080454994053434,0.11126207135879992,0.10137910656486357,0.004446796335769901,0.20804486566977792,0.514293444132041
2017-05-16,0.10919523545734974,0.1071087930542817,0.12115062014006969,0.10753562578641498,0.07867662509613993,0.10313607124361093,0.1000337250567134,0.7476824258129176,0.6655359332628837,0.644943935923077,0.5232419415689198,0.1007870039875543,0.11257496669464842,0.10201901182238535,0.003890332401956728,0.20404422118861365,0.4914732676196999
2017-05-17,0.10661810190574902,0.10421682468499019,0.11719924935962997,0.10307266189749612,0.13463260780421527,0.10294431730520612,0.10042679376391192,0.5132628879142211,0.6613253035825774,0.6442064952710879,0.5120585375741071,0.0998397464799673,0.1143819832258727,0.10242556160921304,0.006549205676328482,0.19804754809702674,0.4465078603001164
2017-05-18,0.10252186872665872,0.10319700323522338,0.11593665440375264,0.10289051209367353,0.13462444738672832,0.10266726021571296,0.1007823281819902,0.505301644225588,0.6574703656431082,0.6426928823434382,0.5039969892070258,0.09971427702807933,0.1147859784056848,0.10256079010418676,0.008082969934713843,0.19205116609900996,0.49261741095802947
2017-05-19,0.10478942810801437,0.10439893142723014,0.11719925671904327,0.10569580116360597,0.15750421791578859,0.10287269739035762,0.10122683811622654,0.6019863661459612,0.6568593874591998,0.641335598890378,0.5056206720672903,0.09975227103723816,0.11531209124018657,0.10284034644042991,0.009386484973398862,0.19886370169429557,0.5252605627983854
2017-05-22,0.10680101457163596,0.10727642013056896,0.11979671019879165,0.10871971698936803,0.15393199516087244,0.10344944729493985,0.10181911368466681,0.6855569676364732,0.659010726358077,0.6407652425692463,0.5137939234630745,0.10052719624209305,0.11512207647332309,0.10314449911659349,0.01101923096051323,0.20554881107925416,0.5273744146654209
2017-05-23,0.110568040844547,0.108988260854507,0.12354845588003036,0.11072345293999605,0.12190031642018806,0.10420080367754495,0.10246528381388034,0.7324217244437157,0.6623041449000748,0.6410980753543368,0.5231747051435782,0.10170312649496766,0.11462544831772822,0.10350309525778198,0.010061582189469773,0.21109130542803634,0.5161264185184423
2017-05-24,0.11225038723026923,0.11233914943834536,0.12553252482281127,0.11418447542978447,0.10576717104847086,0.1052123241914669,0.10323173395731425,0.8005252195597417,0.6678798728805343,0.6427003109939456,0.5363590880826654,0.103674216992385,0.11377245597814142,0.10409401786687014,0.011404701432305528,0.21605830778865964,0.5315595678197358
2017-05-25,0.1161637205233623,0.11375960792412906,0.12867101217713464,0.11502238802298956,0.11468446725734491,0.10636487485711107,0.10404825877342458,0.815210126882316,0.6726151105658652,0.6451166836758303,0.5448149494288511,0.10542529717797983,0.11331862345717011,0.10476921444489704,0.009273169167431233,0.22134340264804908,0.5034633439006216
2017-05-26,0.11583460414688854,0.11281265816813288,0.12686729742657035,0.11367441486174404,0.05085980198746968,0.10714642717789538,0.1047946640995214,0.7490497114956136,0.6745003504200767,0.6475014937390396,0.5444871309985598,0.10639758982505626,0.11367773248998145,0.10544616531403142,0.008259330874958157,0.21833502337408595,0.48039327039962687
2017-05-29,0.11583460414688854,0.11281265816813288,0.12686729742657035,0.11367441486174404,0.05085980198746968,0.10714642717789538,0.1047946640995214,0.7490497114956136,0.6745003504200767,0.6475014937390396,0.5444871309985598,0.10639758982505626,0.11367773248998145,0.10544616531403142,0.008259330874958157,0.21833502337408595,0.49460670735994955
2017-05-30,0.11459112088645348,0.11193848842373097,0.12668691807844926,0.11385659403509321,0.09490157516458542,0.10776116677644074,0.10542977352155672,0.7529406705090056,0.6756275052188155,0.6496794131306873,0.5423383050126376,0.10720045340635481,0.1142167409989768,0.10612500042176268,0.00617154397110295,0.22291443464607313,0.4965351672551493
2017-05-31,0.1161272133065909,0.11430600739493543,0.12711983413398123,0.11571465713390575,0.16780062467995863,0.10859499684443466,0.10613878596105411,0.7917295876866934,0.6777866849339078,0.6519390977800256,0.5431875424825764,0.10848320947622764,0.11396585240319543,0.10665993228409118,0.0074305933723806394,0.2300942575534779,0.5142648738279799
2017-06-01,0.1172975699167437,0.1140146171003106,0.12766096553093528,0.1163340017103344,0.14833598886919055,0.10994695447951844,0.10686659584565175,0.8040987006147027,0.6795185086294737,0.6541617982180574,0.542803413832773,0.10971899169775284,0.11386610472052541,0.1072454378960904,0.00721200238390203,0.2365797495227157,0.501124233408158
2017-06-02,0.11733429680494903,0.1167100982198869,0.13054711542905148,0.11906657183246541,0.14136495223095613,0.11159605990763352,0.1075132820940661,0.8541246330314143,0.6829622516925933,0.6567650948394133,0.5467563951958115,0.11140333266801122,0.11351646976538146,0.10793785251646851,0.006707623246006475,0.24281657480966484,0.5233110210781508
2017-06-05,0.12066238264163145,0.11816690305298874,0.13307225231196448,0.12052377026304592,0.2625532722254071,0.11310773115048686,0.10821008139584107,0.8776609338317343,0.6864608383204411,0.6596860091713167,0.5500552640373214,0.11309790749766119,0.11350851411137605,0.10880440432778746,0.004368636177930985,0.2533763579333113,0.5097944578038205
2017-06-06,0.12047946737139922,0.11820329807102928,0.1310880839745782,0.11775487003654081,0.10994938501053714,0.1140288405043435,0.10872410682932362,0.7354410368536644,0.6858299115733848,0.6618715677607698,0.5424176479169457,0.11390568108903082,0.1141983500290916,0.1095603103848973,0.005575469493922111,0.24826017011799328,0.4658672084109663
2017-06-07,0.11960171278427309,0.11681923189149221,0.13180960386853133,0.11884782759852944,0.10362506145814421,0.11485709847110273,0.10924320255319378,0.7583222369100635,0.6857472297915379,0.6636002037068666,0.5376719179998362,0.11474015248591429,0.11494391305096427,0.11035747476990534,0.0031967020139397756,0.2531507604164559,0.5060409484089295
2017-06-08,0.11901654929998598,0.11645500566731118,0.13011407708483066,0.11884782759852944,0.1240261051755408,0.11533251457977647,0.10979856903365934,0.7583222369100635,0.6850262469379476,0.6648103617409657,0.5322868573684517,0.11544993783913543,0.11572443564419407,0.11110786863583508,0.003220230924496012,0.25876908464025855,0.49460670735994955
2017-06-09,0.11982112626053529,0.11692847768495565,0.12441421068076922,0.11327366767161842,0.3110383927241718,0.11515423728170335,0.11018975607731354,0.5197731864344317,0.6783625344729046,0.6641818327984402,0.5131897258954569,0.11528616285858206,0.11688940512891663,0.11159954309435213,0.013559232383826392,0.2464797690696489,0.4364733421574904
2017-06-12,0.11104358596961286,0.10887906585477289,0.12113150960338784,0.10941195673075757,0.2849842197926846,0.11471969123313339,0.11049566831078186,0.4008729388774211,0.6687933444763188,0.6613861888372675,0.4906814463708028,0.115146859169858,0.1173884856056033,0.11177466244655035,0.018453448018857982,0.23511984249509105,0.45368096648402323
2017-06-13,0.11217732514159193,0.11361402866000134,0.12535223848773183,0.11516823709196458,0.14401504780984595,0.11485340968619082,0.11099453337400197,0.5511244705439018,0.6664620630465286,0.6585910881902002,0.4906870893872788,0.11532637110177535,0.11796611439873803,0.11215237748987758,0.023480882155595392,0.24145120041894186,0.5563023414095281
2017-06-14,0.11700503527070347,0.11601796415090379,0.12888756034311857,0.11604259726765012,0.09600935183844006,0.11488684229359872,0.11136337881937472,0.5705551918101135,0.6650541490324153,0.6560176651652503,0.49298949689220867,0.11551239213970244,0.11865828090751643,0.11259004818940963,0.02338290312636429,0.246070127643075,0.5038223438436997
2017-06-15,0.11378660902300383,0.11066379476387592,0.12376496628754782,0.1118529168235183,0.22753284058012407,0.11443000784009014,0.11160064719913557,0.45328495577252864,0.6594336979511877,0.652612241478385,0.4843480988575166,0.11480829247913094,0.12030399430184349,0.11304177890509606,0.02775657559700294,0.2367595725756672,0.45055923157691585
2017-06-16,0.1133111339218548,0.11033599941410041,0.12452253700971708,0.1118529168235183,0.2665233153328124,0.11369459527214096,0.11181540429758993,0.45328495577252864,0.6546738762657793,0.6487474279221044,0.47957674362135183,0.11378774589827229,0.12229755044513554,0.11350288095019559,0.025241500021530833,0.2474609727211849,0.49460670735994955
2017-06-19,0.11492028999790563,0.11182924318718021,0.1263622763433843,0.11411163900387669,0.0886098932821403,0.11304089587710694,0.11217412532247559,0.5110161426531135,0.6528513362614085,0.6452188883243872,0.48306938161752544,0.11308157460562879,0.12390748440273944,0.1139358629629865,0.022785225188289404,0.2518159508505972,0.5186433805391029
2017-06-20,0.11506662193914854,0.11222993438291104,0.12665091596780317,0.1126179342517625,0.08131448004879929,0.1125171992029261,0.11250274074067143,0.46832263123656687,0.6496814364744887,0.641636534451479,0.4825104510863851,0.11274194356682227,0.12466623093116028,0.11413642029175194,0.02020286126314784,0.24772121037288647,0.47881509570530595
2017-06-21,0.11440832080941857,0.11153791027021756,0.12571298442845733,0.11320088998476383,0.08100234407992313,0.11194150922517723,0.11284139573784188,0.48404822814613985,0.6475227592872352,0.6382534226250546,0.4845798362536397,0.11260100785526583,0.12507058361836762,0.11426388064668816,0.01822729027372498,0.2518048165215395,0.5007965526554927
2017-06-22,0.11396942273089902,0.1105909230425399,0.12499149205888796,0.1110513637042139,0.08579862945788308,0.11114668087168236,0.11307486543988407,0.42180337922737715,0.6435089147490307,0.6345851980246657,0.48161857302708133,0.11270532720443416,0.12463603651354813,0.1141026868301028,0.016211843354508593,0.24755012012703903,0.47182158827356774
2017-06-23,0.11276248666912689,0.11474313595618393,0.12506360282458964,0.11698982323877002,0.2039369934165832,0.11152553285519803,0.11353131681699938,0.5697730165505914,0.6459964027452492,0.6322466316158339,0.49542878521715344,0.11287412230484412,0.12466540009730767,0.11420390836929264,0.020916808662444497,0.25601897813639857,0.557950079899609
2017-06-26,0.11876060005700576,0.11700139617274594,0.1294287079948809,0.11567829766000506,0.10873552290935204,0.11216436932141491,0.11386387231543468,0.5318530930113352,0.6464595735645728,0.6304867562927613,0.501439237179608,0.11294832045332082,0.12479687195502695,0.11430700508097555,0.021725959941521863,0.2509460904896383,0.4808557189344323
2017-06-27,0.11638337770408372,0.11361410798350388,0.1277332488485344,0.1145125330416352,0.09471592566675713,0.11209752207146054,0.11409380089434959,0.4984684173544744,0.645473999142662,0.6288427079859981,0.5026422498656752,0.11296006059235841,0.12485294769350111,0.1143407521417805,0.01970194430825993,0.24637330159637166,0.48233777356919444
2017-06-28,0.1163832264660781,0.11747483265849237,0.12784134843459063,0.11935788816656986,0.08018426222685554,0.11243550698901608,0.11450036849219156,0.604970415125824,0.6492427457495709,0.6284304779171012,0.5154362681724508,0.11342294077594167,0.12475110425435879,0.11452819081818147,0.024036921120908286,0.25042772561461857,0.5457729401429605
2017-06-29,0.1187240733920071,0.11525315341085537,0.12549660458084258,0.11276375395121088,0.14753218774672514,0.11252836436440053,0.1148336451434828,0.43902658050119464,0.6455070056024537,0.6272055937811533,0.5069958094332336,0.11332373267235013,0.12448258095034867,0.11434450701981849,0.030958099339915238,0.24397090636203916,0.4259360002842647
2017-06-30,0.1135670495417195,0.11099151935589138,0.12466674338898112,0.11043196038873213,0.15087999902074992,0.11238350170887382,0.11509299554689775,0.3905074503132387,0.6401023066774238,0.6249306963889998,0.4960900699261451,0.11294159723528596,0.12398094957643149,0.11390026943901757,0.029059018312875023,0.23739466597231146,0.46985813343706184
2017-07-03,0.11356715968128892,0.11022674569115562,0.12311562718041572,0.10886547794976328,0.09296347601143276,0.11184866981465438,0.1152020007301228,0.3591083394932137,0.6341999924570222,0.6216965575370663,0.48612711238924255,0.1122557077443529,0.12348027168265122,0.11330046809216224,0.0286229491599347,0.23288438942323153,0.47786732090250206
2017-07-04,0.11356715968128892,0.11022674569115562,0.12311562718041572,0.10886547794976328,0.09296347601143276,0.11184866981465438,0.1152020007301228,0.3591083394932137,0.6341999924570222,0.6216965575370663,0.48612711238924255,0.1122557077443529,0.12348027168265122,0.11330046809216224,0.0286229491599347,0.23288438942323153,0.49460670735994955
2017-07-05,0.11126290761204302,0.11019019128628874,0.12445028904049785,0.1112699023514638,0.1570615152671211,0.11171124161767984,0.11528970160355798,0.41721692430497787,0.6318581369370875,0.6185481273780045,0.4870173075105198,0.1118154017816248,0.12326285503346066,0.11296682640199893,0.028157476162880668,0.2396811331923373,0.5204186624695436
2017-07-06,0.11016574012234895,0.10862404602960493,0.12253837300717593,0.1085010902335384,0.13413278223313907,0.11123210977680179,0.11521327455110017,0.3598357277814341,0.6272737043691772,0.614930932662519,0.4821485840803167,0.11125402011586788,0.12276929726983718,0.11243450255556317,0.0263376590467872,0.23370228958192124,0.4650916473971826
2017-07-07,0.11034867904185855,0.11022673485126519,0.12365674637370014,0.11094210906535226,0.09251669315402178,0.11122097156261965,0.1151017695733115,0.4185188122339574,0.6260790941827933,0.6117509429358717,0.4866895207697254,0.11036198115208357,0.12287347863972628,0.11202776540258788,0.026699404200336507,0.23819662875803616,0.520839617302455
2017-07-10,0.11272594103894881,0.11372332746719385,0.12600159446827539,0.11520465530491844,0.14710988614177503,0.11103897853234226,0.1151080377450536,0.5094749054307375,0.6293351744675074,0.6099871225827745,0.5013982629637679,0.1105489952715713,0.1228801133756279,0.11212711176928472,0.028784862228277378,0.24463838391836107,0.5400882441680278
2017-07-11,0.11612731071921947,0.11467033117513484,0.12881545677103404,0.11637053740139455,0.0798333642749163,0.11110955049693169,0.11520075739795801,0.5324164049353834,0.6330129945853158,0.6094572884825383,0.5142147988974771,0.11082876097046063,0.12331367795799689,0.11248512012473602,0.02619629147122933,0.24868029091309213,0.5068936531830155
2017-07-12,0.11941892566094117,0.11765701373502055,0.13134067512894768,0.11917579710180051,0.08841608336682505,0.11158495762317464,0.11538368478898728,0.5854271617972744,0.6385824376815208,0.610367884727453,0.5291755225164233,0.11154733295689695,0.12298401787047267,0.11269130297098048,0.0258439328507718,0.25302835557021375,0.5240714922593341
2017-07-13,0.1210281841193249,0.11838553169439872,0.13184575912976668,0.11830146629564145,0.10365362291934857,0.11147725827797808,0.11547264515487524,0.5623316324501244,0.6419722587929055,0.6119085780530301,0.5357198919186871,0.11192247366897051,0.12282926248053308,0.11280751833502786,0.02455149369918068,0.24813674644425565,0.48549677519804346
2017-07-14,0.12000402932439994,0.12100790741646864,0.13310830843908647,0.12190816163724535,0.09292471402836969,0.11240950584601675,0.11566434051221017,0.6284559842040518,0.6479976686430872,0.6145848479162463,0.5475143162620586,0.11331429089249584,0.12242940859957605,0.11332484533457146,0.026669566768984604,0.2526456402988774,0.5322800212284664
2017-07-17,0.12355175275022554,0.12071659246998304,0.1348038835857546,0.12154392076865336,0.08719406084815298,0.11354234007607236,0.11574953654099171,0.6180728620679738,0.6521362386924051,0.6177174837374843,0.5522542642852604,0.11439585124341689,0.12231408990133055,0.1138234326973235,0.024232134563823865,0.24834116690388364,0.4908409297463768
2017-07-18,0.1226007703807164,0.12239199531201359,0.13487598977296902,0.12427628530409826,0.11820568740296755,0.11511343009861505,0.11587858553153582,0.6663227202655257,0.6577774568620601,0.6215752535488341,0.5597857143475908,0.11595793598717169,0.12174866503454049,0.1143463882363808,0.02462348052330908,0.2537518686387868,0.5228849759862497
2017-07-19,0.1254901205254281,0.12450457680830582,0.13826707338098074,0.12671727476638564,0.09689475713577508,0.11668824782993645,0.11618680262609268,0.7058700569381318,0.6642467465679737,0.626211540203333,0.5678716140665578,0.1179079496376938,0.12118963208071823,0.11507177778771391,0.022814836194654048,0.2584023795152797,0.5196752606970291
2017-07-20,0.13086640846883588,0.1274548058077042,0.13963787244826145,0.12620718482881862,0.14142003504899311,0.1184933361628989,0.11643989091787368,0.6894022192608042,0.6684052883534456,0.6309169747750821,0.5685898042118078,0.11943262898376639,0.1209588721420666,0.1157409318074816,0.023729755611854336,0.25216358934673216,0.4894038927613844
2017-07-21,0.1326585871773953,0.13237200870646962,0.14382262919437808,0.1316356719039141,0.32150616825556794,0.12060298878258333,0.11687966487768217,0.7705583873864841,0.676513232542044,0.6366240221955212,0.5789928431736568,0.12198601213471993,0.12044778424325672,0.11679996304897802,0.03163855324984234,0.26482630519443373,0.5500551982394549
2017-07-24,0.13247569050873023,0.13211700205731883,0.14400297052918157,0.13444093160431994,0.15392791495212896,0.12256407499111102,0.1176076070746386,0.8056578537854711,0.6850578413580215,0.6432369866965283,0.5884019583798797,0.12486919440013916,0.11926779941917051,0.11769779594083721,0.03234554591333,0.27151126903260725,0.5228319606500945
2017-07-25,0.1364987208757332,0.1336831368925682,0.14638386848072113,0.1330564227520142,0.10473895844511405,0.12426515575793243,0.1184207402502864,0.7599811993389849,0.6897501062657788,0.649651645997444,0.5863423035685551,0.12701244426906483,0.11884922789936056,0.11859187395465834,0.031614329455013454,0.2665809444618211,0.48078327277477273
2017-07-26,0.13415799989474816,0.13419304773518578,0.14660029815856104,0.1361895932166379,0.11352160776545328,0.1259996661380183,0.1191436646777915,0.8006223944733775,0.6957884224835411,0.6562301810644429,0.5880443643814682,0.1295564166391528,0.11846166607360051,0.11970712561754679,0.031418027689276484,0.2718245584874662,0.5260083018049104
2017-07-27,0.13766925354612233,0.13488528587589302,0.1418746718726843,0.131526446634579,0.18163049221598176,0.12734791702332846,0.11967615425043257,0.6593977173735872,0.6951886718644091,0.6613493061819378,0.5728865131359905,0.13083009124349843,0.11840457415792391,0.1203331793793044,0.040285894883619555,0.26415140475207344,0.44826975990341394
2017-07-28,0.13090304641623426,0.12909389431075943,0.14173028128836965,0.12999620619140465,0.10033029289778467,0.12817247123445782,0.12030010196348914,0.6176486403975763,0.6924585937144225,0.6647904673164527,0.5554586968750947,0.1316897140957341,0.11930491030658794,0.12121976274722271,0.03916850760262075,0.25937834348255323,0.4792054848137995
2017-07-31,0.13229285749648753,0.13058728138507644,0.1440030160282398,0.13148994031304537,0.1210944751933509,0.12918644095784246,0.12097541919230517,0.6431356641001573,0.6910476479840735,0.6672053273039721,0.5447992381503471,0.1324121675454466,0.12074600870885219,0.1223031636760418,0.036803618581332076,0.26489209234128447,0.5097041959392262
2017-08-01,0.13543817402312694,0.13448454305389215,0.14696114320497347,0.13626257649017856,0.08929944855978833,0.130408410842791,0.12173718992231966,0.7162600788423066,0.6938926583369438,0.6698188925243438,0.5468630478169166,0.13346775451241066,0.12250072630734235,0.12371270258301745,0.03852935744768554,0.26927166787737333,0.5426461054465399
2017-08-02,0.1378886531490349,0.13524947900247955,0.14797128879820118,0.13775633998134598,0.08802438332745102,0.1315338136084381,0.12260169968385312,0.7368407301108257,0.6968333455423726,0.6726143465336427,0.548752197062963,0.13467048861360004,0.12400772273980701,0.12507538937597948,0.03729614150071692,0.2736057600431284,0.5094470502388706
2017-08-03,0.13755945890131802,0.13459381566447617,0.1482959336953029,0.13524245535409776,0.08275887394399098,0.1324549349388691,0.12335970910681507,0.6628583206703975,0.6958964872316232,0.6746262342913305,0.540613852736247,0.13458015737917683,0.1268851348909922,0.12645119179927136,0.0356080535167278,0.2694594960035036,0.46973270218997853
2017-08-04,0.13763251128327056,0.13546788178077965,0.1493059467605283,0.1363353541770332,0.06073594725106137,0.13293405480317264,0.12422922552760171,0.680278370446703,0.6954593392276303,0.6761310018766613,0.5353467568535725,0.13452714643715813,0.12958343319962076,0.12775763550558153,0.032833664944839344,0.27282017127072383,0.5054947367428848
2017-08-07,0.13748622408963615,0.13619637269352372,0.14923379193290773,0.138521298670537,0.11029212254498941,0.13335003716143903,0.12496969295784419,0.7142812564565739,0.696487550018803,0.6775811798583796,0.5347797735385753,0.13506168984749883,0.13145493228230556,0.12895724122132665,0.031464295871994494,0.27794858501598757,0.5163194770623254
2017-08-08,0.13960761856691775,0.1368521082906746,0.15046046962182144,0.13775633998134598,0.09471796577112887,0.13382918097889143,0.12572895682316906,0.6899338141272966,0.695766490940338,0.6785685532571545,0.5299729521061425,0.13522192649252757,0.13351446477022796,0.1300575081254616,0.02922736999800149,0.2733757233493284,0.4870533689667436
2017-08-09,0.13690104787419147,0.1353222114423526,0.14926986206437973,0.13662681735877055,0.10733397120596691,0.13387375479462518,0.1264894670507126,0.6534959917331211,0.6933266391564502,0.6787738525546495,0.5218501056816883,0.13526292621472114,0.13528834515614688,0.13095533648426874,0.02660723657060267,0.268352831023239,0.48343047785084353
2017-08-10,0.13609649873234733,0.13379249185073164,0.1450491734308784,0.13123489534426194,0.14117318242001262,0.13384403193113428,0.12689791732211678,0.5012266852736247,0.6853998497261197,0.6770387977215251,0.5016970299229043,0.1343247257776764,0.13760966637072367,0.13162074167006785,0.02924218933142736,0.2621228464351881,0.4410917161268445
2017-08-11,0.13247572720650355,0.1316799784704362,0.1454099275220798,0.13342083983776568,0.07400070587611263,0.13419316404530265,0.1276083144962997,0.5466658961585178,0.6806747458898358,0.6745185978004743,0.4935422873483776,0.13383455656058368,0.1393174625286359,0.13221305139305503,0.02728469597861488,0.26595669430066443,0.5166250100459959
2017-08-14,0.13770571803443457,0.13827252625090133,0.14981103695792844,0.1399057781533161,0.08194487229966685,0.13505113589312204,0.12862191907573237,0.6594736774744225,0.6827158271989764,0.6729914900923339,0.503856828537751,0.1338215940013212,0.14124223560030455,0.13315774093197977,0.03276738270382597,0.27007392175666817,0.559535793923801
2017-08-15,0.1427529616400495,0.14071296565699323,0.15421227632027282,0.1426747077493478,0.07640394882602194,0.1357048352881561,0.12978461847306397,0.6994192712868568,0.6864009845910033,0.6726527841518477,0.5161999109047622,0.13455898131816185,0.14239097770061357,0.13410431168746675,0.03116151373633823,0.27399349667854955,0.521845619530729
2017-08-16,0.14482102106755948,0.14551111870713043,0.1572254525489201,0.1457946031879593,0.24006724184009254,0.1365243144258879,0.13097192291902757,0.7407481778021308,0.6916754417218444,0.6736456029652923,0.530029509748197,0.136154597681085,0.14271843203730614,0.13508581111930237,0.033032869060559356,0.2837511714696863,0.5250709073702948
2017-08-17,0.14690904308772332,0.14405180909772622,0.15549105210639882,0.14156163206165487,0.11711627166845856,0.1371685373564364,0.1321088749373632,0.6289213839143619,0.690944757016112,0.6742647826860182,0.5261487867280117,0.1362729275182058,0.14419370935458783,0.13587577399576753,0.03419656377525378,0.2783793307263963,0.45361591719673966
2017-08-18,0.14233002082270116,0.14244664265221244,0.15469616305678516,0.1428388540333795,0.08221620618110823,0.1378315515322017,0.13320580398221302,0.6482282193170701,0.6909058167020289,0.6747507961888349,0.524765684109947,0.13707288793815908,0.14452846076994288,0.13645216061824592,0.03394763950248342,0.2825062370436071,0.5071153704876404
2017-08-21,0.14430818531621828,0.1433951829954069,0.15610535418319135,0.14542971618978265,0.07658755821947852,0.13853584596574367,0.13424524381220823,0.6862513742952485,0.692693865945238,0.6755680316028376,0.5282058500898393,0.13837946365220766,0.14431437114832016,0.13701751681429467,0.032930903593377664,0.2864323615708166,0.5198940638256715
2017-08-22,0.14731206721086562,0.14649614952654524,0.1590321374237926,0.14853146126097036,0.07834204797917463,0.1396343403628814,0.13535125796901745,0.728299582695912,0.6963925221767203,0.6771080345424939,0.5357127213720595,0.1401845283519273,0.14404918089254545,0.13781368392787216,0.03222852321152081,0.2904210712156053,0.5246721499284261
2017-08-23,0.14852084485664238,0.1456570084972932,0.15849006332603835,0.1452836909036482,0.06969608565174196,0.14051688514720415,0.13624910842491225,0.641557237505124,0.6953368866146676,0.6780871018827594,0.5298866829948732,0.14108547530039262,0.1440594408540211,0.13828156137463063,0.03169732352565548,0.2867407752083757,0.4633829543912549
2017-08-24,0.14687245091265702,0.14394241611169764,0.15722546966004938,0.14542971618978265,0.04980710813165202,0.14196400864238592,0.1371820489263539,0.6438330175094238,0.6938871292207975,0.6785229873863665,0.5242450403007748,0.14170862330062256,0.14485900740904964,0.13899686337434128,0.02987444551993615,0.2897116034117913,0.49602269012782696
2017-08-25,0.14808136421735277,0.14532874908059415,0.15910443592704424,0.14590412215256013,0.05766355006722144,0.14323664542528888,0.13800726999749155,0.6516541240862357,0.6924662248513599,0.6785312407346046,0.5198035298115055,0.1420276172742404,0.14618334593174606,0.13981530137218515,0.02733569098900203,0.29296268194985536,0.49920515916713454
2017-08-28,0.14808131696610274,0.14514630944287474,0.15946571443245508,0.1474731891098677,0.04649397863194681,0.144008122452868,0.13889897752387695,0.6778415289754915,0.6921545644886304,0.6784631681935908,0.5190107871857246,0.14256573630963598,0.14728778969332404,0.14063761512945253,0.024071840949739742,0.29581532616379574,0.5097966566625338
2017-08-29,0.14540715215867342,0.14602188759235926,0.1572254773823807,0.1474367121578606,0.11209149460086379,0.14449359588988522,0.13969546459277618,0.6766751237881172,0.6911454943667465,0.678166932437466,0.5166410184476687,0.143321203344981,0.14766575951984864,0.14121250735580224,0.026238230283935238,0.290622726286317,0.4942550414610655
2017-08-30,0.14826445756902515,0.1457664887212182,0.16040514847075824,0.14729074561077934,0.14427210096068516,0.14464612355302117,0.1404029862456975,0.6716796713689426,0.6894944524143048,0.6775343467816777,0.5131475917054007,0.1439920058523434,0.14796104014073677,0.14170303797420883,0.022508909509229832,0.28428219891500695,0.4931993419164406
2017-08-31,0.14958322694055223,0.14645964878881276,0.15863463360302546,0.14652440655383922,0.2473646951778053,0.14515206495566982,0.14110169549152088,0.6443529017084295,0.6867526072811203,0.6763713198756587,0.5076382764042439,0.14430384266198049,0.1488112965433356,0.14228347714513692,0.023155307797285987,0.27426421369877607,0.4872150478982462
2017-09-01,0.1495098922665037,0.14605826476393383,0.16011602112113657,0.14791100064253174,0.057651309440991,0.145669156549075,0.141661404039392,0.6732714200961254,0.6852926979299635,0.6750910975277767,0.5064210508570206,0.14477502554720356,0.14952651588851615,0.1428790264892563,0.020613073805727786,0.2775148555964849,0.5080081169732301
2017-09-04,0.1495098922665037,0.14605826476393383,0.16011602112113657,0.14791100064253174,0.057651309440991,0.145669156549075,0.141661404039392,0.6732714200961254,0.6852926979299635,0.6750910975277767,0.5064210508570206,0.14477502554720356,0.14952651588851615,0.1428790264892563,0.020613073805727786,0.2775148555964849,0.49460670735994955
2017-09-05,0.1471655156976752,0.14379648330709396,0.1558524219192476,0.1446634065023691,0.0958155419231248,0.14559103335433313,0.14201295494645658,0.5601705025311405,0.6803221171990669,0.6728759462308749,0.49671061004554745,0.14490184384136723,0.15003405104770354,0.14319502856323627,0.02429540289245112,0.2729028418446425,0.4633335539729355
2017-09-06,0.1469456453903458,0.1448544037614112,0.15888752893096128,0.1452836909036482,0.09652345814011845,0.1452599319729078,0.1424334506925943,0.5750875859795637,0.6764399714629716,0.6701736456772928,0.49165093783376373,0.14498645488982376,0.15072964322245744,0.14358229928008945,0.022275946686435302,0.2775401079636942,0.5006314267837009
2017-09-07,0.14830112821806476,0.15101991251665456,0.16073039002426429,0.1503195074084264,0.09930616050317134,0.145773319810683,0.14291937843518202,0.6812478691961397,0.6777726841515519,0.6683311291671135,0.5005809020549647,0.14554592926655202,0.15157346624434334,0.1442867672856222,0.02958654852413338,0.2822766369901623,0.5434381774547381
2017-09-08,0.15057235125555754,0.14857560457407307,0.16235636232585307,0.14984513081517545,0.08458884756544144,0.14622345935910794,0.14354935797576748,0.6645991045694175,0.6777876238154241,0.6668606955693853,0.5044454621395638,0.14461698019141628,0.15447607607191224,0.1452442354980146,0.027007959529931708,0.2780650952174345,0.4900674685147365
2017-09-11,0.15478499761554262,0.15361001599215487,0.16629478024134323,0.15612148675298518,0.10843358746233459,0.14726509197518842,0.14444780636232138,0.769392330493206,0.6833713478220611,0.6670222339864452,0.5213955925983487,0.14513233696638245,0.15630339619832975,0.14641214913650882,0.030716977654041674,0.28312721240209976,0.5547389826879795
2017-09-12,0.15903445672633484,0.15539771906432395,0.1684989969760405,0.15634052468218687,0.0728623276366819,0.14816909279252968,0.14530241794740092,0.7725527669431111,0.6873311247961842,0.6681002450286869,0.5309143407251369,0.14660237505950097,0.15648629520652216,0.14725769176302286,0.029084967048715937,0.28692045271454214,0.4966712544069006
2017-09-13,0.1576424257870935,0.1540114142760873,0.16662005842877195,0.15495387185444112,0.09333069479834588,0.1489354468404139,0.14594521158642207,0.7217993863391969,0.688403282072561,0.6692195475507332,0.5313432059036954,0.14765792958888463,0.15666740806259402,0.1478894360160041,0.02841561104682229,0.2823970769548061,0.48154416573799586
2017-09-14,0.15485840597391395,0.15612740014375007,0.1675595843925801,0.15586620682798905,0.1328740378357757,0.14980969185868484,0.14656800989898852,0.7374102444798316,0.6894489722308477,0.6703655416165174,0.5316204319494886,0.14885577412975148,0.15647085238954192,0.1484076046521944,0.029727825365829144,0.2883310193820287,0.5032319411608891
2017-09-15,0.15573752450916376,0.1535736279198179,0.16557220248612295,0.15301985915990376,0.22404426210444928,0.1504718856391045,0.14717937480773272,0.6351689567257484,0.6867864734855255,0.6706443902378761,0.522614010101218,0.14908965884283804,0.15742047294916792,0.14899711294907184,0.030039874322458082,0.279144906815854,0.4677606992890341
2017-09-18,0.15430887682485764,0.1513117625309374,0.16437985124910706,0.1513047962859884,0.11606969812575613,0.15081787390249576,0.14769417391500747,0.578790549842674,0.6823552997533063,0.6698057400505825,0.5110073462475775,0.1490994282606643,0.15829154663185283,0.14943267275740926,0.028577071095275478,0.273810398822934,0.4783108576012752
2017-09-19,0.153502869476191,0.15280744373748664,0.1651385560496321,0.15342119374056087,0.16552386820109719,0.15171070656421895,0.14820658129964523,0.6248429065146652,0.6803356133199396,0.668650893980163,0.5077232449143753,0.14949532874464744,0.15871192767579453,0.14984382208095634,0.02842740871558841,0.2809090066242708,0.514806037441084
2017-09-20,0.15485832232916172,0.1522237605822158,0.1638016624210373,0.15181562046171979,0.13378392438557157,0.15237661907098668,0.1486900799489296,0.5718574338929978,0.6765886490911277,0.6668292277027227,0.5007974585656283,0.14969712123644513,0.15884405604178434,0.15001278705961377,0.029557491678923145,0.27494260726397807,0.47936710165391316
2017-09-21,0.15302670200230675,0.15164007155537432,0.16448820474919676,0.15305630674238427,0.06399195382835787,0.15265562834210525,0.14925509008131163,0.6003991439637009,0.6743144017083498,0.6648269748159015,0.49892183413066316,0.14991931940910325,0.15942218403623507,0.15041267628209895,0.028491763697833017,0.27841942886568255,0.5064322794670961
2017-09-22,0.15379598301832495,0.15189544465515617,0.16596964642151638,0.15396858297687901,0.06770086357618055,0.15307600310902894,0.1500369015885911,0.6212536502363788,0.6728987644559937,0.6628859794766542,0.4995580726283536,0.1501867383874796,0.1600330738445989,0.15085198794643953,0.025447512644405743,0.2820285524950139,0.5032739735513775
2017-09-25,0.1548583163685083,0.1517859904342719,0.1576229101642956,0.14469985408484962,0.15819785340218007,0.15191159862888295,0.15042478688338543,0.36560923623724145,0.6622161715610972,0.6587735860739948,0.47700530816960474,0.1502939968744123,0.15979624705154824,0.1507900301922868,0.03639906636548618,0.27519127394626675,0.40675581391522564
2017-09-26,0.14610317824973265,0.1458394664190936,0.15809266185132034,0.14440797972974015,0.09430790479240919,0.15069510802671746,0.15057961759353775,0.3593556545155106,0.6531731575234222,0.653316924662508,0.4630433542177444,0.15049483923714274,0.159268451792318,0.1506323298477432,0.03593242245877851,0.27063303973150693,0.49177205505413857
2017-09-27,0.14595658480426563,0.14620424670972046,0.1581648843021871,0.1478745530600513,0.13661558925354622,0.1499733906715824,0.15075844027139265,0.4485074250732161,0.6491930742083853,0.6479979497344399,0.4644734056127494,0.1504865853657959,0.15932260524971584,0.15065485609393656,0.03598257162614177,0.2767004485606369,0.5282998537908591
2017-09-28,0.1484476181751914,0.14934170748530587,0.161200066753056,0.1503924613124404,0.08786525518645535,0.14941535715862722,0.15091656061018885,0.5062181883878798,0.6482973521679241,0.6435281507769457,0.47329319134024117,0.15051158848308072,0.1596194797468206,0.15081443463300767,0.03615002778975776,0.2810288644017743,0.5188555814583662
2017-09-29,0.15211092731829232,0.15098343591341637,0.1646327780901092,0.15280090933928178,0.12312845925197535,0.14939303581810895,0.15130307935062184,0.5571932994820341,0.6497213213242907,0.6402935010022809,0.4861218057988887,0.15065146231962206,0.16012743559134116,0.15113735112224,0.033948749205314294,0.286615168332862,0.5176483815323801
2017-10-02,0.15500486689043189,0.15302637651476877,0.16611418569158584,0.15353071270516175,0.06619526654983668,0.14961996196135172,0.15167077236545026,0.5722690335788796,0.6513049738571564,0.6380852314265038,0.49678208557931086,0.15088566909668244,0.16046898551147734,0.15142647673116508,0.03214634187459102,0.29017058519850325,0.5015449640686602
2017-10-03,0.15540793268294853,0.15269815895404285,0.1668008262818638,0.15407816068053307,0.05651497130593202,0.14968693795948076,0.15196819236752832,0.5839493619792981,0.6528173656659937,0.6366809916210072,0.5051329698932031,0.1508361674076164,0.1615004221596091,0.15191085146501357,0.0287806062268558,0.29338069231657066,0.49980143541508393
2017-10-04,0.1556276078530369,0.15211432539404277,0.1653915307627344,0.15305630674238427,0.0511229754514241,0.14981342256160704,0.15212380180156296,0.5519531856382223,0.6527221042048567,0.635534774703611,0.5078128697781393,0.15061666681048785,0.16253760676301507,0.15231074068749864,0.027045176297493437,0.29036292527497065,0.48492412276694774
2017-10-05,0.15522469166427652,0.15397495068647285,0.16629489980595377,0.1564500142772611,0.05620895565017107,0.1501594018425675,0.15250781165727015,0.6261233768716772,0.655686254646312,0.635328024899197,0.5175704452650304,0.1511427305216103,0.16262899944022488,0.15262614590963766,0.027004936509156918,0.2935621163841579,0.5268493170744541
2017-10-06,0.15775234157645632,0.15656515446342564,0.1688964800171662,0.15823808979424372,0.06010351489582207,0.15059466648560085,0.15294829161966458,0.6612306780440973,0.6594434873119864,0.6360628748402604,0.5273501708860437,0.15192158148833212,0.16269317138530567,0.15305795083993698,0.02690712658556109,0.29690023189969267,0.5114459723233387
2017-10-09,0.15888784583802443,0.15908231456774538,0.1713172935625081,0.15925973814570646,0.06418372363930139,0.1520790071856977,0.15340759124755546,0.6808131229322465,0.6630297903944066,0.6375100490835434,0.5347485758477567,0.15249384206385086,0.1624250853796866,0.15321940908455314,0.026937190143587322,0.3003838942002954,0.5041839446205437
2017-10-10,0.16247785177789817,0.15889990104679,0.17232902079611576,0.16035445787928962,0.048446358515701664,0.1537047073933123,0.15385057807463945,0.7017451580877632,0.666512759688238,0.6395023235297697,0.5404101432455273,0.15324232491924777,0.16206500237891955,0.15342591982155582,0.024970858385601494,0.3033061825508908,0.5048420883019487
2017-10-11,0.1629174938325412,0.1625116644997142,0.17514746189631716,0.16447802751909948,0.09858192345120378,0.15539738659319954,0.15443662890211193,0.7720468401104197,0.6728369254452918,0.6426114415436552,0.5520100015778646,0.15509974625636258,0.16112596560087275,0.15391592309491794,0.02616666600547321,0.30801687702300934,0.5330533638864053
2017-10-12,0.1658481073408585,0.16294945681495734,0.1762314644423408,0.16327381819044215,0.0990511474567039,0.15671060599842088,0.15498628676081036,0.726673282880341,0.6761051077565295,0.6458818070827742,0.5536847647258201,0.1563373662599985,0.16061077418550648,0.15429703339416115,0.024436659446885944,0.303289444670608,0.4834960994641329
2017-10-13,0.16584808730094316,0.1649559489024632,0.17803809682067115,0.1652808141585201,0.07168314730981637,0.1579828984548101,0.1556313196097497,0.7603308160460782,0.6800819262025908,0.6494509630357101,0.5567880878515481,0.15805069764080448,0.16010636553251525,0.15492784081640457,0.024884884226360246,0.3070406219621657,0.5131807305136006
2017-10-16,0.16691041280219718,0.1641898126804914,0.17355758703537713,0.1639671152347885,0.07979460229185326,0.15904686139383953,0.15618348938322782,0.7099539509345345,0.681321387081355,0.6526032681792089,0.5524585555202419,0.1592759359994595,0.1601510092477337,0.15557929780133098,0.029773038270003105,0.3030000976618928,0.4825104364988337
2017-10-17,0.1649322116859456,0.16189139789946314,0.17406340673860746,0.16119375084024376,0.08850992816792508,0.15977227651631723,0.15675196791744064,0.6112482680382612,0.6789746938479198,0.654562834078658,0.5400704228765711,0.15990793609732584,0.16030322484298584,0.15597918400178126,0.029658791985369706,0.2986486854287146,0.4689852479356384
2017-10-18,0.16262438214897948,0.16035917678763303,0.174641529888347,0.16214253339627224,0.06480187526393852,0.16069859268588957,0.15733174350304488,0.6317317802139237,0.677484887039478,0.6557735224104005,0.5322923651922116,0.1606112883192804,0.1606471693624927,0.1565104879115267,0.02604771882057394,0.30215439806725514,0.5034338897091197
2017-10-19,0.16134219438939082,0.15955654481820888,0.17261806193911242,0.15929618572818702,0.18767532146944638,0.16098875214776467,0.15764045146635244,0.5373047549688723,0.6729722306728314,0.6556608203870438,0.5185472525532892,0.16091322107912792,0.1609828855045076,0.15683152016216215,0.024870159124765506,0.29426561676978413,0.46818903159317665
2017-10-20,0.16291747862007092,0.15926476805897335,0.17287107523888492,0.16123031590083056,0.126649679397598,0.16129380148574948,0.1580319879762366,0.5829760409984648,0.6708173988300692,0.6550543514020335,0.5134188469553829,0.16139105481439303,0.1612421537622338,0.1572051252383813,0.02274929749012479,0.2999775275763855,0.512688697573011
2017-10-23,0.16419956489431534,0.16119825447756772,0.17334072206462234,0.1611572445187102,0.09539120021380296,0.1614872471152868,0.15820516768349482,0.5804965057969673,0.6685716221564348,0.6540310780586576,0.5090897970782586,0.16103469599026482,0.1633255802951384,0.15805183285924837,0.02319723728082801,0.29538065069019015,0.4939269369370925
2017-10-24,0.1624045027201225,0.16269394602307555,0.17362974510497045,0.16436842044591907,0.1809633780864229,0.16189645971487956,0.1584812470151348,0.6531204300285174,0.6694917809404637,0.6534329335522676,0.5135053073832195,0.1606354870786516,0.1658181762717217,0.1590787670708522,0.025607382111499252,0.3030300075262243,0.5244852843425665
2017-10-25,0.16918166142531757,0.16988099213815258,0.17659277066063225,0.16830954658664057,0.23706828841363525,0.16228707269444573,0.15894054866306165,0.7268328491435614,0.6735956901455782,0.6539377329842181,0.5249608001699779,0.1612225121099521,0.16733517797058914,0.16013011630029825,0.034795000213800914,0.312680705430336,0.5309794861101353
2017-10-26,0.17273497895440768,0.17035523214338036,0.18262696828668792,0.16944077264175741,0.11708567010288248,0.16291577697872908,0.15940737797518337,0.7458319450999846,0.6773994809437944,0.6552529778515787,0.5333783194260976,0.1620950513413722,0.1684111044464814,0.16111012284702267,0.03510765863741386,0.3180514545727379,0.5049438456284422
2017-10-27,0.17159940322698017,0.16812986148296757,0.1790859687773537,0.16911236259558773,0.12693121380089806,0.16330639295243873,0.1599607991609703,0.7329334497672826,0.6794974410773723,0.656807854395403,0.5358672029003926,0.16289581139723058,0.16927674902103315,0.161949322222831,0.03654617328680962,0.3123295010379669,0.4916141707668219
2017-10-30,0.17013412579641154,0.16853119310683543,0.1799170418692788,0.1703166012937717,0.071560741047512,0.16395370583917954,0.16061461512648542,0.7547689508288922,0.6817337604459748,0.658587587773162,0.5382026306131262,0.16376949882595726,0.17011598470029007,0.16281293057241233,0.03715678978537458,0.3160763119259726,0.5055889675919579
2017-10-31,0.17346762709727628,0.1701728206449706,0.17897753263942692,0.17009759273409666,0.1297832797125901,0.16486142837701243,0.1611881164802396,0.7452537899132747,0.6826612325627609,0.6602336009509829,0.5368137741784671,0.16437915002466796,0.17114985157942184,0.16363710590301675,0.0420144151275757,0.310252621188439,0.49261541129806324
2017-11-01,0.1731746290814122,0.17276309655569946,0.1853369953291424,0.17407516645729867,0.09234328428242389,0.16607792796160872,0.16195362225683843,0.8140857516261246,0.6866564336823973,0.6625076795858506,0.54333704255386,0.16542676718064664,0.17224893596551075,0.16471849415676684,0.04283886106827349,0.31474077462618855,0.5307918190795539
2017-11-02,0.17507950377170442,0.17265365105326444,0.18454205959933276,0.17374675641112905,0.07886431469833996,0.16755112445923617,0.16266516681147555,0.7993968255119297,0.6887988668286139,0.6648402790768128,0.5439448569871822,0.16650117119840924,0.17293274248627852,0.16560838514159673,0.042093565064230315,0.3107334349929111,0.4916483883940268
2017-11-03,0.17478641098198353,0.17283598972114186,0.18566214982321436,0.17513335049982162,0.04318288923661335,0.16896850113777837,0.16339302315690138,0.8223200222947131,0.6911423520320018,0.6672678682265565,0.5449314468882287,0.16779901780344963,0.17334253505468575,0.16647762051967444,0.03983022741410673,0.3134679679907688,0.5071072812101003
2017-11-06,0.1763249857794211,0.17549919143313783,0.18815532609202254,0.1771768527894332,0.05006008107374773,0.17060165676295033,0.16450990712748595,0.8538862675958903,0.6942590268357335,0.6699567087965882,0.5476448792365154,0.16938018375793928,0.1735642400470154,0.16739942872333588,0.03797033430761597,0.31644782009485867,0.5129666491896042
2017-11-07,0.1795853401333539,0.17666667088718543,0.18945617850698762,0.1777972546688186,0.04196494692668477,0.17197068999896983,0.16565816427735705,0.8631235896112803,0.6965543396640987,0.6726577484926493,0.5477715828661164,0.17087144623373013,0.17383000939436985,0.1682968339972937,0.0360015602844581,0.31913890737737355,0.5001528468810306
2017-11-08,0.17870614427522555,0.17827185770133994,0.19039562278176395,0.1791839074965643,0.056651658298838566,0.1730793016073229,0.16673489296209695,0.8835136498196332,0.6989292783790939,0.6753876262088108,0.548071102832419,0.17258369021776598,0.17358122515893407,0.16905342907830098,0.03526118035896572,0.32235389031274075,0.5069840154547739
2017-11-09,0.17793683544917802,0.17575457284552046,0.1871797556142162,0.1779796687983803,0.05495633156592291,0.17394981891681513,0.16768361701491055,0.8210534349382932,0.6988059594682119,0.6775419806180436,0.5420935523314807,0.1737804483585721,0.1738681812266807,0.169810022648291,0.037293128533331846,0.31919938206656934,0.48389395123241635
2017-11-10,0.17760711929167453,0.1748790076910486,0.18844439778977248,0.1770308862423519,0.05218586982910046,0.17475709093110067,0.168516885909516,0.7729327636746957,0.6969765266817144,0.6788271238512498,0.5330656752010031,0.17470107215513514,0.1741344536800307,0.17041454592426855,0.03507056468348446,0.31614370008745907,0.486141618683367
2017-11-13,0.1770210553528803,0.1744412575022735,0.18866122846858505,0.17527937578595612,0.11311766709984883,0.17526303233374926,0.16926482242290916,0.6884015302178326,0.6930462726757461,0.678913531964697,0.5206152676686906,0.17521563258842543,0.17477717476972346,0.17099654446507004,0.0310728677222544,0.31091449519353576,0.47894332077442464
2017-11-14,0.1752992938204088,0.1750979033180294,0.1867461537330731,0.17739583197958173,0.08239369526144957,0.1760070680352587,0.1700667171282099,0.7362532269830331,0.6912972677077756,0.6785635890270281,0.5160832002219291,0.1756934830585894,0.17596703396705302,0.17183011681238206,0.03153057323501139,0.315047732795897,0.5136152762912952
2017-11-15,0.17625175332093515,0.17447775277805935,0.18432527972054544,0.1710829109811852,0.10719116389994512,0.17570201570313046,0.17068665203973063,0.4965401532540858,0.6830342414384047,0.6763037765523057,0.4962467462147691,0.17546684246599725,0.1771331924508445,0.17229008559449224,0.03564185111005015,0.31002993460728495,0.4382020138880044
2017-11-16,0.17480919944367004,0.17362928743190412,0.18658680118540075,0.1746104260791411,0.08189386969037335,0.17579006448389758,0.1713111885932844,0.5824989157429457,0.6793845560578495,0.6736214455994168,0.49185834784686144,0.17490388343950902,0.1793123466932062,0.1730779798882476,0.03672455777067199,0.31414534272847533,0.5266189140305155
2017-11-17,0.17458905819409845,0.1716923632131934,0.18343768076096986,0.17022379358979237,0.14630608501930958,0.17528954846944736,0.17172337694132703,0.4574734653002704,0.6716518266985549,0.6696227842286787,0.4781865617456089,0.17414439857017527,0.18103781635526953,0.17354068058967084,0.03733650844913414,0.3077322602848089,0.45514402063696857
2017-11-20,0.17187353164975752,0.17085188571326956,0.18340160534386077,0.1706991100078938,0.10674438104253414,0.17462916015761684,0.1721167769344313,0.46948070685394155,0.6655626500217952,0.6649648611119169,0.47133927974547063,0.17307606070093806,0.18314135844042637,0.17403159500647633,0.03590702503976323,0.31273412110045595,0.49892943576244775
2017-11-21,0.17370834565345186,0.17381208368565662,0.18560957177128448,0.17618240061957954,0.098243266125495,0.1744645301660603,0.17266109987802467,0.592019157363725,0.6657277409117052,0.6612780791355786,0.4814258307861201,0.17264673625195537,0.18481728153260205,0.1746394062561403,0.03790918810290096,0.31743273518941384,0.5444150972617193
2017-11-22,0.17756154231569296,0.17443335003399005,0.18705738813437847,0.17387935982361838,0.04950721278900629,0.17392374591436946,0.1729844116916737,0.5286949889106398,0.6631769296288041,0.6577174677397586,0.4827362747033363,0.1724549929904054,0.18559632642772692,0.1749259646466401,0.03625723555300589,0.31447260467470073,0.4739682091018248
2017-11-23,0.17756154231569296,0.17443335003399005,0.18705738813437847,0.17387935982361838,0.04950721278900629,0.17392374591436946,0.1729844116916737,0.5286949889106398,0.6631769296288041,0.6577174677397586,0.4827362747033363,0.1724549929904054,0.18559632642772692,0.1749259646466401,0.03625723555300589,0.31447260467470073,0.49460670735994955
2017-11-24,0.1768642428880068,0.17626063429966868,0.18865002896436292,0.17808322574908628,0.02865734610982698,0.1739343032646937,0.17349370721083648,0.6107596571765677,0.6648903096095187,0.6552795121449307,0.494396500561804,0.17275711271659133,0.18618193420817816,0.1753706056690653,0.037023660792664476,0.31668899111771637,0.5324934512905077
2017-11-27,0.17939636357027502,0.17764937944618867,0.19143720734950517,0.17958198205977152,0.10158903729514804,0.17419438056584632,0.17398552436841422,0.6372550549924649,0.667279785291206,0.6539016767507475,0.5054072136990955,0.1731562593375977,0.18685689341558734,0.1759092516119641,0.03343713183672184,0.32150695357043,0.5079753081392016
2017-11-28,0.18159823274190792,0.18159643425332037,0.19379002279972804,0.1831644769114771,0.10262541031599179,0.174998245244718,0.17464572162768807,0.6957973312481269,0.6722093787170654,0.6539805611120271,0.5205371238159614,0.17437852760920253,0.18692393868512067,0.17657025520431266,0.03379973036294487,0.32636188490655094,0.5264452500927882
2017-11-29,0.18534147231577355,0.18159652014537694,0.17330258152573672,0.17037008320166605,0.2624492269024483,0.17428198920750468,0.174961295693397,0.4099403542461047,0.6630583039631981,0.6518510300798216,0.49759988672637834,0.17434807639655353,0.18698395032777523,0.17658427442299943,0.06731146164449997,0.31580581322592366,0.38188268842685025
2017-11-30,0.17389177425419247,0.1778321199079119,0.18463216701819515,0.18034967211493405,0.34462259089175,0.17522671037776985,0.17558743918559758,0.5632834334347727,0.6652498459500931,0.6506725085354316,0.5074773446361607,0.17492564151759393,0.18703680665172465,0.17690708816305398,0.07427444980561318,0.32929312438442804,0.5853322465666275
2017-12-01,0.18079095574207912,0.1772840200566206,0.18365493100826327,0.17355042112597038,0.2338143219407105,0.17511864574705446,0.17607764233440246,0.4546875390246025,0.6598954077483672,0.6484467439110696,0.4966003769757266,0.1749288414786615,0.1870130442346322,0.1768969870122757,0.08134548078180909,0.31975850004140804,0.4342927442966829
2017-12-04,0.17693773243557823,0.17366588912759665,0.17355593734553146,0.16148703493262892,0.3522893031207477,0.17422795689214696,0.17608647090178856,0.30740184759221284,0.643542210123313,0.6427478327743678,0.4605272789365558,0.17668941502705865,0.18376282740827563,0.17619490490308995,0.09790042528780168,0.3059977064737609,0.38579880528704147
2017-12-05,0.16798350967291223,0.16558908089050914,0.17221659732136277,0.16569090085809682,0.21299913703585077,0.17371738354935315,0.17624238334122475,0.36768968550223463,0.6346655121380151,0.6360618072471358,0.4502748251287604,0.17694530531735014,0.18230129880943743,0.17560397020586319,0.10213380858211138,0.31478982389275645,0.5336889798241868
2017-12-06,0.1665156262297335,0.1689879236495336,0.17822534178400082,0.1699313612136781,0.12018662874792677,0.17308010703195062,0.17643369287168167,0.4246806952176358,0.631783414432388,0.6300224232990679,0.4569910304482053,0.1766467612615688,0.18179280758666935,0.17519928199237264,0.1016454768462684,0.3202711885918101,0.5336116581868424
2017-12-07,0.17121291405727687,0.17351972802389418,0.18253279423203453,0.17599963405569888,0.11718359511272597,0.17329626324067374,0.17669815497622246,0.49885132214918143,0.6354181642742415,0.6260618184917184,0.4785818281523888,0.17627548808639226,0.18184721733334422,0.17503545598361744,0.10149478376338764,0.3256454308570537,0.5498343750352827
2017-12-08,0.179873505188309,0.1779052887990826,0.19111150325125123,0.18038629591457403,0.12146781429337924,0.17353105499914687,0.17707457151656433,0.5475692023451739,0.6424728730674931,0.624583674488118,0.5043653796478048,0.1766320157888388,0.18172718666856638,0.17515927327579725,0.09681441113883271,0.3311724972466187,0.5339350359725158
2017-12-11,0.18123132326223343,0.18060972329102612,0.19234222072920057,0.17954553447729107,0.12031923553208984,0.17352733926694255,0.1774333682928004,0.5355106869492567,0.647014855210818,0.624489438561503,0.5187390467421603,0.17695025781955276,0.1816581902311655,0.17528864808967679,0.09234725685081008,0.3256864022770503,0.4871492473487767
2017-12-12,0.18075416070705883,0.18199840043474788,0.1917629502250989,0.18352998066971185,0.1451228244837006,0.17356460138401145,0.1778877764034906,0.5803274510636911,0.654254884369474,0.6261487932525474,0.5369523429698455,0.1780963675000814,0.18132585320501868,0.1757131291190304,0.09146831354389323,0.3320572761530471,0.5300206358198171
2017-12-13,0.18581846556198686,0.18433744270914396,0.19607047780604506,0.1829817103475964,0.13154592988977318,0.17485032257443475,0.17833086120232125,0.5715766576279004,0.6590938134405352,0.6286357060962905,0.5455475998268059,0.17888813123095787,0.18108441356990265,0.17600051403600372,0.0873225174848451,0.32617070920436414,0.4897804708039398
2017-12-14,0.185084511191513,0.1833141010278739,0.19509312503432932,0.18155602541903157,0.16677241207660184,0.17497330702269573,0.17858812793859088,0.5479538802594588,0.6611383891551328,0.6311151258751929,0.5454697747014755,0.17958818654919462,0.18144700279146095,0.17653933978996375,0.08341229799103025,0.31902756408679656,0.48204027790691617
2017-12-15,0.18662587477707962,0.1837161926040137,0.1931747614436046,0.18484611726414926,0.30085623180481913,0.17612487261509632,0.1789698349532455,0.5889829500624826,0.665581814544596,0.6341633263346764,0.5513772943469877,0.1807503486385355,0.18130461182571664,0.17706595047991594,0.08365584233256013,0.33095366765526896,0.5237067580924815
2017-12-18,0.18926815224441437,0.18572631757167626,0.19628776754162605,0.18385918369309903,0.14935400095068865,0.17840565251794352,0.17926991635276815,0.5711984683218552,0.6676716309942667,0.6371026160890394,0.5502461164570335,0.18156250805025403,0.18187985541907073,0.17776747049065897,0.08200531278014381,0.32443186176315664,0.48594654872569254
2017-12-19,0.18409369029679948,0.1803538709061854,0.1920526099905374,0.178704714300955,0.12767993210532652,0.17973237551078877,0.17932245950944994,0.48286651969937494,0.6638182915695982,0.6385307704977812,0.5345510303789284,0.1816720957221582,0.18259927123507794,0.17817934661353665,0.08029124861613929,0.31868320039332565,0.4492696570552542
2017-12-20,0.18203864139984147,0.1796960315050293,0.19172682036725355,0.17863161354930804,0.09304916039504582,0.18061934264520488,0.17935115311096814,0.4816532051806089,0.6603215085237566,0.6388354491362874,0.5228822880841953,0.18180113658391045,0.18272009996172053,0.17830535488082908,0.07652004676634921,0.3141698673617593,0.49395565209773024
2017-12-21,0.18159823786867127,0.17969600721203946,0.19292130614867584,0.1796917066110584,0.147407741380049,0.18099573943097066,0.1793686163222832,0.4985009633045196,0.6582520542885232,0.638583341538148,0.517099346181221,0.18202960484258518,0.18308766542184293,0.1786043912523502,0.0722311461143772,0.32062224743739415,0.5040498696715005
2017-12-22,0.1808276283197713,0.17973259465417332,0.19266796042922593,0.1807152933512752,0.09280842807918055,0.1810292798275481,0.17946269444940496,0.515213826624124,0.6572887623796586,0.6381508464013155,0.515225789351643,0.1822352587389543,0.1831479038775878,0.1787398071134715,0.06752220336389433,0.32512699320864147,0.5037011539552465
2017-12-25,0.1808276283197713,0.17973259465417332,0.19266796042922593,0.1807152933512752,0.09280842807918055,0.1810292798275481,0.17946269444940496,0.515213826624124,0.6572887623796586,0.6381508464013155,0.515225789351643,0.1822352587389543,0.1831479038775878,0.1787398071134715,0.06752220336389433,0.32512699320864147,0.49460670735994955
2017-12-26,0.17965328768744024,0.18093861089793997,0.1920163885699667,0.18181192210408573,0.04708560889975131,0.18126033190066812,0.17962711427050151,0.5335482172502495,0.6572745257832016,0.6378014391395377,0.5160887639057142,0.18245112401312724,0.18315567187547757,0.17885453412545957,0.06623708992674701,0.3280007417064167,0.504325913493527
2017-12-27,0.18192860125961655,0.18324109208066006,0.19411588672470773,0.18557721288919857,0.11082254968164174,0.18146904167426461,0.17998125688376834,0.5936957961800444,0.6606136411578264,0.6383219803379973,0.5251242986819401,0.18281893170459235,0.18302455381818308,0.17897866570924179,0.0653464364141825,0.3331480765337393,0.5278891428680508
2017-12-28,0.18783681212302675,0.18634745874705713,0.19896620325011963,0.18678347808471626,0.10804800773607579,0.1818566215863666,0.18030409802902667,0.6120429756761663,0.6640395572690736,0.6395592781501359,0.5325687389045465,0.18369364503330599,0.18382395009999794,0.1798231098261648,0.06155302581366193,0.33819643954721557,0.5051728941879423
2017-12-29,0.18948826386206793,0.1862379022459247,0.19907486712571323,0.18557721288919857,0.0736090058367386,0.18226657074528443,0.18080255706500856,0.5831832984633945,0.6651352756878408,0.640811655443405,0.5327253587301896,0.18428175006432929,0.18375687286610407,0.18009205882082777,0.05766735787447315,0.3343765641731058,0.48407101144529807
2018-01-01,0.18948826386206793,0.1862379022459247,0.19907486712571323,0.18557721288919857,0.0736090058367386,0.18226657074528443,0.18080255706500856,0.5831832984633945,0.6651352756878408,0.640811655443405,0.5327253587301896,0.18428175006432929,0.18375687286610407,0.18009205882082777,0.05766735787447315,0.3343765641731058,0.49460670735994955
2018-01-02,0.1888276796806386,0.18693226502493218,0.19882146008561255,0.18736843094552472,0.09058063410524084,0.18252371378571156,0.1812413048465236,0.6128503646146559,0.6673240289816242,0.6423379923760275,0.5355707822946901,0.18519706128843838,0.18424392003545745,0.18080297433726114,0.05563325140783329,0.338801841399706,0.5102967436000264
2018-01-03,0.1902221308594281,0.18952702021345372,0.20139143541005752,0.19153573181040598,0.10823161712953236,0.18330631705089853,0.181974222392175,0.6761722455207637,0.6726677264453867,0.6448394357820252,0.5456985184232174,0.18477687337302245,0.18780841447837585,0.18234893393187526,0.05465241051721348,0.34385675401851035,0.5309536575389083
2018-01-04,0.1949928592178857,0.19526486706169385,0.20635046562195017,0.19310767698131784,0.1257601938915195,0.18477466004175472,0.18274485300013363,0.6982241371312539,0.6778844062611887,0.6480905303690468,0.5534846110778685,0.18487018898965873,0.190565266937638,0.18375948522045474,0.05634494042298706,0.3495369356259669,0.5081819729724857
2018-01-05,0.19770843820272113,0.20125846358938912,0.20776212613665454,0.20327012056704621,0.1417790934184193,0.1872864890235781,0.18367639967672775,0.812595621958419,0.6913425872830296,0.6539160465238368,0.5802232935026702,0.1884354232514514,0.19033018579339786,0.18547471350820746,0.06524160599283016,0.3557885339116004,0.5820441151351022
2018-01-08,0.20365337087766253,0.20666729226240346,0.21373458686087457,0.20502471482373255,0.10240915925258737,0.189869120519048,0.18474748842092506,0.8284608466544976,0.7028825581936571,0.6613414881938072,0.5968405798047077,0.1923016959594332,0.18933322160464253,0.18696800961619878,0.07041540087402548,0.36063575126811276,0.5093501033762646
2018-01-09,0.2086441664807854,0.20480335814667625,0.21587017243420267,0.20418389464739647,0.10040373665516727,0.1922616807848148,0.18564509041239038,0.8053666273725781,0.7102501476886899,0.6690471489903728,0.5997510162030003,0.19533868314528097,0.18865399914468636,0.18819235975156176,0.06856036632240137,0.3558600701564613,0.48756993144500516
2018-01-10,0.20394700365857707,0.20144119250998696,0.2115266096847128,0.2037087838159811,0.11933386512053959,0.19449400646182605,0.18647481111374256,0.7917629088797078,0.7146224356461999,0.6762592974164909,0.5946252548625458,0.19772403588582133,0.1886900798805561,0.18943552205254746,0.06889599937506868,0.3504091247354869,0.4906228536974403
2018-01-11,0.20435069020048816,0.20484002836551854,0.21594266798214642,0.20685255667969868,0.08856501098596203,0.1966629700720303,0.18728944416612867,0.825056051640529,0.7201369801838171,0.6833503257418257,0.593367266679624,0.2005448550701922,0.18818607486007868,0.19063543299379118,0.0670889903483784,0.3547625018502635,0.5209963649032539
2018-01-12,0.20919469126456366,0.20619217153709032,0.2196709032970092,0.207766389499102,0.08048007736075777,0.19880212099443564,0.18857550312257956,0.8344179067267967,0.7243030003084177,0.6900213454938127,0.5890049369046382,0.2031537378496921,0.18805452644288287,0.19191056691023192,0.0614154893538687,0.35882747801042786,0.5022226124295083
2018-01-15,0.20919469126456366,0.20619217153709032,0.2196709032970092,0.207766389499102,0.08048007736075777,0.19880212099443564,0.18857550312257956,0.8344179067267967,0.7243030003084177,0.6900213454938127,0.5890049369046382,0.2031537378496921,0.18805452644288287,0.19191056691023192,0.0614154893538687,0.35882747801042786,0.49460670735994955
2018-01-16,0.21308458681320283,0.21200305211838785,0.22039483891249598,0.20886304762143912,0.14613063604333998,0.20117604870459613,0.18955607809319633,0.8458647156589436,0.7275437891767753,0.6961346688317359,0.5832125416373685,0.2055606979391792,0.18839538865601527,0.19331547152708997,0.06456208523754092,0.3652343019423364,0.5037272576773153
2018-01-17,0.21315801283110322,0.21280712253843773,0.2233630391100315,0.21467545314793232,0.12955886823169874,0.2039599255736744,0.19097036792560682,0.8998502896143301,0.7346341788433114,0.7027242166414952,0.5881587458934099,0.20894539817496244,0.18798263732031603,0.19485014533334769,0.06591002898698897,0.3710499876066912,0.5428261440542904
2018-01-18,0.21800208854408995,0.21660794748780146,0.228068656334496,0.21880624769127985,0.14321736700049575,0.20674008072226105,0.19294157562613926,0.9314816572189311,0.74301542371379,0.7100040387205075,0.5953281328744133,0.2127201422466392,0.18769722284545273,0.1966481184405123,0.06383196476556632,0.37735289113406123,0.5284288836625988
2018-01-19,0.2199470851850727,0.21825256490760456,0.22767049562757088,0.21730746201106801,0.13484681876324794,0.2092071831870275,0.1947166691405627,0.883732706584782,0.7468074627764064,0.7167364859370029,0.5896429402084545,0.2152262151071832,0.18911085888945803,0.1986341708954211,0.06498982977080311,0.37134857683625827,0.48244756953817836
2018-01-22,0.21928654843969916,0.22073774451412528,0.2294079845208997,0.22326606904085514,0.157375691340369,0.21124571591384403,0.19655084971832562,0.9297404239171407,0.7542531819193168,0.723906471384555,0.5941873380473356,0.21839575919713228,0.19046279618415726,0.20093054551020742,0.06727574219968027,0.3781565277078142,0.5431083852689872
2018-01-23,0.22563519692326586,0.2250502383221009,0.2359596524596135,0.2244358572843658,0.08246917912320395,0.21322462925335037,0.19821657141298796,0.9378589586812034,0.7597937353256987,0.7309700011685506,0.593081658924772,0.2211794275602354,0.19222719157919468,0.20323256377468066,0.06558446606245641,0.3822924579256992,0.5040036779008055
2018-01-24,0.22728649770952472,0.22483084014538943,0.2341497012636705,0.22407020667849817,0.09760471345714047,0.2152519848421182,0.19971886108416323,0.9257709208035776,0.762277024290777,0.7372158321605473,0.584588804222131,0.22328005627461622,0.19455686177596246,0.20546310789792535,0.06667765596666883,0.37761662190860446,0.4916769574191472
2018-01-25,0.22710304971155362,0.2249039989986736,0.23747987323729966,0.22651947834727984,0.11272596706047483,0.21757747329716073,0.20133429499235014,0.9442858391319886,0.7650893736713622,0.7428863484691725,0.5786134205454269,0.22530543961501115,0.19710553206655515,0.20776324343481897,0.0627286895475841,0.3828318543111613,0.5142470860137709
2018-01-26,0.22992878172453765,0.2282297558845409,0.23795049414971828,0.23054063644792025,0.08086973729576005,0.21999240879803053,0.20295099142304376,0.9717460091761174,0.769664598682849,0.7485190059325262,0.5782202076958468,0.22788580896284466,0.1991040400018301,0.21007654295459674,0.06329938691028145,0.3869107301892996,0.5266792977191281
2018-01-29,0.23348843712041803,0.23005707974093334,0.23769711588702644,0.2251303878488283,0.09419161884322003,0.22176262134637106,0.20440048442301775,0.8042801222634144,0.7663460826066919,0.752230000579555,0.5582612653001762,0.22890367723688176,0.20203773357845858,0.21204943293763864,0.06728001317988805,0.38235664405791425,0.4518305609269068
2018-01-30,0.22277278904161144,0.22059155109440728,0.2310006324230192,0.22041472855325192,0.13288219825326264,0.22294028389436607,0.20573683520601624,0.6823433590061234,0.7575600535100548,0.7530936243513601,0.5286876529083877,0.22847180036218628,0.2061128484898365,0.21384176995020307,0.06982611671612451,0.3764224105371215,0.45688031951971614
2018-01-31,0.22262595918792963,0.22128590622071295,0.2317245541907774,0.22290047717404068,0.11623086637112356,0.22377880279123355,0.20704552462589818,0.713044989788385,0.7516325897817826,0.752364276495801,0.5121425916841177,0.22793352921129134,0.21037083301830153,0.21566983950032967,0.06880020542752788,0.38176266762805167,0.5147009204619324
2018-02-01,0.22614896796572162,0.22779123335064397,0.2355614916135372,0.22834732020324597,0.19439746537432856,0.22475148926269797,0.20857547162011789,0.7730630139356458,0.7509078835201705,0.7516071553433272,0.511854130238879,0.22819119576039842,0.21393478977280225,0.2175637395419979,0.07220635463645861,0.3898912372539222,0.5383967083396611
2018-02-02,0.22240583064604888,0.21850841339265162,0.22325447318355648,0.21076404896810533,0.2508675543840823,0.22408440604578375,0.2096779921246462,0.4507512191853716,0.7317470112915951,0.7464104275666426,0.46574309966717503,0.22651769302564706,0.21751192421501334,0.2184721329339003,0.09268324308105957,0.3797483001227105,0.35492104383634787
2018-02-05,0.2039836809437464,0.2090428379513972,0.20265834070503827,0.19380217817625375,0.305668838017753,0.22108064226506005,0.21019970783522265,0.27016924659241875,0.6989678612910208,0.734399014106611,0.394963815266675,0.22780532416919624,0.21518816580506892,0.217985021747687,0.11835665571163623,0.3676505241212504,0.35449705242646534
2018-02-06,0.19113958014537127,0.20600950142176813,0.19628764982545263,0.2073277849892203,0.35523113362479625,0.21933652068402684,0.2111501125579973,0.4280146646535718,0.6857057283172794,0.7216122168443198,0.38691045621098274,0.22769208141884306,0.21554558726105957,0.21810351119279955,0.1478263819918872,0.38151625692093155,0.6107905319984757
2018-02-07,0.20908461245350382,0.2139035165639562,0.21786108663014694,0.20615799674570953,0.1561312276736078,0.21751041945129815,0.21202508711608567,0.4165288359964752,0.6735155265083436,0.7084619520511282,0.38313537795567565,0.22757014767013295,0.2158777986919104,0.2182050757329209,0.15218647759916326,0.3747526978188213,0.4848682277382761
2018-02-08,0.20702955217131377,0.2042552366320354,0.19733734749194612,0.18499226002839012,0.22507451481217777,0.2132768321469701,0.21213445893584662,0.24699005939060287,0.6427504635093475,0.6905702932495253,0.3338898968623594,0.23038984180408645,0.21099907783363078,0.21724213914885052,0.17457829549943424,0.36552983468941697,0.3179308285046488
2018-02-09,0.18875418930724444,0.19471654460143664,0.18821561622884422,0.19398488600108124,0.3275305964653152,0.20955007251179544,0.21242359881031572,0.3390161104850184,0.6272742674224209,0.6725488002698161,0.33254140176748553,0.23130097870468264,0.208712728539761,0.21658011713082906,0.19482586820440098,0.37840745036527146,0.5734876225713513
2018-02-12,0.2006442271516922,0.20067368978427655,0.20942717132205754,0.2018444356384814,0.20167247756395218,0.20717613282506056,0.2129415451336956,0.4109065618452054,0.6228448839612876,0.6570703057586434,0.35895371485104033,0.23145982912575275,0.20793121449266214,0.216275441642673,0.1914096583490061,0.38679552990891825,0.5620905683923724
2018-02-13,0.20086444671121365,0.20052757253828887,0.21033214092904953,0.2014058017590731,0.12573163243031515,0.20523822428211994,0.21348589029768514,0.4073100997203693,0.6190062707068449,0.6437677612113377,0.3815537566563672,0.23160974071273965,0.20699918072708343,0.21589177772416054,0.18309161569160717,0.3811163671289572,0.49090884831611803
2018-02-14,0.20002036453332836,0.20838498466822994,0.21167138621527046,0.21047155785293784,0.15434409624396386,0.20397112965901562,0.21428040682145574,0.4867908472434744,0.6249683974125586,0.6345542778512321,0.4240239215543815,0.23143718181021355,0.20674093385260503,0.21567549372713776,0.18614351729559944,0.38781617673920765,0.571112144749121
2018-02-15,0.21577046539515418,0.21413356135364595,0.22136813095409194,0.21655037435499927,0.10772567124534091,0.20276846301783916,0.21514066036711402,0.5350618237411833,0.6356203573369836,0.6297357484974034,0.469671177200753,0.23125174063183007,0.20669884673742508,0.2155594324868569,0.18228231241601695,0.3928530415566636,0.5448526313970403
2018-02-16,0.2155130914057891,0.21662300325317543,0.2271696932287944,0.2149756978181159,0.09650713730514454,0.2031978291979857,0.21589270159368154,0.5194805267951192,0.6423411100002453,0.6274912474712622,0.4964057753210352,0.2310858620442912,0.2066285287196167,0.21543946677782347,0.1731176790546218,0.38821635762475215,0.4817675346577647
2018-02-19,0.2155130914057891,0.21662300325317543,0.2271696932287944,0.2149756978181159,0.09650713730514454,0.2031978291979857,0.21589270159368154,0.5194805267951192,0.6423411100002453,0.6274912474712622,0.4964057753210352,0.2310858620442912,0.2066285287196167,0.21543946677782347,0.1731176790546218,0.38821635762475215,0.49460670735994955
2018-02-20,0.21448386698042013,0.21684277167409263,0.22517546442507816,0.21556170798188104,0.09265950046004354,0.20541615425953577,0.21631540927925128,0.5245029990616195,0.6480181567975553,0.6270558925044595,0.5151960863355093,0.2303219631756474,0.20662049382434686,0.215043089159588,0.16830699244573494,0.39271579093834447,0.499401620837824
2018-02-21,0.2170569975055248,0.2160371654543092,0.2229634504979611,0.20977567629025287,0.12312437904323187,0.2056657101400873,0.21647879484191015,0.46406828419756657,0.6465817053477729,0.6263634283262455,0.5125256761593017,0.2290615930762187,0.2064044033206894,0.21428884522152922,0.16620498291462948,0.38712963255404187,0.4473257303478744
2018-02-22,0.21198396642976466,0.21072873316453303,0.2200989481906808,0.20959261603110643,0.06840673968880248,0.20601586026307886,0.21666480076782016,0.46216141866873045,0.6450673967695597,0.6254466218620167,0.5101955926891706,0.2277509864789376,0.2062595294864177,0.21354399527814336,0.16025059949698553,0.38349532933089375,0.49309119100487064
2018-02-23,0.2152925136227317,0.21651315843432786,0.22590057749888207,0.21893056889727489,0.0692819444642788,0.20947577882671456,0.21718827794979814,0.5505670304266033,0.6528197424507288,0.6265706734576917,0.5313925311475326,0.226641919720041,0.2066222443132613,0.21315355746898937,0.15969441159280845,0.387160852339439,0.5719457058657811
2018-02-26,0.22268154563691453,0.22251721184360893,0.23351518767014093,0.2250093560298098,0.09444867199405924,0.21263863942162667,0.21781269027113723,0.6010498551305323,0.6645568726242553,0.6302821837233226,0.5582666206631927,0.22555581872373126,0.20717527119994547,0.21286898153321213,0.153659296218244,0.3917241079182836,0.5439082178860405
2018-02-27,0.22679892805330207,0.2250800685052308,0.23362409325010033,0.220541957342378,0.11519041314153633,0.21454480106000476,0.21825204204341955,0.5485944662004882,0.668969337537442,0.6343086383033248,0.5615377228435449,0.22482857801567646,0.20745347737534534,0.2126329137864302,0.14975333231845558,0.38642096525754577,0.4588569817898287
2018-02-28,0.2229389596341935,0.22390849988786318,0.23191981967839162,0.21896728080549452,0.10486136470741844,0.21633514622989383,0.21859952661799406,0.5302163626716747,0.6704215515998709,0.6378777589647282,0.5567877213035451,0.22463649323809914,0.20750244463539583,0.21255844480887523,0.14703603247795774,0.3814862742832075,0.4818809737120187
2018-03-01,0.22150530539523974,0.2203207325635382,0.22009908614312976,0.20966601047801917,0.14645297253407485,0.2162530228593059,0.21842725188686876,0.4293823344243349,0.6619822595286355,0.6387109632932081,0.5283717078258915,0.2232327359071823,0.20758377997710434,0.21187755169555536,0.15833958429570455,0.3750679521552786,0.4191756595889622
2018-03-02,0.20617573226170907,0.20926441254053205,0.21371722608129226,0.2110208267389568,0.1212026007250531,0.21568930047351562,0.21815951126388214,0.44368279577330744,0.6563097467768572,0.6380183672795102,0.5125243068780692,0.22062340670903435,0.20849212114973673,0.21098613005018116,0.1611946367799538,0.3805855580038142,0.5058257284779901
2018-03-05,0.21117527270529837,0.21413353347952782,0.21944632410634854,0.21508556921703562,0.08505807157094158,0.2157005015647133,0.21808310037171239,0.4865107673726516,0.6555195618855157,0.6372749586274022,0.5119965522093604,0.22100620993539,0.20854410521750352,0.2112084656715669,0.16232961315283323,0.3848138376568248,0.5281630884333361
2018-03-06,0.21992449576765996,0.21753828516315923,0.2239063092569972,0.21208279945040806,0.118805478088259,0.21534583627317697,0.21769850773561608,0.4522849146337376,0.6516523975990269,0.6357536418121196,0.5039169744155737,0.22060697769703191,0.2108618716251676,0.21214897573658706,0.161564230965226,0.37938174054451673,0.47004317980399823
2018-03-07,0.20963128625685648,0.2138772458489813,0.22038904874334167,0.2149756978181159,0.1145151385944905,0.2158759643678049,0.21737317285590205,0.4843393609211814,0.6511838132685095,0.6344243134543582,0.5059110217228053,0.22105383016364466,0.21119353644038255,0.21254244917953516,0.16067159363013417,0.3846607952123258,0.5184317475431844
2018-03-08,0.21672629040019423,0.21600070727283607,0.22571935200547463,0.21633069029621296,0.10828874005194106,0.2165628927684823,0.21710701089105797,0.49950196805361985,0.6518793885444003,0.6335275137214474,0.5104033883516091,0.22160878834972958,0.21167565374662403,0.2130658187373379,0.1544454145520355,0.38971774548612115,0.5056936681285167
2018-03-09,0.22146844608461072,0.22321284347824552,0.23188352539569493,0.22471645374127022,0.09704368475491207,0.21715274803959014,0.21704500487568265,0.5863702167493505,0.6603543693785241,0.6348407173232874,0.5333571182556356,0.22014711556703254,0.2173296918045445,0.2151095678775596,0.1542430933499442,0.3943735688202691,0.5630138438520824
2018-03-12,0.22698271450591748,0.22390851484741156,0.23409546142733736,0.22372778736815194,0.14270734090756085,0.21702209558957639,0.21681071099894791,0.5725576797915879,0.6656606894432013,0.6371626982723327,0.5438345697585153,0.21950646105302718,0.22109148621215993,0.2166397947598472,0.14756642525374022,0.3880888586410326,0.4866899621814656
2018-03-13,0.2251445938955243,0.22398166824522323,0.23199231681181795,0.21991932337897283,0.15991562128318484,0.21695861974531258,0.216631502494215,0.5194920025258982,0.665666549494008,0.639021687126004,0.5390258007680755,0.21918569847140484,0.22330628429366714,0.21756972014854695,0.14500528569215668,0.38119030489577177,0.4640441638269397
2018-03-14,0.22437263570920338,0.2204671279583388,0.2283663341816525,0.2176489708660905,0.1267741257642741,0.21682422162165857,0.21653638808861955,0.488632879692039,0.6630236472199807,0.6398756269800154,0.5285870729545246,0.21805546758533856,0.22617169596702455,0.21840540640908843,0.14286966656775726,0.37547395491222585,0.47623355290666075
2018-03-15,0.22102732736304845,0.22185828710165548,0.23126710976362472,0.22068836443235798,0.08611280553113099,0.2179479207195987,0.21646031353244558,0.5250516130267895,0.6635279101793516,0.6406796025281256,0.5280681293111077,0.21836282492769327,0.22691573607516172,0.21893104551490453,0.13906723167480384,0.37973985840917657,0.519327843141577
2018-03-16,0.22367419948429115,0.22416479425191502,0.23355156419000275,0.22478976007960325,0.1592546274667412,0.21935162613847545,0.21633796904142202,0.5718773958590402,0.6675306635602909,0.6422818606148777,0.5363593212251481,0.2193972441630792,0.22669831088371659,0.21935494933564217,0.13480872728587467,0.38661483357525633,0.5277413597368836
2018-03-19,0.22400505793595363,0.221455618248633,0.22974423636767524,0.21995600591766593,0.32125319531347224,0.219848153953654,0.21665408043670978,0.5008855145414883,0.6654912909695576,0.6430750242721671,0.5279558339051456,0.2196606078355937,0.22694300200936438,0.21961117858651288,0.13406853464614793,0.37396114162822897,0.45590664696915556
2018-03-20,0.22194638990835672,0.22460407458028817,0.23344276585510884,0.2261812882487604,0.12523792717235416,0.22128545665783658,0.217767598017282,0.5715961247245913,0.6695556964278716,0.644683404960293,0.5364229123229688,0.22083789491022798,0.2268248510139836,0.2201575397838431,0.131622495893815,0.3796226932471968,0.5449816046159444
2018-03-21,0.2275340785202191,0.22559251487405305,0.23260872497143678,0.21999257097825267,0.1166654086023041,0.22179691327299153,0.2182031400016475,0.4858492814508129,0.6662165598263968,0.6451700374168634,0.524772112741552,0.22068970322281434,0.2280423514486448,0.22068318342271118,0.1318376194315777,0.37426693542365685,0.44520925957076607
2018-03-22,0.21760850094454562,0.2154881147056373,0.2203890637945742,0.2081645228013623,0.18076548796236416,0.22096439463989317,0.21827214443178286,0.3527513163509712,0.6516003983243566,0.6420572455844448,0.48738745741533485,0.22088676775519667,0.22768889127157602,0.22060971020556944,0.1390114421765349,0.3666246376066985,0.3989020636095507
2018-03-23,0.20911679156609206,0.20688489295002596,0.20972875986255088,0.19721550455488315,0.17103010990042253,0.21816074744064165,0.21869250180545388,0.2577001383675283,0.6291751115303719,0.6341938129045792,0.4380459359937726,0.2233252383798911,0.22289425461304022,0.21949250328626993,0.14597604019775856,0.3593296144189125,0.40362977823580737
2018-03-26,0.2061758097469474,0.2083858282585783,0.213499750059269,0.2105448641912708,0.14473520465307005,0.21681678416896286,0.21926199944783428,0.4069673263873557,0.6246284326735059,0.6268136621308088,0.4430654407907023,0.22243158057991191,0.2223174102305088,0.2187483272566084,0.15347399516431592,0.36568666135032774,0.6081926062660928
2018-03-27,0.2151086626981588,0.2115341499706929,0.2096560198204471,0.19868007473663432,0.1503087697966628,0.21465150036123973,0.21915317707786827,0.312286856731356,0.6095042013132819,0.6172857078992005,0.4207577366877545,0.22326594013461104,0.21917464042087306,0.21762356676173075,0.1672286105257176,0.3591307975105096,0.39655170181870775
2018-03-28,0.19823535597458833,0.1986109142431374,0.20708167778846734,0.19717879264666352,0.15870991959948672,0.2125646211977568,0.21900781023642732,0.3012648289736853,0.5963993231960089,0.6065233569879893,0.4079369379439276,0.22399753847201875,0.21614630981919022,0.21650258229913347,0.16289918191029037,0.35227525284023636,0.4818571412253394
2018-03-29,0.200992446974848,0.2078366399597116,0.21074394589700277,0.20680967717089813,0.23006665020982475,0.21114972666425677,0.21888187816144825,0.3992553368813701,0.5959118118895551,0.5977966663652303,0.4290798908538829,0.224054199404698,0.21579010410443691,0.21635562830976343,0.1683394188817801,0.3616761924611714,0.5766831497986783
2018-03-30,0.200992446974848,0.2078366399597116,0.21074394589700277,0.20680967717089813,0.23006665020982475,0.21114972666425677,0.21888187816144825,0.3992553368813701,0.5959118118895551,0.5977966663652303,0.4290798908538829,0.224054199404698,0.21579010410443691,0.21635562830976343,0.1683394188817801,0.3616761924611714,0.49460670735994955
2018-04-02,0.20683744096090265,0.2050542492611427,0.20972862660454597,0.2023054490971403,0.16802707626522173,0.2088575121270115,0.21839199518835098,0.3623198497250361,0.5914928314618758,0.589756506353054,0.4362103951198145,0.22433629824585827,0.21458972841121868,0.21590723543133497,0.1701769596273963,0.35448829170719537,0.45706468580923776
2018-04-03,0.20544057196362028,0.2056400476402457,0.21237564666475486,0.20527165380318116,0.11106124189313527,0.2073604822463491,0.21805827311911927,0.39220191919364505,0.5913491763591349,0.5832899579369113,0.4525543774936104,0.2242082743426979,0.2137012447130571,0.2154023244611025,0.16842654880379238,0.35964414102144443,0.5195864082248569
2018-04-04,0.19812499811016573,0.20611591670949644,0.20954728740574383,0.20750535314689703,0.13841700141379235,0.20545652130351508,0.21778121508003204,0.4149333269903082,0.5938404707864928,0.5787136445134357,0.47218690147879017,0.22414737414715002,0.21328806794033647,0.21516682183479804,0.17231978127536302,0.36577580875618193,0.5132898338312883
2018-04-05,0.2131971789075385,0.2130352697805147,0.2228185346056424,0.21255887947620042,0.10557744134189906,0.2046986766117346,0.21787692943632278,0.4653682608350574,0.6011252424125462,0.5767980577026918,0.49982197290911584,0.2240084503416072,0.21318088251630687,0.21504248021960845,0.16859709731751146,0.37073604319129955,0.5366602545324628
2018-04-06,0.21018278609509136,0.20772682254481425,0.211034041311121,0.19977875935630515,0.13756219768203343,0.203843770766959,0.2175394309097686,0.35001756351993035,0.5946434262118823,0.5737125160443984,0.4876704855569106,0.22396156536384582,0.2115067056240947,0.21419090863399118,0.17648056816231322,0.3646348675080338,0.38946639652727283
2018-04-09,0.20448477615141616,0.20812954242404977,0.21650930036575874,0.20377028360463065,0.10983717927009146,0.20451201271744532,0.2170180687054941,0.39062286264084317,0.5938503232082184,0.5710540516838241,0.4921062331351334,0.22235242106068226,0.2109987815484015,0.21311326014810597,0.1771301813590101,0.36974705278676245,0.528418126672167
2018-04-10,0.21157958176970074,0.20992332655937143,0.22017144837059763,0.21083767837123066,0.14905614571241466,0.20454186432911078,0.2165307047173026,0.4583111353034955,0.6005310558434233,0.5705280136742156,0.514254226185929,0.22081039597307578,0.2112596627621218,0.21245008371285265,0.1740945406887288,0.37625823376356476,0.5539238933397129
2018-04-11,0.2094843020220475,0.2117539463783081,0.2200990524725057,0.20739556985655702,0.08637801909945714,0.20543038542405392,0.21607860045768287,0.42608828713155417,0.6027142041377179,0.5706302753815399,0.5207799276518413,0.21969666053719694,0.21111355768339848,0.21180575570763785,0.16927468821119768,0.37198286972558464,0.46617869276174273
2018-04-12,0.21099151998369384,0.21292545877649657,0.2228910570951205,0.21211945261957452,0.082116241066893,0.20695354519589035,0.21584310364950363,0.4714295796134144,0.6093340741277933,0.5722982352637235,0.5370417189585946,0.21909398257648677,0.21116434744472587,0.21152127043289973,0.1657694193470342,0.37610621014656126,0.5339269236017189
2018-04-13,0.21588078411359354,0.21471934761825104,0.22383382854145326,0.21094763787873014,0.15368922274063543,0.20737539906975108,0.21588717881522737,0.4594248994499995,0.6135892907408096,0.5746521721395447,0.5441664731997954,0.21786337382547155,0.21142939616594855,0.21102012491782654,0.1602100448699454,0.3694297607953142,0.4849567917308162
2018-04-16,0.21727766507547422,0.21618371808394318,0.22695215938239563,0.21508556921703562,0.10735641235405605,0.2086782976619924,0.21602696530718798,0.5004879478190274,0.6211356540262268,0.578343464102135,0.5580566275560273,0.21602805095766137,0.21232672603649252,0.2105208591082983,0.15686703917698666,0.3744534536287215,0.5287729514869954
2018-04-17,0.22021860362482062,0.22127254175905267,0.2306144289245219,0.22211651640115512,0.08851400837666856,0.2103955857281061,0.21626875957763145,0.5650663769105548,0.6340035712889157,0.5843797083154421,0.5824119756925752,0.2164824231993711,0.21207938726001627,0.2106320140753438,0.15533967425075954,0.3788050114086847,0.5521218944452141
2018-04-18,0.22444608587568274,0.22350571293185736,0.23373275182374934,0.22460658234235045,0.07201772442678167,0.21213900967368124,0.21669945246555258,0.5867080296099132,0.646453723045158,0.592191815841777,0.6008566025366846,0.21606270275164197,0.21235168938834378,0.21055099785974515,0.14852406660295472,0.38256812353661807,0.5146602593708944
2018-04-19,0.22536525326212634,0.22295669023047174,0.23289891693927386,0.22270249719539378,0.11533118034318637,0.21317312399518887,0.2169651770926003,0.5624041030663365,0.6541377366257567,0.6002826259523787,0.6037512876904202,0.2166405182817,0.21203324540387927,0.2106904194277794,0.14268040687600958,0.3772599595117953,0.4793560720855791
2018-04-20,0.22444610058906447,0.2233226660110573,0.23347894681533346,0.22358123343053912,0.11911149374401994,0.2155997216853702,0.2172145232676709,0.5709452844041742,0.6607212911365169,0.6083327232055937,0.6033284322506215,0.21867818960690943,0.21152023617018142,0.21148358566096112,0.1368903003410207,0.38270297263298353,0.5016744056840193
2018-04-23,0.2253283843130576,0.22387181497882955,0.2356182978586788,0.2245333347430706,0.12982000159128143,0.21771645844880597,0.2172082258054067,0.5806313806119339,0.6664393785028462,0.616142880366535,0.6008363454810681,0.22025126898850683,0.2127288738737609,0.2128890463321926,0.12884542643048677,0.38852797329158273,0.5022496874035857
2018-04-24,0.22742384891846265,0.22412815500290315,0.22347124464257476,0.2128518405037931,0.15899553421153026,0.21792179681671195,0.21683420199771972,0.43080759913365513,0.659060105381357,0.62062289918544,0.5662485714066191,0.22038623861940093,0.2128287353144265,0.21300773674260873,0.14211539205857143,0.38166224034635476,0.4010295689541301
2018-04-25,0.21371179759398348,0.21061895217014767,0.2191924900037753,0.21263206833642703,0.12975675835575748,0.2184556436376878,0.21658359330014224,0.4282863379488792,0.6527116361541614,0.6226857925632985,0.5411436117689936,0.22012952817100395,0.21454780864413778,0.21372554552005177,0.13921586791359986,0.37583949566292413,0.49279986437716655
2018-04-26,0.2284163471485746,0.23346366901097546,0.23518319199335105,0.23412762483719188,0.25919322032515185,0.22069931711893295,0.2171502942026655,0.633109546581847,0.6684780823661126,0.6281138184347131,0.5760948451602617,0.22329184455080958,0.2151072547177549,0.2156265065456522,0.16320681447842464,0.38627942100906715,0.6714185690080958
2018-04-27,0.233195286717484,0.23152329495059468,0.24102102482298368,0.23020931881861964,0.10612214920915355,0.22266299326167235,0.2174777198196509,0.5866146281146334,0.676539678717816,0.6343878337454585,0.5848815346582851,0.2255870526909607,0.21515753798456547,0.21683038239634114,0.15704219897064464,0.3812997560781429,0.4638654045226548
2018-04-30,0.2342981084909395,0.23459855677383049,0.24562606914643434,0.23339517821392017,0.13889642594115115,0.22452960825141668,0.2177736601453509,0.612232197701609,0.6854198540966482,0.6415347758109998,0.5939480028579119,0.2279032315076483,0.21598649411517715,0.21842990151084854,0.15253069951035766,0.3874485255601259,0.5198137999447082
2018-05-01,0.2347392270065458,0.2333903894491152,0.2414561281335146,0.23570218389596906,0.09723953477459907,0.22591463021424593,0.21831517119881708,0.6307963660640923,0.6939807553750365,0.6493035597750966,0.6004066315658445,0.230471960910886,0.21648435837023391,0.21999550584162844,0.1493723858087568,0.39211133513995705,0.5127349904773026
2018-05-02,0.2384889654873583,0.23533084455136358,0.24323295812559628,0.2315642819271901,0.14024493493087106,0.22662394882074413,0.21850029234895416,0.5771601540187015,0.6958916148003409,0.6559764374281226,0.5890242335988879,0.23193616616782947,0.21746692694771866,0.2212333010090968,0.14668229594816531,0.3859144624455091,0.4622520249217704
2018-05-03,0.23087928245393677,0.23298768080751084,0.24076718239038378,0.2344937453554847,0.10481444230686843,0.22782603459806286,0.2189989877291493,0.6033377797322514,0.6994815776965033,0.6621749107487498,0.5840969338342412,0.23385485483671786,0.21775605637835413,0.22236181638201238,0.14442688771599635,0.39084747963181904,0.5177172874452641
2018-05-04,0.23279090504487868,0.23628261376613205,0.24348670624307764,0.23808246654682433,0.08481733925507629,0.22930439599339572,0.22002786580086095,0.6347365149773472,0.7049908403952335,0.6684537334374239,0.5849314654673428,0.2349947246196572,0.22055845704951768,0.22433248365857802,0.14324224824791984,0.39506717202451064,0.522740098885527
2018-05-07,0.24040052783270763,0.2405294583470516,0.2513914626756595,0.24211061459478975,0.08357083548394337,0.23109635201254017,0.2215718086145829,0.6686141953408997,0.7123707505726294,0.6752450511396613,0.5902543859957945,0.2368940965005542,0.22257532097845953,0.22630503517374065,0.1365024411953225,0.399242399874364,0.5259434671217442
2018-05-08,0.24312088266723994,0.24217689869122663,0.25160901131913915,0.24445424407647862,0.06944107260527449,0.23431813136516103,0.22273795217331324,0.6878833991253743,0.7194849113087195,0.682382690095666,0.5938513780880702,0.23948159966428262,0.22338531081824956,0.22803455617431492,0.13206328618875832,0.40291359920752684,0.5126836899569882
2018-05-09,0.24631916163637776,0.24594779696649474,0.2562503582146225,0.24789652880831162,0.0913660742883606,0.2379132474887912,0.22443050600630973,0.7157161789416591,0.7273841423523143,0.6899854924186264,0.5986826985292905,0.24187997964793584,0.22510845824194572,0.23011826870059246,0.1264251172716475,0.4073668941902526,0.5210270705354549
2018-05-10,0.2510245770357171,0.24869352527379804,0.2603477363867258,0.24848242149397057,0.10088112107815436,0.23937668008414772,0.22619483777888458,0.720499796815397,0.733015232176786,0.6974169686344586,0.5969032563326686,0.24426550079451415,0.22641424297596355,0.23198908795271125,0.11888517617788197,0.412159604275757,0.49907126690673664
2018-05-11,0.24995848416965352,0.2499382160370218,0.2585709339768515,0.2514851912605981,0.0774464421599809,0.24154569758893676,0.22773122868797938,0.7453241513119919,0.7391685290430178,0.7048365071120453,0.5967792675517285,0.24655403309940382,0.22825536400765647,0.2340746832065684,0.11691725660827881,0.4161163664012233,0.5174601605771862
2018-05-14,0.2552152876824991,0.25143920547966525,0.2601663491263979,0.24925137443877585,0.0688759636943026,0.24316219379913315,0.22934569903898896,0.7038738306644237,0.7405400927234369,0.711100770698555,0.5847802504472238,0.24820765456236116,0.2300931059498442,0.2358324617420274,0.11490797755310003,0.41246532529779234,0.477711351073503
2018-05-15,0.24834089208094842,0.247412024883179,0.2573742612274652,0.2488485126427368,0.07938862152187706,0.24450242636788969,0.23084430719453417,0.6961951285869519,0.7399401058952675,0.7159684220349146,0.5702746341585435,0.24991880711162,0.2310972645525737,0.2372077821507945,0.11104095788281204,0.4084392829026337,0.4915455173323742
2018-05-16,0.2502894028260164,0.24741219024108344,0.2596950664166008,0.24807964780651123,0.07106295558080752,0.24618612313698493,0.23223965716930559,0.6807696069921654,0.7374443878512261,0.719264557876182,0.553952422491652,0.2513374655467137,0.23206618684372024,0.2384154355447812,0.10356895047956144,0.4047102287224063,0.48875950003411006
2018-05-17,0.24918598122441146,0.24598512431854955,0.2570781209358236,0.24532875109979693,0.06672773379086075,0.2472907225929176,0.2333666130394408,0.62547589462955,0.7315536647028266,0.7204900228837818,0.5324458399952463,0.25202646929771527,0.23370529239981383,0.23957952177640615,0.09864351484969605,0.4011358180013137,0.4736526140130945
2018-05-18,0.2456511981672068,0.24429832856134728,0.2551169541928342,0.24532875109979693,0.09061735598393214,0.2480294616544035,0.2349330772346492,0.62547589462955,0.7257602114348576,0.7200822575237102,0.5154826399216985,0.25255072213332624,0.23542415484764537,0.24069839836984322,0.09455574538659109,0.4055624051489795,0.49460670735994955
2018-05-21,0.2505482160965258,0.24858848562854455,0.25845813633095704,0.24800619462054532,0.08060248362306216,0.24863050005184742,0.23645435019423774,0.6599000620137041,0.722727204129241,0.7190293230929173,0.5087817284982151,0.25324725750818783,0.2371435567274531,0.24190604118670875,0.09264285067987788,0.4096317477126959,0.515119020097713
2018-05-22,0.25073231062584556,0.2495785437070938,0.2603103337128292,0.24818957794448407,0.10209906338808294,0.24901130721113215,0.2377388820034643,0.6622796232014385,0.7194526151199073,0.7174023693466973,0.5028197988853383,0.251711134059135,0.2424183813009538,0.24372411384625195,0.0890444988216273,0.41446790351354307,0.4960037864445993
2018-05-23,0.2472713527768782,0.25005542718334395,0.25776822583189163,0.252481082537254,0.10054042364807383,0.24947869003253417,0.23928937276391585,0.7161309584915383,0.7200433144160732,0.7162423405482797,0.5076694156116023,0.2491631990276726,0.24921436211447887,0.24577428481007998,0.09074471951469562,0.41924846044249425,0.5272884027750007
2018-05-24,0.25375165694987634,0.2511553840428209,0.26031037996448025,0.2525176182283142,0.0896483064073558,0.24989006739794786,0.24067866566070825,0.7165758382024556,0.7194947982346197,0.7151828905743144,0.5087140561939225,0.25008072606283327,0.2501750079944557,0.24672042190359642,0.0898938755864723,0.4236404802287064,0.4948824742065867
2018-05-25,0.2539725092337273,0.2507519626112593,0.2618719825343264,0.25028018895472315,0.11972760526428533,0.24976722068029242,0.2420313120742074,0.6586464083006853,0.7158363232074922,0.7134587435833222,0.5018103219067661,0.24987946457697613,0.2524733723156527,0.24775303754032021,0.08582381305050374,0.4181754895429729,0.47772014528705686
2018-05-28,0.2539725092337273,0.2507519626112593,0.2618719825343264,0.25028018895472315,0.11972760526428533,0.24976722068029242,0.2420313120742074,0.6586464083006853,0.7158363232074922,0.7134587435833222,0.5018103219067661,0.24987946457697613,0.2524733723156527,0.24775303754032021,0.08582381305050374,0.4181754895429729,0.49460670735994955
2018-05-29,0.24848615312152092,0.2469016160223744,0.255080374331647,0.24444828206258365,0.17873354400811145,0.24927755843638247,0.2430410957555251,0.5259783794867521,0.7062679995014339,0.7097868127504686,0.4815800790313396,0.2493300197497184,0.2541949360122928,0.24832170286429786,0.08842239625437656,0.41060567402497844,0.4503870000686676
2018-05-30,0.24778675236781408,0.24708516784065856,0.25802234306772076,0.24793288828221235,0.18341354343688224,0.2491842130155917,0.24392892077269726,0.5810186398050863,0.7012889133372991,0.7056562567256689,0.4768166659551775,0.24911653878419315,0.2556899105951398,0.24895095393870256,0.0859154953240448,0.4183424317054459,0.5213522333487042
2018-05-31,0.24944362859908767,0.24884523058740124,0.2584218173398538,0.2482262898527038,0.19268989801518246,0.24919916277457324,0.24474120250316658,0.5855753160367192,0.6968415141805104,0.7012861951370081,0.4743290923226243,0.2477613278864499,0.25883274080810625,0.24980818881723185,0.08474143753530688,0.4264100900017655,0.49684228636137945
2018-06-01,0.2538252745349112,0.2522554245127905,0.25980194212343777,0.24870313348618697,0.13632997464150268,0.2495431719090466,0.24563536437330538,0.5933939531924155,0.6930407456239898,0.6968794646869335,0.473948238987454,0.24644035943908327,0.26168468766571074,0.2505392401504597,0.08699194160340465,0.4324673105559407,0.49823780335081114
2018-06-04,0.254193416090986,0.25614229290078994,0.26368789336407417,0.25684559977309107,0.11296261916759662,0.25071728340273525,0.2467793259165991,0.7088386494704277,0.6972859595374595,0.6943712526053101,0.49366679649459644,0.2470892796479539,0.2629633364971654,0.25150457471901544,0.09254385537924267,0.43769098467203144,0.5565488177042573
2018-06-05,0.2594956072382121,0.2563256388666918,0.26830038385605226,0.25864283858236525,0.09297367653329144,0.2518016604128115,0.24795235173801897,0.7302020927530664,0.7015817642882985,0.6933939770098023,0.5095675429097495,0.24865255931521685,0.26305947624238524,0.2523551324120116,0.0867658827060265,0.442201625088074,0.508050736924821
2018-06-06,0.2617784133531663,0.26618954939533435,0.2716053271846717,0.26861925558676314,0.13107466577990132,0.25388441065227363,0.24987019311719513,0.8276893890643464,0.7138664951953064,0.6955556331122814,0.5421693898164223,0.25344725352106934,0.26059171685116156,0.25359838537403645,0.09251623309912305,0.4480713813830816,0.5689603076065571
2018-06-07,0.2704681088598445,0.2671797073424592,0.2695715871643778,0.2596698615571914,0.13604027982071565,0.25461728718059584,0.25148782280452575,0.6399598356953029,0.7137632110258048,0.697260210644388,0.5374220403965018,0.2546759522149592,0.26054022892923423,0.2542041053757308,0.10259373129657329,0.44202449465064625,0.42923868365705925
2018-06-08,0.2597164824682072,0.2610925726301042,0.27022521426088975,0.2629708494966687,0.07385381836134736,0.2556829657639067,0.2524797412873623,0.6748442089023639,0.7159347821990918,0.6991441908550087,0.5392853681851605,0.2564453758335916,0.26020938326083964,0.2549495128845073,0.10077501946691686,0.44585310283186014,0.5191572896493515
2018-06-11,0.2650921619286113,0.2620825835736751,0.2723316203976536,0.25992649248041,0.12950174530929004,0.2566663802518805,0.2535017148759885,0.6180246004170489,0.7136589222391799,0.7001060687779281,0.5297081487651896,0.2573605622102521,0.2601368940834258,0.255383804949314,0.09720324763105731,0.44003945482249623,0.47211601292740524
2018-06-12,0.26192568410820494,0.2618626567762896,0.2713510858543988,0.2634109812219324,0.08369324174624773,0.2585995760127988,0.2545339583276943,0.6570814152781865,0.7143089629029373,0.7010313237724332,0.5293277725033525,0.25886864411101373,0.260043433040516,0.2561122951081858,0.09516221273881131,0.4442190490759016,0.5205085073642053
2018-06-13,0.2661232045907397,0.26420946422573743,0.27414761223606465,0.26172376065921077,0.0661136623749671,0.26000551805694283,0.25542884034067104,0.6246880655854097,0.7121866633807928,0.7012630152915247,0.5221242228816798,0.2598910072659655,0.2603210884961954,0.25677470696867566,0.09247729885221734,0.4406665431459617,0.48215317549914455
2018-06-14,0.26531321460782276,0.2639527617863886,0.27574563508390004,0.2639244780245822,0.09839831405774721,0.26160590577458553,0.25654170746964755,0.650817057340138,0.7117184200667178,0.7013361753103304,0.5204776691495564,0.26113532513865284,0.2606771731752957,0.25758989930131815,0.08901229219399309,0.4453706880127522,0.5109060037353066
2018-06-15,0.2658286605903123,0.26406272684041254,0.2730217227440088,0.2642912446724597,0.17144221098351392,0.26319507144202536,0.25756644345751867,0.6552621064858488,0.7107580444181987,0.701164593016102,0.5179357051347792,0.2620789503860474,0.26167028726109676,0.258565490655436,0.08840660733669745,0.45268041142583015,0.49731103867296045
2018-06-18,0.26314095422078465,0.26618975594502514,0.27345774406966616,0.26832603023343116,0.14428434158691558,0.26436547019765333,0.2586065195988573,0.7030167951213109,0.713009917182791,0.7015668859868,0.523896138597748,0.26352641823398265,0.26255974299208995,0.2597486655688531,0.09063833422574966,0.45902137543749544,0.5243349304328134
2018-06-19,0.2638404408293451,0.26226609800757095,0.2714601708921386,0.2643280153197325,0.10030581164532379,0.2649450585503659,0.2593705759996181,0.6172187817223229,0.7098977415831788,0.7011430291425915,0.5153155091419288,0.26418956851013536,0.263569484279104,0.26058839833377523,0.09538337472379554,0.45424918744868564,0.46538732856422227
2018-06-20,0.2673750736568572,0.26758293173727876,0.27846943818234837,0.26575831126396976,0.11324823377964016,0.2646533930342613,0.26010322286044407,0.6358317631036539,0.7079266601810332,0.7003316637299425,0.5112907337600918,0.2648917759532325,0.2646684257128613,0.26149228284999737,0.09341128220120104,0.45948304983973115,0.505144318649021
2018-06-21,0.26645458157255786,0.26549279381745006,0.273965961234205,0.2622005455536409,0.14380491705955678,0.26491138940561365,0.2605951379897684,0.5619068771177627,0.7019943414497973,0.6982611612463525,0.4982129742001574,0.2652367413534819,0.26532161093703444,0.26199233438853164,0.09328105046300186,0.4531591875753114,0.46847053753205325
2018-06-22,0.26766976813114896,0.26450287995638877,0.2739660657983235,0.26513491369287356,0.08958098296308839,0.26513200988244034,0.26116781718886606,0.603693787399282,0.6993746136649537,0.695977060742019,0.49599448375759203,0.2658463615574144,0.2660013787825666,0.2626414749839078,0.09152017359405226,0.45754880583956986,0.5163186827750992
2018-06-25,0.26512912860345617,0.2610559680898872,0.25678748006355423,0.2489964763176252,0.17229293450652935,0.26401772437197035,0.2610822302831164,0.3491312136129871,0.6807291840144539,0.6896822518354904,0.45433811340728303,0.26595273858024776,0.265757198641561,0.2625754299279067,0.11545716865895611,0.45020873592180527,0.37590111521966424
2018-06-26,0.25481946568365055,0.2569490684874005,0.26434176018871924,0.2549384308258439,0.12430355937009738,0.2631539708328646,0.2612778081496645,0.43415997503597,0.6713324344490683,0.682394901403216,0.4440292918130995,0.26499036645730706,0.2678493183479662,0.26311513207191184,0.11982646499211227,0.45583695732699253,0.5397812728984354
2018-06-27,0.2581333370644908,0.25647246855184014,0.2621626933918584,0.24932673664396918,0.11508636781857762,0.2618901278497071,0.2612942542728479,0.365524631519956,0.6579908197553256,0.6733683103868238,0.4259650391587192,0.2648199620674397,0.26817150611761387,0.26318684344285936,0.12260805884099826,0.4505375261092739,0.4524644294322487
2018-06-28,0.25073229869155067,0.2544921546354997,0.26085507498246796,0.25563522284385276,0.10069139137158259,0.26104506076079237,0.2615540904949236,0.4495849542789681,0.6533670309770878,0.6650391570611062,0.43320882749374345,0.2642223285163205,0.26956382745823126,0.26356802173788196,0.12409756972868871,0.4553234682692726,0.5425349218458183
2018-06-29,0.2591273939098606,0.2584158078654055,0.26739243798777945,0.25457157606938663,0.11461510370870576,0.26005416690211236,0.26187195124139684,0.4359647231086721,0.6484170883045096,0.6571898059531978,0.43819219124789127,0.26362196833299373,0.27079863164547846,0.26386994415248244,0.12104659580569047,0.45004084770522934,0.4866304448206796
2018-07-02,0.2542670833249201,0.25423550379486193,0.2626709946907264,0.2547549300237989,0.12064157202282469,0.2586706300345075,0.2621961175302785,0.4385077546464606,0.6444874370636163,0.6499687630189664,0.4447179805479808,0.2636919951233376,0.2705082333836495,0.2637623823846217,0.11918543132717199,0.4555384408708181,0.4959846848631642
2018-07-03,0.25813340704633936,0.2555558149625222,0.26365182749496696,0.2509039389601382,0.04040834729104741,0.2573020818497509,0.2622957709567907,0.38620749377020364,0.6374568415628611,0.6425073664822473,0.4422215989424797,0.26403120544946185,0.26935014425812054,0.263364227810019,0.11800386265909282,0.4529028796868066,0.4656759052614898
2018-07-04,0.25813340704633936,0.2555558149625222,0.26365182749496696,0.2509039389601382,0.04040834729104741,0.2573020818497509,0.2622957709567907,0.38620749377020364,0.6374568415628611,0.6425073664822473,0.4422215989424797,0.26403120544946185,0.26935014425812054,0.263364227810019,0.11800386265909282,0.4529028796868066,0.49460670735994955
2018-07-05,0.2548932185984283,0.25526242565892066,0.26514086322110775,0.25765267436339157,0.0630065834168076,0.2564757341466066,0.26262120683830525,0.4813469931136736,0.6384420992788897,0.6367743214170283,0.4601727541431198,0.26282696077085227,0.2694601926148814,0.2628000139430634,0.1162384815303209,0.4563445517399172,0.5457119507248405
2018-07-06,0.2602319772817886,0.2587457751206029,0.2675740020120946,0.26058674880735866,0.06526089874757993,0.2563112119442197,0.2628999606976238,0.5187346356381999,0.6419660799984835,0.6330322469378569,0.4808515469577689,0.2628840653009072,0.2694962835577045,0.26284718639274873,0.11399179480482596,0.4598666383917779,0.5165184667376649
2018-07-09,0.26523959516142026,0.26494287573039565,0.2758909206019937,0.2658317938194621,0.14933155980259952,0.2563822569834975,0.2633578351901089,0.580892312251895,0.6496987783843942,0.6318913765415852,0.5078684002834065,0.2632730014945765,0.26938986107415186,0.26299437761183775,0.1125131070282723,0.46638764377657227,0.53354318625339
2018-07-10,0.26755932011125294,0.26992987507343036,0.27788846269276646,0.2701231515645991,0.10039353613330859,0.25853606423881204,0.26404023466517956,0.62708850712153,0.6597081927156657,0.63337698075516,0.5351477205659693,0.26466865410068857,0.2690007410179115,0.26351898015977293,0.1118081291220738,0.47116296102126104,0.5261273534532002
2018-07-11,0.2714621835939538,0.2753567711036635,0.282464522087322,0.2754780386060959,0.18376852159756493,0.26063002155775916,0.2651073479785072,0.6794578261958393,0.6724272941486891,0.637613017829554,0.5637145068751503,0.26692829764649145,0.2679083683077542,0.2641398118456756,0.11248972893339665,0.4789123812720294,0.5336024630081928
2018-07-12,0.2802253758342499,0.2795370044888684,0.2899460703252593,0.2818966899001649,0.20758470003325372,0.2639504399770508,0.26627536310060185,0.7346120376509186,0.6881646552330353,0.6447725897312792,0.5940791799669853,0.2707173071752717,0.26607027571477027,0.2651776782675832,0.11063228187765325,0.4875113581072397,0.5408551131685116
2018-07-13,0.2830974875537732,0.2798304883502398,0.2858785006908997,0.2801362804772166,0.12699241693205024,0.2664482563668388,0.2673727476635722,0.7032983687771066,0.698089276895399,0.6528782310797859,0.6039053291905677,0.27334592729839663,0.26502585640328247,0.26601175076162786,0.11309871673568672,0.4817872213706927,0.48208106917846005
2018-07-16,0.28173498930319385,0.2780702341026624,0.28813011817375367,0.2766150504579481,0.06791507453521323,0.26869552880868786,0.2683326384754545,0.6417906720226201,0.7016247878503383,0.6602098684276562,0.5958663011511598,0.2749465776056114,0.2646450991457764,0.26664579176093417,0.10870738874641842,0.4781704565351452,0.4694662548724682
2018-07-17,0.27716925985537466,0.27939033612668684,0.2854425591844403,0.28094306137225156,0.0769466165889047,0.2713653377891381,0.26916135016881904,0.6837999770593519,0.7077899004301392,0.6675523669087962,0.5959791080033522,0.27697010488926493,0.2638553688023998,0.2672949187571545,0.11131131175765782,0.4821093891794407,0.5257215710487242
2018-07-18,0.2835393323345661,0.28401070625526537,0.29252472800618545,0.28556459133515266,0.10950668236186964,0.2748988973145505,0.27008718923366415,0.7250439293197957,0.7162320105485631,0.6754491331110863,0.6017358918804374,0.2800892493085549,0.26282418150212505,0.26838750818229096,0.10953807525415762,0.4872097851685788,0.5275509723712112
2018-07-19,0.28736869048019575,0.28335075409868693,0.2945586073293398,0.28274047639868516,0.12844701134910064,0.2774565307051261,0.27057281801092226,0.673952359760621,0.7190809488322059,0.6824491644530906,0.5924221458535126,0.2822298518942788,0.26236714549469686,0.2692612146606159,0.10339669855142772,0.481433761003155,0.47465522389000475
2018-07-20,0.283870845851119,0.28511092976426056,0.2945223896547652,0.2858948810310231,0.11246483370089214,0.2800366261609689,0.2714746964186229,0.703823180256296,0.7233615731040505,0.689074846285687,0.588534044241385,0.28488641337470083,0.2620725499171451,0.27048025205908477,0.10067026038685806,0.48663967841146744,0.5170140322966138
2018-07-23,0.28630078345318044,0.2832772606070656,0.29350526218848705,0.28237353353364825,0.12409342861980821,0.28172301167101466,0.2721419547137732,0.6397516375497316,0.7221870305265784,0.6940939660865328,0.5718478291705709,0.28659830486282073,0.26208776704319936,0.27136715274064027,0.09692412335387257,0.4810189526657112,0.46974538438118213
2018-07-24,0.2875158629814545,0.2851107069050228,0.2930331060026389,0.28237353353364825,0.13660130852294405,0.28297190489519053,0.27291390844531904,0.6397516375497316,0.7201953327962441,0.6976320422253017,0.5564652839676629,0.28753165383720897,0.2645919852380828,0.2730843513949772,0.09715042523730458,0.4870858520810934,0.49460670735994955
2018-07-25,0.2851227385056073,0.28987791596748025,0.2944497496408274,0.29194676567721467,0.13740306954103773,0.28465084696425313,0.2738952540596741,0.7340132091604825,0.7269475714265758,0.7020803697720517,0.565919416744304,0.29025832692919934,0.265610388152682,0.2749883737416662,0.10288805503439105,0.4931813514397415,0.5626587820939773
2018-07-26,0.2897988820250005,0.2899511497599785,0.2931059263387994,0.2914332101355117,0.1811592281061099,0.28562306934346005,0.27491696201356464,0.7240750336038053,0.7306098685870435,0.7065165346215486,0.5657930914744466,0.2917480443738579,0.2684450260082831,0.27715468754071004,0.11058466876534137,0.48552500835802415,0.4910228578931532
2018-07-27,0.2952114667036517,0.2912345664750987,0.2919437499905252,0.2848678286866704,0.10963520893728923,0.2861054378535668,0.2756372038332472,0.6041337819746435,0.7258915839365654,0.7089349443540738,0.5448361068223578,0.29233408379175224,0.27087880288598765,0.2786586604970782,0.12180118371713242,0.48042002764515634,0.44874514769411933
2018-07-30,0.28434943216421915,0.2812605829846523,0.27777953206148664,0.2693529063606245,0.2279102598888959,0.28536508195453847,0.2758112743763862,0.3951805893986659,0.7059095202193508,0.7060818801245712,0.4900850629583728,0.29147115103113,0.27331424814938143,0.2794191373815783,0.14114564415171785,0.47109600950012975,0.38485068535903294
2018-07-31,0.27330321489263976,0.2724599624143418,0.2789416499426548,0.2703064761494848,0.12327126655799711,0.2842807109327493,0.27587938191053285,0.40722949416981763,0.6903005594491957,0.7000594517894606,0.4571671363183001,0.2904097216440687,0.27603616295324085,0.28021924069527204,0.14082509990585507,0.4766874075686948,0.5015615489564079
2018-08-01,0.2755491531180103,0.27510002158506597,0.285406204736285,0.2758447465149202,0.1111204049199157,0.28328979910920793,0.2762754422910636,0.4752003679417917,0.6827789800728026,0.693439304995109,0.45095906058541246,0.28828398457772403,0.2808415465898544,0.28150240717978137,0.1381583638471327,0.4818453673113273,0.534923168563335
2018-08-02,0.27448160172737557,0.27675038522432294,0.2839174062000951,0.27830244723782904,0.2174567650881019,0.28283735407021304,0.27670683512146255,0.5037820583572443,0.6786669606017133,0.6871579292664919,0.4544776342544625,0.2868851816189007,0.284444771733641,0.28256480647888205,0.1368363926925694,0.4907964945930097,0.5123024092789278
2018-08-03,0.2812564338860426,0.2792070893043528,0.28733123487429635,0.28160340580777987,0.060725746729202675,0.2823998498077689,0.27737409947672076,0.5414039320914581,0.6780977132937964,0.6819964344775605,0.46610903960576466,0.28565725675210224,0.2879085929091564,0.2836460814063331,0.13396880277931036,0.4941568059932673,0.5182593139781391
2018-08-06,0.2825818944973716,0.2806737483816929,0.2913624993077988,0.28119986851262957,0.07144649520269458,0.28228019784133185,0.27792657326561854,0.5354236215281021,0.6766880815673125,0.6775294845675376,0.4733227823662409,0.2848718825826217,0.29032450640687824,0.28443674539483443,0.1269933628372367,0.4904140704152435,0.491733822941459
2018-08-07,0.283797107658037,0.2822506750551692,0.29434070630236364,0.2832906263705014,0.17123820054633995,0.2823736929693026,0.279105949070239,0.5606603376182351,0.6770752113906093,0.6740486826800891,0.4835651991986648,0.2846158926773746,0.29196116965940755,0.2851141918776494,0.11911936520209401,0.49771651648906806,0.5095030647736714
2018-08-08,0.2837970709820473,0.2833507175340625,0.29419542113954555,0.2847576929620115,0.07647535247903284,0.2816407864995444,0.2801314334814521,0.5785146127838212,0.6782557542087881,0.6715469045199248,0.49373362105231317,0.2848772728639853,0.29265544476979566,0.28559161593183,0.1129009681282036,0.5016386384796881,0.5050168773452683
2018-08-09,0.28655862241030416,0.28426746267161784,0.29444964216257064,0.2823002859343684,0.08238757494833435,0.2807097096416522,0.28126539382645555,0.5361885456818691,0.6762068040819197,0.6690545443591017,0.49383143910068983,0.2849012518964135,0.29267253406063376,0.2856123803318291,0.10822013519863835,0.4975056191975045,0.47721875118264445
2018-08-10,0.2834289712823861,0.2824340648819891,0.29208901946747157,0.281273351068122,0.09961013605456057,0.28034326239506024,0.2821470890443524,0.5184162867150095,0.6730498026191606,0.666304224531981,0.4911521958555689,0.2849393430706528,0.2927513046127599,0.2856708808783558,0.10478473162359947,0.4927582469355488,0.48730561873159434
2018-08-13,0.2858222100588943,0.28426744699668527,0.2941954271506043,0.28303387796917656,0.06480595547268198,0.281738000353863,0.28312590759365774,0.544022383540969,0.6717864466043901,0.6638012629074622,0.49372132925133855,0.28502750127689597,0.29332782310372774,0.2860011197575165,0.10171611535425326,0.49626410512087443,0.5071484168956022
2018-08-14,0.2849755553995649,0.28335092250968386,0.29437722538933464,0.2850513294887155,0.0866595535027572,0.2832411981703358,0.2841678007573881,0.5731264697997005,0.672272354283367,0.6619153192653074,0.5001298553790624,0.2853032707500783,0.2934688495345886,0.28621248388214826,0.09643708491756264,0.5005495118870242,0.5089295054615051
2018-08-15,0.2851595208973482,0.28225069534959424,0.2905999402816488,0.28197023119471054,0.07441280695920405,0.2838656747238598,0.2852361705331147,0.5134228505725502,0.669137466808147,0.6596554312636387,0.49624596177019514,0.2850115743667659,0.29339786901971987,0.2860275595385664,0.09645540611824072,0.49670096379625606,0.4728180776535091
2018-08-16,0.2885912355591772,0.2859639663783784,0.29710469632580383,0.2854230302170577,0.08753679838260525,0.28459159885074903,0.2861911930582104,0.5655813283592683,0.6695908585269961,0.6579561555499982,0.5020686421426335,0.28524604002789794,0.2934334186210381,0.2861655728384591,0.09563791386342482,0.5010176631211954,0.5191704896377285
2018-08-17,0.2875219708358788,0.28677206342739714,0.2976504843405233,0.28792108466948163,0.12360380357059067,0.285235669079974,0.28713122085599674,0.6011119897749713,0.671916788820707,0.6571540383010294,0.5113867878464756,0.28552239085457715,0.2933571170174427,0.2862698179233045,0.09098566440560654,0.5066209232527435,0.5122595115773582
2018-08-20,0.29032433868067253,0.28636792844595527,0.2981231294899088,0.28648832168501204,0.06163767338337029,0.2857748125409735,0.2878415988398375,0.570871627675682,0.6718394385953664,0.6564938110412205,0.5128604980604154,0.28588364112244485,0.2934099821128051,0.28648151749378103,0.08520579207422121,0.5032280821460232,0.4845306327815132
2018-08-21,0.2883330914168707,0.2858538117281202,0.2948496047607643,0.2831823115564902,0.10635880131627534,0.2857637701393865,0.28829070334598095,0.5036869505560615,0.6680482492021347,0.6550572432646803,0.504797202293211,0.2859287743704159,0.2934472616040962,0.2865231278887148,0.08446201600346664,0.4982399755015651,0.47129245836576317
2018-08-22,0.2840923818434574,0.2861108284212477,0.29503145852466417,0.28722297102277694,0.0520389823143352,0.2860150985529476,0.2886946115664144,0.5676571239437254,0.66857471323037,0.6540341321839425,0.50909148238466,0.2850652690470537,0.293852997142083,0.2862800958631092,0.08389296482145966,0.5012904177964129,0.5232848935669572
2018-08-23,0.28837002229513486,0.2894895324514263,0.29837785836367736,0.29074948755682917,0.05683526769229514,0.28687647174789366,0.28899905927377467,0.6180607049734008,0.6719751851209083,0.6540304116234138,0.5196791653531332,0.2849157504013959,0.29393722230250074,0.28624491937992025,0.08336456207679149,0.5045119503371082,0.519440745425128
2018-08-24,0.2932008028060865,0.2965773149573,0.3040156864158059,0.2984634524509935,0.08309549116532802,0.2886289559719942,0.28962933070956376,0.7104450471035693,0.6816834374994704,0.6563535759520678,0.543846860679294,0.2877465867503661,0.2924103198594341,0.2869443934732132,0.08652391750624713,0.508670221986501,0.5485621188515172
2018-08-27,0.3030465925056931,0.3010576270560291,0.3127087911188091,0.3028714072166361,0.11330739680642063,0.29065133828824685,0.29053228680647625,0.7542408373965188,0.6929901707511221,0.6609212513727928,0.5671589980701639,0.29063677417149153,0.292895522930391,0.288668869186959,0.08410433086809943,0.51390619480593,0.5249891940545552
2018-08-28,0.3054066426275276,0.3031508738142924,0.3132907208427401,0.3021367578788712,0.0670133484029043,0.29239315138456656,0.2912611380196376,0.7376562007062357,0.7003915801548497,0.666348802571648,0.5760899150746123,0.2926229837572775,0.29414450013510607,0.29030648860316777,0.0812492524395434,0.5103215958098827,0.48958481773188767
2018-08-29,0.3047797223968246,0.3073006699550428,0.3152912049164932,0.3088589138605736,0.07246450728419265,0.2951343796722442,0.2920622297606239,0.8002390530429928,0.7119407677709844,0.6734580806408142,0.59355681376498,0.29658640551538934,0.29346179650366466,0.2920050171275096,0.08346467364771779,0.5141006453107809,0.5406210725349949
2018-08-30,0.30979483260660146,0.3088063769269377,0.31871027742657776,0.3077936811316725,0.12574591316091732,0.2974150068737679,0.29292380945992347,0.775555674238342,0.7189929026069806,0.6808352262067331,0.5963389625852288,0.2996018407387449,0.29339762820492454,0.2935222961023899,0.08095946638808033,0.5084209731170721,0.48740575336866754
2018-08-31,0.3094998156082571,0.30854927733835635,0.3192194920970879,0.3083446534502329,0.08457660693921101,0.2994971343313618,0.29369585712314383,0.7808427186965903,0.7240217918455729,0.6879418870578157,0.5935296305856376,0.3023742334668343,0.29329980509225007,0.2948980924816126,0.07735567585472158,0.5126320782494448,0.4983386308476368
2018-09-03,0.3094998156082571,0.30854927733835635,0.3192194920970879,0.3083446534502329,0.08457660693921101,0.2994971343313618,0.29369585712314383,0.7808427186965903,0.7240217918455729,0.6879418870578157,0.5935296305856376,0.3023742334668343,0.29329980509225007,0.2948980924816126,0.07735567585472158,0.5126320782494448,0.49460670735994955
2018-09-04,0.31020044703989424,0.30935725065981823,0.31983786445076146,0.3116874342260275,0.12234913938197078,0.30206611552617135,0.2947039621545364,0.8124597258436004,0.7301382580230562,0.6950927484455232,0.5939887100645461,0.3054275783359924,0.2932999463912003,0.2964666312080262,0.07431348129712251,0.5181905827445844,0.5172253819520618
2018-09-05,0.31045865859803146,0.3092104335408935,0.30485228207651416,0.292843299845465,0.19834914754238828,0.30305102708594367,0.2950640174132073,0.4635298325590442,0.7153409983509913,0.6972679478248915,0.5423100541832316,0.3055096686587773,0.29420897587133776,0.2969581016792051,0.09630832549735663,0.5099210510573755,0.36788436161723725
2018-09-06,0.2967776336150034,0.2977523906703855,0.30481577681568306,0.29956539708811425,0.16215361577898327,0.30430930395615374,0.29532602214394066,0.5427380233819104,0.7093276451410506,0.6975672809506649,0.5228267680523743,0.3061318909282225,0.2951036478882719,0.29771993545725783,0.09781314444553493,0.5168994372142461,0.5414366413306573
2018-09-07,0.2993590673524874,0.2967976724925774,0.30557971804836115,0.2947901470231158,0.24451262926611328,0.3047212382322766,0.29544146720196884,0.4781553874378425,0.6990217866260691,0.6953374175657708,0.4965578060706447,0.30612219039327276,0.29641380973339015,0.2983625197484864,0.09671617293371004,0.5069831892007778,0.46176091345459574
2018-09-10,0.29987530681954344,0.2967976538221736,0.30725287959845704,0.2980226745961452,0.0759286045074066,0.3046763021251676,0.2958938623467742,0.5161420375780019,0.6933009353738604,0.6921827852600435,0.4869528902324343,0.3061414918902651,0.2981372008393458,0.2992242468815054,0.09259523724351693,0.5108858079221988,0.5170429769412401
2018-09-11,0.2974046668203718,0.30076388673231047,0.3073983745825827,0.30320210808587855,0.1684106158871088,0.3047100161820737,0.2970579363786112,0.5731900203551001,0.6931413590776044,0.6896208442197433,0.4931087520852979,0.3066776460513057,0.2996793049007155,0.3002618715406421,0.09503444219260543,0.5180873900739712,0.5303364584567429
2018-09-12,0.3062177680244773,0.30546436128150667,0.31401808141090937,0.3071691087795134,0.10859883591644551,0.3052230507109045,0.2983256422978843,0.6136428584504936,0.6961551133080903,0.6882934004071557,0.5059305951506948,0.3077202484126447,0.3008979886112594,0.30139979752942103,0.0940143984400223,0.5231554019034317,0.5217074086079215
2018-09-13,0.3110116631271964,0.31012842557099163,0.32136546739183114,0.3110629206129215,0.08491934447366328,0.3054477432230236,0.2995367952889936,0.6511757742775999,0.7015491805509744,0.688523888041793,0.52211171899168,0.308812896390602,0.30279068425273836,0.302896571999281,0.09166824788957373,0.52737873296575,0.521011418745437
2018-09-14,0.3138142491870708,0.31123009616945174,0.3223111933703856,0.31183428185890605,0.06706639111656953,0.30585967151085924,0.3006899550662634,0.6585806560594276,0.7056933164858689,0.6897012316912953,0.5319460377374762,0.3100122314814761,0.30429338709707165,0.30425539058790607,0.08656948917922902,0.5309652240700033,0.49979990294565435
2018-09-17,0.31351927202822694,0.3095040967735643,0.3167825257935234,0.3057365807512563,0.12378741296404724,0.3055937855711278,0.30151989494152265,0.5596957793558262,0.7020938248230106,0.6897806522774877,0.5205426932020453,0.31023344925670787,0.3059179058306579,0.30517197067164337,0.08822237536378624,0.5253554143331272,0.45361219808406045
2018-09-18,0.3075084792640541,0.3102018333225096,0.3172189546356734,0.3110629206129215,0.08264870830791704,0.30553011810167374,0.30254688528958207,0.6163138947982165,0.7036397351431554,0.6902145957870881,0.524224870192792,0.310757906620521,0.3079308289682918,0.3064362962812007,0.09018307069295847,0.5294977486095551,0.530822034515508
2018-09-19,0.31517852427584747,0.31288261403412176,0.32194733482838467,0.31029138314977744,0.11815060458493057,0.3073089028831335,0.30347544130286186,0.6038071518242818,0.7032363414823638,0.6904650956658491,0.5223195719117022,0.31011397690612424,0.31142186973818176,0.30783101664132784,0.08853630140842672,0.5240890117562504,0.4894123253908487
2018-09-20,0.3141091750784798,0.31534314042245737,0.32176548087800316,0.31697688596231355,0.11285449363589442,0.309083956961671,0.3045834593353941,0.6712033059561668,0.7086023936151155,0.691951225707629,0.5351531819688574,0.31084026268643866,0.31376415236473376,0.3093618101551101,0.09138711656353646,0.5293088288825368,0.539681035668694
2018-09-21,0.32133700532364495,0.31817106923310945,0.3295859090858161,0.31995248891685846,0.2853534786839695,0.3116491894886967,0.3058783185787268,0.6984717055661924,0.7147996830065557,0.6946250280521648,0.5474886879037507,0.3122806567997917,0.31530691863635674,0.3108642600060205,0.08630879857951126,0.5406819274411434,0.5144238619154831
2018-09-24,0.3184237487802887,0.3159308022494596,0.3220202347455482,0.3164994549382987,0.1033476072635876,0.31353284714379703,0.3070897442746976,0.6380853140230802,0.7152911748704166,0.696881833580977,0.5431576391091857,0.3134155723293019,0.3160047858985692,0.3117921848077897,0.09229962636572961,0.5358012343240655,0.4717340700506905
2018-09-25,0.3204518566908483,0.31706922602513465,0.3286764216335689,0.31822585444947227,0.052834623019313666,0.31506447734787035,0.30829999632974603,0.6558354513719842,0.7163715694145184,0.6989461453785417,0.5411583438837908,0.3148511982914351,0.3161110001042873,0.31258214768425496,0.08618251696037682,0.5388800582420015,0.5061143405289636
2018-09-26,0.321521353830974,0.3187586261729418,0.3284582604711114,0.31708725664318504,0.0859189956158157,0.31607560562898107,0.30940171184992393,0.6348576707177656,0.7150994227806086,0.7002927827820307,0.5337043713301665,0.3158881050420272,0.31658955501949393,0.3133513280285132,0.08366566953200091,0.5346210682173415,0.4870410208883445
2018-09-27,0.3211523216270791,0.3195663073889491,0.33034942083389496,0.3198420007578807,0.0862474524196658,0.31697060904481233,0.3107041219878657,0.6654628881111235,0.7158058308091566,0.7015393512342034,0.5326650264368016,0.31722487596042787,0.31634349050791943,0.31391639108720215,0.08126728665083247,0.5388917747581995,0.5129492759324275
2018-09-28,0.32082062733181194,0.31857491635635915,0.33031323896185616,0.3200992778106839,0.08966258713795797,0.3178132029711157,0.31189663812673774,0.6683621202676024,0.7156121183145004,0.7024901916141066,0.5295935096706613,0.31853227581420845,0.31626561243307527,0.3145494952557705,0.07569481936275718,0.5432843039581594,0.49631123288643636
2018-10-01,0.3248032571602003,0.3229451305201243,0.334168804244258,0.32267063860144074,0.16649699798641698,0.3195395842513348,0.31309167527055126,0.6977224254693157,0.7169782840366014,0.7035782033474656,0.5310182107777975,0.32016750607509376,0.3160573248286884,0.31528654532775513,0.074474635403743,0.5504176246677349,0.5116346729773716
2018-10-02,0.32461889278054257,0.320301019765758,0.3289311167389313,0.31855655531871485,0.13070132667987294,0.32030353999019745,0.3141945018105352,0.6110658260817692,0.7130134540731367,0.703498621706668,0.5188912503670604,0.32086427164957826,0.3160481903888721,0.3156399511244524,0.07455817139605458,0.544561185903561,0.46748905945236463
2018-10-03,0.3241393740299694,0.31982347352649754,0.3290037098754821,0.3174543757253815,0.1199622172670354,0.3210337876604412,0.3153731180816156,0.5887453154993978,0.7078623779323909,0.7022007354663504,0.506237588592668,0.32027545479845704,0.31922193400950294,0.31690615341752004,0.07372328488315305,0.539087826277686,0.48728741570496487
2018-10-04,0.3184975705464934,0.3145721407251958,0.31776471444318566,0.3078672224262181,0.15439509885325733,0.32010508216427813,0.31608307387793,0.42214933233872926,0.6935433329308687,0.697731519121462,0.47329924252223776,0.3197813930453139,0.3205995553088714,0.3173332696610782,0.08359327262332625,0.5323861973326223,0.43081299436336384
2018-10-05,0.309130831441058,0.3077044353838527,0.3115809542178407,0.3027242658884918,0.11107960283248092,0.31834871154178823,0.3164948864992745,0.3511130813607581,0.6765504718902954,0.6900845803873529,0.4402945043459594,0.3186389188100521,0.32261279547204813,0.317741467967801,0.09117711564029835,0.5272296930578404,0.4597764601539141
2018-10-08,0.3031203227362079,0.29889088457943425,0.2962318159153017,0.28997806757179145,0.2039369934165832,0.31564492801393884,0.316203074117163,0.21463361588543023,0.6502213430508339,0.6776584521371151,0.39065646824510547,0.320295429303827,0.3200538176939711,0.3173275852139237,0.1114195227840791,0.5187608350484809,0.40745269114689175
2018-10-09,0.29002946961945175,0.29257433331680016,0.2996508720565225,0.2915208488028137,0.18681439742457226,0.3129224251003191,0.31581272841850727,0.24041922664160348,0.630850410907881,0.6630761873853588,0.36826221475514304,0.3217872478929486,0.31728746168959787,0.31672660225152494,0.11190577091526574,0.5266189059743025,0.5054136788209802
2018-10-10,0.2941227132511509,0.2903709576953406,0.2781545372500176,0.26657901331460143,0.2817220929022729,0.30777324664878436,0.3145898975992185,0.06680033840539301,0.5912530650049357,0.6419226740515694,0.30001133806530833,0.32857438642043374,0.30600854576685566,0.31463830378768387,0.14465941705427807,0.5153753440544065,0.32040819101681023
2018-10-11,0.26285193209082247,0.27035624728552243,0.2674243676918767,0.26000361685719775,0.2859471490561457,0.3016728856651012,0.3129097639576356,0.03557258177979267,0.5542202158702076,0.6161266267705159,0.2517926459845592,0.33376716911244836,0.29529689187649333,0.3120113805351864,0.1598654374236943,0.5039810684385726,0.4463819599982395
2018-10-12,0.27904039026423977,0.2840910174146257,0.28622918119204965,0.28325579411198265,0.23160080869737298,0.2979167924051034,0.31206590603426054,0.3127887552082545,0.5487863649381672,0.5941878139107546,0.2918549914528474,0.33380843980358293,0.29227924061294963,0.31054106095654954,0.18779427867541984,0.5134367336506932,0.6674236489250736
2018-10-15,0.28427649920434106,0.2807121734870264,0.2854651493988444,0.27286003900713673,0.12877342804857897,0.2928387368405798,0.3108455901598054,0.2484116229837599,0.5352678902742929,0.573397676510938,0.3037854649685925,0.33495069451583775,0.28766995091600733,0.30884961305936487,0.18690134847876336,0.5076490657424639,0.42083438828483577
2018-10-16,0.27988853880571885,0.28835098579248,0.290775764906707,0.2894269777751247,0.19214927035667145,0.2898690553964247,0.3100800530726485,0.39178521123063753,0.5419356106076368,0.5583631822640954,0.363565229225023,0.3342472393178865,0.2861489470267301,0.307736476820723,0.19866454498908667,0.515697439089762,0.6145966729150603
2018-10-17,0.29327449346501067,0.2909952227702711,0.2982323264313098,0.29203510921315445,0.15361373887888105,0.28727763010120955,0.3100522593971733,0.41196296223666046,0.5506927194858413,0.5484338293984982,0.4165886950924107,0.33347152150480613,0.28505483808840437,0.30679721938906046,0.19267571594770447,0.5223711958254853,0.5128956487383214
2018-10-18,0.2937169299317889,0.2895261728456988,0.2881205472808598,0.28042727374652887,0.17507563686958225,0.28448020173820976,0.3093940993442166,0.3348338161051378,0.5470855257176577,0.5396260473136584,0.42823765161883026,0.33211997908799934,0.2826550135582955,0.30491679762187873,0.20159285708350497,0.5149318630003042,0.4136150558868411
2018-10-19,0.28427667960214975,0.2885345925783732,0.29332189082197513,0.2833292179284219,0.14394976446995028,0.2825029291893948,0.30899995799789626,0.3590527954566894,0.5480211129656682,0.5328039925432094,0.44886198630686597,0.3298742705033673,0.28117682685562373,0.3030325862232607,0.20007897442067238,0.521260892175594,0.5153138742607002
2018-10-22,0.28822245687953985,0.28614754297166833,0.29379474695247354,0.2853863183088381,0.09096009351838441,0.2820348128028114,0.3085653937109599,0.3766589905796541,0.5516790423711239,0.5282228050052725,0.4721362775249221,0.32780235602872737,0.28009157079686997,0.30143186282794987,0.19338074913759487,0.5256997052532055,0.5092026082349461
2018-10-23,0.273177297059505,0.2806390859760429,0.2795367064007801,0.27980299508963546,0.1855515728184654,0.2808402093903425,0.30776069822572993,0.33705946954861915,0.5499567672931218,0.5241451901479218,0.477366528138333,0.3252726487555437,0.2787212226775747,0.2994550653541206,0.20553221400064084,0.5178866810573625,0.4551486741063458
2018-10-24,0.28353905690105885,0.28115290472473575,0.27375312212392167,0.26195031718721584,0.24907022243257965,0.28036832637111364,0.30620562400356965,0.22955354450796345,0.5320409182117035,0.5165903805329195,0.4412513838596801,0.3237006740078377,0.27461572255163536,0.29661835396805536,0.22368997192142706,0.5078078572849731,0.36706118715204045
2018-10-25,0.2678672654348403,0.28379744516447236,0.26829756101649993,0.2849457754102024,0.2722519284086574,0.2829111118035901,0.305307455392003,0.4114377157173447,0.5415864893186406,0.512833694456263,0.4806997867061605,0.31993991962033913,0.27489188941465115,0.29482299643187004,0.2540556384401875,0.5187136051167263,0.6648410206121336
2018-10-26,0.2771966547134185,0.2800146976531097,0.28124615643273565,0.27473375606361417,0.21204844839862008,0.2820423131325227,0.3040315683268856,0.3520093699842462,0.5400657502298848,0.5094639696941361,0.4847188781515674,0.3156528365793387,0.2746253107190968,0.2924890095739765,0.25828461120644186,0.5099554000986516,0.4223755132786089
2018-10-29,0.2832073726178558,0.2860373935895343,0.2674607933737714,0.2622076529790722,0.22700853375658697,0.28095633126147834,0.30253460852072533,0.2868997452375273,0.5276292621512555,0.5037883516071344,0.46076920724636933,0.31060880167900223,0.27357392285306903,0.28937828124115983,0.29128913072084217,0.500663547793125,0.4042194201930497
2018-10-30,0.2591274349074245,0.2616158374634021,0.25844018244204736,0.2564404177844525,0.27473473542906457,0.2775934409152583,0.30065614067345736,0.25908972252422185,0.5133916286832603,0.49583645635317464,0.4371271382705088,0.3060372177197636,0.2718594397438536,0.2861825007654851,0.29656906740219424,0.489669234742658,0.4519343979595506
2018-10-31,0.2661708420007597,0.27726039148254134,0.27735427838909676,0.27513782201024284,0.23592582996546102,0.2758708083028232,0.29944720972196015,0.390657109232639,0.521828544521436,0.49149646299455935,0.4746413896030435,0.2995395977800646,0.27420763706599793,0.28400537865955755,0.30931945485936296,0.49927917954695067,0.6345866052774727
2018-11-01,0.28095792877365566,0.28368703493249703,0.28644745024575724,0.28608425573838336,0.2934302518916868,0.2764475222776822,0.2983848121827002,0.45641437905854493,0.5403547641584262,0.4924634335572569,0.5297610423858127,0.2954881951136577,0.2761508441528632,0.2828846782682163,0.30303068996060334,0.5109403879665994,0.5735322053559355
2018-11-02,0.2887387333896074,0.2858170584208344,0.2877568994583275,0.28222727329130115,0.31462897641843357,0.2763351820099098,0.2970874420346059,0.43354013604639735,0.5520986379679826,0.49605089480192,0.556978211873314,0.2919596560849887,0.27768449827295927,0.2818301392812096,0.2985294491898234,0.4985229912251299,0.467385712038078
2018-11-05,0.2839080800782925,0.281263371520592,0.2885571662896744,0.28230081458584677,0.09464248190937449,0.27602062327185994,0.29591135080853925,0.43401109280976796,0.5622384503664093,0.501350408289507,0.5747600786007189,0.2909733163780966,0.27791046737833636,0.2814351563319597,0.2854682119538775,0.5030931602762653,0.4951296303588219
2018-11-06,0.2839079982457825,0.28383396184472676,0.2945585988427203,0.2859372906273985,0.06307594696544674,0.276645998068463,0.29480094711347804,0.45829199479721455,0.5744900842315956,0.5085255654589186,0.5942410530371883,0.2900869782584981,0.2782504394889239,0.2811478907853544,0.2675608350785884,0.506537306624722,0.520460544263288
2018-11-07,0.29327444353519516,0.29848685420020593,0.30401561713911307,0.30059391790879575,0.3847881657625604,0.2805856083778294,0.2942337412019522,0.5481959493805773,0.5990330309685988,0.5201462912209402,0.6404140063264655,0.29353083740225255,0.2782118837756735,0.2828979057138278,0.26869573457782003,0.5214573803354358,0.5980765478606841
2018-11-08,0.30160844487581984,0.3005434966041697,0.30885321664412513,0.30224695234258325,0.08744907389462045,0.28234941645301526,0.29362864749500417,0.5576740186281006,0.6202102949462255,0.5345170391847207,0.6689765274126009,0.2960648032253747,0.2799754825519848,0.2850712608535787,0.25575808085504814,0.5257709504044963,0.5059548511032113
2018-11-09,0.3001332913078836,0.29727496818330335,0.3041610437904899,0.2974715260604254,0.13666455175846798,0.2846674704495057,0.2928504791226705,0.5203555227408434,0.6322230365548505,0.5488919442798281,0.6690197045735363,0.29786972037398635,0.2795793633713747,0.28580263856654753,0.2501928461809262,0.5197017950139455,0.4619248087938173
2018-11-12,0.29725708203529766,0.29385969609278784,0.2925581580111899,0.2820069431029302,0.19777179800518596,0.2866859543907945,0.2914520546530903,0.41186552577725427,0.6264660003762405,0.5590124566875747,0.6248323591900258,0.2979737445876101,0.28042336013011404,0.28627323282244577,0.25652219546865673,0.5114528581968237,0.3878147762230638
2018-11-13,0.2859362585626761,0.28746969076843787,0.2919761776179993,0.2820069431029302,0.09478528921539628,0.2892923923220069,0.2901951135057199,0.41186552577725427,0.6219748678319137,0.5660327711293073,0.5926328119577025,0.2973689055984839,0.28027961040594396,0.2858914833628766,0.25102392580322375,0.5160281213854365,0.49460670735994955
2018-11-14,0.2920943264904966,0.2900402450869406,0.2897936669371526,0.2811619230842938,0.10145439040661322,0.2899065330918328,0.2889470160760056,0.40592807503656275,0.6177003940124688,0.5706248395996582,0.5674123512954033,0.2963506548567724,0.2802060772261278,0.28533207453099574,0.25382664541810906,0.5112149619766301,0.48859552545163965
2018-11-15,0.2813241031771708,0.28844204966319786,0.28894855818362586,0.29072975123497025,0.14125886680362568,0.29038012876119934,0.2883576584495833,0.4785357376208868,0.6238268818985168,0.5757664283290646,0.5731198266665073,0.29722617979612426,0.28036853949397733,0.28586212127433164,0.2551952111508363,0.5174480030471674,0.5627811935047161
2018-11-16,0.28712413457110897,0.28818466952275335,0.29619996073132204,0.2846212421415407,0.14254413255782167,0.2906241873941061,0.2877350954712121,0.431998431706397,0.6227028969056644,0.5796103874712051,0.5596422727672815,0.297314443500663,0.28041129509243856,0.2859285939482339,0.24391192303486428,0.5111691147393337,0.4518790584031327
2018-11-19,0.2873087716669067,0.2835122970220961,0.27553939874859,0.26467598547060156,0.29810209090297063,0.28882738385647755,0.2868649568793341,0.30415764285107477,0.6023804895975646,0.5778162149197814,0.5010830163071567,0.29738811056320597,0.278178977180778,0.28486307893142127,0.260249065048929,0.4993412552507822,0.3534420647171857
2018-11-20,0.24977562710264353,0.261290999498179,0.2583768518379542,0.25956078313548925,0.22602928365815195,0.28613837043899404,0.28576585023566436,0.27617955248202325,0.5817501726166665,0.5714377604760181,0.4534693468135096,0.2980968445042657,0.2753353626834235,0.2838216480196578,0.268715805027535,0.4900843341736719,0.45694723426807843
2018-11-21,0.26473713867760373,0.2658897611550246,0.2732801476266108,0.2634247261603698,0.11782418788545224,0.2823490721265016,0.2856573743018742,0.3091444604108477,0.5698942345775679,0.5634942610348924,0.4372143395959954,0.29797449111069146,0.27561599677447757,0.2838975041111117,0.2594529640445882,0.4954814272841712,0.5233505670899022
2018-11-22,0.26473713867760373,0.2658897611550246,0.2732801476266108,0.2634247261603698,0.11782418788545224,0.2823490721265016,0.2856573743018742,0.3091444604108477,0.5698942345775679,0.5634942610348924,0.4372143395959954,0.29797449111069146,0.27561599677447757,0.2838975041111117,0.2594529640445882,0.4954814272841712,0.49460670735994955
2018-11-23,0.2581984922190722,0.26026099247626366,0.2691262822712037,0.2577209291431536,0.041518164069273784,0.27780976479602293,0.2855788726724332,0.2758266840031856,0.5556918307444576,0.5537365018760322,0.41837091665549,0.2982327932876893,0.272513686816088,0.2824968273207126,0.2479263013925855,0.49280627737462124,0.4525076210406424
2018-11-26,0.2656237539298917,0.26861222816769315,0.27553928924220217,0.26901821123576763,0.15308331174222875,0.27490902650234017,0.28508924220383725,0.3709442897679755,0.5564378724268976,0.5461090494794146,0.4404968950485303,0.2982185709730503,0.27193353219081373,0.28220277126227533,0.2477050534860081,0.4994611130282857,0.5789633847179969
2018-11-27,0.2681358600425303,0.2678396953244916,0.2750656537029387,0.2689078992939493,0.12724130966540248,0.27357361450477535,0.2849533281209099,0.37020767388049086,0.5577319135458032,0.5403171456134078,0.45956142971907177,0.2979221442119006,0.27293904215411524,0.28254748870938773,0.23860223070806966,0.4937280979378495,0.4938016111908684
2018-11-28,0.27474848979867617,0.2870808315245369,0.2850861608284584,0.2890370679403056,0.19634372494496818,0.27429031666938475,0.2849399191218688,0.5161069670567526,0.5792323099012844,0.5408352138406052,0.5250986136915511,0.2978888559709743,0.2763666511636762,0.28422453661152125,0.2511135190694519,0.5019260933801974,0.641549012251849
2018-11-29,0.2881214468111807,0.2839904766475676,0.2917908306475645,0.2806468403272089,0.14506366145692015,0.2742378053789746,0.28454827656009407,0.4557953103870647,0.5884303661021903,0.5434535639088482,0.5469127446223215,0.29805633926812863,0.27676602445244913,0.28450796719617066,0.24469243381712438,0.49555732993258417,0.4357280100421215
2018-11-30,0.28191517037204616,0.28972970502935147,0.29149931782637606,0.29025143912515816,0.19833690691615785,0.27418904275634814,0.2848861296029682,0.5175716112357156,0.6054817738073324,0.5496338376648466,0.5839079079245104,0.29851287427468215,0.2767253141818251,0.2847223624215445,0.24458034931419695,0.5038264249794379,0.563112063692997
2018-12-03,0.3040434384835955,0.3024590865480643,0.3105201071119922,0.3023583803264115,0.19676194634117483,0.27599729589909305,0.28554054248912464,0.5868780595121004,0.6309387616449557,0.5606776650400876,0.6344221738509161,0.30121214441003114,0.2760154321560958,0.28575807715478974,0.24679212858877278,0.5120393389672553,0.5793697163378406
2018-12-04,0.2971352783281589,0.29741884227538096,0.2910255913109653,0.27895403955443787,0.251912087822413,0.2774529047972296,0.28531933642570506,0.43094133392948547,0.6279654820263461,0.5688003158190191,0.6040819940243494,0.3010697257737626,0.2758150789318101,0.28558589068720774,0.26402050277262223,0.5018591418590661,0.3344663315781413
2018-12-05,0.2971352783281589,0.29741884227538096,0.2910255913109653,0.27895403955443787,0.251912087822413,0.2774529047972296,0.28531933642570506,0.43094133392948547,0.6279654820263461,0.5688003158190191,0.6040819940243494,0.3010697257737626,0.2758150789318101,0.28558589068720774,0.26402050277262223,0.5018591418590661,0.49460670735994955
2018-12-06,0.26724928871681164,0.285498957740017,0.2727336625597112,0.2878227554945061,0.300935795875317,0.2803341362453756,0.28559513598235753,0.48216909096332855,0.6343107960279603,0.5768188021132407,0.6030001117438896,0.3012370460548279,0.27583744293000134,0.2856828949770601,0.2869046913619092,0.5137880835898474,0.558073223262928
2018-12-07,0.2886018403011701,0.28925160443764875,0.28187974793160553,0.2733239013098736,0.25229562744430006,0.2813433303097225,0.2859862735351296,0.3991897685148947,0.6250340410733265,0.581010839088054,0.5632575091930004,0.29864845402442125,0.27568920235798455,0.28427989424202416,0.29907392476229566,0.5035942050838619,0.39262249003886757
2018-12-10,0.2717191219615147,0.2750504445784363,0.2777619949990532,0.2761572382776858,0.28772407996393096,0.28322286203494573,0.2856840357471653,0.41651803760739575,0.6205722727231913,0.5832954089759628,0.5434460077236755,0.2953525057528135,0.2763989743292611,0.2829376182710087,0.29373680859846707,0.5150518663245929,0.515108953214228
2018-12-11,0.28535073656613075,0.2815990860311125,0.2816244679636196,0.272219724588733,0.22084945865830496,0.28354924764020517,0.28559757820589493,0.3937644743103699,0.613312705202588,0.5833836399748703,0.5206342006810734,0.2926871097063736,0.27654063371329585,0.2816384516241074,0.29316873801639387,0.5059797168911264,0.46627365813252736
2018-12-12,0.28298648463504583,0.2846526913739942,0.2882927016974861,0.275862896882344,0.17843364866546574,0.2842582907854925,0.2860671820374777,0.4182184799675787,0.6113568515861169,0.5829855934824044,0.5155835828743568,0.2923057183098255,0.27629747407923444,0.2813223498229843,0.29227565774195396,0.5135388347204184,0.5210268026562977
2018-12-13,0.2792924242008056,0.27821457869139166,0.2824626909143837,0.27490621392366676,0.1456634521422116,0.2828176885350657,0.2867022207582527,0.4120366623481529,0.6090805176295877,0.582121736471141,0.510745540928082,0.29187392369476434,0.2760071164746374,0.2809570281437084,0.28480368350360297,0.5071486758954001,0.4877187366788096
2018-12-14,0.26965063262275335,0.2693482379055254,0.2766326633047601,0.2658904741335604,0.15729816737424288,0.28131331701430273,0.2863842044690066,0.3547064352353351,0.5986982558433867,0.578943014410435,0.4867026871125842,0.29153361342833134,0.27477118231462005,0.28017133540218697,0.27792613821844925,0.5003434904127605,0.4295720681666471
2018-12-17,0.26418313199692933,0.2609231909556843,0.2625673921573558,0.25231144415175255,0.20717871926327752,0.2774454374030979,0.2852227574940016,0.27868917159728984,0.5776211677926554,0.5713498720087258,0.44085324851811564,0.2908559985149776,0.27147643232411756,0.27819477213604216,0.28013294785425447,0.49175899548266444,0.3948785326986487
2018-12-18,0.25709023313628165,0.25996667661503225,0.26661204482934786,0.25694818752942006,0.2268800071811674,0.2728159913796212,0.2843534097462219,0.31585819828201395,0.566217954663931,0.5625430971186389,0.4282481126330545,0.2901263512154412,0.2693542418114101,0.27677103571033623,0.27224849644710536,0.5010462630644613,0.5296165470072728
2018-12-19,0.259454556737033,0.2662210052259698,0.25830416826822,0.2517963026556146,0.24844595049482732,0.27004733374244816,0.2833043595949045,0.2869738885078324,0.5529518479160433,0.5523190585782097,0.4135280049656961,0.29093606245846676,0.26717205363829355,0.27610839568623113,0.2867443263933057,0.4909897079501875,0.4560767484070186
2018-12-20,0.2492216253161487,0.2520200147282352,0.24966824373754518,0.2425964453034052,0.3356134899861477,0.2654366340520343,0.2818138679440515,0.23822419320151816,0.5344189635912397,0.539699265607209,0.3886450107859998,0.292652142842642,0.2636227027486133,0.2752356063954189,0.29112440885156865,0.4778237640931133,0.42506888644810287
2018-12-21,0.23821293936689333,0.24583935163507356,0.23436418946515522,0.22603684891706113,0.48570192851066263,0.2606158472819693,0.27924985037555383,0.16306323264769929,0.5047739551763194,0.5225003543611867,0.3410849721061084,0.2968417168815575,0.2553767517499894,0.273312057171915,0.31054905694889,0.459303954520705,0.36700948824755253
2018-12-24,0.2193724918545182,0.22700280755608268,0.22944497451497783,0.21672659151445364,0.14233400180753247,0.2545570539938482,0.27630880520582113,0.12667280214290205,0.47384967598754413,0.501331629484727,0.29985334661054813,0.3015167267406343,0.2462508888358317,0.27120296106569386,0.3056111115777651,0.4530325618723022,0.4202701032234959
2018-12-25,0.2193724918545182,0.22700280755608268,0.22944497451497783,0.21672659151445364,0.14233400180753247,0.2545570539938482,0.27630880520582113,0.12667280214290205,0.47384967598754413,0.501331629484727,0.29985334661054813,0.3015167267406343,0.2462508888358317,0.27120296106569386,0.3056111115777651,0.4530325618723022,0.49460670735994955
2018-12-26,0.22284493096258054,0.245508104344995,0.23454625072381127,0.24800581281669984,0.24192781702711913,0.2520885113460115,0.27460767935001196,0.3594784520154923,0.4819671210191192,0.48634162579115364,0.3640273209001641,0.30131945640988717,0.24426871333191671,0.27012190523575397,0.3308872565765921,0.46285660599742995,0.7495424569389584
2018-12-27,0.24120519422430656,0.252020007869562,0.24737260988571666,0.25455618643746103,0.18854848614055095,0.24991634999044535,0.27366364784085195,0.3988058933626953,0.4963984905159043,0.4778074436413724,0.43107933919112607,0.3009003501404342,0.24321040779348593,0.26938353151259775,0.3359536402581419,0.47077653430690547,0.5445098123778798
2018-12-28,0.26000857443228187,0.2579431116952027,0.2588141617986658,0.25061861400945507,0.11711015135534336,0.247440295036323,0.27258420321769516,0.3779821735428022,0.5053562673696806,0.4731264213996573,0.47109936559382226,0.29807421096781866,0.24214859929296698,0.2674069606913665,0.3313339887314024,0.4654049118837931,0.46501335535625604
2018-12-31,0.2548368370393679,0.25360208953410857,0.260891276783075,0.2542987037979718,0.1292426520540791,0.24625854548231754,0.27166037711873514,0.40163135952769174,0.5173726839721893,0.4722607908753721,0.5107271207120375,0.2962185624429336,0.24133457133481903,0.2660513892789601,0.3163795831535803,0.4712093176723052,0.5224909314436841
2019-01-01,0.2548368370393679,0.25360208953410857,0.260891276783075,0.2542987037979718,0.1292426520540791,0.24625854548231754,0.27166037711873514,0.40163135952769174,0.5173726839721893,0.4722607908753721,0.5107271207120375,0.2962185624429336,0.24133457133481903,0.2660513892789601,0.3163795831535803,0.4712093176723052,0.49460670735994955
2019-01-02,0.24863050490486585,0.2583846864545377,0.25859559578728264,0.2579048998576239,0.14580829955260513,0.2468287831245756,0.27053153049489365,0.4251745560184525,0.5315762724208949,0.4749715299011091,0.5478723228922202,0.2926254083443283,0.2417019505267413,0.2643872092003161,0.31425508344590836,0.47760464340819336,0.5217239289730203
2019-01-03,0.2531005412822336,0.24933436135970358,0.25232822020361123,0.24027813235362463,0.15887108784485415,0.2451293162011531,0.269006570969585,0.32642437874963487,0.5265683290492774,0.47594019544694655,0.5297786469679292,0.2855626368272341,0.2425802892180887,0.26119327518780533,0.3177670537723477,0.47074334963991,0.3630373378920707
2019-01-04,0.25025585918015225,0.2615116983378514,0.26052671948951844,0.26059112486681835,0.19227779693209104,0.24602592447795255,0.2688660926152907,0.45157432246995016,0.5436661711846703,0.4808118474826026,0.570316186571445,0.28333612419606785,0.2429828879791581,0.260248531252257,0.3296816866102352,0.4787963077109377,0.6518946664532984
2019-01-07,0.2650696183355481,0.2710035821929786,0.27477408865106046,0.2694598114373601,0.23026862054262698,0.24876457181384934,0.2692065201940609,0.49894261659400224,0.5666973702149318,0.49022754761224324,0.6175119762701012,0.27994143164467805,0.2445995706344837,0.25930378580569147,0.32282877002566635,0.4882044518977336,0.5604426256734991
2019-01-08,0.2780731780645993,0.2747561559697532,0.281770260278142,0.2721829539414602,0.15509077444402056,0.2534690420934448,0.26950771564344345,0.5133322532496598,0.5881051499677523,0.5028895076829033,0.6512285651605983,0.27976322411992266,0.24466601917580014,0.2592450858048788,0.3086036920874392,0.4949308965696515,0.5144636504046296
2019-01-09,0.27929218955208046,0.2795019590396307,0.28781888790300614,0.2781075510594727,0.17028139159599406,0.25972666448129134,0.27020881156181376,0.5448726882168633,0.6111276911449607,0.5185353797801557,0.6822203331994916,0.2801211081821085,0.24449708070800422,0.2593454264209716,0.29813692452445395,0.5021992119223775,0.537574714658758
2019-01-10,0.2737879778643676,0.277074022128994,0.2832278448951412,0.27906446897436255,0.22184094938297044,0.26289301025935086,0.27055430236084543,0.5500699798373694,0.6302952057530705,0.5356446998565674,0.6974201245817069,0.28128905751798755,0.2439957085771837,0.2596975780732941,0.2870772820621522,0.5113067292246155,0.5014660069202563
2019-01-11,0.2772603954714947,0.2762645031695884,0.28705373943246093,0.27681957984102135,0.08607608365243966,0.2651627028484569,0.2708263850512378,0.5332804125839976,0.6430929881299858,0.5523985619279931,0.6937282355649015,0.28145359594106295,0.24392428606798808,0.25974679795144673,0.26949473581971306,0.5070421356487304,0.47854525486350424
2019-01-14,0.274452896325847,0.2745354379152062,0.2842844646946814,0.2732869544454414,0.14333365294968492,0.26747367868948313,0.27028473865535896,0.5062624702036607,0.6494951459640446,0.5673356372932072,0.6748585665956881,0.2811970355591447,0.24402237866207852,0.2596634895225749,0.2545086849442273,0.500735084037986,0.4692202400734861
2019-01-15,0.27434224777629346,0.2730272082187174,0.2791833015456511,0.2741702723267325,0.12146781429337924,0.26949953121816506,0.2700620094847871,0.5122310832034447,0.6551317848499492,0.5806358615228296,0.6578577601857243,0.28228893866815913,0.2437494171685193,0.26008947250314374,0.24662625688882525,0.506262150427551,0.5009989320790417
2019-01-16,0.27966184202387556,0.27725803506950264,0.28581509027648433,0.2741702723267325,0.11459470266498836,0.27115774183695973,0.26950897816595043,0.5122310832034447,0.6592406451969226,0.5922605422593678,0.6404550838286582,0.28415195070580906,0.24408849637740773,0.26121407585222023,0.23522367098936878,0.5115440432576689,0.49460670735994955
2019-01-17,0.27437892038206346,0.273725977351275,0.2840657691215973,0.27394923726972364,0.08617400866228317,0.2745904196821467,0.26853198774923503,0.510194304745702,0.6618895579528729,0.6021949782159284,0.6228997156800076,0.28571055567515474,0.2442382949915937,0.26208875391468134,0.22171045988876384,0.5072759565589421,0.4930099590454246
2019-01-18,0.2793292791852092,0.2762646470838941,0.2842481202416929,0.2784388980582999,0.17591003955762377,0.27640995176382277,0.2685142720334187,0.5458674100267544,0.667970939422841,0.611599653234867,0.6173974663011622,0.2879125485379724,0.24472301847337471,0.26345947478672915,0.213062757003651,0.5147450537016696,0.5270540260746924
2019-01-21,0.2793292791852092,0.2762646470838941,0.2842481202416929,0.2784388980582999,0.17591003955762377,0.27640995176382277,0.2685142720334187,0.5458674100267544,0.667970939422841,0.611599653234867,0.6173974663011622,0.2879125485379724,0.24472301847337471,0.26345947478672915,0.213062757003651,0.5147450537016696,0.49460670735994955
2019-01-22,0.27781456927121073,0.2796492420561716,0.28548693230484146,0.2767828679328017,0.1318193038755863,0.27715651751667203,0.2681346103052251,0.528736652969169,0.6706625330033904,0.6197683111341943,0.6045598372016083,0.2893875715032503,0.24674852354442653,0.265218314056346,0.20856738491665808,0.508848735118387,0.48274380703260944
2019-01-23,0.2810286236022418,0.27766261842552287,0.28246261648598425,0.2729557836637736,0.07803195211467018,0.2772353054112926,0.26812195073954415,0.4889113349929958,0.6685446087313868,0.625795773306685,0.5823207628922442,0.28796317891661444,0.253112722991336,0.26763222164228206,0.20616038635834597,0.5048710870292634,0.46710218599953957
2019-01-24,0.27489626317120264,0.2752345384934024,0.28381088548584565,0.2754949554534035,0.06699498746355864,0.27696895837344715,0.2680991748335203,0.5123761763907644,0.6689081060592572,0.6307048386334352,0.5707047717672631,0.2825493940871277,0.26485650647144554,0.27065576427578597,0.19764831079318432,0.5084550310647781,0.5129937662010159
2019-01-25,0.2818782734373323,0.28104729123696637,0.2881105564192078,0.27906446897436255,0.16556263018416023,0.27696895837344715,0.26833456558980895,0.5451342519013704,0.6722191439776197,0.6354254304183686,0.568747231384908,0.28292547992460665,0.26769856277314763,0.2722536847339698,0.19218187815187496,0.515555021560573,0.5203253187958115
2019-01-28,0.2763739577672465,0.2722545413925477,0.2775799587814871,0.26920235816739735,0.16762109549524554,0.27619240327832684,0.26810550966645086,0.43939812843432274,0.6646672760163835,0.6373924424393868,0.540147760435588,0.28269530194252895,0.2694623185488788,0.27300720791676725,0.19722219011864342,0.5083816027117112,0.4240465082444625
2019-01-29,0.27297527592056214,0.2692377624363882,0.2750292643202431,0.26555918587378635,0.11866879109535244,0.27540457822670616,0.2677840653760939,0.4041975731669441,0.6547720133158937,0.6365951027679108,0.5114364091396391,0.28172669436320835,0.2720241670193331,0.2737758775371716,0.19410201652427964,0.5029543814167029,0.46802731170806994
2019-01-30,0.2711651636291712,0.27368932678046853,0.28013060371129306,0.27512701402446293,0.1313255986176253,0.2755021154485332,0.2681017099787141,0.49787403813612624,0.6560722806335649,0.6362687809071438,0.5163285355165523,0.28145798802954086,0.27447146920327004,0.27484746231055524,0.19315481623626815,0.5088330888389921,0.5649223589562575
2019-01-31,0.2648480499262169,0.2657058904781723,0.2720777670232789,0.26559595652105916,0.37649718159581047,0.27462798720186266,0.2685585643530136,0.40745061280354194,0.647452762427914,0.6339424482284048,0.4955558482545047,0.28100924747300243,0.27573841285487244,0.2752431554379452,0.20080720569458968,0.49420876619553655,0.4258848263447559
2019-02-01,0.2685421293652295,0.2827027836456276,0.279219518427659,0.2845106365044566,0.2368030748453091,0.2757046932160424,0.2695064369606486,0.5612611098886462,0.658976042659939,0.6348424116701602,0.529065087166394,0.27677464158065207,0.2847436283110344,0.27751885026970213,0.21425077984178795,0.5038500035586189,0.6336037286529922
2019-02-04,0.28479649994615386,0.28700714327831645,0.2935032415095362,0.2894784919247385,0.20894340954483231,0.2768301498762743,0.2708023274323649,0.5946327255754635,0.6725110949603812,0.6388054416115859,0.5608789763157653,0.2785299365672326,0.2859262641239696,0.27900506121748414,0.2084517276065221,0.5124974474732569,0.5297747648151828
2019-02-05,0.29296098569800466,0.2922683765188663,0.30315969555857813,0.2932690992417596,0.13902903272531422,0.2785108764549208,0.2725449599781097,0.6195932136652087,0.6863168704514881,0.6452837912424669,0.5870038096434714,0.2819058181495126,0.28489604615082786,0.28023001273774006,0.1976434655184576,0.5186509472257546,0.5211848680698608
2019-02-06,0.29281331307230374,0.29031858160269575,0.30031758517513985,0.28944207371178465,0.09192710299058901,0.2801916090218547,0.27472546562977684,0.5800322271979721,0.6927282989912676,0.6520026779578825,0.5895020969462492,0.283775670294031,0.2847492289514195,0.28111796810938416,0.1877894432301551,0.5141776395600819,0.46796712562417014
2019-02-07,0.28527704517471897,0.28531506289532405,0.29361288412752906,0.2845844714942679,0.18431118936044769,0.28111826053551003,0.2770590980912211,0.531058615064055,0.6922655920105848,0.657266920664039,0.5743937461261343,0.28445434853009194,0.2847180681497533,0.281451195780802,0.18351489181343497,0.5064088615868995,0.46054484025592285
2019-02-08,0.2807329300325375,0.2828866372609604,0.29109836943361944,0.28535700752131554,0.0879244182132358,0.28175976777781564,0.2783436056600155,0.5373472993286557,0.6919280318462627,0.6613974339008293,0.5626185059647874,0.2851514462201375,0.2846485715829278,0.28177493728549063,0.1771078010159658,0.5107393878564204,0.500074801760645
2019-02-11,0.2902270192952522,0.2898399812947161,0.29813096203504186,0.28690260822688907,0.12157389972070973,0.2835642602762022,0.2794559990905475,0.5505092246913772,0.6924483315382586,0.6648265106281676,0.555333184748473,0.28615078355465856,0.2846595132462114,0.2822936937074181,0.1713412455345135,0.5162702384623972,0.5055302777792806
2019-02-12,0.2921851714385293,0.2917165406558161,0.30104626192456574,0.2912819570736468,0.09076628360306913,0.28618662705135245,0.2808544114399115,0.5876713406163017,0.6964058763850941,0.6685180174909305,0.5580588595709933,0.287835964602065,0.2847812229952331,0.2832195091290097,0.1665354559110493,0.5207021380677179,0.5254655335020292
2019-02-13,0.2962486920476708,0.2987064990592918,0.3069491257115722,0.29680172463733956,0.10699735398462987,0.2883963050261933,0.2823160903071219,0.6318985636523005,0.7041265105689507,0.6733211215313291,0.5696042273884585,0.290469610297355,0.2843998073464501,0.28438386281070016,0.16639918038787774,0.5257130227840392,0.5331754379132845
2019-02-14,0.2975029549526954,0.2951393335510193,0.3061420656094187,0.29650673711241315,0.09533611739576597,0.2915475752912402,0.28364360747264417,0.6280334875258444,0.7090213242817485,0.6783364240651605,0.5718081819380794,0.2926557194577955,0.28445280998517597,0.28553303983443734,0.1563508544516884,0.5211181107794423,0.49256706311263077
2019-02-15,0.3033130209667465,0.30040954336918035,0.3113254061012535,0.302957871102875,0.099865149101028,0.29342822083788167,0.2857991636595396,0.6789915668925715,0.7182432835682783,0.6845582888651469,0.5843398844627895,0.29593112956879414,0.2840682160842296,0.2870254897727298,0.1511105380459562,0.5258745797154647,0.5392369785260196
2019-02-18,0.3033130209667465,0.30040954336918035,0.3113254061012535,0.302957871102875,0.099865149101028,0.29342822083788167,0.2857991636595396,0.6789915668925715,0.7182432835682783,0.6845582888651469,0.5843398844627895,0.29593112956879414,0.2840682160842296,0.2870254897727298,0.1511105380459562,0.5258745797154647,0.49460670735994955
2019-02-19,0.302832056808525,0.30029912253621993,0.31205556687366154,0.3012254214692267,0.1380293815831618,0.29462578845251197,0.28719657710109636,0.6543978357855966,0.7227478105947946,0.6906150855675605,0.5826254397522844,0.29841603310521353,0.2838575293311988,0.28819782162586505,0.1409941010010064,0.5197567389253087,0.4827660070603669
2019-02-20,0.3025729588646314,0.3001515919955191,0.3102303937441162,0.30229435475847644,0.07430468142750182,0.29554588877997623,0.2883257570308797,0.6633700963106874,0.7262444228580868,0.6962983268977143,0.5787455862768542,0.30077799521900755,0.28405825906559345,0.28951034868790204,0.13422552283445166,0.5236014300262726,0.5019362713757686
2019-02-21,0.3025729627932461,0.30085183467915666,0.30898929260179286,0.29960334251645004,0.14143023557085183,0.2965818025817858,0.289268744181422,0.6222587049077504,0.7252347400658798,0.7006029954399687,0.5644273330285823,0.30216606567773513,0.2853894070517413,0.2908813249218767,0.1311760571187633,0.5173622759907623,0.47619168637137277
2019-02-22,0.3028319118152246,0.30545854225000457,0.3135154755161934,0.30649672283808893,0.1640223513834968,0.298815697190042,0.29024504778589355,0.6832243295915417,0.730078364342932,0.7052072843570767,0.5675392763682097,0.3046394552833183,0.2860458183274365,0.29247631853951317,0.13096932881052303,0.5244073225751942,0.5420183321468605
2019-02-25,0.3120466392540765,0.3088492295669413,0.31858933507759757,0.3071972447859729,0.16505056398685358,0.3010422501581975,0.29121253393317714,0.689138522728493,0.7333968503964506,0.7096858396208583,0.566233370502406,0.30700261724866246,0.2865181532241644,0.29392370691931524,0.12534418890276852,0.5314890469494631,0.49936302579730085
2019-02-26,0.30571859859950234,0.3095863865338374,0.31570579581288016,0.31080993151099834,0.1161145804219344,0.3034795369410215,0.2923814621115488,0.7197142720603922,0.7383303541149865,0.7144507734321589,0.5692077804169496,0.30885112994119573,0.2889279649938252,0.2960643530671596,0.12616456374213558,0.5368251559570189,0.5191037733691507
2019-02-27,0.31052933241258973,0.30991800303668804,0.3189908283680897,0.3114733891163437,0.16505056398685358,0.3055379986876221,0.2936946935824014,0.7253418785384222,0.7415889743321301,0.7190435004886129,0.5674191915599801,0.3094708654089832,0.29306312307931315,0.2984265687506088,0.12198153768947018,0.5439068803312878,0.49907552562641533
2019-02-28,0.313341811447442,0.31481962930722696,0.32377257187557684,0.31479108831644254,0.09403453080659607,0.30737196553558077,0.2950916434256936,0.7535604873401482,0.7460937550495205,0.7237970477816705,0.5690895167654042,0.3114302418685238,0.2951554139237439,0.3004672248383783,0.11828045487907504,0.548455362911448,0.5169262490808022
2019-03-01,0.32148317149380057,0.31891029266577264,0.3279702205858843,0.3197675783775378,0.1096739709203523,0.30974334522953995,0.2966597347599089,0.7928119495449151,0.7531456321324387,0.7292895469679098,0.5767644835409951,0.31182082445066533,0.30038825174276507,0.30325427210719913,0.11612551425975881,0.553561726318774,0.527882202404794
2019-03-04,0.3237406378119573,0.3198686098952014,0.3227504987761869,0.31420128948374915,0.10891709219843687,0.31088958124633737,0.29804400281712395,0.6887151330608821,0.7518031748220175,0.7333618875291515,0.5620143078347035,0.313272220175526,0.30197034412792045,0.30478181088967604,0.12285460804487325,0.5484823618400781,0.45772365496037387
2019-03-05,0.3160802332450606,0.3165516505368361,0.32596263185457686,0.3141643426193168,0.16397746908731853,0.3122086691730095,0.29927260083922425,0.6880411770354948,0.7493062844934479,0.7360214938656983,0.5473412440841086,0.3147409012002918,0.3030135178762807,0.30605186023283815,0.1182363788211247,0.5414389162702821,0.49435939356651337
2019-03-06,0.3160802970046279,0.31371398177663423,0.32446610570625267,0.3136483200373815,0.13353503165221933,0.31336617514630716,0.3005404037202257,0.6780119408435572,0.7454649004812572,0.7372287661105945,0.5322568847322658,0.31604956286976177,0.30377471869396144,0.3071003400403952,0.1117503768201549,0.5354813952638785,0.4911523371563811
2019-03-07,0.31334177554731624,0.3110972832916956,0.31942880834372644,0.31003569205140935,0.1452717521028376,0.3144297248935203,0.3018155817527033,0.6083811355657704,0.7375858100798348,0.7363067185364791,0.5101411570153219,0.31644141066739623,0.3055110790737692,0.30815985027438175,0.10981792374878424,0.5291052089302267,0.4704000672395891
2019-03-08,0.3066066693330506,0.30988112191695305,0.31380758202986936,0.3119526410510062,0.07195856140000123,0.31498594096131194,0.30306936154371666,0.6315204922375102,0.7320403205029792,0.734240356322666,0.49825597623218804,0.3161758807431834,0.30863581945598295,0.3095679008292982,0.11541024663215885,0.5328662106297766,0.5075370745018497
2019-03-11,0.31648749153632105,0.32274337264286646,0.3266563584797213,0.3241913926875313,0.15750829812453207,0.31671844825933115,0.30462127642955583,0.752557453695814,0.7384798185209468,0.7341301991350925,0.5185736839492499,0.3176778533120104,0.3111171261728878,0.3115658706778027,0.12451039217394858,0.5396788917718472,0.5768692328339676
2019-03-12,0.3271822702356162,0.33074064962581573,0.3370592756311589,0.32809883198127054,0.15962184625365436,0.3184810047824933,0.30664672613705535,0.7832758868805503,0.7460888662425691,0.7358652353187997,0.5377383927074186,0.3195872794262828,0.31342081302735736,0.3136853535170756,0.12593969809378058,0.5465669661485831,0.5202917589061096
2019-03-13,0.33199310166092444,0.334057489599754,0.34132996969510376,0.3308267323486759,0.13603415950760042,0.3204540256474,0.30889127703045094,0.8037903494692815,0.753374068996285,0.738998831493922,0.5522642387967595,0.3220725350424601,0.3149541408280172,0.31571987185249484,0.1262902194367002,0.5526136345608409,0.5124129425237111
2019-03-14,0.33295524447704383,0.33645304237689444,0.34227904942422793,0.3372040900883796,0.15757766167317122,0.322738970403991,0.31102610764787353,0.847664773416817,0.7638912515978238,0.7440256725177127,0.5719280240115554,0.32617894331221425,0.31489187534112206,0.3177985118936322,0.127104126182677,0.5594287899982577,0.5360325578842658
2019-03-15,0.3372479050747089,0.34430290497964144,0.346148139204397,0.3418488219772755,0.37784977079427384,0.32499009331450635,0.3136484436560084,0.8759777209909052,0.7751264602192811,0.7507391516726176,0.5894459324683735,0.330577611781208,0.31504004396971386,0.3201312929597051,0.13439210012176286,0.5741013614009635,0.5244393239047752
2019-03-18,0.34538936528981334,0.34279192840036177,0.3500173828236274,0.34000570796748997,0.1641978003594664,0.3276207838088572,0.3155569191382196,0.8374870607023628,0.7804518616753164,0.7573859250509969,0.5887531070986872,0.3341094980667801,0.3152257022915409,0.32203734762468816,0.13218540765787312,0.5670500563047738,0.4828645294990727
2019-03-19,0.34550050547435784,0.3410967354696893,0.34899545795760045,0.338641845892367,0.15495000724237054,0.33011619889547994,0.3172476468586619,0.8085454462395174,0.781555034276462,0.7629676688527619,0.5776914037713664,0.3365821130930297,0.31655062560851555,0.3239623655570263,0.12903742169464552,0.5603286329969407,0.4858897299897119
2019-03-20,0.3395422009363972,0.3371162080513562,0.3437754597963846,0.3355450642711706,0.09691515817949248,0.3323485125959168,0.31870151727667184,0.7435276749126916,0.7776430358608679,0.7664957315423216,0.5563612814057922,0.33804345197658897,0.31849295335525996,0.3256730638148564,0.1282509187512203,0.5556773943865224,0.4747665920690307
2019-03-21,0.3357677006804124,0.34378692265702293,0.34596564831067056,0.3431021958934206,0.10988410167064147,0.33571955300100886,0.32054688885393556,0.8050752393460581,0.780264588883013,0.7699463175464681,0.5555565862802823,0.3401317539391024,0.3208504175598089,0.327911013433982,0.13490747510225476,0.5607912534532794,0.5432874351246911
2019-03-22,0.3419478885431332,0.3401016251361142,0.34428671351950435,0.33303861013414604,0.13217632214064073,0.3378692103732974,0.3222132266595814,0.6266333327890041,0.7707442210077846,0.7704256635417047,0.5246964334596325,0.340687762982165,0.3230353257966895,0.3292765530276426,0.13852434974930372,0.5548821995263035,0.4306331643767973
2019-03-25,0.3322148772438196,0.3341309580225589,0.3395046282663331,0.3328908226764171,0.12091902621738129,0.3387560936716927,0.3238479145410069,0.6242653882813949,0.7615158947539203,0.7685979920110659,0.5007350862796882,0.3409760225442145,0.32541020427361234,0.3305984483970579,0.1392580402317519,0.5493747091793301,0.4936504770701089
2019-03-26,0.337433153270442,0.3398068951897154,0.34764492998756047,0.3412591993617414,0.28466596351069323,0.34009775744108883,0.32571723768525307,0.7020306432770702,0.7609493180449312,0.7670001004679886,0.5031216472811583,0.3424907620290933,0.3270054284784869,0.33216501675688737,0.14024518250486523,0.5607232831046526,0.5487668624971516
2019-03-27,0.34372416234650105,0.34076501102219603,0.3461482692241603,0.3372778663391377,0.2165142368683582,0.34075543305882006,0.3272990369838389,0.637138980806822,0.7550989504439866,0.7643200129381347,0.491881648683378,0.34308505035401154,0.3290737955056674,0.3334926177276998,0.1407338415097352,0.551805777130321,0.4692161624269317
2019-03-28,0.3417256117168256,0.33789021643820005,0.34706064738421716,0.33893653972202775,0.3113464484843045,0.3409320516013403,0.3287480532553143,0.6530571855411011,0.7506907738698576,0.7611197240520103,0.4864786878643675,0.343892313083534,0.3307481292924003,0.33473486435219013,0.1348996313415941,0.5641060814832032,0.5052588067176448
2019-03-29,0.34468623047647506,0.3423496360772975,0.35187895312331974,0.34453989295835497,0.21469038356002293,0.3412063989908779,0.33039991346286934,0.7042018211696732,0.7513201732512862,0.7587102998555312,0.4946928358664534,0.3456190248798819,0.33153213229707146,0.3360093621303396,0.13039799231000795,0.5729585280446094,0.5304870917059
2019-04-01,0.3513472472922443,0.3476564990956078,0.3577921416471813,0.34848410289936704,0.09750066813418176,0.34207074836455953,0.33196556055351123,0.7371304755646095,0.7542667777971095,0.7574887801526262,0.5070307534019292,0.34731015861161646,0.33334306729754337,0.3377731605587979,0.125729098614005,0.5776306526186851,0.5196171792753848
2019-04-02,0.35182855994331264,0.34920457921951775,0.3585223742815886,0.3504012281161233,0.09331845417211546,0.343269585496075,0.333656716521588,0.7527171340161221,0.7570130338715282,0.7571695796529778,0.516402500020177,0.3488326266337379,0.3355326972169782,0.33963749301356594,0.12053927573851517,0.5821535917380658,0.5066806033586517
2019-04-03,0.35512207449311295,0.35274255203010585,0.36253754537503624,0.35290791720936043,0.1340022155533477,0.34503968127281537,0.33539731691110586,0.7730034866419431,0.7601475473878478,0.7576652627389754,0.5248661151804018,0.350157770434766,0.3382420423766922,0.34165733937081666,0.11529277365644819,0.5881277778513597,0.510341592351162
2019-04-04,0.3550481059601591,0.35119474240657844,0.35771933391201605,0.3498851467951348,0.07057333053159001,0.3457311847249095,0.33712650813723355,0.7136730453589495,0.7581433893379292,0.7575816039574529,0.5188489040115104,0.34937407626558553,0.3432044972031283,0.3437075329999043,0.11548812911361317,0.5844161892853406,0.4757137221887517
2019-04-05,0.3530868740611013,0.35097373047174707,0.36027455441967016,0.34992209365956717,0.051765608328522096,0.3474524100898537,0.3386199066199064,0.7140286540595429,0.755128078453948,0.756792194931429,0.5115187791029826,0.3477122169380071,0.3488839362481342,0.34566100338836114,0.11102989880675021,0.5874568799455888,0.4948388346540438
2019-04-08,0.35142134936512937,0.34809886086159236,0.3569526869419878,0.35029050500093284,0.08086565708701657,0.34922626052266503,0.3401018838189732,0.7178155231866503,0.751679048394656,0.7553342646517032,0.5045753251944358,0.34783497671431735,0.3514730307244006,0.34700376288491874,0.10768367359868078,0.591535610276942,0.49692119039543187
2019-04-09,0.34775773637156926,0.34861486038172007,0.35750023448146495,0.34933211860971414,0.09635820968600756,0.3500492727498419,0.3414266618156647,0.6961569159664889,0.7466320677503009,0.7529586412476783,0.49504390061298004,0.3479503161747232,0.353563349249429,0.34809618307611556,0.10451545046485458,0.5869042388026856,0.48858961853362404
2019-04-10,0.3530497692963074,0.35152640234084565,0.36133302266515854,0.3532765635069388,0.04646745727511419,0.3516802965447726,0.34286427296382205,0.73980841910401,0.7451850214705179,0.750711423750938,0.49637756127654037,0.34879214689947796,0.355025258059501,0.34925119262670445,0.10016949368496325,0.589755936962523,0.5194122090822145
2019-04-11,0.3571945547390959,0.3534429199080139,0.36104108283347747,0.3506962156410498,0.08426651107470659,0.3528791636177241,0.3440990502760799,0.6801610065022949,0.7401944709915439,0.7477178914938166,0.4886261216457448,0.34950372256132295,0.35569012560698876,0.34994534189496496,0.09961361868335927,0.5855558933858156,0.4784891328997333
2019-04-12,0.35571430971977025,0.3546959391047292,0.3625741437977811,0.35725789652954254,0.10413100734233563,0.35417572959625687,0.34538834230016624,0.7511444845180646,0.7414243387496218,0.7456177475145617,0.49790510910568175,0.351419931548634,0.35530255708175595,0.35073811526364373,0.0986090516274544,0.5904645314856266,0.5357745397675672
2019-04-15,0.3598588595498543,0.35779152636549627,0.3674287467731028,0.36020683195395686,0.13264554614614085,0.355370830036563,0.3469704728846579,0.7790973393178613,0.743980910975854,0.7445501984937467,0.5086299371652564,0.35371743064377476,0.35501752298211675,0.3517774322621777,0.09468483933597016,0.5963903232928853,0.5129019657684564
2019-04-16,0.36433669984012995,0.36007661916829325,0.3687429078962067,0.3594327687115273,0.08936677200405574,0.35629157111075704,0.3485272540372476,0.7605573372606984,0.7439071480383714,0.7436784853467081,0.5106639448436602,0.35544866874446684,0.3553823954057541,0.35284709351051413,0.09262824324685176,0.5920083462348429,0.4898283469906592
2019-04-17,0.3637075026574653,0.3599659666601065,0.3715169351490697,0.36020683195395686,0.06055437796197654,0.35703567567756933,0.35012840124074673,0.7686055416442845,0.7432873017834825,0.7428325968885876,0.5109321674861171,0.3567827000522514,0.35656300350289427,0.35411590381947455,0.08638401704293774,0.5953625446701276,0.4993913297642325
2019-04-18,0.3639295416664238,0.36007653422775376,0.366735212147164,0.35917466931197994,0.12686389035663065,0.35798271730912246,0.3518182906462445,0.7414129941198042,0.7404804063494689,0.7414833413971038,0.5057040527838745,0.3580882182003326,0.3568791784349552,0.35494280804735734,0.08827800728215296,0.5896429926573102,0.48823507673245164
2019-04-19,0.3639295416664238,0.36007653422775376,0.366735212147164,0.35917466931197994,0.12686389035663065,0.35798271730912246,0.3518182906462445,0.7414129941198042,0.7404804063494689,0.7414833413971038,0.5057040527838745,0.3580882182003326,0.3568791784349552,0.35494280804735734,0.08827800728215296,0.5896429926573102,0.49460670735994955
2019-04-22,0.3575276039951881,0.35779169415666534,0.366990907230328,0.360059514408653,0.060421771177813464,0.35901619986633104,0.3534726859989934,0.7520132837277769,0.7378665993783371,0.7397776571399546,0.5020020811676037,0.35841017454237806,0.3593571984335886,0.35633299233349247,0.08582427822546929,0.5929924608220802,0.5000784830615012
2019-04-23,0.36418867328980875,0.36295121668798813,0.3699109128794238,0.36470424629754905,0.09959789542833011,0.36048564170788744,0.3548659230160973,0.803956506927956,0.739110572889804,0.7387111713624037,0.5086409803154294,0.3590345425956169,0.36201977992428114,0.35796974442576,0.08720883923623363,0.5977393964436807,0.5232861887839406
2019-04-24,0.3669640811594873,0.36350393322408914,0.3727579797159509,0.3640775006004233,0.11701222634549985,0.36198889341894513,0.35610322941344086,0.785797408402356,0.7382079817703769,0.7376417178632196,0.5086101567054703,0.3602344317903026,0.3631479136735739,0.3591437111996345,0.08464843270544947,0.59237126714341,0.49076694947146243
2019-04-25,0.3624123265085928,0.3619192493429777,0.3650926455556165,0.3623449334886688,0.14732817730955117,0.3629133891492101,0.357187140336218,0.7350554964997036,0.734552535927675,0.7359102938582159,0.5017347407474531,0.36011659570998306,0.36587963247583877,0.36043337354759863,0.0924659575438484,0.585921725230084,0.48398095879038827
2019-04-26,0.3651507636532214,0.3671893704168995,0.3718454508819262,0.36938580757277095,0.1200499417550202,0.36481874236881695,0.35829386958577514,0.814748105760599,0.7373613142332005,0.7351981505236529,0.5123212827846514,0.3612240393970226,0.36789815835277395,0.3619999419074281,0.09716107279121097,0.5913982141118378,0.5379140811046468
2019-04-29,0.3723672475108164,0.37260712864005296,0.3817011761935154,0.3738833393944694,0.1706078082954724,0.366513661188115,0.35939553662508883,0.8556774695722291,0.7427155664112115,0.7359113386727365,0.5271251852878223,0.3638368969528217,0.368237004862917,0.3635096174431586,0.09505003360149053,0.5986781732073694,0.5219460653899265
2019-04-30,0.3789170993247839,0.37702937580363616,0.3846940576143585,0.3749152670802337,0.09775772128502094,0.36801314626652726,0.3605960763469963,0.8645206787728477,0.7466141779874156,0.7374160139971453,0.5353457986051149,0.36649453589286035,0.36822616827532895,0.364869460501526,0.09437143330066289,0.6033594672289042,0.5008329116340016
2019-05-01,0.380989453218714,0.3771768274731473,0.3804233525223757,0.3688696675127293,0.07359064489739295,0.3689752125106518,0.36163561111868403,0.7039860347561739,0.7424069383199003,0.737611680777747,0.5217500595923503,0.36755129245666945,0.3690502787073605,0.36581963352230173,0.10112818185456404,0.5995402468153271,0.4581922797453011
2019-05-02,0.3682593348837412,0.36737364137385153,0.3719549409675682,0.362713521047194,0.09005020696858851,0.3692307626666852,0.36256993433477525,0.571538073932883,0.7317888047878741,0.7352240618231829,0.494919311376938,0.36779235541860705,0.369820415988908,0.36632411687463295,0.10532668905289452,0.5951338906707858,0.4571528645587963
2019-05-03,0.3689993790657582,0.36612053933171296,0.37469250756738215,0.3661048790199448,0.0546054336139837,0.36993727875477644,0.36336099659696697,0.6171751105970145,0.7256051971814249,0.7318323465654178,0.4844904785426649,0.3680804684677235,0.3712093062079348,0.3671585973433539,0.1029372210279581,0.5982758818934414,0.5154535029304541
2019-05-06,0.35386392505381536,0.3657889701149135,0.36381513115276876,0.3669897828556711,0.17955978627866603,0.3706438008311549,0.3645285774113193,0.6288498924879489,0.7205153934882906,0.7278994345845643,0.4788694538087265,0.36827395667515567,0.37278480437849904,0.3680367039041119,0.11799512359455502,0.6058751706354121,0.5000153592152619
2019-05-07,0.3640035649299278,0.3625825871944055,0.3655671212345287,0.3593589924607692,0.09736806135001869,0.3700988666964381,0.3654388177580875,0.48259323770842083,0.7080132457557575,0.7217575343752547,0.4559262670904711,0.36779028559914134,0.374231429171062,0.3685032637437682,0.12678855527131516,0.6012077763318513,0.4480352768299259
2019-05-08,0.3596369438160091,0.362287857427512,0.36863342625223605,0.3613865470974501,0.07762597134469398,0.3698245312834748,0.3661309972375053,0.5134113529781725,0.6992908708958693,0.714754094102378,0.44697806433907306,0.3670351997508911,0.3762709438715037,0.36912344569222355,0.12628481335615716,0.6051709425158606,0.5071409483176509
2019-05-09,0.3562692226511156,0.3554697408597318,0.3600553501229393,0.3578844072704557,0.10553051894134904,0.3693697927304844,0.3668396561707007,0.4527171239098095,0.688221886155389,0.7064991635350126,0.4339797263974501,0.3666879055931263,0.377111520280178,0.3693605122214534,0.13442507859751784,0.6002123818687712,0.4730307273798686
2019-05-10,0.3562692946789341,0.36118216901785993,0.3604204611413431,0.36120222394866097,0.07245634686670571,0.36853549857023293,0.36760537304106267,0.505250425517002,0.6821096221776484,0.698430693240169,0.4359163563861923,0.3657689884017024,0.3791601282002647,0.3699010303148107,0.14528025874200864,0.6039911402760993,0.5151686225221792
2019-05-13,0.3500891889682848,0.35130523099821087,0.35731774351671164,0.34874231977702075,0.1650260827343927,0.3659724397914589,0.367749894497433,0.3249602253933877,0.6645217864656263,0.6877617927484596,0.4089075408633578,0.36698038960944496,0.37701472794017166,0.369462916887204,0.15633702073708167,0.5969102891825409,0.4178198574374962
2019-05-14,0.35345676828868733,0.36162439833993376,0.36286602062348294,0.3593589924607692,0.1655707906016472,0.3643865197756786,0.36812388194447165,0.4731480195280085,0.6607096433648344,0.6783132657841644,0.42158269111757474,0.3669860763546447,0.37692056539495844,0.369419296839236,0.16599339642714914,0.6040105707719059,0.5614398646561283
2019-05-15,0.3579715118737278,0.36766843884436595,0.36710020372716545,0.3688696675127293,0.12049060429931596,0.3643865197756786,0.3687590115668671,0.5756619781579893,0.6666523334767646,0.6721783393954921,0.4559986991962481,0.3676006036699528,0.3772641831380181,0.36990481088014315,0.17416640310899031,0.6095027787064471,0.5534012229873118
2019-05-16,0.37418557451703927,0.37759968185379167,0.3817393250673543,0.3774721780639153,0.16534229891201235,0.36589112483964215,0.3696037764864111,0.6513980115673814,0.6792819014571414,0.6702964993715936,0.5001724767378647,0.3698296330641789,0.3767447218780333,0.3707930865874588,0.1756798088383581,0.6165949096758484,0.5469441687382932
2019-05-17,0.3735924565582893,0.3761231211297623,0.3829821937061102,0.37459231976600715,0.060011710199093786,0.3667563964095518,0.3704534561535697,0.6114344872844768,0.6857781851859691,0.6703475660467567,0.5202482013317136,0.3710933381730021,0.3770361919437598,0.3715863011731948,0.170603787369116,0.6132600689629777,0.47733333669836653
2019-05-20,0.3738149130880246,0.3744252813331336,0.3798016954861132,0.37230331760374913,0.06337584230809248,0.3672980968691836,0.37122314643476517,0.579753537658841,0.6879729431629246,0.6709142932338923,0.5256039996365711,0.37183757183334826,0.3775371791820993,0.37221622616132377,0.16839718943056628,0.6098052249258185,0.4808120232037066
2019-05-21,0.37837367508380604,0.37486818068734207,0.3829456714287711,0.37374318801365014,0.15208570070444805,0.3687645266022811,0.3720296841928372,0.5939937142444114,0.6904189336216436,0.6719537452591254,0.53051385569063,0.37271150425552707,0.37756977405312686,0.372681265917557,0.16182365372930238,0.6164244743905337,0.5033170047653556
2019-05-22,0.37474136466763364,0.3777102144356611,0.38389604182486337,0.37514605282006563,0.07702414055503079,0.37016727090106294,0.372917425378515,0.6082604658801012,0.6929976971176487,0.6734031901695878,0.5347721596497894,0.3737478061278959,0.3776448825505344,0.37325072603664444,0.15883796227823874,0.6203661724237455,0.5030729462835367
2019-05-23,0.37437109582464345,0.3726168832319594,0.3742817075643444,0.3650671949069717,0.09174553370150418,0.37089953662409136,0.3733229051869651,0.46762537484017025,0.684423364863361,0.6725082976642781,0.5104231973657101,0.37376705489576284,0.3779082398168715,0.37339078223195277,0.16370821999023122,0.6158993415900084,0.43392188160095024
2019-05-24,0.37159117045591483,0.36951620789663875,0.37757173511923137,0.3692390186789455,0.05028245245026736,0.3717188660546433,0.37396059217495037,0.5147252182586235,0.6811440040728663,0.671006634118294,0.5041210989198739,0.3737548023052962,0.3779056945296787,0.37338323016739183,0.15887566463675543,0.6188871259938844,0.5201498313852896
2019-05-27,0.37159117045591483,0.36951620789663875,0.37757173511923137,0.3692390186789455,0.05028245245026736,0.3717188660546433,0.37396059217495037,0.5147252182586235,0.6811440040728663,0.671006634118294,0.5041210989198739,0.3737548023052962,0.3779056945296787,0.37338323016739183,0.15887566463675543,0.6188871259938844,0.49460670735994955
2019-05-28,0.3740001592823493,0.3782270720409151,0.38345746899738753,0.3731893962205385,0.1746614956821191,0.3742111792084992,0.3745084764420312,0.5569826422989961,0.6818339492697676,0.669970617242648,0.5089574390889522,0.37365602069035925,0.3779361249297143,0.373347527850176,0.16190885602175745,0.626311685820381,0.5186259231844458
2019-05-29,0.37362968495121374,0.36984841140368796,0.3766943419328136,0.3695713055026232,0.09823306560363629,0.3752522968318811,0.3748305206830832,0.5075360416167563,0.6782248427263181,0.6682770456402435,0.5021278866815871,0.37297298221366687,0.3780897479565162,0.37307258918286,0.15922260622689283,0.6216134355983858,0.47275165322227625
2019-05-30,0.3717764255906886,0.3698483194303528,0.37837594380693984,0.36968196987876045,0.06344112564798815,0.3753351088554965,0.37518299070653294,0.5088423575105778,0.6749349330196259,0.6661339112489879,0.4974585983289748,0.373044569999141,0.3780999001540638,0.3731143808998719,0.1526318310070008,0.6250706083841061,0.49527920040662854
2019-05-31,0.36477148556500394,0.3647915762154529,0.3733309530243265,0.364402445042457,0.0701408284047812,0.37400268501324174,0.3753272778387259,0.4367845533443048,0.6666616466963993,0.6624370872565123,0.48132153151992274,0.37305391453263864,0.37826598991284266,0.37320127346182463,0.15042487005399185,0.6213744477773041,0.46252962877132237
2019-06-03,0.3671062920888294,0.36737518051823126,0.3594022296178304,0.35432311721693777,0.13043815321591853,0.3719362947743954,0.37516043296439816,0.32207607815896516,0.6498846626210254,0.6554597874926398,0.4472495671797244,0.3734758147812541,0.37660113641378345,0.37259511979815985,0.1720987694713952,0.6155273967807671,0.43282441077952327
2019-06-04,0.362473605877338,0.36567748823969826,0.36634844827464386,0.3680945469673431,0.10290082440617662,0.3715072220203214,0.3754367577304135,0.4844416707208851,0.6499595768495374,0.6498958974664185,0.46192964700206013,0.37355163268245545,0.3766373348488937,0.37265195822563546,0.1781010094024116,0.6203921525248801,0.580473166246435
2019-06-05,0.3743709829531665,0.37686150009674624,0.38111792487259755,0.3793921227552228,0.12502575631769322,0.37208311559983487,0.3759418737950696,0.5853973918537159,0.6608175623757085,0.6480464074371719,0.5005084730813822,0.3752587949270209,0.3769483500010693,0.3736826322051042,0.1793942379034071,0.6260461357110244,0.5634297744361276
2019-06-06,0.38319199897557243,0.3842435981111736,0.389343395268689,0.385040822540583,0.2468036664755769,0.373091860542642,0.3766628024269959,0.6289465658935611,0.6744761696381347,0.6498394789243943,0.5383411640520764,0.37800673045419414,0.37655461968505266,0.37489960857594984,0.17686538827435505,0.6360441082443085,0.5283810409765008
2019-06-07,0.39104929564110136,0.39978298891131814,0.3997988692471591,0.3965967326842228,0.18132243645584908,0.37630621142499787,0.3778407217856523,0.7063440545974637,0.6959498780110701,0.6564191328739559,0.5880559854173908,0.3831918882209932,0.3751952944161634,0.3768912986364763,0.1881517427482318,0.6437062731974286,0.563067729975248
2019-06-10,0.4052815898428468,0.40129633406340726,0.40970603686521223,0.39943958537864555,0.12087618402557476,0.3793850773095738,0.37887427119063943,0.7235178431301428,0.7147815005496301,0.666194997187063,0.6212527450094036,0.38825125446227454,0.37391726461823604,0.37885855252491796,0.18200142575048833,0.6492122353031586,0.511138707097817
2019-06-11,0.40568937302717667,0.40188694926377877,0.4020655136595176,0.3975567050298765,0.09062143619267563,0.3818692583694193,0.3796883982240048,0.6988259359610318,0.7267073135414455,0.6768731668754766,0.6306243480065887,0.39057795910488796,0.37658025557930486,0.3813699781465947,0.18723484393546316,0.6447855026087078,0.4837065774630298
2019-06-12,0.39987059178328277,0.39982008350659637,0.4067450631847459,0.4022826142902278,0.10467979541833361,0.385204087601845,0.3806295612820292,0.7296586787380577,0.7395492801694271,0.6884926953810695,0.6404015712770432,0.39452060762341506,0.3769506249475113,0.38357833298050825,0.18084431797502928,0.6497137167511104,0.5220472607456738
2019-06-13,0.4063935137452702,0.4019607152195227,0.40316219491702643,0.39401233182366624,0.10731969047536472,0.38768450202904514,0.3814942174961734,0.6228650151615185,0.7402539841449997,0.6979571684161958,0.6180185456863312,0.39656559620841586,0.3774423935639829,0.3848718846870517,0.18444841191055336,0.6446913338387688,0.4469443064906707
2019-06-14,0.3976096535595083,0.3962027604304781,0.4036010033489744,0.39515697975242814,0.06852710584673513,0.3908198434501542,0.3826099480261955,0.6316635216492561,0.7406480662496915,0.7056231706826452,0.5993391113093021,0.39849108258602356,0.3772820654096355,0.38578174074371907,0.1775232395965924,0.6483299306920765,0.501290675766796
2019-06-17,0.3974613588318129,0.3953907067667799,0.4042956045666628,0.3947877460643182,0.09729869780137954,0.3949451026391304,0.38359635181072205,0.6267513575772927,0.739313900022553,0.711436300288766,0.5800946432476565,0.4002730135234081,0.3775322671424617,0.3868207646048931,0.16858587200843497,0.6436650106838617,0.49245457274504534
2019-06-18,0.40087107230611463,0.39631337174041814,0.3988849336995842,0.39375387998980005,0.10870492134377596,0.39756100206411027,0.38451676909891364,0.6122418762039594,0.7359909673699027,0.715290614418488,0.5597498226448618,0.40173566823390844,0.37824494015747345,0.3879243633022167,0.17086444925984637,0.6385932146379895,0.4885771077236701
2019-06-19,0.3962011648302678,0.3982696971559223,0.40495362435191273,0.39895968731439835,0.0955380877285682,0.399555862212416,0.3858786369768028,0.6582529862639139,0.737249396548536,0.7186755909930699,0.5548751478852797,0.40382478711001485,0.3786985298004817,0.38922171370630043,0.16607118113680477,0.6431953312084473,0.5250176659572671
2019-06-20,0.40776494050436984,0.4083833300079164,0.41423935828299685,0.4102203749768991,0.20060754308190407,0.4021228493075898,0.3875580322952237,0.7421781885391723,0.7480038094837521,0.7239603777875163,0.574607122932546,0.40779419895762775,0.37822404392094666,0.3910262340515088,0.16932430957941663,0.6515454230411913,0.5598452811861399
2019-06-21,0.4105817643008447,0.41159453215396424,0.41939402162825434,0.4091127326516226,0.20579144829049456,0.4033988215664601,0.38931977438163246,0.7253895888043316,0.7539808113267613,0.7296203236503707,0.578503632857159,0.41054434202317963,0.3799505628829679,0.39329230974701224,0.16256224119439286,0.6430104140180184,0.4883022556682164
2019-06-24,0.4155111019845332,0.41129914489732045,0.4177853698561782,0.41062637931228174,0.07984968510989021,0.4045392848744018,0.3910194710619638,0.7364446381516687,0.7587100160713381,0.7352814189912107,0.5785155716659366,0.4133006727831324,0.38139395910571794,0.39542162628699784,0.1584842966337645,0.6470529031998897,0.5032369471685468
2019-06-25,0.4162894938029167,0.41207439117391176,0.40999859210154954,0.4011379663614659,0.1684922200619784,0.4049043847563749,0.392821357324019,0.5959225655221041,0.7516490277015347,0.73811845080692,0.5491840361119548,0.4143814628824682,0.3831798862820557,0.3968595375661744,0.16900496691788286,0.639848410112416,0.44063495018362897
2019-06-26,0.4036139595614243,0.40266222748127345,0.41083958621855776,0.4003258402125943,0.11198132896478985,0.40470489694505807,0.3942302071994519,0.5848313285257174,0.7439155320882105,0.7385350960531609,0.5240452054571242,0.414847521041308,0.38589677828192004,0.3984418114400188,0.1617765622609021,0.6346597399981341,0.4899178775360598
2019-06-27,0.40631944055337,0.40269899066397463,0.4090115618990181,0.400953349517411,0.08634741753388103,0.40541251487799324,0.3953335650089067,0.5910882649532796,0.7371510632487366,0.7372476152014993,0.5063456619502953,0.41503472504179223,0.38895728164759746,0.4000506761966448,0.15818268575444033,0.6389340124352262,0.49823430618581543
2019-06-28,0.4057265901626045,0.40694389661818575,0.4097428279330898,0.40951897194321785,0.13876381915698807,0.40687668103853114,0.39643565423574656,0.6704858608419582,0.7389854034723113,0.7366571466582661,0.5135850321430357,0.4150970915960846,0.39358868128245017,0.402371852649707,0.1606540959558968,0.6450780516466945,0.5440749761602265
2019-07-01,0.4182167290878007,0.41428893613936857,0.4178585201653513,0.4109586661359593,0.09103557738013876,0.40852526249151666,0.39768629287076274,0.6827329851601276,0.7405675044512836,0.7365638503083684,0.5187488054560282,0.41149464397623475,0.4032279392821596,0.40528566520549747,0.1615426351885049,0.6495195573398298,0.50281009391296
2019-07-02,0.41365814070736073,0.4134771356506568,0.41990594128794045,0.4159061391047978,0.07338663446021898,0.41078362524125045,0.39918579388222486,0.7236037050100987,0.7453641347533603,0.7376385073447487,0.5308795050561461,0.41039272706683644,0.4093499078864934,0.4077454986518303,0.15759872540269573,0.6533315004141533,0.5227342398984482
2019-07-03,0.4207000094167901,0.41964110198827653,0.4287528257368859,0.4217762851205388,0.049486811745288885,0.4131097155191561,0.40083765206974376,0.7674525581024674,0.7535268708419732,0.7404540611216839,0.5489609590273474,0.41214525554966214,0.41194031164640654,0.4099260991196265,0.15204089103038973,0.6562909031949411,0.5277247068138289
2019-07-04,0.4207000094167901,0.41964110198827653,0.4287528257368859,0.4217762851205388,0.049486811745288885,0.4131097155191561,0.40083765206974376,0.7674525581024674,0.7535268708419732,0.7404540611216839,0.5489609590273474,0.41214525554966214,0.41194031164640654,0.4099260991196265,0.15204089103038973,0.6562909031949411,0.49460670735994955
2019-07-05,0.4201812370944208,0.4197888332065878,0.4243293949691551,0.4210011058360994,0.08567418309120695,0.4142087817977209,0.4024146073219753,0.7537351558747243,0.7577355243076829,0.7437149163745407,0.5535859881589529,0.4138273757929461,0.4139352235910676,0.41177620081328303,0.15183278394014646,0.6520406459773852,0.49027264013697375
2019-07-08,0.42181195700805807,0.41823850645638727,0.4275829788436254,0.4192657779888468,0.10362506145814421,0.4152438572393232,0.4042784965693519,0.7220476595534102,0.757859379059004,0.7463532767302932,0.5471205772203857,0.4157779959229732,0.41426758807199604,0.4129424885971418,0.1439357902737523,0.6471500556789226,0.48489286894651706
2019-07-09,0.4185873181196138,0.42296300449150426,0.42721734419399426,0.42495136589958604,0.06637275563017805,0.41670425077892836,0.4061944441647676,0.7682219163458399,0.7620382372675718,0.7494652381690662,0.5520395342060931,0.4187419901128881,0.4138426576980029,0.4142550307693519,0.1447345614275224,0.6507118038297143,0.5265178049487268
2019-07-10,0.4302624068436114,0.43171096817785604,0.4392084592192187,0.43078485874616057,0.07078550138625092,0.4197266710684072,0.4081751520946597,0.8100591621649618,0.769491103263918,0.753740547412552,0.5641223989121907,0.4225620227737708,0.41333125207635035,0.41596456856588093,0.14510961148875756,0.6544309608285571,0.5270642490570121
2019-07-11,0.4359701097125084,0.43422091026601184,0.4424255531010589,0.4360644423215172,0.10905785940008692,0.423370124646273,0.41046185103942456,0.8438706022167428,0.7788824860286612,0.759411012204907,0.5786128854826368,0.4271736771758326,0.4120547480554666,0.41770259206090976,0.13995490238097905,0.6595153466713377,0.5237234495617756
2019-07-12,0.440528857532822,0.435734186235464,0.44045130888482587,0.43455061944369866,0.11334411868511193,0.42679527521445626,0.4126926838682695,0.8143734305009929,0.7830424976626137,0.7649441414692241,0.5771864792110976,0.4302647733097052,0.41306184260331036,0.41978822509019986,0.14005981933817396,0.6542780639308431,0.48632407456476945
2019-07-15,0.4376007969343747,0.4347006609896914,0.4441802137113675,0.4354366980604879,0.058132774072721556,0.4294375171148056,0.415135551797044,0.8206187300901273,0.785403261820421,0.7699362945525654,0.5715677450909395,0.43299070041977145,0.4144215418587417,0.4218605551230127,0.1322087464159626,0.65754588034919,0.4994657639590403
2019-07-16,0.43689672056566786,0.43399948123836074,0.4397568067031916,0.43078485874616057,0.10525510485116418,0.4314587436916296,0.4177650710532339,0.7275079403678131,0.7809120436262746,0.772853901012693,0.5500209075302056,0.4342111390563303,0.416900112134717,0.4237125516323873,0.13115499023356966,0.6525971441100927,0.46913096816084143
2019-07-17,0.4338947141942189,0.43152657421751905,0.44078053939630213,0.43019423756672304,0.04800977618014938,0.4329153765868765,0.4199006793845208,0.7159465520839361,0.7750750240530088,0.7737894101326537,0.5294342747979013,0.43466584422887294,0.42022064533290693,0.425587352415142,0.1243680189747331,0.6496904292654996,0.49134944959043664
2019-07-18,0.4304477003168603,0.4330397274282546,0.4392084251415428,0.4352890868199184,0.06314939072282938,0.4342929700794408,0.42182297595311913,0.7620483319064051,0.7738098211169266,0.7742346691351769,0.524342396154946,0.4360639038435124,0.42254920251104766,0.4274564445744652,0.1232016535332092,0.6531371954560876,0.5227297355587909
2019-07-19,0.4423450556906815,0.43754291342079465,0.4412557160073648,0.43052646565134745,0.07520232735106727,0.4352640546840806,0.42338722719887745,0.6694369003361724,0.7665015332749315,0.7728397778184324,0.5052300659846184,0.43715186896833186,0.42353216061111065,0.42850116194889765,0.12615400466151003,0.6492604840624087,0.46851849637004067
2019-07-22,0.434190976751582,0.4343684203036481,0.44125556423168466,0.4354366980604879,0.06571584202247788,0.4369126361370662,0.4247229335903884,0.7164978615941513,0.7640007979903379,0.7711246773838955,0.5019042820425601,0.43872092372188715,0.4246415288850932,0.4298554897940503,0.12363724303247159,0.6527987991808044,0.5216970628745111
2019-07-23,0.438824003283501,0.4354389764730615,0.44096320057487315,0.4366551222400079,0.11326863482335758,0.43810580236060837,0.42600277588601543,0.727720549185727,0.7616850213255105,0.769197726569306,0.4997039430985734,0.44028194774230495,0.42572851352798047,0.43119462889311133,0.12356257446047217,0.6580333893057753,0.501279391976492
2019-07-24,0.43845334848510065,0.44341168539373865,0.4416578124377496,0.4456267490011975,0.13318617380465186,0.43961889282752686,0.4276559046761853,0.8014302467215806,0.7671222378797554,0.768958947370716,0.5172377787702133,0.44221778950216356,0.4283474718686383,0.43348350886199494,0.13553815468328975,0.6639784660620556,0.5436500745183441
2019-07-25,0.44986875781346203,0.4454786354344922,0.44915210644656545,0.43920251749707906,0.09068059921945607,0.439938811082616,0.42892558013056903,0.6835795848449862,0.7635164917460243,0.7679039710791844,0.5087605211456463,0.4419949945779456,0.4326257280609077,0.43548365457543914,0.13754821492375316,0.6595496229392213,0.4599541514013087
2019-07-26,0.44445772663616734,0.44485134230417833,0.4524790775840082,0.4469559550349611,0.06967772471239628,0.4412035014084116,0.4307463113085708,0.7470415547250988,0.7667309356545761,0.7678301852118594,0.5189514469363509,0.4423796547681031,0.4370144012583135,0.4378504184210188,0.13660252023960645,0.6632292639859181,0.5368298033251885
2019-07-29,0.44994302128452546,0.445774049783796,0.45437998927552714,0.44518373906232944,0.06081347121718748,0.4421971858089241,0.4324667315383388,0.7163915146639159,0.7659372673702285,0.7675809900402746,0.5171295954806003,0.44305296287183143,0.4400270090264602,0.43968531625841045,0.1302824245035478,0.6598658233297815,0.48506604097639755
2019-07-30,0.44493963063254927,0.44322737330178696,0.4490427341681915,0.43898130622291076,0.0733560328946429,0.44303279140407137,0.43398654805196335,0.615167014533126,0.7576801699929157,0.7654031963675267,0.497098617068524,0.4422745957547242,0.4437528644177192,0.44112703832326583,0.12912164520165584,0.6560549718563459,0.4611286303263094
2019-07-31,0.44215960440621094,0.43831794385636047,0.42999573142473,0.4259482263706189,0.12934873748140957,0.4425999220759159,0.4350937116092629,0.4459586383523149,0.736990210113966,0.7587035543210435,0.4501334000457244,0.4412928016674495,0.445818530234631,0.4416436883870506,0.15176694998057938,0.650246781851422,0.42360870026239156
2019-08-01,0.4325233081638793,0.43960993048695785,0.4377096027745573,0.43026801381748114,0.1382456326465662,0.44208803729822654,0.43617040494337267,0.492442650280367,0.723764186642961,0.75017482618827,0.43113598617953475,0.4408861187997562,0.44712510604048283,0.4420805748685941,0.16307329474297746,0.6563723366211867,0.5186055368298943
2019-08-02,0.4281126673056671,0.42436567981900497,0.42498734780005476,0.4238068941879837,0.13513039327091975,0.4414029952080155,0.4366376453328227,0.4201516268153866,0.7059942806405419,0.7390940945686962,0.4046301443877838,0.44058898154017295,0.4477259770328391,0.4422249283971579,0.1740611175206785,0.6503579068218215,0.45894598905581596
2019-08-05,0.40591173568326344,0.4067592043546867,0.3968011468353314,0.3922032864647086,0.31045084266511075,0.4369954661255432,0.436056129486195,0.1841223317538035,0.6602805540857948,0.719276295526148,0.31388445064753556,0.4473202046908907,0.43791327346624276,0.4408326045104989,0.22070464573754747,0.6380895499882616,0.3184570723768315
2019-08-06,0.40509627599105646,0.4047290328054325,0.4083168853576078,0.4055683007063592,0.17627317813579343,0.43382624896377375,0.43588218216525265,0.3145760153291522,0.6371683345442076,0.6978842649133896,0.2975340290437283,0.4490785295518745,0.4340682506236433,0.43983537538837125,0.2251911472843239,0.6455716007948601,0.572875795552392
2019-08-07,0.40402166341440515,0.41499045586672256,0.40908476705089625,0.41605386782347364,0.13570570270375032,0.4308113739161603,0.43639514000970336,0.40146904487069895,0.6292114853973192,0.6788641437092637,0.3221693619712733,0.44922803677107487,0.4323795069024914,0.4390774883875561,0.23730579047169317,0.6516065526909199,0.5547242013809753
2019-08-08,0.42611133404791346,0.43056674349806867,0.43186032760445814,0.43296313779322815,0.12162898253874668,0.4301752860737659,0.43751753665856186,0.5181124508148267,0.6395007807649816,0.666113408027151,0.38728500214867956,0.4489804911868183,0.43231396312591297,0.43891793100272736,0.2439080527654187,0.657139368178495,0.5899831058139736
2019-08-09,0.434302110223194,0.4311202496130042,0.4365395586952544,0.4298247689224005,0.07615301598829796,0.42842880810172146,0.4385104247586836,0.4946928658696193,0.644364071685423,0.6570780857806566,0.4258743540930702,0.44868077454893646,0.4321335402636449,0.4386747932059094,0.2354871362495977,0.6532287443838953,0.4773554619561384
2019-08-12,0.42603718810688185,0.4257683139575872,0.4283141950980003,0.41981956978195845,0.11737740502804125,0.4258429998198948,0.43886466231364296,0.4233904298360383,0.6382058700426069,0.6483742952720899,0.42931773802256173,0.44817878733676236,0.43102965456498255,0.43787131579054206,0.23500444706353626,0.647847588646361,0.4393482007787213
2019-08-13,0.41473291259983713,0.42676498056818346,0.4232326921682622,0.4282005166246573,0.10255196655860915,0.4247439275530429,0.4394576095440569,0.4811229964469606,0.6414621961551835,0.6421914931949146,0.45550144853350616,0.4480495154916749,0.43089500018811233,0.43773835533256433,0.24226042296702097,0.6526999001403507,0.5416058434729528
2019-08-14,0.4215895627466414,0.4206007774027306,0.41939400319095255,0.40937112574643575,0.11531893971695592,0.423053937094106,0.43923287043765413,0.36067045034712847,0.6254490567740676,0.6334084315751682,0.42849440547523143,0.44842600953642914,0.4283362155676115,0.43666703800924633,0.2535228159168925,0.6473921727558832,0.39035622377244233
2019-08-15,0.41518304576811527,0.42069477607690164,0.421625545644847,0.4205002966689304,0.10317011818324626,0.42205814481650084,0.4391889891953874,0.43506999893993065,0.6238170845216954,0.6259909544140796,0.44267775820247934,0.44769938505346935,0.42755201732464765,0.43590617732634707,0.25368105263122376,0.6522665345878108,0.5580354286923148
2019-08-16,0.42906463648731596,0.42708943412841416,0.43509815042283595,0.42774693365622196,0.13610148295186783,0.42245982115665914,0.43942097821103354,0.4799247425508097,0.6296743590192403,0.6214604019039791,0.4726621874791574,0.44752883582558484,0.427439944968119,0.43576317464726655,0.24598998819762483,0.6583156045220222,0.5352023519559057
2019-08-19,0.4380469074327735,0.4332624456937366,0.4384663379511048,0.4333299631801588,0.0743434434105649,0.42665257433060677,0.439904645533325,0.5133845701533255,0.6397057210381784,0.6202395191908134,0.5070373693604657,0.4473170528071226,0.42744075881908283,0.4356547863529322,0.2377463862469428,0.6621616783174442,0.5255388895564933
2019-08-20,0.43437235741398794,0.4340387533918211,0.4398210083018643,0.4314813276993771,0.04391732681043962,0.4292943371679806,0.4401292109166307,0.5000262512257432,0.6456257947919626,0.6206812892222788,0.5243061586986285,0.4468002642885162,0.4274393114410301,0.43538860251996314,0.22911190550092733,0.6594009468982743,0.48445058414866
2019-08-21,0.43904901485005576,0.4379568447496842,0.4462277902812065,0.4377667000818456,0.04192414483924998,0.43150790154121077,0.44036931643696897,0.5395088233417396,0.6562113819158699,0.6235710593612558,0.549731791497135,0.4455384502435977,0.4279325530688156,0.43498421499891904,0.22299213599544057,0.6620905787129385,0.5292339147838119
2019-08-22,0.4437257619688839,0.44032259553712105,0.44026026978639654,0.43462398452108475,0.10239283841761346,0.4316772203616407,0.44031977909387154,0.5145975142933525,0.6611121255153298,0.6270571156013688,0.5559249903470117,0.4449485994851539,0.4280690003987554,0.43474865646497374,0.22508593742665786,0.6572439435435664,0.47745560842823614
2019-08-23,0.43481767299045393,0.43355807649832356,0.4242613252670496,0.4166548270762659,0.11039004755483292,0.4303345805014318,0.4397043428025472,0.38824589844323204,0.6470046205835636,0.6264657391895473,0.5135756027589087,0.44197892473277506,0.42800130738418574,0.43318970967650183,0.24258264776039432,0.652112036675461,0.3960787313074423
2019-08-26,0.4231630107727834,0.42309723533214205,0.42832513458665744,0.4253805721609636,0.12472178076630402,0.43090150961501483,0.4393585126374657,0.4487067192980139,0.6442697602841158,0.6253373532761674,0.5079980677114064,0.4391771583551433,0.42885184910358654,0.43217086696264173,0.23543967363899745,0.6577551766261178,0.5437784450677554
2019-08-27,0.43025238087096473,0.42871584424358566,0.4341462707474377,0.42830154779607776,0.04857896529986474,0.43091180946898977,0.439273111575029,0.4683803209644634,0.6447998974889354,0.6245616677955285,0.5116613157902077,0.4376902059062043,0.42928557068068784,0.43162140969082463,0.22764349451237678,0.6606821952472279,0.5108483859065204
2019-08-28,0.4253158550639322,0.42797659104483055,0.43081469837277064,0.42937377047230385,0.05632728170373196,0.4329510248605466,0.4392448957120276,0.47588034728588885,0.6460741835004884,0.6242464440500509,0.5164438037321214,0.4379903419490891,0.4293302076721527,0.43179764870685633,0.224751582434057,0.6638856072131822,0.5005422477140046
2019-08-29,0.4379726465314915,0.436847960543011,0.44282301327344387,0.43861712409337195,0.06198449112656603,0.43479798629171784,0.43935934691233824,0.5388982867625551,0.655907345568634,0.6263503347521481,0.5415694217632897,0.4392028437583166,0.4289391229540618,0.4322271976882982,0.22059667016844467,0.6672908197966333,0.5456924097219547
2019-08-30,0.4438742196478226,0.4397680583838084,0.4441409585153574,0.43732304401339284,0.049376646109214946,0.43577424477649396,0.4395930812390979,0.5279582486534626,0.6620297885016987,0.6295004120780893,0.5524354167666994,0.44060291844796823,0.4288909356065409,0.43292258296872566,0.21545266064662702,0.6643353467790424,0.48755334319617816
2019-09-02,0.4438742196478226,0.4397680583838084,0.4441409585153574,0.43732304401339284,0.049376646109214946,0.43577424477649396,0.4395930812390979,0.5279582486534626,0.6620297885016987,0.6295004120780893,0.5524354167666994,0.44060291844796823,0.4288909356065409,0.43292258296872566,0.21545266064662702,0.6643353467790424,0.49460670735994955
2019-09-03,0.4384180361259392,0.43633041404558426,0.4420541694228589,0.43133330528543545,0.06126637438771367,0.435570690918172,0.4394519655634421,0.4773412897333826,0.6605834166429342,0.6316739167596204,0.54229245256435,0.4372847727492499,0.4364125539267847,0.4349357627175646,0.20847178367248834,0.6609557504297633,0.4618965329397289
2019-09-04,0.4398285749801404,0.4398421345633069,0.4455323135383108,0.4408356393918482,0.05128618380116327,0.4365243376305009,0.43959573354638026,0.5453488294683362,0.6683729132800444,0.6352791188074375,0.5571624729544955,0.4372477855291384,0.44012200148310077,0.436750213468594,0.2071943880859792,0.663979339342766,0.5469684107392493
2019-09-05,0.4503325666631539,0.452705563946742,0.4577236207223838,0.4517796648188095,0.09682131337839245,0.4379529213885279,0.4398073323185314,0.6139899061157377,0.6847195193283175,0.6420800005115667,0.5903537204686322,0.4409240914678257,0.44001995252403003,0.4385882511999748,0.21157977312080942,0.6686272303771277,0.554060046900344
2019-09-06,0.45408126826444195,0.4565127878346066,0.4620069383315206,0.4555138826448052,0.1295466276054683,0.4400825898581605,0.4403682801584954,0.6357860685933623,0.700533809666909,0.6513098807111527,0.6155819970622922,0.4451253802374369,0.43800088779512125,0.4397484526060721,0.20493681976918662,0.6744424794011273,0.5145677698864854
2019-09-09,0.462172861429597,0.4577697089338457,0.44355524624709064,0.4400221622447541,0.11525773658580374,0.4424648263168037,0.44012982702761405,0.5019643993163618,0.6969501873808326,0.6578351329112072,0.5874909532091314,0.44594888831836915,0.43820647277644675,0.4402730929294403,0.23171033144937583,0.6691369352184359,0.4122468267924927
2019-09-10,0.4342980228491016,0.4306009173555385,0.4226870185836791,0.42079587158438836,0.2777459294817523,0.4419974285246836,0.4392911282762111,0.3724586427805499,0.6745576524283559,0.6576899829453217,0.5182102388949671,0.445892206442922,0.43836700620336355,0.4403233221671622,0.25779623680557284,0.6580352086405886,0.3900334446203217
2019-09-11,0.4268375412134172,0.4240582842507352,0.42503013680057256,0.41573050933587496,0.15245087938698945,0.44071584524071195,0.43849153338190894,0.3428403269971187,0.651531646360518,0.6520567287285662,0.4612092105803147,0.44636512236262166,0.43657749217495956,0.4396817593236413,0.25593446695645194,0.6514029327386097,0.46624342249808626
2019-09-12,0.42479630093659615,0.4295291581401576,0.4331944517827617,0.4268226746548842,0.1246075349214866,0.4404557679395593,0.43852160565800447,0.4225438324516589,0.6440718384051358,0.6457627219381994,0.4543464444163094,0.44501207128041126,0.4398002616782076,0.44057961488076025,0.26002287252299683,0.6570419973792846,0.5572031143640799
2019-09-13,0.4314772587665985,0.42716342951208885,0.4307781604937383,0.42419756763049377,0.09103557738013876,0.4389857332575706,0.4383128430164127,0.40560074115922545,0.6354789527183213,0.6386686225866463,0.4460364530878302,0.4448319420728108,0.44037232161785356,0.44076983382902835,0.2535322704208799,0.6526004916861493,0.4800421529143754
2019-09-16,0.422272342271342,0.4213600721462738,0.4289110166781466,0.4199086769255892,0.053301806920442056,0.4372103857529607,0.43817878332654336,0.3775978063824778,0.6244692739956145,0.630355374743976,0.43337402641273143,0.4450860342725215,0.43929235341872497,0.4403665674828351,0.24144347011982006,0.6495050026613229,0.4707158837386912
2019-09-17,0.4247221170123131,0.4252783133901423,0.42719035674792005,0.4211658101411361,0.0873939910765835,0.4361738371927084,0.4391748045025182,0.38764886410416893,0.6171149017851385,0.6219426359298631,0.4323406845844763,0.4449948499118907,0.43812094425852144,0.4397407403736754,0.2391578055917877,0.653816607848785,0.5016555636122212
2019-09-18,0.42568699678357913,0.4212860415569566,0.41909928146103936,0.416876743219072,0.16120088703738084,0.43373129269372757,0.4395637018353541,0.35768550099603397,0.6072846729933457,0.6128570780062532,0.42535259191021546,0.44518966464879145,0.43639827028128486,0.4389893567914017,0.24395436601505058,0.6468722068662278,0.4706038742640933
2019-09-19,0.4223835936904997,0.42213624925071014,0.4292770534975865,0.4193540040466802,0.10860699633393245,0.4304255845019296,0.4396771935185595,0.3796278648270533,0.6022433440071808,0.6043807066497511,0.4316797787079363,0.44453856802439,0.43515836069461455,0.4380420516814977,0.23475405040626138,0.6519405097892584,0.5085619065437567
2019-09-20,0.4268375096564143,0.42294937377008324,0.42319956968416184,0.4123289307678758,0.2280734682386351,0.4260229957563929,0.4389675831484028,0.3287950793405469,0.5917193225500749,0.5950780068604146,0.42309729407497215,0.4445338156941127,0.4328425889670915,0.4368950051921804,0.23576283178272747,0.6426106697728291,0.45518292188202125
2019-09-23,0.4101350115570327,0.41415196151429434,0.41895278010883263,0.415471763806743,0.14612451573022478,0.4235201492053615,0.4384739833090454,0.3586942035714081,0.586962655640882,0.5864961283206763,0.4305839507746215,0.444600842221822,0.43264978239043717,0.43683413839253193,0.22922944852560154,0.6490172753845601,0.5124363989601242
2019-09-24,0.4220496514649654,0.4213600732451058,0.4211861492594292,0.4138819913331996,0.1713483661824139,0.4228152978611104,0.4382697899889104,0.34641814018529365,0.5821508640508424,0.5784776986600464,0.4364360927974026,0.4448547073188021,0.43118904401837377,0.43624255395785805,0.2313675852823557,0.6417108995475387,0.4856315562054102
2019-09-25,0.41347559330491623,0.4157044827329248,0.417488406237286,0.41683979635463975,0.12559698554178034,0.42292838666478216,0.4378790948240249,0.37672042651759247,0.5817976982089633,0.5719783348131287,0.45221354699672833,0.44475837299248194,0.4300961007772206,0.43565286433890227,0.2301689901059439,0.6473852592835925,0.5113463148544909
2019-09-26,0.42034214669061776,0.4185876564167573,0.42561596972052984,0.4182077701634833,0.17908240185567895,0.42205012051166,0.4381829870214823,0.3910343750554413,0.5833871202010183,0.5671596763678266,0.46966983641960164,0.4444976761392903,0.4292047641500235,0.43507839066434995,0.2202388213453688,0.6549675190517102,0.502313378825428
2019-09-27,0.42423931736320186,0.4199922052590146,0.41737845156401365,0.4121070733641229,0.1544705827150117,0.42081752740522804,0.4378943440758719,0.3370184851052796,0.5791769454136542,0.5622959728647902,0.46920198550169245,0.44334368947888875,0.42764464669687074,0.4337144890134633,0.22712156041540374,0.6482631974911227,0.46030997507583343
2019-09-30,0.4148488449726032,0.4148912142715113,0.4160971290974427,0.4047494195663751,0.3024067111273413,0.4192720822225966,0.43710345957684893,0.278034511695804,0.5692417546647472,0.5560244938347337,0.45458042421053735,0.4426414979536157,0.42498381703759136,0.43203862574890783,0.22720595923113787,0.6362817861443245,0.4528514069531756
2019-10-01,0.4105805504758673,0.41256262973561764,0.4190627608045323,0.4131794722575085,0.13271490969478,0.41845789673074485,0.4364104842032428,0.37126623542367315,0.5703728366883989,0.5512783229324577,0.47042271287814036,0.4418960538720666,0.42386890783327924,0.4311046387456545,0.22342707583665564,0.6422100522469294,0.5430014368936781
2019-10-02,0.4091700416334195,0.4056133011040829,0.4035763282572553,0.39668930543198944,0.18269746680240162,0.41639984218767345,0.4352139865733934,0.25131104708706914,0.5557922326587637,0.5439878081426995,0.44399642588667265,0.44071003828976113,0.42050630248214127,0.42883337723871173,0.23761348250608752,0.6344988380272414,0.4011793689340224
2019-10-03,0.39903722076613235,0.4063526296497292,0.403722857444215,0.4079292582087276,0.11428460680048391,0.4152351203283061,0.43418787696103467,0.35995207537623536,0.5561847583451623,0.5382494472244435,0.4601175421654249,0.43504143527452294,0.4218332442138456,0.4265773407422764,0.24350006322998888,0.6397696693016942,0.5599606041241092
2019-10-04,0.41674174989438006,0.41884637150684123,0.4249935342623049,0.4194278390364916,0.08949325847510359,0.4159588347772205,0.43366528152477546,0.4543244017334062,0.5685568022134107,0.536623155645527,0.5028266763452947,0.42626081976514246,0.42720269307782577,0.42472076887245935,0.24370019087365893,0.6441561583100738,0.5602886515464186
2019-10-07,0.41666755333965066,0.41577833765277705,0.4226504460708451,0.4154346994642044,0.07359472510613643,0.41595505616800066,0.4336233213367552,0.4235507963412732,0.5750244924352599,0.5368718099442631,0.5223004031870485,0.4212719524537703,0.4298282828656158,0.4234557814373163,0.23488532240296525,0.6403367923497116,0.4722002772070533
2019-10-08,0.4126219430074093,0.4118972014318709,0.41562129909893597,0.4062654157891603,0.07539409716201081,0.41517856694403954,0.4329659511178787,0.35703078346176637,0.5717309173928182,0.5362815780430483,0.5135874899750619,0.42090365787123,0.4286985633449283,0.42270821166275596,0.23184323012411626,0.6364532402571346,0.44283802649271775
2019-10-09,0.4146261295122937,0.4168872856033361,0.422064673243281,0.41536080573533996,0.09458739909133751,0.41502778786076433,0.43252091900433354,0.4316617181381846,0.5786877971181025,0.5374762920812535,0.5321264515876923,0.42088119731823853,0.4286834237933842,0.42268919097674307,0.23238623197013156,0.6410214444266715,0.5466967961413574
2019-10-10,0.4138095549739007,0.41655456549840497,0.4218816084119945,0.41536080573533996,0.06368185796385342,0.4147375475570122,0.43203901315344373,0.4316617181381846,0.5847021907464347,0.5398731389784481,0.5446121490163405,0.41915184112080567,0.42928766454393197,0.42209949531371804,0.22517552204631067,0.6444872044727109,0.49460670735994955
2019-10-11,0.4248704047034213,0.4287527963524548,0.4338167956335365,0.4234210373478319,0.1451228244837006,0.41589097550673026,0.43151641973722055,0.4958933341068363,0.5977915584085098,0.5449268876475533,0.5722074945504408,0.4189927846361013,0.42937214192892914,0.4220595440158008,0.2307872202321722,0.6508580783487077,0.5401190133396282
2019-10-14,0.4267634722392295,0.4258327275689572,0.43476872690365964,0.42453032436659666,0.11424584481742087,0.4179075851141272,0.43107647811442307,0.5045232227659799,0.6094776493430121,0.5517699263415276,0.5907915750832642,0.41980305032930826,0.42901110563839073,0.4222973207231705,0.21781278612914692,0.6561275269287022,0.5007932059331885
2019-10-15,0.4295470687291312,0.42960286376807644,0.43637944569833953,0.42966946286586816,0.056292599929412386,0.4195886949431542,0.43101925857437573,0.5446444375589596,0.6238718382226051,0.5606932694592817,0.6123982148157675,0.421577856807928,0.4280517053046785,0.4227348206777455,0.21017320201092363,0.6593297017469835,0.5232192222873606
2019-10-16,0.42876759572625534,0.4252780717287272,0.4316932817210818,0.42641578923370427,0.09931432092065831,0.42261922936178187,0.4305233599340378,0.512469369132333,0.6320165673355216,0.5697834575492415,0.6141311146569739,0.42290707715988457,0.4276631766563611,0.42322559003688853,0.20559003276814755,0.6545928816269452,0.47663251282247865
2019-10-17,0.4323680722552742,0.4287159061245225,0.43619652363860273,0.42667476971904894,0.0662421889503867,0.4245302834307979,0.4296600026030487,0.5146943445939758,0.6386071284320687,0.5786347359952975,0.6116497304203949,0.4239839303675154,0.42730602999571976,0.42360223225791915,0.1964970866499174,0.6581499722806148,0.4960444655309833
2019-10-18,0.42869334080967103,0.42505629052626914,0.4253962264571629,0.41842956882818305,0.09529327520395944,0.4244285124899241,0.4283846730678702,0.4326620983560681,0.6355888722123489,0.5849925710356939,0.5857521104645693,0.4242530908090792,0.4276613126351507,0.4239161007754446,0.2000547309540693,0.6535565885172611,0.448850601677733
2019-10-21,0.4216412470345502,0.4196226367785968,0.42561595889511383,0.4210916814560589,0.06645231970067589,0.42500522646478334,0.4277336538422123,0.4584256366298654,0.6357427664435162,0.59011571281547,0.5729282313450403,0.42468615571795515,0.42779621111389465,0.4242052369614908,0.19399002308435673,0.6571211748303616,0.5095673907077273
2019-10-22,0.42535300988658975,0.42354090738388883,0.411594117927927,0.400497593204009,0.17246634337812725,0.42441721259198784,0.42703559605800256,0.29048751947255885,0.6156384654482034,0.589397145624134,0.5122545627616591,0.4254255510164752,0.42563456591535787,0.4235166301047568,0.21830015560593855,0.6497749191742316,0.37934326072246666
2019-10-23,0.4030458050772402,0.4027670630598629,0.4093974383917568,0.40219838248800865,0.11182628103253764,0.4230753392325398,0.42657022622189866,0.30785043055758704,0.6016931547610974,0.5854809329350414,0.4790428974531967,0.4256345474015341,0.4238933193791461,0.42276335170676504,0.21013627323295828,0.6549580585106809,0.5044362090644822
2019-10-24,0.4120651303671977,0.4201401628620778,0.42118606499818556,0.4200934699868035,0.12713318413370028,0.42355782152010324,0.4263388088764437,0.46688980942608077,0.6085682447483314,0.5839952651551696,0.504287235544728,0.42581589128137515,0.42390113313720656,0.4228603680847558,0.2243533664552074,0.6606872166113128,0.5977514617256958
2019-10-25,0.4176698334688016,0.42856806759320176,0.4215522761741627,0.4263420717219992,0.17318854032572306,0.4238556130540081,0.42641255837116887,0.5131042342164582,0.620288414992208,0.5856149362452138,0.5365401776827367,0.4271226945183008,0.4240247081613965,0.4235927370250858,0.23816735697589173,0.6680592340483998,0.5296332250850663
2019-10-28,0.4325166010289371,0.43237540688974885,0.4393085436270402,0.4336997842588002,0.17229905481964458,0.4247904146265352,0.42688683454604515,0.5640557330228657,0.6367556009700929,0.5908562846746341,0.5741559595869522,0.42941313933779895,0.42465772134716395,0.42508218910501727,0.2306661672188465,0.675399522286342,0.5354584233753862
2019-10-29,0.4357456490472533,0.4317099251045119,0.4357205001659872,0.42552853583585193,0.1210169512272248,0.42436825834417125,0.42703686868068946,0.49318389197217266,0.6415688577418697,0.59620264131112,0.5752466050103265,0.43026844875210263,0.4250542244278308,0.42571752957921805,0.22553773624933207,0.6698885388165271,0.44974007452400416
2019-10-30,0.4282851942140563,0.42956606092734095,0.4321327249377548,0.4315182745638093,0.0761754571363871,0.4248884428879124,0.42754039093693286,0.5359764190815532,0.6510444195977441,0.6027501137053556,0.5877217385331298,0.43037367349127514,0.42857024113795095,0.42750942688574245,0.22322480050547824,0.6737999631184446,0.5279043126132626
2019-10-31,0.433704251600439,0.430601028587727,0.4380636231296593,0.4300762895479949,0.10587937678891654,0.4252352186110697,0.4279091303304151,0.5229710806531433,0.6567974762912319,0.6093665497866141,0.5884380152102823,0.4312292641769984,0.4299863305626104,0.4286488578477714,0.21287222767539973,0.668828958221232,0.48666300448833033
2019-11-01,0.4369704272513013,0.436589134760177,0.443738177563065,0.437729635739307,0.10933531359464352,0.42720280809949096,0.4287826605627554,0.5780378481630355,0.6684626094932602,0.6174547168436891,0.6037238361767427,0.43360448724626804,0.4294228155315837,0.42959045735627843,0.20797368431290622,0.6739232412453973,0.5368599024126766
2019-11-04,0.4442083889698497,0.4405814051747362,0.44099256067950343,0.4304091050231509,0.11248931495335301,0.4281526941674615,0.4292963557203503,0.5097549606641283,0.6699841395363075,0.6242898159063438,0.5907091117901173,0.4345112571727406,0.4300391098545806,0.43036086766863446,0.2103442106439686,0.6687164505563744,0.4546533292650924
2019-11-05,0.4330360519480071,0.4300834090028699,0.42770265843479705,0.4208697653132528,0.11846070044943499,0.43022958187376015,0.42953666526432566,0.4297769129460151,0.6613713366214937,0.6276942289801211,0.555077020952978,0.43385368036090394,0.4322427070330348,0.43111223916276964,0.21738265733249865,0.6632966521474045,0.44196766271521737
2019-11-06,0.42301466297976964,0.42501953841674067,0.4312175067610552,0.42234893214971203,0.10917822555801956,0.4322838757724733,0.42972612444179636,0.44217416162457107,0.6556914441946179,0.6290568317594359,0.5338701923127693,0.4338722524789554,0.4329508049996742,0.43147176760164396,0.20965167864985237,0.6683853316203446,0.5028883018831184
2019-11-07,0.42665213306816696,0.4341126667763211,0.43381687446995565,0.42848645833539845,0.11396635051849255,0.4331395181765738,0.4300796085233235,0.49308245803749245,0.6569294548183304,0.6304435468764281,0.5341206299830191,0.4342730680366608,0.4339004983978624,0.4321470623957966,0.21367795488213567,0.6736448102455621,0.5288918657339253
2019-11-08,0.4304751641959458,0.42967698321417747,0.43729488604733324,0.4304830574910685,0.04596763170403798,0.4335616804472252,0.43071155860903765,0.5093589557193747,0.6595240420484678,0.6321745936979093,0.53769695804459,0.4348457134338131,0.4340404408228238,0.4325103925542457,0.20376232671287994,0.6764786789242287,0.5056562528148236
2019-11-11,0.4309204145772244,0.4330405997285859,0.4387591619045208,0.43259037976192916,0.04032062280306261,0.43344857966697903,0.4316690092174188,0.5269859369443382,0.6632601800333365,0.6344546265596327,0.5433988848655386,0.4356044591194997,0.43409085593169916,0.432925070103233,0.19767776357855185,0.6791111108523612,0.5062338259367467
2019-11-12,0.43626531580344474,0.4356281485100635,0.441248789623676,0.4333299631801588,0.09135179355775841,0.4342439140307418,0.43236198459102493,0.5334197124000639,0.6665106355678112,0.6370574765618676,0.5467517564812396,0.4360511658132939,0.43400761914070174,0.4331133972578175,0.19215020694185367,0.6835638964213393,0.49867439348473597
2019-11-13,0.4342609188040272,0.4349627639384094,0.43766084167878627,0.43210977682904417,0.0917516540146194,0.43430421608279235,0.4335800945861561,0.519416939306806,0.6674271112351219,0.639359348240695,0.5436257090975857,0.4365902663477342,0.43404002501795713,0.4334063442295426,0.1919160152746522,0.6790968472674246,0.48790318843938124
2019-11-14,0.43388919640839896,0.43197285976109756,0.43933861504744187,0.4344801325799169,0.16667856727550182,0.43475317593864005,0.43449317914362773,0.5424081205002518,0.6700156408310882,0.6418210688753498,0.5452859463016709,0.4374030745351308,0.434007741922529,0.43380791823633846,0.18393980926837786,0.6862366448089356,0.5076530367932558
2019-11-15,0.43771855254914016,0.43534211237669973,0.44307910650067384,0.4345541437868877,0.12583159754453038,0.43442944314460785,0.43501337275706986,0.5431546771591791,0.6716391387577403,0.6441794427619454,0.5442125572691242,0.43828948490808434,0.4347649179829196,0.43463750300894544,0.1758585716578634,0.6919193734851309,0.4950126112094015
2019-11-18,0.4360084456074875,0.4340093235261676,0.4427124567922265,0.43414684719233565,0.11287489467961181,0.4348104958236675,0.4356568835088749,0.5374902551588883,0.6720173956719134,0.6461567739230021,0.5402549379902828,0.4390603210950989,0.4353227126771767,0.43530917136153224,0.16676003790590468,0.686698828624919,0.49237319591777917
2019-11-19,0.43905688654394914,0.443858002900668,0.44718624853733524,0.4456646356904802,0.140950811043493,0.4373382656260032,0.43701182266324645,0.649840064995374,0.6830770130202438,0.6503885727317728,0.563670487030089,0.43878226222737043,0.44031317395177727,0.43763294676438325,0.1704548522602661,0.6929208809131838,0.5578060069060085
2019-11-20,0.44619537708511947,0.44474678094422837,0.44773649209950583,0.4415538417947307,0.089756431939058,0.439296154089169,0.4379126011613391,0.5914961952236888,0.6870963235566684,0.6547370565957078,0.5648824115543493,0.4362336594198238,0.4470584742413747,0.4396577250821635,0.1711261330426801,0.6885250041371673,0.4724341654252985
2019-11-21,0.4419571470155367,0.43952626624878177,0.4439594433027365,0.43499873968019087,0.07081814305619877,0.43996006351386996,0.43858794970071346,0.506168669531073,0.6831636830381923,0.6572735653946463,0.546062717673908,0.4359490957064734,0.4489057227180112,0.44042457845975036,0.16941878824818776,0.684804682764044,0.4590341767327248
2019-11-22,0.43809038791019295,0.4345646196118592,0.44040208435379347,0.4334430945965284,0.10658933311028193,0.440261831270472,0.43893260824490854,0.4868684168177652,0.6779345606148485,0.6580498512670454,0.5277805363797278,0.4360110528204268,0.44958048223609315,0.4407899152491993,0.16556410476015612,0.6798083527262295,0.4860816362885487
2019-11-25,0.439094123122439,0.4378228737296417,0.44685629035289065,0.43899834054832465,0.07786874376493103,0.4409151054971152,0.4394301633147756,0.5466629633297593,0.6787028563482844,0.658854967065785,0.5280799722819105,0.436634034908795,0.44948454941379123,0.44106251788373985,0.16051273160327417,0.6837801789439504,0.5251211922106119
2019-11-26,0.4430351949129344,0.44363598603432486,0.45089028926057106,0.444849983762323,0.11094291583957436,0.4420895403583125,0.43995222142145574,0.6035628526696772,0.6844510690464782,0.6608763572276659,0.5407125474376809,0.4382688151350645,0.4497967114327852,0.4420565768915319,0.1562516310780443,0.6889318074014324,0.5264828603546416
2019-11-27,0.4487608124462632,0.4496342669765012,0.45474088693437187,0.4515904663286088,0.2001709607463518,0.44407554382985726,0.44081797855522586,0.6619042613865864,0.6949045965022661,0.6649981813826735,0.5625282586636999,0.4415191518689408,0.44850797450228364,0.4430892605240351,0.15431880946796198,0.6972663257281742,0.5310069070011268
2019-11-28,0.4487608124462632,0.4496342669765012,0.45474088693437187,0.4515904663286088,0.2001709607463518,0.44407554382985726,0.44081797855522586,0.6619042613865864,0.6949045965022661,0.6649981813826735,0.5625282586636999,0.4415191518689408,0.44850797450228364,0.4430892605240351,0.15431880946796198,0.6972663257281742,0.49460670735994955
2019-11-29,0.45221836990392283,0.45078206032928414,0.4587747751525172,0.4521088972117232,0.030564843697403567,0.44587274858272785,0.4416926581880567,0.6662380894848863,0.7028410835214172,0.6701972585635406,0.5737169182485349,0.44433035873022736,0.44787968566376524,0.44422280456258867,0.14767878576616297,0.6995507552932091,0.49737871990369403
2019-12-02,0.45337095608412536,0.4490047588142002,0.4459761971621017,0.4420352670743598,0.10694839147970811,0.44663542881641805,0.44250445813993733,0.526658821087225,0.6983573346892066,0.6732821939942825,0.5517588343180075,0.44476063368361823,0.44788067857441827,0.4444443227236049,0.1608328983427662,0.6945416171383085,0.4407845978787162
2019-12-03,0.43723513689592475,0.44074786981556646,0.44520602286097166,0.44244256366891177,0.05921198928537184,0.4474811546169243,0.443238714969464,0.5308566585128065,0.6944428041633871,0.674812203282066,0.5356089244310178,0.44538866905461433,0.4484805355119229,0.44506342580569436,0.15979947941579334,0.6978479306813059,0.49681540070057284
2019-12-04,0.44749687483863154,0.44267354044322627,0.44817674388914164,0.4376283108726208,0.18380320337188452,0.4466618730926698,0.4445156403330912,0.4693411542919607,0.6859128102707458,0.6739923859487645,0.5112029496826758,0.4445572315168897,0.4510890578488639,0.44592562739815156,0.15706126885937782,0.6900972732828645,0.46851569778300134
2019-12-05,0.4422543321108814,0.4403405904142953,0.4467095996199304,0.44240555806542636,0.06115620875163973,0.4467487032569929,0.4458983650827939,0.5226214818991957,0.6832432444703742,0.672696892152794,0.5062624372073691,0.44396604267544654,0.45379119016353364,0.44695751019147556,0.1531079146495939,0.6934729398689468,0.5206835158678691
2019-12-06,0.447794133872628,0.444968958866894,0.4513670199061651,0.44344265478786793,0.2628837691336289,0.4476095375060912,0.44670134353741464,0.5339921484006094,0.6815381909191756,0.6712519586440161,0.5047103133934457,0.44405682376452554,0.45525364457990714,0.4477269836730936,0.1493143464101021,0.7040445122821838,0.5002275976869982
2019-12-09,0.4446710562911925,0.44489489186341813,0.4512203572037973,0.44622030713329264,0.17528984782861493,0.4489121396781163,0.4473849560441099,0.5647803618126612,0.6823102925141782,0.6702810108393011,0.5096332651638584,0.4445409256107888,0.4563886220353406,0.44853664114929626,0.14591434580788717,0.7114914863135808,0.5096379758914746
2019-12-10,0.44708770460827874,0.4444875827493079,0.4534206272183162,0.4437759401754492,0.14249721015727165,0.4493992030053837,0.44773147504147104,0.5282860197420265,0.679907884622321,0.6689286248983382,0.5056715390357315,0.4447209414875442,0.45736584626052357,0.449112121161383,0.13840261713054627,0.7052142717937753,0.4814332486370344
2019-12-11,0.44902100795229205,0.44422840971552524,0.4508169228656749,0.44285003648062327,0.11216289825387468,0.44919531380297884,0.44832716144071594,0.5142505335006826,0.6765305762392061,0.6670374979216911,0.5000760197770677,0.44476175354346176,0.45831438277774494,0.44960191440333785,0.13535274328733396,0.7000191248475579,0.4895986525168778
2019-12-12,0.44377880286159566,0.4451541074960158,0.44949677196910054,0.4451833278889574,0.19485444875359825,0.44854212341235633,0.4487971026183126,0.5442436433670399,0.6756150423885299,0.6653052303268203,0.5017259789806029,0.4447868876216284,0.45964909786006825,0.4502745286527664,0.13626203036960793,0.7081639957133561,0.5072444169153975
2019-12-13,0.44690167262795244,0.45326266898729584,0.4539339101304929,0.45444201240289794,0.14111809960197563,0.4487799781797295,0.4496350398161394,0.6478411748335535,0.6834108774141727,0.6657873332598137,0.5247250678076602,0.44662990543185105,0.4598115020853504,0.4513015369042189,0.14311705735502214,0.7143920154198086,0.5445811528446222
2019-12-16,0.4611412848796542,0.45807612073560644,0.4676126785671697,0.4585159769123215,0.134830497928274,0.4504601418593799,0.4503498820795645,0.686462053505146,0.6928729900847115,0.6684401802061767,0.547271039114663,0.44913744724736965,0.4596996263884877,0.45253433664843035,0.13844258705860096,0.7203957475304713,0.5162993107303822
2019-12-17,0.4617734118956962,0.4579280756868733,0.4614885410277231,0.4558495175945124,0.17479206236191044,0.4518269444584193,0.4512247778562485,0.6401258862386778,0.6969414434087793,0.6715372774123366,0.5518851500134236,0.4504394630740241,0.46060549319449473,0.45365090591842117,0.1402351184556037,0.7129665302068525,0.48049249509489617
2019-12-18,0.45812983055636547,0.45666914734803254,0.46442220590402017,0.45355323178966367,0.1494906879435952,0.45345044696463344,0.4523487622534116,0.6008150329665882,0.6970997159200266,0.6740528779802518,0.5458455587763933,0.45136977964639874,0.4604597476974477,0.4540567621482994,0.1349077554238386,0.7064398484974405,0.48240474174703835
2019-12-19,0.45433755706067047,0.4571875091511953,0.46295534541946937,0.4596270261026807,0.08595571749450703,0.45520612893409607,0.4536307558873902,0.6646392806591022,0.7023775762126275,0.6773299574132264,0.5537544971573259,0.45350962515354015,0.4601170636195415,0.4549865998979946,0.13327285461740276,0.7107001484431661,0.5269897625699022
2019-12-20,0.46586304544668056,0.4630746169641974,0.4695563058832031,0.46503419090148224,0.19622947910015076,0.4574073274942694,0.4548876323936083,0.7144362563242532,0.7109544801652026,0.6820066855837205,0.568291651276667,0.4562108327294803,0.4604361194958255,0.4565318780237978,0.1304666996725413,0.7188940685755322,0.5231821052469886
2019-12-23,0.4679078724042761,0.4639632904487968,0.4721233658955295,0.4616269733843805,0.0854966940108656,0.4589779953425648,0.4559586716469233,0.6542737583314482,0.7133989653309032,0.6863337777206873,0.5646602309289669,0.45731273599769345,0.46222459727394327,0.45798189557373514,0.12503972305497624,0.7146501426431267,0.47674032349797724
2019-12-24,0.4640041732356588,0.46251932605665336,0.4717933794913147,0.4634417751705472,0.015912814099569336,0.4609828738953473,0.4570196511209037,0.6722732915816239,0.716117493179394,0.6904468228857409,0.5624370775505027,0.4589976703851995,0.4630177860620863,0.45923947297994516,0.11816038188246109,0.7164119137029824,0.5041697582132217
2019-12-25,0.4640041732356588,0.46251932605665336,0.4717933794913147,0.4634417751705472,0.015912814099569336,0.4609828738953473,0.4570196511209037,0.6722732915816239,0.716117493179394,0.6904468228857409,0.5624370775505027,0.4589976703851995,0.4630177860620863,0.45923947297994516,0.11816038188246109,0.7164119137029824,0.49460670735994955
2019-12-26,0.4669412714000548,0.4668142882724018,0.47469043041955983,0.46933036524897764,0.07336419331212984,0.4636824716104475,0.45825770493157136,0.7269591738032337,0.7230034174375701,0.6953871573290572,0.5710295418002819,0.46199167769735566,0.46245430392368536,0.46049895124594276,0.11483894598869421,0.7202230562699881,0.5255554157803065
2019-12-27,0.47381932609740207,0.46944308186061534,0.4775141146854217,0.47018208151967333,0.07768105416273097,0.46623102675763595,0.4595670114724546,0.7344935957042817,0.7281504719589379,0.7005726822133641,0.5735761602008289,0.46467833564400024,0.46159728272416023,0.46145546147335503,0.11058953611445291,0.7241881873355958,0.49904545283591656
2019-12-30,0.472220650001387,0.4679250499204447,0.4725634137772561,0.46440462572980523,0.06513441227653208,0.467246688172153,0.4605961147781815,0.6269903383846362,0.7253939818107997,0.7040606347282072,0.5559446856014465,0.4659663738190251,0.46153850001647556,0.4620880579401042,0.11240896530877112,0.7206706126340722,0.4645338807050378
2019-12-31,0.4638553159372,0.4624451484688725,0.47043636752958984,0.4646637824323093,0.07409863088595614,0.4678734402748109,0.461631585237415,0.6298565815933301,0.7223797438454753,0.7061287718153944,0.5411980744413944,0.4670291132062014,0.46278941830302966,0.4632522605200625,0.10857850938714009,0.7245079536223902,0.49596687398628064
2020-01-01,0.4638553159372,0.4624451484688725,0.47043636752958984,0.4646637824323093,0.07409863088595614,0.4678734402748109,0.461631585237415,0.6298565815933301,0.7223797438454753,0.7061287718153944,0.5411980744413944,0.4670291132062014,0.46278941830302966,0.4632522605200625,0.10857850938714009,0.7245079536223902,0.49460670735994955
2020-01-02,0.4710682162080425,0.4740714949125291,0.4784310692546606,0.47658933743743104,0.14468624214814832,0.46998780867066126,0.463091182457516,0.7435509600818364,0.7306062399161112,0.7097543868104057,0.5573744876917923,0.47018206691401615,0.46306692637457714,0.4650090599162987,0.11593918814926618,0.7308632539923847,0.557173876273484
2020-01-03,0.46887468642586005,0.4734050704741123,0.4754973102450587,0.4709600215396108,0.06648292126625199,0.47176238368622303,0.4639610907652888,0.6474856536698828,0.7303792945403942,0.7126005016773457,0.549278375292975,0.4710760448303681,0.46560734266759063,0.46672392555989506,0.12252841633393668,0.7272975760783962,0.46557022105597307
2020-01-06,0.46735015806155566,0.4669253337051723,0.47271008096683165,0.469441382059434,0.1727682788251447,0.47276293066386077,0.4649201432622264,0.6227506008935129,0.7275516118686517,0.714199868130593,0.5363292878883621,0.4718114829763848,0.46765718489700603,0.4681148774428283,0.12398603442843259,0.7199405499601711,0.48671063908486667
2020-01-07,0.47326168149302805,0.4702207279222306,0.47799094212823123,0.46758969214788804,0.05613143168404496,0.47302345708655313,0.4660409461026723,0.5921320445399865,0.7223928558727397,0.7142433002377965,0.5201689065143154,0.4720348287381034,0.4699385474521973,0.46935720566225403,0.11957393659512142,0.7167441242399001,0.48495809757560215
2020-01-08,0.4728899076973042,0.4791069403021846,0.4787243544584101,0.47955207653933585,0.08305468907789323,0.47485087274832083,0.46762663397057924,0.7063493669791385,0.7289750392484124,0.7158551665581814,0.5364591151015615,0.4743451423068708,0.47100697517385715,0.4710720743278849,0.12964484792200848,0.7209009404214424,0.5571043275651774
2020-01-09,0.48593968527425113,0.4843646055299251,0.49236633653429684,0.4844777573194551,0.1041901703691161,0.47699543408820666,0.46919067109252044,0.7445268480408631,0.7377999107711156,0.7192591383796637,0.5550724379798047,0.4768982683990695,0.47259020278755237,0.4731661207016077,0.12789514902531154,0.7258116889496369,0.519907880593824
2020-01-10,0.48779865817211854,0.4867713563118191,0.4945299974004599,0.4864036346551309,0.10089336170438482,0.4787360076090771,0.4706197011277031,0.7589273488278356,0.7453478617860669,0.7237908387258948,0.5667853506053715,0.4789393847348565,0.47500240534722926,0.47540688685701626,0.1229585379420449,0.7306048356754964,0.504431055963774
2020-01-13,0.49129332524946145,0.490584867925718,0.49882045653330287,0.49218097296689256,0.19686191145539006,0.48097873494094556,0.47201560863241354,0.7999253649281648,0.7555756217917161,0.7298668161355606,0.582824656091335,0.4819587258710914,0.47675643464094497,0.4778248439693673,0.12064355267513577,0.738821315559548,0.5239991636902958
2020-01-14,0.49984458943990795,0.4955834369242753,0.5019743400355672,0.49484760850186127,0.09375503650766775,0.48408231448677397,0.47348539289411806,0.8176572424552355,0.7647445014521163,0.7369245027199197,0.5930209697737092,0.48591110557943623,0.47685458699708283,0.4799036502224099,0.11837150746708838,0.7433598281849312,0.508064983621308
2020-01-15,0.5008112297599334,0.5074317685998775,0.5063016781940972,0.5087358702289847,0.1874896719716181,0.488575344333812,0.47577922660607375,0.8942855586297846,0.7839526750733544,0.747173016467774,0.6261618179025918,0.4931753017338046,0.4745323538531895,0.4824873870889097,0.13030695841104115,0.7512419871036815,0.5644421223290141
2020-01-16,0.5156828923955432,0.5124303759150642,0.5189902435729474,0.5129949802339416,0.1702018275254962,0.4922868009010606,0.47820552417944984,0.9134317006473107,0.8013913530390929,0.7595502128574376,0.6482709277139529,0.4999258351580918,0.47346485762198276,0.4854274339273943,0.12679269726774353,0.7585074642940988,0.5156211580278834
2020-01-17,0.5185084809082738,0.5244638489388219,0.51972367907748,0.5268832419610647,0.22192255355784002,0.4979880215842124,0.48127500121872546,0.9655424053291963,0.8266610854284784,0.7755067110950346,0.685446585583135,0.5089990012375207,0.4716681172281968,0.48920015103585146,0.14223601326354773,0.767617892532038,0.5627392385607175
2020-01-20,0.5185084809082738,0.5244638489388219,0.51972367907748,0.5268832419610647,0.22192255355784002,0.4979880215842124,0.48127500121872546,0.9655424053291963,0.8266610854284784,0.7755067110950346,0.685446585583135,0.5089990012375207,0.4716681172281968,0.48920015103585146,0.14223601326354773,0.767617892532038,0.49460670735994955
2020-01-21,0.5273200603620581,0.5379414523545815,0.533732549541909,0.5364755055578526,0.26971811877895674,0.5048219687082502,0.48451006666993,0.993831940711343,0.8535773199038168,0.7947211600895108,0.719284598647697,0.5192408990317183,0.4690229568181581,0.4931538880191382,0.1554721985492063,0.778433255810264,0.5408020189350976
2020-01-22,0.5398864673208987,0.5443839514674524,0.5465310088541575,0.5387346095420564,0.13105834494492738,0.5120750001233215,0.48778715695030717,1.0,0.8743058702648734,0.8150593728458313,0.7309563321060613,0.5283032308078321,0.46727603262090667,0.49694566207802393,0.1570297721946153,0.7843024299181314,0.5053503720943423
2020-01-23,0.5413365192637563,0.5379784763556181,0.5392333765669383,0.533623842005457,0.14035714067131674,0.5175874699940967,0.49079296447455234,0.9146867921858863,0.8827434564644989,0.833351626517048,0.7097064129336723,0.534461521715816,0.46836994808480203,0.5006497910883321,0.16007062109039882,0.7781015546870941,0.47037264365388504
2020-01-24,0.5395517798888194,0.5364602876388117,0.5352359765313847,0.5279942911514243,0.1259152418237717,0.5220238626208472,0.49368923352606553,0.8267799696175959,0.8809479078807484,0.8475552079666703,0.6672402879442472,0.5385765189258045,0.4708125655216019,0.5039709195167307,0.1670649493622143,0.7724158423018049,0.46773432475510157
2020-01-27,0.511965003938009,0.5192061610445782,0.5164965810012009,0.5157356269758808,0.1133890009812902,0.5250141797026753,0.4961957689498344,0.6627471640753515,0.8646729390888553,0.8550185176681608,0.597233888065308,0.5404653500422254,0.4736798698387953,0.5063583994097556,0.18656218653791642,0.7671769585466746,0.4356566907563709
2020-01-28,0.5208508994745205,0.5210945889457289,0.5263247822338071,0.5200318600624293,0.11373173851574248,0.5278535021228892,0.49876980993701847,0.6908657814239143,0.8534278470760708,0.8582947909886269,0.5537461246410932,0.5425229231030504,0.476730343645294,0.5089230944360001,0.1816671634524755,0.7724280682317506,0.5156056822129989
2020-01-29,0.5279518977129688,0.5287958116887964,0.5290016279611861,0.5274757427902036,0.11018195690891547,0.5311798519406472,0.5012814398916073,0.7362954947956126,0.8493297105879188,0.8599338777767918,0.5367418347044944,0.5446226710282769,0.48111320540080005,0.5121680071508229,0.18484959210477356,0.7775525522138175,0.5307825834933185
2020-01-30,0.5268366895266605,0.5383487150706667,0.5319722809696292,0.5398827818140074,0.14139963400527572,0.5343551951202169,0.5040796442749309,0.8006328963973066,0.8557311081338825,0.8627789507469624,0.549267553853634,0.5479746692554979,0.4854590892758941,0.5160379098712106,0.19866056946854957,0.7837906146484397,0.5543110134972888
2020-01-31,0.5175049220868715,0.5216130619837378,0.5134163072629406,0.50566223179473,0.30721319702715993,0.5336076412999802,0.5057927034934747,0.4794287187872743,0.8246895577263729,0.8576173145339017,0.46610757073410336,0.5476287375804505,0.48884483726181327,0.5175336659153976,0.24074074640516605,0.7716377491888313,0.3325824776389952
2020-02-03,0.5117419902828685,0.5152443977834236,0.5192470356656206,0.512476549350827,0.18860764916733141,0.5321389180528873,0.5078190763574313,0.5218469852603125,0.8047932389609758,0.8487207584226486,0.4273156190622531,0.5467952483406231,0.4940325710327338,0.5196696279095524,0.23896729080106024,0.7795597879266903,0.5283687926598767
2020-02-04,0.5249777453351578,0.5250933850997453,0.5279749893293488,0.522661313776753,0.17473493943950175,0.5307305986587272,0.5099868254816892,0.5806744428879014,0.7971515663154602,0.8397725345219077,0.42677898254863744,0.5459331123305211,0.500468294444877,0.5224077121731648,0.24235021368942464,0.7869869675953182,0.5446055851350514
2020-02-05,0.5324134240271956,0.5276110665935346,0.519613648626327,0.519883543953222,0.14344993889887409,0.5288087836376221,0.5118730947080312,0.5586820857358126,0.7865224100180204,0.8300671619182783,0.4189150184767247,0.5433688541301571,0.508576633460979,0.5250981510386712,0.25493674712739445,0.7806757679011993,0.48115435007083956
2020-02-06,0.5233047377055973,0.5240196901934118,0.5288918260422212,0.5207354951801303,0.10935571463836091,0.5274948516262247,0.5139058367455306,0.5639097918213829,0.7772231896738103,0.8200747289667907,0.41593352718787213,0.5418009274216227,0.5144929929467745,0.5272169750743928,0.24515772475935957,0.7857707786592899,0.4987478483430382
2020-02-07,0.5193264066244233,0.5210574421270484,0.5237942631672099,0.5196243285116647,0.08262830726419965,0.5266415566307044,0.5158379547292142,0.5540878831930893,0.7671522247017636,0.8096677342656418,0.41162776968939424,0.5401099161027358,0.5199088935050299,0.529025212522206,0.23969582089658484,0.7816291721167873,0.489211698412042
2020-02-10,0.5192892146176092,0.5295734115164132,0.5266179940752149,0.5316607828491363,0.09381623963881994,0.5282650830900674,0.5179814977619525,0.6295857424966882,0.7694481644497912,0.801892255957519,0.4389594553813303,0.5390156233532895,0.525757044126752,0.5313536237261922,0.24400798046594283,0.7861698679439464,0.5531333700402324
2020-02-11,0.5398492500113438,0.5352754581491048,0.5331456729734639,0.524068584012155,0.17526536657615405,0.5286766161509482,0.5198346545580026,0.5609312850150932,0.7622126672950451,0.7939382157671312,0.43710486034420204,0.5371659930337847,0.5309985691904129,0.5329941926482077,0.24654010695387044,0.7787237671932598,0.4582724669471666
2020-02-12,0.530554488109835,0.5370526784392493,0.5381330606918081,0.5370309420444525,0.11658992474054974,0.5296507428054829,0.5223322735428191,0.6373175748675703,0.7676918402073822,0.7888878179993273,0.4672629252022261,0.5364267187290761,0.5361577939429758,0.5351644607795758,0.24999529089120057,0.7840768324012759,0.5572646628806168
2020-02-13,0.5376901317380387,0.5393555491889735,0.5430781043657784,0.5379953198190925,0.16023795777391972,0.5294583211730559,0.5248541450799833,0.6426682864263018,0.77133763863073,0.7857210494258289,0.4868268394667724,0.5374449526071001,0.5381451862090354,0.5366698148057737,0.24224664684070255,0.7909868843425572,0.4991897016860417
2020-02-14,0.5439078785595468,0.5479208150176034,0.5502760778751737,0.5487139047600588,0.1001262824606107,0.5338473224949478,0.5273345089171939,0.6997448782117519,0.7830439168317185,0.785992511285239,0.5225372890682822,0.5407987928855438,0.5383775597761137,0.5385074989591018,0.24094778860797897,0.795752668272824,0.5454805759969108
2020-02-17,0.5439078785595468,0.5479208150176034,0.5502760778751737,0.5487139047600588,0.1001262824606107,0.5338473224949478,0.5273345089171939,0.6997448782117519,0.7830439168317185,0.785992511285239,0.5225372890682822,0.5407987928855438,0.5383775597761137,0.5385074989591018,0.24094778860797897,0.795752668272824,0.49460670735994955
2020-02-18,0.5502748701202703,0.5505907085924779,0.5552341470224804,0.552089168232246,0.1226225133677839,0.537885721578165,0.5301245402348169,0.7165836561224999,0.7937511028874786,0.7887751705355848,0.5486193070186005,0.5446841599947769,0.536963211826381,0.5398043053969506,0.23212559348975773,0.8013209244025632,0.5104066385311369
2020-02-19,0.559657527612242,0.5604909426603126,0.5639012561515863,0.5599149135445576,0.08745111399899219,0.5416836250593562,0.5332359249411764,0.754154495670303,0.8079055368195426,0.7943927637385552,0.5780637459572577,0.549396011537675,0.5345060219633789,0.5410102271650896,0.22903151470610186,0.8056345672450161,0.5310819206875426
2020-02-20,0.558205454453092,0.5587111391200335,0.5512677934939296,0.5530163641862413,0.14058359225657985,0.545061426240691,0.5361737481534719,0.6819847199749338,0.810200927113641,0.799436824102104,0.572106869024013,0.5517308469689182,0.5335660321760453,0.5417450016449915,0.24114542057563107,0.7994256141674076,0.4627711379127681
2020-02-21,0.5499022972876106,0.5458442925391214,0.5481092384735547,0.5432246815040047,0.1548561624412705,0.5473541378057737,0.538363449009061,0.5886852086613303,0.8003497520273387,0.8011116866945889,0.53711341249198,0.5527233313011608,0.5335339047052311,0.5422389501845739,0.24391813022986006,0.7927075384356311,0.449022364115792
2020-02-24,0.5051858397945221,0.5219280707210107,0.49886092938401383,0.5060616573561595,0.23820054633995075,0.545971460257381,0.5391057193214432,0.3383237599309629,0.7543284482035876,0.7914246661296382,0.41910562802576634,0.5535858623044478,0.5303544918173516,0.5411105496489746,0.31264345935128457,0.783016451298663,0.31941000763819044
2020-02-25,0.508536768562271,0.5075411326287534,0.4757608185225949,0.4675261952314317,0.3447388768409392,0.5394331129541347,0.5384565241883031,0.1835841714498611,0.6791511058066739,0.7656622215349025,0.25214165314380765,0.5611120977769728,0.5175143308896611,0.538630247962037,0.36030615043350944,0.7695249920567842,0.30378308992045683
2020-02-26,0.4758089565218703,0.4838841039566084,0.47322660572870257,0.4631124840385802,0.25651864349380116,0.5332188038475675,0.5374568588673646,0.1694057486238318,0.6153543700394566,0.7297662820665812,0.14689226249600978,0.5669428693809715,0.5055296366260503,0.5357018329348747,0.369615363789367,0.7591804726282533,0.4715451250428774
2020-02-27,0.44646969417408044,0.4572982160830088,0.44740904190929387,0.43640859443393143,0.3242888706186209,0.5229606283515743,0.5354471412003188,0.09358281476990066,0.5394040006275986,0.6828514816120765,0.03244720490274333,0.5755061572898978,0.48715057365704884,0.5310165671368875,0.38274312002102995,0.7464184938731353,0.354192308455027
2020-02-28,0.41545464900527085,0.44242919847388007,0.4216278750911434,0.4428990835900046,0.4287911769566131,0.5132658249265705,0.5331830141379406,0.13725769933413018,0.48725716225853377,0.6328250250811209,0.00012865044176868512,0.5783168370285197,0.47413432571507974,0.5260269038779313,0.4080778059345994,0.7629082168874151,0.5301000454340546
2020-03-02,0.46210744819107186,0.4799167583018614,0.4587937855917521,0.4821021737928519,0.32220592405507464,0.5064749395757495,0.5321206105385725,0.3549128355987082,0.4863430372105064,0.5925848313982315,0.10177158946007131,0.5785158039894394,0.47147515360215697,0.5248147748506452,0.43977197866730144,0.7755958940087557,0.706925331492068
2020-03-03,0.48772355926923905,0.4858494307631719,0.4639352469824114,0.4576233782606324,0.2771583794226913,0.49684440843720634,0.5297387638576181,0.27412991211880006,0.4633057573147551,0.5548728409481816,0.12803023497276234,0.5798826050308585,0.4643449276230007,0.5219926629139172,0.46220010588089655,0.7645151261679584,0.3693188165909963
2020-03-04,0.4771496223130324,0.4875182390625886,0.4700685113768931,0.4893717190108725,0.18663282813548743,0.48965272103615765,0.528118864659829,0.4085784567385126,0.47818137585063325,0.5282675134538715,0.24338722906067023,0.5786072726552807,0.4622052361024185,0.5202799640691564,0.4782357234140244,0.7723667202618445,0.6628760889081914
2020-03-05,0.4804260580906121,0.47798865997760653,0.4681220119780677,0.46218546430174434,0.17271523611147946,0.4803927570857963,0.5254863395900546,0.3236017218501927,0.46496042128677717,0.5038154514957054,0.2657516638789885,0.5782778491138207,0.4565417638753039,0.5173114859287955,0.49245003836455503,0.7650115862518253,0.35686516055495965
2020-03-06,0.4517567544759947,0.45600046474302414,0.4473355793575834,0.4525423326849276,0.2762770543340997,0.47114793751375017,0.5226979465216364,0.2961599283355603,0.4470321954242456,0.47995811866783,0.2719286915821114,0.5779936955822327,0.4497388006599693,0.5138030517935199,0.4953915489778632,0.7539622565166025,0.44383340268364485
2020-03-09,0.4058487074032172,0.43219531139794953,0.4044773061401722,0.40347360733192617,0.3844678693761973,0.4606893639867867,0.5184156802620826,0.17952233016115537,0.38706679667634447,0.44650427413282,0.17225656245781956,0.582565392399943,0.4328972198761557,0.5078272744558352,0.5538324878817978,0.7390536082285166,0.23260500743683765
2020-03-10,0.43660298923456065,0.4434674850201398,0.41758819619828424,0.44601466170820947,0.2953765114623264,0.4584963214737726,0.5160179762984417,0.33476355936780394,0.38443291367112065,0.41911010833311124,0.23519412766785663,0.5794897683934825,0.42717873301531883,0.5034209122346094,0.5800292399762641,0.7507842424646427,0.7393146819440004
2020-03-11,0.42982649599746847,0.4290804610317096,0.4114182541044725,0.4102236643638756,0.26434244375942273,0.4531044497188115,0.5122416724986325,0.2563700625714345,0.35014765229217315,0.38897987341881984,0.20677652735597318,0.5793015023201249,0.4155241845352776,0.4975637648666482,0.6100058591179791,0.7401606370757439,0.30165924791688814
2020-03-12,0.3585257943518776,0.40412602186284774,0.3629044920433879,0.3624903126452186,0.5268936758804581,0.4455686813238431,0.5065678236314679,0.17185302637903183,0.2797768431776174,0.34801452425936547,0.09423991623326461,0.581740282475661,0.3948214851431643,0.4885839158646337,0.6597069187076714,0.7201714599346815,0.22292056830583046
2020-03-13,0.3965776500228131,0.42014435248041504,0.3820749280115924,0.42090536117946264,0.3735023083780966,0.4433264809612478,0.5024761901903073,0.34051430849282344,0.2857360921346467,0.31667010768805964,0.19416568764759046,0.5751232399155186,0.38951057181347604,0.4825598161930841,0.7075778765657632,0.7346889512378972,0.853821040485228
2020-03-16,0.33112231121383173,0.37931958583118586,0.32981496915151165,0.33255935819948357,0.4498654551166838,0.4280809964048795,0.4965231824466039,0.20272201362697678,0.20791566875521883,0.27294845223996006,0.06561212681435558,0.5744884679022528,0.36767058128760277,0.4714389946634844,0.823340320565913,0.7174474790787412,0.0
2020-03-17,0.3482866498630447,0.37334975307528484,0.33447907950379574,0.3543677001582798,0.42142640017463295,0.41755436000566115,0.49108581919524574,0.2558143926045155,0.17306033585541342,0.2296196339158041,0.06969224610534919,0.5659093685237542,0.3560058281757975,0.46126652688980807,0.8485288145293017,0.7336744901459732,0.6358333333227401
2020-03-18,0.321143940369251,0.32507199856649494,0.2997738098801439,0.3194669519035088,0.43141271107429857,0.4002330297049661,0.48409796518343584,0.20802985146620695,0.11680970874269292,0.18147867691517017,0.019711990553812897,0.5564684561337079,0.34078931903358056,0.4488958462304643,0.8942756361967461,0.7170912533222873,0.2770130685145804
2020-03-19,0.3154099683861906,0.34943328694439835,0.3059068275344128,0.3334494310718872,0.3615452566553305,0.38710874019185004,0.47768649612678626,0.2427860207905918,0.09223928855496455,0.1370787285262557,0.05856718135456601,0.5424297257338064,0.33252483629106344,0.4375994626205918,0.9225664116793969,0.7311822197718613,0.5873072574208172
2020-03-20,0.3448239561624368,0.35317832998268395,0.3213313999988314,0.3133472236509274,0.3478622766340726,0.37291817626084733,0.470554413563828,0.2142042301441784,0.05943885758648271,0.09369963956115979,0.06917012077816376,0.5290958606020555,0.3224545573936499,0.4257726182486381,0.9292428698173208,0.7175793444660128,0.3646338726315385
2020-03-23,0.2945969059952933,0.2978926402810709,0.2782160949044056,0.2722156128550124,0.5855752380291775,0.3595367796370271,0.46204602794564587,0.16046045948667687,0.0,0.04475455173832388,0.011360056685617792,0.5260753099754478,0.30125257876292255,0.4137415961504223,0.9373464927035816,0.6954969134621024,0.2188493909891721
2020-03-24,0.30766555613818447,0.34201737739616367,0.31365586255473576,0.34190574011977926,0.46611080622884665,0.3489231573780186,0.45552035211304265,0.3237811303995652,0.028738168165717393,0.012484275361596797,0.18454944156847392,0.519439862382749,0.29507284722414817,0.40727861545446786,0.9854709803427381,0.7133178801460067,1.0
2020-03-25,0.36157878949941213,0.3899614224536502,0.3503810742423775,0.36879530387143966,0.3871852883993545,0.34469964836103917,0.45018050408007904,0.3776176004738498,0.08437963888606514,0.0,0.39005253563204045,0.511937707645969,0.29305226671160933,0.40242614047994807,1.0,0.728323462592948,0.6658987067461253
2020-03-26,0.3718550155841641,0.3949671845416013,0.3805323899089582,0.39512849131164973,0.3146248962096901,0.34802702217590764,0.4453004788643331,0.4277430447269393,0.1599210362504525,0.008112637055203042,0.603977988611244,0.5084188799690568,0.2924124964663273,0.40030234217521177,0.9714173635681232,0.7407407137876324,0.654837023836703
2020-03-27,0.3681317665016327,0.3859568856095583,0.3671644646343418,0.3679793596841131,0.27153381166980506,0.342631359835152,0.4394536300731151,0.381028025766262,0.19789345061381297,0.023701107352794737,0.6816241416079672,0.5029118466202718,0.29033748792718495,0.3964478367213059,0.9631800628858519,0.7298605821900512,0.3363566740965869
2020-03-30,0.36798275294135596,0.38139599251868894,0.37649263949512435,0.38285202920300143,0.28711612886115256,0.34775856127268234,0.4337496402486305,0.4105884153811626,0.2470909686434799,0.047959829387630326,0.771675868429935,0.4901957372870474,0.29322228313993937,0.39134156825583377,0.9214420148116509,0.7412965569598071,0.5852261036341616
2020-03-31,0.3880510339379514,0.3899982884779466,0.3759415239043915,0.36634717761419444,0.38705268161519146,0.34897983651631637,0.4273619732762982,0.3808216748333764,0.2738390171570322,0.07377575930973435,0.7878494771692213,0.48068893030953747,0.29360167161923745,0.38664554703656917,0.8978565114969501,0.7262957047833806,0.3964780025385607
2020-04-01,0.35040891824516274,0.35247390098721276,0.3424484052027448,0.3366391378751691,0.2234791531934774,0.35073049431282277,0.41968351945323135,0.3295354634727304,0.2697825118424666,0.09345654639496936,0.7241281201080146,0.4620242609823219,0.2971017612054072,0.3787876888346865,0.8885467245794112,0.7171297504469377,0.3131007775838066
2020-04-02,0.3362976132278518,0.3535120980875457,0.34197093232183384,0.3525131907721829,0.25318103274163506,0.35267399292185964,0.4127882154113012,0.365227784627356,0.2862113720578514,0.1131376045960919,0.7241309359955551,0.4475581672230092,0.3007204634488203,0.37314521774132037,0.8636870394352781,0.727355212605283,0.5966654862415116
2020-04-03,0.3475790364452199,0.35117593826626037,0.339436827479638,0.3319658000673884,0.21122832644118075,0.354572106302248,0.40552302257539874,0.3286965660908883,0.2828870410806077,0.12808592655697632,0.6749753769711724,0.4333259275479702,0.3029610881714465,0.3669417391597498,0.840971458687341,0.718626262491007,0.3660941192645002
2020-04-06,0.36418515276665697,0.39941683271456296,0.3675317953585385,0.3972055629701373,0.30271476688747395,0.36731449279952266,0.4017794615392918,0.4649882980208399,0.34801388128940913,0.15564926690323388,0.8059985841306481,0.43238576745809926,0.3032857486030216,0.36661925784350535,0.892110780372322,0.7306186626200779,0.9175321139943482
2020-04-07,0.43023605723478553,0.42934004370272383,0.40370600066987783,0.3940528617703407,0.280271578693966,0.3726307504520765,0.3992527136351969,0.45874001452509655,0.39914883336651275,0.18995210285730713,0.875996922793162,0.42136134948156473,0.3093346559146747,0.3639459025398091,0.889353938299855,0.7194268425822735,0.4762906120226495
2020-04-08,0.4051039626127517,0.41895779364875696,0.40308169046580977,0.417604461348565,0.19392416116008496,0.3776067117082177,0.39768769275571836,0.5040945078717014,0.4648523135340152,0.23313721991641123,0.9682508475771742,0.42288467098147914,0.3085197443998762,0.3643256332802398,0.8706401640608401,0.7275385287810762,0.6321231785310318
2020-04-09,0.42468867900459306,0.42337049158526396,0.42115072348336613,0.41296854031764174,0.21606541390657547,0.3794254563301275,0.39688158930538886,0.49371406473321716,0.5136571478037057,0.2793791705717688,1.0,0.4292754878092833,0.3071321028054488,0.36692266105507865,0.8303527160418309,0.718637032953102,0.46852037845019284
2020-04-10,0.42468867900459306,0.42337049158526396,0.42115072348336613,0.41296854031764174,0.21606541390657547,0.3794254563301275,0.39688158930538886,0.49371406473321716,0.5136571478037057,0.2793791705717688,1.0,0.4292754878092833,0.3071321028054488,0.36692266105507865,0.8303527160418309,0.718637032953102,0.49460670735994955
2020-04-13,0.409757976248859,0.40531240725436957,0.3965445277820253,0.3955364340357863,0.25303006501812636,0.3822348253377935,0.3952527878088993,0.45422686705887255,0.5361530042306749,0.32176283911030384,0.959926772864771,0.42471740990507206,0.30922863078214136,0.36561746847110876,0.8125984506227422,0.7084169560258042,0.3958103410672478
2020-04-14,0.41284839357347236,0.4168442181998697,0.41373201727944264,0.41641758004058727,0.17013654418560054,0.38565674223089175,0.3929938946598256,0.498888262073417,0.5752457656169842,0.3650365747620532,0.9691712657539565,0.43186269430014707,0.31053142416528345,0.3699318460020167,0.7893554791891223,0.7156801044676604,0.6162419529388384
2020-04-15,0.3965032187961537,0.3943369206251771,0.3921376371385551,0.3842985958649616,0.21375805586213792,0.3874868406453228,0.39047225542680264,0.4260975941948358,0.5750685978344691,0.3996131130887912,0.8788396743118817,0.4337593627317243,0.31167575262296343,0.37147174490616375,0.7876118120261826,0.7068609153466422,0.3135419618639482
2020-04-16,0.3905830952351993,0.38929396588221454,0.37322408688190023,0.37116894900928876,0.38083240338575725,0.39100706126100904,0.3864072622205549,0.3980078423729369,0.5626956798626159,0.42430973715535225,0.7762240448071347,0.4334400868242065,0.3173892795794563,0.37413173375065534,0.7769637448397599,0.6920819492440519,0.4167285543307219
2020-04-17,0.40004012741940975,0.4003807263874327,0.3921374454040565,0.3975762063955228,0.2802062953540703,0.3956011135130215,0.3841853498707345,0.45942090982111544,0.5795709871306769,0.44811043565609265,0.7669187043451597,0.43599888556632854,0.32140493513228674,0.37743095847199626,0.7693487845381096,0.703271440533295,0.654654585032126
2020-04-20,0.3914021795159349,0.3871803547170988,0.38571057975922896,0.3778449360952143,0.18084097182411854,0.4002783670273171,0.3816165064362066,0.4148452807881821,0.5740513738873727,0.4658284703876471,0.7037424099661076,0.4342917584589964,0.32989276966660763,0.3807492673420776,0.7485807037403891,0.6956264501008129,0.3800424712584699
2020-04-21,0.3715571297733662,0.3691597440009585,0.370836932138192,0.3641591478843038,0.1820017912116384,0.3969093746164456,0.38026448219379894,0.3847449640194837,0.5569605327582176,0.4759078560463738,0.6244052049527493,0.42063589579158195,0.35365575876896527,0.385479621896867,0.721495537829947,0.687940051607979,0.412569679848104
2020-04-22,0.3814611886138124,0.3881816924922956,0.384682443970093,0.38663517666027225,0.2623900638756679,0.3961531617329257,0.37822242173018095,0.4406665391695241,0.5663605543903425,0.48622365188226097,0.6268606290092547,0.4199897121258494,0.3589832606079497,0.38778088314166337,0.7092438173975736,0.6984940128602228,0.6324321793797629
2020-04-23,0.39345000603222535,0.39823014769811726,0.3967648988918867,0.38585617933737804,0.1993263575364516,0.39291651046905696,0.3773844239312738,0.43875358146077886,0.5736678070132215,0.49622713902659443,0.6236169011651007,0.4205513042221218,0.36017547992874566,0.3886586391464034,0.6796247658976934,0.6901896227179901,0.49000357906578884
2020-04-24,0.39553511940026786,0.3920749918702662,0.38868539860156737,0.389342635837181,0.13771724561428564,0.39050791357018266,0.37830787531355403,0.448020157319085,0.5834232488893685,0.5065673763342372,0.6271144851606527,0.41999480775079306,0.36015159100790106,0.3883609657125042,0.6554381912068751,0.6962963291790885,0.5152343340778646
2020-04-27,0.3963170647382873,0.4054237881059439,0.4053587428145309,0.4058101881272368,0.16856158361061752,0.39155529494197006,0.3777887523191976,0.49191138390585737,0.6076795522786937,0.5206514851761588,0.6659994110980592,0.4226231925538895,0.3613577587825735,0.3903073040992149,0.6347605660528977,0.7035032965619084,0.5914896371588393
2020-04-28,0.4199597650413278,0.4152867644805912,0.41207928598785337,0.4039184969204951,0.14226667836326506,0.39028104730981183,0.3802427930671489,0.486184876588214,0.6250673904224691,0.5360849761918969,0.680014482237573,0.4245280289194521,0.3615708925912906,0.39139114171203915,0.6131028366017681,0.6972343054354592,0.4837650855305696
2020-04-29,0.4268479344259595,0.4421325435578596,0.43308615546289075,0.44301033535667345,0.2289384724922527,0.3962665499509571,0.38329121325104587,0.5846800775365368,0.6769527228655772,0.5608637271800511,0.7770770386223278,0.43395546650604394,0.3597529086817659,0.3953353441760421,0.6321179227911484,0.7065950013703229,0.7193163246702308
2020-04-30,0.4452037739523338,0.44057528200841956,0.43881534828355595,0.4316241223375882,0.19770039435217507,0.40242979094432807,0.38714829829093456,0.5477566439359656,0.7059133072880848,0.5876258137839933,0.7976765324411768,0.43634899987033143,0.3671523810257221,0.4002221766623638,0.6078236118650259,0.6983486116219398,0.43295069570170674
2020-05-01,0.41791208336192465,0.4324548106503986,0.4263655058764253,0.4199411008829288,0.17277031892951644,0.4047098312937065,0.390122746776145,0.5103155672747794,0.7162926289838778,0.6115224150600046,0.767914778136543,0.43743657281525256,0.37304069636121395,0.4036912397303727,0.5926351998659704,0.6909915127303223,0.43025677980678567
2020-05-04,0.4123270131354674,0.42244316090948986,0.4170004347479399,0.42209206627028084,0.15801220390435175,0.4092207062365849,0.39386248186404726,0.5162693485870953,0.7255236601156648,0.6328514925085139,0.7412477376249137,0.433144521971172,0.3868827343579476,0.40832809857752483,0.5776103784711253,0.6978221689003489,0.5066667584934692
2020-05-05,0.4351881113582038,0.43786846153471326,0.44101880597907395,0.4305856158778709,0.24220323111730396,0.4159927045295937,0.3993088261955102,0.5404971046765183,0.7399521147529667,0.6533718768590037,0.7328484186486451,0.4368153668544447,0.38654219059602213,0.4100454513556283,0.5620006757415735,0.7076560374334687,0.5420716266782315
2020-05-06,0.43753373701709475,0.4356806558913233,0.4396232276307164,0.43184656713187264,0.14075904123254945,0.42060188319506,0.40240189119528613,0.5442148355768746,0.7512155938162173,0.6724869643998145,0.7182526020283049,0.44039052636561976,0.38676051322127025,0.4119898798164475,0.5332557352407856,0.7138712490228353,0.5015629085890616
2020-05-07,0.44509202961413596,0.45225530834394145,0.4536890044675149,0.44645966877488474,0.15548247448339458,0.42678024461359754,0.4050727686687652,0.5873702939373802,0.7729278164777917,0.6929813802846977,0.7325787027001747,0.4452734985460865,0.384689213135743,0.41347443620026514,0.5284916655578739,0.7206116661861197,0.5750684759555593
2020-05-08,0.4573042699572899,0.45511033360368147,0.46070334590464357,0.4552496156446769,0.09852072032005157,0.4334992824946565,0.40714033410705774,0.6124644525060394,0.7968846047039608,0.7151170668130532,0.7496254113893803,0.45206568368392,0.38203118184324825,0.41564973299727126,0.5045969440973608,0.7253201774564622,0.5419617508373267
2020-05-11,0.45298531311877566,0.45092037765027126,0.45266058981664015,0.44957507067593017,0.14366823006665022,0.43796099359966634,0.40994641057071635,0.5871301364437747,0.8081824247516062,0.7355326243499154,0.7317596572296583,0.45747726094331004,0.3820318678379824,0.41842993837967113,0.4862786869263501,0.7190011910093422,0.4644270535496763
2020-05-12,0.4518310658772451,0.4485843581121952,0.4450951775205474,0.4344056514605209,0.13421438640800865,0.44106907633746517,0.41171933961655405,0.5213348067374763,0.8001486639991322,0.7499401453001111,0.6693584622199692,0.4593181242029675,0.38199105591367943,0.41935539720117554,0.475165511935165,0.7130194364632247,0.41325680661499153
2020-05-13,0.43410409781800163,0.43895555761925487,0.430269560600421,0.42667823532318483,0.23943072927610975,0.43940406302441737,0.4137941246635499,0.4891450524425424,0.7843380072851249,0.7576778578567194,0.6000839149961386,0.4603320048711132,0.3853486640115431,0.4215357649723046,0.4736916209961324,0.7032844669705586,0.4522220597866441
2020-05-14,0.42455674265373156,0.4388072213692621,0.4257818357601033,0.44083299613445637,0.16431408630865557,0.4403428827376522,0.41737735140139254,0.5398888979321135,0.784012635048476,0.7637900672559613,0.5832009719500199,0.461333089652085,0.39155962768951025,0.4251198738769558,0.47958287765642527,0.7103399201501227,0.5731570457332035
2020-05-15,0.4396238422556862,0.4502838819771572,0.4443589300195585,0.45045504043119167,0.18656754479559176,0.44345369613441166,0.4207455715663335,0.5727353418085654,0.7913908690138002,0.7704476926987287,0.5888658197588661,0.46510118217753854,0.3931476591115335,0.4278404091854241,0.47299455400322343,0.7181891854954477,0.5468785994908942
2020-05-18,0.46953446589692904,0.48255995585049927,0.4759953565912487,0.4797671202129232,0.2073011255255819,0.449333511494858,0.4258284588984831,0.6610424090299079,0.8239750766141624,0.7835811152189084,0.6561253096840107,0.472641102393291,0.3959206012700912,0.43308415000658895,0.49191707030053466,0.7267780468290959,0.6515973352657158
2020-05-19,0.48124524161907756,0.4887627175331192,0.48246987892616655,0.47226267752135,0.11844641971883282,0.4535823749198197,0.42840967303354227,0.6250509467986274,0.8399341294019818,0.7979117138029174,0.6685595244132851,0.4742340736895229,0.40551761645175755,0.43864591162087196,0.48444773126284235,0.7213587578338737,0.4560711656092752
2020-05-20,0.4881822312667897,0.4905827690415058,0.49416814870130576,0.48898075187309664,0.16126413027290476,0.4594070501317772,0.4316742431307231,0.672521306280268,0.866372590992206,0.8157109665501284,0.7045859636229763,0.4812904406056611,0.4088371856783347,0.44391143526770904,0.47972694566902296,0.7283054147915995,0.5813703014511609
2020-05-21,0.4900469221367525,0.4854942401945447,0.48537607207397204,0.4769437101450936,0.19783300113633814,0.4625148154903548,0.4337149198696736,0.6139498488541995,0.8726011058000291,0.8314427488087099,0.6831126208300808,0.48364643730939444,0.41586998058066804,0.4485977497117156,0.46433037807909816,0.7200542947727018,0.43358687173820737
2020-05-22,0.4807230215701571,0.4771372376233667,0.48246979114730026,0.4778352514938259,0.08500502885727634,0.46481735982301087,0.4359456860373302,0.6167514008525086,0.8755672230731103,0.84473886960675,0.6578151407657722,0.48499884520369535,0.4236756963456705,0.45315055973150964,0.4395742888471267,0.7242806823175065,0.49920305167150675
2020-05-25,0.4807230215701571,0.4771372376233667,0.48246979114730026,0.4778352514938259,0.08500502885727634,0.46481735982301087,0.4359456860373302,0.6167514008525086,0.8755672230731103,0.84473886960675,0.6578151407657722,0.48499884520369535,0.4236756963456705,0.45315055973150964,0.4395742888471267,0.7242806823175065,0.49460670735994955
2020-05-26,0.49862486294337716,0.49533687997734777,0.49545561822666795,0.48660305374058,0.1636428919703532,0.46859226229308737,0.43907746704729267,0.6448852167662376,0.8836455570895088,0.8573113712782658,0.6502994245121128,0.48896825096518365,0.4279600982633093,0.4573072293627872,0.43670529849582906,0.731312193050927,0.5397523051133122
2020-05-27,0.4930678419153701,0.4880570503079482,0.47985809148733094,0.48511701443490207,0.12259803211532302,0.4737621482417411,0.44144004056466624,0.6366319133904794,0.8856101146395478,0.8678400894085596,0.6290721011638462,0.4909671795121127,0.43433463768077896,0.46148476916527637,0.4363788702497514,0.7257448102018981,0.4870485189876477
2020-05-28,0.4901961056002694,0.5028394659388166,0.49527172006894105,0.4904667324397214,0.1369175247005637,0.48026521255683663,0.4450911627328743,0.6550963491344597,0.8894468300352267,0.8771823581156972,0.6167492964079945,0.49596889500978086,0.43407614132118766,0.46392632836815206,0.434783700962589,0.7318229894931231,0.5218725109278409
2020-05-29,0.4937763842090469,0.4970824530897664,0.49736844848618145,0.49410749643215324,0.1748573457018061,0.4856964034055181,0.4493190193224721,0.6678925305352563,0.8930354627103051,0.8855160255526806,0.6062736736919806,0.5007259461489526,0.4356360947387212,0.46714100260438496,0.42025938003658325,0.739254535565303,0.5130249697888197
2020-06-01,0.49455957220459434,0.49388822347108674,0.4982513134332911,0.4908010163912061,0.08916072146251003,0.4898095662543609,0.45252502049555055,0.6461756812286923,0.8895952702132506,0.8913586739628777,0.5804012340320255,0.5030101603010677,0.4406379836824499,0.4707866371122357,0.40000476786593575,0.7348799086199065,0.4779635144947124
2020-06-02,0.49914689341338825,0.4999795006448391,0.503401452901988,0.49826839474024087,0.13915959940510558,0.4916957210252215,0.4566663831832297,0.6748846654510849,0.8912228949905058,0.8964227788818059,0.5723150575380247,0.505791005825468,0.445677114555177,0.47470579295315707,0.3861804408881848,0.7410380658695264,0.5323659409440167
2020-06-03,0.5068297518218392,0.502282332724768,0.5057926789453709,0.5001631403777465,0.14767295494837518,0.49454009755982764,0.461343560422824,0.6822288354449724,0.8913531243702213,0.9005052663599464,0.5621196966303623,0.5087696052009878,0.44982384523253405,0.4782854504007864,0.3696520043028343,0.7474999064861906,0.5040895260243526
2020-06-04,0.4992962138009477,0.4960426474142541,0.4967800034148979,0.4881634566875477,0.1262600194625957,0.49445677653180076,0.4648351179264879,0.5967238444327896,0.8767216295230843,0.9002654846065827,0.5172273659481477,0.5090830572122271,0.45536014740400654,0.4811828684186641,0.36156395155317655,0.7418018953975632,0.4347062985283311
2020-06-05,0.5001164923328772,0.5083363410860708,0.505461442520352,0.5103424420717294,0.14118134283749958,0.4978616866892661,0.4691162004449393,0.6860144735302947,0.8841140158887535,0.9018449081058119,0.5361221546352908,0.5137275293218635,0.457182768606601,0.484469539608118,0.36869630450859403,0.7480321710791843,0.6071672191380604
2020-06-08,0.5127224047270639,0.5090421688408032,0.5115313965570354,0.510305436468244,0.12214512894479682,0.5011719340027577,0.4732761111032714,0.6857521872663104,0.8869527907605641,0.9037886300863452,0.5399058633803507,0.5180196728019311,0.45845275934367247,0.48730207756434796,0.355016434430941,0.742480943923298,0.49442451725642494
2020-06-09,0.5081722745893484,0.5153932638797851,0.5156146061402789,0.5083734502710404,0.10713404097753643,0.5033913668974387,0.4768032616414489,0.6712225640292979,0.8843385093459646,0.9047172141280286,0.5293623489442874,0.5209396528480639,0.4615384027483298,0.4903271644575521,0.3460051138451943,0.7374651833896769,0.4850944633274117
2020-06-10,0.5139157441487756,0.5172875112811643,0.5182264643405204,0.5135746172104396,0.13800082012195744,0.5062925423360867,0.4805743355680254,0.6929540283627729,0.8844570415955633,0.905488482219577,0.5277284202654421,0.5219842759343796,0.4686934920952982,0.49440028691922133,0.3364069871597557,0.7435820053523374,0.5202818425069318
2020-06-11,0.49616335064445494,0.495671125572518,0.48070417082416517,0.4704794773457792,0.21081826546246107,0.5042548958757747,0.4815189993484571,0.4256394664473306,0.8394873845412051,0.8953305653327397,0.41421476346668534,0.5162407548180581,0.47922202955632154,0.4966537939726645,0.37979019504700773,0.7348676826899607,0.2833566628426546
2020-06-12,0.4926948357436086,0.49061975271373315,0.4773933074450881,0.4830364184332253,0.20534466543308358,0.5031262294936063,0.4832870681876523,0.48578421801066834,0.814125684791219,0.8811274549056555,0.3722002205597579,0.5118846395468659,0.4881423206270624,0.4988250956398791,0.391896474292281,0.7433867543401688,0.5599404258398399
2020-06-15,0.4658050371055761,0.48126006241149166,0.47136034526700976,0.48117891335541774,0.10428605527458787,0.502145282179957,0.48539303653054977,0.47609034062415573,0.7903197864609668,0.8640609666388084,0.3424603552330373,0.5081801969983473,0.49519041369107664,0.5004057920116424,0.39772382845288423,0.7384725854625251,0.4851120205503197
2020-06-16,0.5025780817793606,0.5031737335363159,0.49192407115326686,0.48533987040255855,0.19210234795612144,0.5008272541801184,0.4875681284857075,0.49685529223230646,0.7738894393389881,0.8464709912229127,0.33702326722572734,0.5081066839456865,0.49584688788688713,0.5006925015038739,0.4052884291611746,0.7465192850217949,0.51593100588498
2020-06-17,0.4906436974828361,0.4919940880458523,0.4965592303941695,0.4878661783395484,0.0882957172088924,0.49957361224419694,0.4895380070025448,0.5098095450102231,0.7618264097828613,0.8295086549485281,0.34354210776542565,0.5074751719991946,0.49812739840009057,0.5014952778072054,0.38690302995802295,0.750863056048757,0.5074784874056372
2020-06-18,0.4866902957531646,0.48783410615346556,0.4930643890290417,0.4891663672810551,0.0849152642649198,0.4996758562597592,0.4915092349034371,0.516789032045669,0.7521235424973639,0.8136139354443751,0.3546306824293486,0.5074807832242534,0.49814088752885,0.501504827436662,0.36767746602432094,0.7550862415642903,0.501208020809255
2020-06-19,0.5026898978164441,0.49841952756815466,0.4903421533408384,0.48281350372651566,0.20079523268410412,0.49686935564165946,0.492759443270783,0.4752178586130727,0.7368966218197986,0.7972497214078272,0.34975437725887515,0.5071831207905937,0.4990612392035859,0.5018068193580593,0.3719125534251173,0.7467294545794331,0.46241019117368554
2020-06-22,0.48441521507109997,0.49567094583087923,0.4900477847883319,0.49306716906178827,0.10269069365588746,0.4951119610220591,0.49405998891548664,0.5338016472032114,0.7337544368568891,0.7834054685798904,0.37592741873874347,0.507045188624109,0.5007900948705941,0.5025904782702691,0.3717844865020907,0.7515867146641151,0.5470349538159532
2020-06-23,0.5003030464970204,0.5097477573517459,0.5067122973024006,0.5042497337835976,0.16781694551493256,0.49469155930784303,0.49594025055473223,0.5917142123643524,0.7410245090171418,0.7740720081876964,0.4227778056115054,0.5083305421475808,0.5012910873406365,0.5034983730264563,0.37240392147774615,0.7587671197586601,0.5509750806341837
2020-06-24,0.5031746464086205,0.4998307692242474,0.4878405856086866,0.47987848945769807,0.15937703372904558,0.4912563304523111,0.49750406143264025,0.4395633998631067,0.7216021685247547,0.7619515600514659,0.3938313497774658,0.5085644781612715,0.5005026756787027,0.5032288589113161,0.3858378735041268,0.7518877781890283,0.3736255135604336
2020-06-25,0.48109608713372654,0.4877970532747439,0.4849345795674731,0.4894264638084098,0.16924093836640683,0.493187924346405,0.4996619729815245,0.490386691502617,0.7146571892858531,0.7505911533931736,0.4017253590425766,0.5085406556263601,0.5004191519565566,0.5031753386778731,0.38022387823638715,0.759118979111562,0.5436281677859557
2020-06-26,0.48855518541869725,0.48738855422789884,0.4819181630549263,0.4719283935698654,0.2079906808032299,0.4920554913315913,0.5007313436850943,0.39731377101495063,0.6911193133811059,0.7358630475156437,0.3667474669005724,0.5091944088970741,0.4974310661585365,0.5020342576849317,0.3793790786175929,0.7505055203712374,0.40595793265732205
2020-06-29,0.4766578577357373,0.4774343749487726,0.4753699901913184,0.4797671202129232,0.1301484583951315,0.49191156284886695,0.5017393860953706,0.4401071017809755,0.6796258577736981,0.7213266793425893,0.3687389098145931,0.509204791902595,0.4962717476298958,0.5014665805662808,0.3730573463501451,0.7563422375460346,0.5353075328100544
2020-06-30,0.4825506826160537,0.4859771728768181,0.4858911526829971,0.48641732085451517,0.1509514026737608,0.49202140600087907,0.5019680864923908,0.4754504971069386,0.6765376590328579,0.7089576385461922,0.39124939495058236,0.5084916988577888,0.49577927553753576,0.5008568609017429,0.36374181043430653,0.762921025004501,0.528755690170118
2020-07-01,0.49135228151934074,0.4919198116806136,0.49508775348405487,0.48868347352509733,0.09697024099752943,0.4921047270289062,0.5025327976594433,0.48762135460922923,0.6757829013255318,0.6988815625799806,0.41506478679361847,0.5075543993152658,0.4955584808590785,0.5002662495622224,0.3495544922401339,0.7675742284965177,0.5061356363480032
2020-07-02,0.4993707765649541,0.5014652703277735,0.5036958718350835,0.49570508119976575,0.09503622205312023,0.49277133118284466,0.5027640473419093,0.5254716519182969,0.6815151977539499,0.6921941857203342,0.450260789801862,0.5080259594004686,0.49585340345800877,0.5006542546334927,0.3453016911179567,0.7721584428124122,0.5302163098906105
2020-07-03,0.4993707765649541,0.5014652703277735,0.5036958718350835,0.49570508119976575,0.09503622205312023,0.49277133118284466,0.5027640473419093,0.5254716519182969,0.6815151977539499,0.6921941857203342,0.450260789801862,0.5080259594004686,0.49585340345800877,0.5006542546334927,0.3453016911179567,0.7721584428124122,0.49460670735994955
2020-07-06,0.5095523195917404,0.5061450868719259,0.5061973129098016,0.5034696204186933,0.1152924183601233,0.49487716626944245,0.5036762733840764,0.5656826648748787,0.692991115653747,0.6895939655903095,0.4927111744560259,0.5067511159137923,0.4964629478702296,0.5003006584486132,0.3374764508229462,0.7774652241427767,0.5336036832320212
2020-07-07,0.5023915683951722,0.5051050381642241,0.4993181441504919,0.49024375899395867,0.12279796234375351,0.4945893272688551,0.504103001951326,0.47978873869181066,0.6883101755778951,0.686392215266656,0.48646350895409746,0.5039066797771852,0.49733092759901343,0.4992685157603103,0.3399310917835092,0.7718907095012796,0.42888255032830935
2020-07-08,0.4959396285967037,0.4925512706891093,0.49677996304421823,0.49347605161077523,0.13723986119129855,0.49349097958475385,0.504339364344936,0.4980185174747476,0.6871181515896586,0.6835452007181404,0.4901478966840956,0.5014671371898833,0.49831565641380127,0.4985020673353652,0.3256603685006849,0.7779803869885249,0.5109636073626391
2020-07-09,0.495641166196807,0.4924397559603554,0.48511850693675873,0.48285074428621366,0.1409161292691734,0.4937939929050924,0.50426142731556,0.4317995126151038,0.6751221407605501,0.6783932911249955,0.46620859420448346,0.4964730325119027,0.5003079453154478,0.496921370963602,0.3317276975852046,0.7717595718479333,0.44107754078322586
2020-07-10,0.48314731877428163,0.4825229719957229,0.4832424659256318,0.4841139276242352,0.1230856170601688,0.49325239424634304,0.5040429543608632,0.43980699237312865,0.6664236768695155,0.6721875725203441,0.4552634308917422,0.4954617781465958,0.5027781612119249,0.4976228426217907,0.32407231420780946,0.7773443475377777,0.5010651816102898
2020-07-13,0.49045715408531176,0.4913255071117699,0.48052018928690987,0.4709995529223817,0.14124050586428002,0.4931577014609334,0.5032482721941398,0.36165832234168355,0.6463483805456395,0.6624128666707255,0.4181949034539198,0.4964091250630343,0.5005406581298223,0.49700356426169223,0.3360978936804506,0.7711119614277732,0.42767320358373045
2020-07-14,0.47512881306705634,0.4849370984736826,0.474928581444509,0.4870116425943013,0.12981184117379446,0.49389626087380334,0.5031179556309988,0.4630165907920601,0.6460705402216441,0.6545265302042703,0.4378080506825192,0.4964856848333071,0.5010682233911193,0.49730364927923276,0.34603402906418546,0.7769366709928023,0.5778558507694694
2020-07-15,0.49649901551433173,0.5009081502714571,0.5018565228638056,0.49897437942006784,0.12322638426181884,0.49517641894542275,0.5031422344438149,0.5285444072031942,0.6573469174444099,0.6509193315483476,0.48225240602831954,0.49789174447151524,0.5010261360064798,0.4980051239594564,0.34387849074462595,0.7825264680467315,0.5554161236464561
2020-07-16,0.49687196850072557,0.49325693377465485,0.49457275833921854,0.4876432636328386,0.06983481274902023,0.49507037236749196,0.5027116758882884,0.45905988036252515,0.6547686752534192,0.6474158142403511,0.48332927031126655,0.49788121329184937,0.5010138776610281,0.4979936553380042,0.33935429020400487,0.7788412234488097,0.4379515937353836
2020-07-17,0.4950071748974033,0.49273691675370623,0.49677989056214,0.4935502390349057,0.09698860193687511,0.4948506920517549,0.5028969273307483,0.4921652250731871,0.6582218189004226,0.6454403890869113,0.49920047468124085,0.4982649153644248,0.5010714177801544,0.49821919884915833,0.32543240725210165,0.7834950819013591,0.5246068761533924
2020-07-20,0.49467162028927314,0.507259393608918,0.49880325474998366,0.5061074150785645,0.1090313380432543,0.4951196080648066,0.5027512847543919,0.5579847600298633,0.6728641450784587,0.6473684159354591,0.5397428492279557,0.5008825509629256,0.500775597307877,0.4994176350374986,0.3331771208947204,0.7885785216900368,0.5578619474042851
2020-07-21,0.5142887011268719,0.5098220201590464,0.5061971947778013,0.4987141654146071,0.11379294164689466,0.49598314303143,0.5023526609481632,0.5098919340868344,0.6765969634579141,0.6498052374265022,0.5450273366388161,0.5015421369798037,0.5006778915170842,0.4997081643815131,0.3322474365721356,0.7833252288031848,0.4579983727025005
2020-07-22,0.5011607966003438,0.5054764541222541,0.508294073970154,0.5075561550854915,0.10572840906540779,0.4974185714017205,0.5023245541671062,0.5561702857867277,0.6876160028754905,0.6543949058452048,0.5673874236690846,0.5022541202137869,0.5002820969909997,0.49987827471129853,0.3206788472259656,0.7882908484693499,0.5388320526565387
2020-07-23,0.5084706570758881,0.512719067048253,0.5089561882964622,0.5022435014232106,0.09110698103314965,0.4993956104073348,0.5019348771003702,0.5203433725095505,0.6903765220867907,0.6587280733543589,0.5647233314908817,0.5035260120014344,0.501288215335787,0.5010289204438699,0.3208264627577184,0.783846795707476,0.4683522147396688
2020-07-24,0.49814003273430973,0.49983102751313524,0.5001275648991897,0.4937732124806682,0.1126015206937987,0.5003803483067785,0.5027359486409964,0.4652242169948924,0.6835474473789751,0.6605583304574444,0.5387273845474998,0.5037674738324855,0.5014897212682132,0.5012525540291327,0.31438036337342756,0.7786360024818637,0.45244437099503676
2020-07-27,0.4962379668079052,0.5010566802631808,0.500752899946597,0.5003118089212725,0.08086565708701657,0.5033686533241091,0.5033300493119727,0.503853137043504,0.6839598522621554,0.6621213501980999,0.535951780483458,0.5034845437564752,0.5047382233767572,0.5027128374307361,0.3093791147503434,0.782714732813217,0.5275339581952226
2020-07-28,0.5056735832587337,0.5068507267035005,0.5099863294072821,0.4996801878827355,0.1072360461961234,0.5046601771648239,0.5039663081344982,0.4994457845064831,0.6830294780082027,0.6631488441499396,0.5303896557029957,0.503736753877192,0.5065488698134578,0.5037373343714042,0.29889018535906864,0.7776953336099692,0.49145440180938843
2020-07-29,0.4885178645885847,0.5050680261259606,0.496522483429535,0.5065160626713391,0.1597483327247022,0.505429031322612,0.5046945573769284,0.5412813642223799,0.6883599768133644,0.665248050713561,0.541520770954616,0.5052815670554021,0.5070354435695361,0.5047713839635638,0.3087153374617343,0.7845879199370422,0.5287527953269625
2020-07-30,0.4963870803770889,0.4964139172205677,0.49310122657365973,0.48972368341735595,0.18072264577055763,0.5056411244784735,0.5047584369757038,0.4255534853465894,0.6754294042333605,0.6638291928264072,0.504981142295117,0.5052714408210905,0.5071542440624369,0.504824901174972,0.3216533954030253,0.7769471503613271,0.41150380213187077
2020-07-31,0.4934781661948987,0.48946853035993765,0.4832425297252735,0.47612647369859773,0.2558270481117814,0.5038648188479123,0.504309995041372,0.34739352739201196,0.6514635697670986,0.6569517851765686,0.44828707539024415,0.505996767094558,0.5043624603318595,0.5038176116995339,0.3262226768886902,0.7666273011128653,0.42574888259862
2020-08-03,0.48370670550327544,0.48445422761775947,0.4860749811346088,0.4772037479333947,0.19920191116977545,0.5009181683563081,0.5041170755422145,0.3550650718930412,0.633474855708181,0.6471396825524256,0.41780648980393986,0.5053774033812692,0.5022721270842084,0.5024662726466382,0.31742229854292514,0.7749272520781534,0.5001670147901874
2020-08-04,0.48120806988132947,0.4829687149115962,0.485596868460058,0.4831480226342132,0.1338940900216455,0.4993312423082791,0.5037759561011107,0.3979817718161717,0.6251334066363448,0.6372913518736042,0.4174302148142337,0.5053983842448104,0.5015117205770822,0.5021012078403068,0.3075894257183892,0.780897581201643,0.5252411860172803
2020-08-05,0.49027068428323606,0.5024308760867532,0.4967063704739286,0.4973025484892719,0.14761991223470994,0.4982859149189993,0.5035370424020189,0.49060936252305026,0.6324740453936938,0.6311715372736085,0.4561556545773532,0.5057113023893038,0.5015848086673264,0.5022980752647791,0.3171006981235879,0.7873575297101013,0.5669466411462273
2020-08-06,0.4992959831209436,0.5051792579466927,0.5029231437273608,0.5072217536559002,0.11912985468336562,0.49879343423532385,0.5044773772452789,0.5476465831666155,0.6478759361215224,0.6299660476350024,0.507197246257607,0.507449262614508,0.5023153490079105,0.5035519265022802,0.3151044394979252,0.7928011977918223,0.5443161374535266
2020-08-07,0.5053005747394086,0.5016879899475407,0.5047993638524962,0.49826839474024087,0.08187142854228421,0.49925170587775924,0.5047814512459772,0.4857500020687779,0.6509630231702641,0.6297413358156622,0.5173838866147942,0.5078175931429292,0.503405894193656,0.5042801522331214,0.3091900175240465,0.7886865901779498,0.4503402525869511
2020-08-10,0.5007133405851624,0.5029137318089485,0.5049097748663868,0.49986592076880043,0.07924785432022702,0.49920624878966435,0.5057422227935603,0.495574201418088,0.6546840653959735,0.6304531447531829,0.5271108604000726,0.5065153839313539,0.5077640019086537,0.50576528280352,0.3006834275432334,0.7927076112090237,0.5026020020003631
2020-08-11,0.5061584367980995,0.5199246412795777,0.5086251829004114,0.5035067435002851,0.20214782188256752,0.4995963557589622,0.5065586284275458,0.518594342372166,0.660857487524443,0.6325017715111433,0.5409954345537681,0.5072151845494395,0.5087536894536668,0.5066139305706248,0.3147487736107223,0.8011126469531309,0.5127884725337113
2020-08-12,0.5105591030762657,0.5100447809452252,0.5156145468151814,0.507110266933019,0.07735259735888089,0.4996569332722238,0.5072702588337136,0.5415544329413438,0.6688454633382679,0.6360546277203216,0.5566187940274919,0.508190727661695,0.5085866808785111,0.50703250956633,0.3026455960574309,0.8050660615025406,0.5125130323946373
2020-08-13,0.5046965379225652,0.5100905162709425,0.512259237729869,0.5039105744907013,0.10963316883291749,0.5011032483486345,0.5077939188289504,0.5151220175974305,0.671511346764156,0.639535670303565,0.5558729170655786,0.5087600939844878,0.5096882176573562,0.5078694378831078,0.2942029076679994,0.7999611535630653,0.47878466458304064
2020-08-14,0.5042482127964623,0.5031344567193712,0.5076170652256159,0.5004130163098528,0.06882292098063736,0.5035791955135874,0.5079558247152313,0.4860156159289392,0.6696858426745075,0.6418831054093509,0.544098943947264,0.5090458487806049,0.5101055855278044,0.5082225173000642,0.2826045896997449,0.7963120045678402,0.47723648306294497
2020-08-17,0.5053314771672822,0.5120247929003345,0.5110802842686437,0.5107938516951982,0.09415693706890046,0.5070036155107327,0.5082077050254777,0.5588040884607284,0.6779336347664118,0.6457372614413746,0.5597481805967215,0.5097999851103847,0.5098096283269936,0.5084636273116397,0.2812006863921981,0.8008648535515526,0.5464083991896223
2020-08-18,0.5153416125019208,0.5106856107490845,0.5114854979087308,0.5092310991861041,0.09953669229717793,0.5096627144395353,0.5088606796459941,0.5447531736357902,0.6823002378150134,0.6498668439262082,0.562608838907419,0.5109297514892157,0.5097301809318572,0.5090047075034398,0.27656959610099596,0.7961201011317282,0.48691747095515336
2020-08-19,0.5113825076489932,0.5208779551596877,0.519148789367882,0.5165983274495158,0.15967284886294783,0.5116298667829913,0.5096558547015044,0.5948549093626065,0.6923086997604461,0.6555685822487521,0.5789377013568102,0.5125598068457704,0.5089772750971916,0.5094699134715781,0.2763360866976231,0.8030099948432774,0.5309323036766097
2020-08-20,0.515042938872695,0.5268296384696101,0.5217277876896512,0.5283557712845184,0.1470568434281098,0.513784422574205,0.5112207725591464,0.6653751351014152,0.7109164634678323,0.6645884764810807,0.6134010224455233,0.5174517880718177,0.5066110972614025,0.5108133499038945,0.28166480330003973,0.8094498578953964,0.5520080269529721
2020-08-21,0.5322245729544992,0.5294333733449786,0.5355066570354432,0.5282812901651222,0.1704996827637702,0.5168441558811939,0.5127396881367101,0.6646075433138252,0.724479329660143,0.6750541153881034,0.6284169422187202,0.5217907920570308,0.5056935541838614,0.5125887378351905,0.267881184763456,0.8021737557896691,0.4942487096462112
2020-08-24,0.5341293862282749,0.5343061947760708,0.5404065916030376,0.5367644429603043,0.09218619624579993,0.5206058601662934,0.5150013426750107,0.7123305709582792,0.7423034065452916,0.6876973552133434,0.6510341313104979,0.5275114798284386,0.503542440532231,0.5144641702231847,0.2582859988130829,0.8066563056761936,0.5353854597130826
2020-08-25,0.542272330031837,0.5408161041965293,0.5436121202932762,0.5430527522954307,0.08542733046222645,0.5246374685318317,0.51692859641198,0.7448342813717603,0.7611166246673378,0.7023196784463176,0.6715894604741953,0.5339645390439196,0.5013504761154858,0.5166956224678382,0.25147141582269505,0.8108977573132529,0.5245008911927587
2020-08-26,0.5456712888801267,0.5504875384143503,0.550096350863663,0.5510894295476088,0.1100493501247524,0.5291210249085276,0.5187208329620108,0.7832124391706721,0.7822001071695334,0.7190692339250687,0.6936835060554449,0.5412901443981142,0.4983766688530339,0.5189888541666006,0.25031944427311714,0.816017511024805,0.5325022233791776
2020-08-27,0.5572875325030968,0.5556207171656901,0.5565436563138785,0.5539543093869633,0.14237276379059555,0.534222847984927,0.5210012697951415,0.7963187230078925,0.7997646284707043,0.7366774163265815,0.7026014520890518,0.5481260068171687,0.4979579909597397,0.522293421845182,0.2469698386415233,0.822290286367666,0.5079767619177853
2020-08-28,0.5602382728729505,0.5704255198259109,0.5645384150980699,0.5713673254765445,0.11646751847824535,0.5414564474080513,0.523677399362249,0.8655899472138235,0.8285982766063815,0.7576726335580258,0.7377801694417765,0.556950223335615,0.4987007011751341,0.5271934183143879,0.2561830915391329,0.8276389851721302,0.5755746817203952
2020-08-31,0.5734607685072493,0.5696816412138206,0.5657911051480191,0.5575262899481548,0.15680242201191014,0.5462206927704242,0.5254456944454777,0.7174667917435202,0.8353697513950467,0.7760912830486588,0.7110191962468289,0.5606305959298792,0.5032365382826128,0.5313258905143173,0.260240211624169,0.8208514836238763,0.4316442362160333
2020-09-01,0.5610226349247298,0.5619815315980224,0.5641699249556805,0.5625863656818845,0.08164497695702114,0.5516601175139983,0.527642259383432,0.7406344836610232,0.8432618747721821,0.7927171907705853,0.6923992649103022,0.5647732871595694,0.5071998515869526,0.5354128720268374,0.253963835236102,0.8249580133911775,0.5180287661986135
2020-09-02,0.5681941359137074,0.5748520427259575,0.5739331689260865,0.574232205315899,0.16775574238378035,0.557535735085121,0.5299352487203349,0.7896584041418158,0.8583821389830909,0.8096408000139641,0.695491278486926,0.5715943714442022,0.5081183853336358,0.539370785461994,0.25571472407722873,0.8321362352839464,0.5481693066931572
2020-09-03,0.5711823286713824,0.5658502113418022,0.5493226108374334,0.5462525034768013,0.19726381201662277,0.5593602584041738,0.5314487182808131,0.5543063431036319,0.8402441910688653,0.8188337538038772,0.6151984687568671,0.5731705611689988,0.5105429980766805,0.5413788579722942,0.29055223549244413,0.8239054190415657,0.3677805583472781
2020-09-04,0.5471278732330905,0.5493714644278791,0.5237539710269614,0.5302532776575217,0.2367071899398373,0.559561297181874,0.5327032677055467,0.45335729376133155,0.8079713924564013,0.8184554096589101,0.515788217118953,0.5726002296265837,0.5144650757037279,0.5430244313836708,0.32881686577701097,0.8142676020279325,0.4194756973415588
2020-09-07,0.5471278732330905,0.5493714644278791,0.5237539710269614,0.5302532776575217,0.2367071899398373,0.559561297181874,0.5327032677055467,0.45335729376133155,0.8079713924564013,0.8184554096589101,0.515788217118953,0.5726002296265837,0.5144650757037279,0.5430244313836708,0.32881686577701097,0.8142676020279325,0.49460670735994955
2020-09-08,0.5183299204859371,0.5186833113228141,0.5202909663669344,0.5133612769693939,0.25595149447845755,0.5571754078680421,0.5331520389057482,0.3636481401129584,0.7641190362321939,0.8076455132689067,0.40744311693415947,0.5718241057673112,0.5166764425373132,0.5437187468638363,0.3341554252038499,0.803943313602526,0.41361667001671815
2020-09-09,0.531664469678177,0.5337112586237615,0.5303857271910426,0.528020958681555,0.12019682926978545,0.5556429572686231,0.5341266780005467,0.44667373819240325,0.7425478385426979,0.7938290405199775,0.3762159506247501,0.5711985786052287,0.5198782567962261,0.5449799658217857,0.34354936506138056,0.8094250421685423,0.5664882637320224
2020-09-10,0.5335694031939524,0.5363523601967264,0.5248594087945949,0.5186447373222582,0.1142886870092274,0.5523353088717741,0.5345437831162398,0.3982974298495689,0.7151750159020294,0.7762172113458395,0.3367962878107219,0.5706778029958468,0.5216201304808952,0.5455733967196233,0.35461378861356363,0.8041540653473045,0.44951949531443847
2020-09-11,0.5213179921516042,0.5192784266988483,0.519185623584909,0.5154448099237281,0.11828729157783713,0.5484093698220733,0.5354283326450203,0.38201974596227645,0.689608368186777,0.7560018646379701,0.3097554063197423,0.5699237018011407,0.5236044745023045,0.5461668155293228,0.3460945029906939,0.7987404526766999,0.4790268930064621
2020-09-14,0.5279292121238061,0.5341575701784961,0.5347698677972887,0.5314439182649012,0.20583837069104458,0.5443392867113089,0.5373306995383343,0.47234005533899,0.6845225015495271,0.7386109908332668,0.33909119379167485,0.5684937014494504,0.5283207034502237,0.5477633080761399,0.3519244933741932,0.8072771354879011,0.5728370359898272
2020-09-15,0.5406287209424521,0.5408532070476824,0.5407751772503628,0.532969430214297,0.09563397263403997,0.5418357814486862,0.5392484813264481,0.48051269896833687,0.6813873672474613,0.7239470995607409,0.36741441824674503,0.5678738028499284,0.5312732373073454,0.548904207747003,0.3432276090922225,0.8118826724078081,0.5019094769555021
2020-09-16,0.540591384527195,0.5391420726360266,0.5414383059336292,0.5320020567479461,0.091684330570352,0.5387177940838672,0.5409285715372566,0.4745208808523637,0.677378572857086,0.7112554614415227,0.3878988064246006,0.5668456097827155,0.5347120842551325,0.550075738760959,0.33120840798260665,0.807418024775847,0.4899850436467743
2020-09-17,0.5260618032015345,0.5310703071680665,0.5305700170024099,0.5325231308884525,0.11901968904729165,0.5344656670423844,0.5421398073498424,0.47771078754826274,0.6741864924873402,0.7003373141843672,0.4063187923110175,0.5663228951005543,0.5369129666575823,0.5508950455937615,0.32485389164133294,0.8128577630943712,0.4970993142871131
2020-09-18,0.5358476833702656,0.5315908637177605,0.5295382316323378,0.5226257766495963,0.15184904859732626,0.5320569863074893,0.5426695516935444,0.4129103610211918,0.6614827051013448,0.6885589119894058,0.3973839372451869,0.5664944266386507,0.5361382543485872,0.5506002461148032,0.32154119104326295,0.8062469553431898,0.44729408817759564
2020-09-21,0.5150802635926444,0.514963430268042,0.50367497773656,0.5034268583879993,0.16351640549930535,0.5293221056042382,0.5428469512560294,0.3066264697453919,0.6323756963709509,0.6721620204996531,0.3494149798366998,0.568358956289307,0.531613333960595,0.5493215235322295,0.3425575545578434,0.7992199565601065,0.4016246032157129
2020-09-22,0.508282269922537,0.5129547857705213,0.5114118949722236,0.5149983343807241,0.12041104022881813,0.5294889991683542,0.5433673549532169,0.38457497292575554,0.6208385792341702,0.6562801623387153,0.3547642640369979,0.5685671635313603,0.5291312921403601,0.5482016904648291,0.3374257725889538,0.8047093263323389,0.5521129633647377
2020-09-23,0.5184046214791769,0.5143683210916462,0.503196134523813,0.49568781191813927,0.09526675384712682,0.5261927225288879,0.543098461899686,0.2902745426327766,0.5929996739370195,0.6369043493417452,0.3184750447665674,0.569953452854334,0.522760268236236,0.5457648365698853,0.3487426533428304,0.800116888623088,0.4001281693680646
2020-09-24,0.4973008901804049,0.5016465761814769,0.49789077589439945,0.49624589166213096,0.16778634394935646,0.5239092209495109,0.5427248360390932,0.2941020586756708,0.5721350486410056,0.616404441219199,0.3067998696692341,0.5695478920137358,0.5174730569878441,0.5429432202468378,0.34705092319006214,0.8072962021167451,0.4974096991058497
2020-09-25,0.49681526327382675,0.5033947862076331,0.49929065071895307,0.5026826345845706,0.07865010373930731,0.5226081517790073,0.5426826071862835,0.3391213889423224,0.5627209961058469,0.5977488655450104,0.32595563663444826,0.5674501050880916,0.5143163709947417,0.5403053708281059,0.3460346570406371,0.8112959005438064,0.5269108655760607
2020-09-28,0.5177695850964402,0.516711741356132,0.5225750863658594,0.5141053832947159,0.08006185596455115,0.5208405351531658,0.5431534876806253,0.4139168082688847,0.5672611817628062,0.5839122538357407,0.3760067815936747,0.5606309455845089,0.51544306571373,0.5373593312949337,0.3441052374279988,0.8153459581585013,0.5514314045806237
2020-09-29,0.5175828996234979,0.5191669014653311,0.5208803991439734,0.5108312097330024,0.07900508189999,0.5185836036040717,0.5431547724235283,0.3950219719093538,0.5683106272212888,0.5730944163032283,0.4073606379453665,0.5562013483916048,0.5151862068243297,0.534956940683004,0.33331736180020455,0.8113335971611391,0.47856831501417313
2020-09-30,0.5185913560413014,0.5197619730062348,0.5191119349696666,0.512803138486349,0.1533485253105549,0.5166263259462,0.5432776148534285,0.40845064326750097,0.5717432547180226,0.5652626192086289,0.43837451227604984,0.5497290838454354,0.5167308400439651,0.5323956696220046,0.32724347631802453,0.817997893355833,0.5043087317871867
2020-10-01,0.5236710730754293,0.52965653350378,0.5292434644470674,0.5253791110270164,0.11411731824200128,0.5158980124927199,0.5435795859966395,0.4899508320404155,0.5873733983869737,0.5627422340019397,0.4935403629184769,0.5379374209822987,0.5239007311380296,0.529882252479501,0.33133886889343944,0.8232627572120979,0.5563173652019652
2020-10-02,0.515416341158775,0.5208406339955618,0.5209907632989738,0.5183469303227807,0.08933209022973615,0.5154617957120226,0.543235381960547,0.44336087960785225,0.5932074830334232,0.5621237986631118,0.5132945609648842,0.5333752295518639,0.5257374926865985,0.5284465533296798,0.32725496283802646,0.8188820173017285,0.46067315445162854
2020-10-05,0.5255387441143164,0.5238909391160891,0.5270698751278202,0.5260860942707468,0.09077648412492784,0.5177718433685338,0.5431598891747441,0.49244025056365254,0.6057446913223072,0.5646330216831005,0.5457793197303916,0.5327783837585747,0.5259240276648394,0.528232158104306,0.31514423851480156,0.8233142807740119,0.5323021381845507
2020-10-06,0.5307679740938748,0.5292847163937539,0.5221330566713982,0.5145890993974181,0.08568846382180911,0.5177301229716484,0.5423972791197671,0.41719001027445407,0.6045801296632551,0.5663613659066427,0.5376688880855287,0.5328027351255704,0.5260265244046571,0.5282953276943487,0.321089931501911,0.8190635141427083,0.43918013406317846
2020-10-07,0.5228867480635913,0.5206919060394839,0.5231645931833329,0.5221049374653027,0.10348429425649416,0.520423277289727,0.5416768837773478,0.4658685187927621,0.61128607961296,0.5693508169458918,0.5507671059808116,0.5320980890642037,0.52614305798227,0.5279909574316911,0.31065189960018236,0.823949083077086,0.5313988253016351
2020-10-08,0.5303570168645472,0.5263087841325941,0.5314171840491476,0.5240024438383064,0.04722229589265787,0.5232529825207062,0.5407453623512036,0.4780883582911712,0.6185879165886746,0.5734919306395844,0.5627286053572932,0.5325597840750658,0.5262209074793833,0.5282666032551124,0.2964614760119313,0.826827707392161,0.5038028566117898
2020-10-09,0.5303570345494923,0.5366498173289252,0.5367593196849195,0.5376203297037738,0.08001289345962939,0.5268147858026724,0.5401836367973758,0.5605349422579187,0.6377345147784552,0.5813924323255802,0.6017746896879763,0.5352997560213666,0.5256815287810946,0.5294074999039409,0.2957930488748848,0.8308760184454351,0.5604391439033886
2020-10-12,0.5413384461761693,0.5399604731581414,0.5443120397619937,0.536727378617766,0.10163391959132631,0.5291210368851023,0.5389923690407586,0.5536073287376608,0.6517531626773454,0.5910717645350021,0.6202501348322089,0.5362311394862382,0.5252635037035979,0.5296793258755794,0.283711460774822,0.8260564549780858,0.4903664057760286
2020-10-13,0.5280412529880139,0.5296938225072454,0.5343645914253784,0.5289882734088526,0.08121247483021232,0.5309721002930019,0.5380109466650352,0.49385265273898166,0.6548997204385414,0.5995691596433042,0.6079741963501022,0.5356337376877436,0.5254699801995117,0.5294745014339047,0.27945564437395065,0.8219653531700016,0.4578137654965783
2020-10-14,0.5330089843941429,0.5288010192721976,0.5273645501235301,0.5211002647002007,0.07505747994067377,0.5318179698124006,0.5365842396712652,0.4370303281515448,0.6493467910856857,0.6050365689717544,0.576503893065876,0.5343401425120471,0.5256796343008314,0.5289136208711553,0.2783997715590558,0.8180938086871927,0.45672409187366836
2020-10-15,0.5191890607093145,0.5277968612145971,0.5143594254798212,0.5112405621944147,0.14779740131505129,0.5303765830963514,0.5344179570931513,0.37201259801588354,0.6351132280426713,0.606000070942223,0.5297250165898699,0.5324740621114992,0.5254037273670098,0.5278186651928968,0.29750663287477663,0.8116275288935839,0.4467584467043002
2020-10-16,0.5153789938339582,0.5201710256558693,0.5210276255304144,0.5138819986755813,0.0968029524390468,0.5299213954218214,0.533304735447855,0.39233840950011095,0.6264654026555393,0.604698814800932,0.506202587832474,0.5319216295946767,0.525067722156871,0.5273688111607207,0.29146430891246344,0.8162747649674128,0.5075955904139926
2020-10-19,0.5185914103568519,0.5142939857212288,0.5103066859106846,0.5016410149550364,0.11850354264124152,0.52742928586973,0.5323207597466135,0.31566272097322384,0.607739215797283,0.5991709315959484,0.4623036241976577,0.532050573618879,0.5247478209634617,0.5272769322416151,0.29404883156356465,0.8108534383171997,0.43462682103599576
2020-10-20,0.5062653622499698,0.5090490452462254,0.5110803786543886,0.5043571087727584,0.11804247905322837,0.526386162170138,0.5320111064064528,0.33816017064892107,0.5959564888246441,0.5919254308454629,0.44446395463792265,0.5321136715886776,0.5235745892910176,0.5267294574245207,0.28646662843348036,0.8162583181807,0.5081376512420234
2020-10-21,0.5073111814260551,0.5118760463165053,0.5152066758609405,0.5070732025904804,0.09030113980631249,0.5248537175590064,0.5312907130840695,0.3611571838978525,0.5897480706167798,0.584641465419674,0.44406444946348395,0.5312034667540695,0.5257056781235774,0.5273152183984466,0.27800879907945353,0.8206736254525231,0.5080876893883142
2020-10-22,0.5129510831570264,0.509458040964069,0.5075801391590471,0.5054359689619905,0.06665633013784986,0.5229609157893597,0.5308364635462062,0.3497279991450187,0.5837207131652061,0.5773701112222668,0.44419543330657507,0.5302989456217984,0.5276023478889302,0.5277880338498038,0.27810385175677477,0.8171017618001691,0.4865104039103363
2020-10-23,0.5144825004857427,0.5098672101591168,0.5085380643139263,0.5055103326032804,0.08642494150000715,0.519687388652946,0.5304948168757034,0.35043584891306695,0.5795776348540761,0.5705603277339423,0.448989439370412,0.5300844992702236,0.5281195589888592,0.5279335145972878,0.27726779434755267,0.8213787996261777,0.49497526117596125
2020-10-26,0.5004757291033242,0.4969967704392786,0.48901171060684545,0.4871300605254545,0.22375456728366222,0.5146310765592264,0.5289708633283282,0.23036171952267598,0.5589116621890899,0.5601608412789613,0.4117057524923521,0.5325629120587041,0.5227358658184664,0.5265456754100319,0.29762614505541907,0.8122030208817428,0.40352139276581517
2020-10-27,0.48927043725585817,0.4868791094197744,0.4834855397403036,0.4759308139125503,0.1438171576857872,0.5092220124317293,0.5270093053398204,0.17252521691950978,0.5325580837469507,0.5455268166176545,0.36772462145607654,0.5363822784515262,0.5151335948775081,0.5247501033093872,0.2992159077079053,0.8058787219769677,0.43768767647317997
2020-10-28,0.4555791975834109,0.45340087073199975,0.44708524370034264,0.4417372251186694,0.3298563154490984,0.5011311657435361,0.5239050978214079,0.04616862333708971,0.4795630511424551,0.5211217495812969,0.26623976664566334,0.5464327286514012,0.49729087254391247,0.5210938705260603,0.3391417167681954,0.7929181446336245,0.31806904902739097
2020-10-29,0.45191886612752097,0.46195650974576963,0.4470853457131555,0.45662023271091234,0.3096878436300801,0.4955627712586498,0.5212947971878265,0.17154379489224558,0.4542899767928413,0.4955421540776971,0.2540407763646335,0.5482965432762932,0.48819664467604795,0.5175563311751841,0.3573605303248294,0.8051592842183766,0.5753502206978642
2020-10-30,0.45064893354168656,0.4516154995694154,0.4466800851672056,0.44486278887591,0.17569378849421938,0.4885264499688674,0.5186205280738849,0.13043237033951216,0.42497326646940237,0.46805406249957016,0.23421858753407743,0.551289232163263,0.4774373235491596,0.513775684247836,0.3618312050653676,0.7976979010552578,0.4322001993304366
2020-11-02,0.4575586360736763,0.46165862087037324,0.4638483027887731,0.4561362816519977,0.13089717669955997,0.48388736579715075,0.5169942051615811,0.21657378651456655,0.415344022213824,0.4437563791603307,0.267355084591563,0.5503784003050725,0.4711028146275189,0.51017687314467,0.36333244479393767,0.803561326065115,0.5554850809116322
2020-11-03,0.4662243266542365,0.4713673806657792,0.46852738713904507,0.4695309591154897,0.0984758380238733,0.4803369342725674,0.5154305821470221,0.3086212877138074,0.423323427255526,0.426230133696339,0.3376851848254875,0.5491491901190719,0.46769019065420314,0.5078587005940381,0.36213919160332264,0.8082682363208218,0.5657534291537543
2020-11-04,0.48885947585612033,0.49870798415079587,0.4919960072250884,0.49047877394561745,0.13182746429307324,0.4786451772689081,0.5152514433335316,0.43032598143514805,0.4523939016916641,0.4191745532782984,0.4464365218036252,0.5465350296637288,0.4671150883121197,0.5062315827481971,0.3841378877367162,0.8141648459976745,0.6037456369297801
2020-11-05,0.509290619357497,0.5139961627234351,0.5132169747445654,0.5041336654145703,0.11202621126096812,0.4785124109535146,0.5155227038692671,0.497847555919458,0.4905258360517222,0.42266667130338675,0.5559879497882368,0.5442495745665676,0.4674221992377343,0.5052093644216462,0.3951988839911922,0.819355117126592,0.5636842907578602
2020-11-06,0.5055183649573459,0.5091234229802146,0.5063645375917768,0.507222106090219,0.09261257805949352,0.4786869216189422,0.5156788162922684,0.512561879612597,0.5249899452366585,0.43371812073379656,0.634501338706873,0.5396111895526803,0.4690786865448442,0.5036454222099175,0.3884019856185881,0.8238528766521561,0.5099404428892081
2020-11-09,0.5702859753847411,0.5759680975496458,0.5684438076762125,0.5600935977442442,0.33204738754434676,0.4861253563938479,0.5172603509661369,0.705031766102366,0.6048694361993568,0.461698764289766,0.8103328152212486,0.545341325483095,0.4655555775548268,0.5048475785228972,0.47408564112386786,0.8368916126190808,0.756009427739406
2020-11-10,0.5600142014857885,0.562613964299209,0.5620700178577698,0.5624375796602521,0.12858165823763545,0.4949444865940851,0.5190350940043125,0.7116024888225918,0.6700106936345888,0.4996914163441547,0.9143204134550977,0.5525495867385657,0.46154581298367237,0.5065684942798392,0.45709423520243,0.842672439828412,0.5054213214535632
2020-11-11,0.5608731803383398,0.5634322313389203,0.5661962448959265,0.5601678439074276,0.07540837789261298,0.5070181670486159,0.5206639662020625,0.697839732429888,0.718350895058749,0.541668066883716,0.9556993669293987,0.5596330517652932,0.45825055960897887,0.5085784616058575,0.43577095268819943,0.8387883783220872,0.48416557633141044
2020-11-12,0.559299151855659,0.5581511083955466,0.5506566663222515,0.5448154525414516,0.1155025491104125,0.5160094305642643,0.5213323819778469,0.6076997602338972,0.7401837396363744,0.5804806347192483,0.9228362944442717,0.5640885667726387,0.45711479061809,0.5103058384728559,0.4332121680823252,0.8334741013322916,0.42378081465924644
2020-11-13,0.5536131962003208,0.5534571245863268,0.5512470395962575,0.5530879083529798,0.09663158367182065,0.527042688036728,0.522527124196403,0.6372310109836037,0.7641021405794945,0.6172616450430731,0.901735954152938,0.569543134455494,0.45552684578541947,0.5123229226904474,0.4220732818211633,0.8381152244411476,0.5335253944184489
2020-11-16,0.5710451991997022,0.5676508109276773,0.5679616692904729,0.5613603054254547,0.21303381881017033,0.5377699919398404,0.5237402043018666,0.665962670052092,0.7893818926206602,0.6527435951814685,0.8882435416499552,0.5768901596212108,0.4541073288272951,0.5153953890427094,0.4156177118606016,0.8469085790078162,0.5331146331346887
2020-11-17,0.5560448239892146,0.5564748278838073,0.5593646795563418,0.5539451460946717,0.11481503393713624,0.5463757894087665,0.5250936587297703,0.6205711695583409,0.8000996139860925,0.6836971693624135,0.8412105272663271,0.5822045263730875,0.45374577888961654,0.5179466178826062,0.4009218285957171,0.8416188266513046,0.4604494793759906
2020-11-18,0.5529023950911808,0.5529727617622492,0.5526121976486246,0.5432131099105338,0.10888037031974557,0.5517519119684058,0.5258195687704996,0.5576086238602076,0.7960426943127916,0.7074879725725115,0.7668159290121281,0.5854867647277611,0.45409638863806956,0.5198059609581864,0.38900387176865125,0.8365407720936745,0.4447037286279031
2020-11-19,0.54362536856627,0.5439574118921767,0.5447161734356667,0.5422443854459605,0.08193671188217991,0.5556371965363419,0.5264469091340366,0.551935464476484,0.7900037688801981,0.7250736615437199,0.7023678288561339,0.5885321351015549,0.45476276046301833,0.5216996978099843,0.3762093153471062,0.8324238357312409,0.49003980601351216
2020-11-20,0.5432139475870073,0.5416477518469824,0.5383698148939107,0.5284942779718492,0.16346540289001185,0.5578058367790376,0.5261330642191533,0.47353731739150356,0.7699821668320243,0.7343449471438764,0.6160120454546709,0.5899755076530484,0.4556550845042793,0.5228821867215384,0.37111684516885723,0.8253986562829708,0.42970277070759666
2020-11-23,0.5341236499632831,0.5449631888929574,0.5416535571206964,0.544442811988259,0.09100905602330617,0.556210281609161,0.5263983979692327,0.5481167760857855,0.7682753129107182,0.7413530057752541,0.5925055195884029,0.5931380617240023,0.4583339809552368,0.5258308403146729,0.37144805965667094,0.8298392159220032,0.5712502627458745
2020-11-24,0.5571294941234918,0.5629196142185992,0.5589954935767911,0.5501067839274386,0.17279480018197732,0.5549531904198156,0.5271246635362998,0.5728013392515379,0.7708800173076914,0.7475835515267573,0.5844300473205959,0.5961741303785772,0.46289963997516925,0.5296470807659895,0.3750882789850355,0.8371971880943312,0.5212662937188869
2020-11-25,0.5527154392866562,0.5559531854185589,0.5570400135891352,0.5546157698645016,0.10469815635767926,0.5543871715258862,0.5282772617435586,0.5925456200564372,0.7757036037340409,0.7537237410524369,0.5834915815861392,0.5953312735726863,0.47552524153731,0.5354545096200829,0.3625471980320307,0.8421260571972666,0.5156760746801842
2020-11-26,0.5527154392866562,0.5559531854185589,0.5570400135891352,0.5546157698645016,0.10469815635767926,0.5543871715258862,0.5282772617435586,0.5925456200564372,0.7757036037340409,0.7537237410524369,0.5834915815861392,0.5953312735726863,0.47552524153731,0.5354545096200829,0.3625471980320307,0.8421260571972666,0.49460670735994955
2020-11-27,0.5614313965146314,0.5562511472035653,0.5568185609996626,0.5550255922383391,0.0381907538389664,0.5554280675826416,0.5297830289067269,0.5944127855445553,0.7782021759343964,0.7592345617694446,0.5769547762261122,0.5947648810932269,0.4863569883335409,0.5405173151833882,0.35176584915388676,0.8446825137035937,0.49651071738350516
2020-11-30,0.5522291482340447,0.5507003918911,0.5486642845819364,0.5526036048597462,0.12413219060287126,0.5553786941547214,0.5311146649256757,0.5772027072932533,0.776081515471321,0.7631350985924366,0.5602299048239574,0.5895058568789855,0.5030375129710196,0.5460604157337804,0.3490362122720352,0.8390604052633792,0.48336016524525144
2020-12-01,0.5619176838658348,0.5623607616797891,0.5650467189855941,0.5557708146056712,0.1307094870973599,0.5548088607218491,0.5329761887108834,0.593594677650094,0.7758315222129124,0.7661956285457799,0.5515053520143502,0.5834768430070669,0.5196744964630114,0.5511864603939249,0.33983675273189295,0.8449171351211233,0.5093591464895523
2020-12-02,0.5576906262367254,0.5539041430789471,0.5556009406728811,0.5519699866934018,0.16500364158630357,0.5546074985766405,0.5346135955607797,0.5640953079675253,0.7702361044212237,0.7673033653299085,0.5312230808250905,0.5763478147917784,0.5356648280110761,0.5554278225459387,0.32882624672965144,0.8378370845348827,0.4769742066217125
2020-12-03,0.5531269162440196,0.5528238543690998,0.5523909012241144,0.5440329896144214,0.1542808530084399,0.554691083089304,0.5358846426196149,0.5042530998638293,0.7564717694906571,0.7648915584234907,0.4946680883561159,0.5706395272196549,0.5471719425169137,0.5581831052086772,0.322181423860163,0.8311395308998007,0.45760732844183216
2020-12-04,0.5529772675911613,0.5588217021090476,0.5557116380157966,0.5612858243060587,0.08321993753200413,0.5566323061492068,0.5378053191193325,0.6010663517644441,0.7610967453748474,0.7640702778468664,0.5111877520169141,0.5673749510354746,0.5565138258038023,0.5611234965591106,0.32323127129984,0.8353022417261383,0.5758565058242933
2020-12-07,0.5613192638077038,0.565452967147594,0.567851103861747,0.5611741026269648,0.18327481633960394,0.5599639256596962,0.5397195961449671,0.600188768277387,0.7630961641059972,0.7638923230738714,0.51786951873853,0.5616474607543862,0.5680823029885972,0.5638992444404192,0.31204923535158113,0.8275704326363631,0.494092023678477
2020-12-08,0.5537628455234543,0.560349173957489,0.5608035950665342,0.5616212830386066,0.14291543155347827,0.5617152242029322,0.5422813492530962,0.6026912896647647,0.7635622754654475,0.7638616416260605,0.5193991418278655,0.5618817122438435,0.5679978639463698,0.56397784151729,0.3049983327766175,0.8338625657016381,0.4966670855456295
2020-12-09,0.5660325984024501,0.5617275375494178,0.5573351795556489,0.5497342608523521,0.09405289174594172,0.5616772464855435,0.544819449759573,0.5059933113867172,0.7507604112759327,0.760769712436924,0.487604142825467,0.5605959709605932,0.5680118330846575,0.5633242751521862,0.3065351191389192,0.829313428160945,0.43986829118339876
2020-12-10,0.5483761754728939,0.5460809670743068,0.5510626484361826,0.5423934651628588,0.1805716780470489,0.5604312156626466,0.5482810178086177,0.45219027629823144,0.7321549579946861,0.7538382190997787,0.44772532589485037,0.5596539847058699,0.5671406874645482,0.5624098104926956,0.2942622722340891,0.8216780438162774,0.4602886369125904
2020-12-11,0.536592596375658,0.537102616276576,0.5409156277768773,0.5372882778363086,0.15477659837077265,0.5586229445550402,0.5510551918435547,0.4162788454394754,0.7114007150583986,0.7433202148131571,0.41047479222477723,0.5601158489887998,0.565877162961785,0.5620225488419462,0.2876798170588767,0.8149628062468097,0.47051359362147943
2020-12-14,0.5459071229479919,0.5535315803774096,0.5500293398917151,0.5410518064498271,0.21067749826081103,0.5574452700304708,0.5543631321138918,0.44462962340958484,0.697871991856682,0.7316642686762569,0.3986558010644168,0.5599071941168798,0.5648411696085878,0.561403309768298,0.2936007599399497,0.8236721075451017,0.512486064625629
2020-12-15,0.5484883907400412,0.5466025166465287,0.5470407991174631,0.5451882105727506,0.16637459172411262,0.5563664022446136,0.5574256279087135,0.4756782662960097,0.6905230889086041,0.7205786816865409,0.4045797151178026,0.5583349599205212,0.5647918224299667,0.5605712801696687,0.2881144076469804,0.8308010618511251,0.5141617172843056
2020-12-16,0.5482639678607719,0.5454476677887778,0.5506567816155923,0.5448528693183091,0.11962151983695488,0.5556408314266692,0.5600159483661101,0.4728790836609396,0.6837268489042774,0.7100818025326336,0.41069420392560385,0.557791296048056,0.5644104284539008,0.560103496405984,0.27505933093253143,0.8253398553818034,0.493029814616077
2020-12-17,0.5502089566462032,0.5553197093331724,0.5569660968996304,0.5556962160081688,0.09948160947914098,0.5568298657320468,0.5622587761687882,0.5535717715689394,0.6883724582874997,0.7027974080368543,0.4440599930192253,0.5585332855651046,0.5649386572651939,0.5607457331632291,0.27231628770271055,0.8300826429200294,0.5456179765739767
2020-12-18,0.5577655116944912,0.556064933520159,0.5607297833402686,0.5561808131966681,0.2378210869268072,0.5563094236919564,0.5640486775571902,0.5570127552850843,0.6917999372151257,0.6977911317514097,0.4677211836008075,0.5592120992846075,0.5656838220187749,0.5614627411014933,0.2611301421031881,0.8397601942059862,0.4968550254876954
2020-12-21,0.5474783142171085,0.547943555636435,0.5419856608909734,0.5476101979513434,0.12109651529772264,0.5549266203895327,0.565437624017807,0.4776472410781339,0.6853790810796287,0.6922476448181603,0.46214155939056906,0.5571553345063127,0.5698112054751487,0.5624462260100861,0.2779574029611235,0.8342463725738625,0.4548672886193542
2020-12-22,0.54792717178493,0.5427279485709952,0.5449744110701685,0.535797715623538,0.11741412690673256,0.5522939777135564,0.564602088642797,0.3832284558029569,0.6681453121535915,0.6836835670043852,0.43076883423132556,0.5579533243509904,0.5680819809763931,0.5620014489961022,0.27439063201818625,0.8288639069152625,0.4392329877740306
2020-12-23,0.5439619197433605,0.5387417741864884,0.5431663699159024,0.5337854918797298,0.0996019756370736,0.5506680439627412,0.5636167433571402,0.3682863849630719,0.6522197486890656,0.6730164683774421,0.4089262555487704,0.5587488016656028,0.5655563461084032,0.5611617434294921,0.26373513608705756,0.824116825746877,0.48502867956254175
2020-12-24,0.5413808678341391,0.544292733444948,0.5486642566436453,0.5464550944711206,0.0352326024999439,0.5510821160573924,0.5631451619103025,0.47460894657304914,0.6518576663219621,0.664396032918071,0.43018348752406127,0.5582070009842042,0.5652699868898058,0.5607418891351694,0.2618632865928132,0.8265677608340296,0.5550716496802609
2020-12-25,0.5413808678341391,0.544292733444948,0.5486642566436453,0.5464550944711206,0.0352326024999439,0.5510821160573924,0.5631451619103025,0.47460894657304914,0.6518576663219621,0.664396032918071,0.43018348752406127,0.5582070009842042,0.5652699868898058,0.5607418891351694,0.2618632865928132,0.8265677608340296,0.49460670735994955
2020-12-28,0.553388823782055,0.5615785843423792,0.5573352160452202,0.5610996215075686,0.08518047783324595,0.5535096179789402,0.5637051744735934,0.5745644456306584,0.6656245574318144,0.6607982933563071,0.482350650899287,0.5591545081550078,0.5649174954589141,0.5610543886710038,0.267777131521869,0.8308004068905923,0.5633582517852419
2020-12-29,0.5711948896558455,0.5682097385497007,0.5742712412747182,0.5675833556725295,0.09083564715170828,0.556214437480474,0.5642036729002774,0.6132509625080309,0.6823240035753227,0.6619213638408298,0.5313823410450824,0.5616368430234508,0.5638968648202229,0.561825073988512,0.26000065611470413,0.8352347807912592,0.5244832401051979
2020-12-30,0.5763945812824227,0.5873955110320945,0.5820566803842168,0.5824514435452719,0.14758523046039035,0.5600133230407652,0.5649289971305638,0.6912709346001491,0.7093296097655831,0.6692904844962578,0.5962556135580972,0.5676023779432338,0.5604741058450303,0.5631977516279879,0.27382301159093114,0.8416934921520446,0.5625615937070304
2020-12-31,0.5853722623470957,0.5852718861203359,0.5840858959999512,0.5838299903836829,0.08734298846729,0.5639869348448231,0.565956736911983,0.6979574282300052,0.7309109511338704,0.6803567671284235,0.6346554006041397,0.5731319491650089,0.5580435684855398,0.5648369001937235,0.2718475752734424,0.8460032780046933,0.5007922528754596
2021-01-01,0.5853722623470957,0.5852718861203359,0.5840858959999512,0.5838299903836829,0.08734298846729,0.5639869348448231,0.565956736911983,0.6979574282300052,0.7309109511338704,0.6803567671284235,0.6346554006041397,0.5731319491650089,0.5580435684855398,0.5648369001937235,0.2718475752734424,0.8460032780046933,0.49460670735994955
2021-01-04,0.5922929517768313,0.5868739954178178,0.5768541714588947,0.5802156589651691,0.1770280167533371,0.5664866255685028,0.5672292545570341,0.6623304090096547,0.7431141416401542,0.6921337323676079,0.6420367544475868,0.5770421059772779,0.5577460350279988,0.5666984433105204,0.2847619467860265,0.8384943010428573,0.4784166163375529
2021-01-05,0.577554307316763,0.5802056159259359,0.5746403351975142,0.5681051346816735,0.10667297738952325,0.567702277810461,0.5681186057114127,0.5522056731840994,0.7395224639468997,0.700694722487681,0.6086347124228535,0.5778307361109214,0.5576362411044568,0.5670492864218443,0.2894104008975231,0.8334949872959488,0.440117010069078
2021-01-06,0.568164970354387,0.5716744373434839,0.5688474228588919,0.5610623809478706,0.11353792860042722,0.5690736913906403,0.5692386227578502,0.49500268480296455,0.728552485415877,0.7049150585661542,0.5635514318182375,0.5778206598343216,0.5576350841545531,0.5670435385119625,0.28928356863319005,0.8282507910831635,0.4624386756209211
2021-01-07,0.5621797348578721,0.568135364916173,0.5693270980626877,0.5654967682874313,0.19028053475215792,0.572101429279148,0.5699626683053415,0.5255391097538871,0.7231500531527582,0.7069968804478894,0.5413402086512898,0.5782300863362468,0.5576129705509639,0.5672429263133228,0.2825011506584616,0.8362325040029004,0.5150409729246146
2021-01-08,0.5695488793131922,0.5714879922263434,0.5713562858538862,0.5716077444210933,0.09939592509552789,0.5759573053686708,0.5707020863268762,0.5663429567991127,0.723810725287679,0.7088206379575823,0.5386598779022055,0.5800171646893,0.5580324929718756,0.5683682836600416,0.2783629952626957,0.84097223505864,0.5226101913850482
2021-01-11,0.5687632290518388,0.566793895996349,0.5703599147171949,0.5620682284940356,0.11653484192251276,0.5775490220464559,0.5709583763757347,0.4858507186480125,0.7139098803451903,0.7079073571468467,0.5102322111398054,0.5804045544791918,0.5596778421625656,0.5693805202061825,0.27205223507815723,0.8356211347322222,0.45122471985184215
2021-01-12,0.5627032411716981,0.5590824196413391,0.5518742634881821,0.5470512371215545,0.1568983069173819,0.5761168273512502,0.5706841383069183,0.37837924697025554,0.6904908658689062,0.7015654316782948,0.45384874725037194,0.579881164848177,0.5612380345202276,0.5698828095613665,0.28131089185705327,0.8288302128345193,0.42549409099919844
2021-01-13,0.5517426932466248,0.5524139068756917,0.556154342853263,0.5488770818497134,0.102976308267931,0.5742097734580802,0.5705559831823094,0.3926956033920545,0.6732178276927435,0.692353193947964,0.42403685902328286,0.5795649846528166,0.5623811794059772,0.5702854080379047,0.2710867094038407,0.833697661194156,0.5031719203105594
2021-01-14,0.5560821052574976,0.553196354308148,0.5306949250094125,0.520966927049547,0.22944237827207242,0.5679415937199096,0.5693590775051856,0.23579695165453957,0.6318786549841159,0.6750783527227415,0.3402963415159302,0.5822507915524349,0.5570686122203012,0.5690392599666964,0.30546904986886203,0.8243189902313364,0.36398393143919244
2021-01-15,0.522302816684715,0.5235794526465771,0.525898243993527,0.5199608445471693,0.14513506510993104,0.5614303074864961,0.5682582831214287,0.23109006238560553,0.5984642707768468,0.6532522435411771,0.2930255642514683,0.5844983215583068,0.5521417272767994,0.5677586032819544,0.2963580091428296,0.8179476797149844,0.48972341284261034
2021-01-18,0.522302816684715,0.5235794526465771,0.525898243993527,0.5199608445471693,0.14513506510993104,0.5614303074864961,0.5682582831214287,0.23109006238560553,0.5984642707768468,0.6532522435411771,0.2930255642514683,0.5844983215583068,0.5521417272767994,0.5677586032819544,0.2963580091428296,0.8179476797149844,0.49460670735994955
2021-01-19,0.5279512487055837,0.5269693881173007,0.5245697944109786,0.5202215284650553,0.16588292657052336,0.5553140685593164,0.5674394069834016,0.23340640216907532,0.5728783011087202,0.6296608432008672,0.2746907428407236,0.5859244712436862,0.5469669429553656,0.5659334847486518,0.2957349095993892,0.8250590956334072,0.495873702152654
2021-01-20,0.527876540062532,0.5382202232866251,0.5325397924428461,0.536431157572723,0.22512143721272782,0.5520849924787486,0.5665846550058192,0.3670054742705287,0.5693134171467009,0.6099335607554243,0.31482458204422337,0.5856575186146391,0.5451886280734743,0.564917395108347,0.30398116478757553,0.8342836325508398,0.5733625862403674
2021-01-21,0.5391736872567097,0.5381456633924135,0.5418380143859132,0.5331892317511896,0.0994061256173866,0.549243400497688,0.5656222553092114,0.3474044809343367,0.5640208839171702,0.5928836201189827,0.3426322236790751,0.5858136952023691,0.5435252236245133,0.5641754584063524,0.292446248695968,0.8295435376281376,0.4791881270242853
2021-01-22,0.5314677738679099,0.5312910406948702,0.5309532696063732,0.521563187178087,0.11578204340934084,0.5447644910318549,0.5642446574109045,0.2811818871763741,0.5492364415791569,0.5757012489697109,0.3412567623054389,0.5866962644160334,0.5411262872984887,0.5634431136422996,0.28858512016261395,0.8242192906835648,0.4390788061174528
2021-01-25,0.5178137502599865,0.5175441915605423,0.5086299749136635,0.5176876431902089,0.35990501274045184,0.5392674829186166,0.5631425742441725,0.2605104400604989,0.5347628517664474,0.5584874150683119,0.34092998111782213,0.5877844425880099,0.5383197074470026,0.562614903895453,0.301908687610412,0.8101868340415882,0.4758106021395675
2021-01-26,0.5231256667956222,0.5244362072050548,0.5278906312586849,0.5215257704012295,0.16248207258283334,0.5351342892491078,0.5624249342308721,0.2942143966942669,0.5282407836773374,0.5431536312046353,0.3604567212332638,0.588324612837686,0.5351633954170687,0.5613323282187155,0.2911389470988076,0.8171769367146569,0.5133176720400159
2021-01-27,0.5077137914053864,0.5103170608838602,0.5020254375560073,0.49529255682948325,0.24749526185759663,0.5298576321397722,0.5609807014046708,0.16738927100373446,0.49861674090869856,0.5237885507072781,0.3185865155926241,0.5903598972230693,0.5261982161385903,0.5579466551745137,0.3152640251460943,0.8071542940013038,0.3673712138561456
2021-01-28,0.516542049327913,0.5188854889246075,0.5175593792513161,0.507403139852032,0.19177797136101485,0.5256294762119297,0.559823523775775,0.2647620357860347,0.4887260400096756,0.505926630049177,0.3341987657690477,0.589022119007717,0.5213243571858042,0.5548504749164453,0.3313717205230141,0.8151894225911607,0.5554659885113882
2021-01-29,0.5083870848132294,0.5227970824797991,0.49778208378994837,0.4888831863058122,0.40520757041930267,0.522358625839892,0.5578871940170084,0.1870728549155672,0.4644556985058392,0.48582181093174065,0.3109033776453273,0.5861572519733262,0.5145622092637773,0.5500365308835627,0.36613794635927965,0.799540959994574,0.4030643742082709
2021-02-01,0.49836181324136986,0.5084916351174918,0.5059365766468165,0.5079248013830697,0.2311397451093598,0.5211315838756895,0.5566172377776192,0.31867421336263263,0.46592650144831627,0.47009036661415793,0.3563265054508048,0.5797447193417473,0.5133257063512032,0.5461313247545315,0.37200890839142275,0.8089801784199819,0.5911481726181093
2021-02-02,0.5197217358842527,0.5276401903863415,0.5243116782964555,0.5237617311984919,0.19715976669366406,0.5214924979449135,0.5555190108596323,0.4107938182190151,0.4844143128176919,0.4619349736166358,0.4350135522100905,0.5727212353438806,0.5147488619874538,0.5432268563298425,0.3776455775609898,0.8172072832193434,0.5728318678862131
2021-02-03,0.5280263070326948,0.5245108397172215,0.5279276706757816,0.5191038417616901,0.2410934143390776,0.519726025081926,0.5542439338289551,0.38770177683184986,0.4959824027795247,0.4581824254154398,0.4807427638701325,0.5675635295269814,0.5150086692587164,0.5407058145939472,0.3615277391414926,0.8074130034117621,0.4720820673901377
2021-02-04,0.528662137887246,0.5474964313905709,0.5357499458887243,0.5485045000355736,0.2630490175877398,0.5212873751553465,0.5542746888772225,0.5335213878052305,0.5353023583617337,0.46460162442290437,0.5863894542657175,0.5654934742087541,0.515852913087862,0.5400597307866075,0.3822913207054064,0.8179904704697945,0.6376651180998669
2021-02-05,0.5538751225577312,0.5491730424333747,0.5562652398568964,0.5467160133452192,0.17632826095383042,0.5238516375798468,0.5546501691308734,0.5237488529939227,0.5654179360388814,0.4769528110021661,0.6480007823465542,0.5621145160604424,0.5174097527260393,0.5390934896076602,0.3593003514049924,0.8105064547815976,0.4862323816905039
2021-02-08,0.553949724321524,0.5511099781382871,0.5461181251140592,0.5397102652149016,0.14272978205564998,0.5260967841797416,0.554853922083158,0.48487734962624146,0.5828770599951958,0.49101704460792556,0.6657929811821085,0.5558681943285313,0.520581306535955,0.5374524129838255,0.3581308356863173,0.8042209440950432,0.4617279084833004
2021-02-09,0.5380889594113011,0.539859502539816,0.537963864321763,0.5383317183764906,0.12196763986445547,0.5278101050055892,0.5545745591829819,0.4770963235537539,0.5957239151123573,0.5053465955513102,0.6685486433166146,0.551379354585136,0.5227757950919071,0.5362312057644864,0.352046426465346,0.7986760482243074,0.4880782333508682
2021-02-10,0.5463560118677026,0.5411260181582954,0.5462288856242394,0.5380335002036409,0.13927180514555126,0.5321674282882212,0.5537813152818983,0.4753051865528383,0.605867196818394,0.5192406120595254,0.6640250574778136,0.5499666226062343,0.5233053807001032,0.5357672569627574,0.33467157452211604,0.7925138884380981,0.4931918862512594
2021-02-11,0.5451661019034914,0.5558358100376142,0.5520280767766398,0.5549774262147549,0.13811914617551835,0.5370174977826684,0.5533477973736158,0.5643812844931406,0.630637427571941,0.5362908835615189,0.6968068291141843,0.5512708981897572,0.5225848397633389,0.5360811103701099,0.3398187375614554,0.7986349312575256,0.575024065395544
2021-02-12,0.5527716124149724,0.5541194323081612,0.5538387742121349,0.5523648893477389,0.10751554049505174,0.5434892852737457,0.5523131207885347,0.5469814685310697,0.6474613875027189,0.553962196958481,0.7032571487549035,0.5548191355422445,0.522165404280797,0.5376964876113811,0.332113311414592,0.7936055620995007,0.4824746020433879
2021-02-15,0.5527716124149724,0.5541194323081612,0.5538387742121349,0.5523648893477389,0.10751554049505174,0.5434892852737457,0.5523131207885347,0.5469814685310697,0.6474613875027189,0.553962196958481,0.7032571487549035,0.5548191355422445,0.522165404280797,0.5376964876113811,0.332113311414592,0.7936055620995007,0.49460670735994955
2021-02-16,0.5576422231086375,0.5538209612419884,0.5526193359040547,0.5446767108979079,0.16344908205503794,0.5472360427940071,0.5509666395249411,0.496102770674355,0.6529045486199951,0.5694034534730751,0.6800951369408959,0.5567622962974896,0.522718576591001,0.5389680812142434,0.3265033356313055,0.786580964838371,0.458785291686701
2021-02-17,0.537410563330736,0.5434855460827686,0.5441565634141788,0.5432211571608154,0.137345946618629,0.5492198785055875,0.5496943986248232,0.4864546884351562,0.6554638503698643,0.5823696788534349,0.6543887521287328,0.5583344726995745,0.5234786675500083,0.5401513770090461,0.3183273979817157,0.7804875031347138,0.4877576686853761
2021-02-18,0.5397334751826148,0.5487838006799721,0.5437870330165503,0.5500882811256961,0.11603501635143654,0.5523786580827763,0.5490747990392802,0.5275814011666438,0.6638731219281504,0.5947575583089271,0.648381885106514,0.5600437603488353,0.5231237898927041,0.5408540151726055,0.32012993722842853,0.7858207739799608,0.5269803625675872
2021-02-19,0.5526965081135377,0.5481493657725965,0.5393522437466615,0.5328457257683602,0.27277419512782275,0.5507822885058414,0.548104428280573,0.4150005339254132,0.6531935280778581,0.6021089833265866,0.5960718215775918,0.5600203987367796,0.5231123137419275,0.5408363423140411,0.32816984748067435,0.774896396159719,0.41403463623751147
2021-02-22,0.5310039831360582,0.5523284853405637,0.5369503946860504,0.5462442800093601,0.13662170956666145,0.5507341965713809,0.5474423352175029,0.4947566635316247,0.6576432649868768,0.6090563002454461,0.5918746387018792,0.5617323821428439,0.5239021285835636,0.5421061468723976,0.3465751272208262,0.7809640233090265,0.5586291760078963
2021-02-23,0.5454283453834601,0.564492187506355,0.5496629659886398,0.5603889964425427,0.1821976412313254,0.5528423371485486,0.547056522479656,0.5680034447338764,0.6746254130607718,0.6186831525639064,0.619705063599246,0.5654298000159399,0.5245042295270899,0.54430306632724,0.3625532778791968,0.7886574080475437,0.5610298008561337
2021-02-24,0.5640114632708244,0.5891925791318434,0.5671796310891319,0.5877080601508463,0.2121320926778614,0.5578761213058416,0.547938276278597,0.6807872713793084,0.7141157872038949,0.6358467050380154,0.6979833978533899,0.5749203859451664,0.5215296533511731,0.5477080441287108,0.3890097379001056,0.7974185967747123,0.6206037902810556
2021-02-25,0.589975259134941,0.5888940190824173,0.5719468108562358,0.5665096057809215,0.1991835502304298,0.5607791830549559,0.5486074495678858,0.5530445915513873,0.7233465290088157,0.6517892741209891,0.6853019133792566,0.5761971725450146,0.5276157339651216,0.5513720526071619,0.40510892630206474,0.7891193007699571,0.4000996948922573
2021-02-26,0.570343135958221,0.5693426529868103,0.5651470726223657,0.5614339054590535,0.20582817016918586,0.5614374036068219,0.5490392787260631,0.5252326712100233,0.7245304864988507,0.664827010907842,0.6551314901526483,0.5771822654605845,0.5322160365912851,0.5541518530369203,0.39904408469742736,0.7805829818257185,0.4713768947269901
2021-03-01,0.5737899816697646,0.5790063834273964,0.5801138189227247,0.5772580888999418,0.10896401459898689,0.5639751978019215,0.5509751317563313,0.5915978735795151,0.7398340430332284,0.6789240010652828,0.666133200143799,0.5763321965783565,0.5422985290190335,0.5586986068992993,0.39922222901857474,0.7856640200924425,0.5674925389619214
2021-03-02,0.5812456633156831,0.579491342028473,0.5802246812729707,0.5740484108185883,0.09209643165344339,0.5669695629658931,0.5528352031356469,0.5727579564579761,0.7474127553883851,0.6920174866352498,0.6557105130391538,0.5767642215340449,0.5487323882611574,0.5621005656881666,0.38517211629856374,0.7811846722351896,0.4801123574514002
2021-03-03,0.574464469911357,0.576730491357877,0.5729816438839234,0.5706150544228341,0.09881653545395383,0.5697622965117323,0.5545682364702677,0.5519991484455393,0.7486341420364915,0.7027849248057084,0.6315515161214902,0.5779001037154115,0.5524288699304889,0.5645110976614117,0.379666052745561,0.7764656088229297,0.47904046738392786
2021-03-04,0.5775366508317982,0.5760961454285045,0.557497409120879,0.5581123882204997,0.18397661224348238,0.5705803324722502,0.5553138539823202,0.479141060304843,0.7359921137269998,0.7083697887043398,0.5777238099942968,0.5760301100532894,0.5584327827036812,0.5665180278426186,0.3993994180876972,0.7687087656861228,0.43767908165501224
2021-03-05,0.5691442166143438,0.5726634183173704,0.5610450745485714,0.5727049311949087,0.12120464082942484,0.5746438703851109,0.5566727988681015,0.5488070281487345,0.7391283333378826,0.7135891320968644,0.5739274089483664,0.5781399699029488,0.5587590529125248,0.5677631030915303,0.4061036490846356,0.7742264443080509,0.5621024596157873
2021-03-08,0.5813207569300167,0.6100872706421502,0.5838833958054683,0.5908431396346975,0.2674474826132105,0.5791906031917108,0.5590553364013718,0.6236493726100092,0.7580579185974369,0.7223002202713081,0.6101936739614939,0.5837007776062473,0.5575729466065361,0.5700333763931464,0.43859686460562053,0.7849608108003865,0.5769796117382261
2021-03-09,0.6003533261998169,0.6058708914140248,0.6000696135816421,0.5911788920625111,0.15479699941449004,0.582329549561711,0.56158270041645,0.6249697476563891,0.7717368582884656,0.7325466260624951,0.6261399240587088,0.5881472762357973,0.5583091223343418,0.5726813586940204,0.43224141766817126,0.7916767761037795,0.4960978514015012
2021-03-10,0.5953328802828503,0.6028486176040783,0.5971501051758542,0.6016661038731137,0.12611925226094567,0.5837525342712111,0.5643387264478643,0.6661691139532349,0.7910730553269991,0.7453767901603279,0.6529755805373544,0.5940623893861172,0.5587540868117459,0.5759398161680916,0.4262163856678347,0.797369765828322,0.5411635088757946
2021-03-11,0.6096073456868761,0.6179225194431598,0.6134472654084002,0.6127877561968051,0.17162378027259875,0.5884704662204202,0.5683793863003235,0.7066632479608783,0.8152416268684464,0.7614318194904828,0.6864699578333746,0.6015229422357258,0.5587815829199966,0.5797858085504218,0.42229034837437285,0.8046859660733354,0.5433583642445862
2021-03-12,0.6124172421578994,0.6116167696560281,0.6120059740694266,0.6061072462037868,0.1332494170401758,0.593024792175183,0.571773820472579,0.6596380263425137,0.8255124653667637,0.7767367818871856,0.6786795470544971,0.6069071697731845,0.5585079122626344,0.5824163597555024,0.4066543787439586,0.7987386333418867,0.46570863104920546
2021-03-15,0.6084833893174156,0.6136690096752925,0.60579762761848,0.6020393318168379,0.1563780803025883,0.5955511726948898,0.5756652602649067,0.6310742707983277,0.8273325216977566,0.7894168454579689,0.6514165933167598,0.6107098014556414,0.5597264994094822,0.584972034008352,0.40591803258501313,0.7919662686592798,0.4768696205388013
2021-03-16,0.6065351577325712,0.6080349033302526,0.607867058118432,0.6073761859690171,0.1490989879042212,0.5989488490014235,0.579085393335294,0.6540542652201657,0.8317075767128641,0.8006091791028622,0.6359646026559108,0.6143812471675214,0.5624372144119281,0.5881978263100188,0.3924404373954621,0.7984789778773252,0.5179902782582594
2021-03-17,0.6115556995240622,0.6104976188711613,0.605871572732939,0.6011063794356336,0.14351522223876975,0.6020573569076133,0.581745275752765,0.607626199078694,0.8266846463741414,0.8083595293995427,0.6002151741972688,0.6160163757712649,0.5667631499271367,0.5911759326527372,0.3873423563121735,0.7921654494346453,0.4673102066403445
2021-03-18,0.5979929928867197,0.5966176188578295,0.5978153889660607,0.5922985758936835,0.15669837668895142,0.6055425460432106,0.5842624426260598,0.5452450617537503,0.8118740101416888,0.8110111148222738,0.5472579365675955,0.616509820578101,0.5706440186981224,0.5933475878980042,0.37618052959830117,0.7853816593294106,0.4559718210615329
2021-03-19,0.5893381216007293,0.5878490692862683,0.5508822239101887,0.5409443727216131,0.6236354251883527,0.602304643227318,0.5840024498511932,0.2885103749222387,0.7479585057144384,0.7978179418647247,0.38268972142663304,0.6152274087478082,0.5728198215779949,0.5937642509237487,0.4297240041932744,0.7619415679143858,0.2669354448476252
2021-03-22,0.5422436052897349,0.5584474615083305,0.548480207949157,0.5450498213635259,0.19851643610087094,0.5976361386006138,0.5839451495097053,0.31152793485282165,0.7005317226792611,0.775899733742086,0.2920689981754701,0.6153715505557091,0.5725456830974295,0.5937027978493805,0.431728109084458,0.7702170670197825,0.5140180744090964
2021-03-23,0.5516101307182126,0.5497539112164733,0.5531735635741396,0.5456096632791121,0.146475413682164,0.5929904792895575,0.5841480298064333,0.31481181491920623,0.6630967562630612,0.7493955815272386,0.24443806459618017,0.6165531999766904,0.5697792041572671,0.5929424237140583,0.4113388743458456,0.7766361896550293,0.49723975063555736
2021-03-24,0.5504862675875803,0.5541568024961845,0.5547627278783096,0.5453112688891028,0.17260711057977726,0.5872452566720993,0.584388056545367,0.3134874007976232,0.633077494464108,0.720999510098122,0.2247880478013098,0.6168407282706931,0.5650672590974333,0.5907611735088147,0.39704148506936365,0.7692849126348145,0.49320431303434564
2021-03-25,0.5464398891043132,0.5455004415223547,0.5468173586770525,0.5449379822063255,0.13770500498805519,0.5803281561920757,0.5846255016782789,0.3117118648008465,0.6091371219185532,0.6925464324050212,0.22419596435702083,0.6177747834040381,0.5618510891867314,0.5896513463981018,0.3827146416062317,0.7631786428140713,0.49285166000697206
2021-03-26,0.5486128128098452,0.5637084525327044,0.5539126207687279,0.5656884338178644,0.11748961076848694,0.5762075678671116,0.5849938532248469,0.44118408800387393,0.610888691322929,0.6702036541294224,0.28765929052339756,0.6177452487115249,0.5623246419504748,0.5898702353889826,0.38770573642219974,0.7685638010881951,0.5922141001915385
2021-03-29,0.5643485306722629,0.569641061031463,0.5665512916944312,0.5693459384404442,0.12549498032319334,0.5728745650622802,0.5855778314953721,0.46166280361292805,0.6160344846384095,0.6535623866480146,0.34687682054106517,0.6174745653936005,0.5617823801907211,0.5894631673232145,0.38102977232671287,0.7742345221546222,0.5113631528911032
2021-03-30,0.5664465059301923,0.5653874115353795,0.5676229156923384,0.5596050063001305,0.07868886572237035,0.5680044228291564,0.5860912155674212,0.4063576530299848,0.6106788821598683,0.6389661463080958,0.3681170602791808,0.6173343934132425,0.5604246345663112,0.588720076203988,0.3682175240643293,0.7702334410331027,0.45018360613326563
2021-03-31,0.5647232961870147,0.5652383800793478,0.5681404708899853,0.5589707420042013,0.2354096835594109,0.5637088088460656,0.586632843782976,0.4027722642002391,0.606061939804277,0.626182913957105,0.3869474824044886,0.6172822059713867,0.5592668066353464,0.5881209941013767,0.3529827674505581,0.760641907897121,0.4916785442401917
2021-04-01,0.5693314535813087,0.5787824456286369,0.5709119694772133,0.5781163839445902,0.09175369411899115,0.5622629728326306,0.5875967302260879,0.5147296120962652,0.6214186843610632,0.6196358728928001,0.4517183577120461,0.6176271742850035,0.5609905144532011,0.5891501691516648,0.3601592142321537,0.7651090298244283,0.583065984467921
2021-04-02,0.5693314535813087,0.5787824456286369,0.5709119694772133,0.5781163839445902,0.09175369411899115,0.5622629728326306,0.5875967302260879,0.5147296120962652,0.6214186843610632,0.6196358728928001,0.4517183577120461,0.6176271742850035,0.5609905144532011,0.5891501691516648,0.3601592142321537,0.7651090298244283,0.49460670735994955
2021-04-05,0.5873901870261927,0.5891179090128281,0.5894265706554966,0.5862525064137539,0.17952102429560296,0.5668820142071068,0.5894333893880365,0.5562385452813425,0.641483348212261,0.6192058234191508,0.5152511907124733,0.618448987576822,0.5615465840642718,0.5898471712206238,0.35223713358679687,0.772706935871941,0.5313090628747871
2021-04-06,0.5837184555104001,0.5849762663030237,0.582146387464723,0.5847969526766614,0.12622533768827615,0.5709341264679999,0.5907592157834176,0.5463058728614945,0.6556283994021839,0.6222510014958595,0.5513459030107006,0.6178777039245644,0.5615109653075645,0.589536104129208,0.3474147703137127,0.7670101619309866,0.4881059992088088
2021-04-07,0.5893382992552121,0.5910953552273364,0.5943415287124774,0.5871108601974557,0.08106150710670357,0.5751650609611006,0.5916781806657172,0.5589813605411218,0.6686604563001762,0.6278096831926657,0.5774518741200213,0.6174656889315429,0.5615157267860272,0.5893268100983033,0.33267700065167793,0.7710958785080232,0.5049593777473422
2021-04-08,0.5925229971987738,0.5977369805557217,0.5923829853908471,0.5924478318277413,0.19179225209161702,0.5799705057393729,0.591841181411516,0.5884689990969008,0.6836281857886851,0.6358429636128826,0.6031537677890737,0.6162070263028452,0.5618643145709888,0.5888525440703197,0.3332692535653513,0.7791315165116278,0.5184173738044767
2021-04-09,0.596381910215856,0.5969160442223111,0.5975566022943793,0.5992402397170129,0.08331786254184764,0.5855064736491001,0.592966787897596,0.6248052283852201,0.701365135641641,0.6465194406213078,0.6306067673456658,0.6137664301553907,0.5629906487151638,0.5881555450233955,0.3238066183886462,0.7832977204608069,0.5247143861807745
2021-04-12,0.5935344792001319,0.5943414788389982,0.5964848888115375,0.5953214637860155,0.09536059864822685,0.5885274807028008,0.5941321810129483,0.591794511135824,0.710595333126042,0.6572722189100985,0.631399254376477,0.612002938664236,0.5637007406152919,0.5876006329790564,0.3163178332125941,0.7787019351754996,0.4773786125156475
2021-04-13,0.596381959763685,0.5932594965480407,0.6001804856169665,0.5936421142564161,0.06371449963380127,0.5910044099468535,0.5946956276374578,0.5773266851715615,0.7152453961745364,0.6669886174866356,0.6206351167758593,0.6106991358779599,0.5641817067206174,0.5871686089512458,0.29762064920773446,0.7752350107551796,0.48718878825821754
2021-04-14,0.5963819481076202,0.5987816721967573,0.5996261706740724,0.5972249028033874,0.06797015735325018,0.5948396563869909,0.595492667186206,0.5996517501777145,0.7213997756088352,0.6762363532409467,0.615767449986276,0.6088605252461057,0.5650359153452571,0.5866463409250686,0.2903334270712862,0.7788537404723255,0.5104645991461179
2021-04-15,0.6072095791489511,0.6156838960662,0.6136321009594891,0.6132729995148889,0.14397424572241116,0.6003756242967179,0.5969596738983953,0.6884581002578973,0.7408521750150033,0.6882954239173206,0.6449667826099368,0.6113291925669133,0.5637366682265847,0.587272294959683,0.2997599947000451,0.7851836429283257,0.5653305022481554
2021-04-16,0.6194984451433314,0.6163182400348914,0.6206535907630824,0.6137582428329729,0.10585081532771218,0.6040092151655739,0.5988733348130466,0.6909182130459814,0.7552829877431206,0.7014003678592292,0.6558295229838702,0.6150440925188998,0.5621095351664851,0.5883763620723756,0.2862012043263419,0.7901536289980428,0.49670453240665785
2021-04-19,0.6141782176011349,0.6154973014787639,0.6181406001433849,0.6114442178340721,0.09997939494584543,0.606577441836197,0.6002055788628348,0.6670897298726162,0.7628777102222186,0.7137040525542153,0.6475074141219685,0.618146949915962,0.5662231298664552,0.5920034715078941,0.2764539324019607,0.7853930847520385,0.4846083586540023
2021-04-20,0.6105439653164842,0.6072886634775858,0.6060932158028737,0.6020765723765358,0.08483161998567848,0.6083390522099823,0.6005918966096845,0.5751232477854087,0.7581323864791336,0.7224099994753685,0.6101402754269557,0.619175262661867,0.5710903688428833,0.5949374108143748,0.2764884135928978,0.7811728829455991,0.45402020398756826
2021-04-21,0.6050364657626562,0.6165792580125959,0.6099734467255643,0.6176394845090065,0.16014207286844795,0.6114513626785406,0.6015018763718073,0.6660981552479723,0.7681520754599308,0.7317755193949551,0.6169907901840899,0.6219971828001218,0.5756551975444221,0.5986432351861151,0.2828864718655061,0.7880795145374312,0.5627929806585399
2021-04-22,0.6199854366063341,0.6279967102158919,0.6248294493518115,0.6180874285283392,0.1155127496322712,0.6140652500390232,0.6020666057191836,0.668504011426357,0.7748450038292358,0.7408715909620203,0.6141922221414058,0.6236034940905302,0.5815610929727318,0.6023874575299685,0.2828940867455897,0.7933941553941894,0.4965333169634936
2021-04-23,0.6248935211576564,0.6313175743607116,0.6278598498670767,0.6271565033787071,0.07557158624235216,0.6169112374228848,0.602560746928192,0.7161427221718957,0.7872856437226634,0.7511292812864043,0.6262571284642537,0.6254897808649593,0.5881588737839919,0.6066174749639502,0.2841992290014914,0.797284038771917,0.5335922739312943
2021-04-26,0.632986206789297,0.635533803119194,0.634548741769878,0.6284254431439373,0.08178982436741464,0.620286098355207,0.6033282697107478,0.722605249034173,0.796460116431828,0.7615336783220871,0.6277808665388995,0.6292454098458247,0.590786004262827,0.6098451983457509,0.2803428930363503,0.8013957354500881,0.5000039137844938
2021-04-27,0.6339602731054107,0.6288549888885563,0.6325901011332955,0.6268206334727873,0.1020296998394438,0.6236685584239793,0.6041804986633525,0.7044125245686097,0.8001608953624714,0.770743919167319,0.6153780170826032,0.6321090179930784,0.5937924514297002,0.6128021836883828,0.26897445535348263,0.7965620539445871,0.48779101439985284
2021-04-28,0.6336605172690739,0.647921298907221,0.6387985045280212,0.6400322800466594,0.17280704080820775,0.6280326544594286,0.6053035417237342,0.7723726594468905,0.8140196912755221,0.7814327414519519,0.6307349889330295,0.6354160943056117,0.5987271561968153,0.616940044176072,0.2843148465070794,0.8039204627572702,0.5508220591624615
2021-04-29,0.6496957967766648,0.6525105056014171,0.6479632208181407,0.6527586833024477,0.11772422277123698,0.632058112854018,0.6070798644300704,0.8259592110260143,0.8352046033798591,0.795059799159256,0.6612523466337784,0.6400781638008048,0.6036443424524083,0.6217652906185016,0.2861365049607101,0.8093139899715354,0.5479362270934058
2021-04-30,0.6500333316841469,0.6466528244814557,0.644785373482365,0.6404429835062941,0.17584271611335636,0.6347785498085556,0.6087355505858302,0.6967127999212976,0.8373997863285372,0.8064874209972336,0.6384083734632849,0.6430197899194008,0.6070747445099226,0.6249718990442851,0.2891873040782217,0.8018472943507616,0.4437412099380095
2021-05-03,0.6452750357838971,0.6459438400063778,0.6414593341928592,0.6368973767799677,0.13329021912761058,0.6373734303454824,0.6120353743514751,0.6623689896090943,0.8332680476146832,0.8146395353555423,0.6043880112291186,0.6452704993494436,0.6100072538649494,0.6275775003313926,0.2906609356431984,0.7958985061514621,0.47975597465215275
2021-05-04,0.6360958802115868,0.633444346731702,0.637172515707038,0.6347327251932313,0.08657386911914414,0.6407026365762322,0.6151195693731267,0.6410271419596141,0.8255768110131263,0.8193183720844645,0.5683135513706098,0.6463400594750532,0.6140935186363049,0.6301466196163474,0.279853496144701,0.7916161558677987,0.48550305938398886
2021-05-05,0.6445256209913914,0.6388918043567412,0.6313705113563035,0.6242080966057711,0.09960401574144534,0.641372288768353,0.6178225694592525,0.5428912288921703,0.8070093996261354,0.8186126064901129,0.5123875238277813,0.6457781104519604,0.6185390334843576,0.6320552158124614,0.2871855269804112,0.7868690019260206,0.4502337388531442
2021-05-06,0.6287150249762898,0.6304220348377195,0.6313705351784904,0.6320828890274641,0.09146195919383235,0.642799088016796,0.6208066454360914,0.5937610066361314,0.7981247658157925,0.8159191959375163,0.4917432719394457,0.6461212781548178,0.6223080263007401,0.6340943790151197,0.2799637976317678,0.7913257172581954,0.5282161591352325
2021-05-07,0.6388683735878851,0.6365412850673858,0.63894645069246,0.6350686538382043,0.05891413404709785,0.6436057103019207,0.623906239192255,0.6123722380644487,0.7921467269622764,0.8123321025957769,0.482461225600736,0.6470346402959202,0.6250881805626747,0.6359376962410134,0.27072382940682316,0.7946214058858828,0.5072336519106108
2021-05-10,0.6360957275724047,0.6319890364984058,0.6184361776191387,0.6121159576459119,0.1629329356489878,0.641943002479443,0.6255028817154495,0.4264266824991679,0.7631493910026568,0.8025145362759739,0.41774974229026596,0.6458518925002217,0.6280655608057236,0.6368017473186691,0.28964795193030435,0.7876152202930643,0.3978731916296666
2021-05-11,0.6066477289472018,0.6111692599548844,0.6069063646018006,0.6102874109213081,0.1222512143721273,0.6402574852710405,0.6269108589353256,0.4138752666767898,0.7371043039276287,0.788419963636862,0.373327525225015,0.6442261367214188,0.631487828259433,0.6376581224283439,0.2912740927807821,0.7820602089207662,0.4866906087882554
2021-05-12,0.6062354233817073,0.6058708121524157,0.6005129795033393,0.5921865017802707,0.1240465062192582,0.6353797379131794,0.6280313365499737,0.3023549187431555,0.6977566451484534,0.7677164301470072,0.3046849580719005,0.6450069300652181,0.6301518999863835,0.637398904385216,0.2976670230334404,0.7764411569630382,0.4160744319745485
2021-05-13,0.5994981518503,0.6067166269924654,0.6038421551715337,0.6050063588696227,0.10219290818918297,0.6305115179202452,0.6296145013929031,0.39690556775741065,0.6786719099928102,0.7465808152842978,0.30019723673089027,0.6453956957834863,0.628887375040291,0.6369735983404061,0.3000595761037488,0.7812806603399419,0.5514493829423309
2021-05-14,0.6156693905701188,0.6164690795198685,0.61875660289652,0.6169663936989443,0.0639837934108709,0.6281181432474201,0.6309505532105717,0.47396066475596305,0.6748393727462764,0.7287540302944869,0.3345636949197214,0.6453866591300919,0.6292307059253498,0.6371386528062418,0.2972054685479695,0.7847571908480764,0.5468239933156993
2021-05-17,0.6170201710797673,0.6151614074939219,0.620237088234931,0.6150977282010379,0.07942738350494011,0.6258957281857159,0.6319425403746327,0.4615377808917082,0.6694774467377808,0.7132078608017302,0.35825082303901645,0.6453183621966156,0.6296819837391241,0.6373266203387046,0.2826094623885792,0.7807297657584595,0.4865631892267588
2021-05-18,0.6253120937688593,0.6227092007546036,0.6206440356889872,0.6118459929576281,0.10729112901416038,0.6235624878928998,0.6328727568575135,0.43927623928402576,0.6616259117351134,0.6988896622345223,0.3710048820541486,0.6446639210625447,0.6313790502119074,0.6378292421176984,0.2808781892572231,0.7757084016736133,0.48057897382660775
2021-05-19,0.6041882811165494,0.6065299302939068,0.6071730055214531,0.6081833192983709,0.1564964063561492,0.6219288052984546,0.6335974387163483,0.4139208757208121,0.6515114566156203,0.6850116346065697,0.375576623957155,0.6449085263540149,0.6301405322882228,0.6373427368494299,0.27945610146520894,0.7689318161342396,0.47874527508750986
2021-05-20,0.6142437027291586,0.6168055204826848,0.6199410114668907,0.6150977282010379,0.11909517290904603,0.6201972142083761,0.634376368642258,0.46468951830159116,0.6500824270409366,0.6735668106139703,0.40084857634255316,0.6448993753156627,0.6298388425327064,0.637188921330414,0.273369727913255,0.7743742470682875,0.524680631576758
2021-05-21,0.6196464718772503,0.6231949042842683,0.6247889824399817,0.6163309546219522,0.08084933625204266,0.6182869565815571,0.6349641183200158,0.4737095437972742,0.6499189956976144,0.6643717925376191,0.42421570729933483,0.6444515667248489,0.6291774086307781,0.6366319633686248,0.26685127667704955,0.7784523952125004,0.49992675045199403
2021-05-24,0.6236611501651044,0.6261842277436798,0.628785965536497,0.6258617184300902,0.04894618408677789,0.6196882996211353,0.6360143976632457,0.5410962311488425,0.6588629778238522,0.6591587962761094,0.4655741305073769,0.6442435899013133,0.6291266982568616,0.6365000636448049,0.26370788149248714,0.7813925130442667,0.5356618594341315
2021-05-25,0.6309776062175116,0.6264831653215859,0.6317096341482261,0.6247404486444827,0.06218646145936826,0.621161747626825,0.6370838693686163,0.5312563943351243,0.6644240749000201,0.6563208630482019,0.4902422178903728,0.6440927192529748,0.629066969625918,0.6363930413101272,0.2510713353312656,0.7779800958949548,0.48983038398586387
2021-05-26,0.6240364593195706,0.623344516020787,0.6241599538649846,0.6174523418856661,0.0541586507565727,0.6237375315158878,0.6377794909893968,0.46821814053579974,0.6612409703419211,0.6532878303487903,0.4882158586976477,0.6418722611569616,0.6290243224166816,0.6352313379528146,0.24676490449872948,0.7748540420452642,0.46352056327237096
2021-05-27,0.6229483153844654,0.6198694267523891,0.6241228872635907,0.6166674119184036,0.0883099979394946,0.6249263442546394,0.6378962248303998,0.4615067695663407,0.657602588606075,0.6499896316200793,0.4854617680949084,0.6360604354661112,0.6313077700590015,0.6333744971219145,0.23707165276356948,0.7705097616045543,0.4912299749690871
2021-05-28,0.6223105272097921,0.6236434224234054,0.627009614759662,0.6183119879285373,0.08443583973756097,0.6250635239376954,0.6380528281221519,0.4756612665247297,0.6560247335200513,0.6469730114874002,0.48838632433355206,0.6329286240448964,0.6322590212667148,0.632235891175342,0.23128938547441488,0.7747158453728421,0.5016881467252178
2021-05-31,0.6223105272097921,0.6236434224234054,0.627009614759662,0.6183119879285373,0.08443583973756097,0.6250635239376954,0.6380528281221519,0.4756612665247297,0.6560247335200513,0.6469730114874002,0.48838632433355206,0.6329286240448964,0.6322590212667148,0.632235891175342,0.23128938547441488,0.7747158453728421,0.49460670735994955
2021-06-01,0.6292517921839074,0.6260722261902557,0.6237898521170584,0.6158078246145857,0.07039584145124864,0.6251359163415922,0.6382028925573364,0.45180636438302396,0.6520222684206375,0.6436007068065382,0.48469208237398365,0.6301659227364729,0.6329350618219588,0.6311508659029049,0.23353333253023448,0.7710105880919733,0.48384481359832715
2021-06-02,0.628426260046779,0.6373940369114313,0.6330419599361652,0.6271324791059679,0.15178784546617405,0.6266943321542872,0.6390645651782924,0.5486974125227633,0.6596886992152519,0.6427397742370639,0.5107759150211387,0.6287120636530998,0.6336549385514699,0.6307598448410657,0.25220495212976646,0.7776192126413787,0.5434194326970614
2021-06-03,0.6276009228845961,0.6272305976121803,0.6293042097241595,0.6213393987279615,0.0967315487860359,0.628035558778718,0.6391918052265886,0.4917330273587139,0.6596709915564213,0.6420467853470724,0.5125202263519505,0.6283907801214887,0.6336902426906029,0.6306122547134043,0.24565115090239217,0.7729745236362885,0.4699661951848903
2021-06-04,0.6289142252092595,0.6283890021192873,0.632857084471874,0.6289266634844785,0.07027751539768776,0.6294453812329641,0.6395645665117685,0.5527242654752358,0.6667175043930983,0.6431807702894331,0.5314957017415691,0.6277647597168812,0.6340123302299648,0.6304498717261889,0.23937991001937423,0.7766755600603903,0.5270979558192301
2021-06-07,0.6420462050757543,0.6432605142054344,0.6378531528259564,0.6333368503341406,0.07712410566924605,0.6311790861884222,0.6397771086407369,0.5859049368385794,0.6761115638235131,0.6463388169819784,0.5525181888990579,0.6273424184714089,0.634271003727424,0.6303607730789501,0.2459975676401849,0.7806208239898361,0.513326038810087
2021-06-08,0.6394198376712794,0.6364226892538842,0.6381493291096662,0.636065338092078,0.05160852029189814,0.632219317545299,0.6400398446245061,0.6062159133258236,0.6855933165568339,0.6511371247830419,0.5695544122680376,0.6302897667188667,0.6337007419145663,0.6315929321518183,0.24032046913674507,0.7836559110988592,0.5061288788072926
2021-06-09,0.6407331121728378,0.6438959288071622,0.6454030515922193,0.6370371169874152,0.061572390043474624,0.6334729295397845,0.6403911894878979,0.6136604561174053,0.6933178724510806,0.6568266092334651,0.5788104291185678,0.6329870223011809,0.6336818891249739,0.6329691637040289,0.23572980399494473,0.7870464234570185,0.49869753663083966
2021-06-10,0.6429843329549979,0.6416912689462202,0.6454400743477231,0.643166654661873,0.05735957451583223,0.6360944340015787,0.6404989806294803,0.6597532219183497,0.7046213407247157,0.664086558448241,0.5951217275939633,0.6341514079044948,0.6377783124021257,0.6355920147648513,0.227319860523598,0.7902866587595949,0.5203809117945732
2021-06-11,0.6478244056069603,0.6461004604843273,0.6512874382046251,0.6469415786517023,0.07624686078939799,0.6391808032100096,0.6402989304032038,0.6865913637756325,0.716297459053074,0.672692168097628,0.6090981436802682,0.637576935994246,0.6385832403551841,0.6377495178219075,0.21703482358279994,0.7942006301302512,0.5103686821683093
2021-06-14,0.6489874849762965,0.6452783621028575,0.6433675272493717,0.6436524853704881,0.08496830697858504,0.6417641982120966,0.6404093051708444,0.6426835677118985,0.7212247261611269,0.6807572510975921,0.6034840785240356,0.6403486119425628,0.6384804209590322,0.6391224765106049,0.21936845704138394,0.7899755525065121,0.4809323250090244
2021-06-15,0.6480120278459067,0.643709048000714,0.6472534505004971,0.6395412215623133,0.11124485128659184,0.6441837536765371,0.6405002269916991,0.5892994403248455,0.7200042974974452,0.6869168973204394,0.5836936644357831,0.6419105581665749,0.6394014372028323,0.6403800569388498,0.21243677443375178,0.784813153586935,0.47744989790149794
2021-06-16,0.644935220253292,0.641392205212059,0.6301553180016134,0.6269082721400892,0.14820338208502748,0.6441608963843148,0.6402311440547831,0.44835749382582696,0.705648030866655,0.6884047884769029,0.5351714734121972,0.6416655242680025,0.6412239456747207,0.6411549882150244,0.23075852398978644,0.7783323918882119,0.44163894890943506
2021-06-17,0.6283888264664188,0.638253505807474,0.6346334305123209,0.636438977209174,0.10681578469554504,0.6457002574671566,0.6406517640331355,0.5337846466654694,0.7028371240867547,0.6889215955406349,0.5250855148852764,0.6415936939910123,0.6442397538240496,0.6426086986912897,0.2350828749707876,0.7833367997725976,0.5351555684646561
2021-06-18,0.6330412959478194,0.6339190212920456,0.6346704037879688,0.6299356829395137,0.14686915382590973,0.6458031242645869,0.6405779216167536,0.4689668469198372,0.6934244531531162,0.6870797230533848,0.5005875910622329,0.6413768827569257,0.6460095804204632,0.643372088817181,0.23185652010879457,0.7769036318725918,0.4672420358041396
2021-06-21,0.6367934668312009,0.6444937433296309,0.6390375436255252,0.6445496069292699,0.11541890483117118,0.6469462343954686,0.6409039715892156,0.584310896233833,0.6995968056496005,0.6870851483829113,0.519774157196248,0.6429227211533044,0.647340296951793,0.6448238954116241,0.23907352388488082,0.7822149251532935,0.556563800204834
2021-06-22,0.6474867513266791,0.648529242589614,0.6495480372144418,0.6505669530122086,0.14724453303030985,0.6484246347146684,0.6422263013022619,0.6247225848337554,0.7095028955831779,0.6894630321883928,0.5444151928948325,0.645844475998443,0.6468753117984569,0.6460949420262169,0.23488126473947,0.7886614833575256,0.5196921095032726
2021-06-23,0.6518013842548378,0.6478938447105134,0.6521384589392588,0.645894848724544,0.10555091998506644,0.6493276564470534,0.6434508410720161,0.5764680546203587,0.7117684021647105,0.6919081647624968,0.5451136579365239,0.6474704078731737,0.6473874634152583,0.6471833036248945,0.2256656906133098,0.783702194976511,0.47526232619376185
2021-06-24,0.6576172332769055,0.656600313770447,0.6575789310702043,0.6517256395746733,0.06060334046689828,0.6502002217507662,0.6454983919935119,0.6172921280207535,0.718292436884816,0.6954274587779373,0.5562702074358189,0.6494223118369757,0.6489263899582075,0.6489466124837413,0.2268880542062919,0.7870581399732165,0.5188771085148524
2021-06-25,0.6553659899226808,0.6574597156477882,0.6609467407734949,0.6557621873072398,0.12616617466149568,0.6510994588856442,0.6472438849102482,0.6444665629538544,0.7263240250945577,0.7001672985186088,0.5689471461860609,0.6515721057028967,0.6507615215903281,0.6509579790117971,0.21979052405829821,0.7927528034857872,0.5112976980327866
2021-06-28,0.6613693306164258,0.6570487507843741,0.6444408744327931,0.6436899608863985,0.15628831571023175,0.6511032794128744,0.6481629083735921,0.5207509909319354,0.7196927890489924,0.7023702964369898,0.542598777800156,0.6513481051027383,0.6536359394022715,0.6522636369891014,0.23962959417536248,0.7859836408324519,0.44491562170741344
2021-06-29,0.6484997073337332,0.6501359005288123,0.6529156830623257,0.6506416103487639,0.20924942520059328,0.6522349339503527,0.6493852624643826,0.57168747534145,0.7202521987776079,0.704266731849645,0.5394147314937606,0.6511147674113251,0.6575043247035872,0.6540557821024661,0.23279780065780112,0.79464200075597,0.5236155528618132
2021-06-30,0.6505258518105738,0.6496875415522864,0.6516945144106526,0.642680765214204,0.12559290533303685,0.6538428968512966,0.6504456702681716,0.49743290653526534,0.7118563188123653,0.7037721897142719,0.5145813513892833,0.6510136976514891,0.6592278004146283,0.6548557176932375,0.22738258755220145,0.7889677865667012,0.46164841360029485
2021-07-01,0.6471115221368643,0.6491271093294456,0.6525457340767166,0.6476516750652499,0.07525332996036077,0.6549860009938913,0.651802987004928,0.5353337407842171,0.709185554104338,0.7027366288129971,0.5089621749698411,0.6502522878122532,0.6627579989474953,0.6562094441534972,0.2214258306114905,0.7928463172951935,0.5153739914037372
2021-07-02,0.6532273300389648,0.658580676409395,0.6590962733464941,0.6606583223436238,0.05595598270807534,0.6581180907750535,0.6533698158166363,0.6232956530265603,0.7188886914452685,0.7042330952831146,0.5352605390847968,0.6527248118885671,0.6634912847807207,0.6578419895735484,0.22332205522355528,0.7960364845037066,0.5486380624430518
2021-07-05,0.6532273300389648,0.658580676409395,0.6590962733464941,0.6606583223436238,0.05595598270807534,0.6581180907750535,0.6533698158166363,0.6232956530265603,0.7188886914452685,0.7042330952831146,0.5352605390847968,0.6527248118885671,0.6634912847807207,0.6578419895735484,0.22332205522355528,0.7960364845037066,0.49460670735994955
2021-07-06,0.6669973039848844,0.6654186775849263,0.6642405036850432,0.6642837554431826,0.13072580793233382,0.6601299337058434,0.6550189126149284,0.645399054332227,0.7290022143868908,0.7078535138793998,0.557320516400908,0.6559454452986684,0.6633653764707804,0.6594341606108327,0.22365920116838603,0.8018937965485908,0.5094476103534564
2021-07-07,0.669848686196781,0.6670252453461469,0.668274304040786,0.6657786056068336,0.05559692433864916,0.6616807204406524,0.6563916543466647,0.654689622287671,0.7372385589205659,0.7127233138175691,0.57029695015456,0.659083946047547,0.6631964180939114,0.6609628628766456,0.2198871020634334,0.805071155640018,0.5007011825217104
2021-07-08,0.6575045225233028,0.6521909996047447,0.6543960256391927,0.6531083568858581,0.09684579463085333,0.6624161180378837,0.6573672266981004,0.5278043156215968,0.7300585690487339,0.7148987960179553,0.542312991643619,0.6596110802881374,0.6643214373972379,0.6617897036418009,0.23315830024316078,0.8004223913249459,0.4430364331916677
2021-07-09,0.6642206998849822,0.6610841298259378,0.6650175788568745,0.6600602413044359,0.08109414877665141,0.6632658080845126,0.6588325123396084,0.5766747205261127,0.7300701446550604,0.7166419553454155,0.5378227620134499,0.6611372788602647,0.6644937299885415,0.6626588528918913,0.22932679633294203,0.8045092722762629,0.5233075724821982
2021-07-12,0.6597933336306596,0.6575717230400746,0.6644624759688591,0.6578177017332205,0.10954952455367617,0.6634753622066037,0.6602476707875036,0.554969789719691,0.7267249739604338,0.7172349649176928,0.5258769760435695,0.662115618906481,0.6646090479806944,0.6632184128255042,0.21586546688339184,0.7994073480458815,0.4854205924829352
2021-07-13,0.662307250841369,0.6724060898983917,0.6680893780956934,0.6745619737026728,0.13134803976571444,0.6666226802021021,0.6621821077725278,0.6620102452797787,0.7393547948524006,0.7207355342613041,0.5560757276117625,0.6663999378583825,0.6633737587650245,0.664808658826724,0.22422478834643808,0.8052868559754888,0.5633692795407195
2021-07-14,0.6809547805440832,0.688585489807891,0.6850023219966536,0.6881665258030748,0.14387836081693942,0.6704482435818456,0.6646705234732784,0.7305978875742964,0.761286439888926,0.7287909101727994,0.6033832579128784,0.673559282298134,0.6609945156769736,0.6673103565189005,0.23105827821764433,0.8116133380820397,0.549442823971747
2021-07-15,0.6887964349070121,0.6960212604596698,0.6942173828588204,0.6977345301709108,0.17329054554431006,0.6760608256379416,0.6670985279770839,0.7721271126506222,0.7863086513814167,0.74123064491171,0.64892046898599,0.6808838989900299,0.6607544213529319,0.6709542594009034,0.23139996869297688,0.8189889941887535,0.5326019673195451
2021-07-16,0.7063561100378397,0.7022241586329583,0.7023964671157459,0.6961274884157409,0.14349278109068062,0.6810028033642528,0.6696704903472127,0.7553373334556579,0.8025392533755307,0.7550713576774697,0.6634714294864164,0.6869795293851375,0.6606322725270272,0.6740251422070151,0.22831295546434163,0.8126762662533914,0.4882907535628856
2021-07-19,0.6838440308559162,0.6797672811464124,0.6704950067165922,0.6673112249816606,0.20061774360376278,0.6816810487484979,0.6709905353995305,0.5092586920731734,0.7850895585849431,0.761962902818092,0.5912953769814119,0.6863301730754539,0.6651975986519559,0.6759480568032451,0.26431694097568403,0.8043258105536847,0.3811575178517094
2021-07-20,0.6712746239253088,0.6788704632246026,0.6727524745015848,0.6758700924163551,0.1108062288466678,0.6828622443859378,0.6724532535752684,0.5571848452884538,0.7779993698334703,0.7657772979313187,0.5593352122647515,0.6876058263777916,0.6671319904003172,0.6775594479808286,0.26977247787492864,0.809472563193867,0.5293834740953063
2021-07-21,0.681217445449805,0.6889218229608987,0.6830779028157419,0.6794581087390568,0.1958602202088659,0.6842568326375604,0.6739455309379552,0.5767412341183988,0.7742455134223882,0.7679293732030364,0.5420698805541073,0.6893715100796718,0.668304223608859,0.6790458538498446,0.27421923964895334,0.8176533113421844,0.5090481343945559
2021-07-22,0.6830560274664221,0.6831302042673004,0.6862236763635025,0.6812521756394609,0.17652411097351742,0.6871260186460143,0.6754660867847597,0.5867950663243902,0.7713941065882545,0.768967823564478,0.5305034521225617,0.6908670091577047,0.6704303283062526,0.6808649343579396,0.26349346275372154,0.8251443132760645,0.5017992075164788
2021-07-23,0.6942370498373251,0.700542693339552,0.6995838151528951,0.6994913565116169,0.10455738915602922,0.6911459139217998,0.6774030932555901,0.6791053136567764,0.785363569203314,0.7731457296998288,0.5631107422324068,0.6957408726271033,0.6703369056552323,0.6833224075952203,0.2762495118448358,0.8300681610149152,0.5675846898282954
2021-07-26,0.7034295761409212,0.7018505236549095,0.7030626442920536,0.7040885097674602,0.06606061966130186,0.6958630973351095,0.6793683761905024,0.6996326706402607,0.7990123307030824,0.7797583590298728,0.588398477197911,0.700999789539902,0.6699016516630211,0.685808723131088,0.26822587952663357,0.8336187748366491,0.5126402154232673
2021-07-27,0.7033545423155223,0.7104820830705593,0.7049871375607458,0.706630031119216,0.11011259336027632,0.6991323488344663,0.6815341739599734,0.7111186194010726,0.8102441304592685,0.7877396520503847,0.6026138117118693,0.7051656089446039,0.6721236088708626,0.6890468936866329,0.2718547118953615,0.8387407845233699,0.5045274720804824
2021-07-28,0.706581185079051,0.7061101592121675,0.6964380198048051,0.6917171840879722,0.15087795891637817,0.6994943288188112,0.6833285052873476,0.5831515427963054,0.8023860456706674,0.7922418541357295,0.5664789731884811,0.7064659724529507,0.6750477346585397,0.6911601692667588,0.2822804815064698,0.8321646169070347,0.43655253310789743
2021-07-29,0.6993021923299466,0.701925147299975,0.7008420316903655,0.6953799164862827,0.11943587033912656,0.6992542823383248,0.6856832451050705,0.6031353838298723,0.797825713736688,0.7947509398356654,0.5457778934848491,0.7068018060142387,0.6801842023244538,0.6938714601712689,0.2786538820111457,0.8376192009976359,0.5090957354757316
2021-07-30,0.6959255082185487,0.6947510066675313,0.6967711679122462,0.6896616109229381,0.0849458658304959,0.6985951036605075,0.6875135714541244,0.5563215127677867,0.786727543279844,0.7940990370181145,0.5129469581105821,0.7062634101165814,0.6851166054578807,0.6960328072563848,0.2692206072958224,0.8333949238812146,0.47207566262338635
2021-08-02,0.6922858601957579,0.6923967595549058,0.6685333110434407,0.6649563176017665,0.1703201535790571,0.6983550272385853,0.6887179310641289,0.38909205263662244,0.7520666378007447,0.785272606479718,0.42804396341965956,0.7060109416654001,0.685826377317362,0.696253932552898,0.30378834654612197,0.8261252258340304,0.3966594202146302
2021-08-03,0.6712371039683253,0.6683332042797091,0.6524716760536846,0.6549024825253152,0.16724979649958893,0.696217436264994,0.6890739664511379,0.33439412063729496,0.7136672456987004,0.769010795615898,0.35081796604679744,0.7067264850384061,0.6841062100305544,0.6957712803787932,0.3228887680212298,0.8189650517426098,0.453648177773921
2021-08-04,0.657617160699506,0.6539846328537315,0.6562465428067649,0.6533326813298433,0.13323717641394534,0.6935540197811243,0.6891690798467153,0.3260164642231497,0.6810727961660199,0.7481915707459939,0.3034833541430201,0.7075781665447469,0.6819255525398665,0.6951309565694741,0.31054340015525694,0.8130181556515161,0.48813890252939984
2021-08-05,0.6561538676360947,0.6640734378597923,0.6613537092909598,0.6665635943131492,0.07541449820572821,0.6920565587437836,0.6898798779980465,0.4183368019406208,0.6678711290701644,0.7283730122511216,0.3138765627573925,0.7066750840422824,0.684264691229462,0.6958232079999819,0.3072501646969932,0.8169024354780186,0.549216698653851
2021-08-06,0.6688732995683859,0.6728545101568267,0.6740477787042811,0.6710112566787223,0.05852651421646731,0.6891530897911404,0.6905431103614267,0.4471826274762822,0.6614247296544419,0.7109735792659165,0.33900229568263374,0.7062281104855075,0.6858691302739155,0.6963866210277584,0.2975073792151751,0.8201842971611245,0.5126936940330221
2021-08-09,0.6754392363388974,0.6712849661174707,0.6673490854478593,0.6657786056068336,0.07315814277058413,0.6852474989413272,0.6908875749821648,0.4134353297359111,0.6508782093727836,0.6945270393544274,0.3488993170570184,0.7056718265026654,0.6872759322059422,0.6967961973822762,0.29706395298597355,0.8163805047067647,0.4734323614244229
2021-08-10,0.6707867238813366,0.668146265853869,0.6581339163098662,0.6585652149236256,0.11311970720422057,0.6803474212605171,0.691399134961696,0.3684840115154024,0.635302608785422,0.6776378237230272,0.3443015597821175,0.7062832913425394,0.6849753220583294,0.695973188557042,0.30686510087521557,0.8111512270394489,0.46524686262382176
2021-08-11,0.6616693974977041,0.6570113028896162,0.6545071598777532,0.6473152765078517,0.11699590551052594,0.6758207671808806,0.6912847423424295,0.3042474580306573,0.6120170910604977,0.6585471368178303,0.32143644631571566,0.707007312402717,0.6799706077357125,0.6938714541271997,0.3035869650362897,0.8057836799263184,0.448446156027545
2021-08-12,0.6471446251625808,0.6423232122736275,0.6424975228619833,0.6362744491212968,0.16782102572367602,0.6697951250506694,0.691064429134927,0.24823807133958092,0.5831608872216473,0.6363605115358759,0.28928114040183794,0.7071626310048755,0.6734117541353831,0.6907094267563995,0.30020303331473663,0.7986031292849883,0.4487240695193483
2021-08-13,0.640043733460687,0.6391803202009932,0.6439058484107647,0.6394932317558888,0.0776157708228353,0.664680594828843,0.6907838602732527,0.2746768777243353,0.5642132008799045,0.6140712607494765,0.28821524241279217,0.7060509734051492,0.6686719903573508,0.6877956806853712,0.28559446982655035,0.8025659316020349,0.5081533240575234
2021-08-16,0.6408326721047023,0.647449342670318,0.6394586695530488,0.6496357040635456,0.12108019446274873,0.6631186998212879,0.6904047924356462,0.35449356737437204,0.5600150550578742,0.5952339655675636,0.32406824559163483,0.7063265145687985,0.6665457612280589,0.6868863021101766,0.2931646193020683,0.8080791710470184,0.537134672473426
2021-08-17,0.6513151273091358,0.6481603096863415,0.6506505987775679,0.6465293479766858,0.10628127735014925,0.6622650814582591,0.6897942183710005,0.33608863199927236,0.5544649114986177,0.5788342901524727,0.3493860651878923,0.7061884917841927,0.663635105361958,0.6853767655880396,0.28265357923556933,0.8030938297914766,0.4817315530369988
2021-08-18,0.6472573863809048,0.6432212904405787,0.6441652255563777,0.6356757219525244,0.06845774229809598,0.660465002327535,0.6887589802159082,0.27501322375353304,0.5403428693567287,0.5623308452357947,0.3483082853156856,0.7062591397119395,0.6590043358153848,0.6831242286077153,0.2766741583123289,0.7994577072335151,0.44946164099237507
2021-08-19,0.6289224142047289,0.6360371192246614,0.6346409163066256,0.6354511038132731,0.08406046053316088,0.6572931682842618,0.6881517472908246,0.27378158236897093,0.5300597680902153,0.5466642121556584,0.356999653593026,0.7056333568511246,0.6548872387167034,0.6807678333629793,0.274034901302616,0.7952650137694536,0.49366072321100657
2021-08-20,0.6395553777153519,0.6350271295596049,0.639829460170194,0.6346653514992666,0.07918257098033135,0.6535878018050897,0.6872784170420492,0.26918721200651413,0.5223528491909712,0.532284293385019,0.37036383827972835,0.7015316575537327,0.652402333084816,0.677432634341305,0.2612334503815219,0.7912463214869409,0.491296636854332
2021-08-23,0.6426736917895426,0.6443437841833479,0.6461293893373673,0.6450697412449258,0.09590734661985309,0.6514765892365914,0.6868400146866919,0.36298848443227,0.5276947369880074,0.5220602986241496,0.41352845967278845,0.6949403089276851,0.6531093949096392,0.6743962087741381,0.2582093320409836,0.7958616100414473,0.5384761490820158
2021-08-24,0.6514654050924098,0.650106023374252,0.6533559213025455,0.6454440264916065,0.0701979513271899,0.650138919654754,0.685838648495432,0.366247956658547,0.5333909466313176,0.5152459401733437,0.44894192249499865,0.6862997097270311,0.6557206491558463,0.6712482822169595,0.2488935629356556,0.7995598083032402,0.4961661195715024
2021-08-25,0.6513149905830464,0.645653245721794,0.6464257190441647,0.6392684961385314,0.07418227516519746,0.649318572215379,0.6841570452776513,0.3224711664271301,0.5328949193388344,0.509675603050492,0.4618626856032274,0.6805887902200463,0.6561965680244596,0.6685498772681472,0.2444578249722423,0.7957194836058284,0.46888812497533344
2021-08-26,0.6405321209713793,0.6367855784280024,0.6392733892656782,0.6315214024183895,0.08666771392024417,0.648834011992159,0.6818799758445507,0.27151135240140783,0.526016278682841,0.5035711802246614,0.45631551796822367,0.67283493907993,0.6576080431177882,0.6652644541789989,0.23761186972358775,0.7914337857461085,0.46211431498784417
2021-08-27,0.6363617322161692,0.6383571315366838,0.639569917300131,0.6396429576023717,0.09645817480022278,0.6488492761362182,0.6799374728557346,0.34889193238008415,0.5297330185473524,0.4995781894919658,0.47824545862235407,0.6645400821861671,0.6610223870553154,0.6626910708031695,0.23336222330184905,0.7960687231165992,0.5289755120780582
2021-08-30,0.642636114915033,0.6406769144263419,0.6384210434123316,0.6341786397048539,0.09806985725389711,0.6472734703375099,0.6787980432632315,0.31130514047669483,0.5284232899519214,0.49606998006484393,0.483280536613272,0.6623966829830308,0.6600463431059679,0.6611076062476777,0.23518025427574554,0.7913762947660066,0.47169844982725256
2021-08-31,0.6359483936430705,0.633829607150315,0.6337516032701346,0.626206869106408,0.15839778363061055,0.6452016487221779,0.6770901250363355,0.26010783544264143,0.5207383860259824,0.4914220751028792,0.4714433311809298,0.6622314977294756,0.6572310693652841,0.6596312607319723,0.2333354974245261,0.784531884424791,0.46097534430160636
2021-09-01,0.6291478530878888,0.6298633100668066,0.634159147608946,0.630024202692613,0.13335550246750624,0.6446254916580276,0.6753900930300263,0.2983657498816575,0.5196745782584643,0.4874488580247951,0.47845083348311906,0.6615994469981992,0.6554617593110194,0.6584320750790417,0.22437081137788903,0.7904830013726517,0.5108610294454082
2021-09-02,0.6341449128211464,0.6290028395020163,0.6089219429854239,0.6077930570292328,0.3686040177815497,0.641805828784674,0.6728638339746462,0.17406881923251083,0.4983381079857755,0.47915797046639047,0.4336062667526181,0.6610364428684317,0.6499294138884939,0.6554084206302562,0.2568295784368335,0.7761402389849101,0.4003653803871736
2021-09-03,0.6099864969537111,0.6168423578637455,0.6140731908616682,0.6112737571018269,0.20178876351314134,0.6394211191634197,0.6698300307713245,0.2081402053911025,0.4865047156454195,0.4696899265840082,0.4213799827961516,0.6573064560910169,0.6475878550026676,0.6523350174472563,0.25821095929145144,0.7845324666119313,0.5097529044699988
2021-09-06,0.6099864969537111,0.6168423578637455,0.6140731908616682,0.6112737571018269,0.20178876351314134,0.6394211191634197,0.6698300307713245,0.2081402053911025,0.4865047156454195,0.4696899265840082,0.4213799827961516,0.6573064560910169,0.6475878550026676,0.6523350174472563,0.25821095929145144,0.7845324666119313,0.49460670735994955
2021-09-07,0.6202809808931989,0.6194614077472596,0.623374907947074,0.6156151017811957,0.16365105238784017,0.636418298537929,0.6667874303111753,0.25053062307694624,0.48309321427456536,0.46129808046112875,0.43255768208126666,0.6532480591608762,0.646584177337445,0.6497541817340089,0.2529235565836271,0.7915642684389219,0.5134199354183268
2021-09-08,0.6226856511292334,0.6277680693027772,0.6277479620686766,0.6261693935904972,0.1838480856680628,0.6344533019778633,0.6640203890233931,0.3462324897769478,0.4923944469736364,0.4568132206006523,0.47313676447258474,0.6495383896310176,0.647067520962252,0.6480874661683034,0.2545840986961079,0.7993165268519992,0.5401092868649464
2021-09-09,0.6299368866484423,0.6269448585952366,0.6279703319153436,0.6201811820779217,0.08593123624204616,0.6325074020656614,0.6615602659470128,0.3080840416417923,0.4953732396339772,0.4539390647830378,0.4898659996614287,0.648045163960667,0.64579501667228,0.6466914584214203,0.2496179082405637,0.795057100186984,0.46910760680607183
2021-09-10,0.6319659032394961,0.6270946251547921,0.6195209593472415,0.6105253040865714,0.10352509634392895,0.6303669067727806,0.6586421158654284,0.2512987102466761,0.48977807418684244,0.45029911341328605,0.48191222692766733,0.648599903142959,0.6425382273303799,0.6453667042072372,0.25938585414833104,0.7901700757847555,0.4532007033123346
2021-09-13,0.6157349614129476,0.6164681973912527,0.6142955679064838,0.6094773406392969,0.10541627309653162,0.6272916039190857,0.6558845788470781,0.2453263623586583,0.4859466794256896,0.44646913296245877,0.4799385302674268,0.6485186800223093,0.639498263109204,0.6438224324189684,0.2595929355763228,0.785215590447648,0.4900613171567837
2021-09-14,0.6137435232754974,0.6112670916880126,0.6101077100894975,0.603488952909562,0.10067507053660865,0.6241628735670394,0.6537707162034495,0.2111619657026253,0.4787096830109784,0.4416711318285008,0.46988438919320197,0.6469096794758074,0.6363670400471231,0.6414482525003865,0.25817376494345545,0.7804302304747895,0.46860056290850216
2021-09-15,0.6044259527257787,0.6076377864983037,0.6066984089963376,0.6064083425902411,0.09986106889228455,0.6221444674734842,0.6521030027532801,0.24198763568753273,0.4775976792517741,0.43756628983722545,0.47708373929890535,0.6448819261806131,0.634298250764938,0.6393840880051663,0.2565460463753485,0.7851865538640269,0.507375878005201
2021-09-16,0.6094604753315092,0.6089847554640642,0.6118495935489696,0.6083544848992541,0.08747151504270959,0.619935298503055,0.6505562025986209,0.2629709042346266,0.48034541340226977,0.43494078566053274,0.4924485670793897,0.6440629611349917,0.6323055089835005,0.6379784520559258,0.24865061832559318,0.7895009244404053,0.5030893064776073
2021-09-17,0.604162886304771,0.6033722195079202,0.5990641851772257,0.5986984894297973,0.24780127751335757,0.6190081319967009,0.6482223216727473,0.20266730028271446,0.47474036160775623,0.4314973867903812,0.48395367768787306,0.6438099931422898,0.628742807683159,0.6360875861370344,0.2573100980713985,0.7794673657181722,0.4526169324264641
2021-09-20,0.5835361454197573,0.5913987795442547,0.5879834327504546,0.5923359926705409,0.14651417566522704,0.6170774782636965,0.6455166793795193,0.1669420543870177,0.46587562191687953,0.42661863633732344,0.4690457035534987,0.6438568813720211,0.6242879784379665,0.6339098052275558,0.26789232232969495,0.7730468603884673,0.4666170361544826
2021-09-21,0.5977757930981356,0.597647481096267,0.597878310504922,0.5927851702099899,0.11001670845480455,0.6147500286445976,0.6430064351696342,0.1723548731771256,0.4612190098795772,0.4215998908623052,0.4675916750136055,0.6411876297495038,0.6216197812938076,0.6312198438435223,0.2637730311422254,0.7781654497257389,0.4965979790577546
2021-09-22,0.6002177949085254,0.6048688566098647,0.605734779555299,0.6024410482013403,0.08905055582643609,0.6123309881728558,0.6410763251017453,0.28365638489115713,0.4689154674304411,0.41942900020286705,0.49717031374904175,0.6368558331300809,0.6216455924536729,0.6290074062408124,0.2645343555768467,0.7825361469079386,0.5373893352088229
2021-09-23,0.6137437125976978,0.6220807737875614,0.6178162156278735,0.6232502388660308,0.12876730773546374,0.6126438701904915,0.6402487284682588,0.46835819320489896,0.49710913432532744,0.4244476166122048,0.5718426008016679,0.634169020567396,0.6227706373259306,0.6281832913509007,0.27776174232327744,0.7883235964959903,0.5857388049496229
2021-09-24,0.6285092640325319,0.6342412621768254,0.6336033996853128,0.6355260548450945,0.09833915103096674,0.6151926289394444,0.6402229911894428,0.5517752734814805,0.5326959673014927,0.43698927440183766,0.6499790710887494,0.634927982252071,0.6223986976566176,0.6283893246064306,0.27572656555958686,0.7930256309343973,0.5470583685379201
2021-09-27,0.6389916075192702,0.6394046834791229,0.6341591911857194,0.628078119122653,0.10690554928790158,0.6170889278688128,0.6398304254712109,0.49227250516370774,0.55438218137125,0.4522187147106226,0.6778951529404261,0.632656061980593,0.6235561059284376,0.6277943313166846,0.27953896747046547,0.7880180210207399,0.46323414874634844
2021-09-28,0.6282838449404975,0.6227168392219197,0.616482066864975,0.6129579819728377,0.10833974266123456,0.6180542697060329,0.6385690786253005,0.3868368719485011,0.5574279781145829,0.4651320535069784,0.6538394568649262,0.6298931967256616,0.6242186699847293,0.6267025608629352,0.2895248547270546,0.7829592514121313,0.4303649049338734
2021-09-29,0.6205064640220472,0.6232780143523169,0.6242273159511268,0.6171496008057236,0.09775772128502094,0.6191493118556028,0.6375587091335396,0.41763864037205317,0.5647193050385187,0.4772097591508495,0.6451603307390164,0.6287643761415445,0.6244490722185372,0.6262365782318949,0.28553369318847655,0.7876405454336661,0.5127348586396479
2021-09-30,0.6234370007755758,0.6224173493566523,0.6114048320430495,0.6024410482013403,0.11195276750358549,0.6185464530188517,0.6364157687184495,0.32653767844049425,0.5567717340964418,0.48496765005148,0.6002934930774542,0.6263446713999512,0.6240927126545485,0.6248174670302027,0.29856239246418914,0.7824528941468797,0.43130861518023983
2021-10-01,0.6106251252803044,0.6327818693882731,0.6145178044440662,0.6312967842791387,0.12821035924197882,0.621869760786715,0.6362729016715721,0.5098622225962259,0.5795760182168026,0.49663797144377725,0.640929120798858,0.6290915948991995,0.6236843634495424,0.6260266979262706,0.32708535604011535,0.7882204765987696,0.6209779727607654
2021-10-04,0.6325293581234938,0.6281796540621815,0.6046600932378792,0.6098515084078714,0.17631602032759996,0.6236554201218742,0.6354195536190175,0.3919961616481536,0.5770254678088683,0.5053631052496769,0.610339555927235,0.6290421067368466,0.6235877533358134,0.6259535254015755,0.35877728653959295,0.7807368975509279,0.40383093560090616
2021-10-05,0.6155469787904899,0.6171416177369784,0.6161854554434941,0.6081672835368607,0.08513559553706768,0.6252235848661223,0.6341504781153292,0.3835474062539687,0.57396299638707,0.5116094304173815,0.5845939368730848,0.6286862309363863,0.6231823646743307,0.6255703465196224,0.3498397068392919,0.776505852509001,0.4872957729161389
2021-10-06,0.6026224384555584,0.6142979542897267,0.6062907146352813,0.6165133981210406,0.07711594525175908,0.6266582227825033,0.633155553818908,0.4329243408549081,0.5803428029550699,0.5181351207961046,0.58749550425874,0.6274139180471159,0.6234995761488464,0.6250735602895148,0.3533787124059561,0.7804508253448768,0.5309084673697464
2021-10-07,0.6284339568140705,0.6312851425461733,0.6331214661611221,0.6316335352708555,0.10039353613330859,0.6275128771192167,0.6328929875181638,0.514064428144748,0.6006718739986479,0.5282266096251031,0.6245309119582692,0.6293468839657341,0.6226827337403564,0.6256627663829284,0.35220221132441965,0.7852261425895655,0.5597248813581949
2021-10-08,0.6362864102844642,0.6371595987043004,0.6393844498697154,0.6305856305626344,0.04272590585734367,0.6270092142598456,0.6328608063244726,0.5076344643571049,0.6158878011663361,0.5399456050272938,0.6414346630570408,0.6316272190577219,0.6224008824225895,0.6266948395644345,0.33809404004640253,0.7825079108316354,0.4901727595345889
2021-10-11,0.6325669396863086,0.6281422883131252,0.6197061485899099,0.6112737571018269,0.08118187326463622,0.6252960551177524,0.6318851895322447,0.3978354094002801,0.6090643562268255,0.5476858733625241,0.6001104600475688,0.6316788962398119,0.6225341649290268,0.6267872624497752,0.3429679718522648,0.7784179006244394,0.4127939663696852
2021-10-12,0.6158476446106901,0.6128013269329352,0.6124796206599966,0.6073065801910327,0.077672893745244,0.6247199100301768,0.630961059417865,0.37737447306697197,0.6000566096034655,0.5517197915718683,0.5616152422433246,0.6316355885533727,0.6229765545376029,0.6269836735470171,0.33416792193227773,0.7744530606524018,0.4774149362652959
2021-10-13,0.6067177195626202,0.6114542330143443,0.5965811699539606,0.6013557267162618,0.15168380014321534,0.6231097673926941,0.6301064286424433,0.3466818391828341,0.5875003727433598,0.5519383955173522,0.5219882915801449,0.6317505796806375,0.6223311134819461,0.6267237241715067,0.35035469664361385,0.7678481475460157,0.4686966638842662
2021-10-14,0.6104373579938479,0.6106685508873827,0.6129984635402916,0.6115357332788822,0.08057596226622954,0.6240369458756222,0.6294706101877683,0.41163533350737985,0.5880810958856649,0.5522524225411248,0.5229793831007822,0.6318301292885167,0.6225795765483442,0.626887394545478,0.3403453020577766,0.7719165440556292,0.5392473042591285
2021-10-15,0.622084407802343,0.6310232373979193,0.6265990514929027,0.633280343365009,0.09617460029255098,0.6242391643458998,0.6303471179531889,0.5294554120868624,0.6102564710988281,0.5578169634393393,0.5775127294700848,0.6340580117616041,0.6238637970810161,0.6286665781522794,0.34790925084462476,0.7765413659245576,0.5888077379575481
2021-10-18,0.6332054910050651,0.6372718143906936,0.6318243693581447,0.6320077617784835,0.08036583151594034,0.6264979342991628,0.631060160364528,0.5216509279458559,0.6265899999509836,0.5661821828689916,0.6066013817575173,0.6348676186908229,0.6271518419568636,0.6307076301265866,0.34693761141045487,0.7724804650743751,0.4892323524306929
2021-10-19,0.6398556997978587,0.6405645633404851,0.6412374197036969,0.6427491962111255,0.05648640984472766,0.6300234665255907,0.6319933018595529,0.5748729031364574,0.6499086974623755,0.5784616228383219,0.6472556014321181,0.6371882601932144,0.629940801395069,0.6332782030102024,0.33593270276106635,0.775689553364947,0.5400367092273478
2021-10-20,0.6455289423281597,0.6411631603074597,0.6435720812442622,0.6348895584651456,0.07672628531675682,0.6318968662447265,0.6322931883256004,0.5236399171760266,0.6602447722207428,0.590761744646627,0.6474704089567415,0.6383884649634444,0.632071023688863,0.6349476293409785,0.3226147706293322,0.7717584802470453,0.46177357331506214
2021-10-21,0.6351593967735998,0.6300505467534154,0.6250056584847827,0.6304734977101683,0.08856705109033378,0.6317786035609185,0.6326471410554819,0.49539722995452024,0.6636588871630891,0.6014198793336868,0.6304162587234327,0.6390778235848651,0.6321064497749905,0.6353192549845096,0.32654854345348183,0.7674050303588762,0.4759914906121029
2021-10-22,0.6336189238970563,0.6374965092284931,0.6339369119116032,0.6341786397048539,0.04380308096562221,0.6321449011003307,0.6334605792565677,0.516444428358326,0.6695524584669332,0.6113585131795573,0.6229433161650698,0.6388639942734258,0.6321884285615516,0.6352499325319434,0.3239417070387346,0.7701616864680642,0.5103051981742519
2021-10-25,0.6454915461730478,0.6451295578000082,0.6472040742687383,0.6440966700904193,0.06727856197123044,0.6354911080784263,0.6346511379805448,0.5707312063701067,0.6833969120765291,0.6226266133845185,0.6367515359280073,0.6414590477728261,0.6311587792631136,0.6360740625320286,0.3185460717793085,0.773755746005141,0.536448965187295
2021-10-26,0.6533064430868173,0.6529871579402533,0.6436464428294328,0.6363868756690287,0.12594788349371955,0.6384557653496251,0.635782497529184,0.5161217314259614,0.6860750426977629,0.6322827856472784,0.6200095889688102,0.6429667382731521,0.6320305728384907,0.6372794433559671,0.32593188998765954,0.7680688692455713,0.4624491137761944
2021-10-27,0.6128043492475362,0.6073010187873995,0.5855746480982603,0.5763549759577384,0.4348931291324864,0.635907006600672,0.6347489622644491,0.23241191805106748,0.6288094350575357,0.6262866272331891,0.4574399832693614,0.6478309331762397,0.6227288785737826,0.6351806221675159,0.3980555658739944,0.7513614810142224,0.24198829585774084
2021-10-28,0.5921400167294127,0.5894905631575913,0.5609302319753974,0.5541237128162521,0.4398159009814942,0.6300540067902837,0.6328839660373385,0.16664045083522616,0.5621963986457,0.6055289184537871,0.30412227794188373,0.6558150331798611,0.6094016282148595,0.6326947690029479,0.43292168605406256,0.7344784905866889,0.39410190841490605
2021-10-29,0.5544182188214978,0.5658429806257067,0.5591883941414058,0.5613469716603894,0.2588668036256735,0.6227205945961982,0.6315994473583461,0.20851713214600237,0.517821952039026,0.5782904351608682,0.2368110909345834,0.6584971379065085,0.5993329878044136,0.6290959578997817,0.42903879318379934,0.7449067721900264,0.5281865581603077
2021-11-01,0.5704989053289485,0.5717549595017886,0.5699727281584057,0.563929492871245,0.23602783518404802,0.6157801996789876,0.6306225478432512,0.22375913893209692,0.4868385150146629,0.5490758781643706,0.2162870214233904,0.6609772114418446,0.5919753915076718,0.6267333402857254,0.4171898481822006,0.7545203556639458,0.5065030464472693
2021-11-02,0.5692589471150548,0.5646456725010665,0.5565201878607736,0.551503833567592,0.26618873821584715,0.6064779823741804,0.6292028826950155,0.18415733298641718,0.45202351660501017,0.5173624029260944,0.19033253824587948,0.6643569890893464,0.5825646497014961,0.623818092263482,0.4169098363302557,0.7438308903548038,0.4375540232188281
2021-11-03,0.5562216664035522,0.5526722370579811,0.5524807201379365,0.5476115489495658,0.20086459623274328,0.5975802259630769,0.6273172962408449,0.17207128641368596,0.42294794047507966,0.48502498439362485,0.18385208383880297,0.666609729078675,0.5730513305585844,0.6202731972802964,0.40357195799535484,0.7354716290746004,0.4764514935374151
2021-11-04,0.5542303474713476,0.5609413692048918,0.5567054323237417,0.5501564771664046,0.1984470725522318,0.5893921235025549,0.624803601809453,0.18936724567183233,0.40499522191097365,0.45485349774524636,0.2063480749878619,0.6658360107419024,0.5653744392052797,0.6160813269895526,0.3978187324137906,0.7437446538846509,0.5065366212500063
2021-11-05,0.564712752869336,0.5806600947914436,0.5696390994485417,0.5796858327057433,0.25772026496875583,0.5838367295891684,0.6228832565956413,0.36529907782685517,0.4223490801748471,0.43487437063724055,0.31220885098565937,0.6627552548657367,0.5632780597721896,0.6134626100721154,0.4194998871578559,0.7541320368413844,0.6325812497398888
2021-11-08,0.5888337214381123,0.5955521021436517,0.5948023513428313,0.5939828007646943,0.24194005765334953,0.5787277564978586,0.6217107186129183,0.4349787035962169,0.45227159367741143,0.42606063728268584,0.4281758400208685,0.6617477446586943,0.5625253329020744,0.6125730167576973,0.41539819135331657,0.7639565176068673,0.5589760477122545
2021-11-09,0.5937931153211297,0.5910620116533286,0.5754203389574725,0.5674100167266795,0.20184996664429353,0.5716957527631438,0.6201443241089521,0.3283079392008393,0.4517346850387016,0.418881004883071,0.44514808226403774,0.6610010075796753,0.5591485484894217,0.6105203994568298,0.42789032469096666,0.7555621067780701,0.377040638518311
2021-11-10,0.572136741629438,0.5795448287915721,0.5783315991232744,0.5769518234768101,0.1718318709185162,0.571756599749329,0.6187619225650112,0.3741237812185683,0.46265536606934843,0.4157539430789495,0.4872392453873019,0.6603007332794468,0.5573361193837602,0.6092648558799313,0.4170031232526663,0.7628857299091221,0.5382271871341162
2021-11-11,0.5831268664605657,0.5789075726971418,0.5665631055927315,0.557680773657943,0.2428948264993237,0.5721192324569777,0.6172226167439525,0.30386263319063495,0.45425285894570544,0.41123901527330314,0.4728244701509669,0.6591263518246095,0.5529508437334362,0.606494100399845,0.42356452156654245,0.7530271911959332,0.4075490079353638
2021-11-12,0.5644210004749096,0.56691312596626,0.5712779058239463,0.5639420042895662,0.12280612276124048,0.5723837889969521,0.6149062858909424,0.3349568934588037,0.4557743312480751,0.4079916246108556,0.4859894752759871,0.654326055352132,0.5507222960554655,0.6029267486772626,0.40817439420933,0.7586019969310005,0.5235829920938716
2021-11-15,0.5724001946136159,0.5774832827605964,0.5726886875264284,0.5647294012970612,0.16231070381560722,0.5724653374919694,0.6133545366480562,0.3390048989348395,0.4597009168416991,0.40633453958597765,0.5025068467639091,0.6490329973500846,0.5492202993028713,0.5994653797094427,0.40276225546670885,0.7655859866390962,0.4982220009097123
2021-11-16,0.5669051204045794,0.5746720595787458,0.5721318311286856,0.5755271077426224,0.1444128681623352,0.5749144451537156,0.6122320410174331,0.39470876236908276,0.47525597186136836,0.40873593245819084,0.5446593648196312,0.6408162125085577,0.550762783149316,0.5960069058508062,0.3940112887598358,0.7719315353744911,0.5441347867971018
2021-11-17,0.5435322702618933,0.5434115566887162,0.5268401617137581,0.5375851450109361,0.7495078248203179,0.5738922804593051,0.6095176984291057,0.2558613411491855,0.4520828990146132,0.40510467465261146,0.482002520784142,0.6342912305271613,0.5474156854186429,0.5910007422827249,0.45871614010811135,0.7440013984135109,0.3228997536675927
2021-11-18,0.5456021678289342,0.545510400691724,0.5335595007224242,0.5310988263276365,0.3397038992514857,0.5719494046321363,0.6060603098345677,0.2359873704246122,0.4295911621400696,0.39681054745712185,0.4335726189506137,0.6277545572203567,0.543865243576712,0.5858880671038198,0.4621738326062508,0.730689543904406,0.46380411746398365
2021-11-19,0.5288157194710772,0.5291303921576184,0.52828779632285,0.5218382034249419,0.33440778830244955,0.5660519956839122,0.602320485865081,0.20797761141091148,0.40517661846446507,0.38432541162318246,0.39004359851894727,0.6193615038513482,0.5408945163310414,0.5801083231090475,0.44706815854795867,0.7175666091223194,0.4502551640004425
2021-11-22,0.5211376088497679,0.5223834157074889,0.5087974094230788,0.502042261427114,0.39873635935214446,0.5566789070001559,0.5985640147788279,0.15313125413476752,0.36923156603785245,0.36572470730819395,0.3265255463439684,0.6078118325058752,0.538111503288666,0.5727998405840464,0.4544623193639419,0.7021489837268505,0.39863289670776675
2021-11-23,0.5097334771481054,0.511963265710658,0.50798072840694,0.5129525706375662,0.26729039457658654,0.5511271180356605,0.5953191804334742,0.21473042557872074,0.35468925982420335,0.3473597421166063,0.3289740006432314,0.5932257446686595,0.5404224137436464,0.5664493339732574,0.4454334303163109,0.712877746667961,0.548929573302832
2021-11-24,0.5142499838266797,0.5308171131517954,0.5200832773131773,0.5307988459831923,0.21188319994450916,0.5464219471264633,0.5928927293373613,0.3074157668489477,0.36386374510807745,0.3348660177524683,0.3899543955755169,0.5909060762987337,0.5380912645193638,0.5641055406129626,0.4480393317811968,0.7216300570412405,0.5821613076581379
2021-11-25,0.5142499838266797,0.5308171131517954,0.5200832773131773,0.5307988459831923,0.21188319994450916,0.5464219471264633,0.5928927293373613,0.3074157668489477,0.36386374510807745,0.3348660177524683,0.3899543955755169,0.5909060762987337,0.5380912645193638,0.5641055406129626,0.4480393317811968,0.7216300570412405,0.49460670735994955
2021-11-26,0.49599591833787793,0.5129754721192513,0.5011870980769431,0.5098033350419057,0.19068243531339063,0.5415409720818041,0.589394152208559,0.24141719593758032,0.3535326524655264,0.32239566216559384,0.39019711041357075,0.5922524142067571,0.5320786731081355,0.5618253248173867,0.47771614587379485,0.7136340077631744,0.3940141345714139
2021-11-29,0.5249015743222013,0.5206969041136579,0.5116190409251408,0.5047043740549896,0.26506260060264686,0.535501856305405,0.5849724246828425,0.22639018240206826,0.3435820434271774,0.31003516717722013,0.39133815416921996,0.5928673912434521,0.5255435533425258,0.5589111496174399,0.47540839762475706,0.7029847133667111,0.46948467226449614
2021-11-30,0.503335165928776,0.5072405273529712,0.5012241252349564,0.4952563148336888,0.2934098508479694,0.528419263520469,0.5802695424850081,0.19869210978054624,0.32979004061390477,0.2968421455041114,0.3826912927103182,0.5934056283498927,0.5178359160348881,0.5553780194151009,0.4683604553975207,0.6913242326809877,0.44773460960306743
2021-12-01,0.5061955847775185,0.5040544459684828,0.4920915255936038,0.4817216034674838,0.2359176695479741,0.5188560467182813,0.574731803644264,0.16108237649310536,0.3091493223579334,0.2813421195708796,0.35873008331229034,0.5958403587546168,0.5080418150452721,0.5517878301767575,0.4718122575360404,0.6817145789702652,0.426587364683451
2021-12-02,0.4910276000867163,0.5139124147359563,0.4985882768128893,0.512202707885035,0.2516550346715738,0.5162683760791372,0.5705126029089732,0.31848656873177034,0.3264201539184065,0.2730802674647753,0.4339078373064991,0.595128187775865,0.5050962369392994,0.5499660993442845,0.49097450860617975,0.6918856066309951,0.6506990197167133
2021-12-03,0.5146264726490246,0.5102766437852342,0.5067185442624148,0.5048168593417746,0.18400925391343023,0.5135890008098936,0.5661912711730029,0.2945043174171696,0.33616765968168916,0.26880633184386027,0.47532748425520915,0.5942470323674276,0.5012925811294501,0.5476334452036663,0.4786547158150557,0.6841275991199077,0.45833486562660436
2021-12-06,0.5165081872370514,0.5318290860064427,0.5204544687839666,0.5286616842733307,0.18526595820642186,0.514284636180152,0.5625625431240128,0.40058646766843226,0.3704495509356715,0.2736012781246078,0.5695194985517623,0.5886122157015328,0.501837687985458,0.5450083306388998,0.4887596007507742,0.691930435040796,0.6128835020751474
2021-12-07,0.5437203795133536,0.5457729012133956,0.5507110643969173,0.546245748485689,0.20923922467873457,0.5187910618256445,0.5591974499748169,0.46881131221542066,0.41744059743230855,0.28869650047843387,0.6765011266790382,0.5801438471003297,0.5056698560411179,0.5425523321545226,0.48175179795143386,0.7005884310973515,0.5790914816236967
2021-12-08,0.5499681388192038,0.5515451267627306,0.5500427528753138,0.5523194253205999,0.2062198702085599,0.5228044059152392,0.556306370395816,0.49134746593062323,0.4625976856373997,0.3115925190652522,0.7575224387073489,0.577807990041278,0.5065267151082559,0.5417759442576523,0.4659927426649255,0.7091387225329565,0.523128427408857
2021-12-09,0.5532049866756409,0.5617404633999842,0.5554628985815098,0.5613175433947605,0.1741412690673255,0.5259157043632615,0.5557892330968585,0.5246003997121473,0.5086630501672011,0.3409468017162717,0.8245998257173861,0.5747406037662726,0.5080872579521896,0.5409715844081708,0.45918267372151,0.716544725144357,0.5365339378796592
2021-12-10,0.5659264190643563,0.5694244029833485,0.5691617799612068,0.5688534114797696,0.1477402783926426,0.5319356995386482,0.5562957874271542,0.552061718626897,0.553485162600218,0.37516980684467416,0.8751677768902357,0.5767031250968842,0.5072105828585363,0.5415463995726372,0.4426763607523406,0.7230089672829748,0.5293218417274556
2021-12-13,0.5679965582350553,0.5659385883997636,0.5658948684327441,0.5599303619155364,0.14695687831389453,0.5375658392527991,0.5562470702186774,0.5098056901993688,0.5807275981006934,0.4090756205792754,0.8718733358969977,0.5760255164012218,0.5074972449468034,0.5413400066949853,0.4275352358795028,0.71657267012709,0.4538884738843511
2021-12-14,0.561522947599448,0.5661260228835019,0.5602148979910605,0.5560312048282916,0.16711310950668237,0.5437616744933708,0.5559754480964955,0.4913080981733799,0.5987990850029932,0.4405302808154463,0.8464149510739619,0.5745826932747016,0.5080913654548005,0.5408924977616886,0.4227891462730954,0.7094173718529692,0.47661314727018766
2021-12-15,0.5565170566275601,0.5628274946228208,0.558024491832744,0.5647668180739186,0.18874229605586623,0.5522279089409372,0.556431562127597,0.5281038592052854,0.6218346862398431,0.4712134422939258,0.8384019432079174,0.5723346696470992,0.5093076841539946,0.5403388972803824,0.41658150581069153,0.7173442136347354,0.5351188705577299
2021-12-16,0.5786856512091768,0.5769960247620008,0.5719461902577777,0.5724902399556403,0.1409202094779169,0.5583740593626548,0.5572871402999079,0.5598044505544442,0.6475072364504206,0.5019112295577463,0.838553850818677,0.5774345877401661,0.5076406504923946,0.5421347111437979,0.4110035304614824,0.7235651743221122,0.5300316629576634
2021-12-17,0.5693138693184148,0.5655262465342125,0.5577645796469218,0.5631546660211244,0.20273537194162855,0.5643214405675185,0.5577341480086718,0.5097569369278427,0.6582715782473103,0.5290486439033364,0.8015747942545445,0.5808494538008226,0.5074283065238732,0.5437839351730174,0.41774523718077394,0.7151391798409552,0.4521987839010883
2021-12-20,0.5553502979410394,0.5526321663268472,0.5543120466278939,0.5513821262494621,0.15899553421153026,0.5666377280192866,0.5567607835565962,0.4502662400449747,0.6548499721233642,0.54993874321871,0.7366883845491373,0.5826867252805021,0.5085940857782651,0.545303924912968,0.4143193418016614,0.7082734468957272,0.4405001126751355
2021-12-21,0.5610711921669793,0.5765836328579641,0.5673055594312623,0.5762769117561003,0.10920270681048044,0.5696993236835928,0.5561518780416954,0.5572105489430585,0.676209209987902,0.5717685917839851,0.7464488903911732,0.5872815335909998,0.5115458580122431,0.5491231843768883,0.4260395503173562,0.7133629996493778,0.6107442682161799
2021-12-22,0.5732658926960129,0.5870039383560864,0.5802620964409659,0.5859500002900241,0.08899955321714259,0.5731278696106155,0.5567894680679523,0.5935340126017261,0.7018552549766859,0.5953773779473182,0.7649254476433118,0.5934372086658894,0.5127466413416097,0.552878790725224,0.42245580449830267,0.7177318774967641,0.5383417752620318
2021-12-23,0.5905415403182205,0.5854296577261437,0.5905455159356979,0.5809259903349294,0.06441221532893623,0.5751268976068087,0.556926139664384,0.5660471116254808,0.716195666704416,0.6177004337939727,0.75157148298887,0.5981508770965522,0.5130655120167839,0.5554577557990302,0.3993215642900596,0.7142400645761976,0.4721604646243247
2021-12-24,0.5905415403182205,0.5854296577261437,0.5905455159356979,0.5809259903349294,0.06441221532893623,0.5751268976068087,0.556926139664384,0.5660471116254808,0.716195666704416,0.6177004337939727,0.75157148298887,0.5981508770965522,0.5130655120167839,0.5554577557990302,0.3993215642900596,0.7142400645761976,0.49460670735994955
2021-12-27,0.5876810830070952,0.5839303502848978,0.5840859378430492,0.5847127796134957,0.06482431641202765,0.5767437171845138,0.5578557703368213,0.581448785530432,0.730130858347722,0.6388978128390773,0.7398798801502187,0.6022773348475652,0.5165742799068553,0.5593117323968745,0.3861596483683558,0.717746577722056,0.5116299613405306
2021-12-28,0.5813955576651161,0.5899650355193667,0.5866845899691233,0.5862873974113259,0.05383631426583784,0.5794307454847922,0.5586242283960503,0.5881098174862163,0.7414265287961143,0.6585622093357245,0.723957882743437,0.6052640197907098,0.5219622696997203,0.5635090544381054,0.37958803668880525,0.7208611333757262,0.5016524430129863
2021-12-29,0.5879821365001928,0.587003913318369,0.5931813609927984,0.5867372798194127,0.032278531369664874,0.5825611465689656,0.5593810793283599,0.5901310649410756,0.7494256178889496,0.676210344127307,0.7030164090966993,0.6058116759107088,0.5309154220870654,0.5682156104701189,0.3577151307047248,0.7232066925904896,0.49661585985302903
2021-12-30,0.588772535596802,0.5877910038080061,0.5925130755927385,0.585612485690616,0.044309026849813644,0.5846863058583406,0.5597279154713749,0.582261340399354,0.7532109148969484,0.6912358260873578,0.6757767829022904,0.60090175746692,0.5468323789974339,0.5735606378042183,0.33982606217017086,0.7204319886799532,0.4895861954411049
2021-12-31,0.5844065710586751,0.5834055366262365,0.586350475532948,0.5812634461952844,0.06288417715450323,0.5855807104454527,0.5612300122291111,0.5509067574519084,0.7504987495527683,0.7026063646844642,0.6378154905149215,0.5992164311552692,0.5557725251936777,0.5771137073911004,0.32625711001495994,0.7169946830303947,0.47516806514223797
2022-01-03,0.587078851427911,0.5986985105697528,0.591993333277368,0.5989597019991617,0.12349975824763196,0.5892309367761355,0.5635637477123917,0.638270994600427,0.7642845133463282,0.7150059263474762,0.648503219871885,0.5962692958908418,0.568634884043845,0.5819572129668138,0.33141494597503907,0.7225942317189236,0.5741259825528208
2022-01-04,0.6039403636822532,0.6164277299215968,0.6098129485787868,0.6028213248314429,0.18337274134944745,0.5944750235914189,0.5663487572204918,0.6555474940820347,0.7773103088620206,0.7280466146580655,0.6551621455265954,0.5973880436131016,0.5751915109575951,0.5857726132925012,0.33626632643358967,0.7303295339315403,0.5115892771341172
2022-01-05,0.6063492486422373,0.6107304661773973,0.6027965107179621,0.5935982949227652,0.1622637814150572,0.5962408916373997,0.569497369170498,0.5854175858867161,0.7767970417340972,0.7383561842024989,0.6267959609564577,0.5983477602346454,0.5791230456875794,0.5882088295381366,0.340709338095175,0.7233472180114728,0.4542336408546786
2022-01-06,0.5881326587972638,0.5981362492421987,0.5939980436949622,0.5926609958516278,0.12723314924791554,0.5969250594376804,0.5722385418771234,0.578350597138054,0.7737845361562306,0.7458820300011567,0.5978834059465963,0.5992163653881186,0.582419494023179,0.5902843417734234,0.33868809645825804,0.7176144940146068,0.49045787840167054
2022-01-07,0.586288505130563,0.5917267767565827,0.5869073710789007,0.5822008040054748,0.18485793733207392,0.5970550232346667,0.5740062551899807,0.5013184749852053,0.7595360338978447,0.7484887016448387,0.5467914491478469,0.5993100400848437,0.5844958941905667,0.591358753660211,0.33805300429871044,0.7098262127722252,0.4482533935147612
2022-01-10,0.57375518122587,0.569237106723128,0.5529756471469747,0.5634921806205327,0.21089986963733065,0.594891640708128,0.5758526145648539,0.38494008163598276,0.7285808105583323,0.7431570287229508,0.46434152059887596,0.5995164059489644,0.5837233635694894,0.5910829265147114,0.37409612705149864,0.7011089791741472,0.4106351689483482
2022-01-11,0.5641198550701352,0.5720482137415618,0.5612914429324165,0.5725277154715509,0.1461163553127378,0.5934888784444845,0.5781850592451236,0.4417380006810458,0.7120194645165845,0.7349235176547789,0.434202195473147,0.5990068240250941,0.585564240079044,0.5917310411293278,0.38117661814008874,0.7075152936923079,0.5361163905485662
2022-01-12,0.5756370222681694,0.581906272708362,0.5801135650671755,0.5775142499107353,0.10776647333277573,0.5925486155540357,0.5810139095947698,0.4719398763417713,0.7029646746191395,0.7261671405621082,0.4287715586439528,0.5979660707408951,0.5888820809456684,0.5928363110118063,0.37260160054425306,0.7125536139776146,0.5172575601629117
2022-01-13,0.5845570371525767,0.5927761194075838,0.5832690265175344,0.5748521372828593,0.14743426273688162,0.5914516272111274,0.5842166686100507,0.45449203262364873,0.6924148287799448,0.7166342485461573,0.42070645144019914,0.5976015941900863,0.5903106699853541,0.5933551852930847,0.37736735292456547,0.7061002878478768,0.4825888758571345
2022-01-14,0.5744702127761399,0.5844175607435442,0.5797423032589022,0.5736149753453839,0.14683039184284669,0.5906718863472196,0.5863286364599009,0.44604581687851047,0.6822072979701975,0.7065621648067101,0.41510625120836653,0.5975866704600428,0.5904432548353621,0.5934130512123371,0.37384524839948674,0.699668502642329,0.48900322327090395
2022-01-17,0.5744702127761399,0.5844175607435442,0.5797423032589022,0.5736149753453839,0.14683039184284669,0.5906718863472196,0.5863286364599009,0.44604581687851047,0.6822072979701975,0.7065621648067101,0.41510625120836653,0.5975866704600428,0.5904432548353621,0.5934130512123371,0.37384524839948674,0.699668502642329,0.49460670735994955
2022-01-18,0.5809063246012894,0.579394931674328,0.5820440517902602,0.5775142499107353,0.15215914446183068,0.5884855806572995,0.5888286996882907,0.4734019957451862,0.6774070999096193,0.697354348847928,0.4240827848136324,0.5969890050893287,0.5925591083183285,0.5941518298881351,0.3584052324989576,0.7062903719491757,0.512294859696984
2022-01-19,0.5700666799029187,0.584342642782178,0.5738024319210333,0.5736525096003475,0.15828965809890835,0.5855118990372984,0.5903759341506924,0.44430730175309235,0.6693087877444259,0.6880477041938361,0.423056321575664,0.5939125982831379,0.5980745543385728,0.5952976071229041,0.3660477223779852,0.6994498185977644,0.4771732810383524
2022-01-20,0.5765402694163367,0.5894777372096576,0.5805961256374893,0.5724152301847659,0.14059991309155379,0.583352343026277,0.5912759026143448,0.43475831924842573,0.6612851760282499,0.6786798951458481,0.4224210505988486,0.5940529677544866,0.5975267029717314,0.5950989294996839,0.3702882516122967,0.6932402833330156,0.48899433874023757
2022-01-21,0.5793254239468779,0.5744845667012943,0.5504510542042913,0.5408466896762222,0.2970249157946921,0.5780700150089683,0.5908813552407862,0.24197147672836344,0.623751231974966,0.6621923467053114,0.34847339068635774,0.5989430211717683,0.5877496392978838,0.592778433004415,0.3998067300153819,0.681450848195722,0.3511895790380236
2022-01-24,0.529342674084981,0.5262067684514552,0.5126955168994636,0.5255499829326339,0.2940422832032087,0.5722946174123359,0.5896513088528661,0.17593474623846217,0.5794362747914967,0.638384245615884,0.2724400265693816,0.6053759224946955,0.575299803407127,0.5899294219373724,0.43032111772107173,0.6697678077583131,0.4222717245912134
2022-01-25,0.5197073420674353,0.5361770955403209,0.517670128202682,0.5261122331493991,0.21389678295941622,0.5684838331253887,0.5881814397496491,0.18073961597877508,0.5458217087031696,0.6112835640671466,0.23824233946100337,0.608692471696433,0.5657531407963617,0.5869145132568296,0.4469210935238144,0.6785919454700237,0.4973192143955815
2022-01-26,0.5372465650823779,0.5567177326364364,0.5424692985532193,0.5406217778417055,0.18721425788143323,0.5652311092986897,0.5875174175521886,0.29846630714548844,0.5346124746932835,0.5869172361256211,0.2666421220202091,0.6085132606186379,0.5611860219150594,0.5845650868239693,0.4652537047139069,0.686464279980782,0.5645542540574457
2022-01-27,0.556893596010095,0.5570927709894421,0.5505626361066437,0.5416717384167873,0.21153638220131343,0.5615770624407765,0.58702359550887,0.3065207200351929,0.5279231751352544,0.5658213876204488,0.3006102615511792,0.6076402282201696,0.5574024527221851,0.582246533496973,0.4589931572235121,0.6952042188773306,0.49957320193328303
2022-01-28,0.5988217592050902,0.6214130662794153,0.5886150398569447,0.6235921001553723,0.5056276279094438,0.5665459694946022,0.5890465969327242,0.6916822150629598,0.6039328124109209,0.5671569585419337,0.5335894316669934,0.614926851257555,0.5537828104902321,0.5842005266974224,0.5578624648356404,0.7144348061746185,0.8815777427984655
2022-01-31,0.6173019137120381,0.6148911620863811,0.6107041334798331,0.6167310850520197,0.21910108921172405,0.5709415399675468,0.5905680395753375,0.6543183970037558,0.6570514360486368,0.580952875551862,0.6630061678897345,0.620287429434919,0.551903429014271,0.5860252825865682,0.5502023877419029,0.7054250235385537,0.4653029348047995
2022-02-01,0.6223829509675433,0.6457394861661562,0.6269274877159785,0.6399387674740424,0.21637958997982337,0.5773055502656941,0.5932086447891557,0.7204210736302579,0.7210337045702877,0.607320047431758,0.7935748345983081,0.6287792160135321,0.5473434781981978,0.5881335929637835,0.5585498803611209,0.7143377264689782,0.5945300033025168
2022-02-02,0.6389434350703022,0.6503872662952398,0.6402550434532034,0.6514112681622071,0.18258118085321245,0.5852328448540257,0.5966486469337473,0.7495899484997512,0.781322648343453,0.642859286046393,0.8888385562318515,0.6388360259788151,0.5419492244940616,0.5906334713911076,0.5501579149857546,0.7220447926052918,0.5426869554487027
2022-02-03,0.6454923203627815,0.6415412988939109,0.642259770883929,0.6368642479539903,0.1698815311391331,0.5918032474586253,0.598732245397859,0.6693872912475269,0.8125869717126312,0.6787817489272627,0.8928188336194494,0.6454588344751044,0.5395697427363213,0.5928594386428926,0.5363426308435769,0.7147907408375024,0.43443383823266185
2022-02-04,0.628404991104485,0.6292845339779037,0.6214701873597958,0.625054350144524,0.18783648971481381,0.6003879901097748,0.6000770439714557,0.6085271126100718,0.8234314930986766,0.7101181151553758,0.8451863155024542,0.6495335949296694,0.5387067040796722,0.5945260272831433,0.5341933103602384,0.7068962104420212,0.4449371642614375
2022-02-07,0.6265229733445751,0.6281599014460553,0.6254052355482765,0.6204426883425521,0.08861397349088379,0.6100620441196493,0.6014360231978493,0.5851167505707771,0.8251930118240429,0.735609275918645,0.7844763313301018,0.6533223825039771,0.5387496548299247,0.5964935138682522,0.515557774576411,0.7025410867658238,0.4749436817265922
2022-02-08,0.6199740598111607,0.6228374045462157,0.620727629524979,0.6233671295818022,0.12038859908072899,0.619976917099058,0.6027653462755653,0.5957281095369393,0.8271875386123988,0.7564801020861482,0.7364882080952574,0.6575926577487217,0.5405440002615589,0.5995739886123057,0.4972598951131305,0.7080296560307383,0.5071433451862968
2022-02-09,0.6345399878831376,0.6402670137113111,0.6406635603149653,0.6343524485631291,0.1250971599707041,0.6295325048233595,0.6044183033626742,0.6352186662469801,0.8372244529271369,0.7755816526700218,0.7181120033023328,0.6630606490559319,0.5412965165537129,0.6027547767741401,0.48933423726404623,0.7136861862856213,0.5415379597092437
2022-02-10,0.6280323047652292,0.6296747336261579,0.6225313477761499,0.6159325276244262,0.10514085900634679,0.6371031909209602,0.6054223279213247,0.5361659839358148,0.8246932432412025,0.7878603591382188,0.647247983078502,0.6655524431839754,0.5427057908181872,0.6047313385292675,0.48460819899854624,0.7087415253565059,0.41691221677376245
2022-02-11,0.6250918373077954,0.626483585458871,0.6175857954852769,0.6125527999841994,0.12024987198345069,0.6359777642021646,0.6063488053175493,0.5189789232097017,0.8093307460623607,0.7940024011422641,0.5835108219589416,0.6675366475245419,0.5445679049411419,0.60667098008722,0.4798154528380043,0.7032579046822837,0.4800411916625383
2022-02-14,0.6101629698579434,0.6195753910725436,0.6148712267747815,0.6149936425988535,0.13546089017914156,0.6358006366552328,0.6075087867564284,0.5296360279278327,0.7976168868197009,0.7961093415757328,0.5416010971499653,0.6695738167930751,0.5467578192987722,0.608799849366079,0.46846179487818074,0.7092841237712394,0.5051680712780875
2022-02-15,0.6251671139266769,0.6271967314250434,0.6226800230725672,0.6243068369541187,0.1595524827050152,0.6342070037255456,0.6083804747159267,0.5701866899566528,0.7956154650043301,0.7973153442862472,0.5322436989832456,0.6723851306100506,0.5487067062884045,0.6112072565555083,0.4574837319012828,0.7161697238526292,0.5347880468840209
2022-02-16,0.626034214616902,0.6294119014131814,0.6252458277977732,0.6280622008392487,0.1615844266592679,0.6318266296242201,0.6092485084302812,0.5863306623785056,0.795811426658269,0.7983270997451373,0.5302261911911657,0.6753069753064715,0.5513335895199432,0.6140065521307178,0.44666796933311115,0.7231278062329828,0.510632673209989
2022-02-17,0.629427105413195,0.6253947057350153,0.6199283829789656,0.6122522909882765,0.13240889403901904,0.6293175073482088,0.6098900193464353,0.4935781654395269,0.7785942865597765,0.7950112001866753,0.4852779221889789,0.6763786286057358,0.5543664955016865,0.6160561081104969,0.43892584831426273,0.7172104561392579,0.4274329833471895
2022-02-18,0.6151015756566182,0.6138687844713655,0.6112643001796163,0.6050420722139388,0.13220488360184507,0.6272773098775518,0.6103158045568677,0.45465290822222043,0.7563400647563334,0.7870262692643302,0.4367840203224992,0.6744332818823948,0.5630704414122677,0.6193588625682953,0.4270724736207593,0.7113003833847865,0.4633974544786512
2022-02-21,0.6151015756566182,0.6138687844713655,0.6112643001796163,0.6050420722139388,0.13220488360184507,0.6272773098775518,0.6103158045568677,0.45465290822222043,0.7563400647563334,0.7870262692643302,0.4367840203224992,0.6744332818823948,0.5630704414122677,0.6193588625682953,0.4270724736207593,0.7113003833847865,0.49460670735994955
2022-02-22,0.6016053714035584,0.6086126142616259,0.6041248125926193,0.5998972947655647,0.16908181022541113,0.6251827627123161,0.6109243868660068,0.4271869105778154,0.7324127719525241,0.7749052379413852,0.39382529263261085,0.6686920762250501,0.5767761384066347,0.6231839182946516,0.4192996073628761,0.7040748587868705,0.47214566553298204
2022-02-23,0.6084666517794326,0.6083874791721599,0.5873917495554625,0.5797312967328824,0.1433989362895806,0.6207342078742729,0.6114828500616771,0.3299463961485551,0.692758411919546,0.7557070505095825,0.320319914945174,0.6611696536616105,0.5901754296938827,0.6259425372836308,0.43969456202799406,0.6977654784275649,0.4060211195028059
2022-02-24,0.5350669074908917,0.584284317404743,0.5354444713540327,0.5848009469322759,0.24119133934892112,0.6156825666445653,0.6119049264859934,0.35999115568219636,0.6659115811025957,0.7339158795873215,0.29338844305565703,0.6546940982969105,0.6015041075653703,0.6282154881079364,0.5055865993601258,0.7075632513579879,0.5174305496693041
2022-02-25,0.5875436761413304,0.5948715963928338,0.5830410375721434,0.5921988957204856,0.13919020097068166,0.6132629872269759,0.612409931448669,0.4032773397264768,0.6516818797621109,0.7130734426384532,0.3032422668185455,0.6452667735167721,0.616561320634319,0.630815033237629,0.504705843679452,0.7137225002084957,0.5277057615695339
2022-02-28,0.5826805035398879,0.5872501673997398,0.5792853456293895,0.580369555284426,0.1380844644011988,0.6099819926964307,0.6125996754512171,0.34514872272378055,0.6286975982255572,0.6908923562199941,0.2893386686302568,0.6463784724336614,0.6109068633827461,0.6285912992694416,0.5014004895074771,0.7076026945367413,0.4421567279883497
2022-03-01,0.576950340576601,0.5741099231343004,0.5571232353837171,0.5535191117421644,0.15661677251408182,0.603714830967083,0.6119085787111013,0.23598860074653122,0.5844274268067334,0.6625401556181438,0.22524370282404338,0.6515516797310446,0.5989505726089298,0.6253391397155561,0.5158065518659751,0.700821815367208,0.37381960703775025
2022-03-02,0.5483746071599492,0.5568022456127512,0.5530701111895702,0.5516789934240897,0.14739346064944683,0.5963106192534947,0.6110201042523515,0.229337956548953,0.5484418449298151,0.6312360884509021,0.19458476815670672,0.6520438157499826,0.5892520628850282,0.620798309041068,0.5012601600888259,0.6943699447053209,0.48604568165289447
2022-03-03,0.5621347463156311,0.5604064946973789,0.5544459518175285,0.5469848619914933,0.14217691377090852,0.5880450044035246,0.6101030038632901,0.21186205894527949,0.5165662516764862,0.598555299724321,0.18028574230039984,0.6489983446761376,0.5815473825494376,0.615425729817172,0.49142211049537,0.6881041556081432,0.47271624935193457
2022-03-04,0.5412117543873818,0.5411464013923039,0.5183765632858197,0.5209228140206301,0.18914623672147068,0.5787342118714546,0.6083321796949758,0.12690663739146696,0.4673787582184642,0.5606251248785846,0.12576410912167746,0.6513128349160942,0.5670734967324543,0.6094607199889033,0.516056369641655,0.6801629046946552,0.3723367099621985
2022-03-07,0.5217591425061755,0.5179068034118326,0.493053711846525,0.4849093131429586,0.24015088611933388,0.5664870028305962,0.606408493341602,0.04116725382179792,0.39545703715096464,0.5130482183196945,0.02557038057904354,0.6595147514454773,0.5439614477578871,0.6022504717218524,0.5381223262051474,0.6704022461944246,0.3197951533880772
2022-03-08,0.484701263683852,0.503790469576018,0.48048532097543517,0.48870232876115904,0.19238184225504978,0.5551509775575689,0.6051413025315118,0.0661618152706614,0.3454691664009518,0.4630093752220886,0.0,0.6629876435095909,0.5266391139440667,0.5954726312810114,0.5555648963992594,0.6784589157084715,0.5139441029711423
2022-03-09,0.5091679018438676,0.5191083983113078,0.5123528102507291,0.5189326761608067,0.1390677947083773,0.5489527230489706,0.6048943975699603,0.24357531320323572,0.33908810335404727,0.42144936944146805,0.08806364163075103,0.6598776619095468,0.5190006416186054,0.59009963803837,0.5657913296550799,0.6846137981554273,0.6479138289698108
2022-03-10,0.5106757954895881,0.5170059168502121,0.5162943571269857,0.5122106376572104,0.11058793767889166,0.5415523378508998,0.6039173384720208,0.22346253999193605,0.3308096840908141,0.38621781846207165,0.15379279232161225,0.6540807285759145,0.5123115389499114,0.5838156282777601,0.5432591235957207,0.6794748322682462,0.46189099209265677
2022-03-11,0.5251898398388997,0.52038479398701,0.5168892885796751,0.5074789132305971,0.07734443694139392,0.5329153653588381,0.6027414472295194,0.20914960494687312,0.3230853589694219,0.3561817947631922,0.20775503212041896,0.6503219678202827,0.5049289836146817,0.5782358553370333,0.5269383981636292,0.6755217088124066,0.47136949529401617
2022-03-14,0.5164059679588582,0.5338629683710113,0.523210669896407,0.5210731272576448,0.1296241515715944,0.5268702553069569,0.5992158197984941,0.28482577165521866,0.33380372536409775,0.3347211444262148,0.2968213248631305,0.6451137313748545,0.5008196971383129,0.5735293657897819,0.53255500192696,0.6813397232253225,0.5617946955357047
2022-03-15,0.5302415385768863,0.5412967766180674,0.5352586150754045,0.542891631072636,0.13539764694361764,0.5257868124696832,0.5966764810099427,0.3917843683538644,0.366891705485992,0.32548065247639574,0.42374340257795146,0.6383769660068299,0.5003160445595596,0.5698198273374714,0.5275714830247246,0.6873636863391097,0.600493788221261
2022-03-16,0.5600613724989401,0.5685535656118811,0.5560821668089366,0.5644096258917047,0.15487248327624442,0.5270846659299628,0.5940790338654992,0.4812885058455781,0.4168348038908458,0.3300548491124884,0.5672267292875075,0.6300132623291375,0.5027736734684486,0.5667382072422901,0.531961412294733,0.6940823442580265,0.5960920864234455
2022-03-17,0.5597974458374672,0.56806547092365,0.562477957376544,0.57034303386769,0.10256828739358306,0.5294659682158035,0.5912910973252193,0.5042194283275354,0.46417449097210295,0.3450570075970854,0.6755345385818542,0.6204221933786287,0.5067336149752875,0.5637686441914938,0.5191840677817129,0.6989352379391565,0.5218336385946164
2022-03-18,0.566470107516891,0.5895404681010104,0.5683158956153428,0.5915981126848529,0.2648035073474359,0.5366711232747532,0.589734394954034,0.5806395915349349,0.5239177209510637,0.3713734800247936,0.7930482555142397,0.6165764660495225,0.5085805606417982,0.5627060182397953,0.5331285168897277,0.7095752901147679,0.5914190012775304
2022-03-21,0.5839622762758782,0.5850351235500141,0.584156574636153,0.5838244689126866,0.0910008956058192,0.5467552551917196,0.588316499357344,0.5439135170359879,0.5643114211054203,0.4021051695468145,0.83890596941761,0.6128989773414328,0.5101940088810298,0.561614404931847,0.5186510515199486,0.7051350215693057,0.4601140695548923
2022-03-22,0.5896171255048186,0.590704292036865,0.5939361678522516,0.5891946281080026,0.09423242093065481,0.5570001726198639,0.5872418785801814,0.563587443533377,0.6019379516900458,0.43570600651441027,0.8687057595287757,0.6109781106600207,0.5110763120767949,0.5610637690665208,0.492582981852107,0.7096905631685418,0.5186620429378757
2022-03-23,0.5800416908234843,0.5821443070501597,0.5828551518530815,0.5749619793122523,0.08909339801824262,0.5627122081496893,0.5855772254845688,0.4951028361181488,0.6177985103001735,0.46638693700997913,0.8383787715781086,0.6103477735665424,0.5112349778575809,0.5608183949640707,0.4791978920444807,0.705318337745099,0.43126964190436273
2022-03-24,0.5788730241680381,0.5835334548289849,0.5821114554755953,0.5848384811872395,0.07846445424147899,0.5701164198632774,0.5838744401691767,0.5343630196875089,0.6400010358337858,0.49625150602408336,0.8298998065670873,0.6103535754177318,0.511232854977786,0.5608203260442044,0.46297533751780773,0.7093114137934396,0.5393343045251844
2022-03-25,0.5918036566095737,0.5883014252978999,0.5883956542658417,0.5890443736100412,0.06957775959818105,0.5784317973798355,0.5829497565649301,0.5509631900414427,0.6613741501889256,0.5252642552176783,0.8210525610541883,0.609810709896474,0.5114686971322705,0.5606580306959934,0.44529944991966885,0.7129874889439023,0.5134233634920978
2022-03-28,0.5921051230483847,0.5959977800393592,0.5951631358550385,0.5978317359614949,0.05459115288338152,0.5862571294021032,0.5824434991799278,0.5854917143202725,0.6863339947757782,0.5544549451921827,0.8229007051541024,0.6126958220292797,0.5102878591272176,0.5615564332413818,0.430316572707947,0.7161289707528101,0.5337187308359084
2022-03-29,0.6160063260228155,0.6253947108402822,0.6184781816051448,0.6254334519935631,0.130395311024112,0.5946720442284115,0.582802524220233,0.679540207591905,0.7322176695134068,0.5888014312649105,0.8764502854728096,0.623689021845407,0.5063482734134376,0.5652563162930233,0.44482516004552697,0.7219744935081039,0.6161581472181804
2022-03-30,0.619776238455951,0.6154456575819711,0.6145737883314832,0.6097737966405521,0.11104492105816136,0.5992967984288712,0.5823027329705018,0.5955723542199243,0.7516673920792546,0.6209388608130808,0.853506389411614,0.6303927088774095,0.5054282821955103,0.568245205255331,0.4418166909221781,0.7168192263809952,0.42786722064009414
2022-03-31,0.612500379170405,0.6145445791567237,0.6060584788937273,0.6015872173247313,0.1860289572414525,0.6024820582120352,0.5813922582995564,0.5542338373137798,0.7574928662057524,0.6480446141589724,0.8012459540106662,0.6353358560276747,0.5059744845751527,0.571054413104154,0.43958284841118367,0.7089891732112992,0.4590668716631881
2022-04-01,0.60937137334178,0.6172102195586592,0.6127145460044943,0.6188241337329645,0.10034661373275858,0.6052576772330718,0.5816182639685381,0.6153206907092108,0.7774387805082845,0.6745083472894482,0.7945777475035305,0.6421934985928346,0.5090379813281203,0.5760912865882284,0.4336527944527101,0.7137628166679596,0.5701717230609431
2022-04-04,0.6194747075946182,0.6270092178465361,0.6228661136069434,0.6240065629144085,0.1403653010888037,0.6093541327606415,0.5822704527950463,0.6327358325641033,0.7964325870455804,0.7002303349602053,0.7868737659428674,0.644843220772755,0.5207628798054893,0.5832476278014029,0.42453924529705267,0.719963982992567,0.516865299550336
2022-04-05,0.6235083858396274,0.6260704947724988,0.6241674238506512,0.6178101214584114,0.06155198899975723,0.6122714047152688,0.5828864748968138,0.5982270988831588,0.803336830843112,0.7224622128518123,0.7506244825384848,0.6443834751108928,0.5346796307649682,0.5898900266938285,0.4123452854350633,0.7165741983683331,0.4681541909418394
2022-04-06,0.6082404311430885,0.6030937547922716,0.59929085156748,0.5912225351790027,0.11810368218438055,0.6139291242945134,0.5832816585817158,0.4666138764321894,0.7807504470722862,0.734835916393566,0.6482346499915359,0.6431617198184509,0.5434741104475822,0.593609229612912,0.4245923375449736,0.7111671353030568,0.3802763400266401
2022-04-07,0.591388996333118,0.5873628601121696,0.5809214944806151,0.5804822755274235,0.10923126827168478,0.6134850209395808,0.5831331394740799,0.42046015812304754,0.750813029307035,0.7375617397669862,0.5480289932632803,0.6390277910920403,0.5548769458940266,0.5971217011864642,0.4226560508456362,0.7060765637219107,0.44692905844218367
2022-04-08,0.5781944595415277,0.5901036628304777,0.5786905010314937,0.583599263382904,0.077477043725557,0.6129299067166329,0.5828373981219267,0.43472283923934446,0.7290081293646881,0.734517846721685,0.48810306002341275,0.6318429925030957,0.5702675230506327,0.6010379770283754,0.42707706153756486,0.710034417448265,0.5086265741766288
2022-04-11,0.5798531420210487,0.5821818442768915,0.5799175325609345,0.5752248365751053,0.10816225358089321,0.6106251946240123,0.582660471247868,0.3973544198153887,0.7025861389461896,0.7257519049720007,0.42867221736683225,0.6248225537003764,0.5832005472042259,0.6038239998274538,0.41600777814454726,0.7049819791248068,0.4570835507492862
2022-04-12,0.5845654085213396,0.5810179054213721,0.5698403297438777,0.562644399866398,0.11844233951008934,0.6042240210155347,0.5829742899022835,0.3441673518278027,0.6687349075744144,0.7106282448325367,0.36263912663336567,0.6219264977383461,0.588266494361361,0.6048402496355945,0.4206549370259133,0.6995628356763697,0.43765240233871183
2022-04-13,0.5616822926336178,0.5692292789118042,0.5567142018476916,0.5696670061049701,0.13081149231594688,0.6001352424721487,0.5835928976501451,0.3812292188932725,0.6486182138598143,0.6937092667547299,0.3439924384584704,0.6214800642148128,0.5892777168987856,0.6051107338238537,0.42739558860141236,0.7054232042037405,0.5269033522251684
2022-04-14,0.5761587102288588,0.5771134509660382,0.5766452882408554,0.567864422041859,0.1336411170795498,0.5966972949342304,0.5843109457107197,0.3730558141996883,0.6308614818602,0.6759194917292403,0.3349480910477391,0.6216654160617929,0.5888270803308504,0.6049832130282246,0.41338059195329524,0.699461898980925,0.48638939594230535
2022-04-15,0.5761587102288588,0.5771134509660382,0.5766452882408554,0.567864422041859,0.1336411170795498,0.5966972949342304,0.5843109457107197,0.3730558141996883,0.6308614818602,0.6759194917292403,0.3349480910477391,0.6216654160617929,0.5888270803308504,0.6049832130282246,0.41338059195329524,0.699461898980925,0.49460670735994955
2022-04-18,0.5663570081900466,0.5766629690767916,0.5728896644947794,0.569291487338173,0.0633146391769403,0.591647575944712,0.5859743443639693,0.3813184247199584,0.6183142840934757,0.6586813068941395,0.3406770653206783,0.6218521765341329,0.5863110652506861,0.6038355711980836,0.4059016207536975,0.7029145598163082,0.5011268430605303
2022-04-19,0.5717479999530611,0.5792159439497184,0.57631068704482,0.5787924704463633,0.06911669601016787,0.5870381218180349,0.5892029861006588,0.4361029679201098,0.6178869308589063,0.6447883632758885,0.375421702194288,0.6218477231230608,0.5857919087374911,0.6035766825567312,0.39746425561399756,0.7065741881800582,0.5379384785719067
2022-04-20,0.5927085454111981,0.595397351360967,0.5947171585837248,0.5866410652503504,0.11296873948071184,0.5838605210541928,0.5925710992036912,0.47909738313408073,0.6253442170376439,0.6354608075692648,0.42283913337315104,0.6217546901284388,0.5856227952383652,0.603445305644904,0.39615965718418034,0.7117980806163265,0.5299824636444047
2022-04-21,0.5959128553794784,0.6070358313515632,0.5871314193002148,0.5816088905668676,0.14707928457619893,0.5828804360538993,0.5947265341884259,0.4496688599100583,0.6262981132521536,0.628227320811813,0.44458873542301297,0.6216580657885584,0.5864150992714429,0.603787279084565,0.4164038824185584,0.7053574170568897,0.47214298319694115
2022-04-22,0.5835855001070327,0.5794037335685707,0.559614729632201,0.550514961607788,0.09303283956007191,0.5798253496577737,0.5960438198715526,0.2982425955683628,0.5966606547704939,0.6153392635344738,0.3858587405873265,0.6237672027059331,0.5806503137835041,0.6020213863861024,0.43545091539614866,0.7008446662124637,0.35494349737339015
2022-04-25,0.5463012436913628,0.5567647507549414,0.5498722402041745,0.5571993483783139,0.10605482576488615,0.577133949907843,0.5977537056135234,0.33807996861463036,0.5803359714500805,0.6011173504305679,0.37200493055342665,0.624421539116303,0.5766554879762368,0.6003830084391996,0.4319304461302824,0.7058219296214342,0.5258248718533133
2022-04-26,0.5486761752904388,0.549368562324044,0.5341430139053274,0.5239647333661832,0.1329005591926083,0.5719081213802161,0.5978531479462725,0.21370320657499614,0.5355916180329263,0.579018872348531,0.29019666255824794,0.6283576189950706,0.5648758502242976,0.5965826638900795,0.45136103769368274,0.6998870411401087,0.34070665894823826
2022-04-27,0.5878453184891155,0.5990765844103736,0.5785789117141901,0.5728214694763611,0.29203890071016037,0.5729456460312812,0.5988824350752762,0.4437871368575695,0.5493664358079882,0.5646405979531419,0.3703809172337559,0.6222193446959416,0.5657789205675631,0.593875857684973,0.5430994985539298,0.7114986181060492,0.7308047941611603
2022-04-28,0.599268034373987,0.6108277154745808,0.6017078517055563,0.5974188004178401,0.1868368385726614,0.5757748662109976,0.6000176205721202,0.5290874416788836,0.5851098724451588,0.5617022660379836,0.48919944826480816,0.6204214312199559,0.5663614463856622,0.5932402119852737,0.5668408334375319,0.7193574895391887,0.6062968959538254
2022-04-29,0.5925576975203733,0.596823955951857,0.5759760049466682,0.5691412915792649,0.12901824057318773,0.5759050395980357,0.5999762926553713,0.4265352062236631,0.5859526754344441,0.5595535398790801,0.4974005206228191,0.6180153849259578,0.5654847216938087,0.5915709186240217,0.5766348758654295,0.7135610888238554,0.3700171805602536
2022-05-02,0.5667341315369014,0.5628094139499518,0.5559334945901844,0.5631328738324053,0.14612859593896824,0.575277185650534,0.5989973731042655,0.40646348048404785,0.5812185433662038,0.5567002396925694,0.49008261224106137,0.6118706136209242,0.5660740198004034,0.5887056882970755,0.5690621336757797,0.7071543376653393,0.4671985709772727
2022-05-03,0.5736705862614924,0.568328233427587,0.5533676140217031,0.5519794436809592,0.1015155935377654,0.5725436702767631,0.5979022227011234,0.3694143751508148,0.5671377696894907,0.551043783067955,0.46096822370271817,0.603411071643799,0.5673686409549511,0.5850000029389286,0.5693067755234233,0.7023389950547568,0.4433441343144208
2022-05-04,0.557610789189282,0.5727958482399821,0.5498721307387798,0.5743610787985133,0.11322987284029451,0.5712917589558411,0.5973920969471601,0.4531164011552558,0.5786878208170567,0.5492860617795543,0.5014616096028932,0.595128058019414,0.5714545124822342,0.5827646160051763,0.5827805489091606,0.7075722024852695,0.5989404485948464
2022-05-05,0.5686189308835201,0.5719699634382395,0.5414684564851361,0.5395117859543029,0.12462385575646051,0.5670000732891499,0.5961729648138072,0.34282496182272654,0.5542224700237671,0.5420178770581986,0.44422835239591707,0.5937190944020885,0.5675362302391105,0.5801041768775236,0.6079787423465918,0.7019325556574545,0.3366674062045074
2022-05-06,0.5364994844947908,0.5387061661560112,0.5308707540596836,0.5304239146069267,0.14656925848326402,0.5649518455253651,0.5943016478940183,0.3173025630469822,0.527010277905882,0.529683166099238,0.39160595451036895,0.5944063066473313,0.5616113952821156,0.5775287506062787,0.5940005903988939,0.6955100854461511,0.45155760035379716
2022-05-09,0.5225508188904716,0.5200468015666349,0.500602205011108,0.4935465384745573,0.17694233236972404,0.5584626141536897,0.5910174773874227,0.22554697211113867,0.47078134654603376,0.5063426933903774,0.27729694935053917,0.6004825509575731,0.5459227037172034,0.5728956753464937,0.6136089060452335,0.6880041649668015,0.3178348139119375
2022-05-10,0.5099594849931463,0.5087837375673755,0.49647475341604674,0.49572470004351843,0.1912720254768234,0.5555836193308109,0.5875060164689423,0.23451061760022723,0.4306508683695223,0.47805487280894565,0.22591237222226024,0.6038368519580777,0.5341613499099398,0.568805514653534,0.6071889782555022,0.6960212457553099,0.5055789861507943
2022-05-11,0.4978204309198955,0.5109237436089004,0.498073657748468,0.507516388746508,0.15885068680113676,0.5489259434286361,0.5834508487178524,0.28368600350658196,0.41299132963910457,0.4511933117234237,0.24072591332755294,0.6050689362433899,0.5271425264452164,0.5659692626167337,0.6020983742320749,0.702881811789668,0.5538282241618554
2022-05-12,0.5031419113206197,0.503844846361273,0.4940310609687838,0.49858065154679365,0.1564290829118818,0.5388496621561817,0.5796269165089759,0.2599138120695211,0.3928695668938934,0.42488279832631937,0.24644925301907517,0.6057876470491848,0.5189961336339961,0.5623119781653523,0.5941819849501336,0.6961076277722478,0.4504449964999375
2022-05-13,0.5124712193328363,0.5206964706228214,0.5184335638300706,0.5183712482907854,0.10289470409306142,0.53367379390862,0.5767651193719906,0.34175766426902726,0.3991388904527615,0.40533654562908195,0.31670480904640297,0.6042758014444722,0.5154156057134842,0.5597656299113964,0.5879215278824425,0.7009721651961832,0.5936122623765892
2022-05-16,0.5136799795430422,0.5184396409951424,0.5161237822973463,0.5130285789723442,0.07181983430272293,0.5285657969081233,0.5731268102922001,0.3256423467006537,0.4014362590988866,0.390250003294476,0.3630246428241989,0.6024198242718808,0.5114880656679077,0.5568709891433511,0.5664688100628473,0.6972161120873257,0.4685848153832722
2022-05-17,0.5345670998788941,0.5367206087718969,0.5320318344238694,0.5363182611125662,0.11474975059724057,0.5269691818114131,0.5701112096333736,0.41665915905670287,0.4285944842997312,0.3846880018934936,0.4619492628066797,0.5984994769657654,0.511141298419217,0.5546857558964545,0.5648048343120985,0.7025035356952762,0.608855228349361
2022-05-18,0.5344537728990857,0.5392032255612945,0.5282317597857945,0.5212306653981967,0.14499633801265274,0.5215526802312201,0.5667898421836716,0.36746128355069135,0.4373927688585053,0.3823465091821762,0.4953983917983681,0.5925589101288973,0.5105066938324166,0.5513204906521646,0.559147540977257,0.6961371737696166,0.42283963551430925
2022-05-19,0.5100160885539378,0.5202450546132611,0.5065488893413496,0.511372960020218,0.15038629376278892,0.5186840032271779,0.5640438153305116,0.3366133894889231,0.4368204177802969,0.3803361771298135,0.4988379215949781,0.5870331651487173,0.508938672225551,0.5477069592182758,0.5587544618773407,0.6895785445408821,0.4467764289615498
2022-05-20,0.5225560733518946,0.5249094853259306,0.5091941652516226,0.5176188010199155,0.10864983852573898,0.5173785566187354,0.5618819404709741,0.3626450478013035,0.4446602388293428,0.3806063677451422,0.5225240855618317,0.5855466928816748,0.5070593708462445,0.5460145019615218,0.5616918511436311,0.6946483757051559,0.5253142541643107
2022-05-23,0.5271262697018739,0.5486071514164526,0.5343417692571061,0.5497127623588985,0.21515960756552305,0.5231045508460114,0.5607165837162699,0.4826410369673621,0.4842777777877615,0.3903150601163752,0.6205550779124095,0.584680543170925,0.5071802734238523,0.5456293285367075,0.5724572044825915,0.7035175601468451,0.6510799426654624
2022-05-24,0.5385708122626545,0.5362315995994105,0.5278592070624177,0.5311636742423159,0.11868511193032635,0.5267174581708971,0.559201320363814,0.4178168479033922,0.498818145664644,0.4015659513187826,0.6365727982807241,0.5848682203194142,0.507734564739387,0.5459997030578984,0.57996138242932,0.6980897566646964,0.40788771071726615
2022-05-25,0.526030961070247,0.5372849323324311,0.533224159691557,0.5357163620349235,0.07785650313870057,0.5295923689819091,0.5582752651551157,0.43442597502903374,0.5161361906924897,0.41471614547955743,0.6562995047642697,0.5802909895821657,0.5086293693806966,0.5440907019091431,0.5616942244625209,0.7020611462420621,0.5164088644394791
2022-05-26,0.5431033750264193,0.555302752174628,0.5488715770121743,0.5534376994144965,0.15446446240189649,0.53518489626419,0.5577171393054593,0.497092040291544,0.5483104643817637,0.4329454009719428,0.7090520957393949,0.5705397308814368,0.5141858025509058,0.5418279413856376,0.5535798138494807,0.708765249482472,0.5789678362738888
2022-05-27,0.5615733492203262,0.568430546795673,0.5673877672591318,0.5697293282403637,0.0664319186569585,0.5404207132548573,0.5577812734287722,0.5499085314104335,0.5903594934666901,0.4576039411757653,0.7758284948614602,0.5706658249935461,0.514115962431997,0.5418581949744008,0.5384432605867469,0.7123291080616472,0.5704102699263017
2022-05-30,0.5615733492203262,0.568430546795673,0.5673877672591318,0.5697293282403637,0.0664319186569585,0.5404207132548573,0.5577812734287722,0.5499085314104335,0.5903594934666901,0.4576039411757653,0.7758284948614602,0.5706658249935461,0.514115962431997,0.5418581949744008,0.5384432605867469,0.7123291080616472,0.49460670735994955
2022-05-31,0.5630085459492977,0.5726434047977854,0.5654130989395726,0.5670578173639838,0.16209649285657454,0.5459288476057036,0.5577044575193822,0.5387094880860357,0.6211223118235336,0.4847016824795537,0.8011627386383066,0.5714295068320832,0.5137308201509935,0.5420601273289267,0.5278772462707644,0.7053527595597675,0.4824292288411354
2022-06-01,0.5693162811053006,0.5717406211339222,0.5643327125848506,0.5586298205397103,0.07354984280995816,0.5482034505903094,0.5570110639983218,0.5027283968793947,0.6370629387107679,0.5101993211620944,0.7845436128617465,0.5724336738373359,0.5133794347757039,0.5424022790686313,0.5183774180726795,0.7015349946140412,0.45606102393105163
2022-06-02,0.5687118723430451,0.5760287225642202,0.5727524551367713,0.5778937629331464,0.07540837789261298,0.5539800997389656,0.5567102442756372,0.5690574092843352,0.668288436698045,0.538079201361791,0.8092862580383955,0.5732597540085806,0.5128886114287399,0.542584030275843,0.5097430618812636,0.705419056120366,0.5836509891152484
2022-06-03,0.5727156960821307,0.5721168597808065,0.5734604449882122,0.5688638670312306,0.055319470144092574,0.5598411418190563,0.5562719429220806,0.5289936298899018,0.6834654718606168,0.5640195911618211,0.7891421532375699,0.5773036075857905,0.5117411255494463,0.5440941500506652,0.4921296601663009,0.7022515942103236,0.4538612986212651
2022-06-06,0.5821583330335459,0.5847931827857936,0.576515319448153,0.5699549449435183,0.04741610580797314,0.5651766697798027,0.5569404839400978,0.5329762721407703,0.6957930525334948,0.5877256465766628,0.7659357140496954,0.5817320122885246,0.5112535118405462,0.5461279612299792,0.4864294923882788,0.7051371319976892,0.4995855191762745
2022-06-07,0.5658036800570613,0.5749756758888688,0.571411419201815,0.5758245623077812,0.05819193709950201,0.5678386969810434,0.5575810050386066,0.5551642711988389,0.7104205015250364,0.6101952932392802,0.7530940173412466,0.5851969482602735,0.5162167995198194,0.5503610399850495,0.47341009624218255,0.7084070588444197,0.5213544970752911
2022-06-08,0.5757752086399736,0.5772326511263843,0.5792724301283965,0.5720620909972195,0.040912253070867106,0.5720081796709522,0.5592350731455217,0.5358644966714816,0.7172641322989267,0.629810775172276,0.7234498420247776,0.5870136192988205,0.5222747600508262,0.554288482244949,0.4519119854196435,0.7057535226324523,0.4775858594636263
2022-06-09,0.5713559548625766,0.5702360973765309,0.553901131443319,0.5442571965803005,0.07135673061033804,0.5728788945939219,0.5582527478137012,0.40811736168139406,0.6944207653928841,0.6400297876362825,0.6258554090883527,0.5862592911734346,0.5268831131493241,0.5561787407348782,0.46279254153657556,0.7020139890837,0.3682324405386347
2022-06-10,0.5300344603630337,0.5315295623522943,0.5284179239987132,0.5194245569918967,0.07184431555518381,0.5694113469524003,0.5555705258179846,0.3167579819246645,0.6514851828085504,0.6379174396060587,0.49777835432424405,0.584129153367156,0.5312666204945267,0.5572511278584582,0.46816070504404195,0.6982570626941321,0.3776946948678377
2022-06-13,0.49732507107847146,0.5032052363761712,0.4982408436124808,0.4921466106207989,0.11176303779701371,0.5615019992607909,0.552922678775067,0.23450375071251378,0.5909059166670584,0.6217124975306416,0.351408621630182,0.5871556107669742,0.525391485144744,0.5559019102738786,0.4824912477618659,0.6930761793328514,0.36193374623266167
2022-06-14,0.4963052922234642,0.49737487471142594,0.5007370287741734,0.4968874396006506,0.09793113015661883,0.554348319518567,0.5506444983221602,0.257608404366746,0.5485040935580398,0.5985888770311879,0.27954923873198384,0.588794634736189,0.5220079062432671,0.5550714732875036,0.4594097856086531,0.6977636590927515,0.5185343930575155
2022-06-15,0.5086185421193663,0.5142642202300975,0.5025252641377388,0.5068203897057166,0.09892670109002777,0.5490664885290955,0.5490914784766231,0.30592793962046155,0.525904333414278,0.5746749768211918,0.2713411664910136,0.5896417464196786,0.5180570467043316,0.5535538528227094,0.46296309225561294,0.7024866522682084,0.5444133985153925
2022-06-16,0.4913572680912949,0.4880837933618726,0.48501500316955015,0.4800690389461215,0.16823312680676744,0.5390935231756111,0.5458487752692612,0.22590112414393365,0.4832037591380084,0.5453126076955593,0.21475180216134132,0.5933290261572,0.5099403164089326,0.5514361499618387,0.47891140557374856,0.6952914014015864,0.36227297093731764
2022-06-17,0.4744359008623211,0.4859773555841056,0.4789795923063792,0.48368102080250885,0.2743613963290362,0.5304093629804552,0.5439287552812472,0.24392261521868314,0.4549329575529709,0.5150489016407285,0.2053902577238188,0.5956422872333067,0.5046536718620971,0.5500114419519961,0.4735945462988026,0.7062723969212197,0.5131464714411441
2022-06-20,0.4744359008623211,0.4859773555841056,0.4789795923063792,0.48368102080250885,0.2743613963290362,0.5304093629804552,0.5439287552812472,0.24392261521868314,0.4549329575529709,0.5150489016407285,0.2053902577238188,0.5956422872333067,0.5046536718620971,0.5500114419519961,0.4735945462988026,0.7062723969212197,0.49460670735994955
2022-06-21,0.5075986826211115,0.5063648563646737,0.5081135571307933,0.5001606733375142,0.09385908183062647,0.5232940262411387,0.5428880024278449,0.32368173326984256,0.4508727294505812,0.4898650879477695,0.25815148001811916,0.5963361719882687,0.5021152877560056,0.549113247926998,0.47688219056701764,0.710814620989622,0.5787669395258802
2022-06-22,0.4907529991612525,0.5050860913344889,0.49805463047881193,0.49801622798506184,0.0713546905059663,0.5153616775384144,0.5430417150480653,0.3163442755026698,0.447615060331954,0.46893748487345577,0.3023577069585184,0.5956845067277312,0.49741142654801285,0.5464535401317278,0.4714610825076121,0.7070751602142623,0.48390195964092336
2022-06-23,0.509222899880784,0.5091109264971645,0.5070704931673277,0.5086263806339104,0.06348600794416642,0.5088945788762109,0.5434854038376631,0.36768538000077117,0.4574957514496127,0.4545628602857469,0.37041882518546726,0.5955220787424151,0.4952343118500948,0.5452940307715625,0.4580154944597302,0.7105339340146184,0.5477267373136648
2022-06-24,0.5152283949718626,0.5398803106229214,0.5221963050542391,0.5419996198114786,0.12472994118379097,0.5086644250461699,0.544671282138203,0.5049381254993262,0.49981696764189454,0.4532035136762128,0.5055992435310958,0.5959232887039394,0.49547136473840026,0.5456172947947782,0.4766224901897299,0.7161773650588452,0.6592946525387816
2022-06-27,0.5455206903527415,0.5453345947667672,0.5411968621766426,0.5346628183775994,0.09140279616705191,0.5102179244750783,0.5459121478389979,0.47438661989673664,0.5272627731914444,0.4586921743956184,0.5767246161210869,0.5944220107962037,0.4950773466437889,0.5446513558192949,0.4657366798462671,0.7117227601550539,0.4599642121439582
2022-06-28,0.5389108484740914,0.5442061781325604,0.5221591730445496,0.5141949016117187,0.05535415191841215,0.5124656879564775,0.5457685232786165,0.3948676634617298,0.5299006434526163,0.4637151485072375,0.5718878611501905,0.589992203579371,0.4939006110618054,0.5417941943248326,0.4855991940412612,0.7085540610973383,0.39703665782909225
2022-06-29,0.5136798588591546,0.521072592018806,0.5214885165508794,0.5193870814759861,0.05475028102437721,0.5147594654366805,0.5459871921768061,0.41663207279161546,0.5381644990404781,0.4697135846295471,0.5820192899914748,0.5855923042887319,0.4935113303886304,0.539341607717562,0.46684428733094263,0.7117012192308638,0.520037313221417
2022-06-30,0.5063145510258359,0.5143395015526677,0.5048351988815448,0.5095670278310774,0.11025336056192636,0.5150394777459043,0.545067217276501,0.378759127429899,0.5360618588494642,0.47400853151472366,0.564326361103666,0.5820408243176993,0.4920953889283738,0.5368174019114004,0.4701779358689837,0.7065741881800582,0.44684209104786443
2022-07-01,0.5116780591104895,0.5179130147742969,0.5117648420381765,0.5181831658425945,0.05081695979566315,0.5189251096344977,0.5449624137681788,0.41739190995863457,0.5438896419082735,0.47932006092367546,0.5748848794140101,0.5744061236316236,0.4938147913551888,0.5337453828202646,0.4635533261600929,0.7095810392127782,0.5370710386419826
2022-07-04,0.5116780591104895,0.5179130147742969,0.5117648420381765,0.5181831658425945,0.05081695979566315,0.5189251096344977,0.5449624137681788,0.41739190995863457,0.5438896419082735,0.47932006092367546,0.5748848794140101,0.5744061236316236,0.4938147913551888,0.5337453828202646,0.4635533261600929,0.7095810392127782,0.49460670735994955
2022-07-05,0.5095627842200259,0.5208093063341594,0.5096411178328254,0.5233000422407216,0.05037629725136738,0.5229641614410191,0.5453725861202823,0.44027352280370163,0.5559866120467305,0.48646777270813457,0.5939559973798492,0.5682065352746215,0.4955152339104588,0.5314011935734324,0.465751417195133,0.7125721711927108,0.5195351119062945
2022-07-06,0.523802435090338,0.5281066834751966,0.5265180359166692,0.5254823155434034,0.05039669829508477,0.5255456342029169,0.5456430123811458,0.4503464965902851,0.5684208436786546,0.49516523975825927,0.6100522010488997,0.5611821996255524,0.4981864180458204,0.5291131446640743,0.45165431981811066,0.7155640309065687,0.5051662104328105
2022-07-07,0.5333962756545215,0.5315673687636904,0.5316221354526103,0.531803401270188,0.06140306138062023,0.5289901449036005,0.5450271094615027,0.4801425754467516,0.5850248675728207,0.506101611933719,0.633306113257805,0.5520728758983446,0.5030715196562149,0.5268483231129457,0.43576025998252466,0.7189485030731476,0.525104735174545
2022-07-08,0.5325653023489083,0.5340875897442765,0.5331868658442749,0.5347004701106696,0.0404124274997909,0.5316483276244622,0.5451487398697965,0.4940050950034793,0.6013583297489647,0.5187642804092967,0.6512359228577032,0.543003636119286,0.508608159213856,0.5249261247389251,0.4225592209697512,0.7215842098039441,0.5084687153714693
2022-07-11,0.5313565840928669,0.5440180534655548,0.5389242201179802,0.5403065253434418,0.07574295500957828,0.5314757212343625,0.5453065955838752,0.5212681855457866,0.6199427372607198,0.5333473225149088,0.6711814753939855,0.5421837943572843,0.5090489903676408,0.5247228687332278,0.4171551743114781,0.7254802061466444,0.5213293193541481
2022-07-12,0.5360780250220906,0.5492090369601083,0.541755726723945,0.5394036473574512,0.10483280324621408,0.531959035893846,0.5448239645400577,0.5157663138676423,0.6337139703725436,0.5483134053682626,0.675159846705758,0.5448271344188675,0.5083814128083378,0.5257507624408292,0.41600028115410526,0.7205465339998017,0.49033419374561404
2022-07-13,0.5254265727596881,0.5396170904379481,0.5296102968218066,0.5368826846742982,0.121516776798301,0.5342719938579336,0.5436943684828559,0.49964850882180717,0.6419749701396036,0.5622656442164974,0.6646297714373707,0.5466866115848876,0.5111054774822196,0.5280523651755397,0.41935188136272283,0.7150177210488159,0.4826632701272734
2022-07-14,0.5238023770472855,0.5415353815573611,0.5239473160085267,0.5435046318313241,0.08088197792199048,0.5367307127206274,0.5428843744431691,0.5365115825741336,0.6547653502629578,0.5764920676922557,0.6674775317936761,0.5494804804193236,0.5130542380128457,0.5304507485695391,0.4351128586459464,0.7190970335673095,0.5260821361119227
2022-07-15,0.5591936009060534,0.5627128666099055,0.5582226393359379,0.5590436371691624,0.11434376982726438,0.541774718884162,0.5428986055968665,0.6146138971869215,0.6796784325456983,0.593842492634862,0.6999243090280192,0.5553445818953222,0.51239565115479,0.5331375549494104,0.4354168056390434,0.7243699752701457,0.567835374353773
2022-07-18,0.5672388719997119,0.5672267737394867,0.5562109064152824,0.5483958915262969,0.061366339501928914,0.544854824344187,0.5418841738126875,0.5411587885228077,0.6881979814734482,0.6097641546920788,0.6850847669999856,0.5553758706424434,0.5194753321254083,0.5366528672355225,0.43862767482307796,0.7209868130246324,0.4454150947269473
2022-07-19,0.5548500630358316,0.5717406497317085,0.5609051514402196,0.572663990074862,0.06704190986410866,0.549887344972882,0.5420148600424185,0.6496314768147471,0.7179199669977097,0.6296230052674422,0.725977538701147,0.560015084455926,0.523916118681539,0.5412309052004765,0.44553466559221855,0.7245724308481754,0.6082543365136407
2022-07-20,0.5691275208230289,0.5718159743432775,0.5732369632690227,0.5715729121625744,0.05751870265682792,0.5545861563210784,0.5420705019343413,0.6420999977846342,0.7391166364347304,0.6505889027169318,0.7374756457583723,0.5651180340940707,0.526045993518086,0.5449049559000304,0.42714917816414144,0.7213265192209812,0.4896514310961974
2022-07-21,0.5734712155169811,0.5822354938279092,0.5788998802811698,0.5821832410285825,0.06447545856446016,0.5597222443768056,0.5422891768926389,0.6849596707604322,0.7648349266474508,0.6735238382670559,0.7579266414749919,0.5712012650190337,0.5284847191894597,0.5492352202670311,0.41786560602363443,0.7248205881167162,0.5428604268722332
2022-07-22,0.5915256118324318,0.5866364839425204,0.5766271996365621,0.5728145382680894,0.06998782057690073,0.5636078702771119,0.5423150535539397,0.6178817713443541,0.7742656409590687,0.6941314281196157,0.7337541600605166,0.5748309909934888,0.531393751642453,0.552537603014569,0.4203362887783464,0.7211298855143543,0.45255543753575145
2022-07-25,0.5788724384850896,0.5743362331769858,0.5747644373309171,0.5749592185767542,0.05541535504956433,0.5671406183896095,0.5433708960763441,0.6274981529208894,0.7820866540273431,0.7124914497824023,0.7104102707741456,0.579072016940964,0.5304168544675543,0.554233324068732,0.40537078904426227,0.7243007677738459,0.5043452360504234
2022-07-26,0.5761151650759895,0.5756527246373176,0.5752487657279837,0.568261967953588,0.09180673683265636,0.5700826459234993,0.5450504146169616,0.5785873337551539,0.7799110404849247,0.7266581803579366,0.6668575441731228,0.5819646311103195,0.5309079302169393,0.5559619490360361,0.3928449705846304,0.7198317537383327,0.46427684385440293
2022-07-27,0.5644816211326149,0.5820472910170296,0.5359437178195863,0.5606616043882184,0.32215900165452466,0.5725068423105157,0.5474066452212607,0.5252705115744858,0.7690449704437201,0.7353880057406013,0.610388283992118,0.5825893129025184,0.5350954577369332,0.5583525899772926,0.45754284302722903,0.7071457504050203,0.459898582492631
2022-07-28,0.563990572045624,0.5665120665066935,0.560979647593245,0.5639726073362581,0.11906457134346993,0.5745934969132288,0.5497137041089803,0.5438726249778367,0.7621639614274665,0.7407231454494516,0.5751301027755784,0.5835457530595765,0.5387423762007464,0.5606464472372251,0.45001380559330884,0.7125870897381802,0.5098719852925498
2022-07-29,0.5691275307495429,0.5719288262165928,0.5680956461590181,0.5668322006608293,0.09014813197843202,0.5753875198420962,0.5517775102602567,0.5602909075742191,0.7580421434014923,0.7440036511457337,0.5537900833129223,0.5829603280912474,0.5453115869398535,0.5635926529823024,0.44009401571504947,0.7169969390055632,0.5077358802409475
2022-08-01,0.5557187335407294,0.5712892381124818,0.5596384236026756,0.564010200330275,0.13031166674487069,0.5769793562856249,0.5546642467618339,0.5378925412548705,0.7505731473163819,0.7448384507687377,0.528388277013389,0.5823337566080145,0.5507329557679479,0.5659503839663487,0.4439677693839572,0.7111543999593634,0.4816965597644189
2022-08-02,0.5532637509306606,0.5519173279923654,0.5461146273931,0.5448215614029793,0.16929806128881555,0.5741408961787672,0.5567668699250972,0.4031944879442399,0.72456224704954,0.7392739621963198,0.4619234303292085,0.5808344024399921,0.5545314243745312,0.5670576332815151,0.4537955944862949,0.7039211613818386,0.40651059723778155
2022-08-03,0.5539814182575171,0.557522068748486,0.557105162644002,0.5531743135001655,0.16074390365811117,0.5722652089339229,0.5585900089860242,0.45866693684078413,0.7112527752547319,0.7316333622504447,0.44036034082265507,0.5793274229635244,0.5589801082529706,0.5684823443133922,0.4419856875416477,0.7108492611244682,0.53390284788103
2022-08-04,0.563575150961239,0.5746370873010128,0.5633268438912096,0.5719491357980093,0.10504089389213153,0.5712218696559919,0.561132561651869,0.5659016378169051,0.7182377608929038,0.727194516155605,0.4736146766692247,0.5797975993572837,0.5626702580328644,0.5705477810851949,0.4455373375353645,0.7157903561573494,0.5819936906270023
2022-08-05,0.56425493473663,0.5786617907271199,0.5705916047523878,0.580978972960872,0.07982520385742936,0.5720542116346179,0.5636207672688741,0.6102536803837388,0.7315139476688994,0.7268244731280009,0.5158744349100565,0.5815180893806642,0.5656993244588557,0.5729287394274705,0.44291590028982475,0.7198319720585103,0.5356534208638389
2022-08-08,0.5813274900805128,0.5812198438155107,0.5763664381886279,0.5713848297143836,0.04942152840539322,0.5716898123822464,0.5646313246239841,0.5425210397882552,0.7313558480392236,0.7264905573261297,0.516249662661352,0.5817656170951528,0.5686770361482617,0.5745276707562406,0.43506083597762946,0.7168748980262837,0.4514797015621019
2022-08-09,0.5691274711527318,0.5692580411766894,0.5677975342973312,0.5598715053842788,0.06030344512425256,0.5708344274744953,0.5654982513586047,0.46835960453837683,0.718797385660119,0.7232143608183155,0.4856902894857178,0.5806725499334633,0.5719435750477958,0.5755807108140668,0.42228359652312475,0.7135296507182807,0.44223406949550115
2022-08-10,0.579816703829725,0.5744866636321532,0.5736095086377337,0.5667946076668123,0.08375648498177166,0.5714596705287804,0.5673071552257619,0.5075939393345572,0.7146952454400912,0.7196105124317559,0.4822872028889675,0.5789625124198585,0.5768343705760242,0.5771196336010258,0.41590238510133204,0.7177115009468545,0.5265573372049402
2022-08-11,0.5754267475102455,0.5708685203401666,0.5723166019169257,0.5643633982568744,0.1019786972301503,0.5714995106034865,0.5688538907392691,0.4914122317482888,0.7081177943171703,0.715151446956853,0.47340467237579187,0.5776322414944806,0.5803881248343205,0.5781927852993692,0.39960332738720594,0.7128796387761669,0.48348383449727467
2022-08-12,0.5743295993267021,0.5698135468392433,0.57048798622364,0.5653058076256361,0.0979821327659123,0.5713438989724452,0.5707707473508898,0.4972487420692951,0.7029749438471433,0.7103519445568183,0.46986879661218767,0.5776855999426913,0.5809845040771224,0.5785149644121498,0.38577925068129926,0.7175689378708805,0.4989314404783077
2022-08-15,0.5643781309395751,0.5830775480082332,0.5714955190737552,0.5844906872535299,0.07445768925538232,0.5734318290803309,0.5730510629818598,0.605006438253173,0.7168536001340158,0.7098377308798092,0.5143770371032313,0.5792182617654942,0.5831487493577019,0.580371986565128,0.39322909215907675,0.7214190869762844,0.5825422935184883
2022-08-16,0.5801944077786073,0.586355937379403,0.5780642615774618,0.5872045489872323,0.10044453874260209,0.5777526597407985,0.5752487389396204,0.6186307493667937,0.7293703267147251,0.7124254237201861,0.5465943298412311,0.5816806182575474,0.5821031663511861,0.5811200761296459,0.3945913629735248,0.7261962235557865,0.5067533745849384
2022-08-17,0.5818970013741819,0.5809672705786281,0.5803781058713896,0.577329280632361,0.06654004418866069,0.5802151931424351,0.577031756045297,0.5427543229887433,0.7283667308744682,0.7142551119315848,0.5387214758749104,0.5822817981340433,0.5820775465753524,0.5814162325021569,0.3890527610871466,0.722628507986807,0.45055367123704376
2022-08-18,0.577621419467805,0.5802891240125801,0.5791838807641159,0.5800808528381867,0.05866320120937387,0.5810441996450939,0.5786920175826218,0.5586050776749472,0.7291292458099826,0.7159015644964352,0.536818337778457,0.5819263523387612,0.5822281213008211,0.5813080678383857,0.3787912565916941,0.7259152454872128,0.5070312364880417
2022-08-19,0.5785295088121277,0.577387547145164,0.5790345814973421,0.570921789758391,0.05177580885038079,0.5800188970881933,0.5799376687487269,0.4898716101576585,0.7196196190674164,0.7149401773637568,0.5097325650518628,0.5817762761240344,0.5821870774200424,0.5812106888162383,0.3648309398223746,0.7228741909600018,0.45338987079641796
2022-08-22,0.5627511095981702,0.5623900217456677,0.5633966611799947,0.5550535520276388,0.07137509154968369,0.5783539676111661,0.580444818989646,0.38675448097664783,0.6956096306096485,0.7084181668232593,0.4519783319273772,0.5814324754910558,0.5804723912003007,0.5801865726519346,0.3628537463991419,0.7191340024507168,0.42238245898837745
2022-08-23,0.5554106111952983,0.555042057461672,0.5571639556914103,0.5482314221774729,0.03844780698980561,0.5771672926909429,0.5807484061616655,0.3474242692725706,0.6693585746105088,0.6969106877303326,0.40019782246023633,0.5821158958797759,0.5776771175347406,0.57915603164199,0.349470005925571,0.7165683764969305,0.462929150721433
2022-08-24,0.5502267463380967,0.5514621575115464,0.5539914680400305,0.5477413035179773,0.05283666312368541,0.5752248599970268,0.5811218340587292,0.3445633648416762,0.6478427929468052,0.6825494267471894,0.3705576234238784,0.5828439396668661,0.5755755782106318,0.5784913018809326,0.33641810503408953,0.7134894798056018,0.4923109948785517
2022-08-25,0.5531024405686196,0.5573406032289518,0.5570519309301412,0.5596142283314753,0.058226618873821585,0.5747406950007615,0.5816758430749952,0.43188493573881964,0.642371735569026,0.6697495280946182,0.386774381405516,0.582782918766211,0.5751853297850427,0.5782670699328114,0.3289174778278682,0.7167606438000053,0.5502543975432589
2022-08-26,0.5621079378547484,0.5586595350721626,0.5428697085448693,0.5334940286979923,0.06975728878289414,0.5714975703984353,0.580797192051367,0.28724605988764956,0.6123810105404962,0.6523236970534024,0.3387281178847389,0.5849679330063773,0.5694442508125133,0.5765518718654051,0.34785673712427023,0.7130781645909997,0.37402083510333184
2022-08-29,0.5298702561662348,0.5349199568767588,0.535106863467894,0.5313834170401553,0.05784307925193453,0.5660834282033971,0.5802121330615759,0.2772531658342578,0.586999960065685,0.6323016187824277,0.31176274786067837,0.5868204037035392,0.5641228326923547,0.574873273659502,0.33910218202635956,0.7098206819943926,0.48453009675480835
2022-08-30,0.5399727091287823,0.5366154173369033,0.5335764941370535,0.5278025081428849,0.04645929685762724,0.5600275512111398,0.5786693467184705,0.25982140474628296,0.5640819482961175,0.610792697839439,0.29631997247362724,0.588670724619456,0.560428270523677,0.5739976693434243,0.3363409456239804,0.7069692749281253,0.4774631987440001
2022-08-31,0.5289242681077186,0.5319429929970361,0.5277171103603439,0.5177390398617165,0.10033437310652815,0.5539524877467106,0.5768179998746861,0.21277387169615564,0.5370156846011639,0.5871003630072793,0.27364240819457475,0.5918470750186315,0.553438608882014,0.5721745785953642,0.33583680719459763,0.7021960681118201,0.4462008201684612
2022-09-01,0.5202970745239867,0.5216178832298513,0.520327217067606,0.5230910486896089,0.0809391008443992,0.5481425317446778,0.574785819407198,0.257212672176288,0.522082280821468,0.5645683846724405,0.2856942043222459,0.5921470239200226,0.548041193415666,0.5696609045799166,0.33062471650584413,0.7062774182853045,0.5206960917467703
2022-09-02,0.5343728687805968,0.5293428711673366,0.5210364799218244,0.5141582484425525,0.05849387254651948,0.5423556426249189,0.5727686296269474,0.21455693347848664,0.5028560490533365,0.54193611071128,0.2846525051171144,0.5914109706476725,0.541850746875374,0.566223080283963,0.3373949851338225,0.7029967209764791,0.45137102938927043
2022-09-05,0.5343728687805968,0.5293428711673366,0.5210364799218244,0.5141582484425525,0.05849387254651948,0.5423556426249189,0.5727686296269474,0.21455693347848664,0.5028560490533365,0.54193611071128,0.2846525051171144,0.5914109706476725,0.541850746875374,0.566223080283963,0.3373949851338225,0.7029967209764791,0.49460670735994955
2022-09-06,0.5171944333309131,0.5201483662815403,0.5193568935233351,0.517475066556854,0.059303793982100124,0.5385246179272538,0.570791749665296,0.24322853943161532,0.4924642342872325,0.5213403661538603,0.30580448490828754,0.5907384176730697,0.5369382173875918,0.5634495052455595,0.33126020771473874,0.7063063093221406,0.5108528398288387
2022-09-07,0.5202594775647325,0.5242935600296024,0.5224174462885818,0.5241842999468633,0.050133524831130365,0.5360730790209066,0.5692759186827212,0.3003116516774523,0.4924297673316632,0.5048555120709076,0.34850137505872447,0.590270207475633,0.5337101161704396,0.5616134529909358,0.3273113761887734,0.7092887812683616,0.5273236719199392
2022-09-08,0.5153026108614887,0.5241804464035812,0.5214470289975669,0.5252773162479047,0.05583153634139922,0.5337829364310306,0.5680590530297729,0.30963933506553937,0.4950184450397028,0.4922878875844551,0.38918684766243855,0.5886676085564233,0.5310541242508937,0.5594774517103306,0.32508022752197296,0.7124745092999302,0.49988936316645455
2022-09-09,0.5329729003392772,0.5441142641194572,0.5378313204738578,0.5422008010685222,0.06619526654983668,0.5320076847390157,0.5673103206221912,0.44112468520967046,0.5151130711398846,0.48704855046221884,0.4653005467561461,0.5869938641101196,0.5304867200586331,0.5583372199091223,0.3326210401261498,0.7160299261655714,0.5762814061962854
2022-09-12,0.5497349715240515,0.5470911535109458,0.551267121451571,0.5475906965856971,0.044298826327954934,0.533444801806295,0.5666486053058551,0.4778087743307278,0.5374157334625846,0.48820089860550364,0.5316864272249003,0.5853371426564866,0.5303645664630365,0.5574258044825816,0.3180885443322914,0.7188042662091452,0.5200497921667082
2022-09-13,0.532897270376068,0.5330734935521009,0.5285755216096008,0.5213574242748976,0.07297453337712759,0.5324226790298949,0.5651817763568348,0.31867168174363864,0.5302705536648344,0.48741076001973205,0.5115112016857296,0.5797533369220988,0.5295962098914995,0.5541776944551118,0.33904962041987163,0.7150070233601135,0.37162914872205827
2022-09-14,0.52514029713653,0.5233136186914431,0.5255522463607007,0.5203772456949598,0.06103788269807884,0.5316656936573269,0.5643411363508254,0.31358877125048995,0.5248295928192831,0.48547497054905625,0.4996121422757738,0.572349299569705,0.5303351004894805,0.5507395316912785,0.32767828958320533,0.7116355776307981,0.4898516131308535
2022-09-15,0.5179134237609968,0.5211658636420813,0.5123777889687784,0.5051499685121964,0.09095601330964093,0.5303822719691863,0.5626895791486719,0.23916133019164304,0.5068539166174307,0.4796192863972249,0.4588989893367446,0.5673558819258953,0.5280115439783631,0.5470260162413842,0.3355953697187015,0.7071969100999717,0.42063899762383067
2022-09-16,0.48813511749759986,0.4967102014240893,0.48882770796849373,0.4973478362992516,0.1582570164289605,0.5277578212700922,0.5601240404930581,0.20513857684889708,0.4865233369288533,0.4700634410716371,0.4204680517683412,0.5609680467430083,0.5260386587730397,0.5427695288060064,0.35149841788155034,0.700357521122841,0.455923523496921
2022-09-19,0.49331883815781863,0.4973507559163618,0.49812083430002796,0.4967070519684228,0.1324578565439408,0.5259787191094113,0.5572259291687028,0.20232810436929677,0.47158236477588744,0.4588388409259031,0.4031358845198258,0.5555307856892593,0.523964518628528,0.5389512938118283,0.3421091412213454,0.6944384244676953,0.4913956593570046
2022-09-20,0.4914648096744947,0.4937332324154491,0.49655325185126087,0.49271173905116905,0.07449645123844537,0.5234541650172989,0.5545203616168072,0.1842108944546748,0.4577539648977419,0.44654581422705053,0.39203889921806434,0.5532383012762361,0.5198578813750568,0.5357439026790733,0.33064416670545294,0.6905868926678332,0.4745680857747914
2022-09-21,0.496875625425361,0.4939593596772913,0.48427443261868097,0.47367752509460825,0.1033312864286137,0.5183051362729442,0.5515561506741004,0.10807785001484405,0.4302486053979471,0.43012098546756816,0.34912481532267053,0.5541398358370344,0.5111605408120647,0.5319082184568943,0.3402843924533481,0.6857067817378956,0.39861312506424573
2022-09-22,0.47349186522923914,0.4718022638394259,0.47554108464785483,0.4690413691074726,0.10126670080441316,0.512572033948768,0.5481944168447905,0.09177919210701502,0.4064206854760066,0.41127184606274514,0.32394522808784754,0.5541288237832833,0.5029800435425134,0.5278592269418112,0.32713950796472524,0.6809003174812023,0.4705942417322109
2022-09-23,0.4625945874214532,0.46189186514181846,0.4664718623402615,0.46214387705211313,0.18595347337969811,0.5044104476239439,0.5446790875573493,0.06811173181128594,0.3835341811814087,0.39070882554487996,0.3061443661896841,0.550845287605334,0.4962468453508774,0.5228445261258771,0.3212378707104465,0.67307295692703,0.45864538108449915
2022-09-26,0.460967548354575,0.4615904160260462,0.4577758802337907,0.4494417917643295,0.1687921154046241,0.49440443291343206,0.5406945241049151,0.02842167583989358,0.35596987975741873,0.3676538789810043,0.2802625059673406,0.5529894133270974,0.4852693922407094,0.5185201668145593,0.3222495039229093,0.6658577661508537,0.42772329713195
2022-09-27,0.45896218632897123,0.4629093480049763,0.44702726107171564,0.439189712383492,0.1664459953771235,0.4860276574882668,0.5356976236456454,0.0,0.32745056935468325,0.3423765671491755,0.2571803814716151,0.5551122911070865,0.47346656987931646,0.5137769414142457,0.3433504064629129,0.6587262647760915,0.43961653729671707
2022-09-28,0.4390972031970932,0.44501018322815267,0.4388536142926859,0.44412714097424155,0.16545450465245803,0.47825416606824356,0.5307771916495716,0.04935431908433885,0.3133615359071671,0.31877892213020625,0.2746258838131226,0.5551046704842306,0.46476465094062913,0.5094719714771668,0.34696467314027,0.6658223982820821,0.5214951039018066
2022-09-29,0.44503787583321885,0.45307427122441246,0.4534092238770083,0.4474441353057027,0.1522795106197633,0.47237121284530714,0.5263104415612422,0.08262521677352613,0.30915424557048726,0.29889272049554655,0.31317400166342196,0.5547951956628612,0.4577692319978287,0.505855405920501,0.3393349563110839,0.6724485612190882,0.5125384330607621
2022-09-30,0.4496918265634432,0.4556365488302674,0.4491918187538082,0.438360375692047,0.1597687337684196,0.4663576011840701,0.5214366744170583,0.05137932451733618,0.3006105742962223,0.28093665726235867,0.33322097392275063,0.5537397780856372,0.4500464385780846,0.5014961421091119,0.3435480649336521,0.6655552471580899,0.44573976232699475
2022-10-03,0.4469675452023817,0.457294613306937,0.45124451521030495,0.4534370459425302,0.14691607622645975,0.4619463413986755,0.5173963741310089,0.19309442759924383,0.3123927881538541,0.2693948779176518,0.39984157018558075,0.5517525863364048,0.4457912019982857,0.49837212891202565,0.34989476576882617,0.671990088846124,0.5768133828752771
2022-10-04,0.4685729718210294,0.4680340794592439,0.46960695156293875,0.4685137161930133,0.11099187834449611,0.45947941858252506,0.5144202692162694,0.31148078711146493,0.3399655705466469,0.26676801666960215,0.49243447214618397,0.5484841661618547,0.444091636301327,0.4958531421596839,0.34860990766620836,0.6771434638650269,0.5750031565584757
2022-10-05,0.4621027303629216,0.47786915561246524,0.4669571158334448,0.4761274722625014,0.09137627481021929,0.45972918405312846,0.5119406144116987,0.3649928273382989,0.3722978361060476,0.272413483395045,0.5783532483739491,0.5439184900709189,0.4438344584920907,0.49338069171873644,0.3592764597960195,0.6815971227147153,0.5343323391882354
2022-10-06,0.47462709233086886,0.47496768849241033,0.47774319723897296,0.4682876883164866,0.07185451607704249,0.45965234834013335,0.5092082046212889,0.3226942406194509,0.3928788943013892,0.2818611705522528,0.6178442027331409,0.538542425633072,0.443489692941505,0.490448662338147,0.34633549420127596,0.6778398324581848,0.45414203645167645
2022-10-07,0.4625189034388095,0.46200491460274296,0.46535220319047577,0.46165387587072393,0.08097990293183399,0.45960239404835523,0.5058393481450048,0.2884645492855485,0.4051979180225779,0.2923710135688642,0.6288760588074568,0.5284746007622396,0.44556896541151014,0.4863046459658996,0.3396871677580722,0.6737570268168496,0.4599828579916852
2022-10-10,0.4650918120252725,0.46264541454788033,0.46150797146853184,0.45543464366210396,0.06330239855070985,0.4602133490493936,0.5031548859293519,0.2574232381939549,0.4113088592778792,0.30224309689288037,0.6222521033150287,0.5146776413846306,0.4503155157599915,0.4815633576897892,0.3348867669157737,0.6703048026218216,0.4618358972833805
2022-10-11,0.450864823048715,0.45081327878801103,0.4513938279879113,0.4439764753029082,0.09493829704327675,0.4607013465494634,0.5001489612430178,0.20436696221501133,0.4073632336005093,0.3091953739576202,0.5919261562027943,0.506745149310242,0.45050509043072506,0.4775822259625071,0.3311157048455933,0.6657240814287687,0.43368369477881674
2022-10-12,0.446021633162195,0.4468566842609579,0.4515058267684323,0.4405842949834132,0.06616874519300409,0.4603401630073156,0.49714952693238734,0.18944779197383738,0.4034710539147808,0.3138246119140524,0.5677984042622772,0.4974737225321528,0.45183514986184503,0.473477000426876,0.3175021234894658,0.6621696106172305,0.4762644329934282
2022-10-13,0.43054604011421926,0.46486876904779595,0.43799537411978684,0.46478231784156887,0.1384312821443945,0.462107743703434,0.49532834528635517,0.3731084085940782,0.42664497642239996,0.32308057796509887,0.6158529322139831,0.4908668352105426,0.4544997714956681,0.47140014640820993,0.35729342747482495,0.6683017877657157,0.6261114739294363
2022-10-14,0.47515673190886154,0.4715008536884515,0.4658747928449659,0.45709319956688765,0.09809841871510147,0.46401750430241595,0.49305867928523495,0.33302400349670697,0.43957868674696227,0.33358432576164476,0.6288127520997745,0.48506912358910076,0.456335182229731,0.4693291067841878,0.3586009162472016,0.6636083405876276,0.454272783312223
2022-10-17,0.47216759133445185,0.4769271049184598,0.46878590891605587,0.46700611965482874,0.2511613294136128,0.46540083457411285,0.49143711759780884,0.3984116409228223,0.4615547052634732,0.34725287652015024,0.6616833053908056,0.47915383470066825,0.45939133470215887,0.4678010391456492,0.36537048392142857,0.6737617570873643,0.547186643681262
2022-10-18,0.48537286476757124,0.4830314628120369,0.4795717977316155,0.47424277100308465,0.07279704429678621,0.4659848961773597,0.4899503589735039,0.4433582064779364,0.48774764800396925,0.3644636635902798,0.6984739899453264,0.47465646865008376,0.462142987496275,0.46685083892656165,0.365351825600573,0.6775526686512455,0.5324462779767809
2022-10-19,0.47023789085023127,0.4734226428641274,0.47591434280408407,0.47137836107615505,0.06703986975973691,0.4655007371693818,0.4881343627599122,0.425808937965968,0.5070683405682477,0.38286161776975247,0.710804248796215,0.47425931322380405,0.46231642839341247,0.4667325504467523,0.35247627251384983,0.6739671236010952,0.4797826946867616
2022-10-20,0.47390805348950216,0.48600834893555855,0.48214698074794327,0.47443126462464735,0.08294656354619104,0.4661270581153617,0.48638576706786274,0.44603421283520445,0.5265710277778266,0.4022529123693159,0.7211213679367096,0.47514741730857973,0.4619544624106404,0.46700985234515546,0.3510690690694894,0.6781200827928332,0.5104706318005526
2022-10-21,0.47141084820374524,0.4858954101368306,0.4769967042425497,0.4863041894381456,0.12121484135128355,0.46864009074291113,0.4844634826194806,0.5205247286879127,0.5546189618553997,0.4244863587497304,0.7506407733141055,0.47926528702407384,0.46018963616292585,0.4682528635444094,0.3580643853045036,0.683638125281724,0.5560355456810429
2022-10-24,0.49263778778596445,0.49411009342798773,0.4921120167644317,0.48758569936075025,0.11543522566614509,0.47191780369207414,0.48239991079238176,0.5282528127648676,0.578685135851161,0.44803947899511354,0.7643472854182181,0.483425059492318,0.4598368246067308,0.47021530937574174,0.35288758614819915,0.6889500007495659,0.5011273476178025
2022-10-25,0.49059446931043504,0.5020232549210538,0.49815809081995477,0.5014184526826456,0.20944323511590854,0.47777385752893153,0.481714209568451,0.6068561013949578,0.6116310329846049,0.47477595979041043,0.7974105831521532,0.48961575579314637,0.459880288556922,0.47341688309181795,0.35113898172308067,0.6976152741453747,0.5648657044160927
2022-10-26,0.5121999781772131,0.5440012541476082,0.5197302323882422,0.535152525863723,0.28172005279790113,0.48741483224034243,0.48222233144669147,0.7471207378296265,0.6706196040083656,0.5102990703990364,0.8886710461254201,0.5051983539925042,0.453160235327826,0.4781000002231771,0.3961430661833658,0.7088587632918782,0.662713018190985
2022-10-27,0.5377026184824628,0.5438128555587415,0.5387270061719576,0.5387708515378509,0.12864490147315938,0.4949577626267958,0.483378553598554,0.7592366622344264,0.71989019558884,0.5505230134329496,0.9374952429569132,0.5181893467138401,0.44916499809127797,0.48279862039223065,0.3926158159266313,0.7146418464763779,0.5118441542251039
2022-10-28,0.5440592339508314,0.5634074407427279,0.5451462694570963,0.557805006755358,0.1390269926209425,0.5052250582841865,0.48545767566286535,0.817467454969377,0.7760603094191144,0.5961607788580977,0.9937247585249482,0.5333577226363804,0.44583362834113227,0.48894386436632276,0.41106252463400716,0.720795273455483,0.584857969189549
2022-10-31,0.55889171048066,0.5562478874540338,0.5559323594522507,0.549588353044324,0.14348462067319365,0.5136440930520846,0.48727626358265963,0.7532511233056509,0.8103479297852418,0.6408864586966406,0.9842515754418771,0.5441169520689655,0.4446600537331701,0.49389070237242094,0.3982925411837067,0.714482836613691,0.4565869274345016
2022-11-01,0.558853852188228,0.5575667431311648,0.5526853371196385,0.5487213646198089,0.08728790564925301,0.5212369837186032,0.4892024345803272,0.7464104795901838,0.8342874857866598,0.682403027469648,0.9509208254506631,0.5533171312087919,0.4434472080561338,0.498017263472598,0.3940499053008064,0.7101750156426407,0.49055279672731733
2022-11-02,0.5469348829091624,0.5463751104993607,0.5349574229678135,0.5261817801883304,0.10903745835636952,0.5268240436946753,0.49100805588896657,0.584962000904073,0.8286535975377041,0.7142663776155426,0.8506597219549773,0.5574459568885906,0.44436632297627787,0.5005924812234528,0.4012210058902125,0.7050913575337854,0.3890977657834255
2022-11-03,0.5186323350239195,0.5156642914592302,0.5110714866549303,0.50281309402162,0.1345510036293457,0.5297174942428421,0.4921694654933051,0.454166273729345,0.7991030747758302,0.7326766200489404,0.7109318781337617,0.5586298017486158,0.44672973387620474,0.5023687606549668,0.4100644841068585,0.6990975953778998,0.38196139621635244
2022-11-04,0.5137891068495254,0.5254616076450862,0.5154008350230289,0.5112183000932703,0.1640080706528946,0.532257420268183,0.493857134879227,0.4943544649503249,0.7822222199779467,0.7433600855351605,0.6306793516848931,0.5601564313963039,0.45030231329296755,0.5049187746369389,0.4178394347656559,0.7061421325485838,0.5364126172681882
2022-11-07,0.5187837017408848,0.5216557172121135,0.522230722438166,0.5229780934903989,0.12608661059099785,0.5358655788813232,0.49638604826192567,0.5474448355962473,0.7787404972685424,0.751072621559752,0.5998224242975743,0.5621864866228818,0.45522313538744896,0.5083937820470813,0.40483508939406665,0.7118339578988458,0.5524355297922775
2022-11-08,0.531421412630625,0.5355226196184473,0.5318223783157012,0.5293101634201225,0.1081826546246106,0.5387090631611373,0.4994852905318232,0.5747759069437104,0.7804886924148292,0.7576615257709473,0.588152061293721,0.5631295199649018,0.46312549785688073,0.5127840700660666,0.39850215405275413,0.7168871239562294,0.5252591713786158
2022-11-09,0.5294862487330342,0.5267049464431254,0.5095117320470953,0.5013559543300926,0.11586364758421042,0.5352635943345027,0.5014533893969347,0.4284988353470694,0.7527866556357117,0.7562951169819755,0.5055258937054198,0.5600101793497225,0.4726931949534837,0.5159106791909069,0.4153292824761253,0.7115599660759553,0.36041183095904705
2022-11-10,0.5385498127018881,0.5434355350185008,0.5345359836926816,0.5453271871725068,0.1307298881410773,0.5359319949745995,0.5048195875058284,0.5984290355702884,0.7726611288682036,0.7599640028040187,0.5578239109396186,0.5634244059638056,0.4775287792588332,0.5200545897919421,0.4549147443135695,0.7174174236676247,0.7137463383331902
2022-11-11,0.5495852773331691,0.545965924902964,0.5425033162039087,0.5431739897011348,0.16239434809484854,0.53444040245871,0.5084241276436233,0.5880473649409816,0.7844800558522554,0.7657309793331153,0.5796152841229019,0.5644259835158663,0.48544806332759494,0.5244833150694908,0.4444402676688489,0.710430450250435,0.4844834261561299
2022-11-14,0.540104695548387,0.5563139243820284,0.5464683237712221,0.5502002965000553,0.08477041685452627,0.5345027884347042,0.5117518157860036,0.6118863431945971,0.798829410907448,0.7737827303337197,0.6033456085463801,0.5664816922357041,0.49197132108080244,0.5287635284988134,0.4452238654685614,0.7146484688550984,0.5277328150930789
2022-11-15,0.564716279356814,0.5735353338166991,0.5625525106626094,0.562024115465119,0.1157800033049691,0.5358589678122603,0.5149676383741673,0.6507408574367277,0.8196891548356621,0.7852222192615728,0.6385316284699483,0.57025811629828,0.4971837250904063,0.5332797447011731,0.4516443475554798,0.7199726430262786,0.5498498543859793
2022-11-16,0.5593692578508898,0.5628097491808881,0.5652083500313565,0.5625907711108707,0.09148644044629323,0.5395707657118791,0.5179411111819846,0.6526099000646557,0.8344037721800661,0.797899498662587,0.6513876761292242,0.5722610559638763,0.5045964502184279,0.5379724839908206,0.4313314381259399,0.7244302316391639,0.4972147685319106
2022-11-17,0.5570180940219261,0.5642826365518567,0.5618419014125084,0.5658017414513936,0.07639578840853498,0.5459922875202441,0.5212946194246574,0.6637507485674754,0.8467219628450917,0.8109928158702536,0.6557087643799071,0.5736092952428713,0.5127060573956517,0.5426733555756795,0.42053954400725335,0.7283495154674752,0.5093748107129484
2022-11-18,0.5767756155172902,0.5751971241700984,0.5708939856734533,0.5650840089609362,0.13031370684924243,0.5514837504795405,0.5248515816542849,0.6590560286695868,0.8531804380089791,0.8230149492290714,0.6445831410121023,0.5750393358713362,0.5194200765393633,0.5467264570578707,0.4134587895113365,0.7225069036478827,0.49131896424221466
2022-11-21,0.5658919329825621,0.5615257363509801,0.5564929445656303,0.548160465401266,0.1797331951502639,0.5540510250124994,0.5280404226214502,0.553253253014174,0.8391270489497893,0.8292654009178013,0.5846367961066299,0.5728828898405565,0.5279665445162851,0.5498429363226038,0.4098866981319781,0.7149014291675466,0.4170145484713623
2022-11-22,0.5554252854819145,0.5612612980513195,0.5544730406371772,0.563308503601328,0.07410067099032785,0.5575170636056479,0.5321442510200091,0.6153950942815758,0.8405253816679482,0.8346008090546325,0.5751328907457471,0.5736754154785142,0.5335850615011429,0.5530270849869562,0.40794598381501035,0.7187388429292572,0.5655664753716556
2022-11-23,0.5647541838342774,0.5701363894473581,0.5715671955476103,0.5685970742518168,0.04419682110936796,0.5643721134537599,0.5365466104404522,0.6358264178003807,0.8443724650525273,0.8397909139836042,0.5736237298612588,0.5769390356983504,0.5336744588699994,0.5547477559590924,0.3922558400548415,0.7215095443032042,0.5189082727718438
2022-11-24,0.5647541838342774,0.5701363894473581,0.5715671955476103,0.5685970742518168,0.04419682110936796,0.5643721134537599,0.5365466104404522,0.6358264178003807,0.8443724650525273,0.8397909139836042,0.5736237298612588,0.5769390356983504,0.5336744588699994,0.5547477559590924,0.3922558400548415,0.7215095443032042,0.49460670735994955
2022-11-25,0.5712389853290893,0.5745551016459984,0.5770658300159742,0.5763789414914244,0.007193408014754037,0.5675377556080743,0.540384418276688,0.6654803797620641,0.8525323856148252,0.8458981514618897,0.5831493321497807,0.5812235540717208,0.5331362254480142,0.5566826347904549,0.37580962739805623,0.7229602818833696,0.5301288051334221
2022-11-28,0.5733245726425109,0.5763300288497502,0.5742977270076193,0.5668215688922086,0.17521436396686055,0.5699485621849231,0.5441579768475582,0.6026685510217074,0.8470226450413127,0.8494637829114065,0.5567514813459105,0.5823775752136815,0.5328753951883908,0.5571465231514908,0.3681078452135308,0.7155160004674963,0.45140028669614135
2022-11-29,0.5622892508567922,0.5600149763419238,0.5619540683370943,0.5585109326961322,0.1498660671479953,0.5707958090103767,0.5473048273261626,0.5507093207852047,0.8320850020938938,0.8487371618783248,0.5121709132461982,0.5831605217799669,0.5329904392447146,0.5576055762571056,0.3615190514892963,0.7089759284538579,0.45658652426621177
2022-11-30,0.5580040941751201,0.5858850295298077,0.564422856418382,0.5885050316240049,0.25046769392722135,0.5734954666083489,0.551234306416613,0.66944382484655,0.8473884417677542,0.8518226377795142,0.5517644477994365,0.5888781569813031,0.5311892281334458,0.5596523852073986,0.3871811183103301,0.719104602000133,0.6332701753408507
2022-12-01,0.5912999009516116,0.5921164529185283,0.591691327607883,0.5885050316240049,0.19627028118758558,0.576137355199754,0.5552622925631394,0.66944382484655,0.8568800473825833,0.8565652497420578,0.5689759392793042,0.5939934085005842,0.5323602373423835,0.5628588213772077,0.3757267052908353,0.7272999776003497,0.49460670735994955
2022-12-02,0.5864836506617026,0.5914743338250864,0.587726283131038,0.5909981519959641,0.07123840455677713,0.5787060609333524,0.5592710277664811,0.6786718188040031,0.8641480247267137,0.8621007792549175,0.5772114088824172,0.5961319970296914,0.5393168632788716,0.5673958080236359,0.37065822560725714,0.731035290292335,0.5057107378549799
2022-12-05,0.5861803533272404,0.5855451372090269,0.5832751338352196,0.575963421429431,0.15026184739611279,0.5798151875344042,0.5623544087136203,0.5793217826464256,0.852450904356509,0.8637265204042925,0.5366032230637978,0.5955834066320393,0.5466263860291444,0.5707268457036133,0.36826639101819036,0.7244811002405451,0.42784703426691273
2022-12-06,0.5723386756918889,0.5674927825549888,0.5630388247261366,0.558586529857538,0.0886445750564599,0.5808780965348874,0.5647961272419046,0.48026513274677235,0.823738040250822,0.8581473824084336,0.46177127720634575,0.5942224761385455,0.5517473102077518,0.572558845409787,0.3749915448051456,0.7201248849634597,0.41600981621581723
2022-12-07,0.5602035740374227,0.5557474821770291,0.5536501566024263,0.5537890176913953,0.128177717572031,0.5799076107589671,0.5665971509485832,0.4548947361466333,0.794322072850281,0.8466358743960085,0.40015597694420807,0.5930463285425032,0.5555177023869816,0.5738182451028839,0.36816134904943,0.7143584668858504,0.47242981173265086
2022-12-08,0.5628959642219825,0.560581506012502,0.5634502560264327,0.5586620682798907,0.06641763792635633,0.5788947638394315,0.5674056441015137,0.4802830965503722,0.7741471035046059,0.8325926549174673,0.3738608939122566,0.5843590451037737,0.5705114193091839,0.5767665572061043,0.3530608303806587,0.7179218160512778,0.5172704498644812
2022-12-09,0.5568284897498792,0.561412434580287,0.5625900139674581,0.5571510648766234,0.06706843122094128,0.5769345339559726,0.5680377396298207,0.4714261960958112,0.755199315831771,0.8168181044944146,0.3558787930484683,0.5837354797102463,0.5723902468515872,0.5773748776686046,0.34185406588680933,0.714335252173632,0.48762263747893886
2022-12-12,0.5647542289328996,0.5776519574363385,0.5698840145173788,0.579401007037012,0.08774080881977922,0.5782169735650131,0.5687804260696213,0.5820244461004684,0.7606642480890069,0.8055078864156976,0.4022466320568403,0.5841802155546505,0.575698934387355,0.5792387024215532,0.3509662910135224,0.718659228837825,0.5976461705716396
2022-12-13,0.6009320890173818,0.5971393235215704,0.581666629273152,0.5735457220017183,0.2640731499823531,0.579749729567079,0.5696043199770997,0.5454118472427227,0.7577101725209601,0.7957519022080398,0.4183893518088919,0.584245139897648,0.5780615035425763,0.5804397889342711,0.3671849445314419,0.7080452295367405,0.46823515342917266
2022-12-14,0.5755620931996036,0.5831657862902887,0.577963541589238,0.5746034948708691,0.1093659151602196,0.5783325055898604,0.5704944064245862,0.5506353583313517,0.7549538052603116,0.7872866768937045,0.4317955447058289,0.5848621818584931,0.5787296112573386,0.5810869788062886,0.3652915412842499,0.7131406041617938,0.49940546091998933
2022-12-15,0.5632372821919747,0.5663219783479138,0.5599715677438509,0.5541667098031589,0.18750395270222026,0.5748318067904289,0.5714568081412302,0.4286373223984306,0.731364677946018,0.7748624360239313,0.39067607112114155,0.585161255665599,0.5775419168786221,0.580653573708648,0.3751069542836508,0.7052579358292957,0.4020137079244451
2022-12-16,0.5552357714354847,0.5534059439268505,0.5542860529993181,0.5503136628726378,0.22098410554683978,0.5706841334424828,0.5730903526822736,0.4079338691359688,0.7079392946102797,0.7593102165008825,0.3581879856853123,0.5856240636799475,0.5754487544073136,0.5798567357033808,0.3629510015833316,0.696180983351922,0.4766954486597241
2022-12-19,0.5519744358765307,0.5498936894704795,0.5492363072368699,0.5424940851609072,0.06635847489957586,0.5672720253638097,0.5741659269164332,0.3664510554047415,0.6810303705136487,0.7404209420775443,0.32352837424866865,0.5867466012309059,0.5719306993904674,0.5786945186001797,0.3542909008466496,0.6926197446148781,0.4580774419695185
2022-12-20,0.5415456972286802,0.546343546940593,0.5477400245192094,0.5445338575206436,0.06903713193967004,0.5658393935236391,0.5749072296315663,0.37978532793214853,0.6613400798599706,0.7205916406569445,0.313764983642713,0.5870856415509895,0.5712008388427684,0.5785079351595813,0.34287112675681797,0.6962765348163192,0.5042318343659927
2022-12-21,0.5517469245434173,0.5517442743840438,0.5553333969429253,0.5500114504441738,0.04990095293275205,0.5654542807858614,0.5756191468828475,0.4160815719691718,0.6508915761302186,0.7022246912022337,0.3289533915160545,0.5872819106749876,0.569612755354378,0.5778238220683545,0.32989005134609173,0.6992507105957914,0.5203860058242306
2022-12-22,0.5486371883267765,0.5467967583139909,0.5424285170609348,0.5434006049681933,0.08261198642922571,0.5638984159835111,0.5770650623990461,0.37662977989873053,0.635981832960359,0.6839586903575052,0.330001872797183,0.5875375372147396,0.5667243616389033,0.5765275021780824,0.3308483655090293,0.695109686240429,0.4637121047980809
2022-12-23,0.5424937926181078,0.5452483858929887,0.5476278498087237,0.5463093628802518,0.03274571527079325,0.5627931338628382,0.5770988394211859,0.39733637874985334,0.6270557461321126,0.6672071592757471,0.34573159109236334,0.5864669893480525,0.5647070121838209,0.5749804682501541,0.31947655470318126,0.6974719105620828,0.5083162765830427
2022-12-26,0.5424937926181078,0.5452483858929887,0.5476278498087237,0.5463093628802518,0.03274571527079325,0.5627931338628382,0.5770988394211859,0.39733637874985334,0.6270557461321126,0.6672071592757471,0.34573159109236334,0.5864669893480525,0.5647070121838209,0.5749804682501541,0.31947655470318126,0.6974719105620828,0.49460670735994955
2022-12-27,0.5492818866893149,0.5476654512487118,0.5516676465831171,0.5480470402896306,0.02578691925878928,0.5595966819709074,0.5772664236286936,0.4101232183000751,0.6217742562003337,0.6525404657538849,0.3673853132796275,0.5861176880668049,0.5631157838723768,0.5740145474068786,0.3061643971294389,0.6995859048418029,0.502766096651746
2022-12-28,0.5521638944946853,0.5538968051228109,0.5524156732762804,0.5431361617509055,0.030566883801775295,0.5564965097604928,0.5770234880379038,0.37686451517553915,0.6129069260572007,0.6386824588954891,0.3757845654247771,0.5863725479638648,0.5612505357315233,0.5732235389064287,0.30287416875547835,0.6973014025033756,0.47159874300696286
2022-12-29,0.5493956377951912,0.5538968628104114,0.5550340863912012,0.5547333654489107,0.04150796354741509,0.5544708039448472,0.5767727591481839,0.463625379823803,0.6174741318633571,0.6286903763876911,0.4159371669967687,0.5822302096027472,0.562040338327337,0.5714860382233923,0.29863041255333,0.6999761885459629,0.5492853595858782
2022-12-30,0.5507608775912295,0.5520463251023918,0.5557822131745737,0.55360011289646,0.051380028602263296,0.5544130409265673,0.5764635704163059,0.455157175841511,0.620066080750298,0.6213177529504866,0.4431436218720217,0.5774239148490019,0.5634022282082015,0.5696902334260805,0.2873076947755455,0.6969492520569035,0.48934247212303833
2023-01-02,0.5507608775912295,0.5520463251023918,0.5557822131745737,0.55360011289646,0.051380028602263296,0.5544130409265673,0.5764635704163059,0.455157175841511,0.620066080750298,0.6213177529504866,0.4431436218720217,0.5774239148490019,0.5634022282082015,0.5696902334260805,0.2873076947755455,0.6969492520569035,0.49460670735994955
2023-01-03,0.5620238067179946,0.5682481083644966,0.5575028718114903,0.552202417126722,0.052265433899598306,0.5546055943013125,0.5759958896590053,0.4441890163828,0.6208223323946639,0.6156008554838268,0.4603404677434107,0.5707996575538972,0.5662485244512465,0.5676942520763678,0.3006288330260619,0.6938907319154844,0.48810469369308856
2023-01-04,0.5633131041619083,0.5715337128402379,0.5704450139071643,0.5719213522258686,0.10129730236998927,0.5576056243849704,0.5762310258907566,0.5800894750193852,0.640781245922176,0.6158095826368224,0.52188570837426,0.5699251033579071,0.5667367044325206,0.5674862937847734,0.31074624626390024,0.6986982877730658,0.5865019025546974
2023-01-05,0.5791646615917385,0.5751592991996768,0.5735870920857031,0.56625497198551,0.07354780270558642,0.5598200331066949,0.5768532959639061,0.5333692822300053,0.650733767728024,0.6183612331857578,0.5462199842418983,0.5707777606176907,0.5666487540856442,0.5678808234288276,0.30694107386356073,0.694880595600732,0.46884828801810585
2023-01-06,0.5799231163601254,0.5901903052960626,0.5834246564495198,0.5913381336356044,0.1058569356408274,0.5640331763985404,0.5778172349279544,0.6679709607211948,0.6828024282894171,0.6280863484099298,0.6207256503838123,0.5774638943454682,0.5636083881875583,0.5698126681374133,0.3242399518638093,0.6998507999906267,0.609440750908087
2023-01-09,0.5991496511333407,0.6055611158135833,0.6030997474411068,0.5945489864980211,0.09493829704327675,0.5692476152039231,0.578709721178222,0.6824447158898139,0.7104446273236297,0.6424896353553557,0.6693144866293561,0.5836732322645215,0.5608905356245077,0.5716589953098068,0.3242253095527957,0.7044315211836796,0.5088581693135327
2023-01-10,0.5988464194294246,0.6062410377491064,0.6024639590378714,0.6039552822525314,0.18801805900389865,0.5751244603739207,0.5796580715243735,0.7234435336324794,0.7403621820432387,0.6611806450969276,0.7138480081035093,0.591458485709061,0.557671228158294,0.5740670008620943,0.32264792817260246,0.7123325284110963,0.5361944834888416
2023-01-11,0.6075684515676772,0.605447860804436,0.6081495179467078,0.6077706187109291,0.07685685199654815,0.5812131172502817,0.5810663093288951,0.739422145060443,0.7662542017925771,0.6823372968562539,0.7394568748529939,0.5973804885447767,0.5544695196142801,0.5755265740855577,0.31036040774494433,0.7162682590261202,0.5112853578160201
2023-01-12,0.6106403616999834,0.6116039454255193,0.6115535600293018,0.6135126548517467,0.053522138192589934,0.5883878098922719,0.5829578185286499,0.7632076921619666,0.7905813252904882,0.705091506074917,0.7560495658463384,0.6046954265441977,0.5510273113362696,0.5775828117839218,0.30345483975684107,0.7193716075773403,0.5195937316142195
2023-01-13,0.609919778115319,0.6114150520762295,0.6097954590235459,0.6113971678524981,0.05390567781447699,0.5941645309003742,0.5837450790830689,0.7419869512639228,0.8057214534362515,0.7269225160034956,0.746460952644279,0.6105886738598072,0.5487323559398507,0.5794757901050254,0.29966999997090826,0.7162545776283239,0.4854635365008589
2023-01-16,0.609919778115319,0.6114150520762295,0.6097954590235459,0.6113971678524981,0.05390567781447699,0.5941645309003742,0.5837450790830689,0.7419869512639228,0.8057214534362515,0.7269225160034956,0.746460952644279,0.6105886738598072,0.5487323559398507,0.5794757901050254,0.29966999997090826,0.7162545776283239,0.49460670735994955
2023-01-17,0.6117020454303647,0.6138320081027095,0.6181367314897664,0.6111704351073334,0.09099273518833223,0.6000336691447524,0.5845245422984857,0.7395910843277795,0.8153382287654596,0.746691546412459,0.7250446406339548,0.6165186907193867,0.5485028673027897,0.5824085447739281,0.2862086162426667,0.7118146001764318,0.49362430434328336
2023-01-18,0.6181487940643189,0.6160602295484131,0.6071769819478068,0.5977977847887733,0.10031397206281073,0.6046819932436103,0.5847583816671179,0.6068101844946185,0.8076628846731082,0.7606677238983324,0.6648784050090855,0.6193961990913246,0.5504549408736737,0.584851530377153,0.29572961783867624,0.7070421210940518,0.43664918593490876
2023-01-19,0.5954712862604354,0.6029553363372956,0.5999203815108083,0.6013865059801129,0.0655322326290213,0.6076858857725086,0.5856326815331785,0.6279569227270454,0.8031132167457765,0.7707585450624741,0.624523977399145,0.6219220613632586,0.5539599788877082,0.5878814555478129,0.29499900173357907,0.7105738866071196,0.5104112353038951
2023-01-20,0.6069996215552182,0.6139452683130947,0.6108052987637917,0.6161190241181819,0.07283376617547754,0.6127693906783793,0.5876112239844667,0.7060867702589164,0.8119615706295502,0.7809513072379097,0.6255827660455648,0.6263490088939803,0.5568104214993181,0.5915644031173419,0.2943204761895901,0.7143661080920665,0.5592082464163405
2023-01-23,0.6201208784232777,0.6206300312549637,0.6210544065584813,0.6156280243728892,0.07876026937538125,0.615245679175702,0.589737867395937,0.7011827993861053,0.8163193596605899,0.7901496627593654,0.6152545726934059,0.6301730079593633,0.5596662313828638,0.5949402757032118,0.28762226635173394,0.7103624799018083,0.4924911255082933
2023-01-24,0.6103368991312117,0.6349812423027982,0.5966662051322275,0.6145325410316149,0.07413739286901919,0.6172829483739207,0.5916592529282944,0.6895894810679191,0.8165181268023387,0.7975559726744604,0.596641871899117,0.6324228237581784,0.564732185310704,0.5985999052534722,0.3459635324134255,0.7065237562190322,0.48988383650411205
2023-01-25,0.6088198539252365,0.6159846591901894,0.6136480551003732,0.6183477600119066,0.06301270372992282,0.6187502224555127,0.5937638072459842,0.7109157074126435,0.8182582072764706,0.8038979516862447,0.5855874251935602,0.6346082327432132,0.5699594313972322,0.6023061708422697,0.3402684684249423,0.7099656465923204,0.5110762645635616
2023-01-26,0.6254299307273699,0.6239534361598255,0.6229994460515279,0.6176301449995553,0.11021663868323503,0.6197553744260031,0.5950785072830169,0.7024576431908804,0.8167534774330286,0.8086109948817924,0.5686688295656918,0.6358475034420066,0.5759144235844751,0.6058861153831893,0.33254039247821376,0.7048399254625805,0.4915228145069314
2023-01-27,0.6330143709332471,0.6457067996969323,0.6363905111490976,0.6430532295502374,0.1987408475817623,0.6227669559156596,0.5974688704357937,0.8238360264841971,0.8382860996573249,0.8175407422208206,0.6124647308988249,0.6399453501776478,0.5820559912855612,0.6110266960299439,0.3548921249829634,0.7131234296411558,0.6039527319411169
2023-01-30,0.6413573963015173,0.6365674763884758,0.638934162568772,0.6342138243976916,0.0823488129652713,0.6250930521818524,0.5995188696409347,0.7301262447008172,0.8441179829377156,0.8260818854613936,0.6084285770273445,0.642164382318676,0.5880229433426157,0.6151158443413,0.34674492914443766,0.7089917930534303,0.4576934987176397
2023-01-31,0.6360861622054693,0.6380025842154745,0.640879221427659,0.6384069117069062,0.19693739531714444,0.6278697371180099,0.6024158901458441,0.7494692319896377,0.850326454623804,0.8344023776928746,0.6061368322203987,0.643487089332216,0.595475867409037,0.6194790247095802,0.3319229916115273,0.7172109655530057,0.5122958150359769
2023-02-01,0.6382098070874718,0.6450271294260939,0.6384479052178366,0.6410133984514477,0.08470105330588712,0.6322754517494621,0.605535054010882,0.7615714001025122,0.8552077194246537,0.8422283443995504,0.6010005479675484,0.6430123335475677,0.6052136895185376,0.6240482141571132,0.333862086303068,0.7214265098623229,0.5055495073093549
2023-02-02,0.6556160140645184,0.6512206183624495,0.6405797934331156,0.6359512668508577,0.11320743169220537,0.6357992353960289,0.6087490464464199,0.7054204347145097,0.8514945439466668,0.847599424279907,0.5755033877279077,0.6434892834576851,0.6113829239033164,0.6273424555433358,0.3423565454728269,0.7161941029391281,0.4734178935440187
2023-02-03,0.6356310551668225,0.6382291152156437,0.6378493475321034,0.638104640539389,0.07349884020066466,0.6380406093749917,0.6119669456316029,0.7171822326781294,0.8481460372769484,0.8510939709799191,0.556013174704122,0.6414834675734145,0.6209464563274801,0.6310390113348405,0.33329068154979147,0.720010048550041,0.5036728055510746
2023-02-06,0.6356690696189451,0.6359632250674255,0.6393456463327799,0.6354982125339007,0.03593643850819408,0.6400663211789244,0.6149068353407375,0.6867019056978212,0.8404668905055948,0.8520496503597008,0.5296437689143784,0.6422595766105486,0.6247365074170799,0.6333109799978887,0.31861646257537557,0.7175340066424641,0.4836603492459264
2023-02-07,0.6330902338952222,0.6430254241170649,0.6390088701472612,0.6425999402770677,0.04899718669607137,0.642927716425738,0.6183183004366016,0.7283822487295679,0.8389757028814946,0.8524568986260896,0.5239476057232028,0.6439742947831961,0.6279560684168698,0.6357831282353722,0.3172520417231186,0.7204759438090438,0.5245219127628767
2023-02-08,0.6418882006872442,0.6420057327225789,0.6466395911789207,0.6383690250176234,0.06809256361555457,0.6449688301043356,0.6214842321753661,0.677580848462874,0.831267674284358,0.8509358190440823,0.5039194383885632,0.6453179083025093,0.6301418089939417,0.6375536627790391,0.30153382816903196,0.7168528476883459,0.47692931053933385
2023-02-09,0.6514643719073129,0.6460668646919896,0.6451013899192638,0.6368550259226455,0.0733927547733342,0.6469287545851475,0.6245383387606339,0.659295497114877,0.8214335566832289,0.8473626567300122,0.48260591725860746,0.646360342869454,0.6320858292268067,0.6390500111420151,0.29623812370606484,0.7130406862938446,0.48825021578663774
2023-02-10,0.6383555892888053,0.6363419710524536,0.633970297951035,0.6287173174990468,0.05852651421646731,0.645467247224124,0.6274814746676382,0.5653743877321729,0.8035685849915439,0.8402235996002198,0.4455695086798438,0.64665347508301,0.6333638435963983,0.6398322678301528,0.29382801071638487,0.7097588246107387,0.46038113151375243
2023-02-13,0.6304522857449326,0.6360392397565809,0.6343825621836777,0.6350761136979547,0.06744177032096962,0.645555155280142,0.6302444617431462,0.613659697384217,0.7937910467524194,0.8321696119166162,0.43606677694958207,0.6472931639384627,0.6351637776060823,0.6410505134555465,0.2903990807049752,0.7133587060192182,0.5216036113519291
2023-02-14,0.6372536752773177,0.6420558572460088,0.6377556282532585,0.6370064552016699,0.06504872789291902,0.6454123825368462,0.6331128058168436,0.6279162129753832,0.7861307499960039,0.82389098033756,0.43373356087713333,0.6479040260976525,0.6372182028058305,0.6423797372589597,0.291540128616128,0.7168732242382554,0.5027420092307476
2023-02-15,0.6331500678667743,0.6331634525192893,0.6363689739057675,0.6352275429769789,0.0564374473398059,0.6448225302598819,0.6359680398568296,0.6060187860712347,0.776589357121205,0.8149819145821147,0.4271856903017535,0.6459395353688535,0.6431559887899418,0.6443054411931605,0.2821944301442476,0.7136658825091043,0.4871262628337525
2023-02-16,0.6273745520509922,0.6304766919488897,0.632133810364204,0.6235318926258919,0.045392322271207396,0.6435564087334469,0.6377429263175619,0.47588222182760626,0.7559855373899241,0.8029178944348888,0.39441742709159056,0.6431938602826837,0.6483146950125951,0.6454447875382197,0.2776534731646284,0.7108525359271323,0.44532474496300817
2023-02-17,0.6201930634780405,0.6168919612577972,0.617404705113442,0.6149398963652201,0.058740725175499976,0.6411948258773384,0.6394172008446948,0.3962813130199891,0.7299843728382144,0.7870366827672629,0.3547709787023702,0.6433282766043806,0.6480522600150065,0.645384123214892,0.27870211066063844,0.7075630330378103,0.45790723430915414
2023-02-20,0.6201930634780405,0.6168919612577972,0.617404705113442,0.6149398963652201,0.058740725175499976,0.6411948258773384,0.6394172008446948,0.3962813130199891,0.7299843728382144,0.7870366827672629,0.3547709787023702,0.6433282766043806,0.6480522600150065,0.645384123214892,0.27870211066063844,0.7075630330378103,0.49460670735994955
2023-02-21,0.6049185022503533,0.6080751956826241,0.6108459954850674,0.603812076440948,0.11496396155627323,0.6379645102213215,0.6398461797320606,0.30863077862246363,0.6975711008330923,0.7665653482018574,0.307096642847216,0.6451831332708156,0.6448945794408372,0.6447762107270676,0.27641619380791005,0.7022679682236437,0.44659320158482746
2023-02-22,0.6058685199711278,0.6054643080479413,0.6088222238947368,0.6015412246461137,0.06081347121718748,0.6337786854956583,0.6400866427987729,0.2921734643339798,0.6691645208040877,0.7433819366715476,0.27892823189847704,0.6470528297750207,0.6415991307677127,0.6441078273261326,0.26633310405221344,0.6989045275675071,0.4846780315864509
2023-02-23,0.6102380862989637,0.6067508440456575,0.606873304170494,0.6057425354227697,0.07941922308745317,0.6304525033499414,0.6401481064344792,0.3378272165354336,0.6505497988261023,0.7203750366401876,0.28076153106510743,0.6481920279706019,0.6391030760794886,0.6434593077588746,0.26236086615637577,0.7029316615635538,0.5130258747315652
2023-02-24,0.5985351773879594,0.5997504754874966,0.6013640662508427,0.5997623124214227,0.05658229475019943,0.6266710017873764,0.6398727007848489,0.2913747737893581,0.6298625886276396,0.697012768342582,0.27707057410065306,0.6499430667752066,0.6354233474517877,0.6425400350422746,0.2618690040442202,0.6997191529235327,0.468520131972816
2023-02-27,0.6070842986853906,0.6042911850204018,0.6084098767426512,0.6027901931332725,0.05333648869476163,0.624027801761076,0.6395039553312588,0.32554566028745874,0.6165962189246382,0.6751442720709141,0.29258531974941093,0.649177267566083,0.6320282277946296,0.6404685632672992,0.25157138272465274,0.7028158790960322,0.5079098011016422
2023-02-28,0.6043105326627719,0.6055398920626616,0.6090095174208829,0.6012383073490118,0.07639170819979149,0.6205781291568304,0.6391545921231941,0.31260199957505047,0.6048166254343162,0.6548270316634868,0.3086971090666122,0.6492233513728918,0.6285478838080433,0.6387720232417491,0.2430748829147605,0.698896740814506,0.4878131994440793
2023-03-01,0.6022587953118826,0.59986389998432,0.5975036356999883,0.595258084347665,0.06430000958849055,0.6163219959512145,0.6386073663878528,0.2640177525486657,0.5900057486480306,0.6350244868851553,0.3140428858205562,0.6488951400390388,0.6243975955903488,0.6365520819270327,0.245026351958097,0.6954089304305289,0.4683789856556409
2023-03-02,0.5962934258830318,0.5973287326382648,0.599977355885826,0.5979076855572194,0.07953142882789885,0.6125173376820674,0.6386111458752294,0.2975693340431967,0.5814276413871455,0.6171270981203124,0.333830383817058,0.6472777502410598,0.6215916356787491,0.6343343587857406,0.23850175323890385,0.6994400669631649,0.5063112598008933
2023-03-03,0.6050705326768377,0.6140540414769162,0.6105087137780473,0.6157348707105715,0.09006040749044722,0.6117224524398442,0.6391045861317419,0.484165181313378,0.5926723510448944,0.6055034699351842,0.3989914646013739,0.6455608499863246,0.6212716649248509,0.6332942560582007,0.2478000296598781,0.7038467869746688,0.5731062300047017
2023-03-06,0.6192432735582787,0.6269197456530765,0.624713128900131,0.627014119913868,0.08357695579705857,0.6129533867907233,0.6394792684711684,0.5729745039133618,0.6129165254968532,0.6010551623092888,0.4735164064879464,0.6441021559182687,0.6216332610444948,0.6327236656981585,0.24872439119886422,0.7080222331446998,0.54322790967326
2023-03-07,0.6299582470579516,0.6267683114256215,0.6224268408063255,0.6134637839595247,0.05601922594359928,0.6139373522011188,0.6394048402443436,0.4512882136286139,0.615700536289419,0.5981635776709124,0.4896849789190515,0.6421562908739957,0.6213620123997358,0.6315900279765311,0.25315562766895616,0.7048298099610182,0.43696323581304436
2023-03-08,0.6117579682831383,0.6099293990367008,0.6153059559321405,0.6097545889701715,0.05210426565423087,0.6147746824229781,0.6392405264751377,0.4215105988536412,0.6143966476266417,0.5955378923932811,0.49244668611298426,0.6385372929576758,0.6217043292545652,0.6299001847797392,0.2427907720774182,0.7017770389176093,0.4785745759040827
2023-03-09,0.6096300881145701,0.6153783913080183,0.6096092401672693,0.6015032792177778,0.06988989556705721,0.6143425017478504,0.6386612447883381,0.3587483696130363,0.6054632103859503,0.5912968525734386,0.4756691495011021,0.6355008754304297,0.621022685298402,0.6280034984221345,0.2502157176459946,0.698089829438089,0.4587850437253689
2023-03-10,0.6006250719097385,0.5955123901700634,0.5939433433346617,0.5868555802724598,0.10196441649954813,0.6130266954025608,0.6376029075214601,0.2642579646149033,0.5843991191183163,0.5828569700518947,0.4320587622365924,0.6334307725747732,0.6179696547069635,0.6254311032516318,0.2559818229897709,0.693258476681149,0.4303861041212683
2023-03-13,0.5839064100235707,0.5907065356293733,0.582774586477222,0.5805344945456752,0.1054713559145686,0.6107577872790771,0.6354528882532707,0.22877193196056306,0.5622134188826118,0.5707892708337913,0.3943792152039011,0.6329662406838514,0.6134370513428,0.6229521705463851,0.26647627152819553,0.6883020264624432,0.46639665867392505
2023-03-14,0.5967113025444527,0.5983502907462728,0.5960420122190931,0.5963936277231884,0.12943850207376612,0.6102638853278336,0.6341522517069467,0.3675426819289704,0.5610913582776303,0.560866260709882,0.41665457263081374,0.629140710097484,0.6133864249348288,0.6209620156794551,0.2765345389478828,0.6941134184966385,0.5659347466276378
2023-03-15,0.5830705787625751,0.5871496369444473,0.5871596641056986,0.5877260343011108,0.1373255455749116,0.6094960132491454,0.6324093363561604,0.31487340599196284,0.5525007716498208,0.5508695095563356,0.41588867710001676,0.6245072831347709,0.6130722956226548,0.6184266132349586,0.28330431830625813,0.6880206845269067,0.4563703470121357
2023-03-16,0.5859582236578611,0.5896848536362699,0.5687576189022808,0.5918137437489717,0.24550003978203527,0.6088747524058451,0.630717360253463,0.3485034776523918,0.5506298137173354,0.5424238187282465,0.4319984354952041,0.6190119053639507,0.6142646515476186,0.6161930395219893,0.3135977237011802,0.6979721548623615,0.5128301458364319
2023-03-17,0.5848183764846381,0.5937716774486665,0.5916570624281078,0.5915867173085414,0.35008803050364057,0.6064129136455229,0.6291916634150104,0.34700965886770213,0.5498255550885208,0.535474562094056,0.44754083118564847,0.6158586702430522,0.614216602174443,0.614549509006028,0.31019842126660924,0.6842898837852585,0.49359962632832133
2023-03-20,0.592911677285497,0.6009234980684083,0.5990403411026682,0.5944632862194731,0.16680913395529315,0.603094444413713,0.6276908372599251,0.3726300958239302,0.552901134796847,0.5306520794679149,0.46963011737814114,0.6140796244276796,0.6139341332782002,0.6134960186650409,0.30654046102480326,0.6914343388238917,0.5073705831690474
2023-03-21,0.6094022146734611,0.6083401886531296,0.6059363979317484,0.608846248252238,0.14954985097037565,0.6026236991690512,0.6267742762204787,0.488065856427265,0.5702332817982724,0.5309469534619182,0.5227804542280261,0.6146146744900132,0.6139020680251824,0.6137550191216748,0.30721809328449323,0.6979631309616873,0.5582042705626966
2023-03-22,0.61380973598609,0.6173839207762236,0.6105836590546927,0.6016168218075196,0.1032231608969115,0.6017940758728115,0.6253648667950705,0.4321205428012707,0.57740329138613,0.5329008190865039,0.5400112181832858,0.6146192256794747,0.6139052069553141,0.6137589084802543,0.31173352032688983,0.6930868770215538,0.46318744132961026
2023-03-23,0.6059824386391451,0.6187083492735929,0.6118579099772591,0.6112685293260964,0.09765571606643397,0.6027896166423544,0.6244328807606443,0.5027527771456499,0.5930375049678752,0.5382099392245074,0.5748598560333931,0.6152995086522857,0.613773395615154,0.6140432124329139,0.31736815622448444,0.6977645323734619,0.5369173787126379
2023-03-24,0.6068563960051321,0.6038750069392699,0.6043247973092306,0.6054018489144911,0.06427552833602967,0.604680358441206,0.6233512060177313,0.45673414553462116,0.5999499480315446,0.544113487670823,0.5810337593129726,0.6156680828834395,0.6139773612624406,0.6143333579785295,0.31714686849757934,0.6942775952701952,0.4691832753260613
2023-03-27,0.6141518014335942,0.6142811556757222,0.6160931147036585,0.6083163632537588,0.11363381350589896,0.6075126446239664,0.6226496172105742,0.4786884494592231,0.6085372645188445,0.5508938859419731,0.5901409736457129,0.6161642648964509,0.6140369040078988,0.6146176709972933,0.308793031045148,0.6995252118324297,0.507325406679632
2023-03-28,0.6150256944925984,0.6114430615120539,0.6058239082363936,0.6027145372328135,0.09746598635986217,0.608157044208987,0.6215367026107513,0.43338909012240273,0.6100109944027629,0.5566713168435459,0.5797238662405672,0.616246284624741,0.614105323080345,0.6146936207718209,0.31131558897787637,0.6948543244060272,0.47024566708341986
2023-03-29,0.6130117262345358,0.6122754582291606,0.6143314572469504,0.6139558410077742,0.05798180634921283,0.6108311018792018,0.6207439919991746,0.5184384207592121,0.6223651454159994,0.5642533715122456,0.5984672074281903,0.6176408155273663,0.6146022551734655,0.6156555918158242,0.30450623449011327,0.6981167555933265,0.5438209053941155
2023-03-30,0.6192051994961106,0.6148864565097395,0.6154183741931715,0.6103979578193389,0.07636110663421541,0.6127257121115812,0.619890102576969,0.488359639372622,0.6286312444928576,0.5718204006673114,0.5983111481244784,0.6184317736366389,0.6150803369611931,0.6162981972612954,0.2969924494985653,0.6941987089126883,0.47923753887639603
2023-03-31,0.6179894702050842,0.6209410036096332,0.6232139867424478,0.6221315535987619,0.16051745207284807,0.6158396753474051,0.6198419449184671,0.5701598652260742,0.645009306018998,0.5817982809307033,0.6233509407388986,0.6196267977887209,0.6145041869339751,0.6166272968333975,0.29283624116140516,0.7011187308087466,0.5455071861342021
2023-04-03,0.6241828016919957,0.633503937089427,0.62632463609891,0.6355302840569212,0.0975292295953861,0.6200263444215629,0.6205500483417596,0.6484679818070884,0.6707515004799497,0.5959485302969515,0.6666863655959244,0.621982773794288,0.6129420806486836,0.6170654404813504,0.2987551142729712,0.7057918742103177,0.5519313661825512
2023-04-04,0.6385075768222328,0.6368717596917347,0.6364813783564875,0.6304584605125615,0.07372529178592777,0.6222296508588286,0.621466417477785,0.6025876148585543,0.6854749458388045,0.6107965332805065,0.6739334352357648,0.6251102305579914,0.6114607114791275,0.6179397906530533,0.29284309358074057,0.7019678507528334,0.47324302875517266
2023-04-05,0.630072229357635,0.6308928880711755,0.6354318902241569,0.6323886845381704,0.06472639140218414,0.6253667588246603,0.6225272616093527,0.6141939896531252,0.6982448330437812,0.6257346578694393,0.6748694641348304,0.6287333774341195,0.6100511844585395,0.6191042803263023,0.2792047163334057,0.7054708707758502,0.5027851072613881
2023-04-06,0.6277164963927208,0.6243086920016423,0.6284234047490421,0.6241374922638829,0.05394647990191178,0.6266787147012833,0.6231598641666981,0.5389002061454498,0.6993824383803335,0.6379577328773596,0.6466701787407083,0.6308337387780203,0.6102242974896652,0.6202687760436207,0.2763815209921773,0.7023523853589831,0.45972436979057024
2023-04-07,0.6277164963927208,0.6243086920016423,0.6284234047490421,0.6241374922638829,0.05394647990191178,0.6266787147012833,0.6231598641666981,0.5389002061454498,0.6993824383803335,0.6379577328773596,0.6466701787407083,0.6308337387780203,0.6102242974896652,0.6202687760436207,0.2763815209921773,0.7023523853589831,0.49460670735994955
2023-04-10,0.6254366445675262,0.6233626521410609,0.6270742011936966,0.6258028031597793,0.0675539760614153,0.6287585366683073,0.6240553966312703,0.5504900613748034,0.7010906060676241,0.6481454775166609,0.6255306524729741,0.6324144846114521,0.6126354806900607,0.6222725512206654,0.26542327029307755,0.705956269304052,0.5017148066186247
2023-04-11,0.6309081980001469,0.6334282205333256,0.6341201570357127,0.6334485132741818,0.058599957973849946,0.631320691215715,0.6251097362468826,0.602382031518816,0.7090744345174548,0.6582086343039126,0.6242366472285937,0.6339789559011793,0.6165173934642705,0.6249948967278819,0.26013701394582567,0.7092407508292892,0.5271777217520163
2023-04-12,0.6420412224933334,0.6426991307951707,0.6383552937541536,0.63102617346127,0.05573769154029921,0.634206985760684,0.6261341409488479,0.5783425851905808,0.7120387753829419,0.6669694290896686,0.6107099411148337,0.6360431106678368,0.6179770524124997,0.6267766883505761,0.263502285193004,0.7060583703737772,0.4843786936096084
2023-04-13,0.6402554393396888,0.6474291737505506,0.6438646459160863,0.6494969036809489,0.12188807579395763,0.637830300728714,0.6279994139208921,0.6900274722235797,0.7314675766994122,0.6786332927831529,0.6408620492827097,0.6407044021515313,0.619562363427589,0.6299547053066473,0.27145370587519235,0.7116004280822043,0.5728160535606555
2023-04-14,0.6536682606137119,0.6555648977385244,0.6567572906454655,0.6545309580141325,0.16607265627709514,0.6423295404295732,0.6299466882347664,0.7156918625038877,0.750435033487048,0.6925090713862126,0.6638356333523507,0.645905334760551,0.6206853323797209,0.6331814102627749,0.2645457377040715,0.7187186119261326,0.5154750299717221
2023-04-17,0.6575818861199264,0.6520078785524148,0.6518850502996029,0.6524870151816222,0.06577500504925832,0.6454241974274814,0.6312105944663025,0.6938861495931985,0.7619034616766152,0.7063575810582168,0.6635524103959054,0.6493641840874569,0.6234297204999392,0.6363146376434732,0.2603877410734766,0.7151781863793534,0.4861818391039675
2023-04-18,0.6565558944683284,0.6530673357841256,0.6546958744028543,0.6529411855405891,0.06437141324150145,0.6471991916231469,0.6321022262413374,0.6964823178170187,0.7698087400116294,0.7193305289121015,0.6544585736711481,0.6522305590632724,0.6265377164821417,0.6393232363156911,0.2535806945941632,0.7186685438320692,0.4964830687026444
2023-04-19,0.6575058837632611,0.652045705146396,0.6552956169520815,0.649042733321982,0.0447394888722507,0.6490938078438133,0.6333257862936263,0.6514695342242802,0.7705759509815947,0.7298927143818403,0.6294197025715682,0.654851008146976,0.6279983750126082,0.6413912841254215,0.2445645035027997,0.7158784847357081,0.4785088985431839
2023-04-20,0.6516544621432268,0.6543539974359409,0.6539838759360068,0.656726271386614,0.0670133484029043,0.6515749588303386,0.6349411424304267,0.6996101606986258,0.7770676979960657,0.7398979144348224,0.6236346919267044,0.6577501838102475,0.630721656554545,0.6442265811992762,0.24220981373989384,0.7194630837317555,0.5264747143505228
2023-04-21,0.6613055563111023,0.6577596404711694,0.6610298383817704,0.6546445006038742,0.1046695948964749,0.6546850656092091,0.6367686690095694,0.6746786867764929,0.778421212399978,0.7482263825941102,0.6062196724992936,0.6603591139173435,0.6325252421151536,0.6464582087219386,0.2338805340294772,0.7145352334563155,0.4860471316444989
2023-04-24,0.6583797750137397,0.6561702705807154,0.6540212893584271,0.6497618168106619,0.1526650903460221,0.6571276220847643,0.6389320144553231,0.6168253842920581,0.772994668021443,0.7535889327695858,0.5754147957611351,0.6610860545704682,0.6363872004167368,0.6487404613688603,0.2352350322598283,0.7078953163481205,0.47448349518308675
2023-04-25,0.653782209087178,0.6556783771684666,0.64622574050685,0.6377634253796322,0.09049086951288429,0.6575675156737992,0.6409001173605067,0.49189912381687156,0.7553596534905997,0.753653544397712,0.520388883106709,0.6603596435856947,0.6402073271909758,0.6502554677736927,0.24871579154662235,0.7034732411507918,0.4448831652958561
2023-04-26,0.6469428524467639,0.6471643522955927,0.6360691349838808,0.6323130873767646,0.1379008550077422,0.6576987130579476,0.6421353875615513,0.44219504820033056,0.7347637693304513,0.7487703675557498,0.46899972980596294,0.6580050772481436,0.6457353609376221,0.6517782680058569,0.2641169467619562,0.6973599850843655,0.4717076371181225
2023-04-27,0.6372536432950122,0.6352824351517357,0.635656808611284,0.6355681120071509,0.11194664719047026,0.6562787105154706,0.6437806765919625,0.4713713397302956,0.720595615525886,0.7414690729365497,0.4438844634794089,0.6569406364421542,0.6490912714300763,0.6528901863645395,0.2594254648317976,0.7025474180509742,0.5083686952108526
2023-04-28,0.6371776040461125,0.6501914957233407,0.6410911541196906,0.6496482154818669,0.20374522360563968,0.6557809281541247,0.6457696040483833,0.5824862515306424,0.7222105077434712,0.7360149726536027,0.46306995483495966,0.6558051216597203,0.6543570017591589,0.6549095522182827,0.27067686899155663,0.7110094353614356,0.5539127292257175
2023-05-01,0.6532122517129371,0.6540512404750869,0.6540213069612651,0.6488155894034455,0.05977913830071547,0.6554066362513078,0.647737704933531,0.5739481714927797,0.7215897897342598,0.7315029656105134,0.47285480603046204,0.6557480127471409,0.6571939185641409,0.6562824051357677,0.26589289714182807,0.7076828908153138,0.4911557066727338
2023-05-02,0.6497165543516296,0.6456506707835108,0.6341577174343989,0.6278846326815721,0.07350700061815163,0.6528521886295198,0.6488870650230639,0.3917368192814132,0.6995708686351404,0.7226175278037138,0.4274310969682837,0.6560733392622304,0.656059965142525,0.6558890480411531,0.28163408873505047,0.7038666541108306,0.4077717060242788
2023-05-03,0.6308323066238434,0.6316498399044361,0.633070878826487,0.6240997230527068,0.05003151961254338,0.6503093163668789,0.6494116320144698,0.36457737603931334,0.6778046564762438,0.7102938955805291,0.3917210214447403,0.656557653490004,0.6548947320702527,0.6555619007034273,0.2739989512856488,0.7008878208342363,0.47852192087238843
2023-05-04,0.6227010029273241,0.6217734850090134,0.6239260780726207,0.622661438597241,0.08176330301058202,0.646836499032626,0.6501353563762353,0.35405243936373926,0.6587791985312128,0.6958764048164673,0.3699736047559067,0.6571931534822162,0.6532217410802547,0.6550614487453037,0.2658436024159613,0.6967770702101681,0.4884673611637798
2023-05-05,0.6359997274668905,0.6455371054263975,0.6382053005180633,0.6460525043432024,0.09377543755138515,0.6459605683115099,0.6513315772611514,0.5361660988152814,0.6663979632652157,0.6861679023786966,0.4188825111196581,0.6571361958682138,0.6555620889679152,0.6561889426705115,0.2843461508970029,0.7013163105694765,0.5946201211398222
2023-05-08,0.6470567807251847,0.6497374085354874,0.6530468477237442,0.6477557606674342,0.02647035422332207,0.6457560563272366,0.6527881282669477,0.5472280191058092,0.6735969598713599,0.6801260122773489,0.4569650008198427,0.6571373580345654,0.6578459828606464,0.6573183888300959,0.27306977937495835,0.7034546839356957,0.5016951600900095
2023-05-09,0.6464107721910262,0.6521591122126064,0.6514352264865721,0.6516542128860412,0.05531130972660562,0.6471721844478987,0.6542785168959642,0.5730060227181766,0.6825316738712371,0.6774332977112311,0.4917505006550764,0.657923623472042,0.6589238653511514,0.6582550442899348,0.26930575504624665,0.706621854752168,0.5107994823851564
2023-05-10,0.6586457684961972,0.654883703307355,0.6442393812785228,0.6441222215785402,0.07352740166186902,0.6483760936586682,0.6557025271416596,0.5063562439040317,0.6815468725552161,0.6750431632496674,0.4948931845981551,0.6577665177014163,0.6604503236652569,0.65892881597863,0.2823586563747168,0.7028048903137596,0.46345965407663225
2023-05-11,0.6468663301263778,0.6441422855637652,0.6435462142972669,0.6448427735435488,0.0444151122771441,0.6493216202535611,0.6567647287374265,0.5117422163340182,0.680871580662238,0.6729692527165634,0.49817757721825456,0.6574020898745929,0.6603446204413235,0.6586893680861051,0.2778455649570819,0.7055833784407077,0.4976120457145006
2023-05-12,0.6516251707747812,0.6487298618956446,0.6493667275622801,0.6462459907842831,0.036554590132831195,0.6489747726709575,0.6579975425746818,0.5227746252318997,0.6811140414034548,0.6713682189702546,0.5030890114551647,0.656458010311576,0.6604634111828992,0.6582631191664883,0.2715194311514567,0.7080814706862225,0.5004545494111787
2023-05-15,0.6485413727363496,0.6491089440606519,0.6521078977595892,0.6516689563883823,0.02452817486142591,0.6492656656980139,0.6590133338430961,0.5651821313038932,0.6860036025040391,0.6712589527252945,0.5185829375353366,0.6563481929640127,0.6604923916980607,0.6582210312900817,0.261688580820881,0.7101505637827493,0.5171705214795597
2023-05-16,0.6537570262468794,0.6501326287193883,0.6486531467385627,0.6427948364554241,0.05403828459864007,0.6507857205429399,0.6592631617967554,0.47862520976009265,0.680497516658199,0.6698522568853433,0.5051074608133652,0.6553827580313345,0.6604396242347336,0.6576990171148143,0.2600336151124062,0.7070288035632182,0.45791016066039936
2023-05-17,0.6544042497765897,0.6531278444546655,0.6521079144980939,0.6510621819693281,0.06832717561830465,0.6535344701193341,0.6599717237682222,0.5441592714589609,0.6836717152942273,0.6694874524316284,0.5159288442443065,0.6556253181424725,0.6603977381185473,0.6578029146656762,0.25818287035640386,0.7106602686240574,0.5291412110990655
2023-05-18,0.6531478817423843,0.6541135611986216,0.6542858858618761,0.654664941794371,0.10161759875635237,0.6567971404910636,0.6607378042450661,0.5710343232244934,0.6890491342171061,0.6704840625412818,0.5300688872404361,0.6552570356873362,0.6605659277816567,0.6576968624041172,0.25395205970709045,0.7154792499042666,0.5095152017753857
2023-05-19,0.6592392602713684,0.6548339836394588,0.6573276003860349,0.6535651705022167,0.07667732281183506,0.6575630364349775,0.6617498220862122,0.5594034559220735,0.6914929365307241,0.671866896615157,0.5340803203535933,0.6550798359988168,0.6606377426737712,0.6576413325176399,0.2461296385281357,0.7115499233477857,0.49007427778942514
2023-05-22,0.6566122835608287,0.6530519272678972,0.6544735545837039,0.6458665952399778,0.047879209500358046,0.657370441142222,0.662439815886666,0.48063291629781163,0.6851576415360272,0.671455198802138,0.5154417963349965,0.6546894377498091,0.6606380258835741,0.657440929312641,0.24068732730074158,0.7086478660003146,0.4628395376186484
2023-05-23,0.6412318609062971,0.6364457076726743,0.6262349037845913,0.6204579017573183,0.14069171778828204,0.6541900618131216,0.6619930687625474,0.28739844620713156,0.6546979853325714,0.663827570421554,0.44049506722846793,0.6561367365818944,0.657332504785028,0.6565505865336326,0.266595862134967,0.7024350559329018,0.3888407719534239
2023-05-24,0.6156482681714177,0.6122185250830858,0.6126035725169527,0.6116216097745895,0.10383927241717686,0.6508767125668632,0.6613257458262449,0.23708327054889794,0.6218903940826929,0.6498646218276114,0.37469461039370355,0.6586320474623573,0.6525853401682961,0.6554860415899388,0.2713733535255949,0.6975368244282231,0.4567275350756689
2023-05-25,0.6152676368479976,0.6182469490366089,0.6143310674358424,0.6159070936144114,0.10581409344902087,0.6479267984587378,0.6601705922734322,0.2775677083019204,0.6004486339264876,0.6335567211285769,0.3503392637696555,0.6599019452524513,0.649219006179109,0.6544745121999032,0.2736112796300798,0.7025055005768747,0.5131701978453949
2023-05-26,0.6204833158245747,0.6240098608283755,0.6250331935746392,0.6220885566118551,0.06990213619328764,0.6454640135490389,0.6590548981040583,0.3341855091847253,0.5900101154515776,0.6180092847629269,0.3582376649329848,0.6592301331910926,0.6470485110819024,0.6530566098120663,0.26733651582335116,0.7061931466967502,0.5212475817458202
2023-05-29,0.6204833158245747,0.6240098608283755,0.6250331935746392,0.6220885566118551,0.06990213619328764,0.6454640135490389,0.6590548981040583,0.3341855091847253,0.5900101154515776,0.6180092847629269,0.3582376649329848,0.6592301331910926,0.6470485110819024,0.6530566098120663,0.26733651582335116,0.7061931466967502,0.49460670735994955
2023-05-30,0.6250137655187545,0.6212042847087932,0.6115522691514724,0.6093084071224333,0.10761754571363871,0.6411454704142796,0.6575699857926676,0.2565255867389116,0.5697691700469735,0.6007215144424171,0.3401620562157844,0.6596174254757157,0.6425336633334585,0.6510240255788154,0.27940901198990153,0.7011601388690986,0.4399258085559684
2023-05-31,0.6057880183939598,0.6062660303457061,0.5979960480025763,0.6069949695140643,0.38394152244828844,0.6374957710528698,0.655989895444547,0.24348991592578179,0.5523141016358533,0.5827089855704624,0.3326345055673723,0.6610753388329775,0.6388440344945425,0.6499492842902522,0.2892376475859665,0.6862702661162863,0.48455797852622173
2023-06-01,0.6163336838035494,0.6259056833552322,0.6216160999868156,0.6277393122640755,0.10940467714328267,0.6351180677276331,0.6552572708041172,0.41725034304437386,0.5597883318388912,0.5700898215250322,0.3886515429877616,0.6610366555403522,0.6392630858484847,0.6501365356005055,0.2994948135624279,0.6913670234357978,0.5849612482335826
2023-06-02,0.6394806421267721,0.6394030600030124,0.640354339890828,0.6364237637944078,0.08683092226998335,0.6332584290924707,0.6545590675773145,0.4767070047901995,0.5749157761143285,0.563619093730164,0.4525109692647973,0.6611540020475608,0.6405736598225973,0.6508445862281019,0.2970234956352097,0.6956585431669204,0.5315193934356115
2023-06-05,0.6360541989081437,0.6320476141004917,0.6324308488695383,0.6287631339605049,0.06565055868258221,0.6307299287190974,0.6536690073902962,0.4238810210660448,0.5798834281194136,0.559632783177036,0.47831484088757326,0.6601464923836537,0.6398210974713282,0.6499550745086191,0.2929075501579267,0.6921225567970858,0.46237161445498487
2023-06-06,0.6314096340623876,0.6355357664059591,0.6356228195203293,0.6342621078993821,0.08934025064722312,0.6295468827009141,0.6531359724079323,0.462328463369508,0.589703014305083,0.5587965515907318,0.5110324665326843,0.6589829961332583,0.6396257510785607,0.6492608466674581,0.2866360804529251,0.6965035878010253,0.5179519063301421
2023-06-07,0.6325897678699997,0.629090335674566,0.6163212555945223,0.6230746090971081,0.14028369691393414,0.6298136489188632,0.6526308240226999,0.38684325402344916,0.5868947223028496,0.5574546869726967,0.5057808165200328,0.6569816135178086,0.638730908960739,0.647790469670163,0.30662506564225456,0.6903053324121192,0.44741335882923594
2023-06-08,0.625318287524112,0.6199530626775805,0.6215409584449156,0.6146555993479673,0.09399372871916128,0.6301229559290433,0.6520235830174722,0.33559652816265867,0.5769320434693332,0.5539940927823821,0.48377508214983483,0.6561640457485634,0.6365134000532886,0.6462744569277962,0.2979292526764341,0.6857583052998096,0.4586268726374348
2023-06-09,0.6197980674960598,0.6201047116221834,0.6228552475788852,0.6165897001510843,0.09678459149970114,0.6301925458145329,0.6513709154424293,0.35105400369755807,0.5716016973523914,0.5499484426127625,0.47769852257341405,0.6548716945014983,0.6349156519375069,0.6448208794210553,0.28709123882214194,0.6904048864131057,0.5029546291790277
2023-06-12,0.6227294647683727,0.6249197541394278,0.6261222144150831,0.6264877005195248,0.14240336535617162,0.6306410266074047,0.650574425343476,0.4273191306623139,0.5777491445289875,0.5481848783701361,0.5014009230007355,0.6530937856560921,0.6347067719086661,0.6438043455416587,0.2799790576016299,0.6966787533568547,0.5372307719842456
2023-06-13,0.6273360052800476,0.6275737483855317,0.6223670747246733,0.6159828669929769,0.10665257634580586,0.6313214696930504,0.6494453080348088,0.3586777287995451,0.5728676108381596,0.5456043896273001,0.49291611031519106,0.6501108223979029,0.6340923644652618,0.6419683507056935,0.2836119651051968,0.6916801673438716,0.44989145320588547
2023-06-14,0.6201787519065214,0.6212042065697604,0.622179301515391,0.6161345899672669,0.15341176854607882,0.6322532292156826,0.6490412240712425,0.35989610956223256,0.5698215878208956,0.5428101578674556,0.4906961138997379,0.6483704748291852,0.6331260166771976,0.6405967217122368,0.27674840563965686,0.698346719513734,0.4952605446778008
2023-06-15,0.6136305732831024,0.6274220973541822,0.6176355178079548,0.6264877005195248,0.22223060931797273,0.6321256307921381,0.6491233466152333,0.44080348603071,0.578224075551148,0.5425880461751859,0.5174108922819594,0.6448774140265321,0.6341983691220425,0.6393324021467488,0.2882742546660714,0.7074681365339459,0.5392145725441028
2023-06-16,0.6304958863660642,0.6376210219631482,0.6353223700718456,0.6368788152391719,0.24456771208415023,0.6321720220530352,0.6496122821914415,0.5125683652908468,0.5955376028304875,0.5465587555474309,0.560958737091721,0.6410449381659562,0.6363300804730878,0.6384173330803307,0.2862904115001008,0.7173863494290127,0.5388379019294596
2023-06-19,0.6304958863660642,0.6376210219631482,0.6353223700718456,0.6368788152391719,0.24456771208415023,0.6321720220530352,0.6496122821914415,0.5125683652908468,0.5955376028304875,0.5465587555474309,0.560958737091721,0.6410449381659562,0.6363300804730878,0.6384173330803307,0.2862904115001008,0.7173863494290127,0.49460670735994955
2023-06-20,0.6325897554770498,0.6367489837895861,0.6356978218809124,0.6276254172400151,0.2177076979258259,0.6320560349183615,0.6489785746743978,0.4443979591164405,0.6004254572246674,0.5509064748628107,0.5648744707332839,0.6357468699651834,0.6391362610508613,0.6370827723637466,0.2823758256868337,0.7084262710200486,0.455689830547575
2023-06-21,0.6292394617347394,0.6331849957231789,0.6311915884104119,0.6305833984786146,0.10998610688922847,0.6316810004679324,0.6483880171465849,0.4654513548846086,0.60746364396666,0.5560710313998692,0.5733583769189182,0.6324309406990378,0.6409916586632451,0.6362964752152973,0.28037371901449626,0.7135437687564322,0.5071810780112029
2023-06-22,0.6301532029259437,0.6343223958499402,0.6331443106152425,0.6349067102686656,0.0945506772126462,0.6328872510989949,0.6478120705392394,0.49634416179865043,0.6174414844980224,0.5625934119361531,0.5874611272837448,0.6339604245481434,0.640906057870177,0.6370398443617106,0.2771328309867199,0.7181106630049036,0.5129220150125189
2023-06-23,0.6334272767209513,0.6383033783414147,0.6364863927193257,0.6393058541763359,0.07718734890476997,0.6354002777382574,0.6476464356664823,0.5273849260650798,0.629682919616683,0.5707444190791491,0.6043765113726103,0.6358451943302035,0.6418288967538328,0.6384641564850151,0.2751283203964332,0.7220581829095181,0.5131502465527297
2023-06-26,0.6418789859248745,0.6387583994157326,0.6357729157759405,0.626980697392625,0.07190347858196425,0.6364596117312854,0.6470321588758282,0.4293756760401553,0.6272039845901926,0.5766712608519433,0.5812756904974882,0.6359958305933473,0.6428250014901647,0.6390338764990815,0.2752139913153471,0.7182991460915666,0.4429154978733166
2023-06-27,0.634417111228432,0.6331091857003553,0.6369745990693391,0.6309247311164774,0.06095015821009404,0.6369119549693978,0.6465052607628656,0.459387406738016,0.6291295415818643,0.5818741063546956,0.5737560571228444,0.6365570613640303,0.6431614803256825,0.6394884841917436,0.265307655841612,0.721667462565003,0.5113853798911923
2023-06-28,0.6344933495727996,0.6310239803212109,0.635097098580784,0.6332761141531822,0.07514928463740206,0.6386749546258125,0.6458727309268163,0.47747080144080695,0.6329265484853307,0.5869461626271137,0.5723976425810019,0.63644613906339,0.6457715803358272,0.6407215861394188,0.25441317628696203,0.725542281850476,0.5045641787604417
2023-06-29,0.6394044590201505,0.6561989459082628,0.6447854330275123,0.6573955441582213,0.11175691748389849,0.642881397024287,0.6463748492580321,0.6314929128074709,0.6594330307687172,0.5973548795879658,0.6278257345234799,0.6413247289889454,0.6459475100338977,0.6433146187844659,0.2738147249909768,0.7307229468915791,0.5964681620989911
2023-06-30,0.6678813268053915,0.6697721455758384,0.6723857731821207,0.6693793095650159,0.10687086751358199,0.6472540802635733,0.6470047752676632,0.690026653667223,0.691562560439019,0.6133802324529486,0.6861617295355461,0.6501388904359884,0.6411213126375636,0.6454569330954305,0.27437085768152736,0.7357293196575633,0.543843007844295
2023-07-03,0.6706605207899995,0.6702271462680621,0.6703580614491697,0.6712376369895677,0.029510109737214164,0.6507568689752359,0.6475747102478401,0.6986687237056866,0.7178300125038563,0.6324943139762831,0.7182421532416141,0.6571501326178013,0.637458348494017,0.647248053739053,0.2687953602466452,0.7379761253786581,0.5021402060031166
2023-07-04,0.6706605207899995,0.6702271462680621,0.6703580614491697,0.6712376369895677,0.029510109737214164,0.6507568689752359,0.6475747102478401,0.6986687237056866,0.7178300125038563,0.6324943139762831,0.7182421532416141,0.6571501326178013,0.637458348494017,0.647248053739053,0.2687953602466452,0.7379761253786581,0.49460670735994955
2023-07-05,0.6608001840675799,0.6762933797125769,0.6650257000615587,0.6768502709962929,0.12159634086879886,0.6557752093398539,0.6483754848431726,0.7248966278824704,0.7428765811459199,0.6537868492868584,0.7408682004762306,0.6648271613535486,0.6344850589233039,0.6497220635498736,0.2825849221300778,0.7435077764919528,0.5173129877813004
2023-07-06,0.6754954307456836,0.6747767987409623,0.675164579055467,0.6746886151012672,0.09794337078284926,0.6602716165808699,0.6493666740930092,0.7032039224287843,0.7590788733657672,0.6747030193611663,0.7369591629455152,0.6706453678114519,0.6326462380896021,0.6518019456472474,0.2759203570733715,0.7388198600916973,0.48591563765863494
2023-07-07,0.669632524986884,0.6703787638386524,0.6730617111342738,0.6654731625304461,0.08341170734294767,0.6633877835063814,0.6509147488903916,0.6141786010698798,0.7612694898461471,0.6919608369464783,0.6989624623950135,0.6739596823852174,0.6336149788052989,0.6539832865135299,0.2687269265084189,0.7346503085664616,0.45746700698744697
2023-07-10,0.6706984474546684,0.6728810547439388,0.6744510504729898,0.67195807147647,0.06565055868258221,0.6667165885218892,0.6529897197807003,0.651149245222556,0.7678103832082639,0.7073343183770623,0.6793912054363022,0.6774552016347175,0.635946755257073,0.6569314112506024,0.26141926450815345,0.7381862949362963,0.5210104864547985
2023-07-11,0.6775512326702304,0.6789473234115656,0.6805344395763216,0.6810218598120541,0.04520055246026387,0.6722259384950359,0.6552290165604314,0.6988984695622062,0.7802069044016458,0.7226033655540142,0.678306521258271,0.6821080790399039,0.6378178269402398,0.6602463475300275,0.2541939915897472,0.7409928008193701,0.5312456112444036
2023-07-12,0.6879825891817523,0.6912693672820188,0.6922129554665106,0.6873171590945052,0.09129671073972145,0.6779749936162988,0.6574722281699517,0.7296092277954038,0.794342650703118,0.7382055914582317,0.6817670112924574,0.6877874946014999,0.6382470114885191,0.6633759303369521,0.2526346272284177,0.7454436215067498,0.5198016014161099
2023-07-13,0.6965104721960101,0.6924827323359023,0.6994229396711527,0.6914888066493197,0.0852498413818851,0.6839096197694381,0.6602984120720635,0.7493658957109959,0.8076032727488074,0.7538646766507393,0.682357568204939,0.6925812393042661,0.641124359116118,0.6672605956965475,0.24277114111129258,0.7496787418586586,0.5111879496263637
2023-07-14,0.70008906871198,0.6942646416746605,0.6949542919890982,0.6909199189195478,0.06732956458052394,0.6873273388732126,0.6631845910437021,0.7429686331568182,0.8153914692427903,0.7682580315872177,0.6692113299294548,0.6960596834537602,0.6452936868901322,0.6711081867352011,0.23813393612686315,0.7460828629867685,0.4923557456446135
2023-07-17,0.6939216789126571,0.6966532323007458,0.6988596744715554,0.6940676272998267,0.05482168467738809,0.6898442459225772,0.66546562176742,0.7591013407599632,0.8224377788000639,0.7814610428840985,0.656848078722242,0.7001174758182882,0.6481108829285329,0.6745850708288538,0.23125297716840584,0.7492325681890326,0.507069170076344
2023-07-18,0.6938835950681211,0.6883500050211656,0.6788821658780041,0.6818561893230171,0.12308153685142534,0.6909267785401975,0.6670280428605523,0.6234604935512098,0.813803155336277,0.7899545574439345,0.6079338918582639,0.7021098024987364,0.6507219945017413,0.6768990880818578,0.24960842574559675,0.7436479380459733,0.44642343694589354
2023-07-19,0.6868404683688515,0.686113061490027,0.6880447376444826,0.6843211736885166,0.06517317425959512,0.6916884168119158,0.6689386838213671,0.6391100271220109,0.8073330623015856,0.7951991058052091,0.5741891949990164,0.7031635746871281,0.655528320031379,0.6798159982231524,0.24253593689487127,0.747166895441955,0.5044629936012259
2023-07-20,0.6864979235177437,0.6823975750363476,0.6841019419816174,0.677494990843683,0.06230682761730091,0.6919745192092166,0.6704254626460321,0.5686427860975904,0.7935469247730268,0.7960915241603217,0.528986721727672,0.7030051587862682,0.6605760282780893,0.6822295280547587,0.23640820474008592,0.7437501846624835,0.46738557380789647
2023-07-21,0.6810918299638842,0.6776203586291741,0.6828250824766705,0.6760917736029486,0.07724855203592215,0.6930570578151241,0.6722487229091196,0.554422506348228,0.7794889533265801,0.7934371058855648,0.4921482569454879,0.7025887583563439,0.6652957801050006,0.6843484367074502,0.22494031365263725,0.739800481556093,0.4889689893150895
2023-07-24,0.6808633580343073,0.6811463413425163,0.6807973226509699,0.6817424117770629,0.08913420010567741,0.6940545447780053,0.6745558383578474,0.5970988756866122,0.772276026664337,0.7895853217130223,0.4797120705461749,0.7026434089429656,0.6696562386803633,0.6865317328301437,0.22352364522634746,0.7441741624473867,0.517344435914676
2023-07-25,0.6821578656783558,0.6793265418083124,0.6821867722520343,0.673968121875312,0.06847814334181337,0.6933354353219436,0.676529082254679,0.5166701119465298,0.7573802736171086,0.782934805190107,0.45064363185471834,0.6992083069315211,0.678117293387096,0.6889491641084677,0.21686989291806233,0.7405373121554998,0.46351718931096964
2023-07-26,0.6494170326513636,0.6719332883974343,0.6413306007947369,0.6679382643740522,0.1205803688916725,0.6913598095521071,0.6779545671266625,0.45957942813668257,0.7383408076847995,0.7730524506097324,0.4170768327924715,0.6947894531118339,0.6865625686040865,0.6908534539052222,0.2667753582111899,0.7350419021916871,0.4702861056334047
2023-07-27,0.6722594086660785,0.6712128753208882,0.6611578602341541,0.6578505368639322,0.1329984842024518,0.6879304791594618,0.6793943962743599,0.374259744520762,0.7123037121966536,0.7589079621821943,0.37280908549803937,0.6895768620600187,0.6945379758357154,0.6921177704486756,0.2787622985593622,0.7291035205875199,0.4536463928968282
2023-07-28,0.6614473384887714,0.6606727560176877,0.6639742204242591,0.6628185097623206,0.10514493921509024,0.6850656166943628,0.6809998562547425,0.42024736810964874,0.6958035118516713,0.7436388494924695,0.3611284146357681,0.6889241154493604,0.6957808550556943,0.6923967737525799,0.2677232537396238,0.7340483270634204,0.5150075930738052
2023-07-31,0.6668534775152599,0.6703030163804419,0.6725736170928371,0.6703274753609864,0.0644407767901406,0.682645372576895,0.6825075060914728,0.48518088675470633,0.6894480571222463,0.7299007639057846,0.3770301022243451,0.6889010797117991,0.6959034914213034,0.6924455554357101,0.2606130891074243,0.7375411588114824,0.5252707874122016
2023-08-01,0.6711933570928038,0.6790609821118629,0.6763286025687774,0.6781016477846309,0.06092567695763316,0.6822626072476975,0.6839251592838418,0.5460609329127413,0.6913725318635582,0.7193714082089171,0.41035689321498103,0.689065654085379,0.6964469302499515,0.6927986983153939,0.26066781024003716,0.7409086020042083,0.5260893848378442
2023-08-02,0.6768660025357262,0.6717057343410552,0.6755400848746665,0.6696826967745432,0.06584028838915398,0.6807702542193343,0.6853715091077826,0.4690252587872428,0.6839272882937383,0.7091640099265112,0.41370083546879666,0.6889984864523684,0.6957706586279833,0.6924299375606998,0.256071042573485,0.7373658477088679,0.4608043812009609
2023-08-03,0.6668534395063836,0.6726915839113925,0.6697572099529524,0.6742335636565031,0.06921870122875487,0.6804377605611361,0.6868726382682696,0.5056146099202579,0.6819088526394611,0.700514465072277,0.42988114898146756,0.6889874967531098,0.6957347135135372,0.6924065258583576,0.25688987264327623,0.7410291147422446,0.5130493153348848
2023-08-04,0.6744675675487927,0.6835350044006437,0.6794830499457317,0.6751058385958019,0.07199120306994905,0.6803372471605734,0.6882550862730388,0.512722484236509,0.6805679748158556,0.6932735488532595,0.4445115708995808,0.6887649276197312,0.6969687024668129,0.6929021123407135,0.2593459472852021,0.7447912808160749,0.4981238770964715
2023-08-07,0.6791122163701991,0.6845586634292238,0.6846276774096651,0.6846625650654325,0.08178574415867115,0.6806349488701702,0.6898149035397529,0.5869214243547445,0.6882655683579534,0.6893251937872125,0.4787090574867643,0.689480419475198,0.6975475146518039,0.6935557391465101,0.25609975037890564,0.7489028319474611,0.5331040643077574
2023-08-08,0.6836806039368702,0.6814496552069083,0.6777931782097268,0.6762434378381855,0.07017347007472902,0.6808669111629435,0.6915090491611262,0.50400500000197,0.685378658236179,0.6854747931316169,0.4797264401508799,0.6892049367267157,0.697336433352375,0.6933098966286912,0.2589263417566685,0.7452055069663786,0.46104581870348926
2023-08-09,0.6839853176046178,0.6837625579238887,0.6856791742261897,0.6780259918841719,0.0492501596381671,0.6818953276291855,0.6931288614973664,0.5184661898740393,0.6842079523441057,0.6821139662289245,0.48481129387736055,0.6882211342565279,0.6973917718298792,0.6928318802557215,0.25250744642426526,0.7481564680336323,0.501778367424111
2023-08-10,0.6861646352044387,0.6930086731124527,0.6896274952702317,0.6812555237654906,0.06400011424584481,0.6842814025799204,0.6947788733719718,0.5450438705913747,0.6858101611513499,0.6798092011172258,0.49577985520541923,0.6866200131637168,0.6979906226532546,0.6923053934691895,0.25891102457844684,0.751633580728907,0.5075744480132525
2023-08-11,0.6837998197707913,0.6807393995837766,0.6833445808490252,0.6807995324958758,0.04011253215714516,0.6861145190910977,0.6955837365201905,0.54003403330476,0.685962627935633,0.6780019207526553,0.5009468747919495,0.6849634487837315,0.6986588470562708,0.6917847150332321,0.25013357268679615,0.749008571686813,0.4927822174878127
2023-08-14,0.6865460108228004,0.6906535273747534,0.6902669965758456,0.6916660223726774,0.055290908682888225,0.6882899260983233,0.6963501765634442,0.6269893300283913,0.6960495330814644,0.6789729641380318,0.5298033438928961,0.6843289413706499,0.6990683042176169,0.6916611561250139,0.24821230006722314,0.75217501476936,0.5381069110555983
2023-08-15,0.691466404528332,0.6881465447061268,0.6868434840117903,0.6800016799369202,0.0434379022830808,0.6884836292242099,0.696651571996392,0.503800812145391,0.6917724576176999,0.6787249923976597,0.5171423023888527,0.6841196860577998,0.6990927453923181,0.6915657444474159,0.24806408975149188,0.7494313850974356,0.4484623713587752
2023-08-16,0.6705644561611371,0.6820689218726627,0.6743152847359342,0.6779499248103408,0.03218672667293659,0.6893264507054266,0.6966893890905537,0.4839942301685644,0.6856902375968889,0.6770692878311322,0.5025211846011501,0.683358075124822,0.699221097413501,0.6912379534163121,0.2573649739703422,0.7470891006853361,0.4863860295123879
2023-08-17,0.6837997493385438,0.6794478404328564,0.6760834540098167,0.6706548281041993,0.051751327597919915,0.688961608319803,0.696550667157571,0.4162300828443916,0.6731356913006239,0.6727365986225909,0.4747172526053026,0.6831593865219376,0.6987155957961966,0.6908860374826914,0.2587025300405754,0.7440489194388357,0.465311800097358
2023-08-18,0.6669409539258009,0.6743958618538568,0.6716064835479091,0.6736945153657325,0.05516238210746862,0.6888177277433761,0.6968333994778133,0.4452459948526411,0.6657594714229171,0.6675030719168034,0.4653608954115954,0.6830555862325904,0.6985739426028175,0.6907627022050364,0.25906364422097494,0.747210777797653,0.5069119089474389
2023-08-21,0.6814349580032072,0.6800176088223547,0.6808614433273178,0.678595819438794,0.039429097192612374,0.688199239477047,0.6970616716271993,0.4908979717833715,0.664344839888273,0.6629772984968537,0.47271182448322224,0.682688373286257,0.6986280548196576,0.6906008148315018,0.2532326322739621,0.7498114077532481,0.514381421029132
2023-08-22,0.6837998457443346,0.6834363548925032,0.6842851614998466,0.6828133421941193,0.04503530400615296,0.6888690234114858,0.6971232807054983,0.5285982847979003,0.6669484343924232,0.6599805126720008,0.48859232915604106,0.6834883794588318,0.6987173164650432,0.6910558879174982,0.24775513934059076,0.7526120189915266,0.5115309829688097
2023-08-23,0.688834685207679,0.6876527651485449,0.6919977560987315,0.6893864771979766,0.06746217136468702,0.6900271940846623,0.6971944445541296,0.5837193787442334,0.6749740442447261,0.6595060560992032,0.5147899658158229,0.6852627487644447,0.6991057805844781,0.6921593657334361,0.2376980540096391,0.7562126281339315,0.5208619886353706
2023-08-24,0.6923818024258864,0.6915272032141839,0.6868810488271165,0.6786338236061829,0.059770977883228514,0.6897599188623015,0.6967523616931606,0.4713291228080722,0.6702136914884714,0.6579858889872222,0.5039289155645476,0.6837146223317123,0.7028780948731391,0.6932286341172695,0.24239095828416454,0.7528863746813799,0.45196370003006386
2023-08-25,0.6890634694852591,0.6909574722049208,0.6900789851194069,0.6904122960222133,0.03877422368928395,0.690739914038287,0.6967349045419534,0.5661014358849366,0.6775228048949126,0.6585210516253415,0.5252761611572041,0.6843125475402052,0.7051289327708075,0.6946482923072314,0.24511276108017752,0.7554636443779715,0.541869946624449
2023-08-28,0.6952806329253552,0.6978707927401891,0.6990707021437487,0.695199646332161,0.04285443243276326,0.6911001574193455,0.6967738346759572,0.600349339273095,0.68736828831562,0.6613082036856076,0.5486659706338991,0.686725077672212,0.7052105603468436,0.6959279275442657,0.23958601992963638,0.7581864608596313,0.5135713090018742
2023-08-29,0.6971496922904123,0.7001500057905576,0.7020804987426336,0.7009369246096733,0.047630316767005805,0.6932344488466924,0.6974300211537313,0.6395185805572889,0.7000176713469629,0.6665687741958717,0.5743556056440153,0.6905173979235235,0.7036461529162539,0.6971027676861505,0.2330069437082737,0.7610796398532131,0.5172169064140197
2023-08-30,0.7082871750359472,0.7092664178598933,0.7120503639597405,0.7043184144214947,0.05982402059689374,0.6959226448629737,0.6981177262533848,0.6618756341373273,0.7124160138434741,0.6737479290289595,0.5942825739212658,0.6941332206478543,0.7034934967633684,0.698884722498715,0.22979206815512984,0.7644077854139707,0.5078508945422765
2023-08-31,0.7051213315923914,0.7084687297369305,0.7097929814257575,0.7022286551275266,0.07939474183499229,0.6991415109138741,0.6989683169567844,0.6369988903483286,0.7191261623044019,0.6810990345379498,0.5960685030687095,0.696826273086395,0.7036086455019713,0.7003250272293252,0.22479346295378708,0.7603815246986344,0.4864513890836732
2023-09-01,0.7122921432989162,0.711697497302925,0.7147591847949321,0.7114614944580806,0.05043138006940435,0.702991752025147,0.700184681640802,0.6988375620224943,0.7323754080797844,0.6901544976089277,0.6137704506280601,0.7013732319482622,0.7026672913150787,0.7021954702381318,0.22405311039686068,0.7633746215601654,0.5307186712389149
2023-09-04,0.7122921432989162,0.711697497302925,0.7147591847949321,0.7114614944580806,0.05043138006940435,0.702991752025147,0.700184681640802,0.6988375620224943,0.7323754080797844,0.6901544976089277,0.6137704506280601,0.7013732319482622,0.7026672913150787,0.7021954702381318,0.22405311039686068,0.7633746215601654,0.49460670735994955
2023-09-05,0.7156487208600699,0.7110138267356058,0.7088525080265097,0.7009369246096733,0.05750442192622574,0.7052693671182115,0.7008447809283294,0.5800132465024008,0.7312765392190494,0.6971355741621379,0.5922252759685098,0.7030504180420978,0.702618207023218,0.7030327611990662,0.22525324669840927,0.7601292193467191,0.45384562723066724
2023-09-06,0.7044728523684802,0.703302648636435,0.7051277982636961,0.7040523852497722,0.05874276527987172,0.7074346299669295,0.7018793787320061,0.602665224360716,0.7322870886061956,0.7029625675666058,0.580238636642464,0.7049698981741159,0.7035179519533725,0.7044634891019076,0.2198237124312157,0.7634187950094335,0.5068089454777148
2023-09-07,0.7047780982959757,0.7061136303186563,0.7085138728869563,0.7077759713071474,0.04828927047907771,0.7093093890272588,0.7032493974551998,0.6295333839747776,0.735533472794667,0.7084020104902884,0.5762134259469667,0.7073348441244416,0.7041567688363453,0.7059940801393692,0.21377522835565946,0.7663354798088039,0.5091421933494129
2023-09-08,0.7135125216081355,0.708924437005843,0.7135175034659741,0.7083457401227162,0.034033021129360984,0.712338438350662,0.7049859274721553,0.6337347921508198,0.7374105327315044,0.7132033168020753,0.5695855556623383,0.7095651951428017,0.704658612986281,0.7073878304263774,0.204446401291325,0.7687436241411466,0.49682205169480387
2023-09-11,0.7117580913238862,0.709760201455612,0.7128780130661981,0.7080798871681528,0.02764137413270063,0.7141396013613683,0.7065424662204237,0.6302901294653993,0.7373762325140263,0.7170361433656818,0.5595266466065487,0.7114180012772904,0.7055726304019552,0.7087913630395095,0.19823787470349682,0.7665634788476129,0.49357365909246953
2023-09-12,0.7102705532930502,0.7074810640802963,0.7118998071860093,0.7083838617682114,0.037919419957525034,0.7154836963753655,0.7078512253315481,0.632865462740535,0.7364020410411974,0.7198689839738743,0.5491405050259147,0.7131211628123688,0.7055427120773402,0.7096514703619627,0.1903334889168463,0.7691102564927329,0.495788222576361
2023-09-13,0.711071533712287,0.7162177375978875,0.7141571873621503,0.710397612727402,0.08193263167343642,0.716448187875804,0.7089618835511468,0.6505963284492247,0.7363745233863592,0.7221286631070097,0.5431874851897083,0.7148140889049499,0.7069471956218871,0.7112152947143406,0.19369042620940732,0.7732270473083814,0.5024313995541008
2023-09-14,0.7028709317462977,0.6990482951279781,0.6845860956350773,0.6863467899364436,0.21133645197288295,0.7146160294905781,0.7095349617073565,0.3764644736129679,0.7116010226934759,0.7180005646259777,0.47684219071117434,0.714384994058044,0.7082671897224024,0.7116473006099434,0.2322327665743659,0.7644942402043011,0.4013539525083707
2023-09-15,0.6910467885717941,0.6935784349325929,0.6894017189934047,0.6847130219120898,0.2333267369958647,0.7128303581788445,0.7098953502719693,0.3623743723750175,0.6896431240067762,0.7094368749123096,0.43077286515059504,0.7130126601192237,0.7111567826843308,0.7123705732260123,0.23649812731145234,0.7549770087020967,0.4881060259000485
2023-09-18,0.6873852675759099,0.6978708490566851,0.6921858860817882,0.6983532873568081,0.06386954756605348,0.711494012008477,0.7106948300242188,0.4932213192116279,0.6850775664355185,0.7014919950869245,0.43720000252828406,0.7118580079136128,0.7149235625352907,0.7136392294112063,0.24291268132616442,0.7584494639002491,0.5489774514580865
2023-09-19,0.7028709088890275,0.6974528935315515,0.6947817164709473,0.6941737100298182,0.06259244222934446,0.7108045206208806,0.7110219182951905,0.45392120569089395,0.676764870625009,0.6931443320573801,0.4330165803891519,0.7108780674122328,0.7175635283279078,0.7144406881074352,0.2438352691755886,0.755022564845823,0.4781911749470418
2023-09-20,0.69764555569923,0.6952118899830578,0.6955718677469629,0.6877147050062341,0.08396457562768911,0.7091389384205493,0.7114164151678485,0.3963232500220332,0.6633821104299878,0.6832596323166736,0.4170524752831441,0.7104518821378718,0.7185166487528503,0.7146928557437522,0.23965827592367075,0.7508332917312106,0.4691240156140723
2023-09-21,0.6867367007222228,0.6809672123557241,0.6752557416421892,0.6677672162512752,0.10691370970538855,0.7050601543284909,0.7110636158785293,0.25427026107475553,0.6329894861274954,0.6680696635378115,0.3619504260440425,0.7133898787191193,0.7132128280666055,0.7135805777629478,0.25295758491758724,0.7458253907239831,0.41535479277092674
2023-09-22,0.6714035984144602,0.6696096723614333,0.6700263627483384,0.6619541058561441,0.08761432234873137,0.7003306530084218,0.7103998401254618,0.22064452689775876,0.6034381080667364,0.6488370458979581,0.31996231290733657,0.7161671239375995,0.7085902371235389,0.7127224317409749,0.24844352995233168,0.7415059260101274,0.47099860206137073
2023-09-25,0.666178124223104,0.6607970940090309,0.6599812392852306,0.6554189750196756,0.08733074784105954,0.694962015807776,0.7095270027654732,0.18486689727451516,0.5741765454631701,0.6264397502516523,0.28709305744012137,0.7198859946048632,0.7010827385202523,0.7109220787815328,0.24645421650737778,0.7371965767978339,0.4678936123148663
2023-09-26,0.653018932216686,0.6501611167581823,0.6501617821705624,0.6413227770443962,0.09287167131470447,0.6881253200599154,0.707795698581678,0.1176358339441066,0.5380817045161447,0.5998734280860081,0.24379234961634372,0.7248084689403842,0.6903587327846726,0.7081501960825265,0.24775319582899039,0.732689575051418,0.4365621930194506
2023-09-27,0.6466492529056426,0.6426020795848555,0.6438412935813833,0.6407529494897742,0.08906687666141,0.6810252354880841,0.7064459347595666,0.11511454736744137,0.5102716428014066,0.5719569549368803,0.2297692933986339,0.7274377715965921,0.6813615036586651,0.7050538224142414,0.24266709132826078,0.7283182956820781,0.49222239776817783
2023-09-28,0.6482130877105092,0.6496673496413843,0.6504251677231209,0.6489598525179855,0.05228787504768744,0.6772137385949609,0.7054489661867025,0.20528642421751614,0.4978520070453035,0.5466479760322782,0.25685147815103704,0.7273296118150934,0.675711594829366,0.7022057088914863,0.23970606802993163,0.731377616330815,0.5289690064487842
2023-09-29,0.6564899309048581,0.6515286302354022,0.6503498840332551,0.6426906333751335,0.08985231684452977,0.6729296700295816,0.7044872775427704,0.17207761663572474,0.48347603946964235,0.5229562466521022,0.27364869659291546,0.7273641793864589,0.6694783062848814,0.6991425685381176,0.23909598797582646,0.7269783192053495,0.46860223777089205
2023-10-02,0.6427588178446554,0.6452231154297272,0.6470392389980669,0.6474781011631875,0.07210340881039473,0.6677430827479417,0.7035856950703453,0.2235614402750314,0.47854326110765183,0.5028209473463648,0.3105868016480511,0.7247626990417342,0.6655219343879315,0.6958507206033284,0.23362148077534686,0.7307444878157692,0.5146073880644139
2023-10-03,0.6474501647273888,0.6466664411050645,0.6433144859104155,0.6381311905914135,0.08047803725638603,0.6620296998534975,0.7021941165028065,0.17241020503396948,0.46724349865453485,0.48400523417854147,0.32429240259375647,0.7238097248441095,0.6599748570354369,0.6926194614410013,0.2371583881728286,0.7266795844289974,0.45577071891778387
2023-10-04,0.6436742192767192,0.646476664034822,0.6474531092043705,0.6472881390652958,0.07731995568893305,0.6579083210746234,0.7009724047834676,0.2664451532275269,0.46917866101601746,0.46941633721845244,0.36819333073295984,0.720977957651908,0.6570092688459627,0.6896990276073186,0.233647337858478,0.7306318346041265,0.5330624697521327
2023-10-05,0.6472214201133405,0.6559349824774962,0.6524944111179368,0.6558749075502371,0.09150480138563888,0.6566959324491863,0.6998199419186218,0.3455754882390895,0.4809034464421178,0.4605545307826663,0.4276765391805081,0.7166455317749805,0.6561095248245955,0.687028797087438,0.23718240115561953,0.7350900781775447,0.5302920545696503
2023-10-06,0.6577487103788754,0.6650514931940641,0.6620128672777471,0.6618021479256413,0.0971171285122947,0.6566804407502138,0.6992411005996725,0.3963118137202976,0.49756385267307546,0.45745699362996806,0.48754589690389605,0.7116430673116549,0.6564638142075696,0.6846342003028404,0.23964694412136242,0.7397485213538237,0.5190010132864384
2023-10-09,0.6563374037047037,0.659657514874701,0.6580624638854824,0.6595224265337812,0.07612241442272186,0.6570987765053475,0.698178798002105,0.3793654339819666,0.5098759226370395,0.4579289910472606,0.5246201090167447,0.7060287867124551,0.6572443375707873,0.6821359930606711,0.23960736271097996,0.735838989160112,0.4852864996728068
2023-10-10,0.6643472345020421,0.6712430540774269,0.6677689881783848,0.6677293295619925,0.06126637438771367,0.6597908529317312,0.6972340938209534,0.4493682776973948,0.5288955150641259,0.46286376856222333,0.5709718259450525,0.6999133508211943,0.6593683330201737,0.680044379424832,0.24252795071948882,0.7392185855093911,0.5282449420387466
2023-10-11,0.6744549353483308,0.6723445673473952,0.6700639088580215,0.6642337097698978,0.06365125639827734,0.6621846527729472,0.695971870279414,0.42082228835321583,0.5415098930993936,0.4698340520823114,0.5921131764240279,0.6920684733063474,0.6627162585221279,0.6776693170721357,0.2432263737386066,0.7357539170642399,0.48040975726895935
2023-10-12,0.6712510535486913,0.6693817680025244,0.6700639629509697,0.6684132283578346,0.05777371570329538,0.6641678716909466,0.6947370909471203,0.4569190906800226,0.5564675418536806,0.4789941985720577,0.6148577227068203,0.6896449396828139,0.6633683125137337,0.6767466626987755,0.23896700105712917,0.7390089253655007,0.5116474760059772
2023-10-13,0.6700304762451792,0.6728764192704948,0.6751053284294501,0.6717947769087089,0.0678518312996893,0.6671349602067462,0.6936904698891061,0.4857851552064187,0.572310310997226,0.49011831424943114,0.6352560712358761,0.6877310830547132,0.6640127087704499,0.6760820387089305,0.23236915609850625,0.7426234342258795,0.5083299335607302
2023-10-16,0.679985625330869,0.6807014683156615,0.6830060273634978,0.6809136037370961,0.0935673469054677,0.6705436190319954,0.6926399279411947,0.5583405239125765,0.594276368629304,0.5042807726400491,0.6668131720325351,0.6837152644076143,0.6663710294318754,0.6751847936028085,0.23014383704702132,0.7471552516991495,0.5314747611497347
2023-10-17,0.6823886349775311,0.6836263283529204,0.6828555334126811,0.6852070173490935,0.05889169289900872,0.6753428719213084,0.6920989764377036,0.5898508634005215,0.6160708800491266,0.5208328019600285,0.6916319425912036,0.6814735609790741,0.6677674765737732,0.6747234709491803,0.22902124127144816,0.750450139819519,0.5117917424854053
2023-10-18,0.683647276230415,0.6811572410007211,0.6779646327683841,0.671034869778089,0.1609111922165938,0.677763786726942,0.6909635040957459,0.45679347162583933,0.6194255388891313,0.5348782167078564,0.665597523114118,0.6782182074345733,0.6694145406976488,0.6738653188831383,0.23439690718933923,0.7435160726587017,0.43814630668451177
2023-10-19,0.674149863190308,0.6701035169847278,0.6644959093346132,0.6571287513788076,0.08744907389462045,0.6778916127054,0.689221746225594,0.3528706239597214,0.6085549343239186,0.5435099029360821,0.6093689825238459,0.6773777206341478,0.6691806901570396,0.6733179861016718,0.2412761767536413,0.7392025025896412,0.438335946810391
2023-10-20,0.6614102827855862,0.6619366098940769,0.6615989109241305,0.6554949246154007,0.08379524696483473,0.6772486083912956,0.6874042067044895,0.3416738514771463,0.5986638750311299,0.5480453097856949,0.5668238474149345,0.6770293472338502,0.6688704123202986,0.6729856710847145,0.2389808949055783,0.735019269666609,0.48789197775547066
2023-10-23,0.6508448120541963,0.6569604901289852,0.6564822448331022,0.6484657983419285,0.06999190078564418,0.6761214151277775,0.6853540782170437,0.29432088691783403,0.5843770356543003,0.5482504445247554,0.521848396530485,0.6769960358606775,0.6681812707780752,0.67262794075645,0.23716419002516206,0.731328421517462,0.465665054058693
2023-10-24,0.6566806620809381,0.6648235202529421,0.6625395077196039,0.6603202790927372,0.10615071067035792,0.6753660825224751,0.6837011716308351,0.3999752712027516,0.5852748999349383,0.5486296846213901,0.5236567048211394,0.6768654535972327,0.670294450547967,0.6736053332432123,0.24692915168163823,0.7363091052758817,0.5438062339973736
2023-10-25,0.6542394933251713,0.6722305902393896,0.656519867363909,0.6686791400514512,0.17798686580805476,0.6758192820856567,0.6822664733746056,0.4652464055518875,0.5946410874472094,0.5511772572008604,0.5461776292788146,0.6772182724822564,0.6728346271778333,0.6750420931271917,0.2697764071210905,0.7438522857322087,0.5288371227543133
2023-10-26,0.663088630240351,0.6613289080876155,0.6530211283505956,0.6475160465915233,0.09738642228936434,0.6736888710684117,0.6809310841287483,0.3242127129865599,0.5816663722521676,0.5501065153579991,0.5085967755977021,0.6772856952045725,0.6726142679154516,0.6749678115157842,0.28658702944869097,0.7391842364681152,0.40874660594108647
2023-10-27,0.6501201606309107,0.645299013632901,0.6442550881491393,0.6398790298569873,0.07956407049784667,0.6704351471977509,0.6793892431624958,0.2822034455058046,0.5645628237261936,0.5451518350079678,0.46825707381735016,0.6775701640718259,0.6720259578512608,0.6748231588057911,0.28250243796362384,0.7351519355611985,0.4628766202725536
2023-10-30,0.6540106999222671,0.6528581352410342,0.6517795400540456,0.6543550932889969,0.0720034436961795,0.6677275790723944,0.6778761452886438,0.39153988864345307,0.5660432575638115,0.5415428093099454,0.4822334298438863,0.6774055853642147,0.6729128360273453,0.6751769695551301,0.2834287723405404,0.7389145382753841,0.5552787848941632
2023-10-31,0.6592743260755848,0.6617466727627708,0.6629157123790249,0.6620300554518687,0.0650283268492016,0.6653647506525493,0.6767707250224217,0.4431502378255932,0.5754162681363143,0.5409014040894986,0.5130559891716587,0.6764006762482189,0.6764448888284529,0.6764065296782094,0.27560565265875325,0.7424283287604959,0.5262481920098766
2023-11-01,0.669076925038056,0.6743578524335043,0.6730361011410919,0.6752523337943616,0.06845162198498075,0.6657947096731283,0.6763421440821501,0.5234863822441982,0.5962907090926322,0.5453898895143088,0.5663365080092896,0.6775947572881982,0.6781146993432497,0.6778452448185995,0.27595494534730214,0.7460642329982797,0.548649687577738
2023-11-02,0.6834566193074585,0.6903497619485182,0.6862791733550591,0.6929959920141321,0.09477916890228105,0.6694512775999504,0.6772097616690863,0.6137877751471308,0.6303597181383639,0.5571437651005159,0.6417969386746047,0.6828248435235078,0.6765430464079352,0.6797550679607767,0.28087262488381837,0.7506392778667149,0.5660719265567951
2023-11-03,0.7033286614882557,0.698212711121174,0.697791509272871,0.6943257854384273,0.06913709705388527,0.6734099785688933,0.6783230237151031,0.6200523829247562,0.6583273314504134,0.5732480310548715,0.6869813435654768,0.6875119775597918,0.6750571304561964,0.6814283594738547,0.2753086223060083,0.7542996339643903,0.4998598224712496
2023-11-06,0.6990567041813669,0.6961614273564386,0.6991082693191771,0.6939077983362019,0.07371305115969734,0.678042667249886,0.6796466543313405,0.6167316936955045,0.6794868122936948,0.5912013502538356,0.7061861420775537,0.6914724262923304,0.6745202465041392,0.6831974343747915,0.2645418961090129,0.7504760471472611,0.4929578951458933
2023-11-07,0.6968063383786247,0.6972630501873646,0.7020052094881194,0.6987711569809273,0.052610211538422304,0.6819626299889666,0.6816223040910608,0.6419602376494169,0.7002356682776556,0.6105355244919932,0.7205280994438017,0.6958397465348087,0.6732124695068774,0.6847944890200515,0.25152399210036247,0.7535468659920185,0.5137996155958645
2023-11-08,0.6990887989859448,0.69802686199402,0.701767942483296,0.697476665727576,0.07092626858790096,0.6848984596456101,0.6835730326665139,0.630413385888047,0.7144047249051376,0.6293978333485662,0.7156271699521395,0.6995318319474035,0.6728355799708553,0.6865047883693092,0.24109799933955298,0.7498226876290909,0.48952480230316114
2023-11-09,0.7022994460790397,0.6969989459374479,0.6948683050794628,0.6888333315344498,0.06580764671920616,0.6891106448115045,0.6849442815916382,0.5549091932186172,0.7160709200423441,0.6448869082556911,0.6805917925112015,0.7013432599488105,0.6730785122710484,0.6875553715129745,0.24125343535741137,0.7462810977080311,0.4606274675987868
2023-11-10,0.7009615837344528,0.7000061945088163,0.6986385183691681,0.7025786811452559,0.05005396076063252,0.6955027042468716,0.6870038315270391,0.633596460610863,0.7298158559962288,0.660571516433363,0.6826226572654818,0.7052247163333798,0.6722488451265559,0.6891391564041379,0.24215447724960235,0.7492607314919433,0.5491509582789229
2023-11-13,0.7048605040781369,0.7015669755532289,0.7067069159813113,0.700370386442028,0.04993359460269988,0.7001938386108846,0.6888227971935675,0.6142423832288344,0.7372668257646111,0.6749044887232498,0.6685841784048582,0.707821289719172,0.6715755046339705,0.6901401781797365,0.23000157727097856,0.7462853913381906,0.4859727472076912
2023-11-14,0.7093325781613813,0.7101318150088824,0.712249094289,0.7090135444179948,0.2540154354296766,0.7049836779127274,0.6912604413092177,0.6613410477073185,0.7503131190243794,0.6894968168866797,0.6712779230597725,0.7115193221537757,0.6702101885855487,0.6913649876643644,0.22937310740945985,0.7565406178140823,0.5284797108400796
2023-11-15,0.7117789037168992,0.7113119426917823,0.7113442430395167,0.7134684316871053,0.2370193259087135,0.7088797054678909,0.6935363815421878,0.6844105087320245,0.7634989161354877,0.7043300554969063,0.6737800882103312,0.716582449569281,0.6693650358287542,0.6935481296632913,0.22651971468594354,0.7661895691567733,0.5119051607504728
2023-11-16,0.7185826469165529,0.7159178944717043,0.7186207866294603,0.7152199127739745,0.1103839272417177,0.7111453739280021,0.6955772562446672,0.6936048954010028,0.7740001421997608,0.7187127872109429,0.6691009940875108,0.7211637597659746,0.6706504473429696,0.6965368312594512,0.21933000101609249,0.771321257704701,0.5013756864999668
2023-11-17,0.7218698623545057,0.7189251543388123,0.7238613984379145,0.7189893740318611,0.11419076199938391,0.7136597599084578,0.6975439249242831,0.7137284882884907,0.7842517396829012,0.732675301281287,0.6647364928478263,0.7255923798096222,0.6726569821890591,0.6998035237779117,0.209438008184795,0.7765887414030972,0.5091476501882002
2023-11-20,0.7224814379346448,0.7215516623931945,0.7123244894083763,0.7205504818474666,0.14205858771734764,0.7163759092493641,0.6996426797185854,0.7222075706958371,0.7920314300057412,0.7457093612033086,0.6550933011775891,0.7287791571629878,0.6768483262091466,0.7035121707300042,0.22333100929788793,0.7828503096435079,0.5006048934593909
2023-11-21,0.7240868602290176,0.7307256849625142,0.7290266241937422,0.7291556356560442,0.11369093642830769,0.7194735244611464,0.7017551303570421,0.767136051568136,0.804674006337958,0.7591658270873625,0.6594805309205848,0.7337186373750713,0.6788798646463561,0.7070536447699792,0.22387280848882238,0.7880999638607332,0.5276157373407757
2023-11-22,0.7354392341341767,0.7352936186765783,0.7389423442778544,0.7348289471046751,0.08283843801448881,0.7232814882648245,0.7041829005366704,0.7943293486038601,0.8181154748279149,0.7731516358822422,0.6649784385529636,0.7393615749632532,0.6799007602044393,0.7104569513862949,0.2176919112972577,0.7922490660626669,0.5161743108543914
2023-11-23,0.7354392341341767,0.7352936186765783,0.7389423442778544,0.7348289471046751,0.08283843801448881,0.7232814882648245,0.7041829005366704,0.7943293486038601,0.8181154748279149,0.7731516358822422,0.6649784385529636,0.7393615749632532,0.6799007602044393,0.7104569513862949,0.2176919112972577,0.7922490660626669,0.49460670735994955
2023-11-24,0.7399878461612995,0.7359027011632088,0.742109332446385,0.7370373592860092,0.0,0.728195758186286,0.706542884367878,0.8047627342731927,0.8286414255055081,0.7868623478721553,0.6621212040595243,0.7422897228797987,0.6861758905913143,0.7150626862987081,0.20495329663089476,0.7934432046607574,0.5029528812447536
2023-11-27,0.7404082920576434,0.7369685367319783,0.7384145083638599,0.7364281178267224,0.07829920578736807,0.7316466164713962,0.708765624932463,0.7964690519179096,0.8340078611239237,0.7991167394877405,0.646995442029929,0.7417707228651083,0.696765161637057,0.7200299895233763,0.20106960120108722,0.7894560232572119,0.49230947418257043
2023-11-28,0.7386882560304223,0.7338090401792358,0.7349835936402354,0.7318590418382854,0.07332135112032331,0.7348567995058645,0.7105176385254427,0.7337213166632068,0.8313985476618566,0.8082950495811558,0.6150463751156855,0.7410744444724957,0.7055562532205635,0.724017449391191,0.19796777208595082,0.7856464089314493,0.47736749742311263
2023-11-29,0.7389557965665944,0.741117817169555,0.7421847538465227,0.7367708014628082,0.06761313908819575,0.7376865765962899,0.7122909170375101,0.7629173756023493,0.831841271327048,0.8157437762301176,0.5970824242898205,0.7408827423066888,0.7135353157193053,0.7278627467055542,0.19880788874400093,0.7892524033049018,0.513226789160567
2023-11-30,0.7402171434611023,0.7437823496008807,0.7408651158784522,0.7460993267109457,0.10677498260811025,0.7410132078635463,0.714872383677071,0.8127464692318658,0.8389892081081916,0.823415435235263,0.5993978638234356,0.7434519581968144,0.7182396578285527,0.7315077163657846,0.20255152794798656,0.7942553557214368,0.5297909491383205
2023-12-01,0.7461035207792049,0.7443153200708336,0.7436173553958678,0.7452236449065642,0.04689179898443605,0.7440720069977329,0.7179019670251655,0.8001714713033377,0.8413305818440283,0.8301137660792652,0.5892885977569314,0.7469016006399645,0.7200908717655524,0.7341947493982536,0.20230758091932324,0.7913885206959523,0.4913354379063144
2023-12-04,0.746562168718356,0.746142468070051,0.7453139329949174,0.7375702987152523,0.07357840427116252,0.7459662818860296,0.7207245391028897,0.6942144716442307,0.8332517135726306,0.8335366977114915,0.5552693600242206,0.7484242643270587,0.7230097281744122,0.7364196136073957,0.20227021746251508,0.7875697369227305,0.46599059376747043
2023-12-05,0.7399878079796322,0.7363594975033602,0.736981779464932,0.738217661820034,0.05218995003784394,0.7477674029787253,0.7238111056468183,0.6986354444900693,0.8252179920859823,0.8343501273462463,0.5281663221725929,0.7494437469930448,0.7265624327627636,0.738699288458771,0.19996550551545786,0.7906255644486259,0.4970463409373739
2023-12-06,0.7461418200233983,0.7440107634910317,0.7422224262081406,0.7369992376405139,0.045557570725318304,0.748567036932694,0.7264480949961769,0.6813002663204781,0.8154866806674221,0.8326692052276516,0.502259267856552,0.750233740803999,0.7297205867719662,0.7406660648657399,0.20173475987758246,0.7878063232218585,0.49001805598043685
2023-12-07,0.7426634397624379,0.7413842697196683,0.742109294844562,0.7428248594539661,0.03974939357897551,0.7493821985153586,0.7289979662524896,0.7240373345670315,0.8114244696308052,0.8303511435637542,0.4956417533921665,0.7511697330948881,0.7334681433972048,0.7429991602234153,0.19921611333827036,0.7904183786000815,0.5165739231819116
2023-12-08,0.7430838930142047,0.7410035766891303,0.7435042544107233,0.7425202387243228,0.042666742830563216,0.7499411632069726,0.7322651603764488,0.7193224333825881,0.8058555205825522,0.827162349083636,0.48659807206923433,0.7496413721026811,0.7406448809098156,0.7457612696624016,0.19391373153554228,0.7877022572705349,0.4934649154549463
2023-12-11,0.7430839483328339,0.7470561513649697,0.7477646875192123,0.7454901439907122,0.09870840992225163,0.7508650122022207,0.7358971265431646,0.7416126230269235,0.802371631965042,0.8237765581738682,0.4845520105239277,0.7499344350758559,0.7448069912743531,0.7479689989351451,0.19189061314175623,0.7924174636929906,0.5057421104388229
2023-12-12,0.7518752257643346,0.7550119062975507,0.7530429120182355,0.7570651443266262,0.08784077393399448,0.7534347060032064,0.7394293251513336,0.8166519531845398,0.8089757796947812,0.8226503088383428,0.5080202588231671,0.7511393261868775,0.7494561552819595,0.7508858577018507,0.19436287940704913,0.7967450062534176,0.5378742062215167
2023-12-13,0.7589466866025935,0.7655183218897489,0.7616768639772445,0.7678026432427071,0.0656709597262996,0.7565983181281617,0.7430668443970437,0.870961165745062,0.8225894238261293,0.8250111995128353,0.5442386973516771,0.755567817400904,0.7509730401371754,0.7539104671135819,0.19962219589765387,0.8002817203571776,0.534273528378043
2023-12-14,0.7743890509241786,0.7684494263136058,0.7530430475102886,0.7539050420061325,0.1331739331784214,0.7573940896368897,0.7457717109964437,0.6794178328804952,0.8174495566040882,0.8256683768319037,0.5265434407068736,0.7563002733010058,0.7544208808785742,0.7559908690009134,0.22380096286715687,0.7943370802412525,0.44381753986227956
2023-12-15,0.7412109308586637,0.7498729700354895,0.745691003977276,0.7512395812522271,0.23936748604058583,0.7580073980347954,0.7477747080036808,0.6472943399432056,0.808659012794204,0.8240878649958139,0.5033021579137577,0.756150829139981,0.7583255153368259,0.7578440259715892,0.23004751394526876,0.7846043667237549,0.4847282882134033
2023-12-18,0.7572265635510949,0.754516984202008,0.7588867960889988,0.7525340725055785,0.08976867256528845,0.7595329141976429,0.7497764909692757,0.656628277003648,0.8009807823168991,0.8209837170948744,0.4874772357723902,0.7561026994518494,0.7618672321747479,0.7595698495127837,0.21920073724116937,0.7890006801401266,0.499417215255327
2023-12-19,0.7568825526686855,0.7573720557085376,0.7560592247042047,0.758702436694169,0.144649520269457,0.7616212814504937,0.7520047785527468,0.7000448452169259,0.799027580345487,0.8180324028285701,0.4890646098340072,0.7566811232022672,0.7652373465063947,0.7615327093628615,0.21858712782110465,0.7953546705890555,0.5174990360934466
2023-12-20,0.7641068793656784,0.7591993103091141,0.755606732574295,0.7477366190784885,0.11424584481742087,0.7627159283731089,0.7536887007718682,0.5672450825046176,0.7848269060984358,0.8122688062261377,0.4598554370955287,0.756410778766311,0.7674524250377346,0.7624886726020043,0.2218009379223226,0.7900852220090608,0.4541634256041425
2023-12-21,0.7526781038099221,0.7560397546578278,0.7554560140031266,0.7569891359918482,0.09396312715358518,0.7641599379589497,0.7557353345970149,0.6354375217314518,0.7809635445345131,0.8067322501999643,0.46221354578376256,0.7575956589051867,0.76852765420163,0.763628780499792,0.21980352170548598,0.7946311575204824,0.5291133676186208
2023-12-22,0.7621956779670818,0.760683806202069,0.7599048237636721,0.7527626261613902,0.07080386232559657,0.7652041215853753,0.757933863009972,0.5881914077478365,0.7720623902943273,0.8001702489328841,0.45156297674568574,0.7581008107304776,0.7696395071615879,0.7644378214809283,0.2182010552011883,0.7909113455611069,0.4789917950642803
2023-12-25,0.7621956779670818,0.760683806202069,0.7599048237636721,0.7527626261613902,0.07080386232559657,0.7652041215853753,0.757933863009972,0.5881914077478365,0.7720623902943273,0.8001702489328841,0.45156297674568574,0.7581008107304776,0.7696395071615879,0.7644378214809283,0.2182010552011883,0.7909113455611069,0.49460670735994955
2023-12-26,0.7565767781566148,0.7550880196608747,0.7610735429762235,0.7555421581565159,0.009062143619267563,0.7662288971730025,0.7597552769601457,0.6092981723517967,0.7661667445258498,0.7935080247719747,0.4505220329611301,0.75875469453734,0.7709495235502627,0.765421209684413,0.20611962044454005,0.7924287435688333,0.5049198436758285
2023-12-27,0.7593289772672881,0.7552023175408422,0.7602441899478513,0.7546664763521345,0.048836018450703934,0.7659843594771201,0.7616225194673003,0.5987519316057293,0.7591186728291608,0.7864894958790483,0.4468213495939865,0.7585162353974348,0.7735713985932301,0.7665946173818793,0.19584701929143164,0.7894925555002639,0.49136674202737124
2023-12-28,0.7566151214698643,0.7597702925679762,0.7611113634794423,0.7602636032488277,0.028145279912520325,0.7652157747922557,0.7633850089670333,0.6431821364473242,0.7575776452733823,0.7805054356562847,0.4575656385621177,0.7593753659495037,0.7751238914149038,0.7678032861795042,0.19242461283737058,0.7916906758217535,0.5153341042619515
2023-12-29,0.7643742655688763,0.761635283748933,0.7653715281372135,0.7600730537604045,0.04965614040814328,0.7658445868657087,0.7649877418988009,0.6406303943820058,0.754709169294169,0.7750308877784856,0.46285758023712803,0.7605063396448231,0.7754030097651922,0.7685222131097637,0.1852109864865454,0.7887252328493854,0.49390504400414376
2024-01-01,0.7643742655688763,0.761635283748933,0.7653715281372135,0.7600730537604045,0.04965614040814328,0.7658445868657087,0.7649877418988009,0.6406303943820058,0.754709169294169,0.7750308877784856,0.46285758023712803,0.7605063396448231,0.7754030097651922,0.7685222131097637,0.1852109864865454,0.7887252328493854,0.49460670735994955
2024-01-02,0.7607047986585166,0.7564202977954236,0.7578311377371381,0.7544378639572691,0.07813803754200066,0.7661706431151725,0.7663364472220429,0.5658930040001635,0.7455091607740335,0.7684468862053245,0.45133447524270326,0.76082219759006,0.7760338550391032,0.7689962706173573,0.1841245770234615,0.7847438005438501,0.47385217128512463
2024-01-03,0.7566532086315536,0.7517381969435277,0.7547772328904002,0.7510492667200166,0.05115357701700019,0.7660192711914651,0.7674389869169131,0.5234090736836303,0.7336502883542656,0.7603382459699219,0.435499139836626,0.7602382818056925,0.7780437545608377,0.7696897429498587,0.17889109665814712,0.781724941901362,0.4820550729859485
2024-01-04,0.7548184902176388,0.7600366603238681,0.7590752855271455,0.7572554588588368,0.04492513837007902,0.765871755724711,0.7687012710595327,0.5829204668823571,0.7292259448865024,0.7527912412591924,0.4413324478389904,0.7599436073731474,0.7803316693186694,0.7706692085523826,0.1806522736538614,0.7845216233764438,0.5176742410612919
2024-01-05,0.7651769685737438,0.7616353264162855,0.7619029080042171,0.7575600795884802,0.042995199634413304,0.766873230886864,0.769678099873367,0.5857808543411349,0.724905773445738,0.7457185050527134,0.44625833685344296,0.7590001987000758,0.7834523472377567,0.7717270324910414,0.18008076288484065,0.7872494612221883,0.49573183059714754
2024-01-08,0.765788619748139,0.7660510861013573,0.7664272903788713,0.7684117672238874,0.061572390043474624,0.7680377371678921,0.7708330130418943,0.6787713002484885,0.7310302035267409,0.741527756981345,0.47619149405720607,0.7606833472948256,0.7843664170740398,0.7730434398455536,0.18093741554990692,0.7906399735803475,0.5346753018683442
2024-01-09,0.7698403037796824,0.7698577152977918,0.7709138781158611,0.7714196766576654,0.11046961162533075,0.769939772876393,0.7720154209205672,0.7013968710829188,0.7375976679173555,0.7397487524240898,0.5012405554546571,0.7625645890053796,0.7854194131873186,0.7745302718214538,0.17889518200315938,0.7957747186107618,0.505592497263051
2024-01-10,0.7811926980617081,0.7765193248453653,0.7773985799734973,0.7761030588435353,0.05538679358835998,0.7720359009494484,0.7733798421239744,0.735305818555914,0.7460758052521237,0.7403569484781545,0.526034707208795,0.765580414359335,0.7854715961369466,0.7761052595697852,0.17718817519580493,0.7989445820427579,0.5116605129970039
2024-01-11,0.7830657034298572,0.7796408769468449,0.7756643962788533,0.774085137411571,0.0807493711378274,0.7740155807897156,0.7748319975314109,0.7037457446087219,0.7494012292543526,0.7416402918151048,0.5330469809611059,0.767984289524265,0.7847448790308075,0.7769809122384171,0.18367425650022587,0.794869999794779,0.48729292396555834
2024-01-12,0.7818041417296413,0.7772043437641917,0.7806031554240367,0.7746180181017609,0.06151322701669417,0.7754789744612056,0.7761335632943003,0.7080298504912577,0.7511461057468344,0.743085046711863,0.5347234478193048,0.7693188282745744,0.7840673137708752,0.7773315528734205,0.17740105067890677,0.7982584017245548,0.4965419645471373
2024-01-15,0.7818041417296413,0.7772043437641917,0.7806031554240367,0.7746180181017609,0.06151322701669417,0.7754789744612056,0.7761335632943003,0.7080298504912577,0.7511461057468344,0.743085046711863,0.5347234478193048,0.7693188282745744,0.7840673137708752,0.7773315528734205,0.17740105067890677,0.7982584017245548,0.49460670735994955
2024-01-16,0.7756503376824664,0.7776233694032907,0.7754759297628478,0.7786922763064502,0.09293695465460014,0.7773771537127527,0.7772544348159702,0.7407327619923034,0.7550958147041945,0.7451872185959274,0.541551569625124,0.7722987337742573,0.7835504281830511,0.7786068182483682,0.18084517030293754,0.8027677322195317,0.5093953090555818
2024-01-17,0.7790906920510039,0.7831050670457426,0.7831673779387136,0.7839850174297126,0.07095074984036184,0.7803894058905751,0.7785874383992986,0.7799433862138965,0.7619194741220737,0.7485039354796796,0.5541661831149557,0.7759731912440371,0.7831400720806508,0.7802915209642404,0.180259886657662,0.8064927838631697,0.5137406130587899
2024-01-18,0.7923157616064866,0.7894999457099375,0.7908207224200504,0.7897342784740681,0.10309463432149191,0.7843332379424137,0.7803813576393264,0.8182522673476609,0.7713634627552293,0.7534201309860706,0.5707788278625956,0.7805020931333786,0.7823053943953507,0.7822054147870753,0.1775094076562726,0.8113644530795735,0.515282631214886
2024-01-19,0.7934624630259968,0.7985216713045932,0.793195913770392,0.8002431649952836,0.11395206978789035,0.7887157180195505,0.7825144146651315,0.87673211983521,0.7874071286542546,0.7611972216396841,0.6004929072309377,0.787206250287277,0.7796617870608394,0.784342621859501,0.18592726293236947,0.8166234222910432,0.5321867341426876
2024-01-22,0.8089812000016869,0.8030896807237896,0.8056753802953028,0.8013855221009726,0.0886098932821403,0.7931836030486581,0.784728658958254,0.8824590855790604,0.7992793180502538,0.7702635239466332,0.6138830300486146,0.7924471517690619,0.7797992883361685,0.7871027760420762,0.18043912420622177,0.8209784004204556,0.49865018350533574
2024-01-23,0.8063435840131938,0.8012622730800772,0.8039786627884425,0.8016137820615191,0.08654326755356803,0.7965684584323083,0.786750409979817,0.8836658857280548,0.8068540848509865,0.7793315138636848,0.6139005580522459,0.7972771720305014,0.7794244751427905,0.7893986459770782,0.17515364050070992,0.825259659103231,0.4954137602938955
2024-01-24,0.8102425990952229,0.8050309393853018,0.8083899105149149,0.8030988228032935,0.06897184859977437,0.7997980614821489,0.7888337074585636,0.891878797468449,0.81220458219997,0.7878679089401982,0.6083792612305534,0.8014283259544925,0.7803497263978801,0.7919883664721618,0.16911073170589225,0.8289141205561109,0.49985616772629
2024-01-25,0.8078728488742806,0.8047265472609338,0.8073343359082951,0.8067541540809068,0.10718708369120164,0.8029228575295082,0.7909405767375219,0.9117798948839035,0.8178737249520472,0.7960553770108598,0.6047552050481018,0.805768152488729,0.781170053283868,0.7946231455037015,0.16476065677608376,0.8339317731979379,0.5075093612515595
2024-01-26,0.7849002325285215,0.7974556097789754,0.7877289435517129,0.7889725504328003,0.14169748924354972,0.8044405889190025,0.7920378724189079,0.6088525006604728,0.8027651900459193,0.7989852787955414,0.5501486103053351,0.8064710179158763,0.7840105146914101,0.7963881406578762,0.1924386980728057,0.8276830858480058,0.43206191795092286
2024-01-29,0.7888372683874227,0.8134435001861816,0.7919138657570576,0.810751934038393,0.10065058928414777,0.8081243436696885,0.7935148985097118,0.7564846668923382,0.8102358734193804,0.8031192094391588,0.562654000134432,0.8107420735159732,0.7848269881557598,0.798985688222673,0.22665207363672205,0.8324675725401538,0.5725484496052691
2024-01-30,0.8179637723931561,0.827033414363551,0.8201154580053941,0.8240405875109466,0.10013036266935418,0.8127474810326059,0.7959268598875178,0.8195508193909797,0.8270087870140013,0.8104452192185145,0.5958078516069149,0.817227808618737,0.7847448113616599,0.8022767202081097,0.23710908475017697,0.8372335020172056,0.541168717431231
2024-01-31,0.8276340932378807,0.8321720482752833,0.8163072788903444,0.8092289478682827,0.0917720550583368,0.8153210312905448,0.7979211141789,0.6570773532716883,0.8233999490681727,0.8154413332973052,0.5716088851282708,0.8190810846734495,0.788521955233438,0.8050956378542254,0.25835792922112144,0.8327657251293656,0.44336185588555344
2024-02-01,0.8133769426220836,0.8215136791023719,0.8169860213837746,0.8236597234903128,0.11065730122753081,0.8187796384192847,0.8003671252837077,0.7292463867164476,0.8324591650335058,0.8216088533041721,0.5837754438199445,0.8223809992525553,0.7926504441504972,0.8088313350383644,0.25992906817068284,0.8379071653118929,0.5452446039506784
2024-02-02,0.8295071876645184,0.8265003969175914,0.8257330311957106,0.8241547762302729,0.06544246803666476,0.821217362347074,0.8026180312103937,0.7315541695275636,0.8377128083454419,0.8278016657912135,0.5840381387894028,0.8253715591094881,0.7965059675018423,0.8122732028166636,0.2543886476574517,0.8414357287956891,0.49632009386469683
2024-02-05,0.8287044992981079,0.8245970566660475,0.8236594231447681,0.8180625965936196,0.06647068064002154,0.8229175448708161,0.8050365415449476,0.6688744897995009,0.8334834925394794,0.8317425527602158,0.5606489930391408,0.8261124689196684,0.802033699141765,0.8153859649787919,0.24955917390553709,0.8378704875220557,0.47353145370335986
2024-02-06,0.8187662885829128,0.8203335726710764,0.8195120654074953,0.822555546769172,0.056288519720668916,0.8250525009980421,0.8072913703815672,0.6934142119534823,0.8322236786855512,0.8345934052902074,0.5493275820232785,0.8281294443707952,0.805573332119271,0.8181715798031944,0.24494861847284968,0.8410725167935519,0.5102398369520968
2024-02-07,0.8362728211651291,0.8304593219512623,0.8309359703439764,0.8325696155066401,0.06416128249121225,0.8280569684025108,0.8100359327086191,0.7441398823872105,0.838703739037671,0.838426738814719,0.5595319120482345,0.8316352086283489,0.8082949469882715,0.821317650831105,0.24022614027342112,0.8445553785868367,0.5293018969640162
2024-02-08,0.8388769491726968,0.8329012920986228,0.8261603838765273,0.820782332232637,0.08553137578518516,0.8294871031269213,0.8122795422652334,0.6267204370288895,0.8298548778340227,0.8393731788340905,0.5295478062612877,0.8326478647188185,0.8118931986086738,0.8236163312583203,0.24598129204371136,0.8403102155067582,0.45415239459423257
2024-02-09,0.8214908345069816,0.8234429543358072,0.821665177280457,0.8232615901880523,0.060742067564176584,0.8329827777533965,0.8146385281986517,0.6409881652956109,0.8230479669459139,0.8384993644958778,0.5106421212681364,0.8330873609414733,0.8165552492509075,0.826146384701507,0.2431759128813701,0.8436711090941561,0.5032109335583101
2024-02-12,0.8269671505735923,0.8214982292347511,0.822231933898992,0.8180738744918247,0.04152224427801727,0.833729229728789,0.8166266234002357,0.5909466289175807,0.8104210757506554,0.8347748533079787,0.4810339643495223,0.83204371191015,0.8221632679899263,0.8283821221912774,0.23640163618958046,0.840995813637821,0.47664515032483146
2024-02-13,0.8167041214008188,0.8265703668083827,0.8166416003110889,0.8208966384300697,0.0786031813387573,0.8334087126449803,0.8187183464491838,0.6093352222103097,0.8012115448839168,0.8295885994898176,0.465851885211157,0.831072723676231,0.8275655014277933,0.830553472211046,0.24786279676990144,0.8449938382768541,0.5044283520336805
2024-02-14,0.8271203021781235,0.8251974851472016,0.8240071922029558,0.8275723318207292,0.0525836901815897,0.8352787708998617,0.8212334407655313,0.6515886245766724,0.7985520828102091,0.8248023774041475,0.4700067297746277,0.8310466464087927,0.8321296435311959,0.8327959730143367,0.24391241963876445,0.8480637110675086,0.5177720804814514
2024-02-15,0.8316390928940747,0.8384692042693841,0.8347724454539985,0.8406186279599802,0.06515889352899296,0.8370076852255639,0.8243137310575737,0.7236255714129025,0.8072844252901378,0.8230657081274717,0.5016802618481034,0.833814961480785,0.834549134005662,0.8354138951366642,0.24422404733661,0.8515821590497424,0.5395933184951598
2024-02-16,0.844314560454205,0.8384691170623918,0.8359433017245493,0.8313869634104892,0.10179712794106546,0.8377449870981231,0.8268631134651716,0.6305046954491609,0.8030573126770928,0.8206635375803969,0.4947681743542416,0.8351527885744598,0.8364005171572714,0.8370161960340557,0.24255498724167449,0.8467567737109903,0.46316128038990556
2024-02-19,0.844314560454205,0.8384691170623918,0.8359433017245493,0.8313869634104892,0.10179712794106546,0.8377449870981231,0.8268631134651716,0.6305046954491609,0.8030573126770928,0.8206635375803969,0.4947681743542416,0.8351527885744598,0.8364005171572714,0.8370161960340557,0.24255498724167449,0.8467567737109903,0.49460670735994955
2024-02-20,0.8198443491516678,0.8221464642098931,0.8188323900527018,0.818378965133893,0.0921372337408782,0.8377772400129537,0.8289546749112389,0.5171885692710716,0.7850321565733078,0.814422892961201,0.45490067926513933,0.8348685153221462,0.8384648234698514,0.8378904827430315,0.25345021979792226,0.8422759703858868,0.4499131769018317
2024-02-21,0.8200740503466835,0.8226422085732309,0.8195500218582162,0.8245206030533,0.06383894600047738,0.8379775721727649,0.8308842577497291,0.5569022916334094,0.7751280046103112,0.80705729807042,0.4432166223755457,0.8348470614027304,0.8408715106620895,0.8390690037231058,0.2523224606965091,0.8457473339831512,0.5159699715709285
2024-02-22,0.837498015717367,0.8496813867438341,0.8401360387808422,0.8511850787532841,0.07057333053159001,0.8398753681739319,0.8336273898912849,0.6950021443315806,0.7917681773892463,0.8051518821279461,0.49992761047060097,0.8398951656588334,0.8406303650996269,0.8415429682034073,0.2756599860666189,0.8494589225491704,0.5868176890289757
2024-02-23,0.8587134010061848,0.8568894387859899,0.8572092733729629,0.8506129603755893,0.07072633835947048,0.8429165198257558,0.8361897853708657,0.6900819553645874,0.8023814677869973,0.8061705413163357,0.5302978953102354,0.8440301935870871,0.8408981390831708,0.8437994368507958,0.26669169421679273,0.8457418759787111,0.4926769486782409
2024-02-26,0.8522799246042188,0.8546011959776737,0.854036402190336,0.8527110018760519,0.04520871287775082,0.8459188074936859,0.8388937288138087,0.6998818144937051,0.8107629851987491,0.8089937178003628,0.5490401306543641,0.8448270566884428,0.8467045497097813,0.8470786829011435,0.259880098434763,0.8485486729553551,0.5016871562079868
2024-02-27,0.856607291968899,0.8501010725455543,0.8498059294710912,0.8489727310553888,0.05109033378147627,0.8490688621364322,0.8414507873582484,0.6644024927417285,0.8115932408918476,0.8114511919724111,0.5452418413203854,0.8472535212793622,0.8481611648946646,0.8490450845758172,0.2531760199449322,0.8455320702880356,0.48201524837621734
2024-02-28,0.848680202756239,0.8575758892458606,0.851845520907995,0.8583567647087545,0.05544799671951218,0.8528878204354,0.8441904490779375,0.7114539885003321,0.8193298269073472,0.815270891990587,0.559390310532457,0.8518781358921284,0.8469268122060557,0.8508105995199501,0.25592153287106223,0.8487041169218077,0.5263239353449938
2024-02-29,0.8617003011766966,0.85578334108262,0.8522231781831552,0.8469508153678104,0.10185833107221767,0.8548634042872261,0.8463558428402065,0.6071597192858897,0.8120591068031928,0.8165845548847095,0.5333618885973066,0.8527373278755446,0.8499603565474182,0.852751332032407,0.25486999703212254,0.8438765483812796,0.45638759831367776
2024-03-01,0.8528926997872168,0.8529231938840639,0.8519588840640057,0.8489345506708402,0.04722433599702961,0.8557111900585272,0.8483917401739549,0.6183996468451483,0.8062068709899879,0.8162332632725857,0.5160691925013612,0.854544343687585,0.8507132067135889,0.8540516833168864,0.2495978182680094,0.8467552454697471,0.5013241359804689
2024-03-04,0.8513990269988903,0.8456388484606808,0.8369253427199085,0.8389018029144703,0.08730422648422695,0.856477307569067,0.8497212107142997,0.5321609861637313,0.7897820120529935,0.812016760174186,0.47592399494313226,0.8549718847529766,0.8518038945335681,0.8548103953331577,0.2587900000771697,0.8424468423115565,0.46069568280460793
2024-03-05,0.8416721187886247,0.8379732203073972,0.8352255208159419,0.8345149354689091,0.09357958753169812,0.8581223259911719,0.850860531224858,0.4968214741947448,0.7707819231572294,0.8040910512478467,0.4373991169964816,0.8546922294862807,0.8538070773984662,0.8556568430590458,0.2564595388505,0.8379145881979314,0.4796399341479782
2024-03-06,0.8406383691921477,0.8418252842353681,0.8413826373298087,0.8385204689814113,0.05904674083126093,0.8595495743611545,0.8521297521711395,0.5248515578370139,0.7581874796891999,0.7947327990103038,0.4225203103792512,0.854812406868517,0.8553439794177699,0.8564782139415063,0.2503788126125497,0.8412150070961335,0.50832872674507
2024-03-07,0.844008376203129,0.838659995007279,0.8294843371122987,0.8302427266550995,0.08216724367618647,0.8574145583510571,0.8530632310121782,0.45710509116679415,0.7387436763635788,0.7825873748067664,0.39357194116300165,0.8547863482219094,0.8551288543057342,0.8563584990613476,0.25938873725288714,0.8370898473403435,0.46635528260544545
2024-03-08,0.8368088156896407,0.8405667285451975,0.8395694338542102,0.8370327262431919,0.046675547921031645,0.8560300903047933,0.8541045110949792,0.507058773373394,0.7288895717991571,0.7705099478294966,0.39427817990093744,0.8545844091475174,0.8570302462842073,0.8571945570321499,0.25764707538565723,0.8399489683862195,0.5179612756536021
2024-03-11,0.8385321523588136,0.8371343110562072,0.8363965743759217,0.8390163440681156,0.06065434307619178,0.8546339570750743,0.8558255171351905,0.5214338030397507,0.7219610029112923,0.7591878900920235,0.4021236619576694,0.8545391144252488,0.8587172465184497,0.8580051150746743,0.25205006314715617,0.8433067327177384,0.5013861011886397
2024-03-12,0.8456549826657389,0.8512833689486036,0.8450844040335431,0.8518337928562886,0.12950174530929004,0.8549256345677532,0.857238322241133,0.6072317499780893,0.7279976514443861,0.751576651943591,0.44066530089099415,0.8551243552870476,0.8616231050852655,0.8597420113507833,0.2557603334640336,0.8491203807271023,0.538331602327827
2024-03-13,0.8584836119476627,0.857461443983229,0.8584179949914618,0.8564875705593699,0.08451948401680232,0.8547350752926439,0.8583541739733158,0.6352432273941444,0.7361403597119869,0.7474386908170078,0.4767397544394427,0.8563420892861371,0.864062206611475,0.8615731104906347,0.24713940975176232,0.8533294482044839,0.5102945251223311
2024-03-14,0.8749503872627324,0.8686738760982179,0.8611753979108961,0.8613322501851933,0.0784134516321855,0.8562012235762433,0.8601460065161441,0.6637095943890259,0.7460269993163428,0.7464972050715537,0.5099392665802638,0.8587233485833743,0.8651014669693083,0.8633100067667437,0.2530957619145635,0.8573207049180113,0.5108681794510033
2024-03-15,0.854232853150354,0.8556690092006211,0.8539608744947279,0.8484767384905781,0.1673722027618933,0.8561545508658477,0.8609994636506437,0.5421205268835523,0.7398586577771091,0.7442660541991961,0.49654443385575736,0.859209092979639,0.8654145911380456,0.8637142945606445,0.2540780592500428,0.8501561644230387,0.45164771195736764
2024-03-18,0.8554583289852735,0.8579572818129514,0.8562649634957428,0.8561441820546466,0.050078442013093395,0.8579123646655515,0.8620995793023007,0.5913895674808949,0.741250883509013,0.7428147170258822,0.5046438030928306,0.8603893277529706,0.866764975222737,0.8649880156758921,0.25132614076078175,0.8531366714876614,0.520533913131023
2024-03-19,0.8661427335735234,0.8649364789820059,0.8638196177969614,0.8649181519019816,0.1010728908890979,0.8610118901409491,0.8637109418279074,0.6429536182631082,0.7496328133189367,0.7436619952329967,0.5285178831749511,0.8609293317055544,0.8710480531639747,0.8673823858078921,0.2476339095188219,0.8579362222720639,0.5240663897035551
2024-03-20,0.8698957090442923,0.8718393558451117,0.8693722423820737,0.8722805048239816,0.09107229925883009,0.8644536342529492,0.8654209831126511,0.6826849880901555,0.7620150962541029,0.7473066682806963,0.5575724301052832,0.863423342424585,0.8734274012005846,0.8698395598637435,0.24508951671079146,0.8623790378862648,0.5191288444689103
2024-03-21,0.8788182508199416,0.8759962146248333,0.8738292989159441,0.8764384074403585,0.0697042460692289,0.8691631586469368,0.8669296308471708,0.7042424561343343,0.7742568865108524,0.7531555945255026,0.5804664374268511,0.8677957600752533,0.8715117967975027,0.8711388050835452,0.2421583258168842,0.8660596249870645,0.5083632336624915
2024-03-22,0.8789331659623998,0.874203795627497,0.8549053347638819,0.8493161195601119,0.1449126937334114,0.8704154172885161,0.8679109077803016,0.4764006986366976,0.7556608631811844,0.7533790449941696,0.5220386289630671,0.867737703299051,0.8714371458373359,0.8710720846028027,0.26811716408905106,0.8596962467704987,0.40520877094241325
2024-03-25,0.8521650492336648,0.8475457899525846,0.844140002186429,0.8414958369797437,0.14032449900136892,0.8706681948675783,0.8685379835191209,0.42497035427654245,0.7319911008836676,0.7478864242474556,0.4626698702254997,0.8674719826632993,0.8705459128337806,0.870495081485258,0.26606804333671363,0.853496535913742,0.46818322355806963
2024-03-26,0.8564540532614577,0.8499484641890297,0.8379830590869907,0.8391689481282031,0.1450820223962658,0.8693770482889567,0.8692634430918198,0.4098695972250698,0.7099878008137018,0.7382202383463464,0.4193220228333865,0.867436235667008,0.8695625806380517,0.8699906918160006,0.2784425735545307,0.8471271175055959,0.48668720604439236
2024-03-27,0.8415958347182761,0.8389650885792609,0.8325817645601755,0.8331418513624415,0.07241962498801438,0.8669970155200013,0.869684555958959,0.3708149896923711,0.6859225287338784,0.7247211425875083,0.3795123192744038,0.8668050777289182,0.8675939003204266,0.8686934230068523,0.2807729703845768,0.8433496690193334,0.4740490592652906
2024-03-28,0.8348557777381485,0.8334350012284714,0.8331103818906286,0.833370581235413,0.08575578726607652,0.8641463991901381,0.8698839577536759,0.3726521407742513,0.6666334395289454,0.7093001137635973,0.3595505699975524,0.8669421596159019,0.8660378534590113,0.8679947406866343,0.2728923344856874,0.8476028371725907,0.4953912931612744
2024-03-29,0.8348557777381485,0.8334350012284714,0.8331103818906286,0.833370581235413,0.08575578726607652,0.8641463991901381,0.8698839577536759,0.3726521407742513,0.6666334395289454,0.7093001137635973,0.3595505699975524,0.8669421596159019,0.8660378534590113,0.8679947406866343,0.2728923344856874,0.8476028371725907,0.49460670735994955
2024-04-01,0.8420168466783491,0.8375920301420864,0.8318639059872258,0.8303188524679838,0.07024283362336817,0.8622952519462177,0.8695297484792208,0.3515989223177,0.6480983018494355,0.6925221886519252,0.3454574551106662,0.8670534183744794,0.8639844988493605,0.8670369914250206,0.2745453301312435,0.843903037896162,0.48414096187643907
2024-04-02,0.8329793945612047,0.8316425692604809,0.8325816473469628,0.8309292687083335,0.10754206185188436,0.8597246599021529,0.8695140083586232,0.3572011893680948,0.6339462273326563,0.6757089480863696,0.34509065865514377,0.867321321985586,0.8628761994243469,0.8666268167076442,0.26502469069022094,0.8489333531082899,0.4967061162422438
2024-04-03,0.842476422656188,0.8360283308859228,0.8309950369606524,0.8252833883975245,0.05907530229246529,0.8556840032346631,0.869751451471499,0.31600138521175897,0.6172715544504686,0.6582630292844243,0.3385194806275398,0.8679062688266022,0.8613073459292236,0.8661518676998324,0.2661025818272238,0.8456319153825923,0.47519995072215143
2024-04-04,0.834357849481518,0.8306890385219906,0.8196632678425396,0.8139919802102257,0.04850756164685386,0.8497416462027556,0.8693893721367449,0.24234791015349105,0.5932898698908539,0.6385601751493535,0.31507830149771,0.869724853325117,0.8568641039223196,0.8648899143874661,0.27721109496852514,0.8427074438302208,0.45558699731953267
2024-04-05,0.8257032315965991,0.8264176042052432,0.8252157631649476,0.8259700479288646,0.05612735147530148,0.8445965337982262,0.8685222272382354,0.35576193913229,0.586611340054573,0.6211976861629399,0.3393860066736994,0.8699448122331102,0.8561907543821833,0.8646700915878819,0.27767094567588313,0.8459037240037067,0.5364464653316625
2024-04-08,0.8262778504838795,0.8264941746376547,0.8256692330799668,0.8283353521211664,0.07959467206342277,0.8424576014483034,0.8677561003005629,0.37653946868366966,0.5841654044007121,0.6067216378297741,0.369365409010718,0.870117878085886,0.8551055704475291,0.8642226249630701,0.2709596415580603,0.8499371165115114,0.5027751781924692
2024-04-09,0.8315623741143672,0.8265702362007267,0.8187567299101165,0.8243678815151064,0.11573512100879083,0.8407114528320547,0.8667813804043243,0.34731964821248834,0.5788707918350011,0.5938721862648869,0.3862597106141334,0.870419979351942,0.8532668264992781,0.8634689839209216,0.27641466577785756,0.8446145433549669,0.48093581370267113
2024-04-10,0.8230992249182554,0.8220700295731823,0.8217784506936449,0.815822993975062,0.07415983401710832,0.8383313961099501,0.8656413609613056,0.2881637610560725,0.5669284886370315,0.5807311956477544,0.3832317022141046,0.8703598105537156,0.8495809655955832,0.8616162832774762,0.2689718053893694,0.8407750191648728,0.46505253673033453
2024-04-11,0.817661424937677,0.8207734842721103,0.814450660519649,0.820400645865259,0.1318193038755863,0.8370324647579757,0.8643360500516524,0.3331598223336711,0.5627462278116733,0.5692163147176457,0.4001209448515926,0.8689604097821795,0.847279041685166,0.8597596660771397,0.27216838663894216,0.8466713377481554,0.5105686238503552
2024-04-12,0.8235971877929666,0.8227567012120752,0.821552049266722,0.8214688742858708,0.15091672089944122,0.8358191180065873,0.8634597261095087,0.3437861664238478,0.5612596427415456,0.5596482175286802,0.42034080039348093,0.8663371270521445,0.8458560017698998,0.8577087562258429,0.2665449393648841,0.8532488880589487,0.4983153230326184
2024-04-15,0.8325582631490387,0.8262272025168477,0.8075006333790394,0.803616196383451,0.17599164373249337,0.8330968546244553,0.8619012279263096,0.225305691772635,0.5433996433762877,0.5477144038906665,0.395769789324357,0.8666273584077979,0.8408847935351619,0.8554007497997339,0.29057255614589894,0.84577687998052,0.432689673162292
2024-04-16,0.8044115653822574,0.8118113057993265,0.8068585361229194,0.8038832241190775,0.13456936456869134,0.8303395837153831,0.8606969390175656,0.22813789680432756,0.5306338781646376,0.5351086184262405,0.3887904967757664,0.8650973621116833,0.8370350286168838,0.8527120032736252,0.2900781583961499,0.8517712970969383,0.4955487954151584
2024-04-17,0.8149808883852767,0.8113155528887465,0.8118822910661,0.8089949314805275,0.08772448798480531,0.8286790196997211,0.8598193060920867,0.28310193268335576,0.5267423100809419,0.524091552901928,0.40529139875409725,0.8606558603353582,0.8358299772946979,0.8498348389318925,0.28134343634346237,0.856094691573991,0.5126364305176035
2024-04-18,0.8121853877255194,0.8080738069183472,0.8056874709373735,0.8039594674100682,0.13446123903698914,0.8276562322234422,0.8586307532638686,0.24940927317906342,0.519925105644381,0.5136444677484289,0.4112113787272151,0.8534411396893777,0.8362166273995549,0.8463198258272097,0.27727574080484907,0.8501041314473768,0.47693318246753524
2024-04-19,0.8079729925385803,0.8036881000216664,0.7997573091423925,0.7978941902597582,0.12780233836763089,0.8247939746632724,0.8575182871120399,0.2109458161702052,0.5098863925924966,0.5028814789902776,0.40793031308225547,0.8430158904444969,0.8388758338295556,0.8422788457259521,0.27615177758144194,0.8443511036739938,0.47321518277096125
2024-04-22,0.8059816229032779,0.810400205155901,0.803798808109904,0.8076214949397408,0.09839015364026024,0.8226822530903624,0.8565068348809772,0.3156748545639874,0.5128813369267693,0.49498869006798024,0.43774103362137384,0.8387233704667612,0.8389970124868246,0.8401337209227743,0.2794672791232429,0.8490549574472142,0.5291159687219008
2024-04-23,0.817699799153234,0.8147097212679902,0.8164526452598148,0.8144116120059394,0.09786584681672314,0.8216672384108623,0.8556606781566216,0.38101616834039836,0.5231814924388937,0.4911424223506127,0.4797693660353368,0.8355464850539149,0.8394795232043665,0.8387402788832988,0.2709220325337418,0.8537401084585533,0.5184702394824396
2024-04-24,0.8504800865852937,0.8456389444098439,0.8231761522403297,0.8178829725690825,0.14619999959197913,0.82187724764278,0.8544931094624855,0.4130772767850908,0.5358423818717113,0.4910990140241287,0.5192669568076027,0.8325917599943709,0.8403346877675762,0.8376451479270316,0.3029759305012839,0.860149406685808,0.5067274101193455
2024-04-25,0.8137170441320851,0.8197818529931565,0.8080670557199242,0.8184170280403352,0.13105018452744044,0.8216750231842154,0.8531838635226827,0.41815152677099027,0.5473362373084598,0.49381826663487366,0.5479607474333577,0.8307141298839715,0.8407533856301276,0.8368875782398534,0.3127774165781857,0.8660182897001052,0.4964652607675811
2024-04-26,0.8215293455935835,0.8218794935281327,0.8206832284707658,0.8159757155132555,0.10607930701734702,0.8211150105423421,0.8516240523160765,0.3957897929966235,0.5548752166422072,0.49780004195749206,0.5610736712332256,0.8284635005783685,0.8412818138280053,0.8359926389461604,0.3042533241417311,0.8610401530104241,0.48611507793316666
2024-04-29,0.8112279473353967,0.8131078773802366,0.8103334730041268,0.8057523007903561,0.05075167645576748,0.8213327805944644,0.8501547589231226,0.3097780749631794,0.5516197797075444,0.5002054449369215,0.5447010149458925,0.8266593517228793,0.840599709030066,0.8347287273553486,0.29943370128257263,0.8580356307262653,0.4589636533464389
2024-04-30,0.8043732753226815,0.8039931460213977,0.8008526312013703,0.7934309620451,0.09660914252373151,0.8202672008178924,0.847998051315701,0.2248554654886516,0.5378927627183105,0.4988407125327267,0.5055433051195929,0.8256346294537726,0.8377614706035671,0.832799496706725,0.29540043577895514,0.8533953081247272,0.4512259144115883
2024-05-01,0.795259035108647,0.7995310855230996,0.7937891037538226,0.7885100391282861,0.09137627481021929,0.8181788215884671,0.845370376352389,0.19500201021972946,0.5233546589187803,0.4942655317870299,0.4721986657957902,0.8258194883205197,0.8337415784509755,0.8309075640096061,0.296077485278167,0.8489416492750387,0.4770728567415309
2024-05-02,0.7998543341275695,0.7940391973612536,0.793562361774199,0.7896160954991275,0.06978789034847022,0.8167165537149699,0.8425275473535463,0.20833620951167203,0.5142404195773809,0.48842157459914715,0.4590207889552517,0.826603634858265,0.830389310340686,0.82965346194323,0.2879881903558573,0.8526252200849324,0.4985667395825279
2024-05-03,0.7985141125400959,0.7939630825835434,0.7929959111552997,0.7929731498648379,0.04531275820070955,0.8162148669903733,0.83965717718373,0.24957962599823819,0.5116807157590714,0.4831330923427563,0.4647901112659608,0.8249569491660713,0.8286660325912868,0.8279558218970716,0.28129799134155664,0.8554357285045955,0.5066130029843348
2024-05-06,0.8010033334531879,0.806662814391799,0.8045922132403357,0.8089186881895366,0.04728553912818181,0.8163471123247807,0.838267909537388,0.41670846479016027,0.5265955130911705,0.4824759588185261,0.5128926304874354,0.8221639225950108,0.8295477224657387,0.826956864171131,0.28355103936391923,0.8583166087948391,0.5514480082990302
2024-05-07,0.8165893326747964,0.8261128305509874,0.8169060102883189,0.8233762488198039,0.0966234232543337,0.8172610327398602,0.8376447769088617,0.531968678310569,0.5535761279436878,0.4884149282304309,0.5814016516434012,0.8219633926956045,0.8296529128937659,0.8269058461823685,0.2914548828120236,0.862957440810125,0.5453537256136931
2024-05-08,0.8322133663497777,0.8286677838274815,0.8248004151730742,0.8261608323735005,0.15073923181909987,0.818104938101059,0.837197427814012,0.5518098219186767,0.5782877910749822,0.4990871289906156,0.6305623530022243,0.8237200768002149,0.8289032690281873,0.8274377121905566,0.28881262390724216,0.8695286598357679,0.5042467920294418
2024-05-09,0.8283839373743156,0.8295832027626601,0.8303907323567227,0.8313107201194988,0.1490887873823625,0.8194194150465912,0.8371344552114053,0.5880630398970983,0.6032531517768284,0.5136067019042646,0.6705222661219266,0.8258997983681391,0.8277735277199022,0.8279990188601903,0.2785258324863722,0.8760410051868508,0.5123884023784799
2024-05-10,0.8389149339744508,0.8381258437063356,0.8411180787915428,0.8397028861213495,0.1498558666261366,0.8218383357525889,0.837352223173534,0.6428947532280591,0.6313033278348849,0.531943308124519,0.7101670712571952,0.8298637572215626,0.8255517871228627,0.8289371309407249,0.26960529255551546,0.8825807133335264,0.5234429996636111
2024-05-13,0.8462294373057788,0.842397385746115,0.8405895098341881,0.83455335080967,0.18131427603836214,0.8247745247064644,0.8374978475695662,0.5900504356800327,0.6482085800233777,0.5506631672853466,0.7141476464647145,0.8333279863632679,0.8251716953210745,0.8305288003202597,0.26485974066203777,0.8749188394739764,0.4770510650932389
2024-05-14,0.8384937759477653,0.8341595677757602,0.8223451173895261,0.8282588738739632,0.3444757033769848,0.8283251358796635,0.8374060126924348,0.528746856993634,0.655069787727569,0.567283030728181,0.6923364872902134,0.8352609800086945,0.825700020856928,0.8317828902984971,0.27732057725083514,0.8614367679997345,0.47304408130365816
2024-05-15,0.8297242645096541,0.8407955441600355,0.8329215352240983,0.8426021283067976,0.40082950643754933,0.8338396776978076,0.8380016041499871,0.6256704921946579,0.6741647382379448,0.5851541571980478,0.7053324647667064,0.8396611047062528,0.8246251817077951,0.8335119292845466,0.2821949734599323,0.8769290588959432,0.5440334781525537
2024-05-16,0.8492982600219696,0.8452674620448358,0.8431459013936594,0.83824533525645,0.1775013209675807,0.8387972968302719,0.8388356770189249,0.5837430650940258,0.6843405447596648,0.6018892272190453,0.6935330559273459,0.8426583782427948,0.8250789662752479,0.8352758848588061,0.27702889414493026,0.8694031985070393,0.4797937601502502
2024-05-17,0.842814282145065,0.8396507320186927,0.8387559820118687,0.8392388476014533,0.09255749524145657,0.8435139592625955,0.8392919910335912,0.5905099965705309,0.692644404269688,0.6172669251878835,0.6794349996146618,0.8451556582238191,0.8267871484101276,0.8374030043796096,0.27026982851432857,0.8738989931510049,0.4979983761231284
2024-05-20,0.8396302314101796,0.8372056207910256,0.8390589110376981,0.8332771861409022,0.07793198700045495,0.8459972420793618,0.839461940703268,0.531270483764297,0.6925856911254531,0.6295550156304746,0.647345447733999,0.8467336153169429,0.8278177032793143,0.8387229505366834,0.2594366356830585,0.8699249109581155,0.47427357843305595
2024-05-21,0.8349496786234218,0.8301754561682934,0.8265709850580664,0.8233789508162489,0.10072607314590215,0.845997517540573,0.839427931376987,0.44258441349665395,0.6821262820089519,0.6368793666867794,0.5957906236325041,0.8471587383191832,0.8283092916367273,0.8391843064326924,0.25931379750724637,0.8651377316504437,0.46065824461291727
2024-05-22,0.8254733038856112,0.8288380994055359,0.8274791095931445,0.8219647493725751,0.05225931358648309,0.8455697382565328,0.8396391463422959,0.430555964323684,0.6719337314076728,0.6402966667302189,0.555210868724272,0.8473688983957777,0.8285157482734863,0.8393943076197022,0.2547694183783481,0.8620794298292023,0.489710827432158
2024-05-23,0.8243606376107753,0.8263928298443418,0.8195700087151773,0.8168054633780727,0.09129467063534971,0.8440909666635272,0.8395155080182075,0.3867640612731162,0.6584041738368756,0.6397887641387965,0.5144425858522684,0.8473081446920787,0.8284111403556814,0.8393113950773682,0.25972683252729134,0.8576286819152151,0.47672158761607347
2024-05-24,0.8234783602066067,0.8179871223966902,0.8207810527213745,0.8177990932011822,0.055058336784509894,0.841857934368627,0.8393893042483849,0.39663864637684204,0.6484311406998856,0.6369928586322573,0.4906787298854457,0.8473691583712022,0.828537525876779,0.8394052050766078,0.24838082443597717,0.8607868288310133,0.4980681694017513
2024-05-27,0.8234783602066067,0.8179871223966902,0.8207810527213745,0.8177990932011822,0.055058336784509894,0.841857934368627,0.8393893042483849,0.39663864637684204,0.6484311406998856,0.6369928586322573,0.4906787298854457,0.8473691583712022,0.828537525876779,0.8394052050766078,0.24838082443597717,0.8607868288310133,0.49460670735994955
2024-05-28,0.8204858372023296,0.8150069091967164,0.8089741985705444,0.8043848556329908,0.09325725104096327,0.8387823380888595,0.8394157384396248,0.29055375321595917,0.6272690638615771,0.629685605779504,0.4438225795530198,0.8474172127706565,0.8283452445282949,0.8393348521102301,0.2528450708319401,0.8562660729134085,0.4479204139882599
2024-05-29,0.8004205290248809,0.8023219619570311,0.801519176611878,0.7962826255974954,0.07811151618516804,0.835522446282388,0.8391543538599466,0.2369561899516726,0.6027763047658549,0.617971228654574,0.39804892002665,0.8471456810977054,0.8289242788759775,0.8394815658478464,0.24825650437568827,0.8522855866619762,0.4660428253834341
2024-05-30,0.7992696116352478,0.8042323569207853,0.8017083474515482,0.8056076852414972,0.06652780356243027,0.8317509631242996,0.8390378664633367,0.33274908800777575,0.5929949326832838,0.6062560663687893,0.3980407651203186,0.8455882234955581,0.8323226496101895,0.8403612136462698,0.24684384114805716,0.8558528655906005,0.5277408229044397
2024-05-31,0.8097817944540571,0.808511651598646,0.8043574074004421,0.810040956539048,0.1482972268861275,0.8288756031917484,0.8392470088716988,0.37485084900359084,0.5900674688506077,0.5961825030865316,0.41509088425144064,0.843723141718032,0.8363870660952449,0.8414120415747411,0.2481901748919765,0.8623369748653801,0.5102174824845757
2024-06-03,0.816112111971018,0.8099253342812479,0.8007623345241489,0.8020918004760652,0.06524049770386253,0.8250885624635282,0.8393913646851161,0.31610569600119304,0.5804347250505197,0.58581560387744,0.41204421299542043,0.8425905550699444,0.8385133290110428,0.8418811822319782,0.25779473100570993,0.8588156159474448,0.46673470299264586
2024-06-04,0.802837572254878,0.8093903031090534,0.8054925843397155,0.809888117522748,0.051973698974439535,0.822704110338623,0.8394693138347082,0.3896113434701544,0.5810554951002838,0.5776708237960482,0.43512378100772064,0.8425477398645969,0.8386587354756093,0.8419310578916473,0.25791577747635774,0.8618637294937315,0.5221531062350752
2024-06-05,0.8178001308175771,0.816802615188215,0.8157478608416705,0.8178372735857308,0.07605101076971099,0.8221391513715273,0.8395871223348692,0.45756549987055156,0.5898520286696729,0.5732626885954997,0.47393364884523254,0.8423316032984263,0.8383068091871263,0.8416460860693323,0.2531548809862836,0.8657707146187045,0.5224828034131282
2024-06-06,0.8226726038762444,0.8252848342064768,0.8235434883250009,0.8275446069876419,0.0657219623355931,0.8227080027252998,0.8399193859381009,0.531496887235551,0.6066731138191684,0.5737665878199497,0.524951450356113,0.8424501245291587,0.8383276685778785,0.84171727916134,0.24974672069075024,0.8693092480572778,0.528390432953627
2024-06-07,0.8338369543398452,0.8374348281745415,0.8340636422064883,0.8337740010524569,0.05864688037439996,0.8244378991301018,0.840447512232958,0.5746503755646855,0.6261885445763207,0.5788456918666034,0.5724708427901067,0.8427614222167688,0.8382605425162853,0.8418440112059281,0.24911357944749749,0.8725954033705433,0.5160876444544329
2024-06-10,0.8354867098673235,0.8306720329825957,0.8208944685226384,0.8199010114791528,0.07289088909788624,0.8246521839990768,0.8405825031594285,0.4565966661175915,0.6279348381353209,0.5833273948666126,0.5662660637956877,0.840570725732094,0.8384761350844893,0.84082523497683,0.26004466412622107,0.8688011442306055,0.4470480312342331
2024-06-11,0.8216751207654172,0.8165351568584492,0.8165047810870033,0.8184870449916918,0.09392028496177865,0.8260898639653524,0.8410204510066832,0.4455122404422382,0.6279229560712383,0.5869099102708167,0.556926842952617,0.8390533043780233,0.8383808327025647,0.8399986480625844,0.25456201650885635,0.8642567369604272,0.4896954442456854
2024-06-12,0.8302307328068257,0.8270043277624387,0.8077254373471071,0.8018626006906685,0.12027843344465503,0.8266587272956991,0.8413104150558448,0.3283793545280181,0.6116597184520628,0.5858791779775289,0.5090123262803852,0.8386747146690174,0.836026690017268,0.8386406000927918,0.2803568708619232,0.8587720974587094,0.43678567756143105
2024-06-13,0.8054848230399672,0.80507281551648,0.8055304768530968,0.8051873485771456,0.11670009037662368,0.8266158751125341,0.8418839477201572,0.35659186387620817,0.6023571643475044,0.5828256584903948,0.48800307703139995,0.8351153138752947,0.835831432076208,0.8367156667774237,0.2716511299494151,0.8641290924299224,0.5063565053358141
2024-06-14,0.8046406168918518,0.8038882249078471,0.8053410399336859,0.8031616735901655,0.1406937578926538,0.8259145508694405,0.8423497801445072,0.34272380607938174,0.5933820844264965,0.5782323735301259,0.4720106302191571,0.8320812681536733,0.8353328217371444,0.8349106659287079,0.2619218046038977,0.8579162095891171,0.48747085224219766
2024-06-17,0.8004205642546667,0.8049582288722731,0.8043195202462149,0.8051109878080488,0.15540087030852498,0.8262223488312477,0.8427672003858182,0.36082290331044947,0.5886529101620016,0.5734246142145186,0.4697830379135851,0.8280541846536993,0.8359657637044836,0.8331548396276253,0.256368332396414,0.8646537158167001,0.5014870135612901
2024-06-18,0.8092445410103617,0.8128672023411295,0.8130231823194288,0.8144741103584926,0.10336392809856154,0.8266898783656862,0.8429582513516658,0.44357213655926514,0.5945539994623661,0.5709923342039132,0.49445544881099457,0.8251387781441077,0.8370385116977154,0.8321874500755154,0.2505784758386266,0.8695349911209184,0.5275926549817078
2024-06-19,0.8092445410103617,0.8128672023411295,0.8130231823194288,0.8144741103584926,0.10336392809856154,0.8266898783656862,0.8429582513516658,0.44357213655926514,0.5945539994623661,0.5709923342039132,0.49445544881099457,0.8251387781441077,0.8370385116977154,0.8321874500755154,0.2505784758386266,0.8695349911209184,0.49460670735994955
2024-06-20,0.8164956743681728,0.8286852639918793,0.8198348779475985,0.826703698702726,0.17388829612522977,0.8275937863645759,0.8430726823516164,0.5359885866319083,0.6115194499268995,0.5731115081567686,0.5417281579988629,0.8257212257702506,0.8367792508878608,0.8323585032801081,0.2591896284767914,0.8769319698316446,0.5373053389763911
2024-06-21,0.8317654258081644,0.8267750643695847,0.8254356822072207,0.8205890807477688,0.26427104010641184,0.8268846893247037,0.8428810698157578,0.48395674015261375,0.6190218115414533,0.5766044467834557,0.555996472792324,0.8255350109818587,0.8368295890294243,0.832287727228881,0.2546543135255641,0.8663109115114844,0.4735047951698631
2024-06-24,0.8246675731149546,0.8376641238731334,0.8280466399639262,0.8247163215784007,0.45920097272176447,0.8259612834627081,0.842654288452948,0.5147743853972577,0.6290398712118426,0.5817991696773939,0.5736716933728429,0.826543359944947,0.8366050619124284,0.832694728809887,0.2644297757278177,0.883885394714876,0.5089328641824366
2024-06-25,0.8305374989278373,0.8282649098536922,0.8214620706722754,0.8141301344632378,0.34038937432039024,0.8253729581989784,0.8417748415351314,0.4274370875745997,0.6265268050262808,0.5853528060722708,0.5566268972604227,0.8262580875558028,0.8365196399233564,0.8325059664823148,0.2686338103642745,0.8705490883458796,0.45800438349108846
2024-06-26,0.8154214994952886,0.8150068623097259,0.8147261729813656,0.8143977495893956,0.21484543149227514,0.8249560656210584,0.8410816904183922,0.4296666034415941,0.6248382466267756,0.587791129028439,0.5450429312872048,0.8263616438935106,0.8374542645543063,0.8330211145948841,0.2618414537790379,0.8794070656851185,0.4955413716637511
2024-06-27,0.798540789544794,0.8002206017788781,0.7948589934505549,0.7876074548375612,0.1813285567689643,0.8235027921549278,0.8396836881363383,0.2540372293737037,0.5973555580158705,0.5831568120395499,0.4715844597751798,0.8277343075252075,0.8351246523199211,0.8325747902991655,0.28331864202305235,0.8717446824118208,0.4010637006466162
2024-06-28,0.7935147422933726,0.792617125165814,0.7749915189868768,0.7718617467716834,0.2512674148409433,0.82010533741502,0.8372509264477268,0.1799706524852367,0.560777252617199,0.5706850325505967,0.3901823213572777,0.8324902613774805,0.8266691564207495,0.8308386132673006,0.30484423857603216,0.8615874816956725,0.43818214196083294
2024-07-01,0.7804320615300324,0.7818042618922186,0.7751806964394102,0.7748044558564636,0.1288305509709877,0.8172143959591878,0.8350691946342013,0.20613346188956222,0.5357646044046983,0.5547144663544626,0.3538429168841707,0.8349892473684726,0.8204041686372657,0.8290257490844563,0.30660460707293324,0.8673771872588927,0.5053174010756759
2024-07-02,0.7783218931305527,0.7912034778681886,0.7793434067985751,0.7938750292869249,0.14396812540929596,0.8160689204548641,0.8335091329431297,0.3573204649466894,0.5358695086708244,0.5419631489298439,0.3872789600037893,0.835161223324032,0.8193701437922404,0.8286030087470541,0.3168468395900834,0.8737068713947151,0.5638155879246507
2024-07-03,0.8006892043908922,0.7970111084590273,0.8011029353262519,0.7967795579871565,0.06889228452927651,0.8142650088203354,0.8322539795276289,0.3778801004441909,0.5398437800382379,0.5327143482203309,0.42365710541140444,0.8349529997135821,0.8182220692168897,0.8279285933649813,0.2995855467076354,0.8773584946852864,0.5049514154158796
2024-07-04,0.8006892043908922,0.7970111084590273,0.8011029353262519,0.7967795579871565,0.06889228452927651,0.8142650088203354,0.8322539795276289,0.3778801004441909,0.5398437800382379,0.5327143482203309,0.42365710541140444,0.8349529997135821,0.8182220692168897,0.8279285933649813,0.2995855467076354,0.8773584946852864,0.49460670735994955
2024-07-05,0.8004206154678983,0.8000676852748937,0.8014435027014776,0.8020153222288623,0.12945482290874002,0.8117480957826839,0.8315192843502879,0.415091413096709,0.5490839816682727,0.5275293013728982,0.4658644211560887,0.8339999109072078,0.81756569225722,0.8271145781148305,0.2880507729363576,0.883170468906622,0.5132016079665023
2024-07-08,0.8052161405671208,0.803468057864075,0.7928531201965,0.7868810877062907,0.14117930273312784,0.8083116572931386,0.8303127572416436,0.32554436368807677,0.5424252218872744,0.5217857952104397,0.4600641021801281,0.8318697955546459,0.8155468169218675,0.8250225021076917,0.29733971884896304,0.8769402659983935,0.4411295955707904
2024-07-09,0.7927474281486795,0.7886052805661986,0.7850955641816177,0.7832123639245588,0.09772915982381661,0.8040804413505396,0.8291574905668144,0.3056544227631271,0.5345977734028414,0.5153154985451822,0.45251544710086505,0.8281042850121827,0.8141973010168041,0.8224211830436666,0.2943195558618251,0.8722599908043541,0.4814504979528325
2024-07-10,0.7625152914097159,0.7730547867058352,0.7646227469589173,0.7738873042805571,0.16309818410309873,0.7999777939340103,0.8276473641659345,0.257003512777573,0.5204126767045328,0.5067404484740763,0.4306548732126928,0.8272876728068177,0.810256399063399,0.8200538480335401,0.3124010972210044,0.8652479105667402,0.4610456859346758
2024-07-11,0.7740633325323603,0.7736278305558629,0.773137263238429,0.7721674248042832,0.1461265558345965,0.7956725268319622,0.8265394067344829,0.2482292800146751,0.5088451141444678,0.4971087685881969,0.4196804122263769,0.8262022645129474,0.8065630135842302,0.8176707742670178,0.30349517605360554,0.8588412321816168,0.4883594098020203
2024-07-12,0.7825420335868185,0.7880320619821147,0.7841115000542705,0.7843587152858621,0.10173796491428502,0.7953413266437979,0.8261293434643235,0.34859818745166476,0.5130635876743787,0.4904141898421929,0.4501859889399563,0.8258430607112437,0.8051143392560737,0.8167702260770363,0.3077568588142279,0.8636645070919854,0.5389663077055319
2024-07-15,0.7876448324616483,0.795062390504976,0.7901285489087285,0.7947158200937344,0.10617315181844705,0.7976712374489339,0.8257547722268777,0.4236913850496485,0.5278083532426348,0.48859143875366445,0.5007861914058358,0.8251734137929578,0.8047203117312794,0.8162314819180118,0.3062711713277645,0.8686459913577229,0.5318399991521915
2024-07-16,0.7985789644850902,0.7987685749194421,0.7981511648136034,0.7977731878102662,0.12707810131566333,0.8000128373906741,0.8253328836659106,0.4448981844862265,0.5434939244581208,0.4908915710403784,0.5436076432711047,0.8248002447474418,0.8045472535439199,0.8159542525484399,0.29761323935891393,0.8743731845767565,0.5054868397494192
2024-07-17,0.7982721948032248,0.8090848350363308,0.8014435472354348,0.810958343071167,0.07515336484614554,0.8017544349086545,0.8256378040616974,0.530081156643206,0.569641589329883,0.49899677455281505,0.6039007816992872,0.8254582611578911,0.8044720345685586,0.8162550900526052,0.30115599848308094,0.8782481494090145,0.5413887800347729
2024-07-18,0.8130428030565495,0.811797374035569,0.8026543575245612,0.7973909140523566,0.0797660408306489,0.8018167610017768,0.8252080252400711,0.43699402309120866,0.577527288625653,0.5073703862535001,0.6066885462968356,0.8237075747807894,0.8045133150554687,0.8153761856747027,0.3069139259678818,0.8742086439362371,0.4470773130330916
2024-07-19,0.805484931587507,0.8015961159626496,0.7865714463333305,0.783288842171762,0.10606502628674483,0.7999076471378119,0.8240199046995593,0.3543703734897566,0.5704924987247777,0.5123837084276481,0.57178761335315,0.8189875644538196,0.8048997231598364,0.8131425575651096,0.3222605813235455,0.8692310166603038,0.44455274011779533
2024-07-22,0.7936298597550626,0.7918529476629411,0.7892581286219716,0.7918876521625994,0.07492691326088244,0.800418052808564,0.8227936620394478,0.4117674663043103,0.5740467452579412,0.5172459795645367,0.5702187538602894,0.8151562731413133,0.8058940204840644,0.8116659128679752,0.3158782876856263,0.8730979036459906,0.5255516131028354
2024-07-23,0.7947807162036145,0.7891784058065497,0.7848683197150236,0.7807281718886786,0.1319600710772363,0.8001647961665261,0.8209694159987868,0.3492365414687399,0.5665355291065145,0.5193360754229287,0.5414261445512173,0.8094348395830202,0.8072615310963273,0.809402789700313,0.312926638529594,0.8671965636986232,0.4547841339483021
2024-07-24,0.7508137970740266,0.7490602625078764,0.7442634324748432,0.7401413070716901,0.23308192447125597,0.7967244832551663,0.8182264798007239,0.18153034943003715,0.5216639749784387,0.5102567266503482,0.4254170819376383,0.8117348561055797,0.7971695697285383,0.8055961774513535,0.35961546617844076,0.8576880650035229,0.34817542287907427
2024-07-25,0.7482049409588615,0.7529574540039488,0.7426362104368591,0.7384980233207258,0.14142819546648008,0.7932919790703077,0.8154756573820738,0.17611367007841966,0.4861149576637659,0.49447554377208425,0.3558099064621332,0.8118113350745495,0.7891896192321005,0.8016912523715435,0.3641091241071478,0.8514489837414052,0.4884302675640935
2024-07-26,0.7489720930913727,0.7643432717101762,0.7535725475845068,0.7603581731244015,0.11060017830512209,0.7908451888757058,0.8140483201370685,0.3151373273761425,0.48125854727268264,0.48068697977594627,0.3765058189536595,0.8117229144061737,0.7864451140967331,0.8002893184147349,0.3805599227177331,0.8565883862689416,0.5769094125038461
2024-07-29,0.7671192034013693,0.7701127007733971,0.7648875469719256,0.7685368814071,0.09031950074565814,0.7881763170622014,0.8127879105878673,0.3611381923535563,0.4871256039959594,0.4710619016629304,0.4197489801370275,0.8117633541877494,0.7860569970962467,0.8001182591660733,0.3747601757790545,0.8610043485012975,0.5247204202617333
2024-07-30,0.7782835834872552,0.7761876971481404,0.7740833346476731,0.7742694605603603,0.08774284892415096,0.7857801758006924,0.8117943073949976,0.3928492421420358,0.49893535879227785,0.46619150934669407,0.46913251356508767,0.8117569559866515,0.786007958624923,0.8000907344745883,0.3640581263755146,0.8653283979388828,0.5155411904046626
2024-07-31,0.7833094458047081,0.7840584708129824,0.7863442463150812,0.7840913351159168,0.12243890397432733,0.7830411571909894,0.8110714415485365,0.4455493852472549,0.5192653245687991,0.4671663464017479,0.5298427460366621,0.8108614017735749,0.7859203133293512,0.7995873783411772,0.35393060359613093,0.8708901044632941,0.5302701668387008
2024-08-01,0.7901768652412964,0.7865038833404004,0.7860793768670703,0.7850849649390262,0.11483339487648189,0.7817865990471276,0.8100607488510143,0.4508836653701364,0.5374060359263528,0.47229281178398663,0.5729627512355923,0.809623880977407,0.7859891661251369,0.7989857093769156,0.3417419147475871,0.8761805117803384,0.4981796992891009
2024-08-02,0.780585425782548,0.7901717669293896,0.7811598641417596,0.7875690394968001,0.10969641206844144,0.7822229535584302,0.8087149079388358,0.4648824854352293,0.5550822619345016,0.48062928705668195,0.606302836680804,0.8077060531788689,0.7864786348842786,0.7982424701779919,0.3447273603999974,0.8812876756949822,0.5035304540876823
2024-08-05,0.7714545025801838,0.7709151133541531,0.7494856408476233,0.7488166540487838,0.16301249971948567,0.7778319820900512,0.8062466542175113,0.2797719660624867,0.5318688787305286,0.4817364366292496,0.5312169818770236,0.8081250677907241,0.7820809950997339,0.796284113159525,0.3917396365022534,0.8742786519398548,0.35573273951936624
2024-08-06,0.7524634032835186,0.7616304586452907,0.7542537669593985,0.755772180288657,0.4069171778828205,0.7752877864159404,0.8038756652301158,0.32044756984889083,0.5215808121632552,0.48015708943219587,0.5033142541895648,0.8078730930110354,0.7794866002696786,0.7948723575901421,0.3888753534426863,0.889988098639385,0.5205183035501532
2024-08-07,0.7645870726718145,0.767514612514509,0.7562973526375288,0.7491223908204371,0.2298728402945095,0.7762033835514341,0.8016400489559969,0.2929490820262464,0.5082323120625452,0.47569525122961415,0.473375874029095,0.808452827699701,0.7763062826389769,0.7935982405883574,0.39254480927360913,0.8805940724907406,0.4700086557279903
2024-08-08,0.75871705242568,0.7614777455750968,0.762389974309973,0.761772257089969,0.13429599058287822,0.7785761285748738,0.7998302582930306,0.36733216890966874,0.511510879172522,0.4729113400398762,0.4908033063075308,0.8083475976018899,0.7753336063478401,0.7930634250743621,0.3846231659280168,0.8865787379725595,0.5417168745984909
2024-08-09,0.7647010113817081,0.767569596488341,0.7684802943099994,0.7634955434313255,0.1139847114578382,0.7788959749705167,0.7990010496708073,0.3772429063388663,0.5170941179481443,0.4720219801198028,0.5104806603863247,0.8073345540100496,0.7742147954085047,0.791990046723421,0.3683118233572963,0.8918388715583098,0.5009427506541856
2024-08-12,0.7698138511479962,0.7678759685563633,0.7693523739944796,0.763993415645837,0.5126476270526,0.7784327809560072,0.7987304577669911,0.3802791400239652,0.52322107808275,0.4727785392897403,0.5275756491774863,0.8048122205426793,0.773638330508167,0.7904094259025233,0.3522145486736915,0.9113198720993071,0.4964340733826778
2024-08-13,0.7683915070469927,0.7681822043604897,0.7694661361484978,0.7649124468714442,0.21145273792207211,0.7774788587824675,0.7983902715825244,0.38624970633284156,0.530116050272342,0.4750358528618789,0.5431629157932119,0.8014702778550358,0.7736911025227867,0.7887187909326564,0.3375840890074342,0.920056827286762,0.49797818751902845
2024-08-14,0.7712362154480041,0.7674931093355991,0.7674564624477475,0.7687801785652532,0.14099977354841475,0.7759179278891506,0.7975272596776932,0.41226769052269857,0.5404176376369632,0.4793100102183352,0.5641104350823897,0.7945030457148481,0.7765417718727893,0.7865487887403365,0.3262183092619857,0.9262806261364475,0.5087824499785011
2024-08-15,0.7788093239422595,0.7900426101289179,0.7830029486062441,0.7904544192657047,0.1174467685766804,0.7764653291981916,0.7973097381599576,0.5400129069279436,0.5706834351496662,0.48998115682259397,0.6305514042357594,0.793058535878227,0.7773210223783648,0.7861919166699088,0.3377968411726553,0.9316642561693279,0.5737383896394264
2024-08-16,0.7942248656189297,0.7940624669637649,0.792672246654159,0.7926755778215727,0.07079570190810963,0.7769859269337493,0.7969885443540663,0.5516511056987126,0.5972230429424377,0.504877083069418,0.6744311800237026,0.7946654896816971,0.7766279918205187,0.7866748498932353,0.3282548288317836,0.9353837770351333,0.5025440242833646
2024-08-19,0.7964161378252193,0.7935647690392861,0.7920655563479545,0.789190824754311,0.1002711298710042,0.7811019641604455,0.7970679762100907,0.5268776230240353,0.6149611359609525,0.52104395064672,0.687631542016344,0.794168427919028,0.7768638720491713,0.7865361022389253,0.31958463355050315,0.9306128261939967,0.48218094536749556
2024-08-20,0.7948014841563782,0.792531117051326,0.7941510074259882,0.7952030018005724,0.10532446839980333,0.7851218294947953,0.7974803342411578,0.5612490928683329,0.6348881578766915,0.5387520484617832,0.7036392022950445,0.7965511159913281,0.7758942464782187,0.7872808101466832,0.30633365946505164,0.9355640367284401,0.5161178449500027
2024-08-21,0.8007984431053468,0.7972399557963626,0.8002558597085448,0.7958156501249415,0.10198073733452204,0.7898820806696092,0.7982344500447087,0.5648118780477724,0.6510229796417452,0.5567845023163464,0.7070080573580011,0.7985019795737622,0.7796619070199798,0.7901451701276537,0.2916190977195121,0.9403959716725203,0.4967858796805968
2024-08-22,0.8022594530479197,0.7981207132615918,0.7971466940226787,0.7948201406521312,0.056802626022347306,0.7932512227876607,0.7990134769323469,0.5564170092909297,0.6624302484831333,0.5739436981356462,0.6979381483842133,0.7989997339801276,0.7850072082606655,0.7930428571066143,0.28461451994016396,0.9371756035061056,0.4910678212972713
2024-08-23,0.8013369132698498,0.7970104762197415,0.7923689818414766,0.7929054824756073,0.04195474640482607,0.7962494863265959,0.7993074002520899,0.5395269174757451,0.669104780748108,0.589270302633443,0.6789043281375189,0.8008545257725233,0.7864674037091614,0.7947173664996517,0.28426176455490537,0.9344848800905533,0.4877937825274592
2024-08-26,0.7975694837638068,0.8014514677609118,0.8013177684519356,0.7958540654657028,0.060617621197500464,0.7994975931838681,0.799346544509911,0.560358774420938,0.6767509256337538,0.6033636368121963,0.6660952280982322,0.8031055931618125,0.7869713426361492,0.7961227939285022,0.2777826845399818,0.9378413345010066,0.5051182600924916
2024-08-27,0.8006448241490771,0.8036720122497215,0.8021519604662989,0.8054658891671896,0.10105044974100877,0.8036319066630824,0.7996110965060546,0.6242624531463303,0.6915870113819627,0.6181930967878383,0.6737408422253605,0.8067926257617,0.7863866797321643,0.79772780256893,0.2725908791875059,0.9426400847780914,0.5287740132647193
2024-08-28,0.8107937144815418,0.8076153013286348,0.8013177488666111,0.7996069035715471,0.07781366094689404,0.806774607689154,0.7992207205068584,0.5671620878547248,0.696758593914742,0.6312957991194613,0.6558062409750897,0.8086503045121505,0.7860710265994363,0.7985260548864076,0.27569709056233627,0.9386702234419689,0.47397277577358526
2024-08-29,0.8101017225245135,0.8229672224322696,0.8118590058086433,0.819251709985617,0.08005777575580766,0.8097104133926487,0.7999725132689968,0.6827061170015476,0.7192389529022474,0.647164355743062,0.684533198701198,0.8142413591715336,0.7838167002710293,0.8002838817744208,0.2943722067006759,0.9427201355098788,0.564184192514116
2024-08-30,0.8255554804838896,0.826795555852092,0.8263057985656977,0.8271018320049864,0.09497093871322457,0.8132200766580107,0.8014792419693062,0.7205820251129593,0.743490361495059,0.6656699472225691,0.7119222007349023,0.8208825894685714,0.7810294849693528,0.8023177836147738,0.2859025505673388,0.9473020210772121,0.5218901297330555
2024-09-02,0.8255554804838896,0.826795555852092,0.8263057985656977,0.8271018320049864,0.09497093871322457,0.8132200766580107,0.8014792419693062,0.7205820251129593,0.743490361495059,0.6656699472225691,0.7119222007349023,0.8208825894685714,0.7810294849693528,0.8023177836147738,0.2859025505673388,0.9473020210772121,0.49460670735994955
2024-09-03,0.8308221662028841,0.846320709687831,0.8343065971807581,0.8354117633324251,0.1150088438524515,0.8179321760154921,0.8029760361325133,0.7576370553469496,0.7693026129849095,0.6866591515397916,0.737717717586247,0.8275948864821381,0.7830671661394965,0.8067729698276148,0.29699992284151067,0.9525986869060145,0.5232739888839966
2024-09-04,0.8398177047466568,0.8446361796147076,0.843141642094923,0.8428790242033534,0.09112330186812356,0.8227926172233606,0.8051134039151657,0.7885282955428343,0.795219560846675,0.7096603318470903,0.7586146785651767,0.8352472490431277,0.7841811060357818,0.8112544840062238,0.29075245536950034,0.9570433218550287,0.5201662851892865
2024-09-05,0.8486210536018406,0.844061906888867,0.8382501077282508,0.8357180287555567,0.09805761662766668,0.8268605565273093,0.8084002873301241,0.7157540038794759,0.8066185250319042,0.7307925189957458,0.7392027783741728,0.8388173227739861,0.789484548328914,0.8157096974173766,0.29116621796057496,0.9523513301447913,0.4702658444822687
2024-09-06,0.8362042347267891,0.8393913727617942,0.8383260696378191,0.8385902509765552,0.11316050929165536,0.8313228005898794,0.8118424589933915,0.7294294620375026,0.8163243681478115,0.7500238322216178,0.7194597554026272,0.8431318936200634,0.7929964731685241,0.819661865964686,0.28368673566316205,0.9575820632799579,0.5044351726665509
2024-09-09,0.8528112892143092,0.8650035019123158,0.8543274804956232,0.8624855327547684,0.18958689926576644,0.8384162980457968,0.8153546188443315,0.8249431337620186,0.8451510870827824,0.7723158938450074,0.7512495680766968,0.851916264069216,0.7941708461870557,0.8247547498387456,0.30686449262083315,0.9655390332462332,0.5761545128918786
2024-09-10,0.8675733072775274,0.8628213516078201,0.8616079512202387,0.8614517254193031,0.07494323409585635,0.8451038016064885,0.8185499602873798,0.8144741641115687,0.864252413212651,0.7947263064863208,0.752478795769061,0.8585035372275607,0.7974692240243607,0.8297688311375789,0.29813674515377,0.9616715640734061,0.49115569774310713
2024-09-11,0.8640749807400214,0.8581124026497281,0.8416248437718429,0.8561670902853756,0.0946792037880658,0.8502726515814578,0.821366419736135,0.7601097242033084,0.8713596565162993,0.8143575639457733,0.7236136911772586,0.8623466567447589,0.8029738501836196,0.8344637432701311,0.3167313308579133,0.9571000851012051,0.47694908323137825
2024-09-12,0.8601539373683731,0.861290014103485,0.8536450804050929,0.8615666190072674,0.051408590063467645,0.8565892765630336,0.8240307947136944,0.7827240945336991,0.879436648886575,0.8319978534819953,0.7029349260193933,0.8662555086000432,0.8085696068965263,0.8392374640219787,0.3180798427910433,0.96012804041776,0.5127359068695874
2024-09-13,0.8697261077324585,0.8717799198767556,0.8691157458349489,0.8691488909442663,0.06827617300901115,0.8616761588628818,0.8269217530905348,0.8129181652967927,0.8903158288630946,0.848716785387989,0.6933654408259873,0.872561502633453,0.8102071739212907,0.8432861744878405,0.3119756091778819,0.9637576861437859,0.5199387933470172
2024-09-16,0.8757230242292573,0.8800492557980483,0.877419772264398,0.8811348296960274,0.057490141195623574,0.8671846764641085,0.8301394805726567,0.8555773629233483,0.9075727278845296,0.8662267612544734,0.7015814507866066,0.8804167218385968,0.8112510586079728,0.84783726799196,0.30744865262276744,0.9670025789434846,0.5343753478315516
2024-09-17,0.8866792891226705,0.8883571399414257,0.8862927733297986,0.8852706464284196,0.07129756758355757,0.872267654400706,0.8348321333081314,0.8691890133836979,0.9219532880532838,0.883680388610042,0.7009961989547574,0.887409030631102,0.8139849957760371,0.8527804281819037,0.2996940748014215,0.9707400020638534,0.5081812429106308
2024-09-18,0.8902928441686861,0.8843371500719831,0.8788987014428894,0.8734760795118256,0.08668607485958982,0.875386941223846,0.8388799703485377,0.7442106617687685,0.9183384418047632,0.8967771571335517,0.6557446107383416,0.8912241201241782,0.8181674914364169,0.8568074585712709,0.2982007268615765,0.9664536492436006,0.4560380995429987
2024-09-19,0.8874096673959733,0.8822698903835836,0.8589536025169057,0.8610687467927559,0.178329603342507,0.877971378187905,0.8427298054791827,0.631017381392756,0.9000666145902794,0.9028765602672526,0.583067962394927,0.8923460872677595,0.8237936828006672,0.8601646308067997,0.32674725430940155,0.9588982428573278,0.4536011588184697
2024-09-20,0.8659203506353179,0.8651184859089099,0.860394579070835,0.8592689822041962,0.5338953140842686,0.8800795187650727,0.8460827178112325,0.6154768284160248,0.8808925390812522,0.9031618883543413,0.5226813076948242,0.8923145396552374,0.8305350040533704,0.8634804253440619,0.3224337952828178,0.9386593074330888,0.4885910206994385
2024-09-23,0.8636136620548232,0.8723158645598336,0.8655892714480361,0.87405042997354,0.09924495737201916,0.8812585286776866,0.8498847003088135,0.6907874982212767,0.8774444969797495,0.9025639844842194,0.5135078067006705,0.8928563777232703,0.8384183184145638,0.8676552090509612,0.3216627865059597,0.9433936532577809,0.5440950202151789
2024-09-24,0.8454688389563112,0.8421477888187986,0.8204285154000118,0.8133544265273202,0.24581829606402666,0.8763551394740581,0.8515822254504326,0.32880626826223897,0.8125489199578495,0.8865363903065506,0.35325060787515866,0.890768966636658,0.8424093876345794,0.8685555759188642,0.39489143035274865,0.9334308302730908,0.2941140109293029
2024-09-25,0.8224417282895402,0.8163057468911111,0.8034410949739544,0.801291774572143,0.20463062890297468,0.8707607498344596,0.8528333105134074,0.2826593529699309,0.7478077587777328,0.8582020426105447,0.22542912823599148,0.8913086697969392,0.8414139881837738,0.8683408240934033,0.40010620445933076,0.9249372293102698,0.4524457771762608
2024-09-26,0.8082563899192201,0.8124389576904497,0.8101525849101004,0.8091803119322732,0.1614048974745548,0.865420107876449,0.854222671081406,0.3270405523353213,0.7034352136291133,0.8249027037822136,0.1738613031403221,0.8900885111264474,0.8436786006345102,0.8688333613428095,0.38966484071464025,0.9318889076320804,0.5225005405456896
2024-09-27,0.8184821218832501,0.8305858513480447,0.820693891521726,0.82250667587695,0.09932656154688874,0.8606650605232069,0.855324948171595,0.39777128002810164,0.6808441909446714,0.7928503224435255,0.18681256206785263,0.8898793162835865,0.8442348285230438,0.8690008243702517,0.3969653307165656,0.9366261643924738,0.5413713860377032
2024-09-30,0.8255555765431608,0.8218187237175708,0.8222865523518471,0.8216642403766524,0.0883161182526098,0.8546021951997935,0.8563218682635949,0.3938906240112194,0.6617205433853509,0.7626263057154438,0.20580248248020078,0.8901476702371283,0.8433899253536955,0.8687210685797225,0.3796456405799794,0.9322816656315864,0.4916878323497445
2024-10-01,0.8331288629222307,0.8347206540493465,0.8266850797424868,0.8318122341553057,0.08447460172062404,0.8491522550239052,0.8577876185133855,0.44754931023881434,0.6562787407532531,0.7371432120350908,0.2550430720404933,0.8901828565216761,0.8429786783154553,0.8685358782970923,0.37757845514860844,0.9364891320943324,0.5297956629359969
2024-10-02,0.8315910951885368,0.8292842419891372,0.8305147880078326,0.8295144798741282,0.06325751625453158,0.8446704891450805,0.8589675902286291,0.43547609455504094,0.6494479146592552,0.7151200405465926,0.2909788184857509,0.8901430095750882,0.8416289645534815,0.8678482928880659,0.3602485452970776,0.93303850891394,0.4867151266817244
2024-10-03,0.8319755467930905,0.8294756199261256,0.8322969597627928,0.8289783097969617,0.02847577682074215,0.8413989561083026,0.8601080540795698,0.43250174902591315,0.6433292822410008,0.6960354516079558,0.3214997815492795,0.8902104336542387,0.8408573478587739,0.8675015446336766,0.341492870864356,0.93082859930286,0.4927612554677337
2024-10-04,0.8345896415709271,0.8323469806953753,0.8294910637251004,0.8330758286666992,0.05341809286963121,0.8387286351292973,0.8614236671728792,0.4569824315663867,0.6423695502529253,0.6805378243717001,0.3587549968685937,0.8901798056850769,0.8403151786072943,0.8672178360218407,0.333526016449597,0.9339282364110608,0.5087171518321699
2024-10-07,0.8355507062484926,0.8292076303625834,0.8224381822913635,0.8172221582211289,0.05505017636702294,0.8329351469170498,0.8622599176406371,0.3671449654372351,0.6259527849896592,0.6642061920544917,0.3500927803616072,0.8889569424185055,0.8368745952887532,0.8648891044821828,0.3346896078835939,0.9307703805888328,0.44022230982912586
2024-10-08,0.8244407930193536,0.8233884827725354,0.8253580153540144,0.8217025382393072,0.05569484934849268,0.8337862142697336,0.8631488466074893,0.39588437630691137,0.6174971298421486,0.6491148733336762,0.36297503390404545,0.8872746608505357,0.834485460830439,0.8628440694662226,0.32067678922265686,0.9339512328031015,0.5102085957822204
2024-10-09,0.8255557035734831,0.8287100011020411,0.8269127263148469,0.8292465123136513,0.0504905430961848,0.836636123981708,0.8639666622266107,0.4432951777788146,0.6183709959300053,0.6372512005878728,0.39649829279297333,0.8858420350763123,0.8331722003019114,0.8614590468152495,0.3124844060885982,0.936946440093016,0.5207650711443171
2024-10-10,0.8323984138120575,0.8293991482621429,0.8304390495162063,0.8313143619407942,0.049431728927251915,0.8388926303624114,0.8650570817054153,0.45625397996942624,0.6211893716930723,0.6284355578545074,0.4281560086636869,0.8836191090769767,0.8323334998799766,0.8599026143595966,0.30012108147785743,0.9399038779922053,0.5017258687021815
2024-10-11,0.8295537443721839,0.8337252332161912,0.8305148865452064,0.8327312653809128,0.06335340116000335,0.8399349995378165,0.865520643609289,0.46553941492510115,0.6248625590153253,0.6222631558114798,0.4556094662776715,0.880019800382579,0.8322835127489013,0.8580289831042468,0.2956800895428815,0.9433579215220468,0.4994753076374755
2024-10-14,0.8412401238697393,0.8435642839215972,0.8404494148773541,0.8436066835937933,0.048058738685071135,0.8421719721256908,0.8660882454478731,0.5343506538854668,0.6384128913548264,0.6205719545309146,0.5021525055255628,0.8740704533907091,0.8345603204995419,0.856098217262027,0.2921903988352953,0.9462663829280608,0.5319258008235392
2024-10-15,0.8486211420469978,0.8484264757568197,0.8436345414189276,0.8382838680753174,0.08499278823104589,0.8428317376556533,0.8661870171286665,0.4947822529192039,0.6437073994277742,0.6204875813678824,0.5188414842398004,0.8656655226439565,0.8384046543667677,0.8536808192260842,0.2907259677717081,0.9420404320236111,0.47652623086512635
2024-10-16,0.839471843188033,0.8674155688963588,0.8418145809495202,0.8697998371312904,0.15916486287438467,0.8469387205921111,0.8671128238729353,0.6582984844147586,0.6784971972297994,0.6287558743000118,0.6055946752925526,0.8647534919097342,0.8389698628562993,0.8534916821662163,0.32386502153007546,0.9489122051604194,0.6021925639372091
2024-10-17,0.8777221811486731,0.8801641735137847,0.8769268823001929,0.8807902664102413,0.14637544856794873,0.852220809077932,0.8686628581052485,0.7019463021101764,0.7159278862725653,0.644339069484608,0.6815693527680566,0.8693938058064299,0.8362000238059776,0.8545063242519292,0.3176011714465399,0.9553277618994321,0.5310507468684531
2024-10-18,0.882911995563249,0.8805854082927377,0.878709096027169,0.8816709997731939,0.07568787219154133,0.857174955003823,0.8701444050366447,0.7053922158257446,0.7451150323461456,0.6637989966326285,0.7218342053135309,0.8741624499799845,0.8335758266432828,0.8556588738663226,0.30893116932670595,0.959221793360534,0.4974983371360449
2024-10-21,0.8816817306872526,0.8782882446357375,0.8720733034333338,0.867234115289636,0.09531775645642032,0.8622735384168501,0.8703077087878452,0.5961067307083678,0.7525321721837565,0.6811441182957738,0.6998692276431002,0.8727498740289019,0.8343343979758432,0.8553081848787653,0.3093150024592668,0.9546275363164699,0.44724494096517453
2024-10-22,0.8641903209399817,0.8633190455861465,0.8614562234168585,0.8593455779295057,0.08355451464896943,0.8661111442421419,0.8702352783766352,0.5420562925103429,0.7492120029793672,0.6942246882057033,0.6555763672813757,0.8750428547672682,0.8367385653445468,0.8576743594275905,0.30351976024726535,0.9504528906537568,0.4683873795490187
2024-10-23,0.8679962862429322,0.8615197447274486,0.86145629391363,0.8554013679884936,0.07361512614985383,0.8687775608578965,0.8702089451871959,0.5155169473235217,0.7413743227893599,0.7028112008358476,0.6088997965489428,0.8750934279043225,0.8423183176774668,0.8604582154278334,0.2931284787778612,0.9466327969594694,0.48140241307167025
2024-10-24,0.8539647181762977,0.8521782786653626,0.8546309729945633,0.8533334008832444,0.06199877185716821,0.8710223421722725,0.8699258048196794,0.501242545104557,0.7319213384209076,0.7074154335220827,0.5675386923382012,0.8751038703630256,0.8469033968534717,0.8627298244687597,0.2803086548390257,0.9432270749622707,0.48765850709170877
2024-10-25,0.8601538939767845,0.8578060738632104,0.8510286593776085,0.8476276067382212,0.057606427144812726,0.8725409837814204,0.869185687865685,0.46157125918250014,0.7177531749268666,0.7077040642037988,0.5227156093919605,0.8753262226098422,0.849287165356683,0.8640222580224869,0.2828635951343089,0.9399780340791976,0.47539915202449895
2024-10-28,0.8526191018816722,0.8560832611509236,0.8538724571384088,0.8570478236483282,0.05437490181997711,0.873911271563607,0.8683573357387302,0.520948544352513,0.714843648017624,0.7072378330627802,0.5148753975146921,0.876118948017002,0.8521463943086401,0.8658426893800654,0.2776260680987259,0.9431118019084967,0.5264859292892006
2024-10-29,0.8611917636718871,0.8601414473463528,0.8531899994469986,0.8482019571999359,0.12024171156596372,0.8749223938564306,0.8670825435331309,0.45867988717336233,0.7029261325775507,0.7040093580426198,0.486185938574116,0.876420293593432,0.8535392264764466,0.8666859156170293,0.2806263445237266,0.9376284723278446,0.4649302853571316
2024-10-30,0.8922149375961566,0.8987320965279838,0.8796569663263102,0.8799094155691826,0.16251267414840945,0.8759530379655089,0.8673037859571984,0.6261518485552251,0.7237431227438205,0.7064144221608998,0.5446974954365877,0.8808463320157685,0.8541849050437288,0.8692786581467512,0.34397584068442477,0.9446196666018013,0.6018517182518157
2024-10-31,0.8912538630207762,0.900876004201577,0.8845484613187174,0.8787222993049922,0.12871630512617027,0.8757422143265328,0.8679108916200133,0.6177488086511487,0.7378026693537162,0.711707203830592,0.5746901600049906,0.8842948228347685,0.8557787892598664,0.8718379104886124,0.3572667360527032,0.938834036348563,0.49070606939260575
2024-11-01,0.8774145674092684,0.8868257353800472,0.8753343670149859,0.8821304566469442,0.07813191722888543,0.8757890547089695,0.8686970977156347,0.6336288649487476,0.7509013202077499,0.7190799246120909,0.5962930055023303,0.88798175979714,0.8570531006785104,0.8743616962319595,0.3617445898019148,0.9428152503339207,0.5058172404059494
2024-11-04,0.8891779927225536,0.8886633244665344,0.8888712735631926,0.8863811669673006,0.05387303614452916,0.8777410447092486,0.869121151755206,0.6536670089755701,0.7639217747804646,0.728097860503597,0.6133806825548141,0.890179174886754,0.8619681508974563,0.8779198216827914,0.3464334321329329,0.9459311159086565,0.5085458691715891
2024-11-05,0.8897930418679705,0.8949036583713369,0.891980448910365,0.8918954717990503,0.0431033251661155,0.8810594181284632,0.8718221782661488,0.67944043255396,0.7779682254253975,0.738677801739976,0.6296041190678174,0.8929163119384986,0.8664298913079892,0.8815311409873249,0.33722593661734035,0.9486628107442054,0.5126207414723352
2024-11-06,0.9459577320430907,0.9493441656347695,0.9346008537918647,0.9459283520119851,0.17707289904951537,0.8902883986808792,0.8767962300980985,0.8537731997714821,0.8401037291879935,0.7620296998885551,0.7622573348791691,0.9111394486698545,0.8596361337624147,0.8875342435622083,0.4080112192245492,0.9561733887206773,0.670253726926547
2024-11-07,0.950493806196048,0.9440990986351375,0.9406677034681213,0.9398011638996534,0.09377135734264166,0.899103552658419,0.8812882811374656,0.808633220729644,0.8803784925587792,0.7903612322009184,0.8139772467087388,0.9230502035048533,0.8585497931977607,0.8931157239525059,0.39446859494646525,0.9516342939081538,0.47560304631902617
2024-11-08,0.9481490437795141,0.9575753520342615,0.9454834718385988,0.9477282340786511,0.09383868078690907,0.9093085401875491,0.8855946504667023,0.8291231428958483,0.9168102840066792,0.8217556785494494,0.8457895523283464,0.9346344025636371,0.8584804900766089,0.8990321424858266,0.39616221656045203,0.9561757902426308,0.5193213991839477
2024-11-11,0.9604505142312316,0.9625139966304711,0.9591718805112036,0.9594079074072809,0.06188044580360732,0.9197438731719099,0.890331655112834,0.8576731545521108,0.9534856137604689,0.8556588089964137,0.8718454665002837,0.9476321653085327,0.8570257887571563,0.9049899387174137,0.3920906868694406,0.9595772913830627,0.5307762674053315
2024-11-12,0.9586728249351109,0.9575386162105489,0.9568808121339089,0.9575663206128774,0.06070330558111354,0.9308932734745146,0.8946563380885468,0.8429305482962546,0.976711644537499,0.8883463744147577,0.8592202586967527,0.9573550684426944,0.8593370062046003,0.9111268388538699,0.3748315957988191,0.956217780490123,0.4889596338909856
2024-11-13,0.9604059074219731,0.9590729471964033,0.9558550604934436,0.9561467151763138,0.04907471066219748,0.9386654594479293,0.8990112206026235,0.830969723951938,0.989548437750275,0.9175721799308274,0.8232654252628209,0.9664691162418126,0.8588527142018655,0.9155692539483294,0.3630624245168256,0.953273077934627,0.49024686132431583
2024-11-14,0.959674169407646,0.9603771471735595,0.9558171003216857,0.9514276196461281,0.05661085621140378,0.9460775697123274,0.9032222523122859,0.7900983915115916,0.9908727254524615,0.9412701296118733,0.7658515255684841,0.9735857120276235,0.8588091523127804,0.9192034379669359,0.3543577767639833,0.9500595504671105,0.4800962469706167
2024-11-15,0.9529723556049101,0.9581906285790179,0.9513721516336545,0.9567605382817462,0.07069777689826612,0.9536859041715209,0.9074757694193314,0.8075581189980328,0.9929918032690042,0.9607362298981224,0.721898321301651,0.9808957830604874,0.8590279436966771,0.9230666801229809,0.3500870091033865,0.9537755782100743,0.5110700066727784
2024-11-18,0.9603674574935384,0.9646730530234738,0.9591222886621854,0.966428986430471,0.060074953434617724,0.96184656231183,0.9126069921731519,0.8377854416550601,0.9999490530128468,0.9779760983444031,0.6987760374775247,0.9888559956885912,0.8610801885373137,0.9281701048538588,0.3438974301362979,0.9571126748981136,0.5243202710423913
2024-11-19,0.9623702431158481,0.9639826657010876,0.9584004742238837,0.9652396380822611,0.06619322644546496,0.9693238011877574,0.9175432329710476,0.8264225848384259,1.0,0.9917802002278667,0.6630911783390276,0.9950049427962386,0.8657122020445208,0.933618192635225,0.3382135642384677,0.9535573308058649,0.4909810492539714
2024-11-20,0.9695340487831168,0.9642127515654418,0.9497005736360277,0.9481280120743999,0.0960685148652205,0.9695480505666243,0.9216315676934022,0.6751301585827203,0.9790693885525973,0.9978084134320803,0.5823285633236028,0.9971655868423701,0.8731186432295842,0.9383888369558112,0.34786714518548656,0.9489362931533482,0.4423910741012903
2024-11-21,0.9519709593931069,0.9589578681214178,0.9513341714521314,0.9577580448823636,0.08397477614954782,0.9713787058917644,0.9259799658918839,0.7148669565636412,0.9680888593930965,1.0,0.5424802562340533,0.999229083819525,0.8818437037671033,0.9437613255186682,0.34539443174594087,0.9531259301349233,0.5244188407012895
2024-11-22,0.954551581413047,0.9615277578945692,0.9560830039533531,0.9578348755638858,0.08728178533613781,0.9724090505864829,0.9302822789888108,0.7151828572233603,0.9556872396889345,0.9987817855958195,0.5070650831845954,0.9990184102845261,0.8935342232287299,0.9494313213035189,0.3394130312504252,0.957433532785796,0.49484262920115285
2024-11-25,0.9695340311029073,0.9694676529007994,0.9635290326485747,0.9703807149702864,0.25600045698337925,0.9735276985641743,0.9346420378698184,0.7651098868998258,0.9545067375467651,0.9975243604688346,0.5066578293463591,1.0,0.9043109746471235,0.955262125595539,0.33455789045237583,0.9677595677726233,0.5331283789835602
2024-11-26,0.9785468286056658,0.9726896776110473,0.9699115547238265,0.9651245095380842,0.11078990801169389,0.974298235430664,0.9390040874716621,0.7180209355353249,0.9447229210470227,0.9941741740880975,0.48492180939702206,0.9961939116635532,0.9204372006869165,0.9612776124683698,0.32471218746514663,0.9626133973195813,0.4786361714027945
2024-11-27,0.9653358424749146,0.9798624264351113,0.9621234057324118,0.9761741477826117,0.07269707918257098,0.9763399778794168,0.9426622999662686,0.7621795958900897,0.9442552505087267,0.9913819690266837,0.4907171637722176,0.9971391471264401,0.9294750960300698,0.9662302860233544,0.3404767104710257,0.9664007429872283,0.5283276045314573
2024-11-28,0.9653358424749146,0.9798624264351113,0.9621234057324118,0.9761741477826117,0.07269707918257098,0.9763399778794168,0.9426622999662686,0.7621795958900897,0.9442552505087267,0.9913819690266837,0.4907171637722176,0.9971391471264401,0.9294750960300698,0.9662302860233544,0.3404767104710257,0.9664007429872283,0.49460670735994955
2024-11-29,0.9788934863930905,0.9794022205992786,0.9781175441544595,0.9776320510818303,0.0451352691203682,0.9790114486095636,0.9459926888967956,0.7678203654282332,0.9417123305845564,0.9885389099677201,0.49018897953559437,0.996146046730656,0.9408028220841665,0.971319041798098,0.3276031557302912,0.9692049201217411,0.4990151684143625
2024-12-02,0.9889459636263453,0.9838900158926537,0.9781554069021622,0.9836556235044028,0.08071876957225133,0.9817533296205454,0.9494999400602289,0.7912911664094953,0.9420371529540252,0.9863422916159534,0.49690309854104736,0.9942420297449814,0.9533495025935163,0.9765423566871431,0.3230197594691243,0.9732784107688319,0.5127990381978739
2024-12-03,0.9897163480834048,0.9835064448406842,0.9745843159012569,0.9696901786614384,0.0687311162839091,0.9820857993255947,0.9530234040326864,0.6616901713750534,0.9250582451876526,0.980516774543371,0.45921231329340406,0.9877742550469986,0.9687431521172268,0.9808284781941835,0.32410091387594575,0.9696325365762709,0.45263754175746124
2024-12-04,0.9716910689608116,0.9663607817837779,0.9595021028350733,0.9577580448823636,0.08855889067284684,0.9813230711856069,0.9564078087261474,0.5665848252692771,0.8967041073916964,0.9690625824013761,0.40075127605004063,0.9759227452401407,0.9879160918915241,0.9842170070611184,0.32294455163867963,0.9652793777816719,0.45833108065284156
2024-12-05,0.9622932876221197,0.9596099208619201,0.9596161145933576,0.9546119811955732,0.07261139479895792,0.9819840942558802,0.9598196616689256,0.5428539713368068,0.8683525875997774,0.953106077489351,0.3539889614228649,0.9755168888477788,0.9892417838256381,0.9846637665298251,0.3094808333307649,0.9614950885965112,0.4849461769204545
2024-12-06,0.9580179799568542,0.9652484260703612,0.9595021382444332,0.9620168611920549,0.05430349816696622,0.982418269030644,0.9635572858191965,0.5853741124636394,0.8506437567499169,0.9360977583266348,0.3430645162693529,0.9742782769376488,0.9928415211310045,0.985806730250346,0.3065095023609796,0.9646263093570718,0.5174049910983324
2024-12-09,0.9694185597583334,0.9669745285598746,0.9550953253307005,0.9516193439156143,0.08455008558237839,0.9817846124328506,0.9671335616131251,0.5060300939453379,0.8240664391105761,0.9161230585848117,0.3122548348834866,0.973950731848005,0.9935869669398375,0.9860069219129203,0.31397992650542383,0.9604161502788021,0.4627932915634354
2024-12-10,0.9522020467251935,0.9668594471567632,0.9512962626162208,0.9672730666242572,0.05913446531924573,0.9814677961105283,0.9709242076686124,0.5938666525987144,0.81631870608566,0.8982869072374047,0.33446641323735177,0.9744194933730559,0.9939184750748261,0.9864115723509778,0.3270799377602899,0.9637196984328832,0.542923617522811
2024-12-11,0.9740790337424845,0.9767171721444304,0.9686578372276499,0.9726828159413973,0.0546931581019685,0.9822383449535923,0.9752051043437506,0.6212161201859137,0.8133944260395963,0.8833173155553897,0.36423932591967584,0.9755154380054427,0.9943529507641528,0.9871892929651237,0.3265366434680509,0.9668648189114177,0.5110863937725236
2024-12-12,0.9809348241665303,0.9767171821586588,0.977091739786741,0.9743709763289693,0.032184686568564845,0.9820545165132897,0.9784536373750405,0.6298711015973812,0.8106432670159294,0.8706824521784897,0.3884884852183166,0.9766953306015915,0.9950236694570608,0.9881269033879082,0.31192672246485875,0.9692070305501246,0.4997262317990769
2024-12-13,0.9848247928689784,0.9820872537832558,0.9805488568986024,0.9763275741894434,0.06204569425771823,0.9819215286312699,0.9818102827336384,0.6403240028103436,0.8083215956593341,0.8600182786154456,0.4089566361032373,0.9776593677869374,0.9966136047426862,0.9894079680473268,0.3021726308101448,0.9726144263353517,0.5005319881570544
2024-12-16,0.9806266813676456,0.9844270676433923,0.9796372008812321,0.9807399343840723,0.10040577675953902,0.9816242820314998,0.9852014626278802,0.6642099146075051,0.808764313069234,0.8515930168404438,0.4322106175129369,0.979508151501737,0.9971882031090614,0.990641671379895,0.2978170599457426,0.9773901802203956,0.5079472674960582
2024-12-17,0.9847863630320963,0.9893367116906903,0.9835881711400832,0.9899861662187447,0.1469487178964076,0.983693402929307,0.9887644385047125,0.7114008675255692,0.8160947572490043,0.8466092146970293,0.4679546065001629,0.9831644242704825,0.9958403330269142,0.9918536523274836,0.2952974487740173,0.9838261862827103,0.5224604709890434
2024-12-18,0.9951085163454176,0.9999999999999999,0.9623894037056201,0.9572976481837628,0.1803105446874662,0.983646466734275,0.9910136193206451,0.45669211404561255,0.7877309301997029,0.8358260729098451,0.40772099792969735,0.9832326541615823,0.994942733464646,0.9914450490681191,0.34607563883809755,0.9762001169322871,0.3968799156039082
2024-12-19,0.969418569700403,0.9817803661597605,0.9687339060113133,0.9768648015695663,0.13620144806608306,0.9859150814316862,0.9920775238067692,0.5604177164266015,0.782824450863938,0.8260239450430432,0.4179100905009458,0.9831326141674315,0.9980379413036077,0.9929235130301061,0.36164851345953153,0.9822527527627326,0.5547142968367214
2024-12-20,0.976120403538945,0.993786224096124,0.972722891568868,0.9877225980665013,0.4640441805002744,0.9885357116035498,0.9937255419058317,0.6098202259973537,0.7878354547254884,0.8193829017314573,0.45074202335067604,0.9854807300892465,0.9987165847625398,0.994465143560101,0.38011189652259625,1.0,0.52742013777821
2024-12-23,0.984131542405515,0.9859996501191167,0.9767878387640067,0.9858425959313365,0.1294181010300487,0.9920246793483669,0.9950362947924989,0.596859649823215,0.7881034385208019,0.8141342772005051,0.4652040850595397,0.9870509553446181,1.0,0.9959060980281583,0.37755965968252125,0.99418933569973,0.4889757468777367
2024-12-24,0.9938375419990486,0.9996931840012003,0.991718053899905,0.9990023759212762,0.02128236880598812,0.9952593963954719,0.9963979485465708,0.6553428284779061,0.7993594102613144,0.8126323588479905,0.5041184524260033,0.9914549920204614,0.9984021465359924,0.9973786388022542,0.37328363372638196,0.9961426463287352,0.5340836125845863
2024-12-25,0.9938375419990486,0.9996931840012003,0.991718053899905,0.9990023759212762,0.02128236880598812,0.9952593963954719,0.9963979485465708,0.6553428284779061,0.7993594102613144,0.8126323588479905,0.5041184524260033,0.9914549920204614,0.9984021465359924,0.9973786388022542,0.37328363372638196,0.9961426463287352,0.49460670735994955
2024-12-26,1.0000000000000002,0.9993480319746032,1.0000000000000002,1.0,0.02478930822100859,0.998044309238235,0.9978572427612702,0.6596294447259561,0.8072028175374076,0.8133101396992697,0.5267574349149368,0.9954561246100218,0.9978739967979796,0.9991729295602122,0.35450881147056035,0.9982210544195063,0.49756738228905495
2024-12-27,0.9980741128813404,0.9995396661424366,0.9927817278397469,0.9913673563145474,0.03770724910286411,0.9997770440911673,0.9990684805938921,0.5940308358162409,0.8028659454920913,0.812813230402704,0.5145567653726911,0.9971378258785313,0.9977076819803131,0.9999545969515954,0.3494648306286706,0.9956818452072098,0.46900814460283136
2024-12-30,0.9803955515361378,0.9827009007093691,0.9763320024011243,0.9785145466163773,0.03748895793508796,1.0,1.0,0.5054311289628803,0.7849087319658873,0.8081130741299859,0.47090063404771393,0.9971960919063381,0.9977389859184708,1.0,0.3542480541158399,0.9931504227479145,0.4562248860085739
