,Open,High,Low,Close,Volume,SMA_10,SMA_30,RSI,MACD,MACD_Signal,MACD_Diff,Bollinger_High,Bollinger_Low,Bollinger_Mid,ATR,OBV,Daily_Return
2015-02-23,0.05699317000077142,0.03871017458036463,0.08246027807108924,0.05579734402836767,0.044916947288794855,0.03393079220388251,0.02362343445890336,0.6295241141604396,0.6878504313327796,0.6625946163389846,0.500365443703222,0.022897192244196396,0.045256645349023183,0.02501375705882447,0.06289870546810723,0.1307719277622455,0.5404745594684401
2015-02-24,0.06131717055028463,0.041960944592537075,0.08371458494642658,0.05852694972933703,0.03842968979629593,0.03594453353513527,0.024074920833703883,0.6603852433253583,0.691731247246849,0.6654781388886781,0.5040080888269267,0.023639692296613668,0.044949191872002414,0.02523165228418278,0.058983913070350016,0.13389772917012083,0.5437989769975211
2015-02-25,0.06307865993691186,0.04196083806246331,0.08496874754988137,0.05579734402836767,0.023611051016282296,0.03672673231366197,0.024515115570582502,0.6163645449144493,0.6917292101388105,0.6677844821093771,0.4988778701953286,0.024599083644015862,0.045083702295727224,0.02578475956459847,0.05338866781172867,0.13149800146969248,0.5056889554082723
2015-02-26,0.06051644611616369,0.04049813221055221,0.08387138190032217,0.056921351663270836,0.03616780332927009,0.03724264708872704,0.02500046832857361,0.6303741073892501,0.6922831417199842,0.6697586697547301,0.4959255282876605,0.02515860571412798,0.04666391910035739,0.026874248359226027,0.04770306366504394,0.1345129764840429,0.5325713906972936
2015-02-27,0.06147714340513433,0.04456131594676638,0.08637972656715909,0.060132385997845206,0.04295197072080472,0.03770861055353203,0.025683335179160216,0.6700190696315305,0.6952149773711966,0.672021386393146,0.4984900983296044,0.026530839276019735,0.04712874998779781,0.02780449400942675,0.04462861601236791,0.13786035757448686,0.5471339412860474
2015-03-02,0.06548087143580428,0.04504902356491136,0.08904507381627302,0.061577561785228996,0.05686197568919651,0.03870715041057293,0.02637183789637021,0.6875573101978656,0.6983276737394705,0.6745570821221513,0.5009164541365908,0.025512454783285343,0.05154916109780483,0.029547676925353428,0.038343726589282714,0.14188929174331671,0.5347626882073351
2015-03-03,0.06628159678189993,0.04456146331920341,0.08512560295131366,0.05852694972933703,0.06144244498587812,0.039372843648600386,0.026733030977145633,0.6303683431033122,0.6973489413136694,0.6763575109882911,0.4943810853706289,0.02517886229596067,0.054045249907023085,0.030653925267080884,0.03789788454200892,0.13763592681715076,0.5035325002995267
2015-03-04,0.06163759110531908,0.04001069810373825,0.08120623673781946,0.05290747784627392,0.0288808287217805,0.03900671572181047,0.02678383339545687,0.535293018437996,0.6907773173860864,0.6762661079936263,0.47756566844109305,0.024974186121239805,0.05513384462685467,0.031106496377957482,0.03870870161044147,0.13497799408906405,0.48554960453189777
2015-03-05,0.059715761068846684,0.039685567232249586,0.08324433156834576,0.055636921749685264,0.05425245099867659,0.03945608465194961,0.026795130720428717,0.5752984340545455,0.6876939587545401,0.6754743013620781,0.47134017905317976,0.02488326447127076,0.05635610110192868,0.031684761980776965,0.03407157978928001,0.1388790685202454,0.5438671612007179
2015-03-06,0.054590920641843566,0.03415921721505932,0.0688204167025156,0.04006228882384988,0.1546527571590348,0.038058110404403434,0.02597681539822949,0.3709832032975051,0.670288439878472,0.6707838930086718,0.43668772671136946,0.02586244054186626,0.05451815301908214,0.031240576977368373,0.05010144124642414,0.13005864733901149,0.41577967012538763
2015-03-09,0.04786496231166326,0.028470602920842247,0.07117213226321406,0.044397492590885324,0.07066753998958578,0.036876494005997906,0.02562690826832592,0.43398333284769885,0.6604497547192085,0.6647383177064774,0.4246424188142375,0.0259226431749785,0.05439299152468102,0.0312070578831688,0.04734579375514798,0.13476401727254197,0.5556358542978495
2015-03-10,0.04450203938339914,0.022782076556976172,0.06364680815632717,0.03315838702720131,0.09393841283008844,0.03424699397635156,0.02488195589208131,0.3232436323290798,0.6421100997722865,0.6556271614349406,0.39739421394003815,0.027239910095157804,0.0524833673359375,0.0308969788148431,0.05336186924199075,0.12891843674547038,0.44498082155021934
2015-03-11,0.039057124064101334,0.016768372990865643,0.05721883562235042,0.02721758519409967,0.10443171594525519,0.03128464732769165,0.024249865868080422,0.2748202056781248,0.6222660944985815,0.6437128990924469,0.3724789990853713,0.030232402636588884,0.04737475307749284,0.029799116580583762,0.053558325475965826,0.12255871240199978,0.4819567869997312
2015-03-12,0.0355341884178183,0.020994451498074107,0.06066825100754891,0.03845709525167873,0.1224253510325452,0.029370791846332844,0.02433452898253219,0.42267047026006765,0.6175106351406554,0.6330730636076133,0.38380665425480937,0.030494029094542685,0.04573757172603554,0.029095152263209023,0.058886209199173964,0.12980007678894706,0.6062238311879478
2015-03-13,0.04161937320555065,0.019693910378963064,0.058473049108643815,0.03235546664599975,0.0614901892912507,0.026491661045082937,0.02398462469615381,0.3694742627738291,0.6084396921401426,0.6224468956790578,0.3839281373855179,0.030909503955915296,0.04294716532728993,0.02787994786357839,0.06309853320722007,0.12554437251938216,0.48109716395260826
2015-03-16,0.03953749175146559,0.02456988286203976,0.06537133316060972,0.04182855186493528,0.3048235176512189,0.02444463840605393,0.024464330213421537,0.47609774924037607,0.6106329449825416,0.6144571753827613,0.4073620202097914,0.03066875617565934,0.042151297553266964,0.02735196090205838,0.06529458793481392,0.14172275973510445,0.5929578264938096
2015-03-17,0.04386126923168743,0.02229431652460412,0.06458733232629643,0.03620883728553537,0.08634856028539159,0.02213132337825041,0.024424819433032208,0.4256663869118843,0.6075344845782442,0.6073431949152184,0.4151459732382732,0.030612284587328897,0.04058242158691028,0.02652226408923286,0.06463879316650449,0.13624906170398357,0.4847144709379844
2015-03-18,0.03905727990137664,0.02733311301052055,0.05612153466588066,0.041507626408791576,0.26926594622499206,0.020949706979844884,0.02432888742885886,0.48213004270212223,0.6105198647028348,0.6023478574697608,0.433977385521427,0.02972097444916455,0.0399374682347009,0.025742862808154965,0.08167001289660615,0.1506852229233429,0.5626963813620864
2015-03-19,0.04450194689451181,0.024082210808033744,0.06709588631210406,0.03797510032662077,0.2788058552422501,0.019119025419330304,0.02409749557897256,0.4490536482888292,0.6099920852502053,0.5982285701099985,0.44176409624732305,0.029402970186813593,0.03888978483024874,0.02504727193041234,0.07543463670917887,0.13578163165108226,0.49955925331952317
2015-03-20,0.046542916926141764,0.030579894101922078,0.07112540599252237,0.04776466156885717,0.0932640245167008,0.01991739108155366,0.024069111512053265,0.5481346925789311,0.619156498150885,0.597069226182104,0.468073349160279,0.028895149671638642,0.03880061371587262,0.02474532561283349,0.07723396248241442,0.1415941689526438,0.5947302017732833
2015-03-23,0.051698640423129216,0.035812512622650505,0.07664601065843146,0.049056776866444274,0.04430074734758003,0.020400334805428133,0.02421030959129078,0.56034452951903,0.6278761206441207,0.5981741630868471,0.488199253071298,0.028160205365615698,0.03883832121609043,0.024393493356872797,0.07407325999030383,0.14500763649410792,0.5338387328120736
2015-03-24,0.05572699677235182,0.03581275554254504,0.0749111577153686,0.04453380703343701,0.07817682401896642,0.02157941883927128,0.024401337603276785,0.5125863610493169,0.6307184251639613,0.5997206107809483,0.49212359125153476,0.02666644817388819,0.03888500322035282,0.023663103933488916,0.07384979872697946,0.1399343317066124,0.4928141276299367
2015-03-25,0.05814404953927188,0.037284668699748,0.07301839045003233,0.04259539139071966,0.25030847297299313,0.023173357854448517,0.02420254961146484,0.4923868492795267,0.6313367658279758,0.6011018947875153,0.49065554521369736,0.02546463075276295,0.03872390222797051,0.02297401165564228,0.07881897453125135,0.1264270360255959,0.5109626454366514
2015-03-26,0.04348153294860868,0.026164596365899406,0.06797056659403578,0.03920282019615373,0.08826579254800912,0.02325065367079515,0.023754708635761568,0.45707676019750665,0.6288479126276202,0.6016268079761714,0.4830437523013336,0.02390055990084694,0.038459331506741856,0.022049170948824526,0.0745590181920378,0.12085939873611123,0.5005892107324789
2015-03-27,0.0441260838859211,0.027636450902767007,0.06954809540181384,0.04404922334745254,0.048490310144023684,0.024462733911768342,0.023347410640036204,0.5133836589027717,0.6316456304854913,0.6026988442212384,0.48790681782841383,0.021544000999067725,0.03914547338799368,0.021209690343953036,0.07035678816086184,0.12447814366083262,0.5593203972168842
2015-03-30,0.05041002663489946,0.03532230927875146,0.07301835088742192,0.0519649261725833,0.352512618670709,0.025513388489854627,0.02334814711302091,0.5958365420612286,0.6414191296222859,0.6058345279613994,0.5062494061654322,0.01940660123441884,0.040276281566570926,0.020707946916125652,0.07261743225975882,0.142993169409693,0.580890604384648
2015-03-31,0.053471260053299274,0.034668065138134585,0.0749111577153686,0.04453380703343701,0.08521910906142155,0.026376287521854946,0.023082041509482787,0.5131719802639924,0.6422174849091618,0.6085291594891992,0.5023291440151829,0.016940626125753422,0.04128422929597153,0.019977557492741882,0.07077260972115688,0.13757481147085338,0.47249674721893875
2015-04-01,0.04895997212618419,0.028290675116106834,0.0684440158909595,0.04550321710174299,0.09449344038004467,0.026790438136887085,0.02269763104678013,0.5236019989561222,0.6438183950715107,0.6110580126433294,0.500855634382056,0.01575412714807478,0.041700568099905744,0.019591082927784553,0.06955240687062349,0.1434475868649377,0.5315872987949066
2015-04-02,0.050571123554945085,0.03499524508628826,0.07506898229112646,0.05083412304024737,0.04656412582414877,0.02812330042805089,0.022681201159116426,0.5800237102513003,0.6501021134123294,0.6145457348188791,0.5093784755023684,0.014612981674078318,0.04233796135864942,0.019340394897493618,0.06817289683951842,0.14697195390440798,0.5624760613431697
2015-04-03,0.050571123554945085,0.03499524508628826,0.07506898229112646,0.05083412304024737,0.04656412582414877,0.02812330042805089,0.022681201159116426,0.5800237102513003,0.6501021134123294,0.6145457348188791,0.5093784755023684,0.014612981674078318,0.04233796135864942,0.019340394897493618,0.06817289683951842,0.14697195390440798,0.524711458009463
2015-04-06,0.05427725862045485,0.043335422905472765,0.07775079345761704,0.057134600844615635,0.05841515762334815,0.02909451254963147,0.022807214814656196,0.6407916423929518,0.660888365405821,0.619850024668093,0.5255249118988833,0.0172428455861251,0.041482694861260105,0.020231505379510573,0.07527309778268475,0.15107698983818468,0.569044800403547
2015-04-07,0.06313877155602654,0.042844512538404045,0.08358687422208144,0.05341875812931607,0.08893421282322522,0.029546640247787415,0.022723609491518193,0.5944554773569128,0.6657272198769778,0.625221320297159,0.5261204881486775,0.018508985141765244,0.041152887703646335,0.02070238151348558,0.0720059033756973,0.1454766017411148,0.4987708413645804
2015-04-08,0.058305160356242336,0.0395740632852396,0.08137864560348518,0.054711197022018876,0.049819690646741376,0.03060154617962585,0.022589488946097913,0.6076264070340128,0.6705274537515575,0.6306372186734991,0.5265169365895541,0.019752448749537632,0.04212635795696851,0.021827357139513448,0.0674930186400556,0.1491604827586005,0.5337761904603746
2015-04-09,0.05943311089652592,0.04120940136728635,0.08200963840970998,0.05697288418546986,0.04603297042687885,0.032091800798065506,0.02263080820841068,0.6311304327173417,0.6761476998396455,0.636279931685188,0.5285329628221859,0.020135674879639853,0.044788756448536526,0.02338047184328118,0.06478154673242358,0.15265882460275754,0.540548466441243
2015-04-10,0.06378326083165864,0.04398917805253233,0.08642616842951101,0.05842655434464472,0.04334287722104271,0.034084377599001514,0.022683714835249114,0.6464672899826593,0.6815919226736539,0.6420630680484316,0.5297811060911287,0.02187313101721966,0.04511196380246807,0.02442280250689055,0.059552180751977365,0.15602535906728038,0.5348617059674664
2015-04-13,0.06104431371853902,0.04219050796677615,0.08469116387600262,0.054711197022018876,0.030029676069808144,0.03518951155643302,0.022493164535469234,0.5919889875232667,0.6820099418937648,0.6467870110932503,0.5203665393807891,0.021845817614623342,0.04742396254684289,0.025589687557198038,0.054696342251665406,0.15331113588865658,0.49881605130564877
2015-04-14,0.05798285263296021,0.04055520161265669,0.08169402236404522,0.05648813870192737,0.0600101158247008,0.03565835118363858,0.022314275531866268,0.6129805936826928,0.6836133740374083,0.6509399012966699,0.5152907756113599,0.022861735514706494,0.047917854565400764,0.026354862858387063,0.05240599007675638,0.15749432051285422,0.5371541339118858
2015-04-15,0.0623332273802466,0.043662208314169004,0.08390242631879852,0.05422653243725539,0.07555834727118915,0.036663020704570726,0.02216311942794913,0.5785041096290476,0.6823565380317017,0.6539692640064726,0.5053043790248639,0.02276336204260032,0.04985671961221383,0.027295318784447575,0.05151164573128546,0.15254931408989453,0.5089102215584003
2015-04-16,0.05991666464443701,0.04300835943245562,0.0846913786166289,0.057134600844615635,0.06111718690552744,0.03786863586912781,0.022311699298182996,0.6154646818947855,0.6836999296185038,0.6567058784233349,0.5027023060271569,0.023480783708543784,0.050744622541573414,0.028110988080149113,0.048956075720816464,0.15678674223915517,0.5450870029706013
2015-04-17,0.05814400692671362,0.036630498670448874,0.07569995450350897,0.049703319907911325,0.05728869041846391,0.03775142596232639,0.022103138110818654,0.5062971949853844,0.6774115162410762,0.6574294359625968,0.4848093889022064,0.02275235109152074,0.05266359782639707,0.028723157034861946,0.055457238399548844,0.1527369001886973,0.4728330485262645
2015-04-20,0.05572700363928218,0.03990096040466862,0.08122071310604106,0.05244942895978899,0.0339596292057884,0.037265798938253325,0.02253853582095977,0.5434395688396081,0.6747179230636856,0.6573804461871409,0.47794265541287245,0.02293737923239625,0.05295948703056863,0.028967684274218697,0.05483780358755781,0.15564368057084654,0.5440620380083966
2015-04-21,0.05830509343826673,0.04039162229133675,0.08279823945549414,0.05390342271407966,0.03354634256240703,0.037316035349159504,0.022872661386908022,0.5630751258283041,0.6736650500543061,0.6570958456016666,0.47584844498876105,0.023230670003753784,0.0531648788974719,0.029220660960223244,0.05081187353592424,0.15853021101169873,0.5349217116547643
2015-04-22,0.05927167460921434,0.038756175112734326,0.08011644975925114,0.05438784460250634,0.017868306285687002,0.03728251925261605,0.023618859227118705,0.5698693479758371,0.6730043639448383,0.6567141691994897,0.4749855932917109,0.023386423855221716,0.05401806691422972,0.029735004662312714,0.04855242350795945,0.160648559563923,0.5281069636976232
2015-04-23,0.05459930983479955,0.03826582225848574,0.07995899829315212,0.05164189734818658,0.06894128494845853,0.0367299522739003,0.024477353558090997,0.5252190047210996,0.669642323868351,0.6556251874144685,0.46869875821114904,0.023006432356527773,0.05531842671769782,0.03020719825123741,0.045961250934083944,0.15602777151516053,0.5054757170486847
2015-04-24,0.05862738677476631,0.03663052423172297,0.08106312929953252,0.05180337131099544,0.07243706330745692,0.0360434466887074,0.02494646410107082,0.5278241665574607,0.6669167721935587,0.6541187171374772,0.46498794056333975,0.021678846160883003,0.057918967565041446,0.030864899631341647,0.039364624697183145,0.16081984336341434,0.5258465150906988
2015-04-27,0.05766056978934775,0.035976350617937025,0.0772773064394312,0.04744163274446034,0.07740545508529073,0.035289942451680156,0.02547673033702147,0.45709198192563505,0.6604976916636769,0.6514173503858361,0.45436718571448087,0.021220919303300056,0.058718476065756975,0.031041970643708727,0.03816930085675234,0.15578433359270802,0.49405749914963726
2015-04-28,0.05218257243066138,0.03188840392571213,0.07443822928078181,0.04824964974873647,0.029317987517848164,0.03443600731940577,0.025702426606258766,0.4718064187273515,0.6560849036735562,0.648227702883793,0.4500271359633441,0.02129796527324468,0.058262557329438414,0.03084804718677725,0.035333833593152134,0.1584636859337913,0.5304214808154339
2015-04-29,0.05040997071151776,0.029925800527246804,0.07049446466142395,0.04114139763642899,0.11502199968070995,0.03307970807806937,0.025875802014814986,0.36747540905650056,0.6459029717984475,0.6433027306476596,0.43460282182823295,0.021962015960016235,0.05725924701774898,0.030670976174409836,0.037384978562487584,0.15158506598264265,0.47453080065045067
2015-04-30,0.043965019906464176,0.02485647800316937,0.06607783700837144,0.0385567625473604,0.09826673251402115,0.03115407961708916,0.02577208159556521,0.3343727201670036,0.6355407290024612,0.6369474708772854,0.4218898097917681,0.02319007818814478,0.055335017691599875,0.030308397370863216,0.03707054278182777,0.14552740935556058,0.5062998063897526
2015-05-01,0.04622087559383148,0.028617796578859656,0.06970595738887098,0.04566485286210986,0.051596674012326975,0.030735484786102885,0.02604237002443266,0.46423889788748696,0.6342052721618194,0.6315519882812175,0.4304207229663389,0.02331641360262826,0.0546817511631823,0.030038580908130386,0.03776488510926217,0.14929835781017572,0.575513435377226
2015-05-04,0.05041031668750506,0.03156140740774316,0.07585795316350274,0.04679581779200381,0.074751170108484,0.030149477178661788,0.026008315968589435,0.48301388199095596,0.6343765410585,0.6272755223923265,0.4403670257388772,0.02271751968344915,0.05421716503397622,0.02949893531482839,0.03224673627011744,0.15420381470879707,0.5327216699946588
2015-05-05,0.051215572337536486,0.03008929093478452,0.06986348208065207,0.04049525908885654,0.07217297761836483,0.02875969538203449,0.02570738571392317,0.3942995934914182,0.6287876279326774,0.6225516586099319,0.43639036043974144,0.02305705846506767,0.052560532379756,0.028824377267548162,0.03427140034782104,0.14942468235371864,0.48015081412652516
2015-05-06,0.046865236121581444,0.02747288716829388,0.06860163508483252,0.04291842021511638,0.06763577659842712,0.02757086761434513,0.02565060620598436,0.43670171476641906,0.626894662526531,0.6183313459945377,0.44086614023492166,0.022792575891268596,0.05161668850185608,0.028208838668444702,0.03417936255183386,0.15398150398141625,0.5419870879526482
2015-05-07,0.04509260038473584,0.029107944711498246,0.06907458721750859,0.044856674060275825,0.07062725573192766,0.026867566246971397,0.025730088417818653,0.4701202329958293,0.6274662035239364,0.6150883134594521,0.44955262678152735,0.02193723936766534,0.05122398418907326,0.027576418066492914,0.035819515165313384,0.15868490009395386,0.5384873861866406
2015-05-08,0.05363240152589277,0.037284553992733116,0.07917011732775858,0.05148018068904081,0.07827678865834026,0.026834066921054167,0.026161627464484583,0.5733117196000558,0.6343366696407927,0.6140952891108302,0.46955166926205893,0.020860188708788696,0.05157890854980951,0.02721384348555822,0.0400544057197756,0.1637631028816909,0.5716714712454657
2015-05-11,0.0539549553211528,0.03679429335272666,0.07822400825246811,0.04824964974873647,0.03414165437002135,0.026917819428503797,0.026309268971455912,0.5218374828383785,0.6368633131894937,0.6138897920068391,0.476551550824579,0.020220503006958324,0.05155094934481852,0.02687657501844798,0.038563351307398755,0.16084740375283313,0.5019983004167354
2015-05-12,0.045576347906651105,0.03172479136706707,0.07128331656706255,0.046472546271270176,0.047793541687492634,0.02673361925518114,0.026116216369643563,0.4942623490802833,0.6373149289055203,0.6138306591126445,0.4778524990019928,0.01912586586196041,0.051609555327360335,0.02635379876015842,0.04038338893794925,0.15726279862084008,0.5121660081175201
2015-05-13,0.051054256306755974,0.0345043920670326,0.07554196502467059,0.04614911295297863,0.030090848461066758,0.02725267852266644,0.026172993034057512,0.48908619765726435,0.637492936164928,0.6138248435956305,0.47832640682935296,0.018365249685167173,0.051536004997694174,0.025932187840598475,0.03960831456321208,0.1545455781584864,0.5224230419472944
2015-05-14,0.054116001669633484,0.04137294103453315,0.07964355732230088,0.05826524217939377,0.06675549096812022,0.02929550011982196,0.02662156763922008,0.663123625111381,0.6490692009946692,0.6165184433274719,0.5023199729680169,0.01865653221770358,0.05136356736019132,0.02599120306616365,0.047763308935622736,0.15905926814226598,0.6104729099805125
2015-05-15,0.06313904732208986,0.043662420407528324,0.08768834780888435,0.06085003906602038,0.049448180270561005,0.030869473704458805,0.026973618787001552,0.6928771081273449,0.6605445249270645,0.6213480474627887,0.5213057006914557,0.020749969106245603,0.05043302643703618,0.026573019885690496,0.04128452290656291,0.16272494614392868,0.5427306790431977
2015-05-18,0.06475023602895558,0.04317175858329958,0.08705728064936136,0.05826524217939377,0.06713744541110084,0.032058301472148165,0.027013359892918865,0.6465893607266409,0.6669832112182938,0.6267124911073615,0.5260595847574021,0.021734399325234466,0.05005412385041619,0.026876583463672055,0.03625469628854071,0.15819254141295755,0.506750190345573
2015-05-19,0.06346084014055464,0.04153606807578181,0.08374440420146911,0.056164786282414725,0.05158026190735516,0.03368247792643886,0.027109880506774875,0.6096476740338619,0.669854661193635,0.6316733375579386,0.522472238952927,0.022087086921972143,0.04993654470566511,0.026994618137414106,0.033555981736419146,0.1544223971076358,0.5100686908059359
2015-05-20,0.05975502914957309,0.04104555567279988,0.08453313936424833,0.05438784460250634,0.05614581110860784,0.03487130569412822,0.027098514937201723,0.578538994512246,0.6702006056852937,0.635722649144146,0.5143701242207721,0.022087086921972143,0.04993654470566511,0.026994618137414106,0.029078043842413068,0.15042855308979014,0.5122914186961404
2015-05-21,0.059271624305924586,0.03990081417371927,0.08200925905985834,0.056164786282414725,0.038993669403509505,0.03604341314745485,0.027070110965607297,0.6049829326737026,0.6718821483546061,0.6393540405621446,0.5106554696485098,0.022683246451503325,0.04980938828544901,0.027230695930122617,0.027138504723622017,0.15358198799156547,0.5371591806681405
2015-05-22,0.05717698212791855,0.03793849342147293,0.08248251530019468,0.0527723768854067,0.054261403055933945,0.036177351753932,0.02687137131372097,0.5437479704271404,0.6697643836052096,0.6417655347820953,0.49981249759515556,0.022781828339796584,0.04981095959726056,0.02728127437687533,0.023118869033815118,0.14968047493349684,0.5010000112275429
2015-05-25,0.05717698212791855,0.03793849342147293,0.08248251530019468,0.0527723768854067,0.054261403055933945,0.036177351753932,0.02687137131372097,0.5437479704271404,0.6697643836052096,0.6417655347820953,0.49981249759515556,0.022781828339796584,0.04981095959726056,0.02728127437687533,0.023118869033815118,0.14968047493349684,0.524711458009463
2015-05-26,0.05653283927652608,0.03483180017313969,0.07522680819889682,0.046472546271270176,0.10578347659111628,0.03599315158060934,0.026581789567477476,0.4442403776545295,0.6619794676000704,0.6418801840482374,0.47939714974052994,0.022768028365763637,0.04972555318442684,0.027230691707510468,0.02554849499094035,0.14325451793004368,0.480490663635346
2015-05-27,0.05282679000504431,0.035485736862985395,0.07775045826852378,0.05148018068904081,0.08802557901160335,0.03651220246278175,0.02640576399358674,0.5255393135766795,0.6604008203831523,0.6416039446849302,0.47592276313494053,0.0229648594933749,0.04986113395715974,0.02739931327322942,0.025339752631831927,0.1488103853980524,0.5601424120485367
2015-05-28,0.055404782829635346,0.034177482603847675,0.07727725774264982,0.05034937755670488,0.06029508964739338,0.03694756792000908,0.026269485212663257,0.5076738956265451,0.6579712484138794,0.6408166567355355,0.4713803430476425,0.02284640502800428,0.05091940733784184,0.027879935195742278,0.022434638345606453,0.14461323781794233,0.5167610281186172
2015-05-29,0.053793827578334064,0.03254250039172546,0.07428048692676792,0.04534182403771314,0.07405589366149584,0.035608030919601075,0.025854978880968882,0.43264613266024554,0.6512830153972985,0.6386279004744705,0.45892348868203137,0.022224035212509707,0.05222827138925756,0.028234089888312996,0.022694655045358406,0.1397418476075681,0.4894542495884582
2015-06-01,0.051699187745013586,0.031234309006865413,0.0730185405931082,0.04534182403771314,0.06404003360005489,0.03400057477967322,0.02570167591564887,0.43264613266024554,0.6460099289304813,0.6356478188090711,0.45188984743911553,0.022235267172382445,0.05218414898324886,0.028217228998524635,0.022197118961978998,0.1441224874355328,0.524711458009463
2015-06-02,0.04783210206791644,0.027636546878724966,0.06986361363862237,0.04324161083707101,0.04920796673415522,0.032443346665338324,0.025378028739462044,0.40125989733056266,0.6399447269345794,0.6318500466776465,0.4446218621649536,0.022379318012420213,0.05167844320757675,0.02803171276212102,0.02173531071913841,0.14046857925534606,0.5098303176716238
2015-06-03,0.04895959479194145,0.029107918338307948,0.07207165257781645,0.0427566226571916,0.06255399209533344,0.031053564868711026,0.024986227955188345,0.3938959774116414,0.6348361545281045,0.627621098053795,0.44078937966976445,0.022148774129964632,0.052137525345243074,0.02814974743586318,0.019580673831614034,0.13616075149067347,0.5212658745445724
2015-06-04,0.04605964385457917,0.025837652436807912,0.06607782205236423,0.037102849691848516,0.08034023785616132,0.029261942096712956,0.024378674708731674,0.31381231548903843,0.625709270958821,0.6221106007140066,0.4293984223545499,0.022873993367209744,0.05082606275892054,0.027846196525717626,0.02201703666389644,0.13098144520541335,0.48451960610944755
2015-06-05,0.03977565421029505,0.019459937372365843,0.05629785233982121,0.02595621143251836,0.11611116664702187,0.026130765553680435,0.023475844135382506,0.19586622258188935,0.6084095337438475,0.6136698958983903,0.40335347543462,0.025777434053252613,0.04602350182338344,0.026859663457315386,0.03019563787680242,0.12404945898297629,0.44489721066799154
2015-06-08,0.03026895435014454,0.010792634635010012,0.05472009062659211,0.025632778114226817,0.13791987013548937,0.023317694249195497,0.02255596947296168,0.1929670152760215,0.5950091920705519,0.6037939151923994,0.390596124738934,0.027418036009518643,0.04175950250586913,0.02551052624969463,0.026943763622092123,0.11604890455859074,0.5223619718521545
2015-06-09,0.031397082571621215,0.014717533988895748,0.056140003431808694,0.029348539930747486,0.0805177869917656,0.02154275825030738,0.02192001225491047,0.273890845426471,0.588587984830936,0.5943964443937038,0.39484932702545195,0.02809707532646033,0.03915621854916507,0.0245239594003962,0.027621683294266633,0.12123691027711568,0.5517148767085648
2015-06-10,0.03606990588046943,0.02109537074765011,0.06197659919063825,0.03694137572903977,0.08044169450507804,0.020035783317504996,0.0215225357946629,0.41567258324959677,0.5913279082371298,0.5875171024368204,0.4172315414466398,0.02805212576895344,0.03822647490525588,0.024026468142871127,0.031702621985207305,0.12642118766709856,0.5796250689439667
2015-06-11,0.042353809609411486,0.022730672851508094,0.06639333612636933,0.03661826600586393,0.08607701454858505,0.01861252735089991,0.021363551466319075,0.4114081563284442,0.5938231199049234,0.5825952249504468,0.43463032929788753,0.027983830102472962,0.03731984744749006,0.02352899377579387,0.02809655299481424,0.12096079465155918,0.5223973881475973
2015-06-12,0.039453409162391706,0.017824632874604895,0.06150323982810335,0.03354880453447384,0.07532708579204073,0.017390158330727656,0.021187525892428227,0.37071607439436705,0.593533938811079,0.5785903192246189,0.44278076950647316,0.02650018892113426,0.03626049278935761,0.02223888868418611,0.026966835084579546,0.11602711942318808,0.5027192609304815
2015-06-15,0.03526410689632853,0.01439053699093884,0.058190698606533475,0.02789470797401472,0.08851346613212938,0.015581731391235643,0.02056292002632476,0.3031546092358893,0.5886533100109332,0.5742487939303552,0.4397887497043125,0.024549369712493885,0.0348209509265659,0.02051874433943035,0.02641063999915487,0.11044734678982139,0.48404060549308453
2015-06-16,0.03478091081328616,0.019296523936303434,0.059610512444569164,0.0362951562826882,0.04977791437954037,0.014861718094812182,0.020193830476521235,0.4483563091872962,0.5933535517770591,0.5718711289207553,0.45724438630826014,0.02228281022761114,0.034816401182046985,0.019371988480613167,0.030084916360226796,0.11412918088183302,0.5855805611696092
2015-06-17,0.04348159104899929,0.02436583855647212,0.06513130524186272,0.04049525908885654,0.1314266446048189,0.014627323437148898,0.020193830476521235,0.5100720971070727,0.6015848036731217,0.5718875771645612,0.47852429673086105,0.020281543769715582,0.035193530982088106,0.018554098090990068,0.031031490952154808,0.12181158460396231,0.5548169979798394
2015-06-18,0.047670720641559194,0.034995088972072375,0.07270271489824887,0.049218493525589824,0.10624450753987022,0.015883133086046497,0.020415272832303377,0.6198360051038679,0.6167119000449165,0.5754266330019354,0.5098347512126922,0.019368021790057588,0.03556839941766643,0.01828427740564509,0.038812422351153245,0.12826013089211152,0.5869026876406742
2015-06-19,0.05447357475628822,0.03488290524608262,0.07840646951189612,0.0481134162049639,0.10754553986127294,0.01817976972605284,0.020529744619718016,0.6033089340069511,0.6278927728997705,0.5808639699315018,0.5267074916903185,0.01783185682196886,0.03626432372293564,0.0178640261671551,0.03424368369692267,0.1217478374963411,0.5169197148127294
2015-06-22,0.057229842488444094,0.03718661577587257,0.08062863636499862,0.05120188888941024,0.040967598028756984,0.020830056946925524,0.020519962893590704,0.6401111273975485,0.6397699189087882,0.5879822224701905,0.5416481940732119,0.017521973807874236,0.03641019530522294,0.017782052600047615,0.03347393632641514,0.12499798962676652,0.546518265276564
2015-06-23,0.056256826212234934,0.03438918356036014,0.07650176669978537,0.047788203113535155,0.05083873316453732,0.022741363293095618,0.02050374342677941,0.5862514559643948,0.6459862483387528,0.5951257568180791,0.5418729096894559,0.01770306466254512,0.036365618568020563,0.017850724939298068,0.03151881400164598,0.1212641782486096,0.5007021669610224
2015-06-24,0.05220378496407507,0.031427476574971025,0.07459715788732668,0.044212234387061566,0.0755702833475323,0.023495001695132967,0.020424295337245768,0.5327958845863456,0.6475451023014691,0.6012039295645927,0.5324035166218174,0.01661224332158695,0.036701290342760706,0.01747136547559147,0.028215208857132232,0.11631858698980016,0.499452197124692
2015-06-25,0.05204172342403135,0.0299466363643216,0.07316879439282276,0.04274942266586401,0.07077496467667407,0.024130507805925627,0.020304799041090615,0.5113497211434901,0.64741019849608,0.6060350237262986,0.5213189446881804,0.01553186655414951,0.036992700400529266,0.017074676412162537,0.025147481196826013,0.11160795353362206,0.5143317741404627
2015-06-26,0.04863697820369106,0.02978188745343413,0.07332731967851569,0.044374679135217976,0.0433861454977866,0.02525263040773973,0.01981655726166176,0.5358455945267065,0.6488331014742584,0.6102315562067486,0.5156786869787632,0.015411551475708829,0.037012807631396805,0.017024195085486138,0.02205053160373764,0.11497660802810018,0.5362652763897136
2015-06-29,0.0450701628190997,0.024351970561179326,0.06253446375911509,0.03218371853826263,0.0955796233272708,0.025697194553460756,0.01880895985184916,0.37535834140443647,0.6385602774248598,0.6111943423662756,0.48693575598301153,0.014793538872218237,0.036278960120026515,0.016337391463353224,0.03157689619673003,0.1090506125716899,0.43822581993224746
2015-06-30,0.04507018614343139,0.022871119295606368,0.06142347066319642,0.030883351565221484,0.12443061185819343,0.025136250646937475,0.017846509089049056,0.36101114428090464,0.6294096040558151,0.6098316878108824,0.46626623667928846,0.014388006898041539,0.03541677838566937,0.015692336806243268,0.03595808786763867,0.101710995761987,0.5153412277124322
2015-07-01,0.040855125439945295,0.02336490773774369,0.06348698748971637,0.040798791307523286,0.0769802323655662,0.02516771234176629,0.017306407099995536,0.5070748565692456,0.6317144371813712,0.6092787858885488,0.4734636670729683,0.014191441720448061,0.03541101807137781,0.015590145372792907,0.040522691573976186,0.1067256707555465,0.5962805671872085
2015-07-02,0.04604322269047878,0.026984933414804235,0.06840727382537393,0.04014868871978183,0.07842748162217245,0.024227609731863553,0.016805912571182025,0.4986946163464605,0.6331032119799263,0.6091601667395669,0.4773237595317751,0.014368443103904505,0.0355473277283771,0.01574912671527462,0.03955231771132979,0.10164008441520654,0.5200784266335342
2015-07-03,0.04604322269047878,0.026984933414804235,0.06840727382537393,0.04014868871978183,0.07842748162217245,0.024227609731863553,0.016805912571182025,0.4986946163464605,0.6331032119799263,0.6091601667395669,0.4773237595317751,0.014368443103904505,0.0355473277283771,0.01574912671527462,0.03955231771132979,0.10164008441520654,0.524711458009463
2015-07-06,0.039720469218755494,0.025010567052544674,0.06475689200759216,0.03949866703081906,0.10504642387692711,0.023334674508264874,0.016220112291258637,0.48987518371892635,0.6337585263036952,0.6092180152722249,0.47889228034107223,0.01397875957131145,0.037316804177538576,0.016455991967105565,0.041379631778024825,0.09525024102547457,0.5200751568731893
2015-07-07,0.04636709806594064,0.03899612354520088,0.06951798060813874,0.055590162255445,0.23464684880124492,0.023789527433184965,0.01631915511182258,0.6795402609379229,0.6494630526433344,0.6129247815278008,0.5113254336903028,0.015935144101361876,0.038444421400703366,0.01801965475569456,0.056718184869756924,0.10799015896715648,0.6395799410766906
2015-07-08,0.053500647052922345,0.03521176422639094,0.07650165773851769,0.04665028088865042,0.15000962346155167,0.02367157961882871,0.016325402336328954,0.5631993994907772,0.6534078445370337,0.616809665825212,0.5129086236122957,0.01613236410930219,0.04001784475468495,0.01892274056539478,0.059055357097108144,0.0993972389314698,0.4621806556386675
2015-07-09,0.06095853897407999,0.040477320825764274,0.07761289912887526,0.04730070707150813,0.09936485153759042,0.023991705717838485,0.01617849730234222,0.5701952851280311,0.6570485551683551,0.6207661678155648,0.5135451925332958,0.01675844663914139,0.04045764881073788,0.019463458702149494,0.06370645606830179,0.10550870045672754,0.5293124392585569
2015-07-10,0.05933735841410748,0.04130004463271064,0.0839615816620013,0.05656580152973123,0.09074998843692603,0.025423799804472957,0.016396999453235583,0.6627278652627258,0.6684529354746513,0.6265895578720537,0.5301388982654224,0.01898832287025387,0.04029174244143163,0.02050464503790217,0.06827301624821573,0.11119805670743849,0.5901968824085797
2015-07-13,0.06501158173669008,0.04722347466900301,0.09031022778187214,0.06404279027654924,0.079549472798428,0.0274624371303811,0.0170543229184148,0.7256683465953399,0.684140468332388,0.6349047964232294,0.5522875216349274,0.022585511915066858,0.03985188545918317,0.022096316412006933,0.06730457951057887,0.1163386176176536,0.5769460980144644
2015-07-14,0.06890270777900054,0.048539976297510834,0.09269114555214475,0.0653433190471483,0.0769608362415086,0.030899493125430944,0.01775735889208896,0.7360698335962894,0.697238094826199,0.6446098457903905,0.5646407591546887,0.02512682242208708,0.0411668489299577,0.02405099307347225,0.058964466737487994,0.12135234225295728,0.5337128285774542
2015-07-15,0.06987535555652491,0.04837534578784042,0.09158007761554066,0.06323016204187226,0.06386397647399353,0.03425230187955708,0.018459939901757094,0.7049429109048166,0.7049700193420101,0.6541760798797082,0.563406909137947,0.027402088627053844,0.04167025756759446,0.02545689907706461,0.05270821110651601,0.1169803287537762,0.5101091667971618
2015-07-16,0.07198298251433377,0.055615152636661946,0.09618283811755979,0.07151994082092528,0.04104667453453032,0.037436607766522245,0.01947094669808902,0.7731052436532552,0.718123014006985,0.6648948311601813,0.5736509786502845,0.03147735280918551,0.04081195380707703,0.027076270786008383,0.055331951795905124,0.1202343554217061,0.582145480005523
2015-07-17,0.07425249693085711,0.05413413312638515,0.09618263992939113,0.07103212118378222,0.04736085892005364,0.04063773459160769,0.020663532472709134,0.7655308105241075,0.7271778689425308,0.6755803818407692,0.573355877409551,0.034735858221073945,0.039819740362260214,0.02821486011318275,0.05131977756975685,0.11667095058926596,0.5213661049259658
2015-07-20,0.07619802506894713,0.056437769136015836,0.0990396187596636,0.07249509470253768,0.06930831929601022,0.04405787741009315,0.022299335651321917,0.7776448192640469,0.7347401706669376,0.6858914804750937,0.570027586239238,0.037979339147991786,0.03910486421413262,0.029487492036259444,0.04610574129629365,0.1213097223404078,0.5347502020465996
2015-07-21,0.07522521697182105,0.055943992794202924,0.0980872490719793,0.07054446334419695,0.06633325226748149,0.045607919311083434,0.02387794416734046,0.7443001011475768,0.7378596761927265,0.6948674689123981,0.558160551395972,0.04037208438475226,0.03871609013970434,0.03049710167934061,0.0420081080412953,0.11681672092481261,0.5113504832068416
2015-07-22,0.07522531661997256,0.05824772686964419,0.09983318528446616,0.07233256905560226,0.06576479663163926,0.048269937585011746,0.02538879716877729,0.7610589146441945,0.7409536169333345,0.7027694104275387,0.5486139594539222,0.04296619294132531,0.03865989946167281,0.03177822527518581,0.038947420411852715,0.12128186953306412,0.5369885754075477
2015-07-23,0.07879199310822937,0.05709588367165164,0.09792859950771127,0.06924417726993481,0.042298470541017576,0.050544420227753406,0.026524213872528346,0.7058605753958481,0.7394391497689927,0.7087379642624337,0.5314291764912713,0.04472645115794904,0.03947800120563527,0.03308479855366431,0.03734540266371457,0.11796650820539317,0.5035531023985275
2015-07-24,0.07587394983300344,0.054134318069963494,0.09364334323195922,0.06469305466184883,0.12309078728867551,0.05138682555448659,0.027511019427270078,0.6296211939943174,0.7329656334585979,0.7120039286436537,0.5074073966521363,0.04559405457042809,0.040863043686981904,0.034230173618351456,0.03809020794943914,0.11069253921982311,0.49341345805933445
2015-07-27,0.06614638660288341,0.04837520476129231,0.08904046859920334,0.06420531592348466,0.11737639073939515,0.05140367164854609,0.028588570396518187,0.6215958233230492,0.7264745212045032,0.7131037201137409,0.48815351823047176,0.046305702818985495,0.04218631392480532,0.03526525827973792,0.03729348704233308,0.10369856039731407,0.5213383824649858
2015-07-28,0.07246911100081221,0.056437683304409014,0.09538904717216634,0.07330772293721466,0.10542091827219327,0.05222919733996745,0.030184800237191056,0.7242258949776686,0.7289977854651508,0.7145716880038113,0.49142602892970955,0.04678948370630642,0.045911292837465645,0.03741177665041007,0.04077015883407285,0.11010675301183151,0.5876994057369854
2015-07-29,0.07879211480487802,0.060880515719124895,0.10221409154587768,0.07607122522656917,0.06572302036443825,0.053560198091618494,0.03158289609681042,0.7512297348860143,0.7326362904482331,0.7165941427650657,0.496354547216184,0.046641963725521096,0.050675831503371516,0.03977041371319956,0.03804588834893967,0.11456985469460894,0.5436213971084287
2015-07-30,0.07684644895603288,0.05742489157432418,0.0977698299697296,0.07330772293721466,0.07950918854076991,0.053745505126273074,0.03273622700829448,0.7017869217669079,0.7319466054678948,0.7180513514423186,0.4913303964091305,0.04686495165923765,0.053778113577616304,0.0414672576848395,0.03973302557263013,0.10943126760538668,0.5058653331929026
2015-07-31,0.08073777114584357,0.0597288009896112,0.10348398681294824,0.07493354569802135,0.0666734304432611,0.05414989523683278,0.03364008978123212,0.7194533407571658,0.7319720017118327,0.7192230378642555,0.4887925515481405,0.046574704871102046,0.057620472439540604,0.04328289640038463,0.034106887531834565,0.11394093684269932,0.5358365471801865
2015-08-03,0.07944062322163592,0.059893244435771376,0.10221409154587768,0.07607122522656917,0.07849909808023131,0.05452056800333416,0.03462278359877047,0.7320757005999107,0.7321015846112326,0.7201905908146463,0.4869781252746242,0.045355876244024484,0.06256367456343959,0.045191846396306024,0.03037033531241244,0.1190300321981377,0.5324808306395601
2015-08-04,0.08025122782000016,0.06022233486355599,0.10142051726432955,0.07607122522656917,0.058679243312440225,0.055093427439801834,0.0354969201609715,0.7320757005999107,0.7312490824750114,0.7207659278281229,0.48349194098823667,0.04614156965267657,0.06388021423437495,0.04626088085831792,0.028636900336817747,0.12314800762508979,0.524711458009463
2015-08-05,0.08333166745814491,0.06746219277283638,0.10792797763823059,0.08322324357829558,0.0528141537993277,0.05622226667742558,0.03674243246710507,0.809469715397989,0.7363145986771171,0.7224068926079572,0.4929636998449549,0.04643764383332194,0.0673256205188334,0.04816985196729939,0.031243876614852797,0.12697860933637797,0.573485736600144
2015-08-06,0.08997842788194033,0.06844916301216608,0.10554690693993363,0.07704621731062367,0.09234643864782158,0.057030963045413774,0.03789651975624897,0.687238892011364,0.7335138630957244,0.7230668553519977,0.4842441309538896,0.044473816380486864,0.07230763214136948,0.04972245573501288,0.035400865761579456,0.12121103129076488,0.48295100824969284
2015-08-07,0.08041326732077303,0.061044908921009666,0.09872217698396046,0.07249509470253768,0.07742932723797702,0.05783965941340152,0.038942055477105275,0.6085977674036006,0.7261001112639764,0.7218667921893137,0.46771141905210056,0.04333675713705587,0.07506002513838261,0.05055390493182599,0.03876485272543985,0.11617435184835907,0.49371129319088225
2015-08-10,0.07944048157454131,0.06120939901939404,0.10380110154807742,0.07558340558942611,0.060872497340492986,0.05901902016257754,0.040039016348255685,0.6476084077054903,0.7222894961128503,0.7200185449343814,0.46195007948273203,0.04344538681815868,0.0761321926186811,0.05115628164926889,0.036679763337628554,0.12039979086270011,0.545865041830385
2015-08-11,0.07490091717755876,0.0574248213261912,0.0996743524960334,0.07265745855191508,0.0584285857092342,0.05895161901571333,0.0414616347677943,0.597620446177009,0.7157298456152793,0.717010991868198,0.4516456697891922,0.04329297564864898,0.07703046957529114,0.05153805222443797,0.03474384314007807,0.11629409698859247,0.5047456228509116
2015-08-12,0.0721448490836587,0.05660218912756765,0.09189724097409668,0.07314519729027924,0.09809962744521714,0.05864833062545016,0.04294710362122578,0.604410664462657,0.7102784587072826,0.7133343136241277,0.4456981968253782,0.04272859039354848,0.07860191882585499,0.05205557977598896,0.04212327556291014,0.12234356591377822,0.5280515906782846
2015-08-13,0.07700859534102056,0.057424879769368165,0.0987220833419955,0.0698942798576766,0.048268000722132616,0.058294520723634835,0.043969785931359695,0.5477111805767022,0.7022667607169787,0.7085255654702568,0.43563587156218936,0.042736718749006086,0.0784277222248968,0.05197072638748512,0.03955034263459699,0.11873571355675816,0.5024618310102422
2015-08-14,0.07441471994949822,0.05561501180220518,0.09761116104191414,0.07249509470253768,0.05292008647687311,0.05804177061555016,0.04510673529510545,0.587502405616446,0.6978041058869328,0.7036383896406898,0.4349387725794705,0.04276859811702438,0.07854573341149829,0.05204708810322056,0.0361690386470913,0.12257150568621275,0.5425829146642301
2015-08-17,0.074576731907804,0.05660219709353986,0.09681750474153994,0.07330772293721466,0.0489125488446624,0.0577553283193466,0.04629509559152056,0.5999437546350064,0.6945032911767945,0.6989592790201146,0.4367881458299236,0.042808354993961295,0.07858948363678198,0.0520895042409425,0.035757628700286606,0.12621093917911855,0.5302776073082487
2015-08-18,0.07506316303652871,0.055615008351583506,0.09808735066781316,0.06924417726993481,0.05085066924088046,0.0570476917450895,0.04677502290374125,0.5252863679324454,0.6875975483924066,0.6936063663868564,0.43079910314279696,0.04284219645406595,0.07842312036214205,0.05202163419797545,0.032895099602486086,0.1224765429651119,0.49690565470322623
2015-08-19,0.07214492660060434,0.05067876719957587,0.08792938503713321,0.06176710762433779,0.11352849812827404,0.05482372222858689,0.0473063668356809,0.41026353193626786,0.674758968392731,0.6863315575716001,0.4137164615692317,0.043671993994046865,0.07652276827641447,0.0514701568457987,0.039910526990338105,0.11567110059966143,0.4732917654309288
2015-08-20,0.060958271753851156,0.04442607003005272,0.08300902833424506,0.05445240182811828,0.16495955908133988,0.052481830053668355,0.047557742979527196,0.32092111144253155,0.6575700596474938,0.6765052360147117,0.391037516658492,0.04574565004319786,0.07296059577889935,0.05069808179657209,0.04270456052444989,0.10634567366218067,0.47394087603999385
2015-08-21,0.05301421453681987,0.032743597416553305,0.06332807927882389,0.03267137637784778,0.32591754856864064,0.04835402550498635,0.04671787373754743,0.14784931661696765,0.6236616511640773,0.660740641895701,0.3382555908213649,0.052920909930336046,0.0625932108058479,0.049026670617117296,0.06489333754728764,0.08913373529101284,0.37214471157932405
2015-08-24,0.0,0.005100704201087325,0.0,0.005688963934191826,0.9999999999999999,0.04110933298682984,0.04466678510138,0.03291388816805185,0.5721838752624796,0.636130276063217,0.2596305594391995,0.06446562171635872,0.04519755952517346,0.04597233711128457,0.15122569117004053,0.038893557828422604,0.33040290030150193
2015-08-25,0.03745054633954803,0.0151378333186577,0.03063251755505403,0.0,0.5095779552606018,0.03357824848434843,0.042370021589065776,0.015446521608144526,0.527408972411303,0.6060056311318406,0.2106172702379796,0.07147924145829032,0.030770121630185998,0.04214594966928553,0.1835212666479349,0.012682750237370241,0.48226669857171406
2015-08-26,0.019616910584857705,0.005594371177276458,0.032219579519833785,0.021943470198426906,0.33827884763150945,0.02827109157180352,0.04091882858643048,0.27284778768543705,0.5141958945765581,0.5788261467000997,0.23679512607803754,0.0718125729740875,0.024908113821226374,0.03932068442021108,0.19788389269817064,0.030500359235420695,0.6896832049982967
2015-08-27,0.03291085601011423,0.018099321845986394,0.049995733976029744,0.03315895331865404,0.2663281794350357,0.024463404736818073,0.03957047166675842,0.3744775852792739,0.5158447418916319,0.5574668805114534,0.2885277342480346,0.07084831898029365,0.02175787475813562,0.03722506963741723,0.2010514160531653,0.04479257773126383,0.6066105126275148
2015-08-28,0.035829230256690714,0.01480863403130972,0.05761429806902807,0.031533615950521066,0.10436905154445367,0.02021766914440648,0.038182131941540964,0.36480839483334293,0.5171294565024419,0.5406789150944253,0.32915942566715195,0.069408564598054,0.018745476406799133,0.03495975652283989,0.18836648170259473,0.038435923776004355,0.5130142636416719
2015-08-31,0.03437007874270359,0.01201142085267981,0.05491609635099781,0.02616962241142118,0.1678242174036945,0.015331714895228221,0.03655382998197565,0.3327311213480564,0.514623508501371,0.5266644442048586,0.3538114403611048,0.0676938600034146,0.015340390882951693,0.03235508052559144,0.17832402828046107,0.02897013623458701,0.48602695419927117
2015-09-01,0.015725911293536954,0.0009871572151537444,0.036981073122255625,0.010402773986771141,0.2072281894314996,0.00923269093812873,0.034439899442490596,0.2500634500280695,0.49946322067646776,0.51191923382545,0.3473163128378066,0.06669835960156889,0.009612663786322084,0.028927434336461832,0.18884144790350976,0.0175736593442294,0.41020961272842593
2015-09-02,0.021724814194604813,0.003126513448567403,0.044441089424058444,0.020643426820501687,0.11842378143850607,0.004970142792910082,0.032623068929446886,0.3431662902914975,0.49884418395016006,0.49997877742905034,0.372246175045017,0.06281829605000766,0.007052696010940607,0.025661003251571723,0.18323005532024378,0.02461895751255276,0.600637741576382
2015-09-03,0.028533916060689668,0.012998986088130327,0.053011787378401176,0.025844813813887257,0.08842692957864157,0.002004911596536818,0.031097617270470113,0.38734080676540317,0.5049198253332816,0.4918425523742148,0.4060598227745772,0.05915947555651524,0.005436972174705512,0.022988482547028455,0.17727488237442263,0.030194490086008878,0.5627583299886838
2015-09-04,0.02058964949037423,0.0,0.04158393615437883,0.013328640125503166,0.1314012804425897,0.0,0.02929220066692506,0.31802997064873184,0.49962869940947896,0.484100290949371,0.4095615413102649,0.05628104127023159,0.0022355405095391134,0.01990021613101811,0.1801785631615611,0.02251332914006028,0.4337782213768021
2015-09-07,0.02058964949037423,0.0,0.04158393615437883,0.013328640125503166,0.1314012804425897,0.0,0.02929220066692506,0.31802997064873184,0.49962869940947896,0.484100290949371,0.4095615413102649,0.05628104127023159,0.0022355405095391134,0.01990021613101811,0.1801785631615611,0.02251332914006028,0.524711458009463
2015-09-08,0.030317286131828936,0.012340808046804264,0.05110713908042541,0.02909573124649001,0.07709511710036895,0.0024261561864689085,0.028058127862015003,0.44198764927568,0.5118999871176078,0.4807667332699546,0.44874800028375733,0.051749711495923445,0.001964290169070071,0.01747373436093369,0.18461106431637747,0.027533633178673488,0.6411595476982626
2015-09-09,0.04101736918649834,0.018922368799495604,0.045552002306268435,0.016417112809949508,0.08783907781874173,0.0041278213193080004,0.026058470063192063,0.3726253192190587,0.5112317815791523,0.4779441385275204,0.45328965908489427,0.04741168171401411,0.0005050908148304112,0.014538199821618192,0.19691168458912628,0.021986903770816857,0.4329859478277755
2015-09-10,0.017671680399351852,0.005430033992505634,0.043647467566180875,0.017717560681769662,0.19823137188785458,0.003689797717821186,0.024007387114074907,0.3825862619508954,0.5134854769492903,0.47621136501864586,0.4629764599051174,0.04219268668019771,0.0,0.011645085642636888,0.19097138976424016,0.03294256063943612,0.5342768662823209
2015-09-11,0.021724687859729475,0.005265440835566015,0.04523454055802667,0.022756341129440805,0.05113415105403014,0.0026115470742548164,0.022230547937151623,0.42190657625675243,0.52149315848229,0.4766916155947454,0.4826467717520248,0.03689251565103058,0.00042246586842931144,0.00918466251715111,0.18272712106878808,0.036690846704873985,0.5617106952515025
2015-09-14,0.027236735375145482,0.0062524967663186715,0.04825000101337851,0.020318051931515035,0.06684202752160803,0.0014490324191381854,0.02031085859294446,0.4069406614728893,0.526936454137082,0.47834456589807334,0.4930702323433439,0.030104707521061203,0.0018007604239833608,0.0064612171116690265,0.17184727656853555,0.032172916661183826,0.5069251931493742
2015-09-15,0.02610189884655889,0.013327868364981788,0.04920240796988373,0.02942062074280294,0.08331978091331871,0.001786004612207348,0.01867112850625552,0.4789010485846962,0.5410841271388998,0.48296453461736977,0.5194423707641971,0.022143012889010216,0.005187037415393614,0.004170475427518583,0.17092174342036498,0.03749821259543424,0.5913229077798142
2015-09-16,0.04117928405389415,0.021719421289037144,0.06269325976444984,0.0381979764626621,0.145778284397907,0.004667030494222568,0.01733991519903144,0.5421299778924957,0.5615865948831245,0.4914393245552807,0.5537056831244466,0.014946922173107335,0.009128811616930577,0.002549980503778082,0.16559767769171296,0.045883808322389585,0.5881859385626256
2015-09-17,0.04231414255632493,0.03011100526080479,0.06650250005860403,0.0381979764626621,0.16954898043527886,0.00648659312953892,0.015757314373860964,0.542129977892496,0.5786389454284939,0.5021938013604715,0.5739685225111318,0.00913074912591405,0.01247044905910455,0.001319760495811062,0.1633823219547948,0.05543410464409375,0.524711458009463
2015-09-18,0.03395591452811608,0.02020244109632463,0.05687196028887498,0.02916781205854546,0.13831972869298473,0.006831028251285565,0.014074428107685444,0.47416281495357027,0.5843625412266386,0.5121314663686395,0.5667083472257551,0.003577189611257414,0.015377093267036512,0.0,0.16223731361314608,0.04741395821874205,0.46014264609830435
2015-09-21,0.035914026161330326,0.019540049982042396,0.061664219059416325,0.03489366583594411,0.1204126301591825,0.00906628439924817,0.012752769044585777,0.5189351290147113,0.5949226009834376,0.522542988496596,0.5709201935316326,0.003932118245981275,0.0152533045409744,0.00011599515213733813,0.15463411116066716,0.05455670466052764,0.5661322029835056
2015-09-22,0.03183444161438376,0.010762755258632573,0.053197611399560474,0.02638643113904049,0.13390338044602132,0.008785460262835443,0.011023536163832004,0.4563457877016691,0.5958623278586809,0.5310912423124706,0.554358661733601,0.003313167557935981,0.017980783576680204,0.001196325101297857,0.15481384861547148,0.04675294749957818,0.46362332870834666
2015-09-23,0.031018689360083007,0.0114253284229352,0.05463542450487313,0.02769529248387248,0.07099578208902224,0.009954465150307401,0.009443153288190453,0.4673439907916068,0.5984192042128232,0.538525814549505,0.5444597798810774,0.0009839511049857252,0.023114514008162335,0.0026419152126365697,0.14374671754926732,0.05147440041897639,0.5342139783742006
2015-09-24,0.026776316501429642,0.012584544714374646,0.052558772874194415,0.029004072929925573,0.09011737639073938,0.011124333725030855,0.007891629348149243,0.47886582256304133,0.602213864295774,0.5453579501789776,0.5391050636720712,0.0013133983126892845,0.0235104466495335,0.003010452121740559,0.13846276879078012,0.05713276036965134,0.5341972504950951
2015-09-25,0.03819850722179674,0.024342674999359937,0.06166433673835592,0.033912201849572665,0.15751443146230362,0.012280660019064138,0.006626889125715296,0.5222742410822999,0.6102957170818266,0.5527074162623903,0.5437033197082333,0.0014295629566947188,0.023472580617325156,0.0030497688622410646,0.1400471621264307,0.06609339594585939,0.5602243251614046
2015-09-28,0.03672960346798271,0.01606214154529817,0.051919746577851145,0.022460251598438452,0.21061057506523811,0.012502703110500835,0.00486820585615344,0.4299857039819214,0.6063691954129098,0.5576717763490793,0.5225034696650129,0.0008153010366350744,0.023152528594196364,0.0025761733661265884,0.14176813878396832,0.05453119119658291,0.4423742234349742
2015-09-29,0.029387257291434876,0.0072854946478806415,0.04856547114343479,0.022133339632651627,0.20297297821516866,0.011747362489899826,0.00306946869292013,0.42749559286184013,0.6034664480197811,0.5609666779290566,0.5076646029461834,0.000681458190617823,0.022872312719158572,0.0023654945847070286,0.1348780992839277,0.04334320828665612,0.5223258540178157
2015-09-30,0.030039885961841928,0.014240724307031938,0.05479530736809146,0.02916781205854546,0.16435231119738242,0.01081136868342647,0.0016608176683633458,0.4943828162547884,0.6082721080260766,0.5647227258153138,0.5117634700634293,0.0,0.025464080323177707,0.0033449590005909524,0.13197495095464085,0.05263888170028156,0.576066681776342
2015-10-01,0.03444546478201438,0.013909573972086586,0.05431610320807967,0.02916781205854546,0.18002736345501666,0.009875374876953003,0.0005149794453518375,0.4943828162547881,0.6124943611910998,0.5687117074407283,0.5138338855279516,0.00022401023064722025,0.026113876292570004,0.00378989985155076,0.12678297779545716,0.06270259079357253,0.524711458009463
2015-10-02,0.0297132632933238,0.022686224547547984,0.05191969115002493,0.03980114756535935,0.1715303691082408,0.010977540433539601,0.0,0.589503174563166,0.6261396143019301,0.5750833947443441,0.5350124005056441,0.0021341803613237342,0.025651710043365195,0.004518367986466321,0.13893688396364517,0.07234996986633283,0.6016328561753923
2015-10-05,0.050272520489959116,0.03692804233280855,0.07348474463256627,0.05321578309289954,0.1315310852728214,0.012876662919745208,0.0007221188701976855,0.6872334766742347,0.6496089205287134,0.5856510847021248,0.5723082805090656,0.0067304263310261625,0.025184131084678096,0.006600326841993631,0.14298322061787166,0.0800374909021473,0.6204342768471321
2015-10-06,0.0563099298552433,0.037093721927477286,0.07779786302760927,0.04781732667396177,0.11553972699209383,0.015098016218553889,0.0022028959073179255,0.6333266743957902,0.6629421478172609,0.5972130101744202,0.5811454742624286,0.009555108094687736,0.024304815667522295,0.0075775237152236885,0.13525742264480833,0.07313350369601634,0.48683884299337266
2015-10-07,0.05630996016741319,0.03924660848309691,0.07923556561363831,0.05501545732969637,0.15283996556441976,0.017929803541924416,0.004136643639307991,0.6829594175388852,0.6799433205366139,0.6104252666303603,0.5958143273125687,0.013330060508223385,0.024517549373868963,0.009592212138690437,0.13082948875758926,0.08186510293257163,0.5755543978382143
2015-10-08,0.05859437287157565,0.0476923841673601,0.0825901674700057,0.06450391331663474,0.1603462655747146,0.021609429874930308,0.005632607943651058,0.7417088608779173,0.7017629399841799,0.626080894886866,0.617532068932009,0.019094731182073055,0.023599880692143027,0.012034283792345724,0.13245933139427785,0.09096449081412951,0.591127120889301
2015-10-09,0.07066883644231758,0.051666853553103964,0.09361226010658263,0.06630342575587378,0.16053127475803333,0.02496684216595957,0.006797608681887057,0.7523266483777494,0.7199299762558373,0.642839858720927,0.6273389910661412,0.024487188937444837,0.02271914430322286,0.014307277838184196,0.12273936084894248,0.10007294365135828,0.5371593383380482
2015-10-12,0.07132146024653829,0.05315721287399411,0.09568884585203385,0.06843009285723656,0.05897167718284726,0.029731704108361567,0.008094489267814198,0.7652549304558734,0.7353337302044869,0.6598374117249456,0.6294596744370212,0.029241608886397596,0.022935845129191668,0.01681854543498018,0.11271511970162136,0.10420524755662891,0.539389668757512
2015-10-13,0.07164796127574302,0.05100451487816959,0.09233444678354374,0.0635224493302633,0.1262613075673232,0.034021764465929194,0.00940741017847524,0.7074121564155864,0.7418291370711223,0.6749494351722412,0.6127002751023602,0.03252217641026678,0.023177802724483554,0.018598532637256637,0.10590294859557141,0.09677593154847279,0.49092780195927066
2015-10-14,0.0667529347964928,0.048189335710815406,0.08259026218363785,0.054197651573165806,0.13534167764537022,0.03661615518953898,0.010946763831357731,0.6074090447732527,0.737146810678594,0.6859476745067347,0.5761351889295093,0.03387332602331439,0.02347721072090192,0.019433655506525538,0.11006222366414677,0.08890170166763017,0.4601299385800773
2015-10-15,0.0638155893136334,0.044711327160220526,0.08594452721058687,0.061395458633784705,0.05304839929756191,0.039956612377438194,0.012379163977023766,0.6614536127520274,0.7391872940429135,0.6952218717674338,0.5608111599417631,0.03621284787086976,0.023535072968056348,0.020644476834881353,0.1059356225129882,0.09274378078246942,0.5751451257007423
2015-10-16,0.06675290131629208,0.052826163894913125,0.09185518795215286,0.06908464487782107,0.07790975431078856,0.04299190286493537,0.013899008204627417,0.7138680289503017,0.746930476792008,0.7044460482953868,0.5603665541109413,0.039597530810070225,0.02426844320485233,0.022727985389019212,0.10335286640282852,0.09780399986782709,0.5781059315198542
2015-10-19,0.07376927154694057,0.055807109319626735,0.09648778108784539,0.07268375065507793,0.06839670146530258,0.045009794926182844,0.015985291150177883,0.7370870930605687,0.7552344920524623,0.7137609298083294,0.5611727791099959,0.04336916125392887,0.024401848734337706,0.02470048569581329,0.09745935242976507,0.10239810478094534,0.549467316198943
2015-10-20,0.07719535700167335,0.05663464894497783,0.10064064228864622,0.07219253326921837,0.0653246538164858,0.047536331696019896,0.01750010802551616,0.7312142299291692,0.760064193791124,0.7223385654049441,0.5546198196639177,0.0461001768586643,0.026383468497089946,0.02709139195964505,0.08674444119561352,0.09795452199465284,0.5213476113186752
2015-10-21,0.07540059565400248,0.060940408468396545,0.10048097474292006,0.07235627239783826,0.1897657097414795,0.04933374033407134,0.01946632312637897,0.7323925983443623,0.7627283397476591,0.729821645987552,0.5448909429628918,0.04836259188524328,0.028711366326702903,0.029422527150360867,0.08353497421895174,0.10849538403684698,0.5258334160402164
2015-10-22,0.08029585368498426,0.07286403657071039,0.10399548849460538,0.08855220794610463,0.1774029186690678,0.05182639205358752,0.021956102274680145,0.8345216411542816,0.7786345100822233,0.7395155980467784,0.5645421214989952,0.05346696498131143,0.029750946535960776,0.03253071584987233,0.09603225301910388,0.1184305023476773,0.6356654507072662
2015-10-23,0.09612331149610465,0.07683855282691032,0.11214227961664625,0.08724350839883033,0.17396980471087092,0.053996871657692846,0.024222772761527844,0.8173322671895707,0.788390377284953,0.7495447047012644,0.567521119988187,0.05766131744535441,0.031054869964377008,0.03531440948362852,0.09790100989494098,0.10866359744812724,0.5159205650988187
2015-10-26,0.09188089613749706,0.07203601041213692,0.11373968775772436,0.08560749239187437,0.1073187544107532,0.05577734196324036,0.026517642486167725,0.7950313890492581,0.7929108419860045,0.7586216419374044,0.5590578278274164,0.05937254682637738,0.03581723640491452,0.038610457969213696,0.08990052807528569,0.10216241593350181,0.5137045646826928
2015-10-27,0.0876385119080152,0.06988320744390286,0.10990592300316304,0.0867526955068657,0.05111773894905832,0.05818520139647987,0.02853281740111757,0.8026196892055565,0.7958747671195654,0.7665740378211678,0.5490624196273058,0.059993618124426384,0.04180794591471604,0.041983345325692256,0.08521748477273729,0.1059098978496463,0.5324314444373225
2015-10-28,0.09155460696764861,0.07021442579709258,0.10287733693353385,0.08200846751339652,0.13026436917090523,0.06106784564392753,0.030072719854332464,0.7344957780940096,0.792086521891604,0.7720529718939538,0.5270772250269902,0.059723546016422935,0.04747585169969881,0.044741428817558715,0.09235202667709495,0.09828444251838503,0.492774052711102
2015-10-29,0.08633315465398361,0.06723352697263796,0.10735003186553205,0.08233562217552026,0.05828982882174514,0.06323833363334597,0.03162412152279681,0.7371252080383475,0.7877863671597682,0.7754338181594528,0.5084285163519486,0.058164646954282806,0.05445150427550127,0.04751658855242624,0.08749387591321924,0.10238333767573951,0.5269264796120433
2015-10-30,0.08437514721186168,0.062762309965813,0.10271758946248344,0.07317448264826365,0.1026054962647541,0.06366225313816354,0.03317091952422635,0.6126281857364476,0.7742750560495119,0.7749892130219254,0.47442625557058954,0.05640852249577988,0.059598954933036796,0.049258551133479545,0.08747602792575164,0.0961130932172785,0.4627099673773529
2015-11-02,0.07833790685016351,0.06127188706753439,0.10223839123632483,0.0780822879727947,0.16940127149053244,0.06422182185333503,0.03468896380048181,0.6581606818789583,0.766836986057727,0.7728998273588951,0.4598067373845762,0.0565369507046799,0.06201359433559639,0.050556489170381025,0.08196760991560563,0.10565615219534218,0.5582997976672308
2015-11-03,0.07801117413439507,0.05928427554713256,0.09824448486987736,0.07415562303951928,0.1604328021282024,0.06442529986152246,0.036368011307857384,0.6079896328438106,0.7559932920338035,0.7687008178516866,0.44105549144179185,0.05506449263699009,0.06616151849062057,0.051931249187727846,0.08284446565365268,0.09655252425387373,0.4979985699569528
2015-11-04,0.07980637407315239,0.05961582297201162,0.09744611015752891,0.07072049908721911,0.09500370764371407,0.06425574883022167,0.037880311663538,0.5655304085213824,0.7430638940969818,0.762327963250491,0.4217334193523239,0.05413256967096103,0.06868816522763133,0.05275099330402677,0.08265954609509864,0.09065474712721319,0.501230178802217
2015-11-05,0.07458511225339781,0.05481347550796889,0.0958488080121429,0.07055708355371515,0.11923692663938279,0.06239051977964982,0.03934086555059524,0.5634677069509213,0.7317024912356578,0.754581508497363,0.4095242692012138,0.054016122242364406,0.06942199913175151,0.053066946025669526,0.07774484957116583,0.08356960701662658,0.5235896912364123
2015-11-06,0.0714846855959892,0.051170017183068794,0.0859446451028053,0.061722775093466464,0.17974388164186697,0.059745246976023236,0.04031838415256639,0.4590151508573813,0.7136031534624375,0.7441656629614923,0.3857975734574474,0.05428688907326129,0.0686860913949855,0.05282785328798034,0.08666174472986331,0.07351978777476684,0.46405611834727023
2015-11-09,0.06251032998043793,0.04189623482611049,0.08211089463529453,0.05632415687697068,0.09244341926810964,0.05670997325915261,0.0415086723589565,0.40373058180597055,0.6936389247490695,0.731179626943116,0.3629526127360034,0.055095271502406895,0.06664946031877428,0.05219596895775491,0.08745229965354583,0.06774745793787464,0.48723816799851677
2015-11-10,0.060225902201571646,0.04255859226239267,0.0856250925057277,0.058450823978333566,0.08561896761891688,0.05377643016106226,0.04278520183619383,0.43186794532714723,0.6794673691112384,0.7174876229707476,0.35667766529949285,0.05545416004698689,0.06577624074690935,0.051931249187727846,0.07969897174806621,0.07318540787768041,0.5395729595795036
2015-11-11,0.06185774123754717,0.04520834774019589,0.08722264758151899,0.05730578266090003,0.0830243630238259,0.051215949643712455,0.043774228183989905,0.41943502350599426,0.666940981742704,0.7036143084620374,0.3550660991104075,0.055071016188899535,0.06647275242883866,0.05209348194146346,0.07399718910038021,0.06787458663071094,0.5167309570942414
2015-11-12,0.06006305927487943,0.03891561184602277,0.07683963011838402,0.04650878892424526,0.10105977437831692,0.047502429875072805,0.044383749149771945,0.3147812195763513,0.6468343969534665,0.6878291162184125,0.3380725058123146,0.056996097771998544,0.06304778148021961,0.0513164537683396,0.07718990465265933,0.06168007841479072,0.4493528445686877
2015-11-13,0.04896722867199621,0.03046956986948879,0.06949124471693924,0.03963757023429759,0.11059222334786054,0.04402626477962801,0.04437799954214694,0.26006653904000887,0.6246834891244234,0.6700379210235021,0.32024228702458735,0.05970798154131207,0.05735664380323102,0.04977942721636108,0.07715928873319143,0.05501850566837525,0.47609715531320357
2015-11-16,0.04178785970780552,0.0359345547851635,0.0675744222348329,0.05305236755939535,0.11987998275236969,0.041431865670705004,0.04437225562157221,0.4329467985078178,0.620124115200728,0.654742243804047,0.34242352632065287,0.059802038233103705,0.0552571108644766,0.04875474284837533,0.08836435200778044,0.062135153810366384,0.6204554427602866
2015-11-17,0.05989945638518124,0.04206163873812474,0.08067305827151339,0.052724970200934806,0.09483361855582428,0.039210537527835876,0.04454475522441714,0.42992280422888385,0.6165683389642187,0.6416769043981574,0.3622477300492341,0.05977533703816407,0.0532937196017077,0.047738609269726284,0.08753546466069291,0.05624571059456458,0.5224141457650935
2015-11-18,0.05973646171165081,0.04702992688098384,0.08402775153104658,0.06368586486376726,0.0914019966071703,0.03848138424011083,0.044849512863783136,0.5473342153430979,0.6243791048639842,0.633045204202509,0.40165582618079626,0.05936612519941742,0.05281211388518747,0.04728604660407365,0.09076022480882513,0.06196701350356734,0.6016545350013812
2015-11-19,0.068874136257987,0.052329392329985014,0.09393185701566409,0.06581277466146696,0.0853578659489106,0.03798962755214652,0.04489551825535676,0.5679129088076154,0.6327580971907042,0.6280928603560711,0.434359531159101,0.05662989678718533,0.05319330669926081,0.046099133704964323,0.0850175819848236,0.06739217015916014,0.5394389875993543
2015-11-20,0.0740956945430784,0.056138401243998826,0.08945926366535051,0.06008716358040522,0.05650389339890218,0.03782009329147196,0.04467702179151345,0.5065645113788524,0.6341550012534641,0.62445658247627,0.44605729267494365,0.053737925595218616,0.05327703256520566,0.04468167463489037,0.09191681692371702,0.06338078106582239,0.485169435167992
2015-11-23,0.06495786810668158,0.051501144870801374,0.09025764264303948,0.06712131241118324,0.053958525118726654,0.038939239107128154,0.04463101924346469,0.5766898734192069,0.6419793048140618,0.6233712869253637,0.4687315230486718,0.05112246308736923,0.05397354757369499,0.04371676556263293,0.09033441552777162,0.067267453914204,0.5736368772362741
2015-11-24,0.06985302617614719,0.0543165220675248,0.09153563068695714,0.06924814131010404,0.12064239962878803,0.04005840169341057,0.04483227257148381,0.5968765287439943,0.6501682559569083,0.624411771070697,0.48762636916750657,0.04812888799175452,0.05514424824924169,0.04280309366460333,0.09086273905294841,0.07442145844609699,0.5393759623543279
2015-11-25,0.07393227036614525,0.05630375202841986,0.09840451869346789,0.07137488931024571,0.05817196006785658,0.041516691498234115,0.045436038242591015,0.6173676979116876,0.6585495027353067,0.6271977001756138,0.5031406362284644,0.046275618228544646,0.05588977602295775,0.042248060873107396,0.08361467717512798,0.07851457834943532,0.5393369997971559
2015-11-26,0.07393227036614525,0.05630375202841986,0.09840451869346789,0.07137488931024571,0.05817196006785658,0.041516691498234115,0.045436038242591015,0.6173676979116876,0.6585495027353067,0.6271977001756138,0.5031406362284644,0.046275618228544646,0.05588977602295775,0.042248060873107396,0.08361467717512798,0.07851457834943532,0.524711458009463
2015-11-27,0.07572709662036181,0.05928456313269914,0.10080061611964819,0.07448310129675895,0.015106596621791993,0.0444162824634986,0.04589605803602759,0.6472594121731794,0.6679022753881241,0.6316064332271931,0.5175648171101729,0.044676749995538945,0.05666802173035301,0.04183818881495782,0.07763320120381827,0.08049761050692693,0.546030646878066
2015-11-30,0.0793168498879595,0.059284572647743006,0.0953694224908509,0.06564903553284718,0.12913491794693518,0.04711242057651521,0.04577529921475609,0.5388886522720651,0.6667592870940608,0.6348670063942232,0.5073594772168856,0.04378046961566917,0.056785024761900726,0.0414453887771975,0.08056648911216908,0.07292749526794692,0.46434913825050844
2015-12-01,0.07197438822569713,0.055972673299159004,0.09712674987935643,0.07252017332401595,0.13588924514761197,0.049130295867136686,0.0457695496071312,0.6073102684448642,0.6720698864787295,0.6387132852778541,0.5125654820562714,0.042729177748700664,0.05725596647711095,0.04115506731050467,0.07804825171378106,0.08082855449339617,0.5721742894848733
2015-12-02,0.07605338374181658,0.05663485890528075,0.09712651883927315,0.06843009285723656,0.09148853316065808,0.050758161859200346,0.045637302944710245,0.5596014685480988,0.6721418542503474,0.6418070829832176,0.5058771050359099,0.04185988029711263,0.05753026117063975,0.04085621616753543,0.07421179809530655,0.07510301152448283,0.4966970507901038
2015-12-03,0.07605353997629494,0.057297444860601954,0.09105648824952839,0.06417683955328979,0.16197106396692512,0.050809052324529924,0.045349802658793736,0.5120896582161119,0.6679563085921212,0.6433065337954307,0.49170586271037237,0.041117000956422234,0.05759594036654847,0.04051466174922669,0.08113400267636202,0.06592401286287967,0.49543254931832903
2015-12-04,0.07099520264381598,0.06607431150191667,0.09297330041857543,0.08233562217552026,0.1653609096483781,0.05252167706161792,0.0451312948208501,0.676033618529053,0.6814086184042076,0.6476416242854047,0.516910250283804,0.04358963196702015,0.056355055662590914,0.041129457168614936,0.0977966994233732,0.0752691049058078,0.6503732537156834
2015-12-07,0.09008600160866642,0.07037998346483998,0.11086431956554643,0.08462594750672392,0.10924344672108521,0.05506516893458502,0.045039289724752796,0.6930909030194979,0.6937102936606541,0.6539770310154935,0.5346899231317618,0.047089603620017795,0.05523545917629624,0.04232491663444882,0.09180077540216726,0.08186459120120311,0.540212104424094
2015-12-08,0.08404900300938867,0.06739944149403654,0.10719058176308693,0.08249952310169806,0.07066604798004286,0.05665914987632792,0.04493004717988125,0.667350956733018,0.7008464249272764,0.6607086806050481,0.5382119004413268,0.049675161608467855,0.05535442829073489,0.04369117231119113,0.08798008082864008,0.07715929437215385,0.5103599073910319
2015-12-09,0.08258020580322756,0.069883170669919,0.10112013456502422,0.07464675952659983,0.25545739790551697,0.05721872697681263,0.044504533562768844,0.5774962169602136,0.6985075484992003,0.6655488435760786,0.5213995521739762,0.050680933691250485,0.0560153829845349,0.04453653923721612,0.09716399152736892,0.06339971512645759,0.4715754527612527
2015-12-10,0.08111192611599771,0.0639216428281576,0.1028774768765468,0.07562846620930819,0.09164817818174764,0.05765961835538669,0.044280281804250365,0.5866865672827674,0.6970205125625691,0.6690743683797417,0.5097144815533969,0.05166290610878277,0.05691724546527921,0.045492914410584895,0.09395914372975019,0.06913308027486115,0.531418022219429
2015-12-11,0.07213716068405185,0.05530993221689273,0.09425104275229657,0.06663041862043984,0.14767612053646695,0.05684567278138508,0.04372825691471649,0.49137407766052643,0.6868998573605828,0.6695358166533636,0.4824796487840985,0.05070139862790091,0.05992456562825399,0.04654318780740041,0.09647577946371415,0.060654495647797804,0.46331470622044285
2015-12-14,0.07132154800758572,0.05829095279971275,0.09345256477841446,0.07464675952659983,0.22244967078809436,0.05777830407729734,0.04378000622686484,0.5694063237005618,0.6860164106626094,0.6696990572163719,0.47982905012918536,0.04816100428979364,0.06601465290931074,0.04837053582607176,0.09956090460501484,0.07279678445553098,0.5800177203727654
2015-12-15,0.08568034740019037,0.06690219621347393,0.10639145059142996,0.07988163861447573,0.14707334868113817,0.05854133403002992,0.04384325191073801,0.6156928081343919,0.6897831475242242,0.670707619026299,0.4873426296923757,0.048301600138158096,0.06861787728782154,0.049770922875756574,0.09843136841783705,0.08124583487218265,0.5604737211707906
2015-12-16,0.08812784189864453,0.08081283587080257,0.1127811148174841,0.09575017680428144,0.28587350444693443,0.06137311296808712,0.044602282579440544,0.7324029426175451,0.707078768876732,0.675545816072772,0.521382078189225,0.05180372819582346,0.0695528342517785,0.05201667685146605,0.11036358654979035,0.09649572207196813,0.6324281575416149
2015-12-17,0.10036564325387398,0.07899130267267629,0.11421889141263675,0.08495310216884777,0.127351966543178,0.06352661231312295,0.04510254678272596,0.620891759521274,0.7098795195213445,0.680069186300786,0.5185837617412008,0.05311557646273468,0.07042950164890649,0.05312674665707007,0.1112085806732414,0.0890129666880424,0.45280708896682625
2015-12-18,0.08877468041545145,0.06722746177142735,0.10005697488796916,0.07028607264419118,0.1942671025323878,0.06227765346504499,0.04509302097385215,0.4967839153121665,0.6976786479195998,0.6808440439515131,0.48526536640247386,0.05301615456388897,0.0709850220981425,0.05336023598861128,0.1176487469892208,0.07825154842601664,0.42576064413582465
2015-12-21,0.0803917311669079,0.06272325660787093,0.10214894123088925,0.07951484355066052,0.09631518403191705,0.061747877767391435,0.04571839743524053,0.5660584117755065,0.6961745963640523,0.6811133584156653,0.4807718806787876,0.05280306889791653,0.07318142250799886,0.05437428781953524,0.11558192372927108,0.0842135843916669,0.5880962502164336
2015-12-22,0.08548726716194976,0.07440087069266965,0.10858562494099477,0.0902267317718467,0.0818456754849404,0.06254881772074272,0.04691004484659822,0.6372320791088145,0.7044531510936258,0.6832584158131194,0.49744429228659487,0.05485057303342744,0.0735186030437156,0.05558030381541468,0.11793777049044195,0.08946665309847494,0.5974569049002156
2015-12-23,0.09847233256129584,0.08073987398241733,0.12161972548122724,0.09632399184346152,0.07107933462342425,0.06479570429800385,0.048241255310297326,0.674297346751289,0.7159931823891601,0.6876642683880421,0.5175392141922078,0.05809390267899894,0.07307924946319999,0.056993561386530556,0.11258079257476065,0.09419219986882131,0.565586094762071
2015-12-24,0.09913002025625928,0.08124051344028838,0.1237118583553325,0.09550019957728773,0.00913109840250538,0.06685544745703687,0.04958375741191823,0.6666508665249249,0.7234948980589198,0.6929374868453596,0.5252487359764102,0.06068467711519798,0.07298352340635328,0.058252811852122055,0.10182294850748479,0.09250195115860367,0.5192290694299443
2015-12-25,0.09913002025625928,0.08124051344028838,0.1237118583553325,0.09550019957728773,0.00913109840250538,0.06685544745703687,0.04958375741191823,0.6666508665249249,0.7234948980589198,0.6929374868453596,0.5252487359764102,0.06068467711519798,0.07298352340635328,0.058252811852122055,0.10182294850748479,0.09250195115860367,0.524711458009463
2015-12-28,0.0965001339417334,0.07773730165556147,0.1203325859559845,0.09434666388806334,0.043578614728819805,0.06972828927344621,0.05126521907205028,0.6553557132847364,0.7274393246066052,0.6980754477475369,0.5240465085323798,0.06272985680246812,0.07299165001911812,0.0592896151165998,0.09334230865915684,0.08912386618604856,0.5170270628024554
2015-12-29,0.10438995858846101,0.08574480230136894,0.12532107585871832,0.10159786414279737,0.03631402026447361,0.07252182279835995,0.05344307205436705,0.7037520655739935,0.7363991391166071,0.7042742136405631,0.5334754004818305,0.06557465501936055,0.07385325092469741,0.06116600877386158,0.0909999324898748,0.09214600543955823,0.5730826235735907
2015-12-30,0.10570480106318059,0.08541105300472396,0.12676924690159164,0.0986313868170261,0.07822307631479611,0.07446527004972181,0.05504513680841605,0.6724550760270805,0.7396461747672357,0.7099900612269854,0.5291830144423026,0.0677116197033315,0.07440920277721852,0.06252891591927356,0.08329244180142877,0.08707043441314499,0.5050926666118933
2015-12-31,0.10044521497693115,0.07923891966171015,0.11759721285125746,0.08923814869292657,0.07611188281160244,0.07379028588475667,0.05632854477271787,0.5795879784735795,0.732379803407086,0.7128690580957926,0.503967862624711,0.06785832523524338,0.0763909541662725,0.0636150181790629,0.0851880407004877,0.08209830622765378,0.4623702935216053
2016-01-01,0.10044521497693115,0.07923891966171015,0.11759721285125746,0.08923814869292657,0.07611188281160244,0.07379028588475667,0.05632854477271787,0.5795879784735795,0.732379803407086,0.7128690580957926,0.503967862624711,0.06785832523524338,0.0763909541662725,0.0636150181790629,0.0851880407004877,0.08209830622765378,0.524711458009463
2016-01-04,0.08302165919024473,0.0617222243524812,0.1002178132755599,0.07869072768937058,0.23247149888770685,0.07314117879608206,0.05685595326600634,0.489500028487444,0.7158815949179327,0.7113267728633172,0.46466960180329775,0.06670367106979347,0.0790160744512507,0.06437258855600692,0.09977415470732669,0.0694649746195862,0.4539199526364498
2016-01-05,0.08532291991293173,0.0690625427831093,0.1081028874331379,0.08396435729236984,0.10340222936065899,0.07455895915321953,0.05749396635265924,0.5333480458192584,0.7071103809045363,0.7080485074276754,0.44923946157653966,0.06675876649436474,0.07912807370941088,0.06445760240376763,0.09596643012988797,0.07577425687101708,0.5605611026479101
2016-01-06,0.08039167726108731,0.06756107747581341,0.10488446278667862,0.08116275167812381,0.16007770385699385,0.07472976798148867,0.05823475580824988,0.5093383436617225,0.6969532986063206,0.7030584329049823,0.4340241646471966,0.06664923196011341,0.07888239893136972,0.06427683660588446,0.09519688717279755,0.06668802779607826,0.5057878799679586
2016-01-07,0.07661111340625448,0.0630568201592222,0.09812590926178799,0.07127481752066922,0.2138258556301726,0.07276536583263793,0.058380748070699595,0.43007275839624126,0.6792097629245724,0.6949306236365445,0.40613462591115485,0.0669428237837304,0.07744483036566474,0.06369094918837226,0.10001467130119805,0.054968282889779195,0.4576958544801558
2016-01-08,0.0812134631358199,0.059553469684893834,0.09329824153003896,0.06501236214241324,0.19382546770769143,0.06951985554520457,0.058231863943287054,0.38484297575231163,0.6591096908989963,0.6837433536117875,0.3789408201280269,0.06777433176013603,0.0756379517440916,0.06318806987791203,0.10499132399670145,0.04422850355419366,0.48175207139497245
2016-01-11,0.07463864603814074,0.058552566396727235,0.09458566710396743,0.07259314402264005,0.21171764614606473,0.0671454954378824,0.05827468458681928,0.4564568849726539,0.6503176342532384,0.6727442422401335,0.38061325533031704,0.06788946939004237,0.07521386899973315,0.0630296374749928,0.10609182127753809,0.055844951828533135,0.5771174716480658
2016-01-12,0.08219972647066098,0.06339046320898967,0.10021778747443255,0.07704273866312827,0.17115438270343175,0.06535191050261402,0.05836465371899002,0.4961314262776173,0.647561780907253,0.663302605432843,0.3944567605061851,0.06722776410467723,0.07693236974116713,0.06357312142261895,0.10560494438852454,0.06547390857202677,0.555185577602757
2016-01-13,0.08269295633921336,0.06172227215525816,0.09120649785094237,0.062046127512979,0.2642020658364131,0.06125229737664395,0.05823801448794208,0.38533796417205846,0.6314098923821415,0.6519845352021656,0.3777782115249088,0.06841971976089056,0.07446592326461654,0.0629154158199029,0.11672041718080235,0.05128586396191782,0.4225609712120006
2016-01-14,0.06904978068817602,0.054381748942908925,0.09056248464067929,0.06583615440858703,0.2585010973730188,0.05785300883188971,0.05800307676233463,0.4201912395201264,0.6224874323239912,0.6408503886037722,0.3794130040369321,0.06896769754261256,0.07248852091142888,0.06218229436654332,0.11698311709111923,0.0651945763492967,0.551008505530268
2016-01-15,0.0568866414838346,0.04120303555412774,0.07720655981120828,0.05314693823200256,0.3358632841815656,0.054112085859971404,0.05746588654291884,0.337782005349489,0.6039442878968148,0.6276209449768833,0.3607891010065748,0.06929048650444036,0.06781486484923649,0.059958565535120134,0.12954875444792852,0.04749532350633654,0.43708015328807803
2016-01-18,0.0568866414838346,0.04120303555412774,0.07720655981120828,0.05314693823200256,0.3358632841815656,0.054112085859971404,0.05746588654291884,0.337782005349489,0.6039442878968148,0.6276209449768833,0.3607891010065748,0.06929048650444036,0.06781486484923649,0.059958565535120134,0.12954875444792852,0.04749532350633654,0.524711458009463
2016-01-19,0.0659270393207878,0.048543272922490166,0.0876662397151845,0.06270529076396447,0.19761815596572554,0.05245516475794432,0.057414162822495673,0.4234493186162517,0.598847142923153,0.615849322718315,0.37374684562700267,0.06920179063636522,0.065628598977171,0.05879731344924488,0.13140991506380184,0.05842093443317563,0.5917734266963799
2016-01-20,0.058530251256654675,0.04020206102012103,0.06867785912626023,0.05265248489498453,0.39691482266720574,0.049209629314571623,0.05637082514649305,0.36066932259422957,0.5860320259762882,0.6034450150853492,0.3681232653416018,0.07054238865094853,0.06250076310314145,0.057876906485046176,0.15149566049936597,0.03773031932329813,0.4550172848005572
2016-01-21,0.05803719143035613,0.04203709232295727,0.07865478073354992,0.05578367213472302,0.28797126986424204,0.046579039194219685,0.055357043069725,0.38861027625943456,0.5796258226281856,0.5920283799251278,0.37690212395114003,0.07098870787549083,0.0596338940254737,0.05663822858520695,0.14927441961519772,0.053082991423674675,0.546693708678957
2016-01-22,0.0695431635009478,0.05404839194324773,0.0886317694629547,0.06946203768168047,0.17985279833849815,0.04639114109781095,0.05489878626181144,0.5002233859090237,0.5881616111574715,0.5848846349290158,0.41488141328029315,0.06950232983150795,0.05898115555218619,0.055554389645459556,0.15400164127184574,0.06313814729266326,0.620362830541502
2016-01-25,0.06099598193538991,0.05204660388297966,0.08509162092089462,0.06221091832572534,0.21140730816114298,0.04610076608975344,0.05446167674959801,0.45029253415991544,0.588765236813198,0.5793103349376658,0.4288313168895004,0.0668613410508877,0.05810567482016871,0.05377381550011262,0.1571337067427575,0.051536904750416904,0.4748589963128273
2016-01-26,0.06937883944484247,0.057885328216348064,0.09378115500889139,0.0696268284944268,0.13164447799808127,0.04579330181355645,0.05425072415767773,0.5071573578375335,0.5968417336365605,0.5767334041305705,0.45547322601959883,0.06394965998472246,0.058340022064595876,0.05242332283403406,0.15727588061744419,0.05922998172680387,0.5761561120737769
2016-01-27,0.07546050249628511,0.06205584259135766,0.09378110284610264,0.0688027935319161,0.23196719966220902,0.044939215745645855,0.05432708133549646,0.5010181078521541,0.6029874785876796,0.5761043396279847,0.4727867012347753,0.060928663524459026,0.058716131720674025,0.05109002886670477,0.1611799838850861,0.046621359433387626,0.5190472512713494
2016-01-28,0.07628235362480462,0.06305681003390617,0.09893047660211529,0.07704273866312827,0.20812190314769252,0.04649364316539839,0.05441129801651745,0.5638240311031916,0.6160134051673537,0.578637234387203,0.5008915579099489,0.05602363199059268,0.06105611271656497,0.0498083436634611,0.15876997219634276,0.0580616259079942,0.5814082496938323
2016-01-29,0.08729529052994867,0.07807092037810293,0.10842466588971011,0.09368741973829908,0.28163470533557533,0.04938048006940632,0.05489655978170749,0.6708707838029081,0.6421287324053414,0.5867506377643141,0.5504935236199574,0.05461884150681484,0.06193975207513325,0.04955028717519838,0.16659104480433762,0.07310382327664226,0.6380878906844061
2016-02-01,0.09650033496004773,0.0832426263953503,0.1187236280983982,0.0964892680488817,0.251746770172342,0.053872995426960446,0.05492253822644555,0.6869653710094743,0.6652768112947827,0.5986368273497661,0.5840276734530554,0.056447512359093954,0.06087282289038065,0.049928768335605445,0.16278861314482312,0.08668159167755192,0.5434167028373985
2016-02-02,0.09502064477944439,0.07356658407534145,0.11325208047417479,0.08577697533380058,0.1845392003127252,0.05626441964648343,0.05495149668542243,0.5955336090139023,0.6732183560137391,0.6099968329108374,0.5793507230670641,0.05749663545606687,0.060559808089982514,0.05029864381271931,0.16252746715591948,0.07639681463306082,0.45343452456413
2016-02-03,0.09354148038380705,0.07356676574229315,0.10585004709137036,0.08396435729236984,0.35076696750552416,0.05950995508985624,0.05543227705515408,0.5807559280315362,0.6774649537149547,0.620074655019078,0.567954123936775,0.05749663545606687,0.060559808089982514,0.05029864381271931,0.16454769232488275,0.0579673211272243,0.5124948264814774
2016-02-04,0.0849941973053262,0.06439148917358273,0.10214896997893108,0.07638365631092192,0.29154910874809953,0.061645182837601786,0.05532221841859675,0.5201174824665702,0.673382674398903,0.6271853951751996,0.5415814207792325,0.05693747615849021,0.06062419407381958,0.05004919300774968,0.16239993758305693,0.04243934448088946,0.4735072535695932
2016-02-05,0.08252847309439759,0.06339045987095404,0.10053962735634092,0.07506516801139318,0.27412989733482335,0.0622259580096558,0.05478930201731158,0.509727652795291,0.6686683868441184,0.6317751582135077,0.5191738896533847,0.05719900559001678,0.06075302488204648,0.05024703504863404,0.15738809780297264,0.02776486265276277,0.5157232554276803
2016-02-08,0.0743100336182917,0.058219053717421976,0.09281569445479687,0.07292288744569064,0.2961161499588951,0.06333627409059583,0.05396677259100746,0.49220444263012664,0.6627434964877427,0.6340659663648535,0.49873978780353867,0.057436410386258574,0.06132683417410367,0.05065993471960062,0.15700921892358433,0.012013113189422775,0.5100838787453745
2016-02-09,0.07118679482139922,0.06589267124262066,0.09571201728508927,0.07836106516509911,0.33833106796551066,0.06424159442167376,0.053364346220192704,0.5391129322436815,0.6630154199142344,0.6359619941215636,0.49523080951168297,0.057918318998249285,0.061439897128613974,0.05096099851126756,0.1636985686448153,0.029833280844315815,0.5619410716883403
2016-02-10,0.08598023283282175,0.0692292107236947,0.10601081702736015,0.07737232028862095,0.19543236198538724,0.06512984225523799,0.052767712109878406,0.5300524865665097,0.6621385671008143,0.637274435205745,0.4900436396492844,0.05795030930127265,0.0614419539433495,0.05097820143262921,0.15884539843622142,0.0190147679824596,0.5179873638334412
2016-02-11,0.07233755615537041,0.05755170585246483,0.09265476421941077,0.0707804450824302,0.3627119959059258,0.06448074355187661,0.05168450536933167,0.4706281908888701,0.6551401013426977,0.6366931516143147,0.4732113985659691,0.05796215630821078,0.06232298039694595,0.05143409996177617,0.1618828584545572,0.0,0.4798284722810866
2016-02-12,0.08039186734763015,0.06555941646964425,0.10166627858610633,0.08231653006368522,0.16059841518746354,0.06330212909556832,0.05111105167511887,0.5726476295311757,0.6603510865698409,0.6374427265385426,0.48504064263288027,0.05899610878836592,0.06298514494938223,0.052294313591656594,0.1601773536842161,0.009111742538883541,0.603895138299725
2016-02-15,0.08039186734763015,0.06555941646964425,0.10166627858610633,0.08231653006368522,0.16059841518746354,0.06330212909556832,0.05111105167511887,0.5726476295311757,0.6603510865698409,0.6374427265385426,0.48504064263288027,0.05899610878836592,0.06298514494938223,0.052294313591656594,0.1601773536842161,0.009111742538883541,0.524711458009463
2016-02-16,0.09403460851224432,0.07323314763464772,0.11212586771762956,0.08890840526987598,0.20168388197010906,0.06251635817365209,0.0510994614670679,0.6236394810065475,0.6704521545549733,0.6403967925634028,0.504635109637371,0.05985834312687388,0.06578782548897999,0.05416092767948455,0.15255791593236728,0.02023656317703887,0.5693255089356166
2016-02-17,0.09715754188048487,0.08324239048744908,0.11936708954805375,0.09747785112780183,0.13935965934438116,0.06372917632218,0.05175981328641166,0.6838885966382587,0.6861158031151595,0.6464110048209631,0.5318350082300055,0.06295099141691973,0.06628414128738458,0.05597592455800293,0.1505120820178773,0.028307663425798796,0.5822501185529927
2016-02-18,0.09929438032629745,0.0795722642723512,0.1185625079961149,0.09368741973829908,0.1701159440615782,0.06473699033553248,0.052101570873559266,0.644973157860661,0.6944188450761746,0.6531576880562215,0.5383455259636158,0.06338283718866777,0.07005136640377296,0.0581177938328431,0.1443375644382019,0.01872958740123218,0.4995205403756521
2016-02-19,0.09600693113546999,0.0799059044631596,0.1161487032137255,0.0950058271390487,0.12077668048764839,0.06666721394810304,0.052588143503791374,0.6547916958537117,0.7016304623163945,0.6602359534880102,0.5412927714332498,0.06375662989063036,0.07369070526395904,0.060165042817581504,0.14111875322686762,0.02589017133643471,0.5335131954628575
2016-02-22,0.10438986049451737,0.08491060132807393,0.12596466635684556,0.09912575925526534,0.11118305912684617,0.06916114023521347,0.053567081024755936,0.6857316852906491,0.7105205368814587,0.6679707076789515,0.5471279264612505,0.06609822540926091,0.07440743552981621,0.06171337752454453,0.13310044741157012,0.0325806934574121,0.5521729987861582
2016-02-23,0.10208865427356328,0.0839096218099814,0.12467727493639946,0.09896096844251889,0.12363387876228857,0.07186003711624678,0.05476034640185978,0.6837533230176068,0.7166237427235967,0.6755810759522459,0.5460223308167705,0.06706623598865102,0.07720657510302709,0.0636315919312338,0.12339168590673787,0.02528011444067907,0.523618414388635
2016-02-24,0.09962317857510172,0.08591159708665264,0.12001081822890458,0.10159786414279737,0.17264937626541058,0.07426857575984935,0.05577983827690214,0.7048523533293157,0.72308984910979,0.6831765221163824,0.5458896966793713,0.06894993705787689,0.07861187356234745,0.06530035975556514,0.12468664150294813,0.0349823218743521,0.5422051896632344
2016-02-25,0.10833472866979665,0.09508673131285839,0.13079218440473483,0.11115605487720137,0.11655429348126109,0.07777032444562537,0.05697889307098125,0.7747595898692742,0.7362289112697091,0.6923153956006258,0.55960834389414,0.07245739798533113,0.07947287779164247,0.06751104071585246,0.12312273787368576,0.041936020127710597,0.5879245318217494
2016-02-26,0.11803263636823447,0.09692179723969008,0.12660835247481184,0.09912575925526534,0.3945440195035487,0.08070837045686152,0.058282211397592154,0.6306419090216316,0.7342894612900256,0.6991744379479129,0.5393442221763904,0.07354260763257525,0.08065701240223377,0.06866369134104677,0.13072368949522595,0.021361568038486864,0.4460396197122444
2016-02-29,0.10323911113184636,0.08858049927440304,0.1253208278933431,0.09632399184346152,0.17749989928935583,0.08216027065308695,0.059353833617138085,0.6006230880848993,0.7291750164926412,0.7034695721415777,0.5165551015016528,0.07382741038047502,0.0806449036692033,0.06880131048932903,0.1272199563658099,0.011421697936377456,0.5061275700761575
2016-03-01,0.10570511280231765,0.08924828719401579,0.12886150081442116,0.10439963155460108,0.1711275265316597,0.0837659658772596,0.06115532331260709,0.6659884933852831,0.7317874127127156,0.7075145895213977,0.5143319554636633,0.07504722549725873,0.08024735311416165,0.06921420171507142,0.12472169561757755,0.021049338799209172,0.5784553407121908
2016-03-02,0.10997849483696087,0.09024893644919652,0.12918304674347147,0.10687133194823839,0.2157087716733036,0.08473961812495823,0.06270772305835959,0.6848832113809677,0.735191508309905,0.7115440465939727,0.5141936487466157,0.07731495176572267,0.08016124038741146,0.07031524779879261,0.11812609336094247,0.03286134156080406,0.5410039855466041
2016-03-03,0.10800597877451035,0.09458628338065056,0.12950481217671017,0.11115605487720137,0.13492988301153175,0.08655027555774042,0.06476407505937021,0.7172390915460445,0.7408698827688847,0.716091155406234,0.5187947605089588,0.0801671330292616,0.0801204696380512,0.07173455215031843,0.11803696358162548,0.04071539460483079,0.5528725972353274
2016-03-04,0.11540266208303274,0.1004250214149306,0.13642425266789304,0.11478161455517888,0.23401572876460114,0.08860007373541245,0.06683780384188232,0.7438298740122485,0.7476499369853224,0.7213091704897269,0.5247580645980442,0.08300035189911947,0.08124384650247973,0.07373878116381627,0.11594238161246238,0.05342438935095794,0.5484207211636182
2016-03-07,0.1157318220705067,0.09758948272436496,0.13690744794422038,0.10950847034485378,0.18494651891793498,0.08967626159195119,0.06824540276217517,0.6757939626179809,0.7469072652573895,0.7253104770157673,0.5139434345565593,0.08413965204172669,0.08363785199909934,0.07553659201142116,0.10997324749651936,0.04311965478309461,0.49037363366639236
2016-03-08,0.11178654435538182,0.10009143762071038,0.13465421345019413,0.11198000894093307,0.14703455643302293,0.09102571003246795,0.06999474505199066,0.6961096198944579,0.7475102892852974,0.7286520780117994,0.5080796874828145,0.08486646303936629,0.08691128119464575,0.07757522686764262,0.11071789261688396,0.05156680448323465,0.5409052696293061
2016-03-09,0.11918338232646286,0.10309444125749612,0.14318302044085585,0.1184073360307144,0.14334332482390558,0.09276804393394245,0.0717093394658539,0.7464155313712565,0.7528542276356243,0.7325709499670003,0.5132107205628935,0.08691544089232561,0.08897853952702661,0.07966549160100944,0.10638028037682627,0.05983309369684389,0.5667022998536373
2016-03-10,0.1260867396599894,0.10709788180229296,0.14012534525337506,0.11873667495987017,0.16866272676680039,0.09355378969991912,0.07346447401616973,0.7489426908985451,0.75615804868073,0.7364761182192681,0.5130889161451364,0.08819031340335692,0.09194590494085941,0.0818245553519874,0.1093932863444712,0.06933996595670518,0.5268470289487097
2016-03-11,0.12756631975857013,0.10843273545127119,0.1470449861570633,0.12153852327045289,0.16681263493361304,0.09587691554407374,0.07502846396997298,0.7710388292569635,0.7601343854956882,0.7405270767578013,0.514384763042856,0.08766889504541431,0.09764946400890762,0.08447393614267151,0.10338971315014787,0.07875618865985741,0.5428728657748496
2016-03-14,0.12559396722432026,0.10659782424385655,0.14704512976010375,0.12104423173099277,0.1334602536117821,0.09843921567437064,0.07599003324001152,0.7630931816676237,0.7615147464363665,0.7440895848345705,0.5100432048239925,0.08832872040678941,0.10095545403230899,0.0864953765227553,0.09504876553910131,0.07097414352982939,0.5215178764068652
2016-03-15,0.12312847634900803,0.10793241465115477,0.14575785767146132,0.12318667409425321,0.0719685723109885,0.10038652855508101,0.07692842493747343,0.7813616372959257,0.7633073754124772,0.7473574259820381,0.5074240781594022,0.08980464994039505,0.10299975414531048,0.08828457324184313,0.09132704595894918,0.07574326057098107,0.5385615421340224
2016-03-16,0.1270731123864559,0.11076819219379697,0.14527489146835537,0.1251640020496515,0.17968718527923705,0.10228259878731105,0.07831284628518986,0.7982956943297345,0.7652484124951199,0.7504241252698018,0.5056362426212778,0.09209798858747487,0.10356206894156972,0.08972968619802368,0.09290061009574276,0.08579030184255458,0.5374625164922595
2016-03-17,0.12937429305554993,0.11694054674835175,0.15251607876404727,0.13043755075387153,0.1820744005478659,0.10428116270181531,0.07994634052147276,0.8411640473483423,0.7703612405029963,0.7540692075350104,0.5107771597990574,0.0947704686672487,0.10467594840722061,0.09164790482732477,0.09235005336588646,0.09595431028407522,0.5586411583018343
2016-03-18,0.1364666417025424,0.1164691329655757,0.15638215049586957,0.12929485550102815,0.16914762986824064,0.10578548787567155,0.08180612532372533,0.8191613147049613,0.7719100636147854,0.757346280575828,0.5075061352063024,0.09666905825272953,0.1063034495410643,0.09343766315381097,0.08508657004305727,0.08642367906781843,0.5174038222919997
2016-03-21,0.13415328301547358,0.1166365007346073,0.1542791749227308,0.12979149310507798,0.14504272369326074,0.10788786196661038,0.0837297102972333,0.8235118104539932,0.7721795477669694,0.7600307516861886,0.5022388338459988,0.09857388445802762,0.10755444513805112,0.09503829913323036,0.08188058768314911,0.09477323428553382,0.5278916601442096
2016-03-22,0.1315099844789812,0.11294773716268336,0.15185318944920156,0.12465660490799946,0.12164503004161215,0.10920181537668694,0.08554810759257248,0.7222621506625503,0.7661855501076128,0.7607812184286686,0.4850485694978651,0.0991280989472546,0.10963284086376368,0.09637951472070538,0.07789228502946567,0.08757010354226301,0.49184908843927383
2016-03-23,0.12737957992984028,0.11781041781342527,0.15104447587597736,0.12482228560731445,0.143295580518533,0.10986673716590722,0.08718118098714978,0.7240978006657482,0.7603016434702048,0.760010142228027,0.4715244400575763,0.09964725867534452,0.11149331203905233,0.09759174217886324,0.08202473133997377,0.09583405341247331,0.525778061320482
2016-03-24,0.1263884602818861,0.10825278297835261,0.14958890177648176,0.12382852500654085,0.11571130808952654,0.11039451715903814,0.08881407808317499,0.7039628868563234,0.7534884888480932,0.7578052380301836,0.45877995886042944,0.10037647461650234,0.11206757184470006,0.09825319746105154,0.07398194058968914,0.08892165919100241,0.5183151429795071
2016-03-25,0.1263884602818861,0.10825278297835261,0.14958890177648176,0.12382852500654085,0.11571130808952654,0.11039451715903814,0.08881407808317499,0.7039628868563234,0.7534884888480932,0.7578052380301836,0.45877995886042944,0.10037647461650234,0.11206757184470006,0.09825319746105154,0.07398194058968914,0.08892165919100241,0.524711458009463
2016-03-28,0.12936221844984008,0.11395377688756081,0.1533088961830289,0.1284664520044535,0.08449846845220421,0.11111261021875674,0.09084169342016168,0.7585675304365312,0.7512831644624042,0.7555272869313014,0.45813068652189665,0.10055746270564292,0.11488755297254494,0.09978467127822621,0.07055785678643174,0.09430470766541423,0.5545975879642201
2016-03-29,0.1325012317590999,0.11898410164518292,0.15524975027530874,0.13492662399849342,0.12912745789922073,0.11255154672089762,0.09269089462222668,0.823624061406833,0.7544145009546378,0.754434793201278,0.4686675425303733,0.10070027235062451,0.11869195101460073,0.10179958350012996,0.07041170421004013,0.10187445738198815,0.5661182822969835
2016-03-30,0.1424142851991108,0.12451769512080713,0.16398410531615903,0.1407243158916105,0.10790511416111018,0.1143693568257721,0.09451218093900338,0.8728631285186196,0.7610727485293725,0.7551127349660908,0.4844039362391979,0.10302629183401835,0.12010490297386711,0.10369559541282802,0.06623193652026814,0.10840436895773185,0.5615985830913748
2016-03-31,0.1437359405638522,0.12451758918094369,0.16333700867998746,0.1360861461973608,0.09843234557328229,0.11550145795019973,0.09586923051471363,0.7782015997300357,0.7606745448741705,0.7555622731320237,0.48237378661388364,0.10391606322922042,0.12221121923466316,0.10522049884570273,0.062097992823383005,0.10233859773323473,0.495395291706198
2016-04-01,0.1369622073380654,0.13172797874589104,0.15961700325947425,0.14536240468708117,0.19605303795523074,0.117048447597214,0.09768556341087575,0.8560165748373977,0.767744034391442,0.7575696946869852,0.4962209255995701,0.10712027864992435,0.12253935199315413,0.10700594166270638,0.07494160847243801,0.11318752205927719,0.5836526876598469
2016-04-04,0.15100553761262736,0.13139259115907098,0.1691599468524715,0.14569368518693204,0.16783466147049475,0.118748217649288,0.09946719961453654,0.8585354483293096,0.7722319113998877,0.7602216881455163,0.5019501584791655,0.11004333960880242,0.12280876165032828,0.10861943549572106,0.0714491886121839,0.12265382133206307,0.5267944260945634
2016-04-05,0.1465447461035363,0.12787137262454973,0.16592508422512697,0.13973047439205788,0.14992756293669254,0.1197784120633596,0.10089442170110996,0.7451201575216384,0.7687689320162379,0.7615361148241004,0.4900612884680966,0.1104880213811108,0.12545809901989635,0.110196910448221,0.0704810293253529,0.11406492204284331,0.4872309947073176
2016-04-06,0.14191868490289117,0.1307218788291168,0.16560155880099436,0.14668760758526367,0.14878766764592224,0.12206196761489774,0.10257197351431602,0.8065511888825291,0.7711796642351368,0.7631495613650109,0.49271910587745726,0.11219101956945898,0.12732177050970506,0.11200851656928901,0.07185698662232466,0.12259796950841328,0.5687344584569854
2016-04-07,0.14522273288475052,0.12770333399220113,0.16252814462593446,0.13707982589935597,0.14238694670691113,0.12333248510300909,0.1038191350649712,0.653395486820266,0.7626983969537058,0.7624634635434662,0.47227976451537634,0.11246448025253586,0.12895991714621813,0.112983150317024,0.07768486278076413,0.11437854026726413,0.4643913131491955
2016-04-08,0.14538802579383603,0.12669739946173164,0.1672188672656446,0.14188367629292042,0.07967480160003101,0.1252039360559165,0.1048991854927267,0.6990623251206483,0.7592361109138783,0.761107578805942,0.46632640973819756,0.11320269404688565,0.13059588877513806,0.11419133673548065,0.0729856701380339,0.11952524195390146,0.5552005927459357
2016-04-11,0.14737049144152448,0.1295477576615094,0.16317507297565814,0.13558894230185825,0.07451095657207824,0.12594219579369048,0.106180836158556,0.6110272066244457,0.7493829328615015,0.7577262443223932,0.448323339457553,0.11316820436082398,0.1320660919505352,0.11492471576817331,0.07620478168147592,0.11463155487675607,0.48497689535692734
2016-04-12,0.14026634125862913,0.12585892149133426,0.1639839299064484,0.14105543459390357,0.11430285108103552,0.12657745873040271,0.10775310930079207,0.6647386787820568,0.745616230937911,0.7541432155195584,0.4465305934205611,0.11349995926847123,0.13378343173964236,0.11596922529958398,0.07262235842033789,0.12147493846795815,0.5594651413832737
2016-04-13,0.14770118786059794,0.12803889330526586,0.15864641827413095,0.13426406299879157,0.19515335620086624,0.12590784116583498,0.10880281931640245,0.5764210330176032,0.7352160588884717,0.7488526697608355,0.4313534468028399,0.1131893296668719,0.13522278882137162,0.1165474233406113,0.080670007357613,0.11067009614408951,0.4818017744144143
2016-04-14,0.13828373004422545,0.11965479602594087,0.157999346055409,0.13028845430424385,0.15086006890100068,0.1253068993157257,0.10962591176066394,0.5289837197191795,0.7223662839508965,0.741625145074599,0.4141367432866968,0.112921954551502,0.13601092534798287,0.11681490047628618,0.07651569263212397,0.10203550655410915,0.4993980131170277
2016-04-15,0.13464916406168204,0.11982266151999021,0.15751427359439962,0.13575494659628906,0.1594077915722349,0.12431106791482283,0.11049054241866596,0.5880839845999137,0.7165597029737798,0.7344896991722103,0.41495517920209,0.11303370385993283,0.1364439292321099,0.11709244854162437,0.07366919636251941,0.11108891171698154,0.5596761222217496
2016-04-18,0.13877957242709138,0.12451769512080713,0.16188140209946578,0.1407243158916105,0.10110901069323239,0.12379598328575658,0.11140240687105774,0.63763336645717,0.7158733087299516,0.7286213543394299,0.42621771961002003,0.11352611963182535,0.13712527282052256,0.1176890233901543,0.07127874311637215,0.11728583238078193,0.5562986708550237
2016-04-19,0.14340548083431348,0.12485293729091784,0.16446919971650376,0.14022727379366573,0.06385800843582196,0.12384747749363079,0.11248214735458406,0.6308730873333364,0.7141023643770789,0.7235138981446717,0.4329808257561698,0.11388869925028322,0.13783342532007803,0.11823373189526598,0.06552035163057317,0.11291411129952572,0.521569837550613
2016-04-20,0.14324026455663463,0.12250539470608757,0.15654369988858774,0.13028845430424385,0.27612919012230003,0.12214767390030457,0.11312567403628382,0.5067076467650231,0.7026862227954069,0.7167670033493545,0.41840878890134664,0.11338194155543624,0.13891010911849955,0.11852769325351842,0.0712949060144248,0.09814166946656828,0.4618564731868213
2016-04-21,0.13150981171326637,0.11177380431896389,0.1427952769416464,0.11471770451979868,0.4321948803184545,0.11982979726216358,0.11299598654639587,0.36117363940568425,0.6785849438938273,0.7057518441315099,0.3804706151569991,0.11533804783739698,0.1359432432056633,0.11800027212200892,0.08297614362577092,0.07572242579383424,0.425118152346358
2016-04-22,0.11647518358471065,0.10137761675852008,0.13972217944380005,0.11786499061655065,0.302939109598545,0.1173402145672493,0.11296534756412235,0.39819731449547946,0.662296603144122,0.6931431510238002,0.3663065991550529,0.11621329643917055,0.1344683178814733,0.1176889980544823,0.07966808809923236,0.09180848204977946,0.545207580811741
2016-04-25,0.11763195966470008,0.10741439393545293,0.14166336516225486,0.12382852500654085,0.10812891559254412,0.11612122482826481,0.11304583922734479,0.46524130527717744,0.6549446253922852,0.6813425617829015,0.3734893746037225,0.11652695550095071,0.133684146852045,0.11744691570748411,0.08266271036534918,0.0983493592977057,0.5634058685067418
2016-04-26,0.13051868538798173,0.11009709497256137,0.14748602402944866,0.12034979661237966,0.13609663447407408,0.11397504586158347,0.11302143040842727,0.4327155441760747,0.64586174147485,0.6697850076024642,0.37564957496550994,0.11708489062930127,0.13164259040819037,0.11668606013838978,0.08038812405544811,0.0904381385493673,0.5022950359933341
2016-04-27,0.128040397932631,0.11076781127394097,0.14570679909302342,0.12449092420868457,0.1538560240631299,0.11296204133940912,0.11306727371907388,0.4795375528547807,0.6426407998911673,0.6597882115182304,0.38952226558752395,0.11659269026247032,0.13047002105204042,0.1158387381430005,0.08206750959241622,0.09921952193763134,0.5515038278027165
2016-04-28,0.12572740661102566,0.1141214559141629,0.1495887316524579,0.1253191659077013,0.14691668767913438,0.1124469650956561,0.11307272760009468,0.4889574144173089,0.6409560571843766,0.6513980866215013,0.4038030515528642,0.11640837523142056,0.12955176002831947,0.11527674226428675,0.08261585946456469,0.10766089638375524,0.5300444515034909
2016-04-29,0.12969265383544604,0.10892337490762294,0.14700084414386738,0.12349708270913184,0.17155722528001288,0.1111764140662923,0.11282877590012008,0.4689792196832254,0.6380195158383224,0.6440015233557291,0.41263425553873256,0.11493606600626904,0.12877261536642381,0.1141354546880331,0.07933354010590811,0.09801220143033303,0.5129903778092055
2016-05-02,0.13051858846713216,0.11797799176219514,0.1516912738025592,0.13343574040099582,0.18495248695610655,0.11042093928068153,0.11297432457266399,0.5805543092020969,0.6451165305527254,0.6397384794722326,0.44048632630750223,0.11326259089661872,0.12917434638907177,0.1134956360698256,0.08260487151609332,0.10831722841612122,0.5887792308138551
2016-05-03,0.1348141934935233,0.11898404632236415,0.15767589773481028,0.13177925700296234,0.16616808681108325,0.10954528618742465,0.11304419282634814,0.5606109819895564,0.6491674889804976,0.6372722614708347,0.4564572891521702,0.1124632586206975,0.12915197520964694,0.113080612425014,0.07780671569826943,0.09893258684885473,0.5141543480163752
2016-05-04,0.13382317090655338,0.11982273829337331,0.15524992573905783,0.13442982459688546,0.13880313978488207,0.10997454713670007,0.11338771339901865,0.5893304747197391,0.6548072067148879,0.6366138199264173,0.4725255854259178,0.11038158260115627,0.12995732523045977,0.11244080225203057,0.0784066885657405,0.10697641912612071,0.5416360654608696
2016-05-05,0.13696209400695747,0.12317612903407382,0.16010210787881052,0.13459534349864244,0.13212938109952152,0.11203490242359115,0.11373122828463911,0.591180421436212,0.6593071521627035,0.6371359358760279,0.48301888923512926,0.11008758631542825,0.12999406911740974,0.11231112161434242,0.07643610366452748,0.1146932550589032,0.5257651487099845
2016-05-06,0.13778844422038905,0.12284111284364418,0.15880845478406158,0.13906807518991393,0.10049131874247466,0.11423264268065181,0.11426688584406008,0.6410190886199233,0.6668844186746102,0.6393197747910713,0.4977889991291723,0.10957122185866885,0.13021683231464143,0.11216415782566425,0.0761228990368125,0.12085991046747975,0.5531794256900217
2016-05-09,0.1440664404275266,0.13021878425951972,0.16576326777488737,0.14387152108958357,0.12152417726863782,0.11631013754756148,0.11480836125570648,0.690421760399595,0.6770951244978639,0.6434468069294744,0.5150609379850625,0.11097381054310151,0.12967661151993692,0.112596477289302,0.07608478442446927,0.12805711974777198,0.5551292932649504
2016-05-10,0.1511707609219386,0.1365906762281558,0.17368876162740887,0.15265081838013794,0.10246077133909348,0.11965820021446105,0.1154313519995891,0.7684375122242365,0.6929649037398268,0.6504474380203669,0.540602723952147,0.11373873348932362,0.12812800722715145,0.11320171271508117,0.07604952061291816,0.13432027307155495,0.5800052149810949
2016-05-11,0.155796677505039,0.13625519026599253,0.17320343363294666,0.14552792358883815,0.07104949443256639,0.1218387254236849,0.11560019482923622,0.663511638459608,0.698239915544883,0.6572774683168352,0.5390863505649627,0.11531887028670951,0.12771695708497832,0.11378964387681023,0.0739947598027748,0.12959618839083292,0.4802898736408698
2016-05-12,0.15199679991259862,0.13608756190551208,0.17368873309265742,0.1503316930836236,0.15227896997629195,0.12443132169028692,0.11610091399652744,0.7067154589598831,0.7062898350946583,0.6646178069797215,0.5436221912608151,0.11794333724641759,0.12717068700429202,0.1148358255625801,0.07082282449131862,0.1383003003424506,0.5549101392346087
2016-05-13,0.15265792753444618,0.1334049310082167,0.1657634993548467,0.13906807518991393,0.1336482468141866,0.12604528483319655,0.11587967353102324,0.5635794085290239,0.7014201878272014,0.6693550368255129,0.5204846381942425,0.11825225289185248,0.1272038882666341,0.11500875841516955,0.07722919907892765,0.13050904404778926,0.45428406352454564
2016-05-16,0.141918494712851,0.13055403155979617,0.1649543776286586,0.1446996818898214,0.0960734784859684,0.12721281390555927,0.1158447351388936,0.6172706144244895,0.7022587106740847,0.6733402676881896,0.5138005471322156,0.11882043870572101,0.1270484277756525,0.1152162575697393,0.07888149926218758,0.13645923708748237,0.5603736239627146
2016-05-17,0.14588382829586255,0.1280389220011886,0.15347060840101323,0.12730692980558567,0.2715173886252176,0.1267492486403068,0.11540805784248576,0.44478594215575606,0.686062357550711,0.6727533275685239,0.4731611209051372,0.11807864623234654,0.12646126748511166,0.11454186420432755,0.09532869086747563,0.1219127612059666,0.4152706683351012
2016-05-18,0.12704918803140308,0.10875571272139373,0.1426337104864438,0.1172025105156278,0.27482964981044017,0.12496360459656364,0.11437168111577367,0.3678198471027987,0.6635091834680675,0.6670269718966576,0.4274797804673891,0.11849596188860234,0.12471113054710159,0.11385882715211482,0.10099611421766304,0.10720399337614915,0.4598603283265699
2016-05-19,0.12440585175466323,0.10959422394740104,0.14635395639882165,0.1256506082051102,0.17213612498265538,0.12403646568074556,0.1139699535855958,0.45077709379422737,0.6535548451700912,0.6601256817432677,0.4170364564167499,0.11777697713621049,0.12653947466927973,0.11442948360807781,0.09918162207283039,0.11688105286828354,0.5795691889580223
2016-05-20,0.1325013677966843,0.11210934895457458,0.1487800555001938,0.12117811921017552,0.07983295461157769,0.12218213753723062,0.11324217041352469,0.4163063503589989,0.6415210518686477,0.6517997545122362,0.4043736680738005,0.117509966627114,0.12714211418503907,0.11460241646066738,0.09673819503463567,0.11172660210663721,0.49595185138779085
2016-05-23,0.12721415704792627,0.1079170367551342,0.14894154383463543,0.12200603731407655,0.10215192536371462,0.11991573833633762,0.11276474255981161,0.4247170359849364,0.6329441117824613,0.6431398577901887,0.4014052033018886,0.11759709566378485,0.1268696890765404,0.11450728945712352,0.08789737208304528,0.11797462280280825,0.530062807800863
2016-05-24,0.12853627257059708,0.1149600071298581,0.15217680535123101,0.12929485550102815,0.1426077641192593,0.11749484812650857,0.11235136795108203,0.4970514399257163,0.6332057306368754,0.6362729198083745,0.41734179332297733,0.1173140717466733,0.1280638046862257,0.11497418789057734,0.08777712796945693,0.12620487150717752,0.5717785236615778
2016-05-25,0.1354750671498396,0.1179779992440867,0.15735239438060322,0.13061973480409472,0.12036339384426703,0.11594958585399717,0.11222327283521505,0.5098112748380673,0.6348207156860174,0.6311557979979264,0.432894913598186,0.11725652994841351,0.12874712778926378,0.11529408875445735,0.08159854173547275,0.13334520550108295,0.5331952779085929
2016-05-26,0.13613620617083788,0.11982275752297467,0.15994056648166088,0.1340985440970346,0.09335354508927438,0.11426698892319442,0.11235719433388291,0.5437555486737896,0.639488721362725,0.628150142030772,0.4516625320229828,0.11732983682355302,0.12957199240383066,0.11575233927849804,0.07611450010195843,0.1391621290715175,0.5469541062529707
2016-05-27,0.13960535137689067,0.12032539234554196,0.16058719132091848,0.13509206200147128,0.09210025707324423,0.11385486755393726,0.11233389448972952,0.5536060524656782,0.6441750150778887,0.6268379214032593,0.4667145151665446,0.1172972297985635,0.13078936211189685,0.11635755359121724,0.06925233799311438,0.14491764487772982,0.5310385665237686
2016-05-30,0.13960535137689067,0.12032539234554196,0.16058719132091848,0.13509206200147128,0.09210025707324423,0.11385486755393726,0.11233389448972952,0.5536060524656782,0.6441750150778887,0.6268379214032593,0.4667145151665446,0.1172972297985635,0.13078936211189685,0.11635755359121724,0.06925233799311438,0.14491764487772982,0.524711458009463
2016-05-31,0.14092746772381526,0.12149951236056267,0.15589691711377618,0.12946045530156403,0.10542987032945061,0.1122752925801358,0.11193797912472725,0.49315714377042186,0.6426364424990689,0.6254295269167099,0.46585968045795834,0.11722522808494251,0.1304542363653437,0.11615005865925943,0.07197986159493748,0.13850901363632506,0.4888877821894497
2016-06-01,0.13464891704730242,0.12216992306473407,0.15848452441127825,0.13840502879753835,0.12645825282698508,0.11342563176060105,0.11187392872326873,0.5832333667037044,0.6498479543359305,0.6259837056031244,0.4833038766583936,0.11760620396710963,0.13075477647202594,0.11649589902876634,0.0724900066305758,0.14594797943600185,0.5819768588991884
2016-06-02,0.14109247778470846,0.1225054360618294,0.16188129392897843,0.13873647109494702,0.06877716389874028,0.11565766794832533,0.11217086951230804,0.5864049015831623,0.6557907985325442,0.6278122356000165,0.4946308603319146,0.11791109169320846,0.13089350835817537,0.11672068977955019,0.06715063640697298,0.1505607259918304,0.5268118965226125
2016-06-03,0.14489232857932544,0.1285418228503784,0.1651160971597524,0.14436832049119153,0.17400412093035747,0.11759779461569153,0.11321306409124599,0.6397690114006626,0.6656208662432583,0.6315662996201525,0.5117458366063284,0.1188688922540243,0.1309453995995844,0.11723080242439765,0.06623687164364679,0.16032931229444847,0.5603885758400544
2016-06-06,0.150344739738009,0.1315602625734298,0.16915996524506483,0.14536240468708117,0.13544462630382983,0.12010454204656362,0.11417957540779888,0.6490046676635163,0.6740542370726943,0.6365352419524029,0.5225441986384394,0.11963415964079105,0.13083210038525217,0.11755934275246627,0.06361894072603992,0.16820858638449504,0.5309688916960096
2016-06-07,0.15050967927847514,0.13172772561794588,0.17093892815361056,0.14436832049119153,0.05778105356761861,0.12242243545533094,0.11490153219706911,0.6353297186794403,0.6794408969209476,0.6417659447112303,0.524870838124613,0.11970313595933502,0.13081467927024648,0.11758527381286943,0.058660398895168095,0.1641346198552356,0.518461027770216
2016-06-08,0.14869259944054947,0.13390790171915679,0.17045395162036014,0.14966929388147976,0.06452046067286646,0.12453428495009611,0.11593208822803036,0.687429377017313,0.6882567564094519,0.6480053503525709,0.5338366240799616,0.1190632011219609,0.13114266167488975,0.11742964944694223,0.058100361965597605,0.16853879932615212,0.5580793453584725
2016-06-09,0.15249234028489467,0.13759659770260824,0.17579135012192026,0.1531476177817458,0.06336116925803856,0.12686934309482156,0.11693934725836364,0.7194804567711489,0.697957061895615,0.6552578692774454,0.5428416115803975,0.1205275823898675,0.1304735905556238,0.11782736882770362,0.0547998067501332,0.1728861766151631,0.5464763211288733
2016-06-10,0.15315310230502632,0.13927331898912998,0.17562945546242814,0.15381009788266853,0.13224874186295296,0.1289124833338755,0.11794077990589591,0.7256345427832386,0.7056106492400898,0.6628438198037903,0.5458052953582057,0.12126285712175122,0.1301021287186629,0.1180089284766459,0.054515521935964,0.1806088609064429,0.5288406918649107
2016-06-13,0.15827496980209044,0.13927346658487105,0.17433566829821223,0.1463561652878549,0.11028486938202456,0.13008002917686468,0.11874425771445218,0.6117741507920968,0.7039952770696777,0.6685360614177531,0.52897319438527,0.12209158076000537,0.13002766098353702,0.11838933937074536,0.05627360854994744,0.17396234768315816,0.47828547509047054
2016-06-14,0.15050972826668463,0.1340752896040197,0.16883627314530447,0.14983465098567883,0.11683628328486789,0.13219185351569052,0.1193206658311784,0.6490101104936454,0.7053437598666513,0.6734041656419881,0.5216479060747119,0.12287672828684248,0.12977620663828815,0.11865736544598249,0.0586643782842521,0.18092986268346664,0.5465584336128732
2016-06-15,0.15414451013510488,0.1360874423816305,0.1740121161184598,0.14718432608809284,0.11410142979274496,0.13310184446617668,0.11986214124282502,0.6099008770043398,0.7032765961533831,0.6768168244426919,0.5087112798755669,0.12389481008870518,0.13080127466309133,0.11969489077711526,0.05582907584141032,0.17409634819722886,0.5081306924126838
2016-06-16,0.14885762274509884,0.13625518292267058,0.17110072373573992,0.15182241488356318,0.15674455453817082,0.1344582275606443,0.12047347637758077,0.6609628698580141,0.705362007082928,0.6800330292119138,0.5069651117750625,0.12428548722585431,0.1339535204093414,0.12150191958675571,0.057998876642091815,0.18301926186112896,0.5538143307769806
2016-06-17,0.15501251747172684,0.1358027092981816,0.17044708059453972,0.1482063203627244,0.12499160744632123,0.13485604358571712,0.12095189093448167,0.6064546858568456,0.702970274700842,0.6820485164036801,0.4962926164556593,0.12472149901624008,0.13582785365544914,0.12267924293397192,0.060353094354808304,0.1756521577664885,0.5021389800776244
2016-06-20,0.15833691659873028,0.14069489696859294,0.17776958931071507,0.15103939560198643,0.07157766581075051,0.13544447454865027,0.12137267292593257,0.639004233882888,0.7031195679725748,0.6836957041594438,0.49301901233702133,0.12454629200114198,0.13905322646833695,0.12423788925948309,0.061013691225478686,0.18040212143356132,0.5424679226560605
2016-06-21,0.15667467034715454,0.13968263021499472,0.1797220860356904,0.15337227369092432,0.07727117422643034,0.1363777515136727,0.12170661650627868,0.6653647514222387,0.7047909646296533,0.6854030316311778,0.4935535600518677,0.12419366776519658,0.14260784075952004,0.12587508883636755,0.055778117188593976,0.18543105180095812,0.5392865658665648
2016-06-22,0.15900158608980108,0.141032157861956,0.1806984015800588,0.15387222814491164,0.055326697869559564,0.13681339368623313,0.1217495480472871,0.6711461309795967,0.705924469101234,0.6870330963472985,0.49286681538090665,0.1245835306491847,0.14473443820610632,0.12715793525791608,0.050153851577261724,0.18938476145861569,0.5278268894823072
2016-06-23,0.1618270368047261,0.1433936383210821,0.18265085117157254,0.15937124174609985,0.058820984219015056,0.13745848420992302,0.12223612920809446,0.7322424693768538,0.7112911847318132,0.6895880483179032,0.5010876119110725,0.1258110951803998,0.1464594116986272,0.12865865579176305,0.046965310917833,0.1935096818112834,0.5589590742030395
2016-06-24,0.14736690249969597,0.13732095122380394,0.166541914636415,0.14204053902532832,0.3293730426699809,0.13623854693055593,0.1219447020141019,0.48373991615712986,0.6985975614737241,0.6886733184085365,0.470247583981869,0.12527102191789163,0.1478051571634188,0.12907319805880457,0.06765306586701723,0.17612843346161705,0.4174344732886871
2016-06-27,0.14520608154049286,0.12601873646526518,0.16279933487047737,0.14020745359281983,0.2626802161026622,0.13560122120681584,0.12198475022072286,0.46316778210976906,0.6863686729353735,0.685091165625423,0.44653837986139616,0.124831102677181,0.148762967981946,0.12934020226193343,0.06652054861091809,0.16201495542234945,0.5131424328285201
2016-06-28,0.15218680255961659,0.13158536943736543,0.16589088583387623,0.14570654809278705,0.1517149903690784,0.13517333544889187,0.12202014073333345,0.5312543304030031,0.6814892108434474,0.681088114627361,0.44279725512621587,0.12296840444350776,0.1522652058138021,0.13018818720740943,0.0690288972817875,0.1706914338800671,0.5594895581522645
2016-06-29,0.1548462531133611,0.1405260299639406,0.17549134766674324,0.1560384547491871,0.13608469839773094,0.13609108281401472,0.12303003002432589,0.6394821453022773,0.6869357843179933,0.6791551876815403,0.4611974098944589,0.12351985014590416,0.15352229561136665,0.13110858572638417,0.07262972074279438,0.17860206979255577,0.5896494680267814
2016-06-30,0.16166133053227716,0.16043183508059045,0.1847667323474277,0.17620271810189458,0.2877295643182934,0.1386181478585784,0.12510383842553907,0.7891726074505924,0.7095908261973702,0.6828893935428468,0.5115693287320874,0.13015671637877335,0.15078964303247977,0.13306418291726918,0.0902139190322216,0.1939428989669752,0.6499909620746386
2016-07-01,0.18227082229595504,0.1624554753046641,0.1989226154651622,0.17186937500677535,0.19744955888737864,0.1410708687170137,0.1267283897755802,0.7361558883492526,0.7225970245502986,0.6889083062420764,0.5318767877813807,0.13396247927331673,0.14983765246641456,0.13449963453715252,0.08594426370884158,0.18302554884651362,0.49837933239769705
2016-07-04,0.18227082229595504,0.1624554753046641,0.1989226154651622,0.17186937500677535,0.19744955888737864,0.1410708687170137,0.1267283897755802,0.7361558883492526,0.7225970245502986,0.6889083062420764,0.5318767877813807,0.13396247927331673,0.14983765246641456,0.13449963453715252,0.08594426370884158,0.18302554884651362,0.524711458009463
2016-07-05,0.17512387693897902,0.16717884710416142,0.19810912965228267,0.17703540923375427,0.2717993784288244,0.1437654052352243,0.1286917272291055,0.7698512735032491,0.7367648093397006,0.6970257326314236,0.5505292818865684,0.1385272597814029,0.14856161233634013,0.1361528462588093,0.09037093600554251,0.19758584147497937,0.5562522583724175
2016-07-06,0.18127377206078454,0.1636365313462138,0.19957373009135537,0.17786874755584547,0.2661730104425748,0.14630451158942925,0.13065525519880827,0.7752878832860143,0.7476358330156088,0.706053544847977,0.5586211834811959,0.14244156932583063,0.14811549749556152,0.13790144256334314,0.08685289153800226,0.21187045710477595,0.5297707632399877
2016-07-07,0.18459797994076244,0.16616688651368294,0.2015263232012907,0.17603566212333732,0.20765788817985278,0.1486017938985459,0.13229815581591353,0.7502443661268973,0.7533104339948696,0.7145984582344035,0.5543289705569906,0.14544119738210715,0.14784458354267016,0.1392776678270602,0.08434905663101179,0.20045292612382787,0.5135926310964826
2016-07-08,0.18393330619442627,0.17038430156524131,0.2039672983530525,0.18520117018465798,0.12722962176066077,0.1512791153689197,0.13421664803608013,0.8123294282860501,0.7651183341915077,0.724186631787628,0.5636019165487254,0.15017498212224067,0.14644033907231302,0.14095074271565022,0.0855843211448541,0.2079296869402938,0.5804169913097346
2016-07-11,0.18975043201879538,0.17257694125096124,0.2078722388908013,0.1853675789729835,0.0971865176049666,0.15577004590229415,0.13601871212360672,0.8134001311322016,0.7731946252358075,0.7337396318522067,0.563289279422405,0.15427421424426413,0.14561279512662817,0.1425979245473451,0.08291675809804584,0.21393441592297474,0.5257128578428684
2016-07-12,0.1882547409698594,0.16954073755414845,0.20722161105056514,0.18036851982578284,0.20247613903738526,0.1599328172066894,0.13761014209401712,0.7406951401882562,0.7734323256398807,0.7414374362708827,0.5467995009605668,0.15669151973925044,0.14669914476671908,0.1443732415407295,0.07713369543833169,0.2027707768052932,0.49463396297796736
2016-07-13,0.18592772358219067,0.1710588558650048,0.20689608403513204,0.18553431135642495,0.11486533867870619,0.16406104102102725,0.13958109166406651,0.7791333571682407,0.7770167552221632,0.7484311560974307,0.5405412936560048,0.15982954004460426,0.1472453591381323,0.14623662955297578,0.0743068291767361,0.2096417207859141,0.5559604198441264
2016-07-14,0.18941800413994037,0.17510730413415676,0.21080117073384808,0.1853675789729835,0.20569291161186265,0.16710106082512433,0.14123178638329814,0.7766096558665606,0.778203512224203,0.7543027470563697,0.5305673286602517,0.16233079183866872,0.14867501824804474,0.14822965175417735,0.07168197757977114,0.19832046840672873,0.5237084709226515
2016-07-15,0.19041528777650518,0.17409514611091825,0.21063847988570183,0.1853675789729835,0.13461059296935263,0.16805101617794393,0.14287083118045307,0.7766096558665608,0.777653902303861,0.7588719140684663,0.5189908232958429,0.16463445657251996,0.1498259766429889,0.1499805831631572,0.06797311322870118,0.20615887709177505,0.524711458009463
2016-07-18,0.18975032013203363,0.1703839150882217,0.2099874831079087,0.18436758916622975,0.11871472329937022,0.16934647997258934,0.14427677232564973,0.7593912937994186,0.7748164773164381,0.7618658868530004,0.504989818116558,0.16617292572311626,0.15200090425062962,0.15186806539957842,0.05995212802952528,0.1990993235496144,0.5186948881793123
2016-07-19,0.18609381758648935,0.1680223559953541,0.2064078631902614,0.18370114502513768,0.05364520311471912,0.17003739623248404,0.14562434727593665,0.7473843234747153,0.7705303670429997,0.763262037638612,0.490787687553202,0.16742350180672927,0.1541027937225986,0.1535728858853206,0.055555150711011594,0.19522800264228835,0.5206973848841382
2016-07-20,0.1879223130181007,0.1690346906064505,0.20705885809467428,0.18036851982578284,0.06524706932025537,0.17029650240791394,0.14688972444797888,0.6873282208827964,0.7626687142032856,0.7625465259624202,0.4720183214983504,0.16809432634069954,0.15619882915345262,0.1549819884062108,0.050963975339452225,0.19078822128901912,0.5046242179275767
2016-07-21,0.18343448487075942,0.16380515470296786,0.20152629487297735,0.17770209607118315,0.07433639145555973,0.1704692314728875,0.14787505421322666,0.6410824486852711,0.7527173251376231,0.7596545984269908,0.4526733993393762,0.16828624245629042,0.15844474054651536,0.15622581789271217,0.0487352894062668,0.18590308743617612,0.5085816986786275
2016-07-22,0.18393311411354174,0.16684158405114802,0.2055942677873116,0.18203479197607064,0.13282316553696677,0.17014103031734273,0.1488904144463904,0.6921729557401611,0.7477770680988681,0.7561895572449946,0.44757931824544084,0.1690387105411345,0.16001720462550129,0.15740876998174846,0.044631178123375706,0.1936539169527245,0.550996767135447
2016-07-25,0.1855951419378593,0.16616676287746757,0.20412969290101945,0.181034802169317,0.034813058664323215,0.16969192971722358,0.14984734024004331,0.6739173726109927,0.7418401541634567,0.7520337195057792,0.44143922072208835,0.16714437659480008,0.16587582635307496,0.15944412386843188,0.041329037090028206,0.19070532080731908,0.5186732072552843
2016-07-26,0.18426553376440669,0.16701030083976287,0.20055003612437217,0.17386927372150418,0.1497634418869743,0.16901827043173145,0.15081440320045347,0.5536924935895349,0.7294333605655677,0.745817213481688,0.4231231128894811,0.16286290886839838,0.17354965811387268,0.16120114428394183,0.04487395857590991,0.1821244630110332,0.4813969265806364
2016-07-27,0.17711839579731303,0.15688881491910645,0.18541714820973687,0.16020449916941237,0.29634741143804355,0.16639278696707005,0.1511788947702717,0.38403908947225174,0.7060307024761573,0.7353892032197464,0.38568944812931794,0.1594071708547421,0.1784483112292895,0.16195788280631862,0.058337155651864606,0.16636138235310458,0.4414643035628447
2016-07-28,0.169971462465612,0.1499726718210198,0.18525449943029193,0.1642040539025329,0.13687247943637848,0.16419914712812533,0.15177712409813193,0.44011392258421134,0.6907726937660368,0.7234903840829273,0.37261626495319283,0.1577264116406556,0.18094474736042143,0.16238409637297824,0.058887224945717284,0.1743106174316758,0.5494458425564689
2016-07-29,0.16980503156551585,0.15418964709840888,0.19111212068164007,0.16870315859574603,0.1128272536431143,0.16247184809307624,0.15237046824997857,0.49935538890916353,0.6825361241096337,0.7120515090325258,0.37670444622216487,0.15800607529060717,0.17990169955005897,0.16199264757106369,0.05660085108011463,0.1810817006909543,0.5524125133651787
2016-08-01,0.17246448518603807,0.15570794794618392,0.19290212227384873,0.169703067503721,0.19721531338914441,0.1609518423836842,0.15312606109691163,0.5123233172683809,0.6766273940567836,0.701523173435098,0.38479771330882406,0.1581251526449272,0.17956254399132943,0.16187957446644285,0.053969209247263436,0.1919875734078648,0.5308375254976475
2016-08-02,0.17445936875746348,0.15604572023776697,0.19208891360996816,0.16837034101909487,0.1496992854766299,0.15936277523543008,0.15373522946558937,0.4946329609593728,0.6704318557164467,0.6916564187285736,0.39067812939845786,0.1583124458192232,0.17849169872218507,0.1614272904931835,0.053305532960136195,0.18340985910427124,0.516555288767444
2016-08-03,0.17429290391269403,0.15402118110285046,0.1885088191535519,0.16337079647922048,0.17293435008810315,0.1576009287103235,0.15408666925548775,0.4307839411340795,0.6606585558996972,0.681485006677733,0.3879702036195018,0.15884827695775827,0.17648005925952004,0.1606705519708067,0.055232166009721764,0.17369368871468577,0.4940699327949424
2016-08-04,0.16930673787804518,0.15317787614258438,0.19013616052590487,0.1653706142951702,0.10806774320128551,0.15632274704601967,0.15449082799957226,0.461130978078228,0.6547287534560994,0.671965729824564,0.39376666231674007,0.15909261126662744,0.17514839627984768,0.16011387658323561,0.05320687124750602,0.18023156867888213,0.5370356882059509
2016-08-05,0.17346166578188127,0.15570784316859643,0.19257657818281204,0.16687007316323776,0.15410071362816435,0.15475089494560246,0.1547544057093525,0.484106765569118,0.651410635824458,0.6635769053359541,0.4038146101406831,0.1581487910806756,0.17420795141229006,0.15915706225821702,0.051326236840680536,0.18902494120206575,0.533931790344217
2016-08-08,0.17512387223631076,0.15553931521508435,0.190624105004488,0.16587032605282082,0.09485599869896766,0.15317906800112457,0.15559200297482767,0.4696548058483442,0.6478430483946298,0.6560342951043195,0.4113361271621304,0.15702069862660928,0.17333050944016548,0.1581393789809573,0.0523770842679359,0.1831344014190457,0.5185740395119054
2016-08-09,0.17030364158730293,0.15621396276151644,0.1933901645565772,0.16870315859574603,0.09162132200997558,0.15264359029054864,0.15659360339033723,0.5157395227404996,0.6476990916085003,0.6499666527706972,0.4244462775283519,0.15638834977148675,0.172763410995472,0.15753049099578254,0.050047236087883376,0.18886645068678734,0.5421212678852521
2016-08-10,0.17562276915179376,0.15806990556311717,0.19762127095227378,0.17203643098533272,0.08360475473601128,0.15386999264633194,0.15751907695355616,0.5671578892570589,0.6507063609905325,0.6458134878870306,0.44146297821416547,0.15483888467861928,0.1729157944109765,0.15682595240317343,0.04635859258138807,0.19420570957695021,0.5451331698796634
2016-08-11,0.18110773547058368,0.16093765519852044,0.1990857372539696,0.17203643098533272,0.09523347711331961,0.15468183350674025,0.15808139256019882,0.5671578892570589,0.6530360374218502,0.6430339683006918,0.45367252963700544,0.15315838672660764,0.1732147763993691,0.15613011661393372,0.042678556811789184,0.20011474479371816,0.524711458009463
2016-08-12,0.17811573678617632,0.16043139410773088,0.20038724476126313,0.1752024047000249,0.10568947998991401,0.15535549279223215,0.1580462323731162,0.6163922551017155,0.6577643141156947,0.6419124423748236,0.46840949186127234,0.15151557003154792,0.1738000977481995,0.15559953274602278,0.03798965248583368,0.20653609621485464,0.5440375225345762
2016-08-15,0.18077520311433604,0.16211836823632453,0.20022465789401234,0.17286952661108712,0.10247270741543663,0.15568370233309015,0.158081386873149,0.5715722501233936,0.6591837487827538,0.6413460703743793,0.47334393921332096,0.14975079142183967,0.17436977175513135,0.15499937712250123,0.03490739728302643,0.20027235805522192,0.5105199728497025
2016-08-16,0.17595498652012598,0.15587677869138072,0.19615659911703354,0.16886997187796648,0.07477951828979898,0.15573549002692366,0.15779437851706368,0.49991326450761353,0.6564384564570002,0.6402530866780503,0.46866318749868174,0.14774486624721428,0.17483719647641882,0.15422524566122198,0.030774060646754267,0.19536551217145748,0.5003191740057304
2016-08-17,0.17296330791390813,0.15688898351011582,0.19273963886475243,0.17136974414790374,0.1619113835852094,0.15656459624704744,0.15756594393321588,0.5433511659998665,0.6565298207195202,0.6393999953479433,0.4707954542396185,0.14643255346664852,0.17521495541268473,0.15375554341338782,0.032021420905056094,0.20454158665381195,0.5400238245244335
2016-08-18,0.17728483919022775,0.15975676500533875,0.20022469138169774,0.17453596055893295,0.07435578757961736,0.15751460191174582,0.15751323066607992,0.5954004387254143,0.6594648454412687,0.6394016321300725,0.47839264607596416,0.1459217392915132,0.175396402514291,0.1535902830468352,0.028094111144868913,0.2094276708649108,0.5440530987647827
2016-08-19,0.17778318909543478,0.15773224870505298,0.1979463926124243,0.17236932946076278,0.061864683686516854,0.15808461034175258,0.1570622020988104,0.553731348567445,0.6596151539128253,0.6394379761858419,0.4787011392823851,0.143992038963505,0.1763164515535136,0.15308578225336011,0.02419333295155253,0.20515361737056045,0.511521720120635
2016-08-22,0.17678610821447271,0.15891327363831909,0.19810928147936313,0.17370270313562053,0.1229192061912428,0.15889645120216078,0.1566521913801997,0.5768134781249556,0.6608498989642929,0.639754851816265,0.48119462482274034,0.14225667220446814,0.17728285074773953,0.15270307425832297,0.02057088138528683,0.21241917934079058,0.5328478150143326
2016-08-23,0.17861417959397308,0.16009383796274934,0.1989226154651622,0.17186937500677535,0.05949089650377403,0.15922463558707933,0.15635345348333685,0.5398076059309709,0.6599634958896468,0.6398017451780512,0.47879490606085295,0.14197072246005138,0.177361168337288,0.15259868706662316,0.017715756071324515,0.20826143507605643,0.5135406123940065
2016-08-24,0.17595490331136754,0.15756355980957837,0.1942039174929615,0.17036967344237086,0.09091410948664427,0.15905187298085322,0.15582042902810045,0.5098399829324256,0.6577368287072869,0.6393202574439545,0.4740984271564443,0.14125686721043562,0.1791059706431899,0.15312927093453443,0.018624444882427857,0.20256403733241163,0.515555152501485
2016-08-25,0.17528998705047016,0.1550331356368806,0.19257657818281204,0.16687007316323776,0.08444177208957429,0.15851637011433817,0.15517025702838916,0.44366792632533625,0.6526181937255863,0.6377419909039594,0.46434978443466723,0.14102456198361335,0.17960815439204358,0.15326842711359112,0.01819691806903305,0.19718376682828603,0.5033098449941033
2016-08-26,0.17213216718822788,0.15553939907162273,0.1873698094283628,0.1622043169853622,0.1760511580232067,0.15716909346991992,0.15435608756569386,0.3665197819276008,0.6442032799974463,0.6345179886268184,0.4497217759158893,0.14155604332810445,0.17841840964932743,0.15292921202234067,0.026699864351213395,0.1873148811774383,0.49606851623667464
2016-08-29,0.1683093916470888,0.15165960741745277,0.1906242341535932,0.16753692179822455,0.09702090454570547,0.1566163587849415,0.15376450355584514,0.47682128369139554,0.6426370429315766,0.6315737206472882,0.45220817491427406,0.1415037019678287,0.17824875828312658,0.1528161473629437,0.024932680176708535,0.1933114955627042,0.5576169327339087
2016-08-30,0.1703038454915189,0.151322170349397,0.18850883162208232,0.1622043169853622,0.09326253250715791,0.15592545091036025,0.15300890786538712,0.3933384320246537,0.6364964646769965,0.6277870303993479,0.44472036272148463,0.14187552868767184,0.1772508871203362,0.15249430409753573,0.02532604936027104,0.18749903136562385,0.491998731603861
2016-08-31,0.1658161513302988,0.14845440838026502,0.18785793160289366,0.16337079647922048,0.0963062319746597,0.15509634469023648,0.152411451976337,0.4167634836352806,0.6329100863224772,0.6239217476800712,0.44402179896408844,0.14187552868767184,0.1772508871203362,0.15249430409753573,0.021876931110662315,0.1934606287043868,0.5319093590069562
2016-09-01,0.1641543266095249,0.14862338998157576,0.18655646437177542,0.16370434214488228,0.2234657292868045,0.15397362673119086,0.15191944252623413,0.4237312156766979,0.6305880330649861,0.620288286030511,0.4460823245430782,0.14198988400347723,0.17696750932833838,0.1524073309577989,0.02096274898723184,0.20565270166382874,0.5267669920345482
2016-09-02,0.17146755413232972,0.1570578519104675,0.19387879833469257,0.17070330000681166,0.13825258826355452,0.15380093959278285,0.15152114997430088,0.5559583121620763,0.6355064155026131,0.6185279172260263,0.4627311810245821,0.14214487592860525,0.17720605989930316,0.15260741098305297,0.02545383042157086,0.21366955838752566,0.5678279010649601
2016-09-05,0.17146755413232972,0.1570578519104675,0.19387879833469257,0.17070330000681166,0.13825258826355452,0.15380093959278285,0.15152114997430088,0.5559583121620763,0.6355064155026131,0.6185279172260263,0.4627311810245821,0.14214487592860525,0.17720605989930316,0.15260741098305297,0.02545383042157086,0.21366955838752566,0.524711458009463
2016-09-06,0.17529008573578153,0.15722614812174385,0.19387844913394237,0.17270263243008765,0.11299286670237543,0.1536972803519846,0.15122828111311448,0.588842753220627,0.6413733711978461,0.6184871207689658,0.4780154811579676,0.14246194198271567,0.17759089990697607,0.152964031681042,0.025809799354261656,0.22044875624421922,0.5369338001916265
2016-09-07,0.17545671911070848,0.156889220860851,0.19046175863857018,0.16470425105285724,0.17483964627437756,0.15295460155419593,0.15090613816167242,0.4520246740874466,0.6385819206651446,0.6178038387278275,0.47230479238518663,0.14254618746267989,0.17709887265214053,0.15275530374637503,0.030971824304179482,0.2106392314321197,0.4759224382227841
2016-09-08,0.16564995316483067,0.14794834532296408,0.18574262463595848,0.15970462561420373,0.1737340672030938,0.1518491489548659,0.15088856802046857,0.3825095352796686,0.6318385278992075,0.6156854302905382,0.4595487704585902,0.1428679651101591,0.17552027842599793,0.15211162988339488,0.030934206920716342,0.2008838770406019,0.49394565511701677
2016-09-09,0.15634198890360407,0.1374894596907058,0.16345002495142413,0.13520798995172467,0.3464669960029064,0.1485673134909936,0.14986938040260522,0.1650867011958969,0.6038716364379352,0.6074720443706831,0.4053739837511262,0.14922387915576574,0.16547170703704128,0.1501893237656602,0.05810755710015329,0.18266507064963272,0.3731333867847039
2016-09-12,0.13872397336239162,0.13698357133107675,0.16247396623536936,0.1517058397430785,0.32589367641595435,0.14747912625137904,0.14927193873118028,0.38796523416113315,0.597871356790217,0.5995027612525704,0.4075436746576001,0.14882811190774659,0.16346141746317455,0.14896289144067343,0.07469390629505936,0.19987583934910108,0.6296434289913102
2016-09-13,0.15152213181729146,0.1319228788909449,0.1670300257431896,0.14070740804680737,0.29960148425109323,0.14469819585208588,0.148252765330942,0.3079234387759684,0.5834768576880969,0.5897721948527436,0.3918886297634694,0.14999734308110602,0.1590180478328349,0.1472841498067552,0.08094138633900015,0.18395331781763824,0.4560478186736826
2016-09-14,0.14570475413395567,0.12821177692111452,0.16377566485982353,0.1380411460897656,0.26402750071989456,0.1421936369879382,0.14718671926399385,0.29021595587535154,0.570449365285786,0.5789512304020344,0.38219670194228417,0.15128573408397306,0.15459313740716418,0.14567500104150732,0.08063978784620408,0.16977382643183167,0.5078586734218076
2016-09-15,0.14055241778864147,0.1300674446341008,0.16345035552480736,0.14520691723391543,0.12562421949250788,0.14031091617419655,0.14654827396153525,0.3736054679626687,0.5678213876566856,0.5696819170259323,0.39598844543135986,0.15077891058029957,0.15242013273824107,0.14430939986962765,0.08366536885401772,0.17717192682650812,0.5701416260538104
2016-09-16,0.14865705021859899,0.12885162764208613,0.16532183408941636,0.142322875763907,0.1906042191045854,0.13809468630170474,0.14573816505259274,0.3516642815520239,0.5639877520056255,0.5613729038701057,0.4045240076639298,0.14969236310797562,0.15020192075297034,0.14262799799013803,0.08202456941066062,0.16658998006587006,0.5065745070672232
2016-09-19,0.14698439302749156,0.12953035083177578,0.1685961464099438,0.140478221806007,0.117559907913171,0.13496179915479567,0.1448105133491956,0.337424308493795,0.5602236627458866,0.5538483411018544,0.41149654079486314,0.1487084759264521,0.14791511444434136,0.1409634021064804,0.07610011983888447,0.1595870093921713,0.5130731346450462
2016-09-20,0.14915861209249037,0.13003962108769462,0.17072468624008408,0.1428257425739371,0.1194472999849307,0.1318650023955581,0.1440005153377294,0.3670899778526572,0.5604711339943363,0.547886372690226,0.4253855528908831,0.1468939104523762,0.14655328530495082,0.1393517408870818,0.07136652796470778,0.1666824572346095,0.539553408052398
2016-09-21,0.1474864098085381,0.13377395754554355,0.16646794082259309,0.1476884872785862,0.345886604290721,0.13010128594562564,0.1432618670564919,0.4270142874307614,0.5662071762300286,0.544453782601176,0.4478677575454748,0.14489014123003585,0.14606293824975947,0.13808958948703387,0.07592606812550219,0.1848728259823853,0.5553741530189766
2016-09-22,0.15534649380198107,0.14124209203068872,0.17874725748240317,0.15556908003364744,0.23299071820863365,0.12967262873889474,0.14268305331758446,0.5147807768471374,0.578995736932474,0.5446885304973551,0.48046463812497775,0.14311833617179026,0.1463020058295612,0.13731705417309725,0.0770893384781041,0.1975315979499164,0.5741322549673947
2016-09-23,0.16019660453327111,0.1398843422148902,0.17907486277918894,0.15154501297050127,0.16756311573368823,0.1313659924117444,0.14196279695628622,0.47393994876264145,0.5860488161997148,0.5465202948555715,0.49465960872932513,0.14165692529480733,0.14618056979422012,0.13651714366544743,0.07074976214711885,0.188078603692712,0.49969707961864396
2016-09-26,0.15367421129038195,0.1334344382481617,0.17121596568077757,0.1439995838566811,0.16556979098438313,0.1305672242544914,0.14086604366246358,0.403436502052799,0.5852400594393201,0.5477971973804043,0.4897277576172176,0.1407732225428756,0.1451936004568921,0.1355669250604009,0.07049205303358098,0.17872327702241353,0.477596578198262
2016-09-27,0.14848980613109974,0.1341133683397645,0.17154346692669264,0.1476884872785862,0.16275735299602975,0.1312908264649303,0.1399809509982951,0.4463168000380203,0.5887703058805903,0.5496415664216745,0.49477164458473255,0.13881745159194825,0.145098618561198,0.13453091142437057,0.0676940011945419,0.18794080174561803,0.5479415489593762
2016-09-28,0.154008511263374,0.13513156127220716,0.1731804772749964,0.14919733040501326,0.1202171769090635,0.13244718630021624,0.13928947395389646,0.46391005322011947,0.5936243326364187,0.5522484618343365,0.5015493076109102,0.13765068189023089,0.1449227922689541,0.13385199564148742,0.06407244290181739,0.1950739715003642,0.534173719556303
2016-09-29,0.15317223581926065,0.1330947458775371,0.16794122791651112,0.140478221806007,0.1998382661655504,0.13195704797768426,0.13820366254441596,0.3812270218682161,0.5899104921122663,0.5534683381407153,0.489220884010166,0.13621592067744648,0.14400152644564024,0.13265708933782794,0.06582682192701815,0.18403958110547425,0.47012464660748604
2016-09-30,0.14915868759637296,0.13631983286219296,0.1726894533768213,0.14936511447258127,0.23339505279475764,0.1326869894848426,0.13731892816440228,0.48290079717195256,0.595964743910544,0.555855393659569,0.4995952758870986,0.13452812922811097,0.14420468332073466,0.13190863558023058,0.07129393610967551,0.19671816438741513,0.5808978904347335
2016-10-03,0.15233637697743274,0.1324161258809835,0.1700699986305606,0.14366433931666112,0.14553210282332965,0.13301723665678866,0.136309971549622,0.4298947977241655,0.5959827565079604,0.557769236538521,0.49538915799621364,0.130707232334085,0.14521886829509778,0.13049730352019495,0.06946182251506584,0.1883446308998606,0.4890279229655618
2016-10-04,0.14748617337768677,0.12749351699182487,0.1627020228542383,0.13611866750650403,0.17376689141303747,0.1323220355018896,0.13498892384440553,0.3663153993508951,0.5895487614773625,0.5578006439672222,0.4786572604133923,0.12553098007686225,0.1465975395481386,0.128587758135979,0.07057575815782997,0.17858766820975602,0.4771762123707045
2016-10-05,0.14213469968097603,0.12291094803042235,0.16139249020551516,0.13528055615645374,0.20147649264364695,0.13103592971668687,0.13370285718419384,0.35949482897256324,0.5843958553152601,0.5566247054639477,0.4679258494222931,0.12209446102314359,0.14698793160213308,0.12705195191887364,0.06674826499804558,0.16747300909448987,0.5193863060824783
2016-10-06,0.13644823736015432,0.12291062486012039,0.15893626762846502,0.1369570215528909,0.20460225263600784,0.12910675426825646,0.13252843016046023,0.38097042843432605,0.5826532002229575,0.555277768131325,0.4664059381291568,0.11937297782235023,0.14735371017181664,0.1258646125359506,0.06703209520418264,0.1787408220979056,0.5353734705227742
2016-10-07,0.14180011359679978,0.12291078208029427,0.1568079636867491,0.13460974348129773,0.14476819393736842,0.1273513812048791,0.13139450630735372,0.3595661602612771,0.5798453385793843,0.553545748208146,0.4629831580995624,0.11943525928265764,0.1472309831803792,0.12583338632007668,0.0706218579548538,0.17040471810473415,0.5098116461792065
2016-10-10,0.14113114029803564,0.12358973304955778,0.16122857035408256,0.13460974348129773,0.10386773633804161,0.12637810629627078,0.13042457991723155,0.3595661602612771,0.5784265336933301,0.5518294303217741,0.4631227245700444,0.11857795873346189,0.14633122352539385,0.12494103439012638,0.06807044697794352,0.1767368089543047,0.524711458009463
2016-10-11,0.13845535403597542,0.11832806872163981,0.1553344700216993,0.13008256691178466,0.267703812233583,0.12455321898712268,0.12910809038264903,0.316556533258872,0.5738852261622586,0.5493978659518675,0.4567653055640508,0.11930317689816805,0.14452820347513917,0.12438645764072864,0.06698065696039891,0.16237718812677954,0.49589743336531145
2016-10-12,0.1361139202534205,0.12087394500134174,0.15828145244124814,0.13494498802131782,0.0812443956391545,0.12307593644808079,0.12814994756027998,0.3893888616132595,0.5757162069081677,0.5478793883591478,0.4648812143661767,0.119422702885004,0.14409356373628845,0.1242248498335714,0.0652010623390845,0.16760079572765713,0.555819710231161
2016-10-13,0.1334380839132543,0.12138311855960504,0.15631675236167475,0.13511269119010683,0.2608122201549601,0.1225197889406624,0.1271566985778041,0.39188375428746336,0.5781354605156613,0.5472284976897405,0.4725927008573197,0.11916968757911273,0.14331199169537623,0.12369796919640019,0.06738641869210417,0.18162274695644112,0.5257784271513478
2016-10-14,0.1399606317510933,0.12325042357815452,0.16221110734278144,0.13528055615645374,0.13366913494778712,0.12105989754103286,0.12615762605605252,0.394557642249592,0.5809881928908007,0.5473727138997843,0.47965995348083,0.11908887488437869,0.14267209417838533,0.12333038659761197,0.0630191873911229,0.18941502671383953,0.5257792525404453
2016-10-17,0.1401276935941198,0.12053453189592667,0.15893643070493035,0.13108854322818164,0.10093295356717102,0.11975639223110468,0.12476520018535686,0.3463646795602364,0.5800772764352797,0.547275766027152,0.47751638317596096,0.1193269183722302,0.1414770074326761,0.1228402806885065,0.05998736210574053,0.18322673237882273,0.49805102446148375
2016-10-18,0.13962613271967483,0.12257152467488086,0.16188363595627886,0.13377147033368975,0.0916810023916913,0.11951310075622024,0.12339680210122395,0.3922196683754531,0.58264705184694,0.5477971834884836,0.4830126807702684,0.11915133313704274,0.1407251719049164,0.12236768172882806,0.059475145688485345,0.18896170582581306,0.5418562297889588
2016-10-19,0.13661583457468374,0.11730976960838191,0.1558258122140379,0.12874126515658835,0.10939264767537452,0.11883529074073351,0.12213273295069882,0.33436050395061145,0.5807129322913605,0.5477635034586332,0.4780787350300815,0.11860799940654154,0.1393257775988036,0.12137870799067951,0.056952256522897635,0.18235890908229604,0.4926652021014778
2016-10-20,0.13276930769753015,0.114933479675984,0.1545159500525679,0.12823823654900046,0.15630590373256026,0.11793157200446158,0.12102671545230537,0.3287428588833198,0.5794991250391877,0.5474536393331042,0.47562389175655434,0.11596095127634642,0.13914950388418612,0.1199521407464823,0.05281868867715235,0.17345748813587372,0.5214882853592542
2016-10-21,0.13577963714843955,0.11781893779098074,0.15762673269794258,0.13293311628730264,0.1839364284573964,0.11775778639003476,0.12094675552826484,0.4127136137687818,0.5837167144992944,0.5481888043100507,0.48491256081097533,0.11365064706178996,0.1395314486748893,0.11898066973514887,0.050003760407383926,0.18371273096995316,0.5548114293914506
2016-10-24,0.1384552260563493,0.12443830261940825,0.16221086514916672,0.138633810544444,0.08816881192772108,0.11817488863528525,0.12048728453516033,0.5025686551901386,0.5930807235045558,0.5509595450829661,0.5030056357876959,0.11298716796929387,0.13963901455861483,0.11870059654782394,0.05020398044279557,0.18927561646815874,0.5610640087851508
2016-10-25,0.14681712078455988,0.12783291174811173,0.16925100542412264,0.1418195235612031,0.1151010761864833,0.1193914466334649,0.12052637447384418,0.5482478230369244,0.6040219111837135,0.555726362973723,0.5207476294898925,0.1118613265081202,0.14015230282168656,0.11839425871374631,0.046808125451965624,0.1961581109568119,0.5448949337811833
2016-10-26,0.1469843689564727,0.1280027192289548,0.16745004679416664,0.1406458440760171,0.15990612275956118,0.11998235126376844,0.12061792744946054,0.5301309651438514,0.6120037882880938,0.561400272047721,0.5288102468690168,0.11001523308823902,0.14110354699324346,0.11794790328776061,0.042887404846549085,0.18708028889721304,0.5173022453232844
2016-10-27,0.14481056610187415,0.12766357816818075,0.16368467873347392,0.13662201970920773,0.2417890984830739,0.1201387960506618,0.12031617541605866,0.469794659898768,0.6149150138303101,0.5666179619245437,0.5247551740210009,0.1096151704802617,0.14110495802947332,0.11774662404069336,0.04461977062673873,0.17399041980394547,0.4992760837650625
2016-10-28,0.1404621510099574,0.1271541121516685,0.1627020902833528,0.14031059953599712,0.16488048257556653,0.12066016966456838,0.12024544557428818,0.5274847835102344,0.6210212980658242,0.5722153962734532,0.5281305065529891,0.10725168052618905,0.14251635531455942,0.11727401241317892,0.04699594079866666,0.1833119722039217,0.5481343669011367
2016-10-31,0.14547927339265088,0.12851196344123794,0.16843242293862404,0.1424903362363592,0.10263533645561196,0.1218419873104889,0.12031616972900849,0.5601329255866807,0.6281524596561645,0.5783555096017301,0.5329540712079774,0.10695928736027349,0.14268545904314167,0.11721273386757203,0.04229425743213065,0.18958367875200707,0.5384952268481893
2016-11-01,0.14698441149927322,0.12783299238804535,0.16401185981554878,0.138633810544444,0.14385956012574655,0.12234597817029647,0.12016882679216612,0.4985014734221148,0.6303693442675175,0.5837843225186177,0.52663172659191,0.10721357770399886,0.14269110764704562,0.11734401487521495,0.04381307237143463,0.18129209538789676,0.5003844003178698
2016-11-02,0.14096391026346433,0.12528715659759537,0.1640119872566026,0.13645415474286082,0.1194085077368155,0.1231454339232253,0.11977394931380225,0.46536321619445253,0.6302764190265083,0.5881057133847082,0.5167884821223974,0.1072832573899033,0.14274216715159316,0.11740527230776165,0.04138556478937237,0.17419854826197018,0.5109019811888865
2016-11-03,0.14363978784248232,0.12308064697667653,0.1576266710542148,0.13041797324936255,0.20800851042243265,0.12337136779994973,0.11888990875389771,0.3818793756928933,0.6247740866633718,0.5902803156718336,0.4977068999993914,0.10723512041664818,0.14212140168171472,0.11706395857833807,0.04578385945285758,0.16276383772793612,0.4863736890808693
2016-11-04,0.13360549266779465,0.1140848233097187,0.15042280210558756,0.12253729959552251,0.15356209818317998,0.12229382152268553,0.11787031166842887,0.29272687984632884,0.6133741420107959,0.5893628429210835,0.4702232044255313,0.10835823731114558,0.1397770049224154,0.11643382240948819,0.047565249236568644,0.1539968559224718,0.47431273339243196
2016-11-07,0.13444151785518166,0.1213831573175922,0.1577903248617406,0.13712480562045892,0.15013942829178334,0.12213741027704472,0.11762866891078427,0.5099814164799576,0.6184617111271313,0.5898147000901117,0.48239439891284913,0.10854723254251442,0.13984720480997903,0.11656509919451907,0.059197568375564905,0.16259613604802436,0.6188514924913283
2016-11-08,0.13527774561248151,0.12732392538782666,0.15828152465564327,0.140813709042364,0.1746650811578591,0.12203315567901496,0.11738702615313945,0.5536006500336129,0.6262329917830759,0.5919875537416024,0.4976913573722345,0.10918677500712426,0.14031170357026568,0.11712522445610885,0.06769660698525216,0.17239710763582153,0.5481230372984665
2016-11-09,0.12725039797567161,0.11527298105599293,0.1455110613337267,0.12874126515658835,0.4902310675179078,0.12079922331204929,0.11666801241228253,0.4202409838814859,0.621302176470637,0.5925765382326625,0.4836132456508552,0.10928017976833249,0.13958526467695687,0.11680141345350048,0.09145163393449927,0.14713424585270968,0.448413695705134
2016-11-10,0.13360541006367577,0.11272683731255229,0.1327403564751659,0.10543440783630875,0.7627257223937204,0.11756656770962992,0.11543625139322766,0.24806112128170943,0.5959863479192617,0.5871469893006204,0.43011792669012855,0.11407269585351398,0.13181330135774816,0.11525231867637398,0.11555691585442852,0.10851987403805467,0.37537198915247366
2016-11-11,0.10768346588876332,0.09083132288768236,0.12815615120588075,0.10459621558747967,0.28539158536458,0.1138647035262279,0.11386266169889947,0.2431479245056492,0.5759665441034576,0.5781370368499601,0.3982937571172934,0.11682951003693909,0.12595127769936676,0.11365071149619055,0.11209860277960453,0.09329359958570227,0.519193147047351
2016-11-14,0.10918836961418721,0.08862457006859903,0.12897452044207003,0.10308688706837876,0.2818659668147237,0.10978046067920821,0.1124363978802636,0.23388991299692785,0.5596975624469103,0.5671370214676471,0.38060522009396563,0.11902266323510202,0.12092076412729602,0.11218913035313927,0.10428192300713195,0.07824007102246558,0.5147648350218563
2016-11-15,0.10935578092302589,0.09303782575252717,0.1324130069696815,0.10828495721182685,0.3182247473654841,0.10663474400322448,0.11145806603013197,0.30201836013987415,0.5528152682715832,0.5567328505409174,0.38590134241507035,0.11956907197995026,0.11777551849225776,0.11085883021773113,0.0988147977122004,0.0950750826884787,0.5590283709977101
2016-11-16,0.11303482176276058,0.09558360596411342,0.1360146912942456,0.10845241768427893,0.2138661398878307,0.10373231041681197,0.11051507919621006,0.3042239315568427,0.5486686347389096,0.5474429962750557,0.3958058691503661,0.12011239244302385,0.11516458297047638,0.10979982868187421,0.09143522956372664,0.10679680141577061,0.5258102560225822
2016-11-17,0.1123659973308595,0.09201929725061508,0.13208545001898753,0.10694349365907296,0.2077862010005416,0.1012991357232611,0.10946012856395637,0.29236609169912753,0.5451473625628827,0.5391903576063811,0.40502508840228246,0.12058752953162744,0.11251824953353096,0.10868832318818422,0.08535022519392989,0.09537298344943786,0.5148125454954745
2016-11-18,0.11152978753711229,0.0910009100682464,0.13175796635341264,0.10392532201354476,0.19524436878298274,0.0993699686601438,0.1083815965785705,0.26846392227169213,0.5407470101796391,0.5315625911224833,0.4105792216909673,0.12070552726913886,0.10943667646175781,0.10717422541946398,0.07867649894277996,0.08456368175221499,0.5048763518305505
2016-11-21,0.10851955198838514,0.09337725628924654,0.13028450943481473,0.10962633986580195,0.25764915992402687,0.09651970010665523,0.10750345064606759,0.3517814775724214,0.5438490558237391,0.5261834178310125,0.43056568709466064,0.11938934204342844,0.10777316312543239,0.10566014454119177,0.07836423111538011,0.09843065148081898,0.5623114921563713
2016-11-22,0.11671403871655583,0.09914792767233183,0.14043522705624956,0.11398557057018921,0.1535531461259226,0.09373891225768505,0.10693765456477955,0.4107893284227665,0.5515408891329807,0.5236729291398832,0.45606379218184356,0.11715103995564191,0.10714132482468164,0.10420731687285412,0.07398008879303951,0.10719719465939598,0.553269701078372
2016-11-23,0.11520902803962785,0.09694151955920349,0.13699714241819616,0.10929085262944493,0.1952070685444104,0.09172283980938467,0.10603593296619496,0.36549163599939116,0.5542875039934821,0.5223047325457886,0.46621697665077727,0.1149243719137123,0.10613809601871504,0.10257070423904058,0.06965338472560191,0.09638972057420353,0.494111844980903
2016-11-24,0.11520902803962785,0.09694151955920349,0.13699714241819616,0.10929085262944493,0.1952070685444104,0.09172283980938467,0.10603593296619496,0.36549163599939116,0.5542875039934821,0.5223047325457886,0.46621697665077727,0.1149243719137123,0.10613809601871504,0.10257070423904058,0.06965338472560191,0.09638972057420353,0.524711458009463
2016-11-25,0.11571055368620675,0.09965708264847761,0.13994404471463395,0.1159976850005412,0.13612199863630328,0.09281774368480888,0.10536405633987622,0.4529617198357633,0.563773833224723,0.523421295055446,0.4883025864582342,0.11306526331744615,0.10586823544707491,0.1014941915311447,0.06717088502048164,0.10430218409872262,0.5686666352130811
2016-11-28,0.12039362253398,0.10288239361176255,0.14256403135995632,0.11784250075599911,0.20017396831270132,0.09419074646988168,0.10475112314404977,0.4757668606454366,0.5738928598096948,0.5266731370265005,0.5072818705840421,0.11037002981591959,0.1062366284323053,0.100321441272744,0.062819049462169,0.11535302300188638,0.5367075764213103
2016-11-29,0.12256763662991776,0.1035612249557587,0.14469237099207521,0.1190160993424062,0.09273286911943088,0.09584183977928984,0.10432678674630247,0.4906827174977513,0.583765566491028,0.5315757891247521,0.5219549824685787,0.10692123849334711,0.10724725228901,0.09909617438867413,0.05647531641583921,0.12113953510813467,0.5323265548838743
2016-11-30,0.11922274487002915,0.10067568985735476,0.13405007581431438,0.10526670466751975,0.22585294455543337,0.09552899213206911,0.10332486785598882,0.35052857712614494,0.5793993805124723,0.5344802189262796,0.5041939214919344,0.10386959834773823,0.10685404268210053,0.09735453694874618,0.06568066859780834,0.10883049497874558,0.43561762559176787
2016-12-01,0.1066798385708434,0.08624832998289167,0.12439029984472105,0.09973347088283058,0.47626436618688606,0.09462525662517096,0.10230526792699501,0.3049649807116288,0.5715984426468368,0.5349854822044641,0.4828690954282496,0.10112551565241457,0.10581396902896012,0.09543785535021965,0.0683435121398361,0.08425196424430581,0.48827573277090475
2016-12-02,0.10651273904673586,0.08913395352664244,0.13044825039342434,0.10509916329628877,0.296717429804681,0.09443408825664479,0.10149194867828559,0.3766744359706853,0.5713715398010698,0.535336805207438,0.48150080791626465,0.09893121631233925,0.10539569800440707,0.09411630868952492,0.06467573364270114,0.10003317481357625,0.5602759752165184
2016-12-05,0.10985744874008352,0.09083117122484452,0.13257661342091587,0.10610513961268564,0.29128949908763613,0.09466003051868255,0.10054896753141418,0.38989885137449254,0.5730106876550719,0.5359999241689718,0.48427218477525313,0.0978605525396401,0.10477475933956681,0.09325861173640726,0.05794356339543673,0.11554843128017935,0.5313370083472503
2016-12-06,0.11035920992167536,0.09201936737040917,0.13421397169475568,0.10862028265062584,0.22150672075698594,0.09455575076471334,0.09949401689916038,0.4236649489142348,0.5775022499052754,0.537577334526845,0.49239880075157616,0.09318850169524362,0.10648071385038249,0.09177078283705187,0.05092461720027029,0.1276445180557834,0.5412570363738697
2016-12-07,0.11286783801678824,0.10508896008050739,0.13699735434218352,0.1208605915027482,0.1500424476714953,0.09526835982965098,0.09875732780667335,0.5658645557681413,0.5932576799966562,0.5425116151367856,0.5222361103118771,0.08707650949219192,0.1104844329871506,0.09072930514107003,0.059758671035677766,0.13623904639005685,0.6049950617099871
2016-12-08,0.12206585253995206,0.10508874477231711,0.14452852611258382,0.1173392294520742,0.2283714566638368,0.09610258947609163,0.09793811961761223,0.5260649931307779,0.6029420692060206,0.548716324193283,0.5335282258801756,0.08404912471537429,0.11231230466267872,0.09013416175801403,0.05619219171965316,0.12380660589637352,0.5019423365082278
2016-12-09,0.1224003280463436,0.11357542621970662,0.14649327092464748,0.12974716057420677,0.18972094945519272,0.09752774890877536,0.09769647401644266,0.6443816625134152,0.6226325476493656,0.5582696439829462,0.5632921212767521,0.08819562425098204,0.11069753761174483,0.09140319601565139,0.06337068876399597,0.13434527480413117,0.6052695651184042
2016-12-12,0.13210007560819803,0.11781866013357467,0.15598923260328812,0.13326819902976483,0.12287892193358468,0.09912665202931992,0.09744893947492117,0.6735193571637064,0.6416405899761333,0.5703427868278355,0.5856893945969397,0.09249702414776617,0.10937517484426074,0.09289976572188452,0.06082548592947919,0.1416088629533684,0.5472466216477732
2016-12-13,0.13945860230419227,0.12308044535955442,0.16122846804288082,0.13729242789046892,0.1305851512226272,0.10102102842829952,0.09726623730424355,0.7059395435325285,0.660367166358255,0.5843661826646993,0.6030240837189319,0.0970187842401925,0.10840052259733268,0.09468516631276813,0.05820626668790986,0.14925003574809131,0.5503636023456346
2016-12-14,0.14230183109783512,0.12443840916587989,0.15386091132449198,0.12773504614385456,0.3530557101443221,0.10334991498256796,0.09688315476773335,0.5915742397587256,0.6659788460977426,0.596892896958585,0.5897209331180041,0.09875836226376788,0.10866854682320914,0.09570038780722145,0.06933467072761791,0.13070839996806793,0.4640672067418046
2016-12-15,0.1322674659927392,0.11798861324193022,0.1535334942016583,0.13142394956575976,0.21566102736793102,0.1066346936913457,0.09670634722445737,0.6243662365920778,0.6736192489231597,0.6086951306682711,0.5832814374455448,0.10097350087250079,0.10882629659303478,0.09689941538021063,0.07045732092842565,0.14251806338626388,0.5483755501216384
2016-12-16,0.13874346674587756,0.12067758665148332,0.1606786858668261,0.13642397949830776,0.21143267232337218,0.10988157078481764,0.09691745336672974,0.6670279519038029,0.6839862181764943,0.6205533012831687,0.5837786287670195,0.10386660074184073,0.10897900665597082,0.09843818587095277,0.06583048870901718,0.15412054870469094,0.5566510078796331
2016-12-19,0.14194503793936664,0.12324282962432564,0.16331810942597946,0.13811355049693697,0.08688120769220439,0.11319930377415977,0.09746494567735464,0.6812178732306792,0.6932803132486298,0.6322061506866573,0.5819536453497037,0.10646409555001035,0.10990517302934988,0.1002226828228645,0.05983300018943309,0.15962034503560624,0.5354428459908336
2016-12-20,0.14295563706178627,0.12221652202034161,0.1606786858668261,0.13642397949830776,0.20316395543665897,0.1160812101140527,0.09744031221995897,0.6587038349297725,0.6984728624682204,0.6427387348524565,0.5719962450998723,0.10859037712214814,0.11054184768708664,0.1016214188312502,0.05684154222901132,0.1484230047520837,0.5140006518470188
2016-12-21,0.1400916141184182,0.12426879289663362,0.1638128736787393,0.1362553055441713,0.07240722311659906,0.11767690165967237,0.0972800881146989,0.6563477779368967,0.7018128165415681,0.6519432949352764,0.5601921946922095,0.11050082708414088,0.11092912264078625,0.10278381524498237,0.05225949193118824,0.1436323949934542,0.5236401176244432
2016-12-22,0.13975456972270395,0.12050671195834983,0.16166848292444314,0.13490381054282596,0.07216999359927906,0.11949750407381565,0.09749669647791781,0.6365128779839686,0.7025588609705938,0.659480834667871,0.5453749993590385,0.11179607774984324,0.11226637945623519,0.10412071532297484,0.04568481405181045,0.13885340884733824,0.5161257282253318
2016-12-23,0.13891210623952677,0.12101964761794581,0.16265814655350408,0.13659305794633925,0.07138072055108863,0.12020709442603017,0.0985918972070704,0.6550341168412048,0.7041032382429083,0.6658708374246958,0.5351751961474464,0.11334909427984319,0.11283592371789641,0.1051957163357683,0.03880638480585012,0.14359372272289045,0.5354593730370022
2016-12-26,0.13891210623952677,0.12101964761794581,0.16265814655350408,0.13659305794633925,0.07138072055108863,0.12020709442603017,0.0985918972070704,0.6550341168412048,0.7041032382429083,0.6658708374246958,0.5351751961474464,0.11334909427984319,0.11283592371789641,0.1051957163357683,0.03880638480585012,0.14359372272289045,0.524711458009463
2016-12-27,0.14042837343581194,0.12187457987030959,0.16315285319860817,0.13642397949830776,0.17424284245722035,0.12053419710555602,0.09971061673180415,0.6522509606132149,0.7045203964446206,0.6710800728940207,0.52468002760344,0.11472170508863477,0.11337800002879506,0.10616559964498307,0.03293491747983844,0.13381343970327766,0.5236377549331508
2016-12-28,0.1402601158655994,0.11999384123527423,0.1593593378834619,0.131018646683158,0.10359768261077798,0.11988390768773127,0.10069239493428073,0.5658469990875936,0.6991606317947331,0.673998181240181,0.5043155022918755,0.11533110413899572,0.11400225374596396,0.10679208747704938,0.030833350275657326,0.12749458076480738,0.4903792377861851
2016-12-29,0.13604787471912594,0.11982273391595377,0.15935926982860904,0.13507280809207856,0.12830237662200086,0.12064448074371958,0.10163396569273397,0.6173845354601074,0.6981680700786628,0.6761013168017651,0.4970716729417101,0.11540581109111459,0.11697488864971017,0.10834785398116453,0.02836675253815478,0.1350239037032683,0.5506209326556891
2016-12-30,0.13975429504351577,0.12067746898332088,0.15721463846965078,0.13068040888831667,0.09473962195462202,0.12056741133082727,0.10241526116247646,0.550304014093905,0.692721977644229,0.6765144235215738,0.482049968219333,0.1135090625091445,0.12201337573093218,0.10996316775995874,0.030716267185310384,0.12913906606978318,0.49676999396119786
2017-01-02,0.13975429504351577,0.12067746898332088,0.15721463846965078,0.13068040888831667,0.09473962195462202,0.12056741133082727,0.10241526116247646,0.550304014093905,0.692721977644229,0.6765144235215738,0.482049968219333,0.1135090625091445,0.12201337573093218,0.10996316775995874,0.030716267185310384,0.12913906606978318,0.524711458009463
2017-01-03,0.13587946994664502,0.11879683160693877,0.15721499317339216,0.13389039153876436,0.2988480194319323,0.1203048000945125,0.10336242229115267,0.5923705693259947,0.6909469568564639,0.676431178413603,0.4776381792539554,0.11207536223127545,0.126373694393493,0.11146596159630673,0.03006249997810069,0.14502466983823148,0.5452338694470181
2017-01-04,0.13958620144688827,0.12187483368318897,0.16199847280084423,0.13389039153876436,0.11107265042067208,0.11986706159367189,0.10441566965190918,0.5923705693259947,0.6890712424611212,0.6759273816873027,0.473900135218903,0.10983181320032032,0.13143191727055947,0.11291624725220917,0.02661996589260056,0.1517097822275988,0.524711458009463
2017-01-05,0.13823808284791006,0.12170360064527863,0.1588643133329214,0.1367618936980337,0.15833802072998057,0.11990208704657712,0.10536946188097163,0.6312108706653639,0.6898190955559493,0.6756986575452287,0.4763450988995986,0.10702671472309566,0.13708178733496623,0.11438513351405155,0.028063059446756952,0.16071077147743862,0.5430026425234944
2017-01-06,0.1395860596042412,0.12187468922636757,0.16018390679947414,0.13760655784917974,0.11029382143928193,0.12004214693163262,0.10619972000832645,0.6426227733608907,0.6907214963963416,0.6757260142112191,0.4786212554886008,0.10654604070827045,0.13926866205924326,0.1152592099791876,0.02759880553303816,0.1673577233276107,0.5300743202031002
2017-01-09,0.13874365530988741,0.1186257338877289,0.15803971993530053,0.1305118158329589,0.07763074852626756,0.11958690828230878,0.10694561927840829,0.5206437497128896,0.6843217814436213,0.674256222836936,0.46531395845865803,0.1036815084390662,0.143447303112907,0.11594676944887172,0.02974513154343776,0.1623111747802406,0.47970940422650427
2017-01-10,0.1341944993757217,0.11469267731584054,0.1532561748569875,0.12611965932553393,0.12897228890675985,0.11850132048976159,0.10730139828751317,0.45625213306320545,0.6747973344561015,0.6708603852804328,0.4481944298945322,0.10423146082763424,0.14253277688007693,0.11575742752597984,0.0291606314378222,0.15474902792971323,0.49662562290185536
2017-01-11,0.12913996166613273,0.11281179026528931,0.15309130888114875,0.12780906852660512,0.15498099925847125,0.11760836849553669,0.10765171488502212,0.4839062880235937,0.668611552159884,0.666701902992892,0.4414157148368117,0.10449619867302506,0.14171304024334452,0.11547248144438604,0.026040241275715012,0.16358553209681487,0.535569062678727
2017-01-12,0.13200397816508258,0.1126405207190132,0.15457554794480854,0.12696416167912217,0.17243900291986267,0.11718811337255264,0.10793108268933271,0.4709127229979765,0.6627457693364154,0.662007891954991,0.43665570449887886,0.10435725995478828,0.14079475531564634,0.11493338479064641,0.020565093269924326,0.15389363239499343,0.5192918925506561
2017-01-13,0.131498775639727,0.11281173324435934,0.15375105742925987,0.12747115432687928,0.07187905173841491,0.11640018742516478,0.10871155069328953,0.4800959619938273,0.6584597952005672,0.6572536874142667,0.4361206787033029,0.10438413487963083,0.14074121059530664,0.11491961063024336,0.01702757385515556,0.1586583631672721,0.5279666676310796
2017-01-16,0.131498775639727,0.11281173324435934,0.15375105742925987,0.12747115432687928,0.07187905173841491,0.11640018742516478,0.10871155069328953,0.4800959619938273,0.6584597952005672,0.6572536874142667,0.4361206787033029,0.10438413487963083,0.14074121059530664,0.11491961063024336,0.01702757385515556,0.1586583631672721,0.524711458009463
2017-01-17,0.13267813541522067,0.12409767400731853,0.1557303622211218,0.13980263610289223,0.2585652537833632,0.11734572371796992,0.110119948644118,0.6637105625816685,0.6665007719152707,0.6553245537678776,0.46123112637466135,0.10530119422271833,0.14069087280805004,0.11535694655695872,0.02766223192696561,0.17257021904734332,0.6038411533336621
2017-01-18,0.1434613676562928,0.12700479105631146,0.16711183071427715,0.14284337850775086,0.14848478970871498,0.11827371793572583,0.11144662652890791,0.6992055606364577,0.6754333430209002,0.6558632939967723,0.48316665299421785,0.1065444303657187,0.14011777266491332,0.11569201504320736,0.02413332224629057,0.18108842630322625,0.5439509430520669
2017-01-19,0.14632558929477701,0.12563673675714482,0.16579220068144496,0.13963380035119777,0.2325043230976505,0.11886903324073117,0.11262513116754458,0.6412134357888069,0.6791268210646583,0.6571551800176093,0.48986093738735953,0.10679294828929387,0.14002744001394718,0.11577136636825158,0.02240315797608093,0.16845348639657193,0.5044734314560927
2017-01-20,0.14834718863597862,0.13247646046439931,0.16892595267452726,0.14537696646729437,0.1389881489682008,0.1197620020055824,0.11391709814220796,0.7089190718236585,0.6870325622074284,0.6600313974552036,0.5039431578421969,0.1085212397152624,0.13923370840661653,0.11623867861768333,0.026466925710832298,0.17650638362950882,0.5610567593228918
2017-01-23,0.14986383903144052,0.12974073769928507,0.17024575598456615,0.14503937586268423,0.2163965880725773,0.12053242780448736,0.11476696237469286,0.7025658195444697,0.6924708950427293,0.6635999644896075,0.5100970594507676,0.10997412916494831,0.13869501125250028,0.11669717405322122,0.022250122011583565,0.1646606797020729,0.522588849141599
2017-01-24,0.15020072873556134,0.1357256769861569,0.17337976315926884,0.15095170132559121,0.12745342319209474,0.12265106101756718,0.11594841290526792,0.7671694404630923,0.7017495602414536,0.6686175345587131,0.5229764229214233,0.11285731478976002,0.13748457002386516,0.11753481359925322,0.022974210801018732,0.1721484061907214,0.5618994778810852
2017-01-25,0.1574457290686141,0.13811972582240795,0.17849314050440623,0.15078286557389675,0.10618184313906873,0.12520744950211404,0.11668780050301508,0.7637060716266891,0.7082533948795632,0.6741475360440694,0.5275311341991915,0.11517983592883907,0.13663856147625053,0.11827546819245294,0.018749063822676285,0.1657029302907833,0.523656520442759
2017-01-26,0.15559229110431239,0.13521268684014642,0.1748642149269991,0.14689745901789208,0.12361746665731674,0.12718599767419925,0.11716685769657442,0.6848056665315969,0.7090389871716727,0.6787546469070908,0.5193280845960836,0.11643048666064615,0.13647250034776603,0.11882214443476513,0.016114631487766998,0.15840315542334366,0.5004296591677881
2017-01-27,0.14918979093649554,0.13093764437869715,0.16777150513454098,0.14199863345782582,0.21870771085451862,0.1287443494204923,0.11733227692207693,0.5954146060632146,0.7043893067894803,0.6813565654651343,0.5015050711821136,0.1168919343977487,0.13713852213471622,0.11939525845092258,0.018308106568685048,0.14644421265450264,0.4939626149428785
2017-01-30,0.1439668860951484,0.12632085599994736,0.16694692516093768,0.14132312865349006,0.1231146594413618,0.13018013304489995,0.11780988676139248,0.5835737943286015,0.6994774673196363,0.6822932248631798,0.48670353006672745,0.11725994481781432,0.13741350654266848,0.11972150167805351,0.014674076472593375,0.13916907399723313,0.5204479893963271
2017-01-31,0.14582012169488123,0.12939872542734465,0.1679365028808688,0.14554612581410464,0.15459009275823327,0.13077545673521807,0.11830626955300227,0.6438960042473902,0.6989898731375117,0.6829289015566412,0.4840282660694259,0.11801315770079135,0.13818821284779492,0.12049743619466446,0.01439280819537693,0.14798642479025592,0.5513853935359004
2017-02-01,0.14582022333284406,0.1278598279903681,0.16661699554971454,0.13862030044835727,0.2503547252688228,0.13033772661969056,0.11838346841423197,0.5257683188144068,0.691564619427857,0.6817067286398146,0.46751489802831386,0.11810327105522944,0.13858256155055892,0.12074431965152721,0.016193667124498504,0.1344768628703217,0.48117345991960236
2017-02-02,0.14716809000499687,0.1341868087449104,0.17074067704787443,0.14672870416497674,0.2543488348151475,0.1310731269656903,0.11868628392599778,0.6340139054837495,0.6928257526484255,0.6810229413750399,0.47230030173976273,0.1189723948968644,0.13903544040501692,0.1214144312883525,0.02482570913373848,0.14818212548647375,0.576084032208624
2017-02-03,0.15576074699504516,0.13897463518419872,0.17684355925496797,0.15247195117985213,0.24252018315909146,0.13180853569700324,0.11925035683111329,0.6978787266158856,0.6986697728788244,0.6818380642399824,0.48562326098011505,0.12075868170999571,0.13887501109516986,0.12223443720659666,0.027685564482920103,0.16130781577553766,0.5607673862584384
2017-02-06,0.1564347273261294,0.13606762267407035,0.1755239700373905,0.14757312561978575,0.25912923339057675,0.132071163703944,0.11964816882731533,0.6193690952271586,0.6981014159729858,0.6823576871382653,0.48299672992046105,0.1215372490769362,0.13912390347277415,0.1227546545620033,0.025186055978020996,0.1473683264015664,0.49415406877205736
2017-02-07,0.15373905671550947,0.1405137726620428,0.17717359168578095,0.15483702698281698,0.0994319919670206,0.13247388513719272,0.1203488048658583,0.6970015821179297,0.7038717679256896,0.6841183671729627,0.494027780625628,0.12319490392640198,0.13997121725276107,0.12402433910189159,0.02905176571386113,0.1534830776284789,0.5702707600015727
2017-02-08,0.1603099888425462,0.144275678558489,0.1822868659737389,0.15855335509079027,0.10233842655657627,0.13327931123306347,0.12112069111125356,0.732510351338729,0.7112302644781227,0.6872420653892198,0.5061428736633978,0.12470792343119019,0.1417903102656114,0.12571725604435458,0.02774351951729874,0.1597402363848021,0.5478317109188656
2017-02-09,0.1619949475611494,0.14786677741719634,0.18377150517724072,0.16226984499632158,0.10654141743890594,0.13487268843226197,0.12202915186417573,0.7662524962321356,0.7197493274227333,0.6917266886136152,0.5182393616736694,0.1267470986879352,0.14329636392881562,0.1275159789761553,0.029621910046292846,0.16620333046471347,0.547737390596087
2017-02-10,0.1672179172010516,0.14820863616789137,0.18723523553350951,0.16294534980065734,0.11419990242257588,0.1370438556320429,0.12315134902002967,0.7723810305813928,0.7262412559250768,0.6968275574831345,0.5237168185600148,0.12806568848445854,0.14567028775619872,0.12939406167822431,0.026468570560017488,0.1730416698467116,0.528879439283882
2017-02-13,0.16873430131733191,0.14957666590195717,0.1880600210257234,0.16294534980065734,0.18439745940615035,0.139285040196382,0.12413104576217948,0.7723810305813928,0.7304402818673564,0.7018869819810404,0.5233484431232206,0.1286348743985446,0.1487333532781232,0.13124568127077596,0.02431374225969614,0.18331950196548707,0.524711458009463
2017-02-14,0.1651960488297851,0.14889260586522557,0.1852558455590949,0.16311426645113092,0.13104618217138117,0.1411060115643028,0.1252710689764902,0.7741314020226407,0.7329527372303897,0.7065201369029054,0.5195595754156785,0.13045912069398624,0.14931235357090356,0.13246246070468926,0.025663841761413328,0.190983264044906,0.5257529256282619
2017-02-15,0.1695766245657334,0.15624554746610053,0.19086399451626068,0.17139150591944463,0.16375998340885387,0.14450280967105988,0.12658920206854407,0.8521435222583605,0.7416858050543297,0.7122622067905721,0.5294160895571757,0.13414039973512248,0.14859046649600183,0.1339525655919228,0.029495063939093666,0.20024991497948832,0.5757358510295909
2017-02-16,0.1747999269994781,0.15710072454450064,0.19366830953107728,0.1725741651690953,0.1443847474848449,0.1471817411215529,0.1279489046531137,0.8620829856617848,0.7485689361123665,0.7184602163862795,0.5334686781853099,0.1372296456699208,0.14890287648137035,0.13567192875345524,0.029701699608068524,0.20856723112098702,0.5319358618014149
2017-02-17,0.17429458907111461,0.16240191279006622,0.1956478190227392,0.17713531922577286,0.2071162887157826,0.149738146376726,0.1293679971016063,0.8989105350735213,0.7570787013000861,0.725402121547809,0.5400807425819879,0.14121664898924124,0.14820682828027532,0.13732959533079125,0.03479123451801881,0.21995822517525337,0.5525377712730749
2017-02-20,0.17429458907111461,0.16240191279006622,0.1956478190227392,0.17713531922577286,0.2071162887157826,0.149738146376726,0.1293679971016063,0.8989105350735213,0.7570787013000861,0.725402121547809,0.5400807425819879,0.14121664898924124,0.14820682828027532,0.13732959533079125,0.03479123451801881,0.21995822517525337,0.524711458009463
2017-02-21,0.1842349570786197,0.17214852972133254,0.20603914965372871,0.18541231599774977,0.22081592033862646,0.1536602508092435,0.13104832988229875,0.955076248831996,0.770235349773894,0.7340222613335967,0.5549976152159445,0.14670385431572774,0.14690798039484065,0.13943691097148703,0.040547770499917826,0.2320204645760539,0.5749567235384114
2017-02-22,0.18895289338202292,0.17112277371541118,0.21032800007161911,0.18558147534456004,0.0954721986401825,0.15684697166638772,0.1329839827760636,0.9561294771684147,0.7793126070228268,0.743034144458667,0.5584795988508993,0.15139017145534372,0.1458139859999238,0.14124445493979365,0.03506736970483408,0.2379411965098166,0.5257291783545791
2017-02-23,0.1906377697017808,0.17591084741886265,0.21263728146388172,0.18777755359827253,0.12070655603913241,0.1598761157193671,0.13515120666179226,0.9701815361199156,0.7869828223496963,0.7520314620762296,0.5583501343426583,0.15590934576943472,0.14512697086311754,0.1431754385252254,0.03358731319143031,0.24509834453440194,0.5379214067256096
2017-02-24,0.19114283170184576,0.17573942547714805,0.21313179560532536,0.1909867272609308,0.09044711049971874,0.16285267547376658,0.1373718490088659,0.9900205167032364,0.7944091580600833,0.760960282639872,0.5577413030062288,0.16037965199590332,0.14521341474010963,0.14547673251680915,0.03118172644768645,0.2507728605754258,0.5439698697283813
2017-02-27,0.1938388285316044,0.17385863125172485,0.21181239447781897,0.18676381099909511,0.16422996641486517,0.16532150451870686,0.13947375712449472,0.888314340521252,0.7946205472840604,0.7681526107198917,0.5423066094099913,0.16291290533152158,0.14728417540190852,0.14781330643180435,0.030494290201282345,0.24148318172926014,0.4994566167354579
2017-02-28,0.1896267646261397,0.17437178434760914,0.21131767830532078,0.187946389349967,0.23924969824106995,0.16791291007084574,0.14159941151770727,0.8978836313028143,0.7942238290646674,0.7738140041705979,0.5286990026151557,0.16494971530852587,0.15003570273649602,0.15024686529963116,0.029083007496984017,0.2544486269954965,0.5318159089752708
2017-03-01,0.19282788175589938,0.17881757303897194,0.21412157754881722,0.19233830316105505,0.22404015296081833,0.17094203735319902,0.14344599667673819,0.9319518412768905,0.7963517076214781,0.7788390952210646,0.5230432726451903,0.16758112312304918,0.15221659554954403,0.15268924098135161,0.030092445232727708,0.2666688451802069,0.5510627717472776
2017-03-02,0.19569209078529448,0.1786465650512905,0.21643079039879942,0.19216930561180268,0.12366371895314643,0.1730956960191843,0.14517976213640083,0.9276538422817885,0.7961748358750174,0.7828179419339802,0.5137438020576678,0.16847953716191433,0.15680157923467786,0.1554842976640486,0.02716331858280817,0.25936680407384954,0.5237022412551089
2017-03-03,0.1936705090699271,0.17454278744036722,0.2116476106161489,0.18862213685063967,0.12507665199026613,0.17475909896825348,0.14690166156608409,0.8381918226705639,0.79104011082111,0.7848041925992584,0.4960327496077344,0.16907065880948902,0.1604990703392556,0.15767097729762491,0.028824957400220327,0.2519955330237797,0.5035247058594713
2017-03-06,0.18979524373142087,0.1702677153678992,0.21016301123774872,0.18456789454294042,0.07439905585636125,0.1755294996112191,0.14827919020911096,0.7451076545631531,0.7816060954178528,0.7841942669081734,0.47295681523992983,0.16922632882447808,0.16362570019878786,0.15934626483491232,0.02727520448408867,0.24710732878272557,0.5004038077234015
2017-03-07,0.18659384510675248,0.1695835912204623,0.2091732013213068,0.18338531619206866,0.09170487454437759,0.17531939720566658,0.14962701823312619,0.7190610415054726,0.7715924341856284,0.7813722934611833,0.4532951814265706,0.1679182351845132,0.16857944410561054,0.16121552650047544,0.02222729520696036,0.24137118566403576,0.517590184961682
2017-03-08,0.18541450908947488,0.1671896722835985,0.20735883917670317,0.18135823548760854,0.13559233524857625,0.17488165031951253,0.15069578271000972,0.6743879293634183,0.760450249825402,0.77651764014654,0.43522784670881987,0.1669312505415188,0.17226605933535466,0.16259983384359522,0.017539947282241244,0.2334846742303487,0.512489159115349
2017-03-09,0.18541435019874997,0.16872851134661326,0.20818340623594855,0.18287840444309045,0.07945249217813996,0.17437384414223533,0.15182391430261588,0.6962694094444944,0.7518628905396773,0.7706323339998669,0.4260669601420734,0.1661264321203253,0.17554808968960978,0.16386950993825944,0.013445236102285554,0.2386204833492847,0.5338974326284313
2017-03-10,0.19114301704471703,0.172661612838101,0.21164745112817362,0.18710164430004195,0.07206555293127653,0.17397114786492607,0.15323705809673105,0.7532841169382264,0.7478988573124196,0.7650001329259092,0.4283166671127982,0.16583202616007298,0.17837725268772886,0.16516563647460514,0.012736365196784533,0.2433943521817155,0.5501894595494191
2017-03-13,0.1906377697017808,0.17334582375096874,0.21214246040373552,0.18777755359827253,0.1336527228428153,0.17407622422364188,0.15484614920114648,0.7620145875437604,0.744290167568384,0.7596532410985658,0.4308526186606436,0.1652290981064113,0.1815115035716346,0.1664617841240108,0.009758041531442871,0.2511858277898205,0.5287705716973021
2017-03-14,0.19097464179025558,0.17300370500224482,0.21164753250403257,0.18507464449436084,0.09236583477187918,0.17377856237848266,0.15638397872460919,0.6950756648762301,0.7378462483446155,0.753873747582988,0.4270074684108804,0.1637269215040693,0.18525860681252315,0.16761685008327964,0.007250179367861556,0.24541729938595158,0.5084911652382613
2017-03-15,0.1906377197545993,0.17915976971145853,0.21329703592779592,0.19200063165766612,0.1850509595859375,0.17374356208151664,0.15801681610660845,0.7860225543829672,0.7382448010143297,0.7493430493664439,0.43810729924043806,0.16206460228030972,0.18985469299958968,0.16912460971136078,0.013427935140806466,0.2557271512675001,0.5663957235135937
2017-03-16,0.19653461952212004,0.17779162313607,0.2170906985526031,0.19335188396267466,0.10484500258863655,0.17386613858871547,0.15994058590924398,0.8016811570824584,0.7387946680648025,0.7458466564814056,0.4473006507966965,0.16180248287048649,0.19235844341709918,0.17027085885673587,0.00936911678626072,0.2621071255522678,0.5327837588056497
2017-03-17,0.19839159907131498,0.1817454352052058,0.21773755396366867,0.1908047859070443,0.2203593654185012,0.1740923743367122,0.16148982365515518,0.7386091837811523,0.735816982832656,0.7423554888077781,0.447347094727703,0.16067320529840778,0.19533836251864867,0.17122242869762816,0.010549396440630632,0.2500672561227196,0.5095172084437456
2017-03-20,0.19602045748621555,0.17830750884723934,0.2179034747036529,0.1926728196120645,0.07249823569871552,0.17493246531702422,0.16290285086474388,0.7632870878099444,0.7342318285134419,0.7391930791855834,0.4502692379785484,0.16035704693549968,0.19723905683300869,0.17203342778443753,0.006462981182558281,0.2548623252547033,0.5358852737660679
2017-03-21,0.1973754967864605,0.1801984355469083,0.21757186009511353,0.19182378692685453,0.17061725926799026,0.17580712894333295,0.1644582249376848,0.7413370941195857,0.7312188646425702,0.7359608752054241,0.4496488756446534,0.1607876217874219,0.197468652886305,0.17236808245470847,0.005777803250151439,0.24525968612444776,0.519643031749194
2017-03-22,0.19754460728552548,0.17916677771724154,0.21475274867665928,0.18995559142427643,0.08048794680090773,0.17669826132461053,0.16569261337387398,0.6929261508261806,0.7261700037607163,0.7321982989553452,0.4449346983272417,0.16093839141066024,0.1977666628176834,0.17259639486391543,0.007991944105100846,0.24007314249554718,0.5135488576771398
2017-03-23,0.19347959456241848,0.17693203825648973,0.21342617230996885,0.18791775118221432,0.08615758306390128,0.17722059924952627,0.1667247475612308,0.6417550537162747,0.7194252087444374,0.7276161283075694,0.4376497900878164,0.16094307212986303,0.19777636450932323,0.17260371265054286,0.008752331031826863,0.23460880183802207,0.5125108316444719
2017-03-24,0.19229415768182878,0.17366608226116298,0.21011003132665063,0.18604996017353115,0.09911717795347019,0.17711159017895695,0.16756059890233344,0.5964026305563328,0.711587326839645,0.7221235001298667,0.4295572511685045,0.1606636848411086,0.19754801443712522,0.17234603197475018,0.00971748680734226,0.22850947565664637,0.5135044390666874
2017-03-27,0.18704350945909698,0.17074376648493528,0.20828600301300815,0.18520084658954217,0.060268233475621304,0.17684450957074904,0.1683428611705885,0.5758356927174546,0.7039334837898364,0.7159454026002157,0.42346450414154163,0.16068374980894917,0.19736842394518916,0.1722644511105602,0.009059021713842388,0.22431364395719816,0.5196064078279639
2017-03-28,0.1861964509321672,0.17366581271835524,0.20894907550166975,0.18689875016240431,0.10608337050923777,0.17703358161099503,0.16918480334232022,0.6110250905097319,0.6988891695698,0.7098271712686073,0.42399662071116423,0.1606509007511041,0.19729382310363153,0.17220976828492573,0.011816127767194318,0.23075429496137595,0.5349289529205273
2017-03-29,0.1904310549715249,0.17418177161473603,0.21243143901993344,0.1885971391279403,0.05756322017435623,0.1766808031026934,0.17008050519840168,0.6452259133299064,0.6959472962611044,0.7042468800551299,0.42877806432510596,0.16018561379503515,0.1973714818367971,0.17201449359214838,0.00971206131714164,0.23481758823637777,0.534913209009209
2017-03-30,0.19212478497665675,0.17383805553265463,0.21292888680226374,0.1867292672204781,0.055189432991613406,0.17599435621469217,0.17061961479721754,0.5943657623168498,0.6913563904447717,0.698712576413827,0.4291868216865353,0.1596250140788491,0.19736973661732016,0.17173054404699084,0.006462784128883972,0.23087060419099215,0.5135121284668436
2017-03-31,0.18992294732438897,0.1722909908215552,0.21110500866508253,0.18401228172902695,0.045688316222470556,0.1752903001691376,0.17102165511514966,0.525333916860303,0.6847330197083917,0.692741326015174,0.42530305058981455,0.15955856375338962,0.196964262225358,0.1714899269463631,0.00396375938129595,0.22738914948199623,0.5083883048755278
2017-04-03,0.18975350799462543,0.1707437980684562,0.2081202464326003,0.1824838610980909,0.1337810356635041,0.17423419513752292,0.17120965192944604,0.4887296524325583,0.6777024889117552,0.6863256153622451,0.42135249629421223,0.15969040672854384,0.1966208941349603,0.17138114823816453,0.003975355575919978,0.2195913868885066,0.515502067844695
2017-04-04,0.18755160816517313,0.169712347014637,0.2086176400019476,0.18520084658954217,0.05347213000774353,0.17354771470826935,0.17120221895499932,0.5545777001349353,0.6743969565045453,0.6804225772591869,0.42590935087152043,0.15961858066714718,0.19687747754924723,0.1714759120970749,0.0016540034872425113,0.22345422767601147,0.5411095028528764
2017-04-05,0.18975358731166847,0.17383807186237088,0.20944680857453768,0.183502781219122,0.08307509134828425,0.17287886859250867,0.17112915457917355,0.5120499625916141,0.6699252665815478,0.6746578635268333,0.4271388374940393,0.15939653987681457,0.19731621236012742,0.1715878493190629,0.004421882297646645,0.21814092087668063,0.5144929894472726
2017-04-06,0.188737325167605,0.17160336219742334,0.20994423249062133,0.183502781219122,0.050144948727092055,0.17242124851425888,0.1709788998726931,0.5120499625916141,0.6661763406446406,0.6691722746384424,0.4296198194057336,0.15934262389001985,0.19743333891116288,0.1716204394386187,0.002846075380285612,0.22184073867107162,0.524711458009463
2017-04-07,0.18873727268483087,0.17297846923798854,0.21110494235565047,0.18604996017353115,0.08847318187447126,0.17242124851425888,0.17080537660083495,0.5769988271144619,0.6654146722199561,0.6646062701444446,0.4377934818299602,0.15931962666010013,0.19734858378840014,0.17156554548238334,0.0024191663274715086,0.22741853748344548,0.5400677458300347
2017-04-10,0.19076984626215143,0.17469755214808702,0.21176820139988373,0.18876702656376143,0.05312299977470656,0.1727908898872461,0.17087578796780134,0.6393314612718503,0.6671607493042603,0.6613604506937991,0.44952785547491286,0.15939498609181557,0.19737520793677032,0.17161719224997685,0.0028002706364464863,0.23126427182234555,0.5410470349336097
2017-04-11,0.19331038262623312,0.17435372319325704,0.2129288778322994,0.18910663963784535,0.06900544135880293,0.17301974185293667,0.17091656980388203,0.6468942081451151,0.6686318898612852,0.6591066957340064,0.4583457522342905,0.15953369118425276,0.19765017809752405,0.17182764723295907,0.0008220330860295305,0.23588820336380034,0.5267473284127888
2017-04-12,0.1928023906636368,0.1776198957246854,0.21491880443857647,0.1926728196120645,0.08470585777866635,0.17344219392795823,0.17092832777990996,0.721537663370431,0.6728834611621327,0.6582946686963634,0.4711604513691215,0.15966695191106317,0.1975871233209714,0.17186273291621768,0.0007988603591120302,0.24128141336110132,0.5460817616090683
2017-04-13,0.19635890567458092,0.17727577842973963,0.21508429312904642,0.18842717079334037,0.07488395895780148,0.1736181848797359,0.17079679484227328,0.5945937340873476,0.6719711824980374,0.6574324087153777,0.47071395931905846,0.15888462658032199,0.19785727765093952,0.1716056814096153,0.0,0.23636945016365168,0.4993664290847161
2017-04-14,0.19635890567458092,0.17727577842973963,0.21508429312904642,0.18842717079334037,0.07488395895780148,0.1736181848797359,0.17079679484227328,0.5945937340873476,0.6719711824980374,0.6574324087153777,0.47071395931905846,0.15888462658032199,0.19785727765093952,0.1716056814096153,0.0,0.23636945016365168,0.524711458009463
2017-04-17,0.19432634106297764,0.1795103799784038,0.21674231143083056,0.19504978753553703,0.1325754919528465,0.1747622434606737,0.17102272143703845,0.7186891450172094,0.6771711017204127,0.6579546232097144,0.48301976514312633,0.15983532533747458,0.19735117291131254,0.17182725453004144,0.0021084180949790116,0.244108144336318,0.5644263891802556
2017-04-18,0.19822221914473193,0.18655855949941957,0.21906406768731157,0.19929543635426095,0.14003106363868303,0.17650479538028951,0.17154038232650004,0.7812229972612822,0.6848811787461793,0.6601694970814664,0.498064851199992,0.16166652809903959,0.19621750069867838,0.17217293021767965,0.008989719558827228,0.2522121416016256,0.5499922524180193
2017-04-19,0.2048277346504066,0.18569904884087873,0.22121958744123693,0.1957293372788207,0.08287367005999369,0.17759609357107187,0.17197426443779662,0.6874249276587975,0.6871763158666955,0.6624763579088062,0.49888247090623206,0.1624071518558423,0.19588440890563674,0.17237678525807776,0.010715358203838288,0.24690870390725905,0.5035727469569333
2017-04-20,0.1968672494132836,0.17985447774684904,0.21757171495708738,0.1938613844725796,0.11992921906728515,0.17866978260430066,0.1724137397628407,0.6416567208082998,0.6867883595578895,0.6642314198261301,0.4939778443770897,0.16293377969111467,0.19576292714166288,0.17258065296631186,0.009726425060247054,0.23978964331738778,0.5135967517370117
2017-04-21,0.19771397168764493,0.17847911914368375,0.21757158756894202,0.19114423718357054,0.10049579477110335,0.179461834125744,0.17270427693349655,0.5782851432176845,0.6835098042436766,0.6648712877314011,0.4840655193663372,0.16317425250006357,0.1958549444279325,0.17274906340143004,0.006216842811438972,0.23362276859536757,0.5085116271749214
2017-04-24,0.19822203682359196,0.18569888949943292,0.22072201104045186,0.19963488763078707,0.12132424798989014,0.18086993783154004,0.1731448100498546,0.7144781774678416,0.6884684666200793,0.666538971214944,0.4932011871988705,0.16501252200499494,0.19542590716522024,0.1734581455245705,0.013063810576722887,0.24081018187517672,0.5754806074761771
2017-04-25,0.2044889686499527,0.18930890664569522,0.22652564137913167,0.20337095504082725,0.08344510971492172,0.18238366294140473,0.17369290518778735,0.7622307445019326,0.695384990563061,0.6694852550634909,0.5045659383002985,0.16751316420463858,0.19481061312907466,0.17440655685167328,0.011907364924565011,0.24614161858584938,0.5468497112786924
2017-04-26,0.20804586562188088,0.18827756489321168,0.22204871159289252,0.1957293372788207,0.09296263858903642,0.18307011821471886,0.17406740880926097,0.6043907708247293,0.6931334396807004,0.6713174797049033,0.4946636999247467,0.16810821349099425,0.19512484694104038,0.1748674802891217,0.016015800678291323,0.24034384838949363,0.4796094625194975
2017-04-27,0.20144006126329328,0.18208897806315372,0.21989290994102173,0.19454044882318977,0.06208699310840792,0.18326370155342364,0.1741566812777977,0.5826255469842978,0.6897494091995922,0.6719944931242224,0.48439568470434835,0.16849598227244034,0.19534891579818636,0.17517769870364364,0.013870935378497887,0.23605890232744198,0.517637325338179
2017-04-28,0.1961895583760327,0.17899480800475576,0.21624498826465566,0.19420083574910574,0.0795942330847148,0.18386215296553599,0.17418652122953615,0.5761505739316306,0.6863096297948637,0.6717343433354329,0.47606577420761514,0.16879578895898972,0.19581616012381586,0.1755676864818,0.0129157943921855,0.23091614828279033,0.5226881268605598
2017-05-01,0.19991585750566654,0.18002629851109786,0.21674254314640617,0.1906348984712234,0.09927533096501684,0.1834045412725992,0.1741805498269584,0.5093567857598195,0.67985299683662,0.6700212800715919,0.46315165305779066,0.1686460003207152,0.19664116312306912,0.1759133621694382,0.012806219219747422,0.22480907302640563,0.5034587810243353
2017-05-02,0.19297163086130098,0.1748694025011055,0.21060748416324016,0.18435181390433208,0.08910280990157213,0.18185560623294073,0.17388807337222723,0.40828791272178844,0.6685693482692161,0.666020781737586,0.44281994430450733,0.16845693445449683,0.19701902374367808,0.17601086228093632,0.014777404937535418,0.2192004241229582,0.48712176870714746
2017-05-03,0.1895841322109182,0.17108757297503474,0.20944670084765193,0.18520084658954217,0.1383644889792715,0.18076430804215848,0.17365528250802276,0.4249018996007291,0.6602916001219687,0.6608909652463832,0.43278207780442335,0.16845693445449683,0.19701902374367808,0.17601086228093632,0.01246191702817978,0.2272227636827464,0.5298253708789441
2017-05-04,0.19195539921109916,0.1817453667924116,0.2137579708350481,0.19233304474042268,0.14752393556309185,0.18060589270668181,0.17373884802181017,0.5507871424897668,0.6603297423114501,0.6567960024205743,0.44198030318860454,0.16822486068327902,0.1981510298635768,0.17647176882793658,0.021972403580838226,0.23569389165272564,0.5676309732729148
2017-05-05,0.19923855822377812,0.18037025145308172,0.21889829266480898,0.19488038549238984,0.10204450067662632,0.18099315162253604,0.17398357884764526,0.5899228657004094,0.6626019290235929,0.6540496444969874,0.4539672847877167,0.16804393121088235,0.19949283310755894,0.17706563698216315,0.018365549101490145,0.24193664882624905,0.5399237106900674
2017-05-08,0.19991570075899712,0.18002613942656742,0.2195612730009574,0.19454044882318977,0.05405998176764338,0.18046510329938514,0.17428201248732889,0.5835230128578214,0.6639027296729165,0.6521557551041507,0.46154439248997003,0.16798484935613234,0.20041906749303307,0.17750880855868745,0.013461545978011344,0.23804500487314467,0.5226869331520306
2017-05-09,0.19856082434432254,0.18037002192471574,0.21657667666911595,0.19114423718357054,0.08290798627948023,0.1791977806155729,0.1744909177412225,0.5203517144908485,0.6615740462147042,0.6500978627162908,0.46008666318741315,0.1679301719349161,0.20071610513233729,0.17763289001283944,0.014090328012574913,0.23273988577571014,0.504477664545407
2017-05-10,0.19602048044206466,0.17744804856334895,0.21740600993557957,0.19182378692685453,0.05270076107406783,0.178792962854044,0.1746640287019503,0.5326103762843933,0.6602337709776919,0.6481391509309582,0.46096822312800434,0.16788783201574276,0.20103568939080485,0.1777747148826916,0.008973538415093199,0.23656493154642588,0.5287747700844717
2017-05-11,0.1950042590121397,0.17761989485808383,0.21607950168123002,0.19318223922319055,0.050113616526691294,0.17865218183206044,0.17482519117047268,0.5577125387493779,0.6603170455937039,0.6465915915554701,0.4646227229471247,0.16790802142443262,0.2010677955126592,0.17780130467056954,0.006554255027551387,0.2402632141467113,0.5328283066120841
2017-05-12,0.196697915548525,0.1774479743539793,0.21690851461475813,0.19046517283296038,0.056378564597299154,0.1782649732280851,0.17495650515668137,0.5034246798956673,0.6577094312272102,0.6447457486078964,0.4619714500027534,0.16781699538481898,0.20136610157848012,0.17790768071252971,0.003012252377893293,0.2362579658297958,0.5085003557017286
2017-05-15,0.19432672883559177,0.17899509864196872,0.21690854113882074,0.1935218522972746,0.08360624674555417,0.17856421151211088,0.17529075868125632,0.5621450433466696,0.6584141555286881,0.6434333348197518,0.4667127982716005,0.1677097973259275,0.20131592082800087,0.17782792823934368,0.0017962142642266171,0.24159729782443984,0.543001921131424
2017-05-16,0.2007629499640623,0.18226118594033036,0.21889832262314435,0.1926728196120645,0.04620753554339733,0.17942669966376834,0.17564889212909174,0.5442503249623646,0.6580592751695826,0.6423006865480174,0.46831063165765097,0.16693092225384898,0.20140911999247002,0.17748225255170558,0.002480896462112109,0.23809040275598042,0.5196476275160491
2017-05-17,0.19551220506081735,0.17899496549759208,0.21574771545193028,0.19131412461939146,0.18383944783710834,0.18006035262036135,0.1758637687855633,0.5151883377617694,0.6564023996181431,0.6410083753134799,0.4668914784319527,0.16664842357870124,0.20123715465712744,0.1772517950555933,0.0031166713359039727,0.22783991171318013,0.5166005271813323
2017-05-18,0.1960202597037315,0.17865111412896717,0.21591345929384675,0.19199335076755952,0.09260157227965629,0.18002514269056746,0.17616220526877213,0.5300237149794959,0.6556471036143936,0.6397984782574493,0.4676240111697781,0.16654964656640958,0.20114388604981515,0.17715429072148314,0.002929693020253213,0.23361999062508132,0.5287720965553979
2017-05-19,0.19669748716040214,0.18329211665541267,0.21790300695540188,0.197087465980041,0.06829673682592874,0.1802539108031267,0.176639695680036,0.6317204382600464,0.6597289030791696,0.6397819662970251,0.47823133223031894,0.16702683085347036,0.2012795384127395,0.17746450491339338,0.0066428669700089454,0.238209197537958,0.5551436359279189
2017-05-22,0.20160956165010435,0.1882774559202297,0.22387251588771784,0.20235195402101724,0.08059387947845315,0.18106358825275004,0.1772126972537681,0.7169064836292888,0.6677130082843833,0.6416297308266642,0.49480182514875953,0.16768103078645502,0.20091042118422653,0.1776063255606335,0.008277423098494163,0.24340093158502502,0.5559909902108364
2017-05-23,0.2080458536052946,0.1924030996393563,0.22951031117788423,0.20337095504082725,0.08681108324368841,0.18233091093656228,0.17772601323697323,0.7319416759397889,0.6746995346213894,0.6447363960107722,0.5059914767326779,0.16768103078645502,0.20091042118422653,0.1776063255606335,0.007981046273077011,0.24889729200532318,0.530732241719332
2017-05-24,0.20838459087862304,0.19240314840404038,0.22951035797279495,0.2071068606533094,0.05127439995106208,0.1839150307500752,0.17835870608828164,0.7842719443075511,0.6833616007074585,0.6492407246776215,0.5184145121389468,0.17017795733981744,0.19960452661420736,0.17820018949224792,0.006928353602274603,0.2526524498919954,0.5467613436924222
2017-05-25,0.2127881211876056,0.20031028945268203,0.2346504337514166,0.2130501703485589,0.06470099382755651,0.18597437979939158,0.1790749530792778,0.8541369235220574,0.6952987220223729,0.6556265499423207,0.5351380647969987,0.17414483129502434,0.19757423022234633,0.1791663273446027,0.011392113484634064,0.2570654750051392,0.5596518241783736
2017-05-26,0.2180390598087535,0.20151393461264921,0.23995684008671803,0.21661659301911496,0.037412139288042885,0.18868502450410718,0.1800657879089972,0.8897827363936041,0.7074464668764427,0.6635666656448609,0.5489532680840236,0.1784130379467299,0.1956452340253153,0.1803363455730277,0.00828234867305698,0.2601414191568246,0.545547882347052
2017-05-29,0.2180390598087535,0.20151393461264921,0.23995684008671803,0.21661659301911496,0.037412139288042885,0.18868502450410718,0.1800657879089972,0.8897827363936041,0.7074464668764427,0.6635666656448609,0.5489532680840236,0.1784130379467299,0.1956452340253153,0.1803363455730277,0.00828234867305698,0.2601414191568246,0.524711458009463
2017-05-30,0.21888561262977824,0.20185743579874538,0.2394591227772387,0.2162766563499151,0.03805817942011557,0.1910436034521361,0.1808118947564067,0.8801755551080056,0.7159734793138566,0.6719062757647534,0.5525041466414575,0.18183253338069938,0.19488511969504319,0.18167474890089852,0.005912434290406443,0.25703382076477227,0.5227327985971427
2017-05-31,0.2214262203854711,0.20649877551369644,0.24343868861196805,0.21899372274014517,0.12055437106575734,0.1937718153878395,0.18150427319824214,0.9075399962479075,0.7244208441722362,0.6805469167731806,0.5551798389184794,0.18498046141364666,0.19531342451227118,0.18348292626100782,0.0057849151209796446,0.2641835121322735,0.540532212118765
2017-06-01,0.22447487146283152,0.21165566976676142,0.24343861996984129,0.22680506614041474,0.32143555190178996,0.197450519336402,0.1825965593142318,0.9728856776502385,0.7374659985394488,0.6905000576475059,0.5668459033940236,0.18960704093397485,0.19499135717513638,0.18565451005661948,0.012144526508210254,0.2811758446418655,0.5700663443399817
2017-06-02,0.23362120298717826,0.21492196892191506,0.25090045708113184,0.22969210086524483,0.23197465970992348,0.20135806686534208,0.18385597930132158,0.993013756248094,0.7493669863333214,0.7012365105012481,0.5738083178626079,0.19450371629865038,0.19396833588698403,0.18760451228658093,0.011312702128278132,0.29378483245768783,0.5413393630243737
2017-06-05,0.23277428415496482,0.21612519173566047,0.251729453532483,0.23071094008749693,0.23364123436933504,0.20484320424582614,0.18524671611814514,0.9999999999999999,0.758491614592685,0.7119524855463368,0.5736263022736722,0.19889952081050966,0.19328431397369528,0.18947473248507196,0.011058553043697017,0.3064754779790295,0.5305620527703944
2017-06-06,0.2341292285050458,0.21560950757224462,0.25255857072560695,0.2283334867713508,0.19614554254689012,0.20753623979298808,0.1862554480944475,0.9290835804153531,0.7621659754945086,0.7213817035036482,0.5621890507048106,0.20211602428344577,0.19355805224577294,0.19123860197727527,0.008749529017195182,0.2956220211751516,0.5110734286616087
2017-06-07,0.2305721886608847,0.21423405797594297,0.2520608686579697,0.22799363100092973,0.124994591465407,0.21008842723566135,0.18712091474881043,0.9188734100439963,0.7634307881915474,0.7292198865684667,0.5480472468685393,0.20462414916793026,0.19484458113128045,0.19316200175152254,0.005309823131856614,0.28825477087154866,0.5227571359068957
2017-06-08,0.231757880404592,0.21251517803825237,0.24426770516120355,0.22069178811056533,0.13268888467810638,0.21149653094145737,0.18799832420832885,0.7236950685920037,0.7562930509417838,0.7338267344844716,0.519325747409675,0.2055809843754045,0.1968491410865124,0.19466880284667565,0.012221399404741942,0.28051052075830984,0.482707909054506
2017-06-09,0.22430559636312364,0.20701451727406905,0.24327290102227073,0.21950314235127122,0.17471580948231744,0.21216539382784427,0.1888757421984223,0.6959888293598329,0.7483612707208651,0.7356634348812898,0.4947034823677758,0.20619762190073965,0.19892972587409052,0.19604265500243867,0.011384083294363467,0.2707070636181513,0.5178220049886726
2017-06-12,0.2241361657553319,0.20856152638889458,0.24343866709297157,0.2193333358142292,0.14535604569726826,0.21244698941306406,0.1897591287475684,0.69186530652305,0.740849044156858,0.7353818088709799,0.4758748842948192,0.20623348181720946,0.20184490272240962,0.19754946454281552,0.012679515601223712,0.26234215645938036,0.5237260347719516
2017-06-13,0.22362800037315722,0.20649868524173065,0.2419462672842092,0.22086159464760757,0.1166826063019499,0.21292222703418084,0.19082157206829464,0.7158684312929653,0.7353365978725457,0.7338716402550154,0.4649550681326178,0.20638906414113,0.2044854850373118,0.19897649627433456,0.013105076123515455,0.2693021416981235,0.5335818323492462
2017-06-14,0.22904799054685487,0.21389041698823041,0.2497396321715074,0.22697495357623554,0.2139556604604043,0.2137494968707312,0.19231974010454156,0.800372780292243,0.7357347970179922,0.7327563195570053,0.4684646466008325,0.20681339631800555,0.2075719753637405,0.20076693866396778,0.016609784944637787,0.28102824669428844,0.5601385627628249
2017-06-15,0.22650738210623655,0.21113997938429307,0.24509679186820166,0.22476730679713164,0.12922294650996588,0.2135382792185334,0.19371046839078998,0.7429446041743967,0.7329900950582721,0.7312243145080118,0.4647609765046876,0.20608896868296023,0.21170751265006227,0.20251306896308308,0.019864149192642275,0.27345381829091664,0.5119987219443903
2017-06-16,0.22061646861921858,0.20138211470052936,0.232620379003452,0.21460269881562577,0.3665554124884182,0.21197423384463132,0.1944932282759264,0.5310312119893105,0.7203849775093166,0.7270606483243878,0.44136963813424407,0.203971957525387,0.21611159078597642,0.20369319190206736,0.03901463467012721,0.2542507331648421,0.46604500620901224
2017-06-19,0.2211285906248498,0.2039805540445777,0.2369648150150132,0.21922307077850356,0.09225095003707642,0.21078349422555043,0.19534885349013642,0.6022356262971295,0.714002647524715,0.7222420908433907,0.43554868203502234,0.2023367049418957,0.21999091584531216,0.20484858722507326,0.041547916996336934,0.26001363252365733,0.5516616906661564
2017-06-20,0.22437141330825627,0.20536625972414457,0.2416434139319108,0.2154582843019317,0.08253199987467119,0.20944895487176263,0.19608409807190452,0.5368633893611112,0.7047393446854335,0.7162281091505146,0.4249232364302218,0.20110064475609957,0.22255265773953992,0.20553268837551497,0.03867768986828789,0.2547269357554895,0.5028572457681252
2017-06-21,0.219763016787204,0.20224815504443727,0.23813435602300725,0.2127202651279505,0.16140111632153997,0.20786584129582397,0.19684247757337392,0.4922508250601898,0.6942831128661108,0.7089797343957647,0.4139514188916874,0.19983651249183765,0.2247581481175227,0.20602068720122346,0.036795912270757694,0.24557586300571121,0.5087550864223523
2017-06-22,0.21566676330412327,0.19653184681921132,0.23262038390779283,0.20638880309123941,0.08247082748341258,0.20638330955076845,0.19735442582103624,0.4003625592719102,0.6796562602897405,0.6997717366080405,0.3965334448069468,0.19995933733022742,0.2245633138131362,0.20598320729695063,0.03635402495164021,0.24029216352127325,0.4877078302462853
2017-06-23,0.21054643106144977,0.19427993517375397,0.23211908877059473,0.2067310858250292,0.12601960202137452,0.20505946147120946,0.19783065655070908,0.4066751716814535,0.6681597005927369,0.689725664292653,0.38908427720772554,0.20065395212030468,0.2232306464324868,0.20565337484960422,0.03202704388911447,0.24770963660347223,0.5267252401732805
2017-06-26,0.21396014897848326,0.19826422211320593,0.23529402119037812,0.21049587230160105,0.07296523468564103,0.20414344148058938,0.19853471903692133,0.4751328674920754,0.6624422100635878,0.6803561459221381,0.39509778025419307,0.20091502705640585,0.22234690989669037,0.20533389624692655,0.03218716957282343,0.25252758743807685,0.5468531738116259
2017-06-27,0.21293581331069011,0.19601203943908396,0.22877716237299828,0.2022817338808779,0.13257101592421786,0.20221760338678096,0.19884262161497812,0.3625546813578304,0.650133076280258,0.6699914584178718,0.3862522880906784,0.20212137728495871,0.21972371971498283,0.20460341392607828,0.03599136079164687,0.2447891125788541,0.476592693251084
2017-06-28,0.2122533371587586,0.194453207862735,0.23195209744454204,0.20570439942121777,0.13479112612404268,0.20001286977857757,0.19930067084556402,0.42247114331569324,0.643664951545212,0.6601920864223845,0.39127705597507684,0.2024927739733643,0.21799819691262667,0.2039097612272519,0.036912936409076516,0.2526363669061277,0.5449358342374909
2017-06-29,0.2088397591906751,0.19168163186919063,0.21908592452406261,0.19560815090793515,0.2589904765030877,0.19699046751734706,0.19945160231100312,0.30706700690834476,0.6292243990869064,0.6489867145802676,0.3787799233737233,0.20315690813030496,0.214152888328915,0.20228139957732172,0.04899665172337185,0.23870367624890965,0.46526845020105545
2017-06-30,0.20354864797642103,0.18544555941796026,0.22393161178831322,0.19731932188054713,0.14207660872198938,0.19519901245161142,0.1996388057818146,0.3366762399107742,0.6197266355686609,0.637808632162378,0.3790224835375824,0.20235550849991546,0.21163641829626822,0.20059166226170821,0.04559442072180926,0.24690789975796568,0.5348945947243552
2017-07-03,0.20235391617136944,0.18648488330232837,0.22292904578182482,0.19646373639424108,0.060911289588608204,0.19283996392604752,0.19961688220377916,0.3272292253108132,0.6118131182279549,0.6270216450930819,0.3824987075520161,0.20087697265055826,0.20959787032472033,0.19880408702563546,0.04321859259546883,0.24268056002711297,0.5196291568335161
2017-07-04,0.20235391617136944,0.18648488330232837,0.22292904578182482,0.19646373639424108,0.060911289588608204,0.19283996392604752,0.19961688220377916,0.3272292253108132,0.6118131182279549,0.6270216450930819,0.3824987075520161,0.20087697265055826,0.20959787032472033,0.19880408702563546,0.04321859259546883,0.24268056002711297,0.524711458009463
2017-07-05,0.2006472549756746,0.18284728416212925,0.22159243456006028,0.19577933272421943,0.21092389706924564,0.19080020296818112,0.19938586001214786,0.31933060020853254,0.6053908320889005,0.6168951177286102,0.3883691580565636,0.19942290187507405,0.20770818053400963,0.19710488261387737,0.037617852490870254,0.2311030033367809,0.520642298363135
2017-07-06,0.1968921304820297,0.1799023288623648,0.21724781485959288,0.1904743952937621,0.0924091030486231,0.18849437602499441,0.19893255662484877,0.2609363022113017,0.5958959478870629,0.6065807820179181,0.38669983653282186,0.19813507531125774,0.20514663523149212,0.19514651961212004,0.035289771325914945,0.22533235490295672,0.4931476623617815
2017-07-07,0.19569725013020633,0.17765025412964985,0.2144071315539734,0.18996084984490902,0.12147046492509367,0.18679158726019718,0.1983298885544056,0.2555277791291789,0.5885756193784086,0.5966230556542639,0.3898695341024893,0.1976953588849898,0.20244036996999815,0.19354248020741405,0.03364998777767579,0.21813777738398826,0.5216385511552922
2017-07-10,0.19518538241695949,0.1752252688549244,0.2093944912025969,0.18345836778947167,0.11069367999677726,0.1843793255375692,0.19728976121816966,0.1917189347650422,0.5774506358212086,0.5860638092531708,0.3845229647637629,0.19778414964742452,0.1986684207434808,0.19166107853229886,0.03630528174674373,0.21147123353285008,0.48578107223387507
2017-07-11,0.18869967323175396,0.16898928353945064,0.20605272624609317,0.18089161133055354,0.14258090794748723,0.18131078728354877,0.1960340577183033,0.1692025444205001,0.5671463115064173,0.5752146300723013,0.38194591726049976,0.19757511709357167,0.19494594607116755,0.1896545650856991,0.03459296427594637,0.20324230070914268,0.5092364004839948
2017-07-12,0.19108900349089286,0.17366619118252058,0.21240212548669002,0.18602512424838968,0.09549905481195456,0.17962575861194086,0.19497074143539073,0.2790700060167257,0.5647920196752183,0.5659865369298097,0.3963548286329822,0.1959102426343159,0.19303140826043885,0.1878362323436864,0.03691956906313214,0.20916434852356725,0.5557475744247347
2017-07-13,0.19160120373557643,0.1726270052611436,0.21240230494867196,0.18619646786223198,0.12395764483309635,0.17760372420601167,0.19381794510661354,0.28261796753889,0.564060104767939,0.5584334641271713,0.41124313132184065,0.1923051033719555,0.19242794079531467,0.1857077487489437,0.030724246917611622,0.2164807912127244,0.5257416395444195
2017-07-14,0.19484399896294147,0.17938260942848905,0.21708074953928636,0.19355461630275428,0.06924416288566582,0.17739087141775545,0.1926492193505791,0.4232034507129653,0.571317846522246,0.554082675654863,0.4397064145855629,0.18826000122683395,0.193237205807135,0.1840785636896698,0.03384937102185,0.2211164194711739,0.5689432238647177
2017-07-17,0.1996229835567097,0.18007551390218435,0.21875164658547408,0.1945813027065657,0.092535923859769,0.17710707049518482,0.19141510389279381,0.4409924576827009,0.578840980786794,0.5523555736247081,0.4630268704522985,0.18616497870314586,0.19326222828169837,0.1830335221091448,0.029179037832746238,0.2268932817859015,0.530834642779909
2017-07-18,0.19825758432706508,0.18059516715115698,0.2185845813620938,0.1945813027065657,0.05387198856523886,0.17691195264417892,0.19014517708069212,0.4409924576827008,0.5855277066867924,0.5525324666160656,0.4799503987963405,0.18262576225076432,0.19424292453055347,0.18174731448842962,0.025886712308314505,0.23077571457437251,0.524711458009463
2017-07-19,0.19859915484409618,0.18250092516462135,0.21992155791330315,0.1980040491456847,0.05806751939985407,0.17714254875499835,0.18907912248316894,0.5033772249219595,0.5946786970621654,0.554806938381544,0.49859458296521697,0.17976623041873752,0.19528623510177756,0.18083626905507522,0.02361298891697715,0.23486371716402565,0.5451024505714368
2017-07-20,0.20167108495177788,0.18561867158464407,0.22242768959004555,0.19817490736685317,0.12110044655845617,0.17794072155502016,0.18803101905920427,0.5064709124804172,0.6026198500251089,0.5584774783742386,0.511003439052845,0.17729582506231312,0.1962421209280497,0.1800770560820557,0.022285006118283532,0.2420401647716523,0.5257256418362453
2017-07-21,0.1992815474229287,0.18457925809687192,0.22092380842068204,0.19971497742195976,0.0900964882571389,0.17895175552861098,0.1872937015476841,0.5352768685255254,0.6108010418230074,0.5633208223685692,0.5214278264800407,0.17627020212973066,0.19657405420242013,0.1797287074810101,0.021835213046876786,0.24769750125959017,0.5338513784355716
2017-07-24,0.20371940276241185,0.18440622656812178,0.22276200215398145,0.19663491821052548,0.11342704147935731,0.1803175301737735,0.18648990242079888,0.4771654581060447,0.6147633129078492,0.5681190429919227,0.52102675051131,0.1747988706182969,0.19699687538915478,0.17920172550115043,0.01828411278899529,0.24089702999886248,0.5064619647740443
2017-07-25,0.20423110998075555,0.1883900740543678,0.22576938376662048,0.20313723846840492,0.1805301706709716,0.18262333196102098,0.18592062302134027,0.5932592346222835,0.6243219461430021,0.5741855922446567,0.5323002019995563,0.17303903919247554,0.19798475151347195,0.17881763248937133,0.019947470506368678,0.25098537530232357,0.5633643162865644
2017-07-26,0.20764494051871774,0.18994933914463297,0.22677213220631576,0.20296638024723646,0.08793755044857265,0.1843793255375692,0.18529162106552977,0.5898358330349226,0.6319256065779656,0.5808111298262378,0.5372687311818017,0.17316461946992823,0.19793056404676856,0.17885336845488076,0.018620232655609373,0.24543382099870664,0.5237027775359607
2017-07-27,0.20798606636235584,0.19705130727474174,0.22977958113668984,0.21220680057787622,0.16649185288189103,0.18707534625620215,0.1847725327264993,0.7225529877049006,0.6466981255949014,0.589554810518318,0.5560957000353205,0.17492075797297812,0.19685882317229075,0.17919276934106,0.023654299738429405,0.2548343262383972,0.579273159881343
2017-07-28,0.21361869606830086,0.19791767610259325,0.21791622043366043,0.20416424846733217,0.24934612681782709,0.18817505491604447,0.18404835230064998,0.5746439940663859,0.6507820456833229,0.5975016550416623,0.5490130767433496,0.17595731350556976,0.19670846862973512,0.17963936545593095,0.047913314947287886,0.24137418294776564,0.47768225593582175
2017-07-31,0.2061087282449452,0.19064215488800962,0.22827587885145018,0.2038218848347635,0.08324219641708827,0.1891328589219451,0.1836694156236437,0.5689315700282347,0.6536347290613647,0.6045240479854254,0.5407961526794882,0.1767572322451465,0.19658219208614092,0.17997877478733426,0.04328292580042063,0.23605268844653854,0.5226924682610236
2017-08-01,0.20918111409136886,0.19202807801359256,0.2289444199245596,0.20279527932973096,0.258344436371015,0.18998425330434376,0.1830919923684794,0.5510117765816407,0.6548513916746537,0.6104255479835498,0.5308331730908722,0.17741783890037977,0.19657617819185624,0.1803092575169314,0.040027692379545024,0.2221516520296874,0.518655161716024
2017-08-02,0.20525537932763716,0.18821705276184875,0.22459990343459169,0.2021107138621514,0.23027078481193963,0.19040991695429055,0.18262283632909893,0.5386181031153933,0.655091764705472,0.6152027752979109,0.5208401529331903,0.17798914068211058,0.1966584465998269,0.18063973180130444,0.03804948661003345,0.2096261495314149,0.5206685883250299
2017-08-03,0.20627925223298782,0.19150813654277055,0.22677191342464142,0.20125488567950856,0.2402627727206943,0.1907291625954225,0.18221983774322936,0.5225235109676964,0.6544045935101761,0.618864387942901,0.5109240889388974,0.17846485740288243,0.1972899694961865,0.18120243285622528,0.03777934746943505,0.19661106632243225,0.5196534926491824
2017-08-04,0.20508463494887708,0.18839021916090481,0.2240985522240242,0.19868821011936943,0.22922637813191454,0.19062273620129433,0.1819491682820069,0.47473897854189107,0.6514011497687081,0.6210936207745831,0.4981924798243432,0.1786148287317052,0.19803371651125934,0.18165796824073865,0.0370062494563,0.18413673696101163,0.5095285920337069
2017-08-07,0.20320729803074067,0.19098876451115743,0.22560253489730653,0.20570439942121777,0.2260976341204678,0.1915628052699445,0.18191308110576232,0.5992891750871159,0.6555645815109113,0.6238474399728368,0.5028552295391614,0.17880733055008824,0.20011716391209344,0.1828191274291494,0.0381164406831284,0.1964577662253203,0.5663280392539755
2017-08-08,0.20764487669199305,0.19064218924275056,0.22827591183477236,0.2021107138621514,0.12104822622445494,0.1914564040317558,0.1816183497356768,0.5327485737448527,0.6553893430877291,0.6260096499069204,0.4975967514246415,0.17751477737681443,0.20356397386172442,0.1839266847806027,0.03418582851224157,0.18928387727453627,0.5035531556491848
2017-08-09,0.20576743616930282,0.18890994272093187,0.22710630351164052,0.203650864816037,0.08283189379279268,0.1915273521660701,0.18166647355340315,0.5589443804425426,0.6566102525751824,0.6280239933794,0.4962824505857123,0.17686175561744255,0.2060111770727856,0.1848466821514354,0.029752540809253172,0.19458526804342874,0.5338137875802182
2017-08-10,0.2055966567435391,0.1887366820173405,0.22610372233186482,0.19971497742195976,0.0740439575851527,0.1902325508111612,0.18145595033376327,0.4880215023317679,0.6537981935065251,0.6289800197440363,0.48687567201265414,0.17536458045800252,0.20887322153739585,0.18555229751010915,0.026941506262442558,0.18971446266890424,0.5014881193326994
2017-08-11,0.20235381845174327,0.18890992023812614,0.22476698641277326,0.20039946199076042,0.04816654407321589,0.1898423234944624,0.18162436094760503,0.5008654304464406,0.6521724264705007,0.629365899142766,0.4818079600550222,0.1750201171456779,0.2099134203270946,0.18590957271296094,0.02668136245064985,0.19331734392120153,0.5287670607270023
2017-08-14,0.2067914721187316,0.1918547350840316,0.22911140763570503,0.2050197530548593,0.13364973882372952,0.18996648482584078,0.18189502472177743,0.5831004381868117,0.6551694272059677,0.6303731581788644,0.4873310500771109,0.1750876996399081,0.21091351962821558,0.1864544205642693,0.027223172359548034,0.2011086733203441,0.5520670303462799
2017-08-15,0.20969311317452055,0.1958390271229289,0.23195208695186587,0.2098113068340215,0.13963568110981636,0.19069370949154807,0.1823641807611578,0.6567037007036003,0.6619140063752794,0.6327510247447942,0.4995136005132112,0.17590555066214275,0.2116615499734008,0.1872493695027979,0.026682026757369706,0.20919329789812918,0.5529427462058134
2017-08-16,0.2146427653601004,0.1991302148878733,0.23679774991135427,0.21306262876051907,0.05942226406480095,0.19182889641120426,0.1829716742935884,0.7014289098053776,0.6700797674894218,0.6365566333388457,0.5122039869942153,0.17771754165033637,0.21140911809436458,0.18803537072646015,0.023829147251830315,0.21334767935672733,0.543771523843503
2017-08-17,0.2139598252923628,0.19895680714190855,0.23094924484165735,0.20433510668850074,0.07498093957808954,0.19214816720827543,0.18345886681227863,0.5387381898769606,0.6680814480831874,0.639135342201535,0.5012987734067796,0.17770627285680163,0.2120498977266736,0.18835690996380294,0.029274950214620912,0.20843096436799857,0.47372255400030744
2017-08-18,0.20662058837066122,0.18960262320356314,0.22693901317151954,0.20176826933080372,0.07624467166091994,0.19246742123472038,0.18387388782200464,0.49818696081501346,0.6638947388111249,0.6402224507188328,0.48804078667991946,0.17766168526901815,0.21230385126431361,0.18846408407943438,0.02649802798993077,0.20345232988367906,0.5095770133206724
2017-08-21,0.20542611023631674,0.1915083821065805,0.2251012413319139,0.2051910157699226,0.0765281534740696,0.1924142080376563,0.18463777238794554,0.5521582068991949,0.6636335844548338,0.6410312664043302,0.48556720005090914,0.17742140896170888,0.21341594484483717,0.18891068019430524,0.029664176304586745,0.20844485421942982,0.5449473060751809
2017-08-22,0.21003438067786662,0.19272087495220036,0.23061527750325883,0.2053620357886491,0.08100567411229162,0.1927512137719779,0.18549788752818885,0.5548533460995796,0.6634148903356103,0.6416273446630871,0.4836762981154501,0.17754254112311052,0.2135235751672201,0.1890268062474154,0.025814941739851507,0.21365676510331272,0.5257189064169205
2017-08-23,0.20866878334587347,0.1899491457603638,0.2282757884089901,0.20262393571588866,0.05471198993788764,0.19264477060722351,0.1860813219952816,0.5067422557405771,0.6605157488380697,0.6414284612604115,0.476610336252276,0.17753830833092776,0.2134927588089197,0.18900893193074253,0.021718699078045786,0.20973317449191653,0.5085847083761355
2017-08-24,0.20610883670238633,0.188909977780642,0.21574398943452988,0.18961880980745605,0.15079740450019918,0.19159828352975827,0.18620161447844696,0.32937550591865683,0.6459633968558013,0.637877421515397,0.4468149259532637,0.17792756168073642,0.21079915795067805,0.18782992376133145,0.035932227721973645,0.20110165529014729,0.4478925700900561
2017-08-25,0.1975749446528785,0.18094171887786747,0.2190859312257617,0.19269903081644835,0.0844343120418598,0.1908001191150499,0.18617154135765568,0.38314235834018784,0.637465546859597,0.6330558694852487,0.43552206519156134,0.1784278266399668,0.2091326615681518,0.18723148251828914,0.03581332412870532,0.20648156027186676,0.5431595179809126
2017-08-28,0.19620926663615068,0.17747699234917036,0.2142400026112944,0.18996084984490902,0.0672090618691597,0.18923923500419426,0.1860091362686921,0.3506694527836286,0.6283755307046939,0.6270798826567917,0.4252609511603868,0.17912640187189355,0.20702521093782678,0.1865079886203309,0.03413614395169544,0.20194564652579725,0.5083659394575588
2017-08-29,0.19313714004011928,0.17851646957390233,0.21490849130836898,0.1932123335689645,0.06742987928150787,0.18751871968745992,0.1859610181380159,0.40799510193295285,0.624517625760319,0.6213998739340825,0.42789173212632636,0.17923709568611568,0.2059362852927834,0.1860077948911142,0.033101019352962044,0.20649237973508688,0.5441781039211849
2017-08-30,0.19586798148790896,0.17920936213814387,0.21825034778042063,0.1930411517526801,0.07157169777257893,0.18544345531384043,0.1857865764075708,0.40570659518050234,0.6216072213300019,0.6161774957270484,0.431959349381426,0.17930976388681785,0.2049374301571779,0.18553439785776427,0.02796188360543332,0.20174270848593892,0.5236901518214263
2017-08-31,0.19808685703342288,0.17955584876454145,0.21925295830328506,0.19338343448647,0.12558542724439264,0.18430829355012368,0.1856181601066791,0.41222191318607393,0.6199517425332954,0.6116137261066619,0.43781334634981495,0.1793338584688351,0.2041090611085573,0.18512353770840273,0.02214531710892685,0.20913890816410374,0.5267539612557344
2017-09-01,0.19962300553388146,0.18250067287413818,0.2210909636508367,0.19783270553184218,0.24177119436855915,0.183900364837427,0.18555199980964332,0.4942494964073407,0.6231329730206282,0.6087042070946349,0.4525170387137176,0.1793197137362944,0.20403560484526984,0.18507888358631108,0.01961662963395748,0.2222279000035967,0.5512518796709497
2017-09-04,0.19962300553388146,0.18250067287413818,0.2210909636508367,0.19783270553184218,0.24177119436855915,0.183900364837427,0.18555199980964332,0.4942494964073407,0.6231329730206282,0.6087042070946349,0.4525170387137176,0.1793197137362944,0.20403560484526984,0.18507888358631108,0.01961662963395748,0.2222279000035967,0.524711458009463
2017-09-05,0.1994522928063721,0.18440609278526154,0.22109090277831323,0.1992015937706647,0.2762575029429888,0.18327954979522176,0.1856422163284922,0.5181318953677974,0.6271912828915538,0.6073225225005606,0.46609708949383427,0.1787528026633135,0.20393147378510879,0.18473946158707177,0.018835278783092477,0.2370066288219388,0.5328384137107974
2017-09-06,0.20525520799718622,0.1885633358171891,0.22526806073069217,0.20313723846840492,0.2351690521412575,0.1830489452990891,0.1856422163284922,0.5837166204070996,0.6342870605552916,0.6078710932166328,0.48325403060104133,0.1788477153486504,0.20394255202154044,0.18479304231096938,0.01784865893366437,0.24977213333204668,0.5480430430000885
2017-09-07,0.20815707798753114,0.1904691153592113,0.22810902702912805,0.20450661209990095,0.2243683950602548,0.18324408830603423,0.18569635420167163,0.605494002976786,0.6412856644381356,0.6099412184430497,0.49677826285579335,0.1789462980904658,0.20393254628950286,0.18483770910089692,0.015365647177432759,0.26200843450262484,0.5327957072400386
2017-09-08,0.20559674409209416,0.18752420261924774,0.22309612367200304,0.19988615923824404,0.11127556371850553,0.184308318706063,0.185263293869111,0.5185510498012116,0.6425357586510908,0.611888696667251,0.4956881234411118,0.17895404097026446,0.20394238723383573,0.1848466441479274,0.018804894185206436,0.25531337990381203,0.49747353101605474
2017-09-11,0.20593816179738644,0.19168161353346025,0.2281089596173026,0.20570439942121777,0.11156799758891259,0.18565635002866232,0.18531742889876546,0.6112107337901114,0.6490142555404729,0.6149567188308978,0.5056480009122649,0.17946007316539636,0.20398427650964446,0.18512354193101455,0.02043160711821841,0.2620227629809434,0.5591785403145413
2017-09-12,0.2100342430856118,0.19254753926470325,0.2317847906112004,0.2077576104312827,0.08583978503126505,0.18750101829146204,0.1854557663918157,0.6408116763056184,0.6559998933387836,0.6190393830172883,0.5146665765056638,0.17985471845494205,0.2038739150591673,0.18526644778954326,0.015152916779150136,0.26747153238396926,0.5368000112917067
2017-09-13,0.2112292034917964,0.19635865530747765,0.23345590493215507,0.2082712367789148,0.09358182254933703,0.18906190240231746,0.1856482417580455,0.6483470200192626,0.6618657659191949,0.6236727604952543,0.5195615535902219,0.1795692766418856,0.2039987298110485,0.18518606192455467,0.01338471332628742,0.27329964094003,0.5277289697976811
2017-09-14,0.211058484106034,0.19341379528190283,0.22994689424648307,0.20638880309123941,0.06143796895724945,0.19044541198473064,0.18579861304905232,0.6086214013499114,0.6645503130844032,0.6280051897959483,0.5168865964865513,0.17819147442781114,0.20467887501044502,0.18483771332350907,0.012787321596212334,0.26904649532730773,0.5136582900015338
2017-09-15,0.2130529475802051,0.1933593269830689,0.23086966738954895,0.20804196963933552,0.16110122240341848,0.1919647971809516,0.18603717342555703,0.6357215388818636,0.6680129179435897,0.6322782140287598,0.5163585786405311,0.178754103512909,0.20450146478821107,0.1850311976287906,0.010708446936735685,0.2781828740763614,0.5344376784106961
2017-09-18,0.21322465497914422,0.19562532172942126,0.23322356836235647,0.20941943314872769,0.09846218576414015,0.193165783652666,0.18641436702171565,0.6582560238552804,0.6717882320716123,0.6365766020055272,0.5165840225281995,0.17977655879706433,0.20427255781498088,0.18543055960562693,0.008515345830707316,0.2842501073904829,0.5328015207345939
2017-09-19,0.2142550176806236,0.19510224071345217,0.2308694305679242,0.20649194903441648,0.06725382215544651,0.19392144291516544,0.1864420487379509,0.5912817100932873,0.6717460512920707,0.6400054806855618,0.5088554491535802,0.17994800546514056,0.20423601171506156,0.18549846342949017,0.009369280469965657,0.27971200050997685,0.5075427483499456
2017-09-20,0.2082438559226346,0.18969868741766271,0.21960408216033345,0.19736559598211378,0.13919106226603425,0.1933232011358813,0.18627526177690545,0.42420946696784867,0.662925636084539,0.6406926783261483,0.48448620645221624,0.17944123541306978,0.20391975186121014,0.18508107934456053,0.021723452186436273,0.2716491610675944,0.4710234149913065
2017-09-21,0.2005150687787024,0.18150606053660612,0.2145597646921894,0.1884113955314427,0.12978394209809366,0.19165490116394945,0.18573960706100956,0.30712508724726506,0.6474889408950987,0.637644376397127,0.4512834763341496,0.17970030460871667,0.2022109285973166,0.18433923819738351,0.027151916089175956,0.26404724537928503,0.47152483385267313
2017-09-22,0.19433217215562926,0.17435933304704387,0.21203779838214853,0.18565630671510025,0.1435029698449951,0.19017994974195496,0.185245456436554,0.2767802370975624,0.6328324942267401,0.6317895389349977,0.4263377789418381,0.1801827602822843,0.2013288979724095,0.18413241043812467,0.024835250245463,0.25577313398618556,0.5081892855034289
2017-09-25,0.19158415231177972,0.17767129006517612,0.2135510649226221,0.1923720379518824,0.11168139031417246,0.1887980249837219,0.18496329913418186,0.4024669276397391,0.6277971553388314,0.6259320076714998,0.4263138352742875,0.18019809266419562,0.20128031616928088,0.18411534264034746,0.026625593377672133,0.26248807300388943,0.5651049709197581
2017-09-26,0.19776697101492302,0.18046006906705092,0.21825881931477642,0.1946103453682132,0.2330712867239499,0.18743528582190883,0.18459741708062039,0.44026844732858106,0.6261765939640596,0.6208682543285817,0.43336927553858823,0.1799491643220129,0.20200166810725562,0.18435802882086416,0.02382108641716925,0.27515079261340625,0.5380776628521322
2017-09-27,0.19708016111441573,0.17801985511532004,0.20934744890555346,0.18737823722531433,0.14856983425265988,0.18526968647003983,0.1838089132749091,0.35045126990702047,0.6184074967573415,0.6150063926669512,0.42627534482934826,0.18041838007787336,0.20094143154620603,0.18405351093256628,0.03304085097260902,0.26662841840209395,0.48162754944615316
2017-09-28,0.19055362589031888,0.1743592507931403,0.21237401130199662,0.18737823722531433,0.09053663107229232,0.18329920496917684,0.18290612819796048,0.35045126990702047,0.6126622291573947,0.6089777684045958,0.4247930869619663,0.18082349832573408,0.19996206702372066,0.18375792809129887,0.029778012170843984,0.2723073207119908,0.524711458009463
2017-09-29,0.19175614829663834,0.17401096444210062,0.21287868531043375,0.18668970771756555,0.19101750574796675,0.18108600219472148,0.18228590704746417,0.34194159813426306,0.6079251854658971,0.6030507357970287,0.42569607737417936,0.18125375852553627,0.1988524838205421,0.18340854072769674,0.025434550126331654,0.26170512401005563,0.520577784258368
2017-10-02,0.19106890376720176,0.17488228067982947,0.21136518218064015,0.18496753451101466,0.2409580491676825,0.1785515161480461,0.18169537514187917,0.32017069450369007,0.6030669450167698,0.5971767273831879,0.42616737926063836,0.1817078546974884,0.19708854602645565,0.18273702718368134,0.025079972527715613,0.24865597411282592,0.514364515248182
2017-10-03,0.19089703774603117,0.1720931430961754,0.21069245755419186,0.18600053101958514,0.27914155738940105,0.17642754149050832,0.18102084550670094,0.3424795922383794,0.6007415792033407,0.5919355130713171,0.431791925963563,0.18182999641270592,0.1956184914670125,0.1820479813545668,0.02159761646197285,0.26357601389336044,0.5309292968175238
2017-10-04,0.18900786976887085,0.1769739591755446,0.20917927140140413,0.18892801513389645,0.2937632509097528,0.17555297010264403,0.18044320330010866,0.40461031863355323,0.6021960167464325,0.588081549002767,0.44412240400991315,0.18127767327304778,0.19471225909005097,0.18130631333448266,0.028086130828361103,0.27921247758982126,0.5423130473714164
2017-10-05,0.19639316220561343,0.17993731762907428,0.21758639260530677,0.1930607292571891,0.25819075938809705,0.17603488243300458,0.18010706451843417,0.4848110452773502,0.6077205709001323,0.5862860677167666,0.46241908615592636,0.1803930078948297,0.19441706780382828,0.18070888129571294,0.02806771599687187,0.29310598424510703,0.5494814604146676
2017-10-06,0.1927864309526397,0.17435928224985342,0.20968377084545708,0.18376214270447533,0.08810913154600536,0.1758385487115962,0.17990120752338035,0.3515480824128805,0.6038303807140388,0.5839429382267582,0.45755135289067295,0.18028459899093696,0.19287620975919173,0.17986726827177213,0.03409396158611212,0.2875460229261501,0.46922517707461725
2017-10-09,0.189351538056595,0.17069887562798092,0.2066573340880894,0.18117928738854372,0.16233362228584813,0.17467839871477986,0.17949629808868595,0.3205640226193901,0.5988786866449087,0.5809142696823976,0.45145798631870376,0.1793851415322978,0.19125880781150018,0.17858714965758715,0.03417182387163824,0.27834925987561127,0.50914444512892
2017-10-10,0.18935136245965822,0.17610239563136298,0.21102882873315654,0.18927240123593936,0.1334811417453826,0.1741251105991356,0.17947209969062106,0.4629356865192683,0.6031197679444209,0.5794798667165366,0.4656285058845791,0.17745372086384792,0.19127908604692123,0.17762229125667406,0.03976191273888617,0.2861323284683763,0.5736254525739539
2017-10-11,0.1931298120533903,0.17819410611860187,0.21573677086090082,0.19116656524656417,0.1285545262347498,0.17451777804195234,0.17940019262948526,0.4924292944628701,0.6087269588762636,0.5796392956951106,0.47979517112399844,0.17518565498283745,0.1917733227408086,0.17672949172984975,0.036544632164581356,0.2936740060641629,0.5360602013892952
2017-10-12,0.19484746976789502,0.1804602981703095,0.21657764401825308,0.19512720766700387,0.09543191438252438,0.17532097364453303,0.1794735157660895,0.551678689873198,0.6172700070260876,0.5817580941177207,0.49721089120096484,0.1733714129808881,0.19241607237861802,0.1761416788012572,0.03565919458370993,0.2995927641769327,0.548393229072135
2017-10-13,0.20309138777127467,0.18377210646590048,0.22296690316624856,0.19684905727843893,0.0987038913100888,0.17637400965154582,0.17959532953514978,0.5764785112529864,0.6259255408905671,0.585470606813373,0.5113765105263295,0.171101501881751,0.19351637806606092,0.1755574508702682,0.031420933544550236,0.30567184041701134,0.5349633970875343
2017-10-16,0.20017141894312118,0.18220311480793516,0.22229421018171547,0.19719328158292393,0.039530792838950994,0.1776412317116005,0.1795728543132573,0.5816000595593047,0.6332842958604536,0.5901558313915919,0.5200223929625797,0.1680529090114673,0.1952809855304526,0.1749192917385839,0.02459516405487132,0.3088515929320248,0.5267572233148607
2017-10-17,0.1991413767626926,0.18011181380396246,0.21775477533314846,0.1937497441576116,0.12943779588414248,0.17844445247012075,0.17938122631748843,0.5213769330756491,0.6360066134827619,0.5945385420944491,0.5173335192594944,0.16495465649771857,0.19704194708624434,0.17425419656483576,0.02456261975229139,0.30126663748335775,0.5042536064362818
2017-10-18,0.19707988870839366,0.17854249321613613,0.21674541105888667,0.19254386695839865,0.044288811271236884,0.17881924242536418,0.17900887808799293,0.500863629493812,0.6371546443269173,0.5983122992730845,0.5119208778865221,0.1641542404778683,0.1973405143840209,0.17400252044333286,0.02137993312420354,0.29785375477774334,0.5175210729744197
2017-10-19,0.19261467795994058,0.1734877697829159,0.21153331309532664,0.18755047072572517,0.10211910115377099,0.17824809359277316,0.17841288377081166,0.4212242646667388,0.6335198212022108,0.6004840827522637,0.4976818452195034,0.1641462790205832,0.19726039049721733,0.17395758340623602,0.02420484206441391,0.29160734238015906,0.4948985307369452
2017-10-20,0.19020998697735714,0.17069858078842715,0.20951543579848342,0.18531175881549955,0.14923825452787595,0.17840871426560034,0.17790060567424515,0.38850693181271145,0.6287511818949763,0.60111001187804,0.4839416254867866,0.16416286151715487,0.197208778351181,0.17393959930165093,0.022361795902127904,0.28305221736126157,0.5112735567679225
2017-10-23,0.18900785213917692,0.173662035513517,0.21052442151527673,0.18462306751019286,0.08394493291179089,0.17876566865983612,0.177159614328377,0.37835753320800314,0.6245958018633311,0.6006421989776357,0.47421997497194723,0.16395220438576208,0.1966250353333836,0.17353513218688454,0.02170116600957163,0.2776962906493812,0.520567607239353
2017-10-24,0.18832091498621795,0.1694785979315191,0.20732975951470412,0.18135135909139655,0.1340152811617383,0.17794463749624734,0.17623145647752325,0.3310839013849287,0.6185565221463497,0.5988602839491357,0.4625396688994396,0.16358064105455405,0.19563720375391025,0.17284306296756513,0.019773939549980177,0.26988705065234053,0.5050109933793652
2017-10-25,0.18557289282833922,0.16703822143886915,0.2006040977583784,0.17876842287668615,0.15685943927297358,0.17665954633393233,0.17519445701882808,0.2961299532983164,0.6117531736635672,0.5958489943516845,0.4516124578888968,0.16411520685147707,0.19422864547612895,0.17239366303831427,0.02481611499356491,0.2609585079433867,0.5091033488155635
2017-10-26,0.18643168051021441,0.170350176737046,0.20648909221386347,0.17945727597955075,0.19222454146816723,0.17503532795307597,0.17424783615990935,0.3128610324680805,0.6074835523933358,0.5924447785688236,0.4481199606077761,0.16442130383640496,0.19311639037407824,0.17198021865039725,0.026082287974901933,0.2716198461706264,0.5288857104760621
2017-10-27,0.18145090018026055,0.16250618406930817,0.19707317518655076,0.17153615293622926,0.12727289003740466,0.172411597018857,0.17296468695638556,0.2149608850614434,0.597208683106344,0.5873264894037699,0.43288453764733875,0.16581644827367548,0.19018810825548982,0.17118926008022572,0.03119940385009877,0.26414096532420517,0.47674757233582976
2017-10-30,0.18145083196127165,0.16128586893938857,0.1906836921397067,0.16378726339331873,0.11338824923124208,0.16894899936004126,0.1713607540063874,0.142836985464331,0.5825067520479081,0.5798050604298138,0.41152439530917595,0.16832177066332354,0.18554616011334668,0.17008372958254137,0.04225721722451349,0.2573423947799891,0.47738400408548815
2017-10-31,0.17269142984335728,0.15762516968720686,0.19421450583750954,0.1713637576382605,0.13614288676990377,0.16662864905452968,0.170126027190719,0.3025217304061133,0.5788129727825815,0.5729269532027386,0.41724251625732317,0.16879951340947907,0.1835777655542994,0.16931974505794156,0.045955917673460925,0.26525588176724524,0.5713814924693962
2017-11-01,0.1783593883408795,0.160937307530846,0.19875450810997364,0.1742912417525717,0.08737506285090199,0.16473672955229446,0.16931498276203938,0.3565419288701934,0.5794451901729984,0.5675718277272889,0.4307794344476987,0.16860481820335183,0.18227423382543695,0.16855576053334165,0.042821991789182265,0.2707798756814434,0.5425948587284496
2017-11-02,0.17767225629968497,0.15901974747316805,0.19606412592387001,0.1720526107411251,0.13370345116727367,0.16313034673244597,0.16873998503373167,0.3301709175408948,0.5786359844220165,0.5630991137322778,0.438622687991738,0.16787461869948583,0.18084895472421147,0.16745921575403167,0.04122545269384424,0.262985914520977,0.5110797718990321
2017-11-03,0.17698554609819717,0.15936869228657802,0.19858658272363117,0.17222508693787286,0.06299711892957266,0.16177388817016047,0.16826788878946275,0.33359063544440093,0.5789578985393318,0.5595959758454124,0.44724069831346536,0.16793931471349532,0.17960577791416688,0.16685702483151765,0.03632703300516742,0.26731545431657106,0.5257642864466097
2017-11-06,0.17475264008240043,0.15466212353119246,0.1898430577987531,0.16240971898514744,0.1347433818186701,0.1594714321228482,0.16721473810855747,0.2281407670213228,0.570836833794591,0.5549005682419192,0.4366432912219971,0.16901506158062096,0.17662370031124142,0.16587732394936072,0.04097529780075239,0.2594705393326964,0.46480782556145206
2017-11-07,0.16736747926244566,0.15675396732063018,0.18765730419420734,0.17256947303991566,0.1169168518001841,0.15856117284234217,0.16644001971222544,0.4047722767068783,0.5748439492789762,0.5520782401379062,0.45329202908209887,0.1682638145032216,0.17565926784516883,0.16500549391381847,0.04923280066011192,0.2664420019749906,0.5873892084968642
2017-11-08,0.17973318348930667,0.1668637428923745,0.20144460826136867,0.18255658910037809,0.16651274101549152,0.1589538235145328,0.1662705427764949,0.5371201065461226,0.5881463453703316,0.5529209648752769,0.4858685983182435,0.16732422708268213,0.17570823967342353,0.1645560855393432,0.05295858370630503,0.2758435306774183,0.5856403459881103
2017-11-09,0.18282501805907447,0.16982734507734254,0.20497589060944243,0.18238467919508305,0.13012113625478747,0.15925725445511896,0.166095023350061,0.534926609332682,0.599094428957584,0.5561469772694176,0.5070522861722775,0.16559302089774353,0.17611752182315288,0.16389097347514747,0.05300285875939929,0.26822509337635386,0.5236739976345961
2017-11-10,0.1854012073768304,0.17714839196741705,0.20766606966529355,0.19185541834942876,0.09389962058197324,0.16136338516633586,0.1662765937977737,0.6411268946993809,0.6170764125771228,0.5629191154408234,0.5385717804067831,0.1645761023972664,0.17661258164838867,0.16363032430310587,0.0598758136203915,0.2740687731869138,0.5818771123602172
2017-11-13,0.19673646317013083,0.18551508630886937,0.21876317867465267,0.19719328158292393,0.09114984699442136,0.16482598282515137,0.16670631867546604,0.6920907060978517,0.6365055531487273,0.5728654646193985,0.566785535875079,0.1645761023972664,0.17661258164838867,0.16363032430310587,0.06152813209573989,0.2797777214385909,0.5566044892155314
2017-11-14,0.19914118511864232,0.18568960074592034,0.2202766811773974,0.20046523269805683,0.1074709393841283,0.16784240635812675,0.16721474095208244,0.7215352451808204,0.6549181771632491,0.5851142479774392,0.587250563176215,0.1661234293075966,0.1757690798636452,0.16398084754934095,0.06096029476233382,0.28628635961030047,0.5441499254923655
2017-11-15,0.20188923489141342,0.18290065582791604,0.2167457568195441,0.19047787394125748,0.13464938521746783,0.16952018173388494,0.16726921720474142,0.584942389775431,0.6599445158343371,0.5960848381433276,0.5758894312025775,0.16577669119069582,0.17590074549530976,0.16387301048362257,0.0648998382650723,0.2784460502087425,0.465582961177779
2017-11-16,0.20326301509573663,0.19074451994092967,0.22448009215348652,0.20339247411603123,0.14075767228607194,0.17276861849559755,0.1676323694742673,0.699401186068769,0.675808994011039,0.6085590800581182,0.5892545359978105,0.16890714993854394,0.1744247728375401,0.1646999034820683,0.07617785774264839,0.28658564935640274,0.6019883875752703
2017-11-17,0.20515252160360764,0.18795577518189766,0.2249847975595337,0.20012092749479293,0.0835346302874953,0.17566007570713482,0.16820736720257523,0.6587837339237328,0.6848713133357729,0.6206507630823194,0.5858541877011991,0.17119218340636855,0.17367913493276443,0.1654728863928786,0.07062215654542399,0.2812498263768571,0.5054027291662325
2017-11-20,0.20291964956257347,0.18673549629252806,0.2249847020416934,0.19908768828988577,0.07828275669651183,0.1794618173551178,0.1688368326529669,0.6457475437596554,0.6905909090710469,0.6316572607115744,0.5762085922125493,0.17314828508473756,0.17322350689376353,0.16622788519910392,0.06362397106619745,0.2761713311711952,0.5185921035249927
2017-11-21,0.2051523440747791,0.19074458508463532,0.22649790536469827,0.20218716320827101,0.1295631246857455,0.18253174757111645,0.16929077583339958,0.6740072351329142,0.6974850406731167,0.6420693765608929,0.5709254707829835,0.17571503085325124,0.172815316359184,0.16731543581481523,0.06185524010774389,0.28376242739628443,0.543088220424427
2017-11-22,0.20635457518015987,0.18760694540376732,0.22481642996706763,0.20098177140173157,0.13085371294034795,0.18444155294623799,0.16963577219556403,0.6571780798806222,0.7012014310913006,0.651265303605809,0.560115460530614,0.17787272507315055,0.17295236900763244,0.16847488906797092,0.057059864490978954,0.2761080957949425,0.5175881394391275
2017-11-23,0.20635457518015987,0.18760694540376732,0.22481642996706763,0.20098177140173157,0.13085371294034795,0.18444155294623799,0.16963577219556403,0.6571780798806222,0.7012014310913006,0.651265303605809,0.560115460530614,0.17787272507315055,0.17295236900763244,0.16847488906797092,0.057059864490978954,0.2761080957949425,0.524711458009463
2017-11-24,0.2068698224524903,0.18812981098947612,0.22683406928484118,0.20029291829886708,0.009413088206112169,0.18629777617051824,0.16981734264327708,0.6471213441964733,0.7028680714379067,0.6590105138848724,0.5472208646788942,0.1797004058672298,0.17327490122379918,0.16956243123845816,0.050242162304397944,0.27440403033777483,0.5206354497332426
2017-11-27,0.20412178659026148,0.18708394889688496,0.22616151881285762,0.2008094570025417,0.09561990758492891,0.18722587939734514,0.1699565474114635,0.6527701230418342,0.7040352472583623,0.665478733128723,0.5358704179942451,0.18118748965848752,0.17479661218951614,0.17109038761982176,0.04338590465828583,0.28033199961517796,0.5277700982448544
2017-11-28,0.2066980071829706,0.19318484806920355,0.22700221975125012,0.20855834654545224,0.0788646404182401,0.1884038901111088,0.17035602002628725,0.7319091994853211,0.711550551985843,0.6724050123248909,0.5399418522673024,0.18284414853664344,0.17773469594682711,0.17342726978549416,0.04490218942879522,0.28543900556851454,0.5705707352670499
2017-11-29,0.2121940817364918,0.20190051908432982,0.23355981420317995,0.21355214727202043,0.19455506037416614,0.18976037382933375,0.17105205808484514,0.7761265505327283,0.721381428221327,0.6802374641593358,0.5479963052229064,0.18569682649488073,0.1792262552698458,0.1756293450624885,0.0492005561778877,0.29621453299541517,0.5540249267247743
2017-11-30,0.22146904219600072,0.20974500680577224,0.24112663118137478,0.22233459961495416,0.18498232714696441,0.19306238435657452,0.17209917764914706,0.8430590678936053,0.7364518787873529,0.6900161195891312,0.5652950015624734,0.19014282736983246,0.17974088064075944,0.17813702766168116,0.055031865759093954,0.3065210220708277,0.5759950191815352
2017-12-01,0.22456010690742,0.20991883105186926,0.23641823653595473,0.224744897835359,0.4122213485677454,0.195275603901656,0.17340653093778557,0.8595998378449691,0.7495060715844223,0.7008817787217698,0.574956758955377,0.19404488659444918,0.1812684900042537,0.18088736688310636,0.06622667667181052,0.3279616160535101,0.5386578938750805
2017-12-04,0.23572401086387484,0.2196804326076458,0.24902898756844083,0.23387149358399872,0.31438431480207746,0.1987739146090527,0.17511336537182287,0.9159398399043256,0.767102725918197,0.7136758198587418,0.5920970493131503,0.19925447061201107,0.18241851015138666,0.18410507747053173,0.07162943712886892,0.34460845678487073,0.5773880974778206
2017-12-05,0.23812842528173328,0.22246934047228073,0.2557545526216882,0.2323216347766377,0.3167581019848203,0.20221867670686056,0.176789930481841,0.8883418900172876,0.7780892955924156,0.7264718558970162,0.5921147808556981,0.20113145314308178,0.18770841229425783,0.18775421655045865,0.07034007654995765,0.3278453068238939,0.5158496134593867
2017-12-06,0.2364111246661479,0.22351548506218932,0.25810876903416413,0.23852098910730313,0.2239819645886455,0.2059847472328279,0.17879939559851665,0.9250213834693938,0.791007156708964,0.7397196426648484,0.5961301360376879,0.20493239033981359,0.1906912385255759,0.19119663765903938,0.06704077964262921,0.34006267393383693,0.5602147111957492
2017-12-07,0.24104815034378613,0.2222949903560224,0.25457756258635555,0.22904984545906237,0.08739296696541671,0.20889405677599926,0.18056674593239164,0.7697066863493,0.7906595932350878,0.750236860293114,0.5718596606915306,0.20683437147295003,0.19356278801154625,0.19362341078935308,0.06949547687601647,0.33453780276586415,0.4708135504685772
2017-12-08,0.23349126843507795,0.21654284200026552,0.2510467053389167,0.231632943471331,0.10437203556353947,0.21214251030833786,0.18240067740500776,0.7889444512336931,0.791177734505668,0.7587714052847441,0.5542368117954197,0.2084450306272917,0.19700396875077186,0.1961939849719434,0.06678194108680051,0.34089460293008605,0.5395544738462097
2017-12-11,0.23486533422615674,0.21689157199715903,0.2522237885441069,0.23146087176847818,0.07516296474232248,0.2153195880553933,0.1845069816103435,0.7861654296211861,0.7897957649385305,0.7652769250856214,0.5362019614210717,0.2103829782425023,0.1991359503234309,0.19826124069242357,0.06294844502252085,0.33596896919464886,0.5237253193816369
2017-12-12,0.23623927301066883,0.22037772927438082,0.2544095596821164,0.231632943471331,0.06743883133876524,0.21771131414618838,0.18689170103910258,0.787596309416908,0.7872621755406009,0.7698907995790749,0.5193882026583863,0.2122802219023162,0.20078017856679442,0.20005886152248764,0.061228088471082645,0.34051614103082584,0.525697770801266
2017-12-13,0.23658289598343862,0.22438701613529521,0.25693176398733897,0.23714336380035284,0.14754333168714948,0.22015658884657263,0.18920379968194156,0.8323770674835146,0.7888395368070817,0.7739495582144724,0.5144540936655088,0.21494292713420904,0.20189636360940943,0.20197332202709262,0.06173275246390046,0.3489882193590608,0.5562915391728006
2017-12-14,0.24276582513786749,0.22351536916689474,0.2586131278187539,0.23283833527787035,0.11067875990134832,0.22124532113153994,0.19126168149942213,0.7560623627668231,0.784455200553259,0.7761746426912244,0.4981556074578458,0.215395854335516,0.20577822766483755,0.20418437879984952,0.058259911996407995,0.34232240655273477,0.5001781784872328
2017-12-15,0.24277321804225305,0.23037155778669538,0.26433719864124117,0.24390609722771217,0.11027144129613853,0.22323141608543384,0.1937872720020395,0.8423701697201248,0.789803349700673,0.7792012829040791,0.505280180298636,0.2185816591813644,0.20676923390613478,0.20629903756284496,0.065107551072363,0.3489682618356886,0.5880621615750956
2017-12-18,0.25021335387959254,0.2365178364470153,0.26857196558288354,0.2433855944838682,0.10592521749769113,0.22421757083499538,0.1962885048691898,0.8334049876537407,0.7918959114811626,0.7821103395581614,0.5042350469515453,0.22079422473759347,0.2090037016359112,0.20855729047012794,0.06543079939417933,0.34253535990651984,0.5217655725574352
2017-12-19,0.2514246558494292,0.23423503991424233,0.27009660968892,0.24460004695365134,0.09233897860010712,0.22549025173389214,0.19917742678341033,0.8425197669598864,0.7930338568198554,0.78470282271908,0.5014212053059541,0.22245745399733818,0.21201105525666186,0.21093286442972226,0.06149572248744824,0.34830257242972684,0.53158851312835
2017-12-20,0.2496943631029105,0.23142527019960668,0.26281271137897755,0.24286525353758226,0.18073755999743374,0.22594054304847444,0.2016482652114402,0.8095812182068091,0.7906572441564336,0.7862228568018141,0.4918888156898401,0.2235039893850409,0.21513404203633057,0.2130561077629506,0.06340050884442315,0.3382040656033766,0.5148999610040649
2017-12-21,0.24900221371309916,0.23142524391236452,0.2668781161129433,0.2421713038116431,0.05748712768766869,0.2273006072954018,0.203743673028834,0.7959945025811018,0.786525966026615,0.7864759456555521,0.4806276604604344,0.22358899723043668,0.2192599994067541,0.21520604644935715,0.058816060460002303,0.33414450065691687,0.5207797687027409
2017-12-22,0.247791242641082,0.23037178982707873,0.2682334237143631,0.24373281204317476,0.03757626033776112,0.22855478180824096,0.20590000905719608,0.8107134160287187,0.7831729207580407,0.7858968726288669,0.4732310470181427,0.22287986489579048,0.22440116166400792,0.21747344553427161,0.051382859083810364,0.33722848630153607,0.5335646793114167
2017-12-25,0.247791242641082,0.23037178982707873,0.2682334237143631,0.24373281204317476,0.03757626033776112,0.22855478180824096,0.20590000905719608,0.8107134160287187,0.7831729207580407,0.7858968726288669,0.4732310470181427,0.22287986489579048,0.22440116166400792,0.21747344553427161,0.051382859083810364,0.33722848630153607,0.524711458009463
2017-12-26,0.247271936933685,0.23318125839817672,0.26806381975687743,0.24598778460797177,0.10154915350838584,0.23006052410001487,0.20780271686988216,0.8319240186019382,0.7811152917256472,0.7849540120186557,0.4699975461888594,0.2213318551198734,0.23054943767311242,0.2198315843288431,0.04845092335872005,0.34344697278729547,0.5374761508832354
2017-12-27,0.2515977722424507,0.2345863165684381,0.27009666093242557,0.24581449942343447,0.06404450962868358,0.23153046949007594,0.20951171238294752,0.8279297616241189,0.7778288072034474,0.7834336937235113,0.4648648534097114,0.22019072340708157,0.23548568878637255,0.2217762153963173,0.04466963403115172,0.3390661136458871,0.5237327818394435
2017-12-28,0.25142465766072186,0.23353259523562597,0.2675557095235015,0.2442531529894607,0.08341974555269255,0.2322674127336899,0.21105082149267695,0.7906471948070658,0.7723209829144805,0.7809336485968486,0.4561566190838392,0.21878913704155278,0.2400094548421634,0.22337869243457675,0.04354086579341414,0.33373591971139516,0.5158917751145342
2017-12-29,0.24848313702532887,0.2344105235071221,0.26958836444860657,0.2440795442098075,0.05050750704601507,0.23343258553306567,0.21293487578112047,0.7863545798051076,0.7664312718675301,0.7775608099808677,0.448398854390087,0.2184480082695618,0.24256930498258766,0.22451369676414734,0.04063963267462621,0.3300183375280684,0.523729231178572
2018-01-01,0.24848313702532887,0.2344105235071221,0.26958836444860657,0.2440795442098075,0.05050750704601507,0.23343258553306567,0.21293487578112047,0.7863545798051076,0.7664312718675301,0.7775608099808677,0.448398854390087,0.2184480082695618,0.24256930498258766,0.22451369676414734,0.04063963267462621,0.3300183375280684,0.524711458009463
2018-01-02,0.24934831161513082,0.23142528064280987,0.2636596670935417,0.23800792905112367,0.2752265243488497,0.23282122912406078,0.2141515803351044,0.6469508436780494,0.754802592013652,0.7721520697937131,0.43030288378294157,0.2175207536814484,0.2448417365235387,0.22520597711406787,0.04271059049444924,0.3152901239062473,0.49035402279929363
2018-01-03,0.24381168494871763,0.2261572993538512,0.262643582218014,0.23766119688449094,0.24245602674874706,0.23222788436763886,0.2154710896932761,0.6395886747852093,0.7441553356687295,0.7653433633174426,0.4178593800411409,0.21749488609808043,0.2452546606231728,0.22540378537405614,0.038280445875735605,0.30216757710987574,0.5227372599191374
2018-01-04,0.2445033463855848,0.23019586298507533,0.2636595045184882,0.240436429496795,0.20522591262493714,0.23179631745725504,0.21692446367961482,0.6821572922343748,0.7373132735310288,0.7583016169946765,0.4157880214488663,0.21747385416695442,0.24610487381460522,0.22582734714036834,0.038930990622825914,0.31346594778644016,0.5405184610615144
2018-01-05,0.24623395532763404,0.23054739211871733,0.26552311700178366,0.24477365573330456,0.20671792216783016,0.23199412699377286,0.21842134359901988,0.7423993719262894,0.7349888735004142,0.7521264374650241,0.4234904405831436,0.21803885134896006,0.24618533034100798,0.2261537128232477,0.036888576864750486,0.3248374229442216,0.5493454452029255
2018-01-08,0.24761805077220034,0.23318137882809098,0.2685720897959609,0.2472022370777548,0.1669692959356168,0.23251559284612378,0.2200459546630873,0.7732422806741076,0.7344483652290491,0.7470603095428868,0.43334816925508035,0.2182352559926085,0.24784650540434894,0.22710119939831863,0.0341978385862733,0.33426132161790156,0.5384444072440102
2018-01-09,0.25263589164023037,0.2358155645478508,0.2712823979975816,0.24581449942343447,0.09933053531810387,0.23273136372334613,0.22164600051435945,0.7386067499291697,0.7317484070213641,0.7423780878060733,0.4367604928879537,0.21828632469861076,0.24924551760257174,0.22784142328509238,0.031434626742451385,0.3281515414957118,0.5168834387358997
2018-01-10,0.2476182523234275,0.22861581498516814,0.26027212622108475,0.24095725583575478,0.11881468793874406,0.23220993979756077,0.22305716237152406,0.6267032485906662,0.7241479099497875,0.7368607495693621,0.4293376175143772,0.21759983311039177,0.25089490704248363,0.22833709881944964,0.038662935536997525,0.3210870899533096,0.4972740185952447
2018-01-11,0.2470989130060004,0.22791308461145432,0.2636596377605309,0.23956919458631842,0.14622737927031781,0.23156260200995438,0.2241471679804341,0.5971785775050564,0.7160337034548776,0.7305555802402401,0.4223350352218356,0.21665220307795996,0.2526430310056741,0.2287513412810379,0.03558078724539211,0.3126794897775079,0.5168319103810168
2018-01-12,0.2453687639285752,0.22966922923662036,0.2636597291919712,0.23991625034806707,0.0836838312417846,0.23111307375886603,0.22507384435474354,0.6033467427051467,0.7092295430039993,0.7239254979448161,0.41944706874480475,0.21648433546773294,0.2530924260096037,0.2288960755305708,0.03536589208215128,0.3180226232051753,0.5266843581676087
2018-01-15,0.2453687639285752,0.22966922923662036,0.2636597291919712,0.23991625034806707,0.0836838312417846,0.23111307375886603,0.22507384435474354,0.6033467427051467,0.7092295430039993,0.7239254979448161,0.41944706874480475,0.21648433546773294,0.2530924260096037,0.2288960755305708,0.03536589208215128,0.3180226232051753,0.524711458009463
2018-01-16,0.24606079812995052,0.23300579291980927,0.2670475541024008,0.24442659997155602,0.18063162731988833,0.23114904675215397,0.22585035985889879,0.679367423878027,0.7074165235113483,0.7181988447015938,0.42747713552492805,0.215483885406191,0.25526604954287424,0.2295009393664923,0.037019300048280454,0.32811593961335916,0.550342287358642
2018-01-17,0.25194360037265107,0.2445957733738986,0.27246797106299825,0.25570251447966796,0.16187706736572285,0.2329831243644822,0.22693849442833436,0.8192609828766705,0.7158515199500495,0.7155835921280762,0.4551326056435411,0.2185483303468262,0.2534418451741973,0.23011666798313646,0.04914306099707082,0.33729033269264563,0.5884960199860002
2018-01-18,0.2597299645456488,0.2424886433740574,0.27653353718015106,0.25275351129015267,0.15999116730350607,0.23454747160965672,0.22760218170254642,0.7538461883206068,0.7189378496185718,0.7142107668088362,0.4661758345467734,0.22004468294880664,0.2529198497979146,0.23060563800960898,0.047165322500180254,0.3282083436776174,0.5082181835841002
2018-01-19,0.26059519623776217,0.2502154671169057,0.28076843854140454,0.2638561406137272,0.1232802725006229,0.23697496944622487,0.228710593449021,0.8593173048625901,0.7309182762769781,0.7159049627048818,0.4934368409476396,0.22474093434435016,0.2502446796779577,0.23161073368044283,0.054329298877865764,0.335491596932302,0.5869905106721561
2018-01-22,0.2675159113849963,0.2568881775355525,0.28805190841525397,0.27148877861126897,0.09207936893964372,0.23974404301276553,0.22986938392857614,0.9138971977010754,0.746490599371864,0.7208899922754789,0.522687188946221,0.2308989911488729,0.2470816225827268,0.2331047740420772,0.05568709005973606,0.34124608927577726,0.5670537568537931
2018-01-23,0.27097683011876406,0.2563616841015377,0.28872978497812274,0.26819304325512094,0.13739617478593394,0.24191978020819738,0.23124523489183102,0.848343122987209,0.7544959491893112,0.7267439418275468,0.5304105242328048,0.23467391941555393,0.2460089175787934,0.23446301097859712,0.05588855661419516,0.3332711945242989,0.5065658415907245
2018-01-24,0.27495635767175153,0.2568884668446285,0.29059302248063923,0.27027473063538077,0.22236015021552077,0.24445512994212426,0.23260346168690682,0.8644410741307481,0.7615023567015134,0.7330601890306695,0.534519624998623,0.23837975548389834,0.24505769427101776,0.23584839931039336,0.05316432753946053,0.34540909706315903,0.5362101466581533
2018-01-25,0.2761675529172636,0.2616298927035996,0.29076246205960243,0.2707951524804455,0.15583293670746318,0.24754788498043778,0.23398602905629895,0.8685745793699541,0.7661885394392839,0.7392054650722277,0.5329999596286714,0.2416625441269039,0.24434746318892353,0.23714325061790953,0.05751720431950656,0.3542873438890356,0.5275802234154248
2018-01-26,0.27305305218326525,0.2614542367671333,0.292625771264338,0.2756524769669042,0.0692680350383521,0.25128798619167014,0.23553327917820943,0.9060197707500236,0.7730527859552783,0.7457216378900826,0.5362966500272558,0.24564579397795983,0.2434588434339383,0.2387006808311597,0.058382521232968596,0.35892414181918453,0.5514731518927254
2018-01-29,0.2815312744236389,0.26531749688475337,0.29601343121963863,0.2716623873909221,0.13518650865290935,0.2545785339958748,0.23674659425034927,0.8207521370161103,0.7732845565030182,0.750988598351606,0.5251931122126922,0.24824642214911508,0.24368902656336489,0.2401313397864021,0.05971556908317115,0.35105751480438846,0.5028326857887072
2018-01-30,0.26890018323781595,0.25881989714643283,0.287543713875689,0.2648966607087413,0.13723503775530146,0.25670029493074864,0.23787341782143834,0.6935961467407338,0.765725726561574,0.7534403178510397,0.5001700372156828,0.2494515703823751,0.2446251848749833,0.24121791497873735,0.0643947059677095,0.3430905153368815,0.48746718359192504
2018-01-31,0.2699387165452207,0.2537276829937194,0.2816154318834304,0.26021318769827273,0.1798900985770705,0.2571678348344204,0.23844659853724748,0.6168148781906082,0.7540934624747416,0.7526903887257562,0.4717124043774269,0.24961969801552553,0.24672856444993907,0.24237694597069115,0.07032784499193852,0.3330335318558625,0.49875657167423587
2018-02-01,0.2605949450269325,0.24687868989957762,0.2789048736177767,0.2558759614617633,0.1849256307843345,0.2574914827649406,0.2388856245853359,0.5517226433025204,0.7397256087356142,0.7487415161510758,0.4432788163033063,0.24922389317241922,0.2489816528432358,0.2433276881796279,0.06974877530495514,0.3227298207507362,0.5005631726405444
2018-02-02,0.2552312732013101,0.23880081212709636,0.26196581759734905,0.23679363837889855,0.2069268035038352,0.25468640266385956,0.23861123579336518,0.34111552987454674,0.7096109249556589,0.738563141034873,0.3879083128935872,0.2495643524472343,0.2482726969634177,0.24313754818306454,0.08694666923882376,0.31134811096558446,0.4180057980238963
2018-02-05,0.236890289215687,0.22352286101866137,0.2274097873621157,0.20123069694459872,0.5637916140111632,0.24740401816322533,0.23714781563307064,0.13659622222441298,0.6521144374143069,0.7170188798039987,0.28688341858266797,0.25694472562667603,0.2365249121246148,0.24086476949043922,0.13044659342773346,0.28248097894503216,0.32197480910151605
2018-02-06,0.19017302962792149,0.19823541285584445,0.20792979775424503,0.21163937654223408,0.5547530202003171,0.24154212247586648,0.23607464369237952,0.2491357979100759,0.616743282763047,0.6915389899501596,0.25190185518579283,0.2598126641417612,0.2300543794243285,0.239008521915116,0.16316265393599722,0.310905244018372,0.5862843497702841
2018-02-07,0.2138779476741114,0.21000127835213822,0.23299994378458455,0.20747608268049367,0.23613736633459503,0.23503292254215435,0.23480024970244506,0.22882551426690434,0.5855042256653892,0.6638737266056814,0.23247731373831934,0.2625244803624188,0.2234545189586128,0.23700740074406312,0.17209999580277785,0.29809229469995435,0.5003519282474049
2018-02-08,0.21405077074418155,0.19630372687028685,0.21368912676502116,0.18700561744941357,0.46592921608326604,0.22634797702769682,0.2327270754073154,0.1438500624093988,0.5426327816566288,0.6317488311153829,0.19283818119277013,0.2679054181029433,0.21261976801489668,0.23419132812135202,0.189928667676298,0.27402015870690455,0.40441356109201165
2018-02-09,0.19847838570447707,0.18014785812467227,0.19810511543018294,0.18891393874635698,0.49552471737609227,0.21735736169404984,0.23072706785491315,0.1637310298601264,0.5120309787633567,0.5989160975730607,0.18654661151896834,0.2714304606851027,0.20395693057025954,0.23154731427054298,0.2064838655974099,0.2995423951893742,0.5361728968125039
2018-02-12,0.19865142974815386,0.1875233922232329,0.2189402720394812,0.19845514073717885,0.2881592630666466,0.20976929060360006,0.2291173056785889,0.2598971224418719,0.4985175987897274,0.5695001463685327,0.21691644551840616,0.27286673381091264,0.19829907163066474,0.22938320027559145,0.20517961412016394,0.3149042784543841,0.5818988558461438
2018-02-13,0.19934353117211157,0.18980628715710723,0.22165051554865467,0.2027920433785726,0.15359343038358073,0.20333202827115016,0.22766608424070323,0.30120268199330125,0.49368739888507185,0.5448415389036955,0.2592017670194351,0.2732378142015349,0.19367667773478026,0.22721003300047282,0.19840958519300578,0.32367279545395394,0.5504421991971056
2018-02-14,0.20211194734137183,0.1899818530623607,0.21978718454446544,0.20227162153350753,0.27856414969630144,0.19732627415189252,0.22640998264733136,0.29833564437624616,0.49118008695163295,0.5245302364638869,0.29784248770411126,0.2722750906898538,0.18916735138866525,0.22442114133132274,0.1952996682093377,0.3087810471076504,0.5216379683286086
2018-02-15,0.21007119249136363,0.20262564495574564,0.22842622096487442,0.21788460048057112,0.19528614505018374,0.19338839694539478,0.22571485167326033,0.4398066020271678,0.5055848135328881,0.5116387182879882,0.3637927280556954,0.27068520609404156,0.18717535273299934,0.22260111532189042,0.19797085662726843,0.31959239573034737,0.6169688331814448
2018-02-16,0.2225292641864154,0.21070369325442317,0.23943675387272745,0.2217011621756788,0.14758212393526468,0.19182403292959427,0.22505632255346564,0.47055219922932123,0.5220614006523844,0.5051659468607248,0.42084531553960325,0.2675028090381887,0.18601321314771102,0.2204007839836598,0.1954217200959142,0.32806637477509404,0.546897086305426
2018-02-19,0.2225292641864154,0.21070369325442317,0.23943675387272745,0.2217011621756788,0.14758212393526468,0.19182403292959427,0.22505632255346564,0.47055219922932123,0.5220614006523844,0.5051659468607248,0.42084531553960325,0.2675028090381887,0.18601321314771102,0.2204007839836598,0.1954217200959142,0.32806637477509404,0.524711458009463
2018-02-20,0.21560811277468472,0.19595260221337385,0.2255465897468547,0.1998430401890572,0.21439729528510063,0.1916801996536346,0.22347704865258833,0.3381138630743945,0.5160013671438723,0.49857522761600365,0.41979694450432736,0.26305963641689456,0.18308337746570202,0.21666114588296048,0.20840809252775877,0.3163186308524889,0.398153219950473
2018-02-21,0.20557222877636228,0.1885768192881192,0.2152134030174192,0.18856672118705042,0.2015302049871911,0.18928867481035416,0.22141605886224225,0.28356206843751774,0.5022335840450765,0.49009359033102307,0.4029896500056405,0.25902358859966734,0.17893530291479964,0.21250495132928726,0.20961362015176288,0.3052013399758989,0.4579078230996952
2018-02-22,0.19484475196990492,0.18243068982078892,0.2162299440294727,0.1909956261266167,0.12740418687717925,0.18758044397734153,0.2194892208960919,0.30457805228632906,0.4953802463262625,0.48171087119396755,0.4038688771366129,0.2533845379540408,0.1764076624281643,0.2083668802263955,0.20093881774496974,0.31268665401666723,0.5392750879425093
2018-02-23,0.19726739308767016,0.18471388844474523,0.2165690033843627,0.20001664896871052,0.12862614269280867,0.18892906227185924,0.21805019249356472,0.3805035724804696,0.5001772813939963,0.4761228121639429,0.4287090206238241,0.2462341882589164,0.17624314764987115,0.20467250852653052,0.1947363763497425,0.3202318406275522,0.5786605099999707
2018-02-26,0.20591836664610974,0.19121097024566036,0.22571580878142283,0.2059144935501831,0.12533327763164373,0.1906912022829249,0.21686725764292047,0.4272748864353728,0.5111313649307035,0.47420559604158663,0.4613370544645352,0.23661380184460523,0.1786271964309425,0.20103244806244225,0.18447677168369586,0.3276156856483914,0.5596452789149549
2018-02-27,0.21076333915509204,0.1933184199443444,0.22012601998657377,0.19342436926862494,0.12133767607577617,0.1901697532012,0.21523310655235406,0.35559792281694824,0.5096159154990384,0.47231859481483585,0.461605617478838,0.22649972302012633,0.18063058229183648,0.19694871775361167,0.18686214481216745,0.3204276144282513,0.451190472179736
2018-02-28,0.2033232641413234,0.18401132771564455,0.2108095723488872,0.18370972029570776,0.17943354365694522,0.18819183392759908,0.21309895854985617,0.3062484075768547,0.5009395828899625,0.4687866720032581,0.4469848454967573,0.21681836604505855,0.18190470981318718,0.19271106479149713,0.18960657637128048,0.31039300091848465,0.4667649754121412
2018-03-01,0.18584736269522562,0.1747039984560368,0.2008153175190176,0.18162787111789014,0.38954131150622834,0.18605206972545496,0.21049529622382268,0.2959758709201066,0.49387838951348373,0.46431527643665205,0.4386344067516249,0.2064068818107735,0.18416665317367942,0.18860920680927273,0.19374329316100053,0.29006366815478146,0.512163327118572
2018-03-02,0.18255996617684267,0.17540653872663226,0.20335630829290763,0.18943444149020083,0.36204059161162394,0.18310315634841445,0.2082696833949842,0.3643612563466244,0.4973957719957982,0.4615580086106117,0.45387031287270896,0.19398461934820077,0.18965794798498603,0.18514120933969846,0.19467266330498834,0.30904553912069344,0.5718707169908496
2018-03-05,0.18878903482065512,0.18313334077057486,0.21148719075639666,0.19758790582670227,0.25602286952227343,0.1806037712224623,0.20594040986092188,0.43079983658868426,0.5094850185711818,0.4621700147770669,0.4838178722237573,0.18601543890036343,0.19353011215042792,0.18309481754519985,0.19447677197429225,0.32283282496477095,0.5735538447631178
2018-03-06,0.2022849802556005,0.1836600043740989,0.21775453594195293,0.19828169375508353,0.2847380851847928,0.18044193467923264,0.20336724149738528,0.4364118550264251,0.5211873446569346,0.4653872548267449,0.5069743137939472,0.18582552499230065,0.19341646720731098,0.18294089066930364,0.1852945924128001,0.3380270796543503,0.5288314813417639
2018-03-07,0.19380666087228682,0.17786495055046603,0.21182581509172937,0.18978125455561257,0.16252161548825264,0.1805678233851138,0.20061113210706805,0.3814836760660635,0.5238686422248598,0.46858601675285894,0.5068100722679207,0.18407342199273313,0.19291470031335722,0.18179997890551947,0.184709736484293,0.3288211054391781,0.47426925774226675
2018-03-08,0.19467181925628085,0.1831332029930045,0.21572185322265813,0.19828169375508353,0.13465386124609652,0.18132303822601792,0.19808063652376195,0.45296757931844933,0.5353251171350728,0.47381535722177,0.5248587295047094,0.18305404087567123,0.1929828337575603,0.18132006638182563,0.1786076316371742,0.33666163415417966,0.5756134215266367
2018-03-09,0.20522658006228012,0.18910397403642254,0.22419154502504868,0.20435347071132515,0.1460184979343128,0.18177255809179327,0.19574526647202029,0.5007041319680536,0.5512585636952634,0.481712674865455,0.5485728604916073,0.18366685894941637,0.19415005399216645,0.1822255590803763,0.16870597397809045,0.34505899970261095,0.5607418067970351
2018-03-12,0.2090333209307037,0.19437238626992093,0.22757958114462862,0.2026189199915932,0.13749763143485066,0.18143096559119454,0.193178197469688,0.4876475064649517,0.5632293685412901,0.490820742432984,0.559334527629501,0.18404821320392972,0.19517379036629445,0.18294090755975156,0.1621586794506456,0.3370791338464098,0.5144844941212533
2018-03-13,0.20989825498422643,0.1919136989225394,0.2270711791369725,0.2019248084680959,0.15973454166212847,0.1823120523673537,0.19072697936441374,0.4821592815392183,0.5729305641796252,0.5003683983798096,0.5632417786005816,0.1842909720721515,0.19528840310113615,0.1831220111665962,0.15316727748957087,0.3280097188021509,0.5206114470925284
2018-03-14,0.20851401317400164,0.18892827296026582,0.21741579586225657,0.19238352557849503,0.17633911586498507,0.18321110886953063,0.18817820275864472,0.40949302660060016,0.5724825364701915,0.5079020946583107,0.5453408370825852,0.18383015349853182,0.19468016943575228,0.1825787256817346,0.15540661466630196,0.3181267239864283,0.46831114818051833
2018-03-15,0.19553693890814694,0.17979668078402478,0.2103013211657666,0.18579132677718846,0.11309432335129216,0.18364265900928822,0.18556233602315264,0.3641121502839709,0.5668414638067852,0.5126142030109615,0.5202613475362284,0.18359163673083512,0.19323153815129646,0.18171851627446634,0.15483889915250482,0.31134255502501196,0.48534617843500866
2018-03-16,0.19015573789333728,0.17594824223858052,0.21231417134978792,0.18612284997337625,0.11830143665598886,0.18329940621669183,0.18311057196107106,0.367520218698858,0.5636606377384776,0.5156424872727546,0.5052947933141609,0.18004770739075604,0.19348915638706254,0.1800606723474254,0.14536498657616026,0.31838185862587554,0.5267052006041385
2018-03-19,0.18980771097535476,0.17153337042214134,0.20107150083429604,0.17705134629320984,0.13449869225363564,0.1811707525544326,0.18101067990469366,0.30657941188729754,0.5536641246777477,0.5157350787673352,0.47920109076032663,0.17511009498579533,0.19380746048801678,0.17773011987716825,0.1474820118632919,0.31054893277692047,0.4701759416093173
2018-03-20,0.1828475341525888,0.1664118596301929,0.19885676476663705,0.17443435169255617,0.12216723338162472,0.1786989299527083,0.18006881057611157,0.290013096761068,0.5444680943461218,0.5136656964584047,0.45998453581695703,0.17556276060776488,0.19076285644754587,0.1764038818945215,0.14518860715387433,0.30332021546522375,0.5088236190214591
2018-03-21,0.17379986075267495,0.15722924218211076,0.18880677820433245,0.16309525523807467,0.22870119077281614,0.1759328750988911,0.17836252494240645,0.22411307648257922,0.5278603120712262,0.5081391678924887,0.4292559299075136,0.1784541834387936,0.1853005516694617,0.17507436716494884,0.1470516581502776,0.29087161888119145,0.45567511973424113
2018-03-22,0.1649258799746729,0.15175480039829958,0.18267440872933272,0.1555938350600099,0.20715060493526916,0.1715081969244835,0.17653890693509944,0.18615068631510728,0.5092180506822082,0.49937271602773703,0.4004580952698915,0.18169126887315867,0.1784814935596003,0.17322652681015338,0.1479833793406124,0.27947894342385715,0.4784685717053878
2018-03-23,0.16318595921985624,0.14645703551444877,0.1716021780222292,0.14442899457541325,0.21240695455488132,0.1652969103953238,0.17504237392574906,0.13648822351426215,0.4857737854764676,0.48689505110410103,0.36747123412625166,0.18485327977077382,0.16967345468150052,0.17032506030460015,0.15816553889075807,0.2678287208791954,0.45531056460923636
2018-03-26,0.1555297710427409,0.14204191593983384,0.176201195977139,0.15716367586577473,0.15926605066566005,0.16058538742968276,0.17392637849800074,0.2767620091891059,0.48114909876741346,0.47583497467979213,0.38007137166731214,0.18341683333862924,0.16611086807840747,0.16778045096330907,0.1596339903536524,0.2768751811163522,0.6048666146594224
2018-03-27,0.1631859349927386,0.1501654688107139,0.18046000997882816,0.15664058436100403,0.23315185523926607,0.15589159101597894,0.17245663149449897,0.2739189672408946,0.47894319543168623,0.46647275085524514,0.3951626173225943,0.18327007551705832,0.16249627923844645,0.16586047572740859,0.16073170007033394,0.26420851386484967,0.5214655813430998
2018-03-28,0.1640558879519175,0.15775898773169628,0.18693297825221555,0.16902659191403768,0.4580081374200469,0.15347060018239223,0.17126980385807877,0.39578470779011155,0.49071054044541096,0.4617257618402849,0.4361848134060761,0.18296493907800637,0.16129720663092706,0.16509407164612222,0.16707499565073036,0.2878925381671186,0.601613554537801
2018-03-29,0.17710587148015378,0.16517604409350994,0.20004948367595698,0.17530692592244435,0.1726657883703824,0.15238387198726067,0.1703220171538946,0.4507012108823951,0.5075907013341439,0.4618626806800037,0.47959509130832645,0.1827357483718841,0.16087774774798613,0.1647641420786996,0.1652456047939005,0.297595549750085,0.5631750651909702
2018-03-30,0.17710587148015378,0.16517604409350994,0.20004948367595698,0.17530692592244435,0.1726657883703824,0.15238387198726067,0.1703220171538946,0.4507012108823951,0.5075907013341439,0.4618626806800037,0.47959509130832645,0.1827357483718841,0.16087774774798613,0.1647641420786996,0.1652456047939005,0.297595549750085,0.524711458009463
2018-04-02,0.17693197563481433,0.15846552767105604,0.17671254989380625,0.15280274628702917,0.4014206914867427,0.14893017953097942,0.16803444391449984,0.31542399987277137,0.5014085510434058,0.46053125007495377,0.4665437686069858,0.1826938522701005,0.15717502365522018,0.1628521053533929,0.1859075413104414,0.2766841591069322,0.38782844818476503
2018-04-03,0.161272101540474,0.15104866138438222,0.1818228823220447,0.1646655005377341,0.34555687018174164,0.14764636293625855,0.16602968767528548,0.4109312694645596,0.509316032860297,0.46130921993663404,0.48529302907474237,0.18047656958745673,0.15600230887907385,0.16113367961172842,0.18619357717802615,0.2948583717643591,0.5986803940524731
2018-04-04,0.16335982957088024,0.1664120743800871,0.18557022021781666,0.17879584756275457,0.39258351896418725,0.14809844032253594,0.1652898962969831,0.5089996983154058,0.530289507263107,0.46682019531271285,0.5273620219399698,0.17818913288391525,0.15627231684498566,0.1601165917227635,0.20189869557846862,0.3153367645652637,0.6116679790408609
2018-04-05,0.18476169102681494,0.16906095902428642,0.20277486997650362,0.18106368303340648,0.24671422198416382,0.14996090221977776,0.16502617072390113,0.5237631162215798,0.5501849894732197,0.47586631143370406,0.5587838764725434,0.17727469494652925,0.15628542511313026,0.15966156727430425,0.1935887335668119,0.3286679515510285,0.5384534823603309
2018-04-06,0.1826739401246369,0.17012076861833103,0.1945986129717362,0.17164350561591235,0.1702875251590109,0.1516244812604226,0.164345959725699,0.46291568787022863,0.5580962217967881,0.4849471928625665,0.5590928855122208,0.17437326690813504,0.15643146240733474,0.15827115403420633,0.20024721567410864,0.31908146851112196,0.46776969596237994
2018-04-09,0.17884576626186577,0.16464607992735636,0.19596115277782267,0.17111992871846793,0.19376131129734706,0.15439104761834,0.163330263956581,0.45957475675776926,0.5648345639512098,0.49378250358892284,0.5569101472711155,0.16971937316729735,0.15763610839743603,0.15653648812672027,0.19604816733078917,0.30834483266822876,0.5215140124385303
2018-04-10,0.18075947392326985,0.162173547580454,0.19579055624609643,0.17321310372534027,0.1692207383358424,0.15605460150304562,0.16218083720497278,0.4758529893968142,0.5730204107915164,0.5027587491901225,0.5581628371795062,0.16497665542624873,0.15931981198550893,0.15500161510687083,0.188688509993702,0.3178790460040652,0.5375016466383391
2018-04-11,0.17501793791523101,0.1604080322364675,0.19698333354006603,0.17146900694969058,0.10929119102645779,0.15759159585682014,0.16140912441460498,0.46319536598871724,0.5786642475958014,0.5112552386206406,0.5538985575668902,0.15955753586078125,0.16156497798006753,0.15341193680563847,0.17732918281881915,0.3112812203652709,0.5140786374912468
2018-04-12,0.17971582571232647,0.1623504866297486,0.1969832469302526,0.1700733412150317,0.1215032891350373,0.15770009342328906,0.16092981699084263,0.45263499786340633,0.5825774892297478,0.5189645475699146,0.5469017581868005,0.15605395504346076,0.16274875264827593,0.15224742908589717,0.16970946060967984,0.30408503454771574,0.5161866034062008
2018-04-13,0.17832392758917992,0.1605846327263638,0.19749444202474353,0.17460917395389386,0.10647875303810442,0.15762777009762297,0.16068311560215698,0.49353384260890354,0.590628416221536,0.5270085439745328,0.5498766045350922,0.1542218822316831,0.16341725210635027,0.15166376276230653,0.15917345421965473,0.31054505823941597,0.552459097701945
2018-04-16,0.18145569854028476,0.1741821611360862,0.20311552626043605,0.1845526855724956,0.09108121455544829,0.16091871201154417,0.16051152592732387,0.5758104343414385,0.6068784478575632,0.537231377557004,0.5692430484174721,0.15387176911629274,0.16360293366620393,0.1515818060856471,0.16296580005127448,0.3162506436849571,0.5852394573822726
2018-04-17,0.19137388703471025,0.17329947058957795,0.20873713760951884,0.18664634597204177,0.09595411772253695,0.16319706866894745,0.1601269391660689,0.5921439829084757,0.6220377936911108,0.5489430585268065,0.5824765656666089,0.15562440245402698,0.16285075487891587,0.15208262898405456,0.15450853655139024,0.32219498836615285,0.5373193092167682
2018-04-18,0.19032970624202317,0.1724162798143808,0.205159656651427,0.17966809819752683,0.1909250011563074,0.16328747911501507,0.1594726867079297,0.5276915170957304,0.6276995392476421,0.5596320705113381,0.573386642970773,0.15629800919744552,0.16271968089224442,0.15235581086856587,0.15091467110604323,0.3115973241420531,0.48278367836264274
2018-04-19,0.17153790083197107,0.15193147964394538,0.1762014581002822,0.15297708315569314,0.3273916539970189,0.16037624933513894,0.15817905058406978,0.34110577183987323,0.6074500787893737,0.5634634373060269,0.5124329369828713,0.15678114670788978,0.1612078013759085,0.15182768033823735,0.18005379301454727,0.2943131585434429,0.3631292913226277
2018-04-20,0.15535609405632023,0.1378040641594951,0.16359611775639304,0.13797440459712174,0.2596484527115035,0.15688638263805488,0.1560592993488339,0.26603693478166857,0.5780438210831987,0.5596743770823379,0.4446992973556074,0.15905001515148165,0.15716359921411582,0.1509080123311417,0.18741289943212786,0.28034822881000815,0.4311820652711682
2018-04-23,0.1431760634735264,0.12332326001945026,0.16121122797511278,0.1369275743973486,0.1588214318218779,0.15334227973570602,0.15368933497149195,0.26115567851347365,0.5548289358805315,0.5512320904790066,0.4033394158236827,0.1602176855273858,0.15524235803651076,0.15051646640915106,0.17614468668009797,0.271323553708254,0.5180741715915336
2018-04-24,0.14300219575922368,0.12332336357894891,0.15371618277339616,0.13134523505382922,0.2547069171054418,0.14900259509508995,0.1511841240128149,0.23481142351330592,0.53249465449195,0.5392724781946384,0.37207590925685663,0.16294426645054505,0.14990757368019636,0.14916884089663252,0.17739425096892714,0.2576007460166099,0.48927526881377204
2018-04-25,0.13552009623984174,0.12032108354477222,0.15593052332571733,0.13291515675837307,0.25830266010381403,0.14500641480646392,0.14875849194582347,0.25088142492327525,0.5177827962510531,0.5262756768492294,0.36285692586964535,0.1647958058947525,0.14565190149422325,0.14793046280224653,0.17056845087417966,0.27149973550798695,0.5347408194935337
2018-04-26,0.13934798569324203,0.1254422173869657,0.16035937990699,0.1381485796682277,0.13890310442425588,0.14169735223088886,0.1468521785433904,0.3047333719784523,0.5126311401180994,0.5146774626895442,0.3752881715461246,0.1650939129881922,0.14220109189159758,0.14631874668889167,0.16502877615730166,0.27954846578549447,0.5580849674508539
2018-04-27,0.14074015574223453,0.12968065489478908,0.16359608664070113,0.14285899197209062,0.14018921665022968,0.13840638516102788,0.14534314255445213,0.3518387257132416,0.5145400512062531,0.5058438296484407,0.3998609600204126,0.16404128053633227,0.13992534286659286,0.14462508656671336,0.16121578008172555,0.28766021212581105,0.5545712905393783
2018-04-30,0.14891814386879798,0.13232961360354767,0.16393680125517285,0.13727657172979246,0.18191475552677633,0.13350612556766572,0.1436262363547336,0.3169316207592098,0.5123487128552916,0.4982661554079915,0.4110244631397329,0.16462883047149868,0.137757471869847,0.1438146786455865,0.16113578100580694,0.2775040258637806,0.48951207293229976
2018-05-01,0.13847807951394475,0.1182020099832255,0.15201267106418825,0.1296005719867268,0.13766772052274046,0.12759322202059364,0.14195838096190383,0.2720638531427957,0.505015153941118,0.490494674413224,0.4093018251795935,0.16519154040731787,0.1336170929128735,0.14198442124723465,0.1626588790354861,0.2695158260967207,0.47600422248110164
2018-05-02,0.13169210996676806,0.1116679570846163,0.1394072193445307,0.11250431392738824,0.2554141296287731,0.1206315673615137,0.13978159145795077,0.188681797807204,0.4849407949491441,0.4795984603264146,0.38152785074517886,0.165596768378504,0.1264407312373742,0.13852425250034173,0.17205908442550327,0.25575836688097975,0.4152745087822971
2018-05-03,0.11916431356208812,0.1000128309201429,0.1366818024931049,0.11163214419139489,0.2228211811642747,0.11634608538490987,0.13797270575386034,0.18486227922056447,0.47026130766865964,0.46745992272004744,0.37048554388084254,0.16445832969281327,0.12046970468996188,0.13490018729057818,0.16508195510058943,0.24359787505742353,0.5190169147544589
2018-05-04,0.11551025871257303,0.11202119997796622,0.13889625467801314,0.12401815174442854,0.17057100697216057,0.11489949309188974,0.13686284665314208,0.31354537880231936,0.4723548406203966,0.4582370634840731,0.3964013498498419,0.16269712384219048,0.11734325339063034,0.13241432292768296,0.17324421809399954,0.25319824794876133,0.6056643357785516
2018-05-07,0.13047420013004762,0.11113827457035708,0.14536934522185185,0.11861023016835204,0.11884154411051612,0.1130008653391581,0.13595533848110697,0.2840473624551084,0.47095181921996243,0.45053175303910786,0.4098899775447352,0.16084834710025175,0.11380415459117832,0.1296735141415828,0.16937681825516404,0.24613248052569725,0.4898712176061825
2018-05-08,0.12125224143846924,0.1010723789868514,0.14008864155553236,0.11512114673048401,0.09833387294345133,0.11131920756342495,0.13447757842405095,0.2652986360128602,0.4686169142921087,0.44382327367912283,0.4187502418470467,0.1582764347866894,0.11040947903539255,0.12664133245839715,0.16046178790307053,0.24007153419696042,0.5020921149342902
2018-05-09,0.11812018889653575,0.10195526598531279,0.14059964881003273,0.116342232900142,0.11231997039853067,0.10960139231751531,0.13306112476679255,0.27855929094717924,0.46997633161481256,0.43877334979667243,0.43349219774351183,0.15522987644512198,0.10778717572666707,0.12376392217351095,0.15111855221575432,0.2468177619326251,0.5326598180903154
2018-05-10,0.1249061111920633,0.10937222730688534,0.1477540118150682,0.12140131894133277,0.1274564072111805,0.10786550672183048,0.1313871358904578,0.33375573925879964,0.4777981577287706,0.43655655998832676,0.45867431443176865,0.15160517380884786,0.10639624799594238,0.12122342565632571,0.14670196860135476,0.25430563463023603,0.5575955317751674
2018-05-11,0.12751612001613,0.1109615759421505,0.14741331760263632,0.12140131894133277,0.12480809027254539,0.105641377884379,0.12949239847845007,0.33375573925879964,0.4858703866225575,0.4366646425378384,0.4793387819329631,0.14644811441773053,0.10605680450357369,0.11844617572850902,0.14126990369288273,0.2616637468736868,0.524711458009463
2018-05-14,0.12716818964724397,0.10778295516490266,0.1482650940430209,0.12105248340644703,0.07471983790808326,0.10395972010864585,0.12837640305070197,0.3311969670645185,0.4937211057847263,0.43858099240735493,0.49541144120882685,0.13763357048213853,0.10828165623206532,0.11513170398668904,0.13010323739878848,0.25675982516917106,0.5224572992383636
2018-05-15,0.12142600372944778,0.10354447317278781,0.14179191071747388,0.11773773683724287,0.3131250587478757,0.10273011456325054,0.1267269310472362,0.3062411754109857,0.49853957942760074,0.4412371855900182,0.5019874874372692,0.12586617583714066,0.1128732977079,0.11153493374101053,0.12505841898301717,0.24017468461995756,0.5032830727693026
2018-05-16,0.12490613592737865,0.10954881692617158,0.14775403599645143,0.12384365307820666,0.15593290134683702,0.10390545874744184,0.12479540695182512,0.38280009258018544,0.5097233965406935,0.44596891865785493,0.520435780462754,0.11299306143689314,0.1198955433257064,0.10862110765008004,0.12064002506197465,0.24905782944607563,0.5643355719865436
2018-05-17,0.13099624119540454,0.11255105845332802,0.15235341459947915,0.12680940231496718,0.26666388158218657,0.10547861057139274,0.12288841394690797,0.41826555385952435,0.5228349236367781,0.45281040365837355,0.5391881649113651,0.10806537093877444,0.12209310774792936,0.10725525312147943,0.11174565469370855,0.26336649645019256,0.5438219830341074
2018-05-18,0.1292560816486532,0.109725423377529,0.1467319291777721,0.12140131894133277,0.20835316462684095,0.10520737084787701,0.12112244272267636,0.37021899322357243,0.5294888111613941,0.45983451214591914,0.540811401172,0.10640896185298787,0.1220369117804424,0.10639020037822622,0.10907682680922028,0.2519148987809974,0.4899820039239146
2018-05-21,0.12925619954307632,0.11166802082812799,0.15099062447782197,0.12506490104542256,0.09292683036000698,0.10587640982583946,0.11950364666730962,0.4156718575478092,0.5394775583685126,0.4677820247478553,0.5490190149138059,0.10490991577303721,0.12230657968236869,0.10577101344233908,0.1034041262928982,0.2577109144698039,0.5483853527469393
2018-05-22,0.1311702605446654,0.11467021853762882,0.15047967703893694,0.12349489844209993,0.11464153724727222,0.10674436520165154,0.11775609295474243,0.40070103137908786,0.5470787280589222,0.4759117524539357,0.5506386212913734,0.104197081642593,0.1222089958597038,0.10536125539471419,0.10186333725835599,0.25085093616136556,0.5146090007461185
2018-05-23,0.12612423277101703,0.11113827841316282,0.1489465412027372,0.1266349845475243,0.24522818047944234,0.10781122859000003,0.11618021422275948,0.44143430076308776,0.5571204118574494,0.48475609914905515,0.5569904628558469,0.10340598193569406,0.12234928341390416,0.10503345402374853,0.09750437815680905,0.2641093110838382,0.5449535104733512
2018-05-24,0.13117012338289524,0.11184457728821806,0.15013884925653231,0.12593707078141592,0.12150478114458019,0.10828136794073928,0.11462886089422064,0.4338708671252791,0.5653762555090296,0.4937558887226947,0.5583721061536464,0.1013678562178324,0.12311630343876467,0.10439605918483952,0.09265820212197141,0.2569130521618018,0.5202287189914139
2018-05-25,0.13064800925902886,0.11661248137888669,0.15337527617518865,0.1273325747185169,0.16730499808276772,0.10889615394281071,0.11296712761079541,0.4533999259558863,0.574093448834053,0.5029875662263161,0.5604332260154888,0.09758815946390509,0.12526645658592173,0.10358563859587655,0.0902877334024667,0.2663533993437557,0.5336820582087163
2018-05-28,0.13064800925902886,0.11661248137888669,0.15337527617518865,0.1273325747185169,0.16730499808276772,0.10889615394281071,0.11296712761079541,0.4533999259558863,0.574093448834053,0.5029875662263161,0.5604332260154888,0.09758815946390509,0.12526645658592173,0.10358563859587655,0.0902877334024667,0.2663533993437557,0.524711458009463
2018-05-29,0.12873431037015148,0.11290432883366819,0.15013900537036096,0.1254138983778662,0.19782852931127345,0.10934822294377466,0.11088844825119404,0.4302186239580683,0.5799783518031613,0.5117445900536806,0.5562142995724154,0.09487878187060472,0.12673282142129083,0.10296645165998941,0.08755427570488387,0.255417480685065,0.5123975726150296
2018-05-30,0.1332579863864355,0.12296991113633837,0.15439732783981563,0.13762524546712007,0.2376472799920028,0.11140960123886645,0.10916539719387075,0.5873568386662646,0.5967701717131774,0.5226641282220053,0.5754356590455975,0.09709628020033612,0.1253605104089992,0.10338530943651358,0.09433264471029788,0.26830441173847425,0.6032559295521499
2018-05-31,0.14056621462502628,0.12067441826311776,0.14877627060148635,0.12349489844209993,0.252192881025667,0.11137345215400307,0.10719095577507598,0.4308891076314967,0.5973210526926949,0.531528160776378,0.557165439257196,0.09675873624523035,0.12681760631931316,0.10395897661484532,0.1062170746380051,0.25470478509768074,0.43508435972704246
2018-06-01,0.13047424919605444,0.11113832445817484,0.14979828847164078,0.12349489844209993,0.13792882219274674,0.11102989749013403,0.10615468141526518,0.4308891076314967,0.5983345878775743,0.5388556265334035,0.5435077713254974,0.09604420827462956,0.1287365844675895,0.10457816777334428,0.10021615080743575,0.2627057781489536,0.524711458009463
2018-06-04,0.12977799398623002,0.11537636148786024,0.1537159365245736,0.13064715949016303,0.14868024295883395,0.11198824654138739,0.10589713482208851,0.5151395043894026,0.6063770208292458,0.5465921685520139,0.5471438174440999,0.09693202066461248,0.12853632841011564,0.10492417704733203,0.09757171439208191,0.27123356209187593,0.5708173412590413
2018-06-05,0.1358681920164364,0.1155531289404288,0.15235341888037546,0.1266349845475243,0.1086302307989562,0.11215098869843432,0.10553535881868048,0.4719909903024091,0.6094106900276487,0.5534885045478146,0.5396757041973762,0.09714125686858632,0.12914966439521358,0.10534303904646813,0.09485028376945027,0.26466812173826076,0.4990594068320085
2018-06-06,0.13151807623059653,0.11131476323632306,0.15013879791487983,0.12768157205096042,0.1547348176838939,0.11258494542305753,0.10540658410032966,0.4846366763512103,0.6132088406465698,0.5598908647754121,0.535285034673555,0.09697010078913137,0.13060270121606765,0.10599864601101117,0.08939511533940449,0.27349256366596164,0.5314337478757558
2018-06-07,0.1299522147186326,0.12138074967179469,0.15269409956287516,0.13308965542459472,0.22258395164695471,0.11325398440101986,0.10541271758383453,0.5483987109082572,0.6216349300367275,0.5669767468803274,0.5413604717066702,0.09768969519544957,0.13160297757360573,0.10687279848316344,0.09550999038198286,0.2856414318770043,0.5594061165290269
2018-06-08,0.13795611347521886,0.12826787263873507,0.1617222386242475,0.14390566037430585,0.2294919558305495,0.11511646306888823,0.10561507419956795,0.6562958804664424,0.6386401769956093,0.5766091182859412,0.5639947661093627,0.10183593922479761,0.129803624312398,0.1080474404717483,0.0979936571107302,0.2981287738360816,0.5936713220217497
2018-06-11,0.1490919414001004,0.13692085237855256,0.17262410947813134,0.15123250098736962,0.1715736373849847,0.11759373612414104,0.10590939610204819,0.7170047327744263,0.6589154084904549,0.5890408650419957,0.5888768207121985,0.10741280411407172,0.127338647277894,0.10960451598558885,0.09683909282953408,0.30777827293879717,0.5708555779097162
2018-06-12,0.15622598453511116,0.13745077596181898,0.17500899573363193,0.15297708315569314,0.14415945404386807,0.12045071292812604,0.10646125606712986,0.7307304963473313,0.6763094575050914,0.6030405520438836,0.6028133493755189,0.11218205769990264,0.1258861531936073,0.1112708600306217,0.09177428162019811,0.31608455030363214,0.5356087189534063
2018-06-13,0.15726980939902024,0.13815690559123872,0.1753495030973109,0.1501856707875966,0.20882016361376646,0.12175262502856143,0.10718480523042095,0.6914596698940916,0.6870127501281087,0.6167350771803545,0.6001009391955785,0.11505645217397065,0.1263606626397089,0.11296452015280012,0.08760355274120411,0.304610070931816,0.5073092919461851
2018-06-14,0.15570383570405044,0.13639101124448483,0.17586059456793857,0.15175575428969823,0.12012467231740415,0.12468191677289953,0.10856446083017535,0.7054924071675294,0.6964242921595247,0.6298843853099574,0.5952548154583145,0.11811439106931798,0.12619008505182683,0.1144214268643472,0.08027009450203644,0.31173870820872673,0.5345302366899488
2018-06-15,0.15541924143825214,0.14785718729234676,0.17710188167049556,0.16325325055338813,0.2315255648375127,0.12880294598857978,0.1103788999386629,0.7965759711112256,0.7139856162223472,0.6444971106930032,0.6082622987174513,0.12370328397100427,0.12438910020473248,0.11632365868454775,0.08880496601884895,0.32432569157570273,0.5964867719494221
2018-06-18,0.16471275910268723,0.14465408022643056,0.17401214981599822,0.15006828665932215,0.2973157256313811,0.13081598295353047,0.11129454059230381,0.6261700706750896,0.7146862880059681,0.6563506069887697,0.5837370814040216,0.12529299730372723,0.12574736375407858,0.11781996658883587,0.10075387430695855,0.3085151661094643,0.4434462501427999
2018-06-19,0.15121117092176994,0.1403831156112223,0.17418384968203637,0.15481502251493917,0.16321241590661212,0.13373689777006081,0.11256710903916456,0.6652331865741814,0.7189116483360478,0.6668182715749449,0.5714192118968247,0.1276052362786776,0.12650195084422422,0.11937281104543429,0.10111917730382415,0.31775498769944,0.5543998637034755
2018-06-20,0.16190742266743008,0.14162897103645278,0.17967715995383904,0.15569414954592342,0.11730775830042209,0.13664045498843158,0.11399321646392346,0.6724772812406669,0.7222392303451118,0.6759680122531104,0.5597049361973132,0.12960453867588073,0.12781627628607373,0.12105349085826878,0.09475183815740919,0.324745603715813,0.53018087216191
2018-06-21,0.16138109904015174,0.1444760380682596,0.1827667852319962,0.15745183731643864,0.17266429636083952,0.13916564172285606,0.11543818499025293,0.6875146568200732,0.725645803929286,0.684081825545628,0.5504971671247583,0.131724019901583,0.12887048094432563,0.12266201467693805,0.0883027697229846,0.33444854219429826,0.5356360639559966
2018-06-22,0.16401146387854526,0.1505268764575417,0.18705848288862925,0.16483571156867105,0.12291473016261412,0.14133508154813434,0.1169648678955707,0.7472474935491095,0.7343285385711253,0.6925966902267732,0.5540618847139158,0.13485363248180193,0.12975197809385075,0.12469237743621608,0.0876798356389009,0.3417138848510847,0.5705150574741529
2018-06-25,0.16716742565640796,0.15497569917608622,0.19014820532402243,0.169406330782487,0.3047295210500166,0.1432188337553899,0.11865220427842937,0.7808516384242964,0.7444193708088116,0.7017606022593375,0.5598308973028466,0.13847934299125464,0.13046749643406597,0.1268884692719806,0.08602809670502308,0.3578876664844903,0.5528332453814953
2018-06-26,0.17400603780574764,0.15550962253960265,0.18894663396908729,0.16553872195785402,0.18422140228008899,0.14452087163552196,0.12021585869627816,0.7252274416710306,0.7476197584834355,0.7098376938201182,0.5501707685465733,0.140493388093207,0.1325773229159053,0.12898283416161704,0.08717691863514325,0.3476184606944984,0.501034331787987
2018-06-27,0.1687456464236603,0.15622152906844933,0.18757334815210636,0.16360499844431664,0.2709832492088619,0.14591181060535996,0.12182805493003379,0.6976874805177502,0.7471908206786997,0.7161993881576764,0.5349235787165074,0.1424360267690058,0.13331197500209546,0.13033887956249957,0.09146289996874503,0.3330981562172583,0.5128229866523861
2018-06-28,0.16594011202390946,0.14981491009490933,0.18774504697451866,0.16360499844431664,0.17124241126646245,0.14714000741815147,0.12322563326809644,0.6976874805177502,0.7457287739900342,0.7209479626700941,0.5205854744805962,0.14294641378431527,0.13690701571347208,0.13243247593674878,0.08551697305191754,0.34273142612514373,0.524711458009463
2018-06-29,0.16857016031863725,0.15212825374672856,0.18671488551577586,0.16307737660792399,0.16886862408371964,0.14712177774742685,0.12450042250801119,0.689292889506484,0.7429813396186215,0.7241064369056277,0.5064519779106607,0.14265824351011736,0.14123768928326141,0.13449853243541576,0.08509279564139256,0.3332144654468745,0.5214607354619207
2018-07-02,0.1634852875603109,0.14714547285895097,0.17984861322036771,0.15780350430858814,0.17240767071946192,0.14792354784677686,0.12577992915596237,0.607505654469644,0.7348266348866704,0.7247324780281169,0.4839426209618393,0.14216498313734083,0.14450105980193473,0.13591599150548972,0.08791793206743868,0.3235241009391586,0.4921997623002695
2018-07-03,0.16576487614187263,0.1487471998981641,0.18620016380375393,0.15991318266636878,0.09006068002810946,0.1484519818943314,0.12700481737500258,0.6319558440827223,0.7294223175278433,0.7239736463345814,0.471633274513932,0.1405415644822604,0.14950757560039796,0.13765298829480976,0.08410315184384405,0.3291796829195473,0.5377930907881003
2018-07-04,0.16576487614187263,0.1487471998981641,0.18620016380375393,0.15991318266636878,0.09006068002810946,0.1484519818943314,0.12700481737500258,0.6319558440827223,0.7294223175278433,0.7239736463345814,0.471633274513932,0.1405415644822604,0.14950757560039796,0.13765298829480976,0.08410315184384405,0.3291796829195473,0.524711458009463
2018-07-05,0.1682198181788318,0.15711151546733515,0.18963352535050715,0.1723952979688097,0.14919647826067495,0.15018308786153745,0.1287236258929707,0.7540701516634453,0.7359190541882326,0.7248808719786336,0.48644191017573657,0.1399565783375064,0.15465618936912096,0.13998687662856124,0.08995014537418024,0.3377327610129708,0.6019293210850736
2018-07-06,0.17786385828902207,0.16316222303647088,0.19873161768507952,0.17520814851333122,0.1586752148866744,0.1520235634677768,0.13043093235216408,0.7771232269643412,0.7426378795157385,0.7271727090001405,0.4987489328449577,0.1400109379157214,0.15890739939471343,0.1421853035687719,0.08706317307654028,0.3467502718755656,0.5418752188431517
2018-07-09,0.1803187281146147,0.16156060353213553,0.19804498730129605,0.17169212578206872,0.2001948564463018,0.1527342439106968,0.13203918461669328,0.7203176841937831,0.7435449545222176,0.7292176040743751,0.496554006389386,0.14062173951538548,0.16114355039256534,0.1436356525638548,0.08304112376540833,0.33569840950966484,0.5033227397309713
2018-07-10,0.17838967339618228,0.16743298264204332,0.19941801966444783,0.1825915373728898,0.2026178799439601,0.15410091578436347,0.1339814913590449,0.808226853835723,0.7533478234232432,0.7331384205254527,0.5132280040802943,0.1444069493962865,0.1606062080207169,0.14527247632826934,0.08654887967864415,0.346868993553062,0.5912698235322518
2018-07-11,0.18592968185100678,0.1667213135962825,0.20370969263704364,0.17960305557924094,0.14598567372436913,0.15555871085571282,0.1358861953263072,0.7616502290723771,0.7570416790990582,0.7371360555443537,0.5139108006187395,0.1468173238890128,0.16094444389885643,0.14666225195395255,0.08175852006920213,0.3384732363032175,0.5066769279464672
2018-07-12,0.18663074992076245,0.1681446992525848,0.20267943817656253,0.17837218065732852,0.138789711698996,0.1570893575274549,0.1373184163298956,0.7422753568162933,0.7575482294573074,0.7404522327822357,0.5078537101631238,0.14825800731576977,0.16240095061432003,0.14813348176546492,0.08079794780102721,0.33043006196628244,0.5172594573856342
2018-07-13,0.18329953212729266,0.1697466936562828,0.20576968701529552,0.18434979143485797,0.18431390687174834,0.15923959498568696,0.1394574153861069,0.7916234528418743,0.7622822964888711,0.74420861395584,0.5117664324650125,0.15074106094314066,0.16327732568722342,0.1498347679249481,0.07776035593876639,0.3407038002341098,0.5609496475369091
2018-07-16,0.1880337086962336,0.16850079088828163,0.20456788595526232,0.17995456077383243,0.12901854120258952,0.1609889473942434,0.14144192572705772,0.7215583112321782,0.7605895888508959,0.7468191743604574,0.5015818836389658,0.15241021198642735,0.16333402914949602,0.15070651350824993,0.07493959593335216,0.3331393871446647,0.49823794755192463
2018-07-17,0.18382542111732747,0.17330580334095447,0.20662785960228114,0.18786565236856256,0.19484451022548738,0.1641049465205272,0.14345310833285574,0.7864714020760727,0.7653711960915911,0.7500221429707615,0.5068474630900176,0.1545695928570352,0.1650622661847725,0.1526793938501254,0.0760757012336082,0.34392909684092143,0.5725887866029227
2018-07-18,0.19118974028976188,0.1720598249877081,0.2067993151375861,0.180305904170866,0.1309104093029779,0.1662186910960579,0.14533959667873098,0.6764367150628637,0.7607258665852903,0.7515017618499586,0.49152958794246715,0.1552256914698411,0.16701899741225557,0.15400992200658248,0.07525310837732825,0.3362719872692932,0.47934932516540985
2018-07-19,0.17874053059673134,0.1692128665272995,0.1999332039563363,0.18083376870359547,0.19982036205103568,0.16709335472236664,0.1472078523420688,0.6812490259312686,0.7562989935609207,0.7516536198442549,0.47972787695275826,0.155693418389385,0.16912607553821535,0.1553221155816572,0.08065901075122482,0.34730550041040853,0.5279048384231002
2018-07-20,0.18347483874858117,0.17134833834955154,0.2047396805752285,0.1864593888938597,0.24163989752878456,0.16825956730056923,0.14908375424423137,0.7314885737352422,0.756853430285971,0.7519043370498787,0.48060658022985137,0.15696799947743956,0.17083073260358272,0.15683620068254134,0.0813865882773644,0.36038805905555443,0.5587248791763293
2018-07-23,0.18908591884329007,0.17134834909643026,0.20508302304550396,0.18065789475813132,0.1736266425160055,0.16918888639779872,0.15037556482501746,0.6483105186953178,0.7506349417037071,0.750655475231714,0.4672776755707113,0.1576027091384823,0.17182036818122526,0.15766205914104248,0.08152565984095635,0.35063796818668425,0.4898470175332752
2018-07-24,0.18294878186078045,0.16850091844345783,0.20422467589465765,0.18241590612376257,0.21317235545038546,0.16917068188301354,0.1514716356728315,0.6654163407795353,0.7462391044383797,0.748631782633882,0.46039064566076837,0.15848525815505987,0.17227747796555903,0.15834111004751028,0.07870389860818457,0.3623256933302103,0.5353427069783696
2018-07-25,0.18803367208870947,0.17455144133184375,0.20885940376698886,0.18944778978872967,0.20229112985406653,0.1701911074072997,0.1527535507864889,0.7296910326259581,0.7482455087765122,0.7474804910434425,0.468144921806014,0.16027474534154307,0.17295191025501722,0.15958907347117746,0.07796151528491004,0.37348026749222096,0.567154677872514
2018-07-26,0.19750247829764322,0.18683085395019694,0.21881587467615737,0.19437039958981084,0.2003664375437345,0.1718493533887998,0.1543066073865249,0.7699768859284567,0.7532756488108124,0.7477319072907845,0.4806127936139201,0.16259657638772718,0.1738007856939251,0.16119491170860312,0.08397886778619089,0.3845405368734617,0.5541993614737384
2018-07-27,0.19820383399386943,0.18469535960609462,0.21915922858814252,0.19560103181538646,0.17477847388311896,0.17301556596700274,0.15584773255550566,0.7798442901512596,0.7571703393466622,0.7488408337132896,0.488234713624587,0.16467082912158615,0.1750202341165803,0.16286498432004815,0.08205494946975307,0.3943470644018313,0.5320445923770202
2018-07-30,0.1975023374555137,0.18131395233960235,0.2158975122081369,0.19454603083893818,0.15582249264066292,0.17452799973864652,0.1569476478491696,0.7619190081565285,0.7579969838709828,0.7499206531801051,0.4879759984577646,0.1659290713272138,0.17699259682896362,0.16450752972374738,0.08026845178147553,0.3854693293073233,0.518433125306764
2018-07-31,0.20188616473303522,0.1868308893028383,0.21898760723574984,0.1989412614999636,0.24168018178644268,0.17567600780206416,0.1586654924121501,0.7997611620587969,0.7614992759506113,0.7516008400363027,0.4933123225637875,0.1665354916281988,0.1805977235621763,0.1666547659384623,0.08209689552886969,0.3985538617734621,0.5508970051054007
2018-08-01,0.20048330303594153,0.1822038621690124,0.2164125893546185,0.19103008900645457,0.19720636133188707,0.17678759006528555,0.15993842198669062,0.6704590559742815,0.7555676383178119,0.7515624145539337,0.4780365554028794,0.16501938427636198,0.1852772299668043,0.16827895142510663,0.0827218585787984,0.3876484276834389,0.47779888567916134
2018-08-02,0.19382011062456528,0.186296940911435,0.2158976011893109,0.2005233989201307,0.21190713135801215,0.17882845788448387,0.1615141329506965,0.7547446017087814,0.7585626726660928,0.752229771350058,0.48430985247553426,0.16701132462540957,0.18618271974652356,0.16974713251074203,0.08839902800532799,0.3992741602268929,0.5814828661602138
2018-08-03,0.20714650189734374,0.2008898192899753,0.22877231411218357,0.21159900805153187,0.2792803142768901,0.18143422747799853,0.1634173611284645,0.8327084453561245,0.7699947783279922,0.7554283076119809,0.5068080664673315,0.17186627500357676,0.18510199343409595,0.17164659852007091,0.09796295510677001,0.4142009987241806,0.5902787171746646
2018-08-06,0.21643995145981143,0.20017808918748003,0.23684058261115093,0.212478135082516,0.1747441576636324,0.1847324562290219,0.1650919528321071,0.8383234907491409,0.7783865268506828,0.7599431262078384,0.5185077511489711,0.1755091883211658,0.18566888136524684,0.17377547481773115,0.0907478842800772,0.4240058448494822,0.5298554683914369
2018-08-07,0.21591353979077932,0.1975083082512048,0.22997368610818336,0.2066762364528928,0.18002587144547375,0.18724708585422756,0.1664019591296051,0.7499727139619766,0.7780626131850836,0.7634794817109356,0.5098107494778341,0.1778294581616845,0.18583646173158674,0.17503260553208977,0.09075482241687245,0.4139422088606725,0.49079421882626517
2018-08-08,0.2104780790972598,0.19145791626785313,0.22585411408217893,0.19946864064001935,0.16250520338328084,0.18828576620517723,0.16759456765242542,0.6519657002604904,0.7696014000841499,0.7643363853851296,0.48599462681963357,0.17850969149523555,0.1871943650748804,0.1760695143618678,0.08807858812812959,0.40473703879479367,0.4823192113540705
2018-08-09,0.20399035563295498,0.18576322230906517,0.22224921998964187,0.19665587099427673,0.09469635367787813,0.18852265968615067,0.16875627843219365,0.6162695784982799,0.7589646239213738,0.762542636769797,0.46243448687957667,0.17857208204457398,0.1890014646653404,0.1770238542362439,0.08264271810954939,0.39885432119126385,0.508041311023955
2018-08-10,0.19820387018952623,0.18149208683175155,0.21812933287744807,0.19313984826301422,0.17544689415833503,0.18826755330507927,0.16979440392680367,0.5724410965284162,0.746087945687256,0.7581062790469826,0.4389458382080215,0.17864000107167122,0.18983274790325189,0.17748266214507125,0.07759502187975816,0.38901504285530897,0.5038110267861047
2018-08-13,0.19908065411119413,0.18113615598231436,0.21589770638448424,0.19313984826301422,0.1043884476685113,0.18812179979241483,0.1708510748917048,0.5724410965284162,0.73488596418915,0.7519461805037644,0.42362448689024507,0.178327597006802,0.19148930907698225,0.1781708845648422,0.07585877372045045,0.39537264716882425,0.524711458009463
2018-08-14,0.19872971729653655,0.18505108570951323,0.22070399455434353,0.19964427188914668,0.10716209340874944,0.1881946681634339,0.17232174319731863,0.6420836614250542,0.7311968175346956,0.7461582174127673,0.4269321871742969,0.17889070492069248,0.19213644465246782,0.1787856842068426,0.0737096426252961,0.4018661527129219,0.563521202549729
2018-08-15,0.20118473225001943,0.1887884421266488,0.2184726104378799,0.2035121234101166,0.20727742574641506,0.18948845489545518,0.1738542098325615,0.6799579188747445,0.730974104794577,0.7414759359706128,0.43675996220115076,0.17927656660930624,0.19412685178259192,0.1799969615772964,0.07976222356668163,0.41326504205115966,0.5476303763761994
2018-08-16,0.21749208605217651,0.20462715800116504,0.23821387916965642,0.21704899699266877,0.2062852394003912,0.19120136473318927,0.17542375034723712,0.7899127559452689,0.7424976325857442,0.7404160707567322,0.4689575588442445,0.1821687747283306,0.19496880574224706,0.18188726029593372,0.09101620667898848,0.42461531690938814,0.6045962356186201
2018-08-17,0.2204727626775489,0.21032180501054687,0.24061696831026924,0.22443254764978537,0.16915658192549798,0.19253158565072015,0.1771539471829784,0.8376786150025609,0.7573474585165388,0.7430294482841595,0.5016069234406375,0.18692490225882508,0.19414751680405995,0.1838693163737246,0.09368666398220236,0.43414638675253225,0.5676693147737596
2018-08-20,0.22994147241276652,0.21441491369373433,0.24902844843967875,0.22390516850972964,0.1266641501439043,0.19371601951433426,0.17898919236416166,0.8296560829775849,0.7672478012666372,0.7474277703769153,0.5174722800211851,0.18995449084410632,0.19557238762755302,0.1861266614194239,0.08919150566580035,0.4266973325344475,0.5216665623518726
2018-08-21,0.22783750872684982,0.20978805406522172,0.23975884145552895,0.21704899699266877,0.18062416727217387,0.1947911759773593,0.18020034351374825,0.7285767308486755,0.767248411315739,0.7509465702443336,0.5096547074217082,0.19090097379988114,0.1981764365978812,0.18793437851482309,0.09252873589689721,0.4166043816486698,0.4851048185734085
2018-08-22,0.2204727659892416,0.20284739684501873,0.2363254176869295,0.21107154801269723,0.17715822910403334,0.1959938395116978,0.18130643494379273,0.6494743228266986,0.760313264957845,0.7521451324734572,0.48903143530547905,0.19128547162137,0.20000644791161626,0.18906305737159101,0.09053064860488806,0.40668125247275905,0.4899343691775441
2018-08-23,0.2125822496354306,0.19572898755190848,0.23254896336387287,0.20878623840578925,0.13449272421546407,0.1972511752875834,0.18237546386850456,0.620493262351404,0.7514704551489769,0.7510428571106461,0.468580599162423,0.19158917367285,0.20117961891623726,0.1898155099427692,0.08384645627016098,0.3988486190417289,0.5113320984689899
2018-08-24,0.21258214666561226,0.19483908964796515,0.23134723299936455,0.20755552528143473,0.11742711906385353,0.1987453877738159,0.1831911261818444,0.6045230618626896,0.74221847249426,0.7480045396760298,0.45137222282358586,0.19175152822337138,0.20224096948851855,0.1904394895432968,0.07817624161975452,0.39185215466685847,0.5174889369068595
2018-08-27,0.2134590053732679,0.19679675140735153,0.23100397378141047,0.20808298532026936,0.13325883232349153,0.2002942725015957,0.1841798169936859,0.6102247150366229,0.734392931088714,0.7437498704524772,0.44056076389443544,0.19179135755051513,0.20358520933708457,0.19114606765751052,0.07639847748980778,0.3996243306919222,0.5278109004841294
2018-08-28,0.21223151528795003,0.195373021732966,0.2301456050390196,0.20491846778359835,0.16294833021752006,0.20084095299050075,0.18477920932328618,0.5659493926530917,0.7243270021586072,0.7379999193701161,0.42727005428965037,0.19181019209468186,0.20417752091903096,0.1914580553464681,0.07394294244130335,0.39039744859512193,0.5061265438246569
2018-08-29,0.21065340003763022,0.19234764579784114,0.23048887366918613,0.20597330696248872,0.10415569417981999,0.20109605937157216,0.185681397259977,0.5789656960247209,0.7165600517460069,0.7315895999021522,0.4214004154696998,0.19115148500687795,0.20635616311675797,0.19223803512539273,0.06656586217467793,0.3967436486095674,0.5309271142959175
2018-08-30,0.20889976577643887,0.19234750987553584,0.22774215171276835,0.20298450157372416,0.14013550430668553,0.19963824752959658,0.1864599771633092,0.5354712120065916,0.7069073111984265,0.7242114365833512,0.4127978021975087,0.19111501542106624,0.20664377269153456,0.1923664954282076,0.06400790220977028,0.38863453403057463,0.5071194555047642
2018-08-31,0.2073216749289012,0.1905679506045751,0.22551061676205864,0.20263291548035356,0.1308910131789203,0.19737867397358388,0.18702846321928224,0.5302837842414899,0.6983494385696788,0.7163141953268647,0.40818401377267854,0.19065865012207617,0.20617856709335292,0.19189849911562895,0.062437407027694306,0.38097837481720226,0.5226354952952535
2018-09-03,0.2073216749289012,0.1905679506045751,0.22551061676205864,0.20263291548035356,0.1308910131789203,0.19737867397358388,0.18702846321928224,0.5302837842414899,0.6983494385696788,0.7163141953268647,0.40818401377267854,0.19065865012207617,0.20617856709335292,0.19189849911562895,0.062437407027694306,0.38097837481720226,0.524711458009463
2018-09-04,0.20574369675413118,0.1900341620808852,0.22551075236945517,0.20140244505233584,0.11743607112111087,0.19504622366123892,0.18775761697042137,0.511331381615111,0.6899262916079966,0.7080330942343872,0.40477210211265147,0.1900518247227868,0.2056465033768028,0.19132038974945398,0.06017423616884694,0.3739814718154445,0.5174433644280715
2018-09-05,0.2029381945456301,0.19697474457703446,0.22430915405968643,0.21230226113705175,0.19431484683776037,0.19455421541388096,0.188808097581317,0.656591069920622,0.693030574106614,0.70213177463299,0.42592462565493105,0.1905398072116098,0.20573905755289956,0.19161404707964114,0.07041284998805404,0.3847452294208692,0.5891779560156376
2018-09-06,0.21626451802134117,0.20017797023507555,0.2352955064382306,0.214939237736109,0.1586558187626168,0.19495510884886902,0.1897041008510525,0.6859032317641185,0.6974160402291822,0.6984329047387443,0.4455009478743566,0.19136357556114725,0.20650582838659182,0.19242155406631178,0.06758000481277147,0.39376178992520827,0.5401297616769194
2018-09-07,0.21626430641265393,0.19839816879693017,0.2328920407612446,0.21300519062745582,0.11260494422122325,0.19539241131342777,0.19035909831275122,0.6525844883540468,0.6984874026988821,0.6957235272018526,0.45429598240264607,0.19161176553517711,0.20793150838658392,0.19327492706472282,0.06790072575720861,0.3870015992336311,0.513434291341995
2018-09-10,0.21959596447404983,0.20676248163614708,0.24164688528037304,0.21634558210959098,0.0993902156998196,0.19630351751055886,0.19108825206389035,0.6917942424403852,0.7018747081157565,0.6943455548041166,0.46613008509479004,0.19160231182507015,0.21031272801135303,0.1944861790995046,0.06873501734848446,0.39311430353506954,0.5442282388640763
2018-09-11,0.21942068174821228,0.20088975980826596,0.23718373150804528,0.21282955937832848,0.09580939279687631,0.19679550898729048,0.19173090293987838,0.6298337268507852,0.7006361555159004,0.6929544890182117,0.4660137054176919,0.19071242595863647,0.21320508672357974,0.1955139079707554,0.06441245838421013,0.38717704998855185,0.5042400650323865
2018-09-12,0.21714121728020008,0.21085567331728716,0.2387287453443433,0.22390516850972964,0.2017181981895956,0.19876351682078297,0.19260836358284772,0.749210527247364,0.7094114795762678,0.6938870316288999,0.4866669382864234,0.1922335999710435,0.21418077023413662,0.1967802355340893,0.07273873253419937,0.39830355202977513,0.5894343994134971
2018-09-13,0.22853861522135277,0.2094318926289397,0.2433635109791462,0.22249866233868987,0.12005305585934528,0.20047640150257762,0.19371445785641694,0.7248744728086675,0.7142780471267541,0.6957673889665482,0.49509152407335016,0.1934615382938608,0.21490729072431847,0.19777126146167867,0.07108114379048093,0.39117842376796286,0.5165863720715841
2018-09-14,0.22590838544195757,0.20658443387208758,0.24130350676629964,0.2198615239420746,0.10779918148356477,0.20222573714050807,0.19439417692478744,0.6791711067642119,0.714877714440721,0.697411448212645,0.4929912047947627,0.19383947447977856,0.21482108216996676,0.1979180647911002,0.069542074278178,0.38465370261038556,0.5094550758403865
2018-09-17,0.22345359834087553,0.20854206696312627,0.24336347975466965,0.223377627572116,0.12800695873250806,0.2043759662134268,0.19480818563960045,0.7173212970428011,0.7178727340087132,0.6994247893464802,0.49627354136784846,0.19361679803622656,0.21493342609368649,0.1978630019303843,0.06677152857514716,0.39216855086156555,0.5451085547465261
2018-09-18,0.22678535101799857,0.20765247872633985,0.2418187139279635,0.21933438749835577,0.20796225812660296,0.20623464633445132,0.19504917723001158,0.6472177138308045,0.7156522655399417,0.7005179046563534,0.48809417764116725,0.19277585114815265,0.21529771722449798,0.19762442435136107,0.06607639812690279,0.3807361065664492,0.5013417704450877
2018-09-19,0.22275214047164504,0.2072962844263616,0.2425051259028308,0.2175761334363876,0.0908857613053293,0.20678129328210393,0.19543229957587238,0.617757514288626,0.7115043535949461,0.7004255814012085,0.4775574887693273,0.19284120649997083,0.2152869770532846,0.19765193889127097,0.06301686395043689,0.3750400978079475,0.5145061483289125
2018-09-20,0.2245056966970368,0.2147708204868023,0.24645346697175852,0.22970658174667913,0.15095704952128874,0.20831195672447234,0.1964951381465787,0.7484220610380793,0.7188613000657536,0.7020665156850225,0.4929634287831833,0.19573920831978386,0.2143263200180061,0.19862461756964178,0.06929696729802966,0.38367943918920694,0.5952482595169794
2018-09-21,0.23552838772050755,0.2177829538053676,0.2553429461236153,0.2312646113307154,0.1284291974331468,0.2102045805930095,0.1977116066879847,0.7625760482423621,0.7252768599050559,0.7048746330224273,0.5033378548016059,0.198598353508617,0.21379691196379946,0.19979790409976872,0.061753102712508876,0.39121497600857136,0.5336581728554013
2018-09-24,0.2321732113721946,0.21491536824391844,0.24203149961723547,0.21639282699650486,0.13351396595532625,0.21020947761587183,0.19852892961994595,0.5462078273578492,0.7155414586991404,0.7048519521993866,0.4781765007206974,0.1987620631710899,0.2145383125924265,0.2002591780140145,0.07311889665529354,0.3834302991172195,0.43944940601355187
2018-09-25,0.22352067737298253,0.20613378287012663,0.2366725635718967,0.21072756640454926,0.09919177843061483,0.2099916020250565,0.19914712333709095,0.4819797977336854,0.701859122403154,0.7016446620083985,0.44987032014027156,0.1987182907258137,0.2148518962026822,0.2003972152008865,0.07691868511709422,0.37732731771178296,0.4917281491471144
2018-09-26,0.2178698754170304,0.20380389139937793,0.23701815708388518,0.21178968647354623,0.12935424334974047,0.20873580914678502,0.19957402459442153,0.49481710506185883,0.6915216466788136,0.6966693207037352,0.4341551198388383,0.19848428980616062,0.21578557257724063,0.20075586697525638,0.07639487159429119,0.38490817930950183,0.530931889783693
2018-09-27,0.21292562275367966,0.2014741303164076,0.232523537150079,0.21055047897740065,0.10731577039166743,0.20749735709604733,0.19982141695969102,0.4801105227732374,0.6817738756990851,0.6904169897599591,0.422804685563328,0.19829438034445468,0.21644117826142162,0.2009947781406286,0.07942043883094506,0.37840714400383885,0.5174619676143993
2018-09-28,0.21380860478909813,0.1978898237478225,0.23511675437288204,0.21196693569825276,0.11264075245025268,0.20667906792984903,0.19964278671686642,0.49915883750049284,0.6750787676708384,0.6838545966422109,0.42004871932899246,0.19774929605053615,0.2178982222414404,0.20146362742083512,0.0727743447602645,0.3851690892029652,0.5330086451722904
2018-10-01,0.21769326273941725,0.1995026313855104,0.23667247522049806,0.2112585859896584,0.10481963842640737,0.20542290609780045,0.19917973288221535,0.4897049683207062,0.6688677415672384,0.6771569859561938,0.418846847305506,0.19703567250354548,0.21948544182281782,0.20191385498204173,0.0666029705333226,0.37879035769437824,0.5205683091597798
2018-10-02,0.21504456450441445,0.20362467540060003,0.23494371856878515,0.2167470018508023,0.11775386915374711,0.20515471862826073,0.19892812925636605,0.5652889466190019,0.6688925992735203,0.6718046913625368,0.43080459654513886,0.19590325601124448,0.2221734781034852,0.20271478313918811,0.06978763238953829,0.38580283195063514,0.5568371242726562
2018-10-03,0.22316753787086396,0.20470011008229938,0.23183206465488138,0.20647851983710874,0.20131087958438582,0.20400442975967414,0.19855658574445578,0.43392562949681135,0.6590908346635511,0.665238212689455,0.42001240515237503,0.19635885486410254,0.22112776344425022,0.20241080574522863,0.07922862891884376,0.37469628743278405,0.46495012836103433
2018-10-04,0.2081576644245815,0.1901831868945223,0.22387964263687865,0.20417678777807136,0.2724991309044412,0.2013582178009785,0.1983142406361269,0.40830181683353417,0.6491402974208608,0.6576657101035577,0.41107043103429347,0.19700430367963595,0.21938954904564145,0.20184904633278766,0.07989079905073755,0.36010170880262754,0.5111707548143375
2018-10-05,0.20656855999961976,0.19161712873410053,0.2285474215336426,0.2032916742374441,0.1820699245192372,0.1984587693860368,0.19812111125913856,0.3982420068666158,0.6405092744599964,0.6495959471979791,0.40665056700134555,0.1976271166180813,0.21778092767620105,0.20134203730777378,0.07402164771547638,0.3499379196745505,0.5194918279651494
2018-10-08,0.2067449897778577,0.20237007257573913,0.229065901860956,0.21639282699650486,0.19706760444439803,0.1984587693860368,0.19843173509065593,0.5715038625640081,0.6460692063955021,0.6444360728679143,0.43251491077814824,0.19762979560621707,0.21778310779641785,0.2013445033131923,0.08397064774503911,0.36083655504782053,0.6020429426256405
2018-10-09,0.22104847038809383,0.20362470308787906,0.2384012512930438,0.21426842506095323,0.17571545587605578,0.19882578615601754,0.1986491481714603,0.5443308841234168,0.6484681517576113,0.6408673312639613,0.4466575842017881,0.197654647569233,0.2179056031463248,0.20141960669054637,0.08051160519059684,0.35098411790524664,0.5123431293067076
2018-10-10,0.21539763675120838,0.20308693490247087,0.22785575878020004,0.20276041195599825,0.36437111051762283,0.19788988458798829,0.1985732942975733,0.41576857691972235,0.6396018511113785,0.6359457374759917,0.43463285093157217,0.19719674721754077,0.21619712652847956,0.20031592991953784,0.09296877698704185,0.3318880577396737,0.45756276241873833
2018-10-11,0.20444933717793645,0.18964555368782277,0.20365327642861752,0.1793906153856858,0.6389247385626278,0.19466010514796916,0.19763893471861382,0.24146686144601714,0.6109353562752696,0.6253267363161816,0.3839918387148952,0.20120254124995463,0.20783035826556195,0.19806585198912185,0.12209638082828218,0.2993396033584783,0.3866902892277502
2018-10-12,0.1876739704741357,0.17208228318794916,0.20365338643477382,0.18452501819009048,0.3664808120112736,0.19181569792835218,0.19699009917567012,0.30214957046511126,0.5936965589304439,0.6128134326060618,0.3671544612322093,0.20247244717459856,0.20296299192303735,0.19622141928222514,0.12266809410654674,0.318539033260492,0.5558034772231774
2018-10-15,0.18626128365491257,0.18140166745012565,0.20901254612776454,0.19019044057960421,0.2117445023178368,0.189631944373577,0.19655275649440362,0.36568017265865504,0.5861033451852815,0.6010329264238725,0.37366788148502267,0.20171145696061565,0.2003233265462876,0.1944891729314252,0.12887223907643003,0.33015679741549336,0.5588291848315174
2018-10-16,0.19685629532673965,0.18659884025892592,0.21610030265521185,0.2006359291216676,0.2054273339132277,0.18796200088027337,0.19652581409467818,0.4702594447865336,0.5906168282436783,0.5926605460754241,0.4039607727456131,0.20059103995055316,0.19951994087972236,0.19351318372523252,0.13139127290238145,0.34146503719702215,0.5872332505427877
2018-10-17,0.20409645676020116,0.19179638893309325,0.2231883519489115,0.20506222491381454,0.21093583314558878,0.187815199203469,0.19627133282149134,0.5104718975091737,0.5989441402872064,0.5879036122148243,0.43609641933195564,0.19962330652631588,0.19919771829911703,0.19286000476259968,0.1304885268796217,0.3530431787232039,0.5509118650897696
2018-10-18,0.21045329810977997,0.1993234436834045,0.227510074678404,0.20382277472133203,0.2636410702482853,0.18777850507325278,0.19588059835910632,0.49928910967844853,0.6048745662428754,0.5854803576700691,0.45683916687140463,0.19616260375588956,0.19997383576552918,0.19150896737957057,0.13424297895314619,0.33888262139803255,0.5174090860937747
2018-10-19,0.21892951259465288,0.21312329249822337,0.2409944351555574,0.22542218241283196,0.3970565635737806,0.1900723745599293,0.19631704532998606,0.6688972035716569,0.6301838403099209,0.5894409628080485,0.5135816630777945,0.194681219254489,0.20084137395734958,0.19120401456223501,0.15393866611755397,0.35958018143362563,0.6521336168944246
2018-10-22,0.2314669965364109,0.21330254256704828,0.24185878903919522,0.2181633776728754,0.22298977824262162,0.19025589552288946,0.19638093933756773,0.6021682154095406,0.6434430241472899,0.5956999620165502,0.5340107801494182,0.1949551844843852,0.20075146406994815,0.19129643064886315,0.15466724374657775,0.34741142880369197,0.4828445903697266
2018-10-23,0.21681016606215908,0.20971787784499418,0.2335605440716838,0.22241218154397913,0.42919892515632524,0.1911000114534992,0.19671776056525103,0.6320016815030047,0.6578546512177628,0.6040662935589096,0.5527416581608696,0.19661921897612056,0.20030046693728198,0.19190632361569837,0.1629081297075749,0.3696838786781423,0.5494025402222396
2018-10-24,0.22740555930930662,0.2251309507421223,0.24652641325782854,0.22648446427938684,0.5231254019100706,0.1935590548380276,0.19680842067400572,0.6601811094880115,0.6728401391836786,0.61425224925871,0.5689152619024888,0.19888594443952623,0.19956123883235832,0.1926733357531153,0.17353213021168645,0.39655847495864477,0.5482725529318374
2018-10-25,0.22846484362546893,0.21724518399739345,0.24220437185362265,0.2287858727433083,0.4225087543659929,0.19867896770858673,0.1970294109093067,0.6761723151546923,0.6864510170537598,0.6255735034734247,0.5790062843994063,0.20154050578160854,0.19880043243015888,0.1936251547281168,0.17826432668301578,0.41850312433931824,0.5379708268866433
2018-10-26,0.2263457929544218,0.20953873562344838,0.2325233161590029,0.2101962232243244,0.5611522491297853,0.20133983719461768,0.1966896835990355,0.5071787129490402,0.6793241124565278,0.6329693332367186,0.544115420077056,0.2014138035235945,0.19874472174940327,0.19353273019626416,0.19238425106913204,0.38976531414603877,0.4178624628535648
2018-10-29,0.22104855933587708,0.21276496773359843,0.2387470951957853,0.22117321674417045,0.44741486966550637,0.2045512611842154,0.19661220038530214,0.5879044501120722,0.6836368515417244,0.6398912312624099,0.5399029105358885,0.20250376635608858,0.19868041806710401,0.1940502366347554,0.19766140312838398,0.41293029663166714,0.5890353611807174
2018-10-30,0.23199666622386184,0.22620622056504192,0.25136682116221065,0.24029380494948438,0.469207161049002,0.2086618758409997,0.19734890653893955,0.7015252685505228,0.7044666909037524,0.6502838700153544,0.5707523499560792,0.2069766657541693,0.19666463991438166,0.19527929120180543,0.2060730571481343,0.43716304316995064,0.6354800417619795
2018-10-31,0.2443575300486973,0.2251308141988353,0.24946512139731092,0.23108744300478778,0.42425291352163486,0.2113594394572469,0.19782381787299474,0.6272281696459873,0.7115514100239231,0.6602493218298876,0.5669553283364199,0.20957851395095417,0.1966073952184022,0.19656378444204126,0.2092914484880135,0.41513293465073453,0.4724148308980382
2018-11-01,0.23747092562291672,0.22602707950693302,0.2543057685879724,0.23799239648556292,0.3116763174817266,0.2149011860866088,0.19811505739433488,0.6661854339979077,0.7228293406310325,0.6708503982344338,0.5726050336369672,0.2132475059628317,0.19643604927925806,0.19832883204299745,0.20579614548958386,0.43164709074868635,0.5643057385034724
2018-11-02,0.24223884868177492,0.22423505605231897,0.25050269673533165,0.23285823637749503,0.4029022569628355,0.21567194729803885,0.19817107199403905,0.6246200635791691,0.7260232695126031,0.6800757158458819,0.5603766965528355,0.21554837982249875,0.1971831117422086,0.19987209539292683,0.20579236296799752,0.4106631073556852,0.49547849213539036
2018-11-05,0.23870693307254487,0.23283731423008325,0.2589733149755107,0.24507403289959184,0.2726214756869585,0.2184612881663921,0.19917919261245842,0.693278565258615,0.7390466012199519,0.6904915114708571,0.5709581782149477,0.21964271320230988,0.1960664254873763,0.20136914647692994,0.2057885257292455,0.4252636805533015,0.5946319643419667
2018-11-06,0.24912544689931337,0.2366009034336145,0.2672713102304719,0.2510935492446239,0.2077832169814558,0.22143416676833172,0.20059802345664757,0.724222736741252,0.7538372347549215,0.7022716208176749,0.5830847865731084,0.22471404987326526,0.19481613696674693,0.20329127946757197,0.1982209256266408,0.4366873523106718,0.5587397921537373
2018-11-07,0.25936701834042397,0.2423355795880726,0.27193864274419055,0.2567586480390218,0.19943691559851215,0.224572143800305,0.20217864518839224,0.7524517338993594,0.769513037359537,0.7153495006566277,0.5946199300265118,0.23039333859415378,0.19472001946522433,0.20610978431480553,0.19254462681079892,0.4477020776001144,0.5565423170391046
2018-11-08,0.2560122610640734,0.24412813543934098,0.2771251857088103,0.2572901530168046,0.16695735985927365,0.22752666695182322,0.203821505996147,0.7551468018635793,0.7809105395730398,0.7284683898126545,0.5949844385110546,0.23279213881710248,0.20031040204637884,0.2101758472149523,0.1818707296012425,0.4571253914379447,0.5276809343901707
2018-11-09,0.2611330043331327,0.25165504116633164,0.2823112568251732,0.2631323392383509,0.25081874023666256,0.23301359659236298,0.2056199275281012,0.7850956002955355,0.7937847224087847,0.7419642783284269,0.5983353713014542,0.2357989342057608,0.20537198160644898,0.21427885374764555,0.1752010001484839,0.47065768885153736,0.5573339454101903
2018-11-12,0.26448814236755,0.2512966531304013,0.2812740395481079,0.2578210917031345,0.21262031191951503,0.23681221890386484,0.20725656101602485,0.7307374383228974,0.7972553237745745,0.7535699337979772,0.5815341653249926,0.23708394732401084,0.21101401505815964,0.21780891939127411,0.17008833251673616,0.4589970123660616,0.4952259457255077
2018-11-13,0.26254580156766594,0.24735393051402466,0.2762607567144132,0.255519602340434,0.31998233460701214,0.2383904019156886,0.20861938579108497,0.7072733240888236,0.7961290663731826,0.7625919446172733,0.5585696181620589,0.23834974890421912,0.21537216712951923,0.22067364072704565,0.16723194624985077,0.4420758836211749,0.511866870755528
2018-11-14,0.2614864833003179,0.24251524409184122,0.26969170859335223,0.24879205988192354,0.2368938151728418,0.24022551930684388,0.21010667165701524,0.6402092057925691,0.7872815702200466,0.767747335810671,0.5242014364729359,0.23835181178700127,0.219839780970143,0.222956173653433,0.16755133170266417,0.4292258703307802,0.48707856100654295
2018-11-15,0.24965513377782045,0.23229958711746246,0.26364091413626933,0.24719851573392282,0.3566589131904087,0.24117975116935497,0.21161884974111933,0.6245758145666638,0.7772790416203024,0.7695402107194254,0.4943139425417468,0.23715481918459347,0.22545675058008086,0.22522022420701704,0.1643360569078638,0.41050768722861786,0.5157369268263076
2018-11-16,0.25089112626739807,0.2387513616262522,0.26882704857885065,0.24967709252377157,0.2016107735025073,0.2429230577671515,0.21324925875273681,0.6434108550222659,0.7702876463877266,0.769344922220157,0.47664228930310815,0.23808743564276902,0.22701374956414389,0.22648623929706158,0.16053978260329133,0.4216289257471936,0.5386927892441434
2018-11-19,0.2542462108300261,0.24072270725609268,0.26969141086712967,0.24808362927454997,0.22420576602007944,0.2432350081858683,0.2143631641895829,0.626076212931953,0.7619330663946823,0.7672413652562036,0.45968077675435604,0.2380033023856022,0.23015510247237192,0.2280479639067342,0.15863554420657872,0.40940059296506803,0.5157453847345769
2018-11-20,0.24930212577066846,0.23516731867043528,0.2549973445271666,0.23161886708379154,0.4673436411299286,0.24121642014363198,0.21497301784779443,0.47042652236956906,0.7387205418286908,0.7601480314893456,0.41532949001237474,0.23747266955186197,0.23162077866612907,0.22852851826745468,0.17145592554304223,0.38525915392382454,0.4319188222572832
2018-11-21,0.2353517528531074,0.2183205741502281,0.2479093185777662,0.22382871916361025,0.2223735783014068,0.2378031700525316,0.21571355138613146,0.41057001821792716,0.7122310780192327,0.7482990713332104,0.3730594330619727,0.23766929314257756,0.23115492472069943,0.22838989836012413,0.16904217989512277,0.37312059344463344,0.48006567008673284
2018-11-22,0.2353517528531074,0.2183205741502281,0.2479093185777662,0.22382871916361025,0.2223735783014068,0.2378031700525316,0.21571355138613146,0.41057001821792716,0.7122310780192327,0.7482990713332104,0.3730594330619727,0.23766929314257756,0.23115492472069943,0.22838989836012413,0.16904217989512277,0.37312059344463344,0.524711458009463
2018-11-23,0.22722877234154404,0.21634905342015487,0.24687194374491828,0.2271924903928655,0.10445111206931279,0.23468348977378772,0.2173937476776222,0.44300704358273923,0.693890349747734,0.734544957002805,0.3561256016686414,0.2377508419416462,0.23091143398626468,0.2283067297938156,0.16545007952109525,0.37948126814635985,0.5441447832037923
2018-11-26,0.23287954039464576,0.21832053436291154,0.24981091229612506,0.22843185968656887,0.17046656630415807,0.23108671871972764,0.21893703676915588,0.455220876795029,0.6801594441547191,0.7203411992377985,0.3521289770324384,0.2354120157884253,0.23508778856919044,0.22925856143665302,0.1604935811340072,0.3890765237240124,0.5318467667408087
2018-11-27,0.23111362784023504,0.2224424514303478,0.25240396666218246,0.23710687845104084,0.21267551627260206,0.22893965090985557,0.2205861106791165,0.5370156702434262,0.6771392661597924,0.7082742352402456,0.3711217209631179,0.23430345382336426,0.23781245182484478,0.23009023865451506,0.158052317314118,0.4007399050752932,0.5745916285069288
2018-11-28,0.23976640313365905,0.23050746249277987,0.2584547175887447,0.24525112032674046,0.3024840466879626,0.22787530311544324,0.22215429767587436,0.6048139119015012,0.682049522623156,0.699765170515738,0.40274586310231664,0.23451971183706555,0.23810532026403863,0.23034899187376057,0.1584870622355059,0.41680366446446726,0.5711251810752744
2018-11-29,0.2478891692346199,0.23498774071245654,0.268135549655259,0.24684434087962537,0.17284781353461537,0.2276734183167488,0.22362290442583643,0.6175602670628539,0.6870005248600978,0.6941119224328726,0.4281295922266856,0.234579884640714,0.239656347596222,0.23117144268436307,0.15051585412098595,0.42651559479414214,0.5337163218059293
2018-11-30,0.2508910003258171,0.24090190161960812,0.26986419714624,0.25321778938261774,0.22159027329138795,0.2282973275394955,0.22535909825588063,0.6674221257915904,0.6963902630995565,0.6917779298530631,0.4576325656863901,0.2354583965320608,0.24034392911006786,0.23196615093400685,0.14932771259150462,0.43861577542069435,0.5606761230992796
2018-12-03,0.26095647796455546,0.24197733377898478,0.269518598224325,0.2541032265183609,0.28580636401750426,0.22875610479095632,0.22636721318724984,0.6742489917966934,0.704026555759839,0.6916906400465002,0.4776022282296643,0.23608003638918273,0.24190075571139624,0.2330750595213057,0.15038564178581149,0.4538623729188251,0.5296759110775001
2018-12-04,0.2600737379150684,0.24484499669175985,0.2626038147516383,0.23728420857452637,0.38694969093022313,0.22763672418653247,0.22703929454737115,0.5034462191562389,0.6936716321116017,0.6892072322023602,0.45630449842131804,0.2360458104298847,0.2411383933464496,0.23266845998747032,0.16649672381959213,0.4336600226389957,0.4304946435466588
2018-12-05,0.2600737379150684,0.24484499669175985,0.2626038147516383,0.23728420857452637,0.38694969093022313,0.22763672418653247,0.22703929454737115,0.5034462191562389,0.6936716321116017,0.6892072322023602,0.45630449842131804,0.2360458104298847,0.2411383933464496,0.23266845998747032,0.16649672381959213,0.4336600226389957,0.524711458009463
2018-12-06,0.23835357889347875,0.2236969604814555,0.24393306805088288,0.23834616684596532,0.4597463285375173,0.22833402166971206,0.22759936092570987,0.5131257218171466,0.6860342572828743,0.6854403494326758,0.4448964201249442,0.23550245810273462,0.24037270688102397,0.23200309456655333,0.17875547873266734,0.4574292136618824,0.5307624226098855
2018-12-07,0.24170871514396985,0.22602687239579922,0.24790922837981189,0.225953201997941,0.3198778939390096,0.228554228377575,0.22758068749679183,0.4100623104054626,0.6680503715403987,0.6782350716047637,0.4143344829515418,0.23482131824107333,0.2378975298951269,0.2303951661361786,0.18743708367980882,0.44051320223068086,0.45417363154433066
2018-12-10,0.23570483704784917,0.2163490671387973,0.23753677668028927,0.225953201997941,0.6381160693903798,0.2284257737658788,0.22748112146762112,0.4100623104054626,0.653736333722601,0.6691344637448333,0.39748797276860026,0.2335983614639,0.23590374071712739,0.22875949514484495,0.19711944859644803,0.4730220339830567,0.524711458009463
2018-12-11,0.23694099461695806,0.2260269450321436,0.254651397761833,0.2339201946489342,0.357743604128092,0.2289946501786142,0.2283149994023479,0.48990978335775304,0.6498993293874462,0.6609596298126607,0.405716650432967,0.2302235291690803,0.23625476361126996,0.22723473105816694,0.19800564329954162,0.4917933640430638,0.5706377789904933
2018-12-12,0.24418097349569667,0.22799837144181434,0.2581089171523687,0.2326809062540096,0.2541653176413716,0.22853588969777983,0.22871948515181173,0.4787369048326602,0.6457187731904024,0.6534453382827397,0.4115878359878897,0.22767623110893476,0.236203772040265,0.22592250792480828,0.19234472577153905,0.4780970932781014,0.5176257586721689
2018-12-13,0.23817711528941787,0.22692305774913746,0.25862753995560517,0.23870042259904156,0.2280939428888587,0.22785689735314318,0.22866347908268292,0.5376115030448079,0.6480941421624391,0.6479875676191629,0.42986707977711214,0.22540873261809857,0.23672662802828803,0.225044609995796,0.18465677579686057,0.4905159363382784,0.5591720958882845
2018-12-14,0.23676456690341707,0.2186791257306152,0.24600778832954218,0.22205841118357672,0.27695576340906275,0.2252877883485922,0.22834611609682787,0.3965791225859522,0.6344200872362936,0.6404341358177318,0.41123994038584827,0.22476720829135755,0.23462846270820636,0.22364921407351657,0.19237639587401317,0.47570299462272675,0.4300232502162466
2018-12-17,0.22405044487321024,0.2068507085111957,0.22094093962761396,0.19975089647981914,0.3823125252709116,0.2197458426686676,0.22700195906363563,0.2635937136630738,0.6030377230381694,0.6270766361987617,0.35965088415877555,0.22784192988324092,0.22673872783496707,0.22117262678922522,0.21332282659010837,0.4557278530705198,0.39559906343915374
2018-12-18,0.20656871827082013,0.18874979902343003,0.21039574729415145,0.1885972200267193,0.3826944797138922,0.21295601984605717,0.22544622101948963,0.2123134622854852,0.5685531494527752,0.608352804264058,0.31195260972907923,0.23107619225185194,0.21729788840031916,0.21798448715376295,0.22196676020663542,0.43573399677112123,0.4586279276777597
2018-12-19,0.19738623279709389,0.1849860827252251,0.20261629930574465,0.1795678646103923,0.6652795951282904,0.20697361043852758,0.2231437334912756,0.17525801945045533,0.5340145064264955,0.5853233037083424,0.2736819713479618,0.23424050175369604,0.2071661866636304,0.21440822191204434,0.23647697341170887,0.40189422483370923,0.47057352827352844
2018-12-20,0.1799040873156318,0.16007449956754494,0.18221685352410588,0.16310253612818126,0.6223902888082872,0.1991744642462029,0.22005092230132672,0.11735336440766753,0.49288423632903045,0.5573128597381792,0.22940919956964154,0.24048272802609028,0.19399118350474454,0.21083192711204146,0.24995110054931186,0.3701559143133603,0.42502275924669647
2018-12-21,0.16779268918053203,0.16749929818348108,0.18151129506039299,0.15370484857123878,0.548826758295946,0.19168578427217298,0.2164286666541626,0.08894269009836903,0.4536572680664689,0.5257612918910562,0.19793416438079153,0.24649276550939303,0.18088144587000765,0.20717172478862678,0.2690840230711045,0.34202202023941425,0.4667794005777547
2018-12-24,0.15585338361476464,0.13838126464232603,0.1555173895592774,0.12779871348289795,0.31909160490990496,0.18151188386280948,0.21187714986843065,0.02553551943528759,0.40095480691017893,0.4882358914766659,0.14483616589211407,0.25487814968124567,0.162431424978692,0.20198374343355352,0.2835787980750836,0.32514453486981404,0.36333905981447734
2018-12-25,0.15585338361476464,0.13838126464232603,0.1555173895592774,0.12779871348289795,0.31909160490990496,0.18151188386280948,0.21187714986843065,0.02553551943528759,0.40095480691017893,0.4882358914766659,0.14483616589211407,0.25487814968124567,0.162431424978692,0.20198374343355352,0.2835787980750836,0.32514453486981404,0.524711458009463
2018-12-26,0.13411276915938386,0.13602987734992533,0.14923681267487288,0.15209682354180354,0.37256224290810563,0.1730307349984379,0.20797434351054078,0.22452625578073654,0.3851702477069369,0.4545364292663545,0.17884275357103296,0.2562652722143678,0.1532576773373222,0.19799934162722455,0.303308570258116,0.3446419386372681,0.6805709644288015
2018-12-27,0.15104181110226544,0.14543457234942658,0.16162326463540322,0.16067274130204645,0.5106671222269137,0.16556695101906327,0.2045596595040282,0.28461008684817324,0.3838102528143564,0.42725986526977,0.23593224106589383,0.2548056646138638,0.1468884617800671,0.19400976712117368,0.31644916420924,0.37090611249960886,0.5782278571493304
2018-12-28,0.17171306119754715,0.15520093696922033,0.184825953909464,0.16067274130204645,0.33923074971987516,0.1574792326610025,0.20122587094129307,0.28461008684817324,0.3857598345368026,0.40589303206852223,0.2884604753787654,0.2513118813610299,0.1416980785576084,0.1895950938180362,0.3071135400107464,0.38877036215667576,0.524711458009463
2018-12-31,0.16743636512554205,0.14923265815469977,0.1837793316741122,0.1644247457715421,0.19783300533990214,0.1515053930434822,0.1982604297683268,0.3125670277135557,0.3937833678952049,0.39066972971133507,0.34306682528895316,0.2464076853153735,0.1381228702397549,0.18529310091660156,0.2910836504336672,0.3997065001288101,0.547902896057266
2019-01-01,0.16743636512554205,0.14923265815469977,0.1837793316741122,0.1644247457715421,0.19783300533990214,0.1515053930434822,0.1982604297683268,0.3125670277135557,0.3937833678952049,0.39066972971133507,0.34306682528895316,0.2464076853153735,0.1381228702397549,0.18529310091660156,0.2910836504336672,0.3997065001288101,0.524711458009463
2019-01-02,0.15923927854158537,0.14597732447689715,0.1774989995293289,0.15906495896894834,0.27988457814176176,0.14728821782755974,0.19516260828726262,0.28928499384245543,0.3979667023966518,0.37946615979047976,0.3787959396264977,0.23954240737628119,0.13528739067206885,0.18037867725850898,0.2849226896719821,0.3847500543166295,0.49171919733303726
2019-01-03,0.16191219409469615,0.15086045548168225,0.18029025288281375,0.15388363487274548,0.30399246833582744,0.14369008835277408,0.19179554763806972,0.2670012125039426,0.3992602889838577,0.37080481931112075,0.4013923705646666,0.23140895501429715,0.13308571191905216,0.17514759147995473,0.2783841263040515,0.36861238629694515,0.4926281895830569
2019-01-04,0.16422864511044633,0.1571902898123375,0.185523767254262,0.1730005017342271,0.25816539522586784,0.14300936863363445,0.18915643792892511,0.41006435988586787,0.4209619794562167,0.3689340825599135,0.4617501831472095,0.2251359774704157,0.1327175459141191,0.17179222374073932,0.2796733266383863,0.3825046501760502,0.6437689541942396
2019-01-07,0.17509907267379432,0.16207366555854763,0.19110655584862135,0.1717500493078058,0.20057382687019665,0.1439056999090471,0.1870520985993901,0.40357249926094485,0.43938892112561867,0.3717325344028084,0.5032519437207229,0.21784682275393374,0.13311775675391824,0.16831615685959822,0.27350971808061997,0.3714342192719203,0.5170863520461566
2019-01-08,0.18151420245743977,0.16677592009066988,0.20000378370423855,0.1801471807665418,0.3964821398997668,0.14664649819974473,0.18551672872508418,0.4619278994381394,0.46404800170500293,0.37971895438846626,0.5493648405088141,0.2125812907163579,0.1336421099559051,0.1659252548183785,0.2623337197284629,0.39210363408224486,0.5759861477780968
2019-01-09,0.18436543428525165,0.16514822004472407,0.1968635860977339,0.1715713439050779,0.20864858251633375,0.15118361503778788,0.18356169152114188,0.4134616767631314,0.47746136547465207,0.38923454248408385,0.5629567457182895,0.20648793170639534,0.13410842293489744,0.16308672634495502,0.2530465941090022,0.3806375617257687,0.47282197257126707
2019-01-10,0.17420789434381923,0.16279692126841716,0.1947699434945953,0.17693113070767186,0.4585184046837163,0.15375773845958507,0.18175148357790927,0.4515396518506666,0.494922627438523,0.40091696887893924,0.5822165383962034,0.19790827726721905,0.1367665387010173,0.16011211153141225,0.24415024920075,0.40434658776061383,0.5574458645568592
2019-01-11,0.18329627628817458,0.16442484066638108,0.2019228440933044,0.1796113072546951,0.1496828733716581,0.15572075703177068,0.17973056189885972,0.47069948355016145,0.5128544149225114,0.41444253829135,0.59859918790279,0.18857903692879008,0.1405664070966306,0.15734207804753464,0.22716524295232804,0.41292349791491395,0.5409850028791519
2019-01-14,0.18169224360809222,0.16352033338110772,0.2010503544104444,0.17514448117428782,0.09118267120436502,0.15722078053999589,0.17726637163236614,0.442058727066887,0.5242774369596266,0.42792552739082956,0.598220715729991,0.1747801194487384,0.14771378545275837,0.15402469692603393,0.2119390656012296,0.4072129413646501,0.4976685047578067
2019-01-15,0.1793758176034973,0.16948882486229166,0.2017483911009006,0.18425651514271457,0.1454351222030416,0.1592763813543473,0.17506646142633742,0.5095653787394685,0.5431492204534024,0.4431106458116386,0.6133499747297682,0.16527021306899414,0.1532528060220123,0.15205158011788533,0.2051610182206361,0.41558172306092556,0.5801457539624152
2019-01-16,0.18828579336921258,0.1682227731198298,0.20314396240583377,0.1792538964492395,0.17582735659177276,0.1613690033261267,0.17246669188608,0.47513212633832025,0.5544632043164961,0.45789585896957297,0.6097954444002627,0.1611552393163881,0.15522641287773542,0.15098171380130598,0.1953230889335011,0.40572380308226036,0.4945764745981718
2019-01-17,0.18222689350288068,0.16948869281936052,0.20401621926068925,0.18318444452390503,0.12676560679282103,0.16440608827063152,0.1699739554717401,0.504972875239705,0.5680676782099294,0.472895026480751,0.6116971629029584,0.16013505830170494,0.1556818582559285,0.15069918727639853,0.18618768986065742,0.41317782840506784,0.548516913284527
2019-01-18,0.19291920033670862,0.1816064791478229,0.21448382031697222,0.1942618334284434,0.1530428788622532,0.1666098659531392,0.1684617546394357,0.5834378269382492,0.5899845677095794,0.49000285575857694,0.6304398574860148,0.16294464267587505,0.1544058039463726,0.15146615718769507,0.1861567212962737,0.4219193698510686,0.5915171490541269
2019-01-21,0.19291920033670862,0.1816064791478229,0.21448382031697222,0.1942618334284434,0.1530428788622532,0.1666098659531392,0.1684617546394357,0.5834378269382492,0.5899845677095794,0.49000285575857694,0.6304398574860148,0.16294464267587505,0.1544058039463726,0.15146615718769507,0.1861567212962737,0.4219193698510686,0.524711458009463
2019-01-22,0.19612676224398895,0.17798924501455216,0.20541201759752936,0.18568591566820047,0.2861316220978549,0.16805434514725281,0.1666107904518478,0.5187922646554239,0.5998142410991345,0.5059802672931653,0.6203922173912966,0.1649940573496298,0.15468773745334918,0.15264492466822166,0.18939930349969458,0.4066568355760326,0.4736030587368633
2019-01-23,0.1971957568820446,0.1839574347157873,0.21535587824478253,0.196762900078844,0.3298027414183341,0.16977659622380337,0.16558477553037054,0.5932569238198467,0.6184115039535816,0.5230969370554197,0.6305184355217293,0.16860946142871913,0.15551405156653542,0.1548923930244106,0.18886573256460476,0.4240591380162894,0.5913347383218162
2019-01-24,0.19612660283536287,0.17636135542951048,0.20610970608212087,0.18514971856123785,0.23912586144900982,0.17118402071923666,0.16415056690278118,0.5096782791431826,0.6224805243683346,0.5377386999464516,0.6085203966031547,0.1646151325449693,0.165325265398658,0.15788589980412226,0.19464096864875385,0.41109976042199414,0.4556866331246642
2019-01-25,0.19238442668506495,0.1761806142978558,0.20733097949321289,0.18139787588930012,0.16740645473168445,0.17164700739788386,0.16230445092538148,0.4843440716439189,0.6224606740858255,0.5494474834588232,0.5824508118162041,0.16398874410679976,0.16893947615690208,0.1594153045414083,0.19046172719124244,0.40165444213531754,0.5021327049551939
2019-01-28,0.18383073072864364,0.17003134569473977,0.20366732780002728,0.18532842396396576,0.138706159164594,0.17223959747612472,0.16064005041547147,0.5133020575455371,0.6264104634518584,0.559735146396844,0.5698192796700606,0.16447077603883575,0.17098294697003602,0.16070223845139053,0.18303679643012527,0.40969352262130443,0.5484616905943913
2019-01-29,0.19149338653682146,0.1738293845683727,0.2104711534021566,0.1874724034040265,0.14622141123214624,0.1735174101866509,0.15883942799513862,0.5293570036385061,0.6317572624730242,0.5692115346847171,0.5626083209325372,0.1649052767881627,0.17329255098433127,0.16210108002507662,0.17123488942075904,0.4181008303791812,0.5376115356883076
2019-01-30,0.1927408044220893,0.18034031527713124,0.21326247564498335,0.19372563632148065,0.1825399075252485,0.17449890270211765,0.15784355443905373,0.5757103142903983,0.6419744070852624,0.5791741071056566,0.5669297350451842,0.1663990742541338,0.17481044353752184,0.16363047631713856,0.16572857532242097,0.42828764741884157,0.5622497305706495
2019-01-31,0.19826499360412264,0.19824519799745244,0.21867060503476865,0.21105601544713648,0.24150263265083843,0.17779525314300193,0.15824092000182488,0.6854917284900506,0.6662334968169231,0.5927985917403022,0.5994783890289661,0.17099653418408378,0.17557881278183285,0.1663442139375907,0.1791542389984842,0.4413634804517155,0.628051422003239
2019-02-01,0.21822358006413523,0.19860707893842422,0.23070823387349293,0.20801891348733115,0.18983285017090967,0.18036939333542512,0.15892357643155874,0.6588884052993463,0.6822008112996122,0.6074199188167779,0.6083387542758546,0.1723329663108344,0.17979063609568757,0.16916987188958266,0.17335484185612832,0.4308193287078666,0.5069304358548672
2019-02-04,0.21216438853181607,0.19878759574049643,0.23262690354848903,0.2140931174069417,0.1740787214075021,0.18242494383789798,0.16013711045512646,0.6949634785716299,0.6999968603664467,0.623264970203608,0.6192157433528149,0.17720409757165345,0.1791744805840214,0.1713147518867919,0.1652434345816003,0.4405915702345455,0.5603870907505882
2019-02-05,0.21911442682370907,0.2015006649981257,0.23803524069871596,0.21427198460722752,0.14317323573601576,0.1853879445409813,0.16193567416333232,0.6960396744734765,0.7135184783474174,0.6390926958385857,0.6190617446032164,0.18106972371578434,0.17969859465483073,0.17353423699313675,0.15334935802716088,0.448849525537296,0.5257553306070183
2019-02-06,0.21590665535813525,0.20077705444057736,0.23803508633797998,0.21445052821239752,0.2582071714930689,0.18722130101638135,0.16407083446074366,0.6971921921154983,0.7235367884354821,0.6540899928186342,0.6116805368161081,0.1847335805253698,0.1795821781472744,0.1753247427219503,0.14121431661477307,0.46274383634187516,0.525753247369268
2019-02-07,0.21465959169539095,0.19914973656803858,0.23367399840375358,0.21373619199415994,0.19125921129391543,0.1901843436460302,0.16709146561115307,0.6892586592578176,0.729862503004957,0.6675622587402793,0.5981254035038721,0.1870770702376825,0.1815747834325736,0.1775255892188473,0.1343082295816625,0.4521297967139828,0.5205441338899484
2019-02-08,0.2160848905372581,0.20294740003643597,0.23472043259983932,0.21820245178311426,0.1402488970319454,0.19399920830904693,0.16941502365989136,0.7210110126053855,0.7380601230997617,0.680250812665166,0.5911594335087548,0.19022604918840158,0.1826796454969568,0.17967979696600433,0.13198480116973166,0.46024446723354806,0.5507863661873544
2019-02-11,0.22339145246135605,0.2063840353784464,0.24274575652896058,0.2207040847249676,0.07722790594968645,0.1976659631864126,0.17152507563122588,0.7385799257617116,0.7457965700855295,0.6922049045199713,0.5846312180879125,0.19348042632368811,0.18366204765200123,0.18182468540843744,0.12246634280868489,0.46527127757098957,0.5392486113157879
2019-02-12,0.22695538647886793,0.21596941371155343,0.24745600552344693,0.2282078509676222,0.14911143371673005,0.20188827021396494,0.17389887876736798,0.7885434290208991,0.7577539588564395,0.7045552643723156,0.5881534188355072,0.19732734320241685,0.18528210676619283,0.1845943937511898,0.1215337972015302,0.4738201887089836,0.5682031247651165
2019-02-13,0.23426165279383904,0.21795891648872057,0.2539109956474124,0.22999458139978513,0.13591460930984114,0.2056476157188094,0.17620360414978586,0.7999186509435049,0.767544167545159,0.7167175017419826,0.5864813051315463,0.20149176229837018,0.1858395165708001,0.18698174879831453,0.11276173479059369,0.48172249071061357,0.5349872834155106
2019-02-14,0.22410398257329311,0.20819236660489748,0.24030309418538953,0.21909581699919578,0.1445518525536489,0.20648095652205922,0.17831363905997033,0.6623609216861088,0.763680598388439,0.7255467521355926,0.556856280421756,0.20250330747450984,0.18891163396122135,0.18906134721372347,0.12124711191131436,0.47339698686721854,0.46214572015818234
2019-02-15,0.22802454586383336,0.2148843079202455,0.24536254499946764,0.2282078509676222,0.1631557195439822,0.20857357849383862,0.18092607366074265,0.7279749899209176,0.767847466714068,0.7335813863989786,0.54979338978888,0.20492803874514431,0.19111608790528833,0.1914113997062803,0.12122005258840159,0.482634030486908,0.57761290922817
2019-02-18,0.22802454586383336,0.2148843079202455,0.24536254499946764,0.2282078509676222,0.1631557195439822,0.20857357849383862,0.18092607366074265,0.7279749899209176,0.767847466714068,0.7335813863989786,0.54979338978888,0.20492803874514431,0.19111608790528833,0.1914113997062803,0.12122005258840159,0.482634030486908,0.524711458009463
2019-02-19,0.23479616329312125,0.22193775118720582,0.25443427655070006,0.23321046966109726,0.27052520227919374,0.21055512860802095,0.183042404135359,0.7606502821708524,0.7744215970511393,0.7415414241033856,0.549130343422696,0.20850306631856264,0.19156229779882772,0.19344437203978526,0.11792307310885351,0.49713189188841445,0.5534824664065988
2019-02-20,0.23657824026344354,0.21994833057904073,0.2544343071688373,0.23142382012771334,0.19065643943858665,0.21233294915462242,0.18513988772603007,0.7383164676455626,0.7764677918556524,0.7483863913102923,0.5392191162625187,0.2105723103489946,0.19419126364614736,0.19583171864168603,0.11159000074730042,0.48654738647093376,0.5144887633624554
2019-02-21,0.2340833939952891,0.22139524829955437,0.25303863962422013,0.23428245938112746,0.1493755194058221,0.21438856673960016,0.18704269790561756,0.7583404453897554,0.779280383839006,0.754517937703516,0.5328779245970059,0.2134122419892711,0.1952182216613365,0.1977900985338915,0.11007145394769442,0.49510923710210325,0.5410977646724007
2019-02-22,0.22945007701737818,0.2145224755976921,0.24885158738822943,0.2296370896955504,0.34403651245753364,0.21603672518941597,0.18908366074912797,0.6975023185922681,0.7756549852021082,0.7585781492598511,0.5144670078529895,0.21394031033498473,0.1992431838156754,0.20011217199921627,0.11193299389370408,0.4770095179110365,0.4981611493424932
2019-02-25,0.23586534320854535,0.21940569746253769,0.24920054605245612,0.22427722199417754,0.200861784711975,0.2166663867369636,0.19074783662056016,0.6313998173359279,0.7663597747451403,0.7596597456140236,0.4879917921984038,0.21231006639515038,0.20523778728617248,0.20235031260545722,0.11338877696144174,0.46592497784203174,0.4939311473285528
2019-02-26,0.22909377128238373,0.2137991311550752,0.24885168833993998,0.22481325730358226,0.20014263611230057,0.21709231033161713,0.1923366477044115,0.6362652920839369,0.7582332574622439,0.7586308544992311,0.4692328699863043,0.21035198262294397,0.2112095821707135,0.20441127241141832,0.10683431239104517,0.47697428155108995,0.527806828308191
2019-02-27,0.22695542234627453,0.2096394364388704,0.24571150117534313,0.22338401857565404,0.135944449500699,0.21659231088085518,0.19403222746635218,0.6176794624568557,0.7492800430052586,0.7557208828085908,0.4525130151111055,0.20734837993806987,0.21784989718911973,0.2062857236671517,0.09938490026734219,0.46907051745983563,0.516462799193487
2019-02-28,0.22998469101817287,0.2166927910334825,0.2495494632339903,0.2280291455648944,0.10099860198705832,0.21638858969858754,0.19557079914984987,0.6632264476103789,0.7454527155953191,0.7525008133566747,0.4497567325614765,0.2047964076057477,0.2238793040420658,0.20807623784118923,0.09710222988374166,0.47526202839202597,0.5515598386200157
2019-03-01,0.2351525651260873,0.21615028305364647,0.24553694600118092,0.22624257693028937,0.13595340155795635,0.21712936503029767,0.19722241232766824,0.6380687866113591,0.7396798253795004,0.7485791844483508,0.44352096975148825,0.20470907531086546,0.22551788036860887,0.2088689192370642,0.10043531148609734,0.4673578256738844,0.5144346718407296
2019-03-04,0.23230155686033305,0.2147035833277724,0.2434436758878179,0.22463479459719127,0.1255302228913056,0.21675901090569494,0.19867935778145362,0.6149718971325718,0.7326153521006901,0.7437952595087499,0.4358565109890493,0.20374485143145604,0.2281695615976712,0.20973620574207497,0.10462075646592488,0.4599643308615246,0.5154460448830266
2019-03-05,0.22873730349907773,0.21199051580897244,0.24832821600493793,0.22391989208750074,0.1258107206853695,0.215796024776286,0.1997218139646948,0.6043308018646176,0.7254531314341754,0.738298714307288,0.4295224349731546,0.2033913453703725,0.22952348607514494,0.21024912642391447,0.09678428832815107,0.452557092406696,0.5205847333719288
2019-03-06,0.22802467195921927,0.21126725596553098,0.24466482540315915,0.22249073425835153,0.15369190301341168,0.21487009334555718,0.20101547283675503,0.5822850637724513,0.7176290582480898,0.7320778050899964,0.423083975410607,0.20288406026357875,0.2308651000195192,0.21067811424666993,0.09414221211948877,0.4437837505113658,0.5164556440152077
2019-03-07,0.22517320441429678,0.20728808369536966,0.24065207623190465,0.21623725864456045,0.18853032583996407,0.2129996737861637,0.201699980401288,0.4920170140403698,0.7048712024305765,0.7241274145927574,0.4077116004143579,0.20265203872290238,0.23127713062287703,0.21077137485570174,0.0919618372201549,0.4333034189796193,0.4885335321465254
2019-03-08,0.2214309954337762,0.20620296204438282,0.23855860070705692,0.21677321305518604,0.15232223825303587,0.21166630837621248,0.20281152002530334,0.4998580422683234,0.6947324352976535,0.7154039090086486,0.40083982032143695,0.2022221254285358,0.23201261667601414,0.21092989593347367,0.09157261224008421,0.4420096509611923,0.5278323060289305
2019-03-11,0.22267852637028085,0.2148842887793594,0.24466468439854416,0.22927984068765273,0.13158181359727977,0.21218483936897137,0.20449453140658047,0.6561483792380309,0.697938058337058,0.7091722867603932,0.42298875337424885,0.20240267083395092,0.23296633191648308,0.21150809397450077,0.09720926437684833,0.4496996575493682,0.5974965376794501
2019-03-12,0.23372685004684102,0.21795875854857738,0.2533874291203301,0.2296370896955504,0.13639503638265268,0.21268483881973332,0.20605194428697304,0.6599763880353342,0.7002184456737967,0.7047185127403406,0.4387910346520092,0.20271473601406476,0.23357083016527858,0.21197436323876395,0.09099262479344132,0.45762549919394996,0.5267637990677294
2019-03-13,0.23461811264296029,0.2239273265318028,0.25565558468916905,0.235175905495988,0.14077408439104375,0.2139070904455218,0.20772868285201862,0.7176463756141096,0.7065859049402362,0.7026396519190349,0.45990028671387095,0.20383450705163775,0.2331758826932272,0.21233806947971956,0.0906729477560191,0.4657659024909036,0.5565194205638627
2019-03-14,0.23978580414604167,0.22211862918474778,0.258621245555161,0.23428245938112746,0.10070318409756548,0.2145552583791268,0.20915422157177033,0.7023541110870786,0.7100772062690172,0.7017903327670384,0.470828982984415,0.2045115823919711,0.23294470137700174,0.21256188058451542,0.08301479480196162,0.4595888662459942,0.5196096896984976
2019-03-15,0.2419068594025856,0.22755345893798118,0.2615594947654335,0.23981536957070104,0.3005921785875742,0.2159621042879547,0.21016508903537545,0.7578272459952985,0.7172755227867981,0.7027886960919054,0.48725198116177076,0.20641010961501338,0.23318531965572553,0.2136433633067566,0.08164254373633324,0.4755599291529852,0.5563344467709168
2019-03-18,0.24423600655929145,0.22828076870229863,0.2645413736525001,0.24125237458140947,0.09554232308869848,0.21768454822670713,0.21133321765115198,0.771503263080843,0.7234718724237763,0.7050316620813507,0.4983145460493241,0.20852217834119113,0.23243033255304824,0.21432423838161607,0.07466675965831411,0.481484096997365,0.5328783218891117
2019-03-19,0.24764070873299304,0.23064513237932904,0.2627875685292227,0.24053415522178156,0.17395786863452778,0.21940664836762158,0.21226259821777194,0.7574152758408522,0.7268002876812956,0.7076018380997375,0.5012229298090926,0.2098224513660606,0.23189326574554614,0.21470650722500328,0.07449405604161773,0.4717177769336647,0.5206355957287202
2019-03-20,0.24423624698848467,0.22700807460887584,0.2591038669330995,0.2364022500862787,0.2705401223746227,0.2208486035824857,0.2130404587092698,0.6780942928281971,0.7246565027861023,0.7091582950977824,0.49221255825884386,0.21044163269502925,0.23178990800008936,0.21496636254598556,0.07460776422123343,0.45721918448734605,0.5012459578638722
2019-03-21,0.2388607688571759,0.23446369605323847,0.2605069476688109,0.24789926095729464,0.16410762163234796,0.224130430661045,0.2142161539451699,0.7938183308026717,0.7328423202331529,0.7123114508652097,0.5064047050739534,0.21328589851178859,0.23036946500983313,0.21567710837826126,0.08375944270307385,0.4665028687660519,0.5902796304537645
2019-03-22,0.25068635603695844,0.2382824334792799,0.27085620518424236,0.24664168943832465,0.2880652664654443,0.22722635534771785,0.2153727549104465,0.7708519688173606,0.7371190637763281,0.7158308196780918,0.5096597644541969,0.21579500941044294,0.2296266703098222,0.2165646845340189,0.08184074210350058,0.45114559108335867,0.5176226771087219
2019-03-25,0.24907386279715926,0.23628225343699927,0.26822509098141367,0.24861780391203847,0.16170250224920438,0.22923077221078025,0.2164418293315591,0.7892843096819887,0.7413036537520152,0.7196216793253379,0.5120728919984375,0.21846829419494151,0.22947136644567467,0.2178351713701906,0.08115571273463827,0.4603114309383428,0.5358647372621078
2019-03-26,0.2562410494424441,0.24592032810668907,0.27682041334277996,0.257061128573562,0.16574137208181583,0.23207332627619803,0.21771974929253957,0.8594915967254285,0.7514067029163068,0.7250092349114929,0.526265013655079,0.22282215466592137,0.22846262778785476,0.21951838897284814,0.08572804160286261,0.46967516462398123,0.5722709803923544
2019-03-27,0.26125812892333644,0.24519306860622359,0.2741893474804,0.25364808998791855,0.1647223295640199,0.23398800351824267,0.21861395261092653,0.7949779743104634,0.754961460640913,0.7301478396110314,0.524052230880791,0.2255919638406908,0.22881733042195096,0.22109805968359753,0.08887712800007123,0.460361361299014,0.5056488491194164
2019-03-28,0.26018312487826845,0.24646609072075298,0.28103056778493307,0.2584985380781655,0.15249531136001146,0.2364980463771713,0.2196158430659898,0.8349825450340586,0.7610607865778238,0.7356803839440105,0.5275537361247921,0.22914750942386164,0.22841613409189565,0.2226884473836489,0.08604475003784047,0.46907607340040813,0.5518951199078951
2019-03-29,0.2644833555983588,0.2515578029218919,0.2829600060544314,0.26514526265649274,0.18185656715460352,0.23912353822714572,0.22123444291812855,0.883380335689769,0.7707613712264246,0.7423674788907354,0.5378158795734854,0.23369008112128953,0.2279010027725027,0.22471902127352805,0.08505933349133922,0.4792294085876711,0.5617816593221384
2019-04-01,0.2712920715805083,0.252648900452104,0.28541581438233965,0.26173198137451226,0.18052271062325714,0.2412462886289679,0.2224127883193634,0.8196845697276666,0.7737800151263536,0.748420755059335,0.5321822251072725,0.23666429508785491,0.2287520202164195,0.22665535490838662,0.08195127220337832,0.46914142880661613,0.5058003897041657
2019-04-02,0.26287032254865716,0.24391972316552124,0.2789251008324244,0.25346800930594837,0.18299049440720222,0.2425869073347684,0.2231248240497794,0.6829154215831291,0.7670000952093442,0.7516830792636953,0.5073750411913458,0.2376953139466661,0.23075274729177475,0.22819765550277615,0.08071062285583168,0.45893253421362823,0.4787698746005348
2019-04-03,0.2558825993553099,0.2390099494858251,0.2717333519156202,0.24861780391203847,0.2523943023139576,0.24385307284537006,0.2237291783305695,0.6131229966299099,0.7558078897672659,0.7516842049129333,0.4783881029065381,0.2376988190691628,0.23341974560735335,0.22956139028014355,0.07873561976762757,0.4453230384678704,0.49752424307796045
2019-04-04,0.25355344396112456,0.23919200250620842,0.27401388982581876,0.25239051846894855,0.13385116011202008,0.24431860027389285,0.22436566160075255,0.6526753483007139,0.7493374160054392,0.7501769359176556,0.46498084121097366,0.2367304861829712,0.23807241711940252,0.23144845447797502,0.07361224811629179,0.4531242369719773,0.5459623881355171
2019-04-05,0.25803303549857814,0.2413743479907129,0.27664527007923134,0.2558038806497078,0.10958959293503642,0.24526827891137937,0.22528540261749685,0.6869801307021054,0.7463045197978028,0.7482641985129705,0.4613768632374572,0.23530253570367543,0.24347363018640122,0.23348570854006645,0.06803239394468218,0.45973668350701496,0.5438653442358017
2019-04-08,0.259466367660925,0.24537493584045889,0.2794517536305311,0.2599355430888739,0.06619747939907822,0.24644138421696726,0.22653876305273268,0.7264828988021642,0.7466701125391162,0.746819222724621,0.46553453008157614,0.23596061393401035,0.24595630362055831,0.2350858209155956,0.0644958733438981,0.4642230324148194,0.5478167993941953
2019-04-09,0.2617955404988571,0.24446555645994006,0.2798024449008545,0.2586779715699039,0.1546050128536622,0.24660897308499807,0.22772907969437317,0.7057522738699229,0.7446623177253047,0.7451952555072769,0.4639435771180933,0.23591534067553332,0.24896935337042114,0.23660164573263154,0.06038974361890041,0.45540495057698444,0.5177077642754612
2019-04-10,0.2637664658983241,0.2481025235292833,0.284012342336991,0.261552224287658,0.07998215556586699,0.24742825171814453,0.22907066049388214,0.7344732463267114,0.744675740642918,0.7438992104123651,0.4668582902717093,0.2366485062749749,0.2509403868607182,0.23797839037762658,0.054383760235275844,0.46056671178675246,0.5407389067084124
2019-04-11,0.26735004735349244,0.2508303217029897,0.28524025489072447,0.2635283387613718,0.07079286879118879,0.24794960017611167,0.23031842771537003,0.7539700175013558,0.745434006175595,0.7430391145570905,0.4707331950010848,0.23712941732813897,0.2534541327720583,0.23950491529351614,0.05099980696376351,0.46527822249670514,0.5356991616636336
2019-04-12,0.2684251605507195,0.2528307023456575,0.2864681634820828,0.26676194385527685,0.08855971842795907,0.24811717227351604,0.2317426498830295,0.7851669775954705,0.747941298686027,0.7429354498136006,0.4774566807329089,0.2385402321958351,0.25481343698922165,0.24091142513062713,0.04895408045494824,0.47086026136898956,0.5426558268790804
2019-04-15,0.2705752654015898,0.25901358062018276,0.2913796917669581,0.27269012547886007,0.07168956652646749,0.24925300486228252,0.23343175493846102,0.8371249142903706,0.7543062281010966,0.7443360867434756,0.4908275623368745,0.24103092541720017,0.25556407379669843,0.24255235749653525,0.04869925066361834,0.4756157078721537,0.5575035771491579
2019-04-16,0.2786382302619954,0.2617412720023149,0.29401089973060157,0.27286980166693553,0.11406412955417264,0.25126403773739736,0.23515230369375173,0.8386396013128773,0.7582536858242673,0.7463766889448331,0.49651584948509114,0.24285935633664602,0.25706128687373697,0.2442401566332325,0.048462518374721666,0.48244739474636106,0.5256995465259975
2019-04-17,0.2824008299677283,0.2650144649606052,0.29822073266218374,0.2778996832489209,0.16442094363635548,0.254299160518632,0.23709988233152202,0.8799433444844181,0.7647906990952613,0.7495328495732162,0.5064314135731772,0.24452012245234533,0.2596607078715927,0.24640616658098013,0.04714603170031144,0.49174643096612247,0.5523672598318649
2019-04-18,0.2861633827814467,0.26937873036851,0.2992730249275134,0.27879774059418216,0.1331185834264596,0.2570363195834351,0.23929883142608843,0.8870253211222136,0.7694242419971211,0.7531377868058429,0.5104203334475729,0.24733972922246517,0.260031017145393,0.24801895101517546,0.05030978693540085,0.49951173516995184,0.5296249153362157
2019-04-19,0.2861633827814467,0.26937873036851,0.2992730249275134,0.27879774059418216,0.1331185834264596,0.2570363195834351,0.23929883142608843,0.8870253211222136,0.7694242419971211,0.7531377868058429,0.5104203334475729,0.24733972922246517,0.260031017145393,0.24801895101517546,0.05030978693540085,0.49951173516995184,0.524711458009463
2019-04-22,0.2827592684964191,0.27028818652958897,0.301553618989683,0.2791572547678909,0.16012246414328066,0.2594569414632444,0.24149157879254912,0.8900027694998164,0.7720108275579529,0.7566246305427616,0.5093706675612234,0.2495149415407606,0.26120374499250687,0.24971614124100083,0.05105453167506034,0.5086001573793271,0.5266767052902408
2019-04-23,0.2827593214827586,0.2653783035031798,0.29892245780115834,0.2759237305727651,0.2791296213130579,0.26111414766591756,0.2431310728666598,0.8128994070057042,0.7696094233974977,0.758854374563513,0.498197023493106,0.25069909334078233,0.26282388850996585,0.2511414079206965,0.04845663873656007,0.4936807024346424,0.5070419482813451
2019-04-24,0.2806092455286979,0.26737868313862845,0.3006766481353368,0.27807952123455415,0.09730587836839805,0.26312515538509307,0.2448337841893935,0.83474169755231,0.7683593470934533,0.7603467959113425,0.49164338180133915,0.25254841213230705,0.26314370550969923,0.2522384889717325,0.04631838644182919,0.49969127977582073,0.5365291111010793
2019-04-25,0.27666711697385393,0.2588315274425401,0.2931336975667993,0.27161214924918653,0.12371743129669058,0.26416788584228,0.24611448796138524,0.6934941034620457,0.7599742235271005,0.7595862875803521,0.47161837183762734,0.2529765293713796,0.26455652869065327,0.25317614530602517,0.05036392804774133,0.4923866069081395,0.4893333624513173
2019-04-26,0.27684621493328687,0.2664691792301692,0.29716812658526237,0.280773855067896,0.10004819190823544,0.2659554165814755,0.2477486219908014,0.7914211982768252,0.7606871792958221,0.7591440601159201,0.474447389353802,0.254945067731459,0.26488694016273207,0.2543388330799866,0.05302357838674017,0.49853155028579466,0.5751477230144132
2019-04-29,0.28437191262651385,0.26810606653958247,0.303658598163126,0.282031588384424,0.08222016988020656,0.26753814443301027,0.2492324870961118,0.8032158235497734,0.7611403025439617,0.7588958943162942,0.47617229306822,0.25692234076193243,0.2646579032312264,0.25522023577697384,0.04699559697139648,0.5038029682173881,0.531573454905759
2019-04-30,0.2867012468166945,0.28065365432571854,0.3062898272757546,0.2938880325303699,0.21284709737003477,0.2697353480300313,0.2510825868520885,0.8972979184592674,0.7712805628355996,0.7610609028956113,0.49762162698964935,0.26140743136943556,0.2635100277748912,0.2568986607149909,0.05620072843315997,0.5154747565840089,0.5893189837086836
2019-05-01,0.29924337007460844,0.2815626844711083,0.30593880226512016,0.2811332074440467,0.15356657421180867,0.2705918658387467,0.2525096098919093,0.6853513061391092,0.7659156918047092,0.7615424395096297,0.48265820261131,0.2621920550082747,0.26556192006425117,0.25834268001465854,0.06666719624703958,0.5067075554651009,0.45600339186805733
2019-05-02,0.28437167473833425,0.2704698138407049,0.30050093755725715,0.280773855067896,0.18241010269501684,0.2708897792432996,0.25406923503478085,0.6801351338732038,0.7600375496536719,0.7605575628207564,0.4696240891734205,0.26181301053598316,0.26922338442071814,0.2600211049526756,0.06816240192191132,0.49652709851530646,0.5227515755148193
2019-05-03,0.28974717800349903,0.27647108799164366,0.3087455495046545,0.2884987176734546,0.18055105880457212,0.27189530406617,0.25549627229222693,0.7491909382022862,0.7613723818600119,0.7600807906566233,0.47414034117461973,0.2627019557424216,0.27203509470387566,0.2619058171556131,0.07064765143341366,0.5066164672815046,0.5668571040912446
2019-05-06,0.2850886374446968,0.274288874431724,0.30453564799114596,0.2868819555758917,0.12533178562210084,0.27269598407481466,0.2569106842985087,0.7240823187245082,0.7596210440688228,0.7592911625896006,0.4713595430736106,0.26316350299895264,0.2747552561157558,0.26352797578848863,0.07131028441505825,0.49923269536514664,0.5159567255967685
2019-05-07,0.2863426639562259,0.26974243490708805,0.29629111087710913,0.2766421117299509,0.2747595253619242,0.2727704456553266,0.25789571549362744,0.5814927601361944,0.7474204699799505,0.7558156909500465,0.447486607843299,0.26255876317488125,0.2770607721640699,0.2643999958415718,0.0820684057639907,0.4845273634459464,0.4691758608414073
2019-05-08,0.28007145320161153,0.2677421699368996,0.29646651072167596,0.27646251644065445,0.1527832692017898,0.27260284001666957,0.25857765819857703,0.5791990669093139,0.7365653285457839,0.7505051444435279,0.4311756715364135,0.2613970466227137,0.28002717112501796,0.2653282821997961,0.08465655657666639,0.4757985421796773,0.5237276429766345
2019-05-09,0.2763087302681797,0.262650318140053,0.2917303421153177,0.2743067257788654,0.3257280633566932,0.2728821380260944,0.25930379212612675,0.550645229224358,0.7250428593691948,0.7435709940455077,0.41674438040021244,0.2603002231158905,0.28241528422569306,0.26599401921057086,0.08678565790568991,0.4585958880776241,0.5129000515819991
2019-05-10,0.2759505194731895,0.2737432846580521,0.2926076046781768,0.28670227938781645,0.1839573165909969,0.27349663054220685,0.2602951302597778,0.6794802955559576,0.7267152591102943,0.7384134847979203,0.43253593265052004,0.26025423503259104,0.2848293770533441,0.26720361175882934,0.10411348230063079,0.46885215437444056,0.5927696573302872
2019-05-13,0.28025062854511806,0.26501436403616685,0.29822063590882253,0.2770013832073228,0.16981605014345671,0.2729752401576737,0.2607118630715759,0.5594974848169366,0.7180753033323558,0.7322736344585119,0.4238044616523749,0.2594490857020345,0.2866720356773016,0.2677380719845731,0.10923901370589316,0.45928877235059856,0.47208965113342605
2019-05-14,0.28401340709835177,0.27447061416183094,0.3031322418735234,0.2818518312975695,0.22078309612868283,0.27172766488626077,0.2614190591223793,0.6065628131024604,0.7150407216226392,0.7266544391134948,0.42843226763689257,0.2594806368864767,0.2875772635414868,0.26821627857301145,0.11153120240860077,0.47134940345281234,0.5512726372168356
2019-05-15,0.28455086535941776,0.2777438535563099,0.3033075757481808,0.28993572268416323,0.11908772568509349,0.27264006242161276,0.2627008690256105,0.6773277306422437,0.7194514192683197,0.723187149710556,0.447559335088755,0.26065736186642463,0.28815811290309035,0.2691070554686793,0.11640082466237063,0.4784272331152773,0.5687695108417151
2019-05-16,0.2994225080975419,0.28974583271850185,0.31698972584121,0.29801953317197794,0.16650378895823417,0.2744276099314342,0.26443729886823286,0.738704054933795,0.7296449730954324,0.7227892813238382,0.47484167195461263,0.2639370878516937,0.2869717958679474,0.2701572359680301,0.12147067352298475,0.4878283231908176,0.5684242128338561
2019-05-17,0.2963765369391904,0.28629079447222816,0.3166389609946194,0.2946064136875557,0.2052796249684813,0.27506068430142205,0.26592115259944316,0.6952165414278434,0.7335185604185905,0.7233738611995768,0.4835740955315556,0.2657974546210885,0.2867482006871678,0.27098238925032436,0.11768075384291675,0.47652732075292936,0.5063985458415714
2019-05-20,0.29637670599312416,0.28374502019579095,0.3159374607721339,0.2920915942447315,0.11632750803074135,0.27560067331045657,0.26719663565946683,0.6633334906172126,0.7332351942193553,0.7237754767273739,0.4819478295522048,0.2669441529833828,0.2869364469065643,0.2716575131276152,0.11142025585188207,0.46958473438071585,0.511173935474798
2019-05-21,0.2999600790206103,0.2819263763659532,0.3129553101354028,0.28993572268416323,0.09584669303544865,0.27697858150370513,0.26825111711008964,0.6357457043893104,0.7300333296423182,0.7233504629712799,0.47460039221235634,0.2675136082981807,0.2878055809797777,0.27238888641959924,0.10752578422446972,0.4636456532221677,0.5130779872029592
2019-05-22,0.29440558145493445,0.2826537969783878,0.3127798672131681,0.2946064136875557,0.14027724521326038,0.2788592311451059,0.26951397207542405,0.6784135987999639,0.7309552501255989,0.7232253376794162,0.4772659301297937,0.2688004032256973,0.2882225059065344,0.2732515280513904,0.10528018576979183,0.47176171272687606,0.5499679593833572
2019-05-23,0.29476396551740924,0.28028976092736557,0.31313072179572,0.2942471422101838,0.23421416603380596,0.2809260934349782,0.2706631713450294,0.6733771308576034,0.7304011420075587,0.7229960832290596,0.47634038529102796,0.26915999375388944,0.29018050285693775,0.274432989558384,0.09908310691064635,0.4590429950847471,0.5227774640064888
2019-05-24,0.3001393352412436,0.2826538315523255,0.3120782346768449,0.2904746703496106,0.116834791275325,0.2813171089711102,0.2716103125690301,0.6199980937678691,0.7255100566920805,0.72167264169969,0.46661477895480274,0.26957094271588156,0.29076570963251447,0.2749393356333113,0.09853707272089639,0.4520755531889198,0.5043968326593443
2019-05-27,0.3001393352412436,0.2826538315523255,0.3120782346768449,0.2904746703496106,0.116834791275325,0.2813171089711102,0.2716103125690301,0.6199980937678691,0.7255100566920805,0.72167264169969,0.46661477895480274,0.26957094271588156,0.29076570963251447,0.2749393356333113,0.09853707272089639,0.4520755531889198,0.524711458009463
2019-05-28,0.2947640560390319,0.27883502624567846,0.2978699502015312,0.27358834462167936,0.18415724586974458,0.2809633409958603,0.27185025489870274,0.4302486189079031,0.7050325651778808,0.7158408950949682,0.4265430204342839,0.27014971992010517,0.2893304632787028,0.27449863006220554,0.1144772521612203,0.44180949089162025,0.43344721855126944
2019-05-29,0.2738004786179946,0.25519472012178057,0.28629280729063866,0.26622299618982925,0.14554553090921568,0.2793433823540694,0.2716229406637196,0.3669656910733434,0.6814664716492013,0.705682598040936,0.38808677536349795,0.2706269258815913,0.28603097264061716,0.273054619207762,0.1174915576760543,0.43343529946373477,0.4842431856837558
2019-05-30,0.27236699175430235,0.2581042644334588,0.2910289118069703,0.2705344157158498,0.12040666212101092,0.27733239979083346,0.2715408537829511,0.41767185789149774,0.6666515334348857,0.6941028224979255,0.37545206191789166,0.2711593473353754,0.28442123994119517,0.27250140213943375,0.11151865010829771,0.4405777534875955,0.5485730912687209
2019-05-31,0.2668124641812091,0.24937541890466797,0.27997782369600976,0.2561629094307428,0.17532156535673202,0.2729938807087411,0.27077682419723326,0.30682677202054087,0.6414177488872641,0.6789573887543106,0.3437589550865681,0.27375625531311687,0.27933808657244197,0.27121680333389764,0.11995282807360154,0.43074461592806285,0.44551048817931704
2019-06-03,0.2617955211878039,0.256103874569662,0.2827844716408303,0.26873797743021144,0.22918012583608482,0.2703125678293219,0.27042323185888173,0.4387885125716282,0.6334682679524519,0.6649881380548933,0.35421337690036825,0.2734436984209704,0.2776273649758778,0.27018536700929496,0.12559147733994924,0.4432166790505658,0.5950092671914637
2019-06-04,0.27917564232248604,0.26355970749966584,0.2968174014176558,0.2778996832489209,0.22151418080470042,0.2688415491191811,0.2703790292621815,0.5197963761372756,0.6359642024846289,0.6543945020632411,0.38421729526148307,0.2729242420632575,0.2772228859626076,0.2697165261743125,0.12287773133071277,0.4553131313485759,0.5752910276134932
2019-06-05,0.2867008978290131,0.277198186875834,0.3034828909675745,0.2895762894092335,0.19947570784662738,0.2688042931729857,0.2708589053909516,0.6086752660784612,0.6489635519090647,0.6489495448985186,0.42998097167735216,0.2737459828821699,0.277732412488767,0.2703916416063793,0.12693657204333247,0.4663297573545301,0.5885965833778213
2019-06-06,0.2958388888934451,0.28829093404790473,0.31453389474920335,0.30035483822428466,0.28451875978198754,0.26940012836740457,0.27164186432284065,0.6786952218410583,0.6692054277823903,0.6493116541077063,0.4815966803657835,0.27619309007935644,0.2777549213392667,0.27163873094935875,0.1296091986332943,0.48151326568537056,0.5830161519535823
2019-06-07,0.3080231373490616,0.3004750930287148,0.328216256247704,0.3104150867809292,0.25603928162724526,0.2710759667358318,0.27300575541979,0.7358522620368267,0.6942203038297952,0.6554319305256568,0.5327777521995901,0.28049806048702897,0.27718910503403027,0.27352345159752034,0.13401021277463598,0.49530135567874145,0.578568353771697
2019-06-10,0.3159068691239546,0.2990202433713831,0.3317244956421437,0.31077435825830113,0.20353546581283932,0.2731800682012735,0.2740602482445127,0.7378362401540399,0.7136319686791956,0.6648527169750862,0.5621141078289041,0.28412109531548635,0.2760673063509307,0.27477992358440384,0.12493855057762539,0.506516898978087,0.5266164237745227
2019-06-11,0.3178778354353202,0.3028391400184267,0.33558353319696077,0.3141875586415024,0.24483279795057566,0.2773882543615305,0.2751905039503215,0.7573410720154016,0.7312838499144526,0.6765037325204646,0.5819373452284535,0.2882187618006732,0.27581662273589935,0.27672090209248246,0.11733731957779796,0.5197559012130373,0.5428031049828741
2019-06-12,0.3202071265084401,0.3079308683703408,0.33821472012303877,0.3158043207390653,0.13757969195970976,0.28252745345226726,0.27596084331809667,0.7667652722750912,0.7456785120701206,0.6891797228674184,0.5910477630133772,0.2921516890896215,0.2753983054576945,0.2784930943529734,0.11274612456381898,0.5277397878157053,0.5332534231819497
2019-06-13,0.3223572384037465,0.30738535278954604,0.3361097995617559,0.318139706690151,0.14717629733959778,0.2874618328847176,0.27726159109807424,0.7807751230461374,0.758028149619561,0.7021990287677631,0.5940992996156879,0.2959349505014158,0.27454040974961025,0.27996523624868186,0.11094997966996852,0.536193882441561,0.5370313407158072
2019-06-14,0.32164063633538165,0.3075672952101245,0.34049522810849586,0.3186787352543774,0.1197486859125951,0.2939417177637602,0.27859391622358776,0.7841408294852955,0.7669575886432274,0.7146957905931379,0.5894547026688206,0.29897632631053994,0.2736448853552622,0.2810435689023577,0.10270314349960342,0.543304097389205,0.5275487411431117
2019-06-17,0.32307387642888097,0.30611225774751394,0.33488183511183833,0.31562456365221103,0.10588045721140432,0.29880160207444595,0.2795473672296458,0.7436105512986436,0.7697507024339446,0.7253442326092007,0.5730260396059832,0.30148530748283797,0.27331244637130236,0.28214063728555805,0.10162424867553317,0.5368733885944728,0.5086433869783493
2019-06-18,0.3255824824453357,0.30829464216566715,0.3326015929400423,0.30987613911548184,0.244995426990751,0.3021160228651054,0.2803555937250135,0.670466356157721,0.7651887360279743,0.7327996608901384,0.544645157387928,0.3030878648313703,0.27354571142333595,0.28306892364378233,0.1074755894132038,0.5236264179710699,0.49438159183740443
2019-06-19,0.3132192689884037,0.30229354526682606,0.32821624483878953,0.3141875586415024,0.17541705396747717,0.30466702797862855,0.2816752850687878,0.7049024958196495,0.7643089713214368,0.7385589436754825,0.52956908521023,0.30525821637914097,0.27387860439227985,0.2843347782745701,0.11071594548843906,0.5334642342174004,0.5475836088045116
2019-06-20,0.3227155623940505,0.31084042386629696,0.340319622529039,0.3235289406482873,0.17704334436923058,0.30706906800456224,0.28332963087416685,0.7719906244486249,0.7710205564008993,0.7447307388177724,0.5332356728253033,0.3086473145418219,0.2734838743405863,0.28584442541022337,0.11098357947924277,0.5433817343482574,0.5740655094714093
2019-06-21,0.3262714319270912,0.3113814181291532,0.342369445780607,0.3200715695317724,0.20464552091275173,0.30806998090521653,0.28493822720522566,0.7268847661839299,0.771653271760641,0.7498156513069285,0.5235749913743895,0.31119668502026465,0.2736027536244978,0.28719236339603105,0.10555491736572063,0.5321118013148864,0.5066048763581379
2019-06-24,0.32572997399115633,0.31303068759210384,0.3448440693467709,0.3227868561488654,0.2401568400431489,0.3093150992798852,0.2862065701738816,0.7469399880055003,0.7732794567316836,0.7542626204055607,0.5179046755755327,0.314039347629938,0.27409476256791687,0.2888789379752429,0.10051424316751549,0.5451216941057025,0.5389779274958001
2019-06-25,0.3269938675713191,0.3104655098586686,0.3430766351891199,0.322243944443249,0.15161204171061876,0.31015015907232457,0.2877968087073013,0.7392732039467717,0.7726233332402834,0.7576672632278935,0.5086400304050411,0.3158223829973613,0.2773049323393788,0.29141857730218856,0.09334758726582172,0.5364502598571889,0.5218661976973814
2019-06-26,0.3213969553473415,0.3033192748962241,0.3308808846627709,0.3070388571397136,0.14879065166500804,0.3092416020103823,0.2886821117923224,0.5529228569236792,0.7564966779603352,0.7566320981885014,0.4691771046404972,0.31453279701053083,0.2827518053294855,0.29354901174368375,0.10243701424689185,0.5279170661826564,0.44498489546491105
2019-06-27,0.31255043298775287,0.2958066528042893,0.3273459019257636,0.3090300187863144,0.14658695357015503,0.30829736544111097,0.28935326047623167,0.5718340810300642,0.7444889208877832,0.7530051396996104,0.44614012743786857,0.3132908029858993,0.28791446749529337,0.29555833744988746,0.09761892837600718,0.5363422845384315,0.5353031499555944
2019-06-28,0.3181469816132465,0.3013034686803455,0.33035045948879604,0.3083057320182643,0.15978228596750105,0.3072221838221467,0.2897148118411619,0.5635815060468297,0.7333096837973734,0.7474978619207683,0.4294270391998222,0.3076072557923478,0.298863538765906,0.29827999669048577,0.09673566723307424,0.5272705301507735,0.5208660141093928
2019-07-01,0.31778600224372155,0.30313597800729086,0.3326483300629013,0.3146412389939235,0.163046802847351,0.30712026034116424,0.29041901934715075,0.6257961958042941,0.7294986049469403,0.7422037348916184,0.4313216149278118,0.30307850039151185,0.30803307776756306,0.3006759743113513,0.09536333971339016,0.5365022371433341,0.5583716392583091
2019-07-02,0.319049904130964,0.3099157733332749,0.3383044111424378,0.32387300315521417,0.15238490265383736,0.3085710620613711,0.29153610953203835,0.704385102492999,0.7342079270091711,0.7390661049737173,0.4504894906699843,0.29977357399606064,0.3159997351017054,0.3030756087142249,0.09519363146715933,0.5452115395131183,0.5734654313934835
2019-07-03,0.3293407906508703,0.3243913439108643,0.3482023052261216,0.33708684791336974,0.15361282650763833,0.31094461717863386,0.29319343250813135,0.7945414462646824,0.7492571243006263,0.7400637411849642,0.48724551826253903,0.3014215859120454,0.3192263718822135,0.3055554811906661,0.10221757238174152,0.553981006870944,0.5938912998897008
2019-07-04,0.3293407906508703,0.3243913439108643,0.3482023052261216,0.33708684791336974,0.15361282650763833,0.31094461717863386,0.29319343250813135,0.7945414462646824,0.7492571243006263,0.7400637411849642,0.48724551826253903,0.3014215859120454,0.3192263718822135,0.3055554811906661,0.10221757238174152,0.553981006870944,0.524711458009463
2019-07-05,0.33475703439394766,0.3192606252609349,0.34661147674134996,0.3323804805484549,0.1388777402620267,0.31186209621373684,0.2945211596536601,0.7357349675555317,0.7555040022920594,0.742317902878279,0.4984140582904952,0.3029636878754368,0.32097500266040435,0.30722709927811,0.10873997146461457,0.5459335193696171,0.5003732053692181
2019-07-08,0.33638170477473106,0.32200896301084714,0.35438828087402197,0.33382832599554435,0.11275116115642675,0.3132880103246012,0.29591240546146547,0.7457780465738496,0.7605293922652971,0.7452925745852748,0.5048182618209271,0.30540984453323305,0.320949484016561,0.3084491823127181,0.10070948990673405,0.5527008743003535,0.532231540450938
2019-07-09,0.33565980896462877,0.3196271815715652,0.347318564336216,0.3274932235137802,0.16112807857519057,0.313775834300712,0.2972135769266733,0.6666582184907868,0.7572736730629126,0.7469134530743662,0.49278516423594537,0.3062970885573627,0.3217810805001713,0.30932184420282793,0.10126234122594498,0.5435631796706379,0.4918513014666174
2019-07-10,0.3352986459235494,0.323291828134709,0.3540349895942716,0.33437156129627676,0.22536356542536445,0.3150328849759516,0.2993500566197018,0.7191448747721156,0.7599042185046858,0.7488232961994488,0.49535360645999016,0.3083922087925107,0.32177258153051436,0.3103753732335094,0.10067116769751035,0.5558482415301879,0.5606005470331709
2019-07-11,0.3405344706370852,0.32420806956941606,0.3549187989345375,0.33708684791336974,0.16225902180870347,0.3181474166724392,0.3018408622805415,0.7388552734540522,0.7632295473092966,0.7511262545208804,0.4988477837518001,0.31080320885969315,0.3215640420368515,0.31148624111278445,0.09570294258783112,0.565041349356666,0.5387885384271363
2019-07-12,0.3407148089846592,0.3289720465230639,0.3602210954543634,0.34016391386998235,0.10491661904669541,0.32137450442694626,0.3042882814363663,0.7611270756620582,0.7673991150575403,0.7539404843210841,0.5033921850053426,0.3135745576877972,0.3210750207414288,0.31263582189904204,0.08998482177180318,0.571424832656532,0.5406240298161245
2019-07-15,0.345950632684201,0.3308044492598603,0.362518931184276,0.3426981490197576,0.08224702605197862,0.3249393442086428,0.3073299233932745,0.7794152785917156,0.7716757733302528,0.7571886924849328,0.507249571739481,0.31655086089539364,0.32058728521009283,0.3138895449655018,0.08384643158432227,0.5766975664687874,0.5377796282424244
2019-07-16,0.34685315931987715,0.3337360344480964,0.3626954833675047,0.34306000925805624,0.1772343215907209,0.3278850040841925,0.3099422812188708,0.782114952141116,0.7739592804387827,0.7603195099661557,0.5062061527587068,0.3191724658999694,0.32079940687692954,0.31532157204703826,0.08228971590381125,0.5866244239732402,0.526573089278712
2019-07-17,0.3470340125554545,0.330987825858702,0.3626957490003486,0.34179313437950554,0.10965971738355237,0.32974245994950135,0.31218808307547197,0.7617172866907528,0.7731344509967542,0.7626319086905365,0.4989316941218828,0.320779564583041,0.3224726682507515,0.3169875191665418,0.0767010822717631,0.5800085415275853,0.518196047605179
2019-07-18,0.3470338639776449,0.3386835185807713,0.36269560405325874,0.3490334941978588,0.11554420302072252,0.33098075267928984,0.31427795454961904,0.8183990425289073,0.7778268051833168,0.7655755444204206,0.5045424006803257,0.32377160728269294,0.3230759560251508,0.31880634595416046,0.08311248261776173,0.58691274804716,0.5619913955129132
2019-07-19,0.3557001117458245,0.33978317916748235,0.3648168584465432,0.3421552373141412,0.08594422569926757,0.3319939249077264,0.31574720393623945,0.7116584124161665,0.7736059030541507,0.766946624593932,0.49056484914780224,0.3253323920783059,0.32343655902726187,0.3197785685904334,0.0874086204684398,0.5814588613304489,0.4895308016367832
2019-07-22,0.3481170991959026,0.33043794704406215,0.35827689535685137,0.3358196494397032,0.08109071865623652,0.33220032939019295,0.3166401532600851,0.6249063538510513,0.7629564646320293,0.7655612657970209,0.46606443159549515,0.3258978927509436,0.32448704980063314,0.3206005591363258,0.08753093897388141,0.5762427834911367,0.4921009939087414
2019-07-23,0.3495615437984785,0.3339195336693239,0.3635794992629806,0.34360324455878866,0.12470215759499997,0.3338701638744259,0.3177940614071517,0.6951820185105875,0.7605746755214287,0.7638978197619903,0.4635926723717271,0.32739141268011995,0.32513801055161995,0.32168709632515313,0.09123541485066859,0.583595705316421,0.5650104068060003
2019-07-24,0.3459506692778078,0.32915536699838177,0.35863046012686683,0.3363627229428776,0.09363553489288118,0.33407655158626604,0.3185735000550449,0.6039127057054375,0.750669717202695,0.7602583670439514,0.4460290733443807,0.327849812685889,0.3261278635806777,0.32242404346500086,0.08970337240775932,0.5777649649990364,0.4874928009869647
2019-07-25,0.33818729882589205,0.32585708613400644,0.3552722070631764,0.33781081108630406,0.11591571339690288,0.33415159175338327,0.3193470099532363,0.617763743098263,0.7430958527385157,0.7555814516800068,0.4368076582169778,0.32665880939669745,0.33045067047487753,0.3240302237339999,0.08745203486334034,0.5846873745344341,0.5322050471340386
2019-07-26,0.3436034030494395,0.33666780649447037,0.3600442962250281,0.34993842793933183,0.19437601922901898,0.3351647388258805,0.32046470865248167,0.721193778145842,0.7474059875975002,0.7528445465981877,0.45405130571937896,0.32676287499567336,0.33452905099839314,0.3261654888436437,0.09420027517122732,0.5954541294235887,0.5873855413806208
2019-07-29,0.353894412363833,0.34069910313524954,0.3724168572605051,0.35192967048471147,0.0659647259103869,0.3361216036767116,0.3216334514696664,0.736237700887323,0.7515136338358467,0.7516124527089065,0.4674267161493504,0.3258818428876652,0.3398589878752145,0.32844249437089934,0.08720834437032084,0.5999290740323232,0.5348877583611473
2019-07-30,0.36021357563507395,0.34821188308606876,0.3757752045372509,0.35518803060497883,0.18536278958040214,0.3373786962785168,0.3230240745454884,0.7608839053045257,0.7565989149468881,0.7518120796677008,0.48015246809691225,0.326002179451777,0.34388431957597176,0.33055888440482206,0.08789761625929528,0.6102542047504461,0.5413331099881495
2019-07-31,0.3556999296632761,0.3397829940941475,0.34625794930735676,0.33292347315285054,0.22569031551525803,0.3364593389332746,0.32383416923680586,0.5093338941750968,0.738561793541412,0.7477676011951541,0.4424290298783865,0.3249909544834272,0.3458092070691452,0.33103128490173594,0.1236164925787712,0.5979531330095097,0.4114718154011301
2019-08-01,0.33999289831850343,0.3350190535813513,0.35209091118015556,0.3291224440233036,0.42444836677175385,0.334395520512065,0.3243591180809373,0.4760825299207825,0.7198535282783464,0.7401714049009097,0.41085983114287783,0.3253742520808366,0.3446161807324277,0.3306155729711654,0.1377252099170937,0.5759134478032542,0.5049789482122238
2019-08-02,0.3315075198213904,0.3220094411249963,0.34890948528363896,0.3293034954906211,0.3382176752402508,0.3330634128990819,0.3245620888980787,0.4778906643558207,0.7045506525963072,0.7305275791260766,0.39265961782230085,0.32559530328981856,0.344083119154726,0.33045496592305634,0.1361869652732644,0.5937280595175747,0.525654694111211
2019-08-05,0.3264519733316886,0.31303056731881895,0.3200990230318652,0.3014273133369889,0.3679996777259387,0.3294985815026985,0.32390675874395036,0.2804692977027815,0.6658935483795303,0.7138021325204021,0.3297151198071178,0.3315000544144654,0.3349331584567403,0.32876375491584875,0.16983798648396642,0.5744542092536822,0.37950754701434775
2019-08-06,0.309120019622505,0.3016701089803564,0.32540158682216447,0.31084004806681853,0.27492215440209955,0.32610261354194026,0.3234868383405858,0.37041081232362516,0.6441956671449526,0.6953643274792634,0.31449494003231804,0.3333196034292901,0.3314319755907398,0.32789452178669765,0.1720826638211132,0.589167509561335,0.5750501779407686
2019-08-07,0.3103838960764911,0.31321403362154365,0.31974569598869196,0.32314895908350105,0.2364939566153465,0.324732981652742,0.3235186488551747,0.47283142289325764,0.638736316456027,0.6793415914184121,0.335961113987042,0.3334877905299559,0.33011861403010556,0.32730874415709776,0.20040716009495724,0.6019979308507636,0.5899506952373696
2019-08-08,0.32645204590731036,0.3242079988404303,0.34130902492401716,0.336905796446052,0.3328852331339511,0.32463917515486074,0.3245684470200614,0.5693121124984932,0.647413585328681,0.6685459426287796,0.3824217184485975,0.33347795232333655,0.3301098360252601,0.32729929395140134,0.20958326120343546,0.6195512671492146,0.5967830064458781
2019-08-09,0.34035392755264415,0.3253075444936473,0.3471418890168203,0.3309324733038075,0.1326411403727338,0.3226691716168455,0.32533830014505494,0.5260884253172688,0.6486458823221388,0.6601966533776061,0.40416601637010363,0.33306610092944366,0.3295734965955883,0.3268174474714033,0.21064619588882683,0.6118093563793747,0.49381615936731477
2019-08-12,0.33204889938556104,0.3176115350469615,0.3439603052419462,0.32369187078911743,0.15030354934150159,0.3197422696867467,0.325879110171843,0.4760659712546883,0.6428479392140737,0.652165809179825,0.4069964932496202,0.3324659152574875,0.32822427762323314,0.3258253912264816,0.20500407334561788,0.6032020347608883,0.4870531875373884
2019-08-13,0.32699367078042885,0.3269565038282316,0.34502069650588574,0.3358196494397032,0.17157214537544183,0.3177346999459507,0.32662351374775533,0.5601292507982499,0.6496920428820752,0.6473363908131679,0.4354521458023992,0.33184069299049346,0.3281024150043057,0.3254474716734731,0.212194618364688,0.6128514607591227,0.5882160863385788
2019-08-14,0.33024351007124086,0.321093055838521,0.3420160589344694,0.3188046137544427,0.23247299089724976,0.31627125317355786,0.32644536406066216,0.4499095103477603,0.6391526359494374,0.6410162798591881,0.4222022276204858,0.33137782472667776,0.3262103980679123,0.32424755735195976,0.21610926427005211,0.6002180560465739,0.43661745499917776
2019-08-15,0.3343959373809673,0.32475773267962627,0.3489092330048089,0.33473358333213343,0.18994773490571246,0.3168528584916108,0.32636264876086063,0.5504258023049687,0.6458731499427888,0.6375266412047228,0.44736068530900136,0.3296787393973942,0.32642874019069645,0.32350115578380334,0.2227826871372725,0.6107678368354765,0.6085042175995764
2019-08-16,0.3434229840194696,0.3377673380665527,0.3628723733547021,0.34704233255125794,0.2475870475667562,0.3186915228702163,0.32687800070799233,0.6173150554226867,0.6626596560389131,0.6386476108179808,0.4883417586944305,0.3303774901650641,0.32623737399072983,0.32375624377581713,0.22428383214086556,0.6241417899427533,0.5885032650132148
2019-08-19,0.3596718989665839,0.3465627609216646,0.376482215545205,0.3579032363232928,0.17129313959092082,0.3245453602716659,0.3277242138543295,0.670494748414029,0.685789490206385,0.6449356008237609,0.5342684628502198,0.33370707838274216,0.3252024711988397,0.3249089239592958,0.22015382280600965,0.633777545403,0.580363900515721
2019-08-20,0.36129676750910145,0.34509682955266596,0.36835167945942904,0.34595642824124595,0.10830795673769128,0.3281852402204797,0.32837318019942496,0.5909725739439013,0.6923303275598712,0.6514905630314402,0.5366414268416512,0.33400626982979664,0.3251471705516762,0.3250317512976785,0.21714720265573934,0.6272278956173278,0.464098747893658
2019-08-21,0.3571443674994259,0.3405160181939344,0.3694122652430616,0.34885268542687786,0.10497480741886825,0.33084948060238517,0.32888217971162415,0.6062514676015726,0.6996583179935287,0.6584425764714527,0.5401705893176592,0.33535220679214583,0.32509300257867135,0.3256836803671538,0.2060690037289704,0.6336142299919614,0.5395669936866796
2019-08-22,0.3537139783736445,0.34344766856339737,0.3701191735903675,0.35464495710180444,0.08097881794051953,0.3326881785222431,0.32949933269860554,0.6369788184994668,0.7102234836034178,0.6664667674419719,0.5497005653009801,0.3374743203792886,0.3247154234220644,0.3265623594793895,0.19882034847280128,0.6388248249951823,0.5543424637997327
2019-08-23,0.3555193952718274,0.3425315273320062,0.35385822018640933,0.3363627229428776,0.3520545717410408,0.3332510342801578,0.3293657239876917,0.5184348177407186,0.7007264554819457,0.6706725066840501,0.515760520644089,0.33606749166080585,0.32471882278186803,0.3258537587340192,0.21611996302422687,0.6203322423220555,0.431680275240542
2019-08-26,0.34757544871350743,0.33703437835237504,0.3626955841323469,0.3497575382695719,0.17799226243851055,0.33595279055296534,0.32961385566947077,0.5914220834016564,0.7051958464425925,0.6750788454742865,0.517543535883467,0.3357176945417176,0.3248426644024778,0.325740381601333,0.21450618631518742,0.6302962369029665,0.5940271574117828
2019-08-27,0.35822746553169127,0.34363086845339796,0.3665841027228971,0.34668031051540127,0.1744039794878528,0.3370785188394214,0.3297411062584017,0.5720122685969796,0.7051769308826444,0.6785995075757054,0.5096712597601002,0.3343071171962698,0.3253677720328998,0.3252963106084489,0.21245540294882653,0.6205080585993824,0.5089825964264495
2019-08-28,0.35028370519556096,0.34363102154665537,0.36764476882061947,0.3571791922515797,0.160173192467739,0.34105611727417195,0.3302819134416648,0.627608379063442,0.7143175817115006,0.6835465846374108,0.5223498506902388,0.3372223048327275,0.3249646165102342,0.3265623679246136,0.20889379780313955,0.6295989663611191,0.5785267363139889
2019-08-29,0.3676158088434265,0.35041068245343543,0.37418445459726524,0.35772218485597507,0.11872665937571336,0.3434389297771199,0.3305873137176891,0.6304513304086524,0.7212346846509339,0.6891165183037984,0.5278860686343588,0.34000028409051974,0.325141128840466,0.3280551668383148,0.20558659264288204,0.6366591047391295,0.5274681706362214
2019-08-30,0.365268791392394,0.35059401103247523,0.37595197275395154,0.3562741776113276,0.10245480330092191,0.3443958281692032,0.3310835827682974,0.6196281942026314,0.7244718945804607,0.6943270098820158,0.5246911924406399,0.34222496655301005,0.325698197889535,0.32946293501380686,0.2000298115054246,0.6303962438332714,0.5173637144637158
2019-09-02,0.365268791392394,0.35059401103247523,0.37595197275395154,0.3562741776113276,0.10245480330092191,0.3443958281692032,0.3310835827682974,0.6196281942026314,0.7244718945804607,0.6943270098820158,0.5246911924406399,0.34222496655301005,0.325698197889535,0.32946293501380686,0.2000298115054246,0.6303962438332714,0.524711458009463
2019-09-03,0.3555194351674822,0.3493113205196865,0.3727704318491589,0.3626095227894288,0.20666570183382893,0.34488364376000114,0.3320252246148767,0.6559870862855126,0.7320563173323444,0.7002632173111862,0.5311416676963836,0.34196719568614,0.3322065364032849,0.3326564162534721,0.19790829007011956,0.6417651603342102,0.5569017798344306
2019-09-04,0.37104617256362005,0.35920604751800034,0.3856732686994886,0.3725652501236538,0.15666697004194038,0.3476416990251008,0.3330432151086997,0.7092385408507128,0.7463405458696375,0.7083416207599487,0.5501824291723582,0.3444257895488031,0.3360846100847461,0.33587823966500296,0.19096649827312945,0.650684272565087,0.5750072791818508
2019-09-05,0.37935101639792457,0.36470299653948124,0.38691041992419994,0.36568675054359945,0.209175261884975,0.3493865820617643,0.334073930377063,0.652291059389462,0.7499932361800704,0.7156557303532921,0.543389055986389,0.3461437654981253,0.3387338013921717,0.33809855240330344,0.19059701817612779,0.6391923943267412,0.49027180038528884
2019-09-06,0.37249048863672485,0.35774014476626803,0.38867792008511914,0.36930697090216547,0.18208633662420903,0.35090632782644926,0.33518099429267,0.6728529081747304,0.7550772608312,0.7226920272363948,0.5409197368847245,0.34907188751072515,0.33915040923230433,0.33978977185573533,0.1772720961024712,0.6493569876041116,0.5429498541655018
2019-09-09,0.37267092330975204,0.35645742528909996,0.3865568714353418,0.3667727357523902,0.3787063382057391,0.35405838379915244,0.3357727062611453,0.650741828136528,0.7554784315865907,0.7284145715749464,0.5292425380614268,0.35075205047279756,0.34115242897401066,0.3416604987676689,0.16600377351916007,0.6295585395830061,0.5119857330746105
2019-09-10,0.3658103503115264,0.34839509124782775,0.3770124480466459,0.35989431707111463,0.45185359805561315,0.35510908030380417,0.3360526569880884,0.5917740597474986,0.7481500224086408,0.731284465768961,0.5038869541280395,0.3500252615045901,0.3455713049775695,0.34355013031360737,0.1657600525373253,0.6061760712657572,0.4900924206574714
2019-09-11,0.3634632236109223,0.35132672431648837,0.376835606850078,0.3638764785667583,0.23457523234318606,0.356891496001996,0.3363580487335378,0.6189066253915347,0.744989566377067,0.7328437266511432,0.49223748038948784,0.3507843167281991,0.3476885064954902,0.34501459127805456,0.16277164538109623,0.6189124801923407,0.5448786676772174
2019-09-12,0.37429575544866345,0.3604884985581345,0.389031300158146,0.3684017944643554,0.24761539574807118,0.3580547401793539,0.3376050823255665,0.6493558134181542,0.7456377532334495,0.7342422179039464,0.4908084906343061,0.34834891932373335,0.355165827277685,0.34760337758627935,0.15833951563113846,0.6322878222847605,0.5475469486278326
2019-09-13,0.36725466078973956,0.35627414698235493,0.3826683608993018,0.3620664492862544,0.24066561529727543,0.3585050314939364,0.3387630368087604,0.5912484418823902,0.7391220800754728,0.7338423060962912,0.4748235091486376,0.34733154302744207,0.35896545180385653,0.3490300503957767,0.15422394404313688,0.6192530008658494,0.4928724504002889
2019-09-16,0.36075514533214736,0.3443639246816219,0.37224016983365193,0.3513867587790951,0.22441464735608446,0.35799844118706137,0.3395392452122119,0.5028908843551936,0.7230116921354268,0.7297672890236625,0.44215758963918567,0.3471416658419798,0.35959723648451036,0.349256813106373,0.155097964279029,0.6070144334563534,0.47073169339448545
2019-09-17,0.35479717460914295,0.34986092742575914,0.3740075990166416,0.3573600819213396,0.14892344051432552,0.35745432660397136,0.3415052356745967,0.5493266539111563,0.7151163658804351,0.7246669942973649,0.4330444799743322,0.34711390306519074,0.3595691703617012,0.3492284624892835,0.15508098640127949,0.6155541334297142,0.5551978858956046
2019-09-18,0.3623800208638237,0.3469291970174684,0.37294717461678073,0.3591702729994015,0.13829138051166975,0.3560659116133831,0.34320400302810383,0.5633113664448766,0.7098602564941677,0.7193616389603374,0.4312218128881658,0.3469501387816655,0.3610816850613505,0.34991817549109683,0.15230303984427312,0.6235728908699227,0.5339000843250661
2019-09-19,0.3621996692656466,0.3474790435199746,0.3798405445112807,0.3589893833296416,0.13374373542493176,0.35537171669605816,0.344463764238198,0.5616469904324154,0.7048727630590368,0.713954845447907,0.4303201866668765,0.3468941892105112,0.36217308251506397,0.3504472729995777,0.13977987489219806,0.6157769558884635,0.5237947606932715
2019-09-20,0.3652461049905862,0.350402888032588,0.37854756954585245,0.355493099900446,0.18278608909982588,0.35393988255413045,0.34511709255070033,0.5284818822863951,0.6970570228189178,0.7078076798654408,0.42373944061931934,0.34689788490821216,0.36225611765013044,0.3504915428639753,0.13457924877697353,0.6055780766094024,0.5069903807257
2019-09-23,0.3603427436136615,0.35095602719222296,0.3785476974745956,0.35986325193999313,0.10545075846305113,0.3532237013458035,0.346133985443859,0.5678346002866502,0.6944592726441753,0.7022844511461047,0.4292852603660992,0.3443634601085791,0.3671639953521493,0.35171818209695094,0.13058390742259218,0.6119877313135441,0.5469322903967803
2019-09-24,0.36815194140156615,0.3583286924509357,0.3833481115195887,0.3644152644346479,0.23284002524480146,0.3536923061842412,0.34756537898166173,0.6073777270283279,0.6961490959683763,0.6982597404150102,0.4426047340840077,0.34431360661988564,0.36871146249229203,0.35248326027806376,0.1313190796358425,0.6246391197284723,0.5477652635172116
2019-09-25,0.3730557296634789,0.3572231226781648,0.38477072389741784,0.36514383883798285,0.23762489984885943,0.3538236704995905,0.34859609993707497,0.6137575520856845,0.6976089794838749,0.6953802485848338,0.45278393324726474,0.34345623749475973,0.3714463418677527,0.35344698701895594,0.12727861106256366,0.6375249542146634,0.5283861756633735
2019-09-26,0.3703314184869555,0.36127797128192474,0.38868211437308764,0.3713345369992993,0.20630314351490592,0.35412765487084275,0.3504424832058284,0.6670040172437426,0.7039719851492684,0.6945597754484227,0.4710853788031313,0.3447904496821642,0.37157398633964056,0.3541858427794361,0.12463785855327005,0.6488761063266664,0.5559150091439841
2019-09-27,0.3779590316076913,0.36109361584962296,0.38637069597109397,0.37005989583796817,0.1879006978128632,0.35495619088967434,0.3516841738143124,0.6511220700151243,0.7071336687764921,0.6946403375462918,0.479094168297869,0.3456966259852078,0.3719390633309074,0.35482982489309334,0.1244087400186135,0.6384266248859934,0.5183224635978444
2019-09-30,0.37469000945005826,0.36717608686585645,0.3934824973193294,0.37552234319106526,0.1399310989993092,0.3574578903620478,0.3526852225859647,0.6979582482359807,0.7140414921942084,0.6963148963255272,0.49326229779013336,0.3475089900022196,0.3721144827985614,0.3558345067479495,0.1233623355786634,0.6465257241510595,0.5521227158613118
2019-10-01,0.3799567290698711,0.3658858551745403,0.3908155425444779,0.3726090163630722,0.22570075958205826,0.3590384715734236,0.3532021185671914,0.6592938973166117,0.7159852564180366,0.6981076053740451,0.4943124683044813,0.3485924106141317,0.3720653215189147,0.35635644270644773,0.12350212473773374,0.6342241406787545,0.5101634189581549
2019-10-02,0.37105787770797805,0.3548268258434424,0.3693024544618775,0.3502129174963513,0.2531656712476333,0.35811002454875873,0.3533517306370133,0.42957890560029466,0.6958268478791141,0.6948431526444121,0.4493622348606122,0.3483438925602348,0.3700263942311406,0.3551897350058447,0.147248652261875,0.6205768499162075,0.41258181341780337
2019-10-03,0.3596163854236052,0.34819124243955657,0.3691246142250273,0.35786035997044285,0.28792800158749815,0.3579929991188462,0.35366834293225846,0.5021520743472675,0.6866328969457484,0.6900886196323774,0.43611775910872974,0.34810818921046993,0.36945950212249,0.35478122685137714,0.1529062253528285,0.6359274019866288,0.5637841107003204
2019-10-04,0.3636118148530276,0.3620152316317946,0.3815703222488962,0.3751582986857347,0.15275939704910352,0.360031334573482,0.35438936988884207,0.6362505695224862,0.695144645553766,0.6882689530129689,0.46220411648908455,0.34919869951765403,0.3689793444225482,0.3550866441560344,0.16066037354967805,0.6446550535811983,0.6124768075540794
2019-10-07,0.376506188743696,0.3607250448589532,0.3877931612819845,0.3660541927976464,0.11456842877967047,0.3606730374306708,0.35543300044792336,0.5576434946268582,0.6927801481052167,0.6862620911446856,0.46054024443878677,0.3491288929629398,0.3689749218752363,0.3550491389160898,0.1567467459499829,0.6377986573923397,0.47923423429371625
2019-10-08,0.36669902234695284,0.35243041065440295,0.3783698044033741,0.355493099900446,0.1973033419521751,0.3597482380172137,0.35563460068599695,0.4770335354757358,0.6805609519798865,0.6818084919492364,0.4387925885684319,0.3492431807647446,0.36841207041422974,0.35481941193185695,0.15394660979804636,0.6268884715110373,0.47152310178452267
2019-10-09,0.36488285256798103,0.3531676808442188,0.3815700970051361,0.3638688740815359,0.10152378934615666,0.35961608548243107,0.35623876445060954,0.5403571207899293,0.6784411855259841,0.6777515271114007,0.4423180456822644,0.34924269655199447,0.3684117719131059,0.3548190150063272,0.15190177020376155,0.6331057152206161,0.567299604258788
2019-10-10,0.3654280031536188,0.3559327751073855,0.38139252953220804,0.3660541927976464,0.10366333103066527,0.35906876770972906,0.35655071336479405,0.5564030859374844,0.678478289768474,0.6745146036785493,0.44960692711511396,0.34897942181643293,0.3684321309976135,0.3546964790281738,0.1497252305280345,0.6394277907562599,0.5357390125641592
2019-10-11,0.37414536719287983,0.35832894166364526,0.38565970392790927,0.36496173568653867,0.2457638119053409,0.35854033366217464,0.3568051775768306,0.5471327998898744,0.6771444120553834,0.6716141582232344,0.45259768839633974,0.3491511624341487,0.36855825407976917,0.3548476020896897,0.144647729684514,0.6261431713250304,0.5192095654921198
2019-10-14,0.3703313581358376,0.3540894702431223,0.38192582580192336,0.35949912653588356,0.08757200811056387,0.35687949661892016,0.35691853185890543,0.5006531965444166,0.6706712520585039,0.6677850062235747,0.44434294437183464,0.3486402537861074,0.3698925773863828,0.3552710371776414,0.13937730709620128,0.6206095276193115,0.49717323547099
2019-10-15,0.36615432286412775,0.34948148797425915,0.37623638970926576,0.3547649299910056,0.15692359568331798,0.35502992294794455,0.3566428009231175,0.4618966243894609,0.6609254660769233,0.6624500893968303,0.4309590576270103,0.3487916660909435,0.3694776186813671,0.35513558000671275,0.13642825674140913,0.6116778414176655,0.500727055854882
2019-10-16,0.35961633615805044,0.3435832113010273,0.3751695992434787,0.35585738710211356,0.1297690220026647,0.35561498301500327,0.35605553338427476,0.4722957930433763,0.6541669878953136,0.6566068569489542,0.4264409293101048,0.3488998757246565,0.3690320159296341,0.35496265982195896,0.12646579713523431,0.6192790260611626,0.530269939939155
2019-10-17,0.3634300820759895,0.3505873021663073,0.3808589766160697,0.36095562815232207,0.1717258223583598,0.355935813480315,0.35588923835306074,0.5208204455837189,0.6535661591545762,0.6517922269036711,0.43558359077631364,0.3489083927043307,0.36922456599481634,0.35506529040705914,0.12193828849772224,0.6289359818209623,0.5506257961618864
2019-10-18,0.3628853949003037,0.3539052496701014,0.38192589064675686,0.36314086596965356,0.1134091373648426,0.3546901836015459,0.3556725048747402,0.5413182365417447,0.6550767148618455,0.6482926105432115,0.4472719991578841,0.34883218990535936,0.3700815932580288,0.355464475034191,0.1180121702612854,0.6357355758279155,0.5357677084977829
2019-10-21,0.3672441333543608,0.3539053053750325,0.3847706617957616,0.36678252450464455,0.12270286480752329,0.35476567657557156,0.3556728489412697,0.5754758736427894,0.659584115221197,0.6465435242670505,0.4628314649989206,0.3491381525333962,0.3704863004777008,0.35582563504009934,0.10992095749176196,0.6429905376483691,0.5431000904479193
2019-10-22,0.37868540662995187,0.3621994012430303,0.3893931650503164,0.3671464881111963,0.16102363790718804,0.3559735725452975,0.3559277567432122,0.5789663639647789,0.6633277648666069,0.646016843324929,0.4736967304459367,0.3493508588415478,0.37055515040205056,0.35596819464444274,0.10768661626393254,0.6521231149643995,0.5265432683599144
2019-10-23,0.37051303262802526,0.3596190592290831,0.38903767810245893,0.37224497185774186,0.08652610942099584,0.3568417710951901,0.35622190234714,0.6277468563302393,0.6708509292368412,0.6473490343361036,0.4902191855123164,0.35018265265236137,0.3704585380817358,0.3563388470821679,0.10227774988619658,0.6576055124287852,0.5503634537212253
2019-10-24,0.3783222474023509,0.36459564234236685,0.3927713140267355,0.37606865264539824,0.11024756914345224,0.3578797890064034,0.3564913860584218,0.66248758781574,0.6800592514742646,0.650561107706863,0.5069283901249586,0.351046114997846,0.37008867966783576,0.3565859501148555,0.09892234480198546,0.6642501980400395,0.5438615763324145
2019-10-25,0.37886706850265783,0.3618309077171127,0.3913490005497029,0.3695136672824142,0.0868125752532313,0.35835160541976663,0.35675314959922844,0.5811942420877338,0.6807924953662262,0.6533016744583332,0.5027374360805474,0.3509787696890526,0.3700994359622758,0.35655743903850945,0.09525088908465336,0.6587537645152601,0.4919943522696703
2019-10-28,0.37341874687545307,0.36017201210298744,0.3876153028020455,0.3673286721614195,0.14105607419465055,0.3591631527942156,0.35731349464302053,0.5554263892046544,0.6789575654951411,0.6550664334749882,0.4940640363752457,0.349730807320329,0.37049585964863674,0.3561297602254795,0.09378661129522058,0.6505995444713566,0.5137414894022739
2019-10-29,0.36924171281088225,0.3592503596463845,0.38619291016994395,0.3673286721614195,0.12491551495963368,0.360465408692489,0.35766388232865554,0.5554263892046544,0.6771715450243906,0.6560619463448514,0.4872266450891935,0.34899188433224937,0.37068675130252315,0.3558541461164454,0.09326042882757356,0.657962920237455,0.524711458009463
2019-10-30,0.37214741999061673,0.3610935343808275,0.3879707758691402,0.37242691321162824,0.08230372241460857,0.36218287175524755,0.3581298422458945,0.6117764438171678,0.6802043562892686,0.6575652590503331,0.4917401888821622,0.3489786422015625,0.37297035050278304,0.3570136331504973,0.09277193606166022,0.6632384320199967,0.5503580231931923
2019-10-31,0.3766877466360272,0.36348976868775806,0.3865485127276713,0.3707882275449663,0.163046802847351,0.36320203948256546,0.3585445618419665,0.5892864355069244,0.6806878659749609,0.6588806080053867,0.4900694860588444,0.34939994117344575,0.37387516287420164,0.3576884192188269,0.09815307680515613,0.6540067250274361,0.5165057769643596
2019-11-01,0.37668777674258136,0.36146227638496087,0.3909934173397389,0.37060620529230115,0.12729676219009095,0.3639758361773451,0.35907577497175436,0.5866742538699663,0.6805286165065102,0.6598957685282937,0.4874012818972854,0.34858712535772585,0.3742135499067214,0.35745081706318016,0.0931473780099117,0.6465266745093153,0.5237986445096823
2019-11-04,0.37577968061135203,0.35906604833468925,0.3794366589398357,0.35986325193999313,0.22949344784009235,0.3632586403461304,0.35907577497175436,0.44842516191358406,0.670006996710158,0.6582554665982564,0.4637983871516642,0.34853482230821264,0.37363248385897174,0.3571276732332703,0.10294723248062275,0.6340392594457568,0.4708283980089289
2019-11-05,0.36234044524492304,0.35243051864604547,0.37801430943768133,0.36350482957620533,0.23114361039453207,0.3628811754760013,0.35904377394098796,0.4959105449962844,0.6649172577437027,0.6557568839253723,0.45616961800332023,0.3480812882627141,0.37489979261668394,0.35754585539187145,0.10426733734724376,0.6466075280655413,0.543154338529932
2019-11-06,0.3692416847914015,0.3574071667800345,0.3851260883416827,0.3680569229696389,0.09823987634224907,0.362447076201055,0.3591461664340454,0.5519309415308525,0.6649914048694671,0.6537753003599946,0.4607649288895748,0.3483154309297388,0.3750963506723133,0.35776445579343685,0.10188122785424754,0.6526638688119615,0.5476897887579435
2019-11-07,0.3732371829662502,0.3561169826827584,0.38512613140196206,0.3642332421819827,0.11544722240043448,0.3612203132768077,0.35889656180629714,0.5034156826320747,0.6612901393487585,0.651327324526944,0.45661943340653655,0.3482438647963141,0.3749809901127683,0.35766940901952127,0.09772064180060837,0.6457644140836659,0.5054891437181498
2019-11-08,0.36760716725015685,0.353536459358597,0.3828147826273558,0.36350482957620533,0.08764213255907985,0.36059748575945316,0.3586661566595988,0.49417710603632203,0.6575631192583886,0.6485002318793168,0.453249679765011,0.348209301371902,0.37486625289980013,0.3575933639996872,0.093579334488974,0.6402273344673299,0.5210369523567008
2019-11-11,0.36797054093093995,0.3524306653460294,0.3829926885506021,0.36186622480832265,0.05866730723609708,0.36003129264691647,0.3581861554157273,0.47270497392753363,0.6530085601061869,0.6451769589480604,0.448839415557972,0.3481041917976252,0.37521212097653756,0.35771691762733704,0.087788922643296,0.6361099438762275,0.5164400103329373
2019-11-12,0.36742564775437825,0.35206200374752883,0.38334827267693594,0.36550788334331363,0.08034471388479,0.35984256440450846,0.357936556475029,0.5250435533298563,0.6527876585643075,0.6424668517965985,0.45428949727389395,0.34736063066243783,0.3770453496835464,0.35827765939028133,0.08130070205048527,0.6412894694749314,0.5431213079422442
2019-11-13,0.3710578592035776,0.3627525405403027,0.388504331475801,0.37388373842318257,0.11638868042199998,0.3599935671231862,0.3587685662138067,0.6296515050148189,0.6603848456619126,0.6420695554178472,0.474846756207946,0.34751064873296855,0.3787395061109775,0.3592185671358278,0.0836113701481807,0.6482350531308748,0.5669151918143097
2019-11-14,0.3826808100792465,0.36588581915799945,0.39170453741870803,0.373519451221515,0.1005912833818485,0.36027666367945477,0.35931897029406934,0.6240041665551096,0.6658601853038184,0.6430279371257616,0.48689660731882706,0.34806638108384347,0.37947419030302454,0.35987435145007585,0.08520119875944689,0.6420634997220567,0.5228896779002792
2019-11-15,0.37904876771785134,0.3629368288557364,0.39259360881181227,0.37388373842318257,0.0823783228917532,0.3606163862552274,0.3592741705571112,0.6285334830126665,0.6702909719071964,0.6448273917971964,0.49437242630822764,0.3487179747148875,0.3799279726187774,0.3604350889904083,0.080842729059016,0.6473426667286591,0.5265338326014617
2019-11-18,0.3766876555329963,0.37270563724525974,0.3954381740552546,0.3797102302816102,0.10317842792922502,0.3626735635084455,0.35975416895745793,0.697841309819817,0.6789528700106537,0.6482859128997026,0.5091189237799406,0.3506736711404038,0.37931565623417973,0.36110986661351363,0.08707595437910941,0.6536409833079075,0.5538494209283292
2019-11-19,0.38522340566830615,0.3699408546028673,0.3984606889051363,0.3782535668676139,0.10236379071880544,0.36420229832879625,0.3605541805089938,0.6715938883628086,0.684030846591254,0.6522363292764219,0.5134911009765151,0.35199485459310254,0.37914461751725215,0.3616896143531515,0.08397288716338484,0.6473825817754036,0.5174645758135938
2019-11-20,0.3821360418967541,0.37030955376886676,0.3984607389764332,0.3808027682914972,0.1527191127914454,0.3655234295669041,0.36114939285678993,0.7019684886541703,0.6899832607313667,0.6567840800345635,0.5188004664006102,0.3534926956158747,0.37853834758303706,0.3621362991428748,0.08164717281146651,0.6561082595489803,0.5374101815605258
2019-11-21,0.38268090843631763,0.36828208895659564,0.39526047897221606,0.3751582986857347,0.08819268408040737,0.36665583256260414,0.3614693946338794,0.601244092688201,0.6889026216332764,0.6601704000208793,0.508477169141661,0.3533555488351138,0.37858090154178003,0.3620887820898352,0.08143249504956505,0.6505442043790753,0.4966575966269853
2019-11-22,0.37995679324222253,0.3634898208511792,0.39170463427007296,0.3733374289688496,0.05695000425222719,0.3676750002899223,0.3617637933115354,0.5710509939510668,0.6858941142519729,0.6621782184678058,0.4962244533464087,0.35364387337290293,0.37868665407392577,0.36228836806948295,0.0795660372555564,0.6465109570458537,0.5156157708008647
2019-11-25,0.379411818940113,0.3642269472668729,0.3918823064361774,0.3746119083326227,0.12975111788815,0.3689961147574039,0.3622949950672234,0.5896019312919294,0.6842995394229636,0.6634128019637837,0.4893516078498982,0.35409823840206067,0.3789818316148694,0.362668525606861,0.0786664008734508,0.6541112644355763,0.5310881782480086
2019-11-26,0.3799566572541542,0.3715997034708174,0.3966827401922701,0.383716014220711,0.08436866362197251,0.37088342233742266,0.3633126016851662,0.7054648240671519,0.6911413349681266,0.6659951877636295,0.5013314556089307,0.3561910999665677,0.37858750684336995,0.36352388323292073,0.08144305104903803,0.6594879528201223,0.5702109184904142
2019-11-27,0.38958202570335,0.37454884164245317,0.4050391587566804,0.38644731879603844,0.05644570502672935,0.3721856614650698,0.36438781243330864,0.7350737525050017,0.6985646546028359,0.6697913598715011,0.5121201114380651,0.3585365891710163,0.37770147428172285,0.36425569567655447,0.07540810608966943,0.6634964908386926,0.5382513469408781
2019-11-28,0.38958202570335,0.37454884164245317,0.4050391587566804,0.38644731879603844,0.05644570502672935,0.3721856614650698,0.36438781243330864,0.7350737525050017,0.6985646546028359,0.6697913598715011,0.5121201114380651,0.3585365891710163,0.37770147428172285,0.36425569567655447,0.07540810608966943,0.6634964908386926,0.524711458009463
2019-11-29,0.3906716817850573,0.37547039117594383,0.4062836870577675,0.3860831124931501,0.019521452859212488,0.37348790897802986,0.36527102268390244,0.7278872511864246,0.703468751294337,0.6739713682817292,0.515531813921009,0.3605732441933299,0.3772510621594909,0.36505403114992185,0.06924852374830177,0.6612971425212799,0.522910345852004
2019-12-02,0.38776596736579894,0.37602337858217205,0.40112766577089554,0.3886323139170331,0.2420039478572505,0.3750166270277544,0.3661670259536378,0.7568836359830738,0.7090634201685979,0.6786194076590515,0.5196918748707565,0.36293745047499415,0.37675594875732576,0.3659949262276322,0.07241997485467001,0.6743975386598428,0.537322109995655
2019-12-03,0.3903083551365889,0.37454871025015923,0.4016608845290639,0.3868113633013692,0.28104834558521835,0.3757526730428644,0.3668710230387744,0.7180596196679242,0.7110550267069097,0.6828020525055359,0.5155552477027182,0.36398165924935777,0.37847788629656276,0.3674015162943717,0.07369811157794447,0.6593840713523129,0.515723687366293
2019-12-04,0.38940049998708437,0.3819216947122053,0.4066393696177637,0.3942769453203536,0.23378297527590985,0.3774135268567451,0.36782463612575955,0.8004373588972619,0.7188717350370109,0.6879701248023697,0.5243141515856383,0.36668620176956657,0.37894904787127226,0.3690077050085948,0.07682964082920758,0.6720816617993702,0.5616191587784687
2019-12-05,0.3984808334423353,0.3817371396726199,0.4094838988785505,0.393912577219907,0.17523801282233,0.378772383618583,0.3685862344975708,0.7924640298784021,0.7238524714566024,0.6932655169245785,0.5254458250664759,0.36910130599236546,0.37920387260347876,0.37035727292264153,0.07501405047006308,0.6622526180907857,0.5229219528906351
2019-12-06,0.4001155310184854,0.38966307572361014,0.4176626475930221,0.3982827292594542,0.1349761353073614,0.38116927506226084,0.369367040881007,0.83639286845645,0.730975089620519,0.6991620051280852,0.5307886261003031,0.3717675086485833,0.3800479242888819,0.3721345280949423,0.07499556700089395,0.6701089373737302,0.5461812742855108
2019-12-09,0.4013867639827555,0.3891101045490888,0.4194405360514475,0.39919316411789674,0.07374853969565989,0.3838492714475199,0.37041025059838284,0.8451945740724859,0.736464359562697,0.7051586614439889,0.531678963454217,0.3739244800687088,0.3815629782514456,0.3739973249415057,0.06886555809826005,0.6749652680609737,0.529167140518932
2019-12-10,0.4030211947056026,0.3874511606643234,0.4165957534829956,0.39555142468412674,0.08197398830562919,0.38601969235443323,0.3714022569604176,0.7597420225629329,0.7363610812148057,0.709931913876754,0.5208048224724513,0.37440852328069363,0.38452737298239015,0.37575556569188884,0.06511831984370998,0.6697059123687811,0.5069029364574784
2019-12-11,0.40193160480182577,0.3868982549749096,0.41606248596422635,0.39719027214834646,0.06716430158287293,0.3874163249518803,0.372451867452652,0.7788571635908382,0.7368077664284973,0.7138546313864844,0.5132449015089273,0.3751534727891449,0.38702909200987734,0.3774092672365398,0.06163863626571743,0.674239632980414,0.5327512468407063
2019-12-12,0.4012051120275737,0.39169055994691226,0.4160624527903949,0.3962798372899039,0.15134198798335513,0.3884354842938851,0.3732902779662879,0.7569020217521257,0.7353000138288803,0.7166413710804755,0.5031478410935086,0.3762749056777973,0.3882094113638481,0.37857825937024436,0.06563155615751311,0.6655814306430006,0.5202515057183509
2019-12-13,0.39720981411518075,0.38911019057507845,0.4135734183204771,0.40028570212778347,0.1261971511569788,0.3899076098653578,0.3743270897523303,0.8053377461339041,0.7368684716054682,0.7192363466075478,0.5014433585304988,0.37779614566788455,0.3894411034514027,0.3799753570051668,0.06933926874019262,0.6730076031584644,0.5443506944434827
2019-12-16,0.4073798168559313,0.3940866726058161,0.42406318675500687,0.40429140516810524,0.1239039324895522,0.391530704614256,0.37551109661191373,0.848463145211635,0.7408290404857978,0.7222354756989824,0.5050356495945809,0.379780659240596,0.3905869321735964,0.38156252285224845,0.06666938430840465,0.6803214140862978,0.544281081512897
2019-12-17,0.40665345147935517,0.39205924476938425,0.42299648360168174,0.40247069724877815,0.09407716971757751,0.39315382451909353,0.3770087130043034,0.8021013089119923,0.7411785944822477,0.7247162547188192,0.5004283307572359,0.3814277039300521,0.39128480311751623,0.3827505336304827,0.060022693553458725,0.6744690348424729,0.5158475587899529
2019-12-18,0.4082879504873207,0.3953769981752533,0.42086296379459665,0.40064982753189304,0.056159239194493886,0.3938143859454908,0.3783143288991442,0.7563463679699062,0.7386948711738849,0.7261219596182829,0.49087260863479654,0.3823680864719615,0.39264414979427165,0.38391953420941116,0.06218612501043279,0.6704745328842963,0.5158326787366587
2019-12-19,0.40610843920798634,0.396482660112498,0.42406307955948686,0.4068404447944305,0.10993126312035892,0.39515438413812043,0.3796775375500845,0.8288837515029305,0.7414998655692175,0.7279003252827607,0.494184978125353,0.3843532483581277,0.39334267810032375,0.38527860300049854,0.0630833019082064,0.6771037203455327,0.5549457190042477
2019-12-20,0.4141827175589341,0.40752371433404777,0.43142846530622947,0.4155237152343565,0.2024731550182995,0.3969414452997808,0.38148035517174583,0.9072169017428552,0.7507438331097241,0.7314776467568828,0.5101748726840118,0.3873346688077889,0.39452061803009153,0.38738552593827713,0.07111341510611856,0.6882672132542518,0.5668911955848703
2019-12-23,0.4215066957387932,0.4049221421512652,0.4319662884630331,0.41056728974366874,0.06425189895514571,0.3981203951686141,0.3831345616443982,0.7965911037121459,0.7521920357244014,0.7346770580496681,0.5068158441187621,0.38800928449231253,0.3976588891014914,0.3893287846568453,0.0695216429310438,0.6838761925899542,0.5008156730240801
2019-12-24,0.4156476365101738,0.4006481602416947,0.4319663637468998,0.41203592617695195,0.0,0.3998290452672828,0.384897985070197,0.8110342266788836,0.7535149352192828,0.7375449349364016,0.503869023431496,0.38838562153758394,0.40111192356930125,0.3912821776442573,0.06160077740314322,0.685119041875124,0.5318224351978023
2019-12-25,0.4156476365101738,0.4006481602416947,0.4319663637468998,0.41203592617695195,0.0,0.3998290452672828,0.384897985070197,0.8110342266788836,0.7535149352192828,0.7375449349364016,0.503869023431496,0.38838562153758394,0.40111192356930125,0.3912821776442573,0.06160077740314322,0.685119041875124,0.524711458009463
2019-12-26,0.4171123507026331,0.40250638711722186,0.4317870398360999,0.4131373630525246,0.10352308213363332,0.4014819917308905,0.3865721218098337,0.8220910345456388,0.7543817377028407,0.7400412749871782,0.5005666439067968,0.3898158465163123,0.40270498457091164,0.39281786140561425,0.057327046335628615,0.6914342455895335,0.5300377130623742
2019-12-27,0.4193095931426396,0.4058514014398731,0.43608918555050047,0.4182775096702356,0.12852170202480614,0.4037620925334229,0.3881325260785653,0.8706753246179301,0.7586522099377004,0.7430337294796765,0.5049763228825839,0.39225006469263424,0.40355157175572964,0.3944792776624223,0.05363878514838845,0.6989743148867333,0.5495441527230466
2019-12-30,0.42004188877884285,0.40529382102594824,0.4323248111789346,0.4122194046076384,0.06771485310420045,0.4049990436131119,0.3894927973681426,0.7387732333948862,0.7550850521136663,0.7445962425675379,0.49226638739521483,0.39284088554432717,0.40563881318204764,0.3958434938175598,0.05357545048096678,0.6944136187215312,0.49557355564892097
2019-12-31,0.4136335258553059,0.4012056051122317,0.4292775463341849,0.41332092238199003,0.049016989512664914,0.4059349703370807,0.3908789817013818,0.7510633491322264,0.7521027955721199,0.7451511341691878,0.48331021335626106,0.3935361835171568,0.407474785797467,0.39713214633063354,0.0518358022616459,0.6980581695281222,0.5300372581356796
2020-01-01,0.4136335258553059,0.4012056051122317,0.4292775463341849,0.41332092238199003,0.049016989512664914,0.4059349703370807,0.3908789817013818,0.7510633491322264,0.7521027955721199,0.7451511341691878,0.48331021335626106,0.3935361835171568,0.407474785797467,0.39713214633063354,0.0518358022616459,0.6980581695281222,0.524711458009463
2020-01-02,0.4193097168265636,0.4026923955161372,0.4230039597736033,0.40414238961725646,0.1903893697304088,0.4061082444474069,0.3917377518542826,0.5826075748180155,0.7400144363363041,0.7427774338486453,0.457279626173323,0.3925308249966081,0.4102402337132134,0.39803676072588423,0.06226556383871461,0.6874867498127794,0.48037585213904926
2020-01-03,0.403746116369357,0.39432985656976083,0.41906013328087277,0.40230639182870553,0.3683592520257759,0.40627995050417987,0.3925831887182849,0.5534638103039582,0.7277850510965402,0.7380279889630084,0.43616298456905933,0.39223469018161905,0.4113537272165795,0.3984558676365174,0.06550765236232405,0.6681952813689135,0.5157719606117688
2020-01-06,0.4044786218275367,0.39321495453183686,0.42067349236533214,0.40469290580809547,0.310958660891595,0.4060573539820773,0.39342290725343765,0.5875594724072616,0.719527043889046,0.7323036165448129,0.42749740848076767,0.39186933346122477,0.4128168321885697,0.39901856024621407,0.06431629244227009,0.6846742742113999,0.5363500562702479
2020-01-07,0.405027965029116,0.3893126328952121,0.4170885196188103,0.39588141080351424,0.20750122717784902,0.4040213915710549,0.3941513074704419,0.456291079682576,0.7040191936096707,0.7241094733941089,0.40554502177668184,0.3920433948124641,0.41239929142164433,0.3988932204536807,0.06657135516038949,0.6732644192009797,0.4818287553923316
2020-01-08,0.4006335505510419,0.39191413003810016,0.416729914080157,0.4001035180775605,0.14549032655612865,0.40293680163076906,0.3950921133206602,0.5181637466992501,0.6951772931171881,0.7154932456753245,0.40179335222356516,0.3920138073699283,0.4125215933982527,0.3989407375067203,0.06950588812236867,0.6816359057630601,0.5454180916707828
2020-01-09,0.4074080206653885,0.39544471100005807,0.422824324641361,0.4081806948655,0.07690413987887865,0.40253719953400124,0.39627202834771524,0.6204076773376533,0.695258191657074,0.7086191197256875,0.4172779035670642,0.391938498666781,0.41388689925478994,0.3995999379140912,0.0691492329767671,0.6866468524280775,0.5641783139115087
2020-01-10,0.41308401541619455,0.3980463027197991,0.42784340626781026,0.40744637664885874,0.0852041889659926,0.4019473179118984,0.39710613092092006,0.6091667727152453,0.6941017912169068,0.702850279523457,0.42710215965132714,0.3918266480776572,0.415045772614705,0.40013526799791055,0.06377596193233924,0.6812292255340501,0.5211485971960014
2020-01-13,0.4116191364169506,0.40232030059006174,0.4290980332573826,0.41497279454962266,0.11825070833153048,0.4016047778709173,0.3981087777536434,0.693338946915024,0.6997021132201671,0.699540557669632,0.4489598633744906,0.3923906097359068,0.41639878280113596,0.4011109700664862,0.06326854772358274,0.6882660435825523,0.561252425429291
2020-01-14,0.4172954072852344,0.40306376958015,0.43375873731364956,0.4153401559048908,0.08671857865202906,0.40192824970986196,0.39913713858327604,0.69718760999194,0.7038480277765791,0.6978591301285637,0.463432844996309,0.3931866176967994,0.41715046703214065,0.4018967559369354,0.0566346629321766,0.693757871525015,0.526483413426966
2020-01-15,0.4182108375807043,0.41328430630941004,0.43555117827806034,0.42360097292107524,0.1604536902618029,0.40299379660405044,0.4003662579675715,0.7771924383790744,0.714177215500417,0.698921565440089,0.48782148059323904,0.3958431049435832,0.41649754840860154,0.40290464275431337,0.0630801343720138,0.7028625229292205,0.5645445985352169
2020-01-16,0.4288305143945095,0.41495679037221134,0.44523078845058195,0.42672172421832766,0.09472022583056441,0.40533418780792085,0.4017690740787523,0.8038411272752725,0.724433926448311,0.702162197794025,0.5071822346759177,0.3987940819190642,0.4160585271341688,0.404170455158981,0.05673981201982929,0.7087464102044497,0.5396529523648966
2020-01-17,0.4302953177109454,0.41867336992386694,0.4464855274654067,0.42874103864000745,0.19698405190999602,0.40807418949387175,0.4029804583973917,0.8208172629504514,0.7334885712497851,0.7068652043543109,0.5201804468829553,0.40159088780113306,0.4161644477873472,0.40563671073353624,0.054213880104160464,0.7196409517267717,0.5343537090204592
2020-01-20,0.4302953177109454,0.41867336992386694,0.4464855274654067,0.42874103864000745,0.19698405190999602,0.40807418949387175,0.4029804583973917,0.8208172629504514,0.7334885712497851,0.7068652043543109,0.5201804468829553,0.40159088780113306,0.4161644477873472,0.40563671073353624,0.054213880104160464,0.7196409517267717,0.524711458009463
2020-01-21,0.43084463914688675,0.4207175512092769,0.4445137993527095,0.43277974838214583,0.14323590013681728,0.4109854444296872,0.40434660725322047,0.8536045778614222,0.7433837216698927,0.7129340194198095,0.5323203415199389,0.40519148986406106,0.4152556793545217,0.40699064482840963,0.05803108890806051,0.7279019774177332,0.5439631070091572
2020-01-22,0.4368868510784385,0.42387661990433934,0.4540141779628153,0.4336975450294738,0.09468889363016364,0.4149051590479653,0.40559140867809496,0.8609359447669268,0.7509106681844318,0.7195434887976814,0.5371259100620822,0.4082462018092211,0.4140929376188529,0.40793925039566503,0.05149113949002891,0.733784329498857,0.5290713648514728
2020-01-23,0.43359111330484423,0.4231332510920982,0.446844060838526,0.43259610815390115,0.19191718750233125,0.4182730781363351,0.40676549447882415,0.8370346689029614,0.7546110760187296,0.7256935733670046,0.53304269989585,0.4108889004189197,0.41373158859306614,0.40908907187080745,0.055502722553812514,0.723138050794748,0.5194832671336471
2020-01-24,0.43725308332328194,0.4223900520747652,0.44236276892071413,0.4245188504671822,0.15270717671510226,0.4199665592035684,0.40778367548882444,0.6790997657605643,0.7487580837824853,0.7292493971069138,0.5099837915571324,0.4118737376111773,0.41403373316480385,0.40974063357303725,0.06511051225782115,0.714412957857021,0.48633520869247365
2020-01-27,0.4183939168892512,0.4136559851069761,0.4355511898936877,0.42084734028275417,0.10516130861172987,0.421355594707328,0.40861520182834576,0.6173743244320901,0.7396005217183691,0.7299595669652534,0.48469039342428205,0.412354237624072,0.4143466876044599,0.41014306538881085,0.07151082273792318,0.7080174854222353,0.5071468688438051
2020-01-28,0.4253516741861274,0.41309852800587366,0.44200425789216546,0.42231597671603693,0.09249563960211088,0.42211672957929514,0.40953035055215525,0.6359152194553179,0.7327575544592796,0.7289327107400773,0.4692509569622206,0.41271607120639275,0.4144017043509325,0.41035385818075476,0.06652923052707897,0.7137923739159702,0.531759616117776
2020-01-29,0.4269993908045626,0.4114258912200368,0.43806060865238616,0.41644143098290565,0.09848307389774064,0.42223087884680743,0.41009821103262034,0.5410531845525891,0.7209497685793154,0.7253590095613398,0.446613501363602,0.41285791130568705,0.4146929980309473,0.41057423207936783,0.06554497263435748,0.7077241171391117,0.49655436163027505
2020-01-30,0.4207739723924453,0.41848733357846735,0.43788124200605205,0.4302094323769534,0.18090168104715196,0.4229158583050123,0.4110092082098755,0.6990924789932655,0.7237267104851322,0.7231473117524754,0.45871957431773264,0.41447194358445716,0.41482333314071584,0.4114557487868794,0.07555586037291297,0.7178306654583957,0.5910368284406612
2020-01-31,0.4345067154746245,0.42331924755408146,0.4353721036884137,0.41699243256641827,0.20261340391533142,0.42190739862254967,0.41151963517164303,0.5278310464879464,0.712703255750802,0.7188085530273655,0.43981334016329976,0.4143276441495224,0.416279417858481,0.4121264727024475,0.09605650607705109,0.7066603007284422,0.4617877665162021
2020-02-03,0.424985601092444,0.4129128642339226,0.43770239115191445,0.41699243256641827,0.29985661788292794,0.42068963313928087,0.41209406419494354,0.5278310464879464,0.7033336822931162,0.7131536402662675,0.4281147958491038,0.4139021822262602,0.41820115619352016,0.41289302879776646,0.09576444375496614,0.7225953231261931,0.524711458009463
2020-02-04,0.4299289897538845,0.41923077962419675,0.443079655567191,0.4239680106812276,0.18785593752657642,0.41977627967823294,0.412696083941678,0.6030146979122344,0.7018796637182173,0.7082908003315879,0.4351550805016295,0.4139921443223532,0.4200823279282142,0.4138991167824245,0.10361638878195757,0.7330426114324295,0.5582993399876746
2020-02-05,0.4315769455265097,0.42127491055918664,0.44774022911469813,0.43333034547176363,0.2866344293138099,0.41973821874197803,0.41332197223757317,0.6886244420080866,0.7088723432306877,0.7060304161563242,0.45828682891009337,0.4135722947237642,0.4243251266327832,0.415853810334338,0.10334458827094072,0.7483297819176358,0.5695222279275554
2020-02-06,0.4383516230713933,0.4290797632210128,0.453476399779565,0.43534974079222244,0.11829248459873148,0.4200236380299811,0.41419305485388414,0.705523675380447,0.7155471139597885,0.7057778968621787,0.47613359733263977,0.4134572849279158,0.42804137905276574,0.4176935306062225,0.10225165832434745,0.755368646891612,0.5342999152159199
2020-02-07,0.43908428153937984,0.4266642900177997,0.4531181318659827,0.436818619921842,0.19618284278546244,0.4212985326515415,0.41506414600077024,0.7181076478202545,0.7213827355513382,0.7069360765080076,0.4886724975008779,0.41440342216793125,0.4300330002378152,0.41918832259279604,0.09815554583152188,0.7662239313075203,0.5316740096938486
2020-02-10,0.44109818852585136,0.43149569805406096,0.458136900970904,0.44177488361497175,0.08495502337232949,0.4234677125321129,0.4160707311156697,0.7595733572797397,0.729750525228186,0.709813025366599,0.5039496590272499,0.41575977978811085,0.4322006601388786,0.42098014155394725,0.09407165400219626,0.7716293497531845,0.548175112962368
2020-02-11,0.44732345975848387,0.4311239606495514,0.45759916878753315,0.437369136112681,0.09960058904536753,0.4250280012857368,0.4167417859632525,0.6933989837624859,0.7312656642898582,0.7124677404397891,0.5019743493632299,0.41668159944722916,0.43357836885326795,0.4221491463554875,0.09027975086079244,0.7655063377198945,0.503941290004968
2020-02-12,0.44256319222452745,0.4266642900177997,0.45562757251035846,0.436818619921842,0.10114183490317605,0.42714013588114796,0.41760642799535486,0.6851489630156612,0.7309942284697971,0.7145282449163877,0.4966927494850108,0.41721038725555337,0.43525086501938226,0.42327024140107083,0.08311719087727472,0.7593078087575074,0.5221064520157728
2020-02-13,0.4379854573474873,0.4333538624124784,0.45383481222552424,0.4437941171378723,0.09326253250715791,0.4285482144310049,0.41867753553686904,0.749001864048369,0.7363530849751582,0.7174257168522202,0.5041320769829036,0.41949851663343896,0.43505246555085186,0.42432424758691034,0.08935182286400793,0.7651202729545877,0.5577344507184211
2020-02-14,0.4487882507963219,0.43446886122371176,0.4636937601367688,0.4465478306749724,0.05551916710059277,0.43161168795590044,0.420168051647241,0.7722116165937808,0.7421202471108177,0.7210879326188766,0.5109294497442037,0.4221177273113942,0.4344891993100244,0.4253590957820238,0.08141499683489077,0.7690834130903222,0.5376712942515072
2020-02-17,0.4487882507963219,0.43446886122371176,0.4636937601367688,0.4465478306749724,0.05551916710059277,0.43161168795590044,0.420168051647241,0.7722116165937808,0.7421202471108177,0.7210879326188766,0.5109294497442037,0.4221177273113942,0.4344891993100244,0.4253590957820238,0.08141499683489077,0.7690834130903222,0.524711458009463
2020-02-18,0.4486051183558337,0.4350263306761506,0.46100496660812973,0.44232556160336856,0.07761732044038153,0.4342375152183999,0.42157469229959665,0.7038931742713636,0.7416282033162639,0.7239030172699066,0.5033997832879145,0.4235405709881651,0.43447086669287627,0.4260681567921042,0.07908729024362178,0.7640375224832832,0.5048861477410727
2020-02-19,0.4462249116451762,0.43316808799128115,0.461542717778604,0.44104056539833025,0.048806616167117005,0.4360071181581433,0.4228522824116727,0.6834415548182787,0.7389803226411067,0.7255379040763575,0.49290967619800835,0.4244684653995109,0.4343977683795006,0.4264993403731089,0.07328434040070704,0.7604032794085437,0.5186563706840066
2020-02-20,0.44274595103888537,0.4303805721646514,0.4522215878316067,0.4419584429444372,0.17452930828945581,0.4369014369584068,0.42447185190584924,0.6931851823473314,0.7367303647607334,0.7263213823887492,0.4853419905587234,0.4254285405596637,0.43429286010736345,0.42693052817672583,0.0782603678090154,0.7701975984885502,0.5290413239221832
2020-02-21,0.4423799612599517,0.4340973867532767,0.4593917444003204,0.4439779191636748,0.12425007870350338,0.4377957641439836,0.42601400074384355,0.7150594180085076,0.7358463581203657,0.7267421164686749,0.4821177634833291,0.42672499660086716,0.4341743507972218,0.42752461590677726,0.07727872015775554,0.7775283696560258,0.5342304696685086
2020-02-24,0.43157702319860203,0.424248322874176,0.43698524901148206,0.4166251521099291,0.27143532810035853,0.4357026725946693,0.4263108164177811,0.37632459310455524,0.7086181480241389,0.7207322200101437,0.42495954775375283,0.42726833420311816,0.43283031418840556,0.42711259453911044,0.10746085209407215,0.762985914520977,0.396000727110426
2020-02-25,0.4211405283464551,0.4103111694988204,0.4140411843285261,0.39569777057526956,0.3584000883269649,0.4309266917270693,0.425897862650757,0.23553915914381585,0.6670594812609962,0.7062376065379868,0.34954372615290863,0.4311648260272457,0.42640716389567657,0.42579988158275783,0.13940848447463505,0.7441824184892344,0.4239127759643466
2020-02-26,0.4030137009052761,0.39674557727340365,0.4109938010722629,0.38927254685374124,0.3635475212499459,0.42594138828803696,0.4249945202429013,0.20190050541337456,0.6282873208947198,0.6856047119271772,0.2949840378869282,0.43526240723983844,0.41897835318910337,0.4240751388135141,0.15338738045323275,0.7251267119972933,0.49319491786649355
2020-02-27,0.38305612391752586,0.37611866952052786,0.3663603628458112,0.3431955147128183,0.5578951922976498,0.41623717442250396,0.4224586958936758,0.04403904441622658,0.555117810158945,0.6520436905775733,0.18007327560690167,0.4494470367232627,0.39746700543280844,0.42025197744709686,0.2050245407505768,0.6965484888865104,0.29741501599444525
2020-02-28,0.322450543161207,0.30791930361155995,0.31061304624897335,0.3217172124934249,0.7352429066136307,0.4035836698408404,0.41887756614912197,0.0,0.4788001512713126,0.6074063821444081,0.08162246229726061,0.4621090901368875,0.3738585351842989,0.41458909158618307,0.2697808955944895,0.6592807016158722,0.4142644868366484
2020-03-02,0.32794342983478453,0.3662695715033766,0.34771803532653744,0.3786252158581669,0.379015184181118,0.396543360944688,0.41718701373944667,0.3825722904361102,0.47407394757666943,0.5705949288394158,0.15118203550076725,0.4626429319207336,0.3694091702594573,0.41258646716525205,0.33075186463197853,0.6790942822645896,0.8232513031324238
2020-03-03,0.38415463685961826,0.3859675547782062,0.3783700776585166,0.36338857803083635,0.5003812084382091,0.38836139166715045,0.41488992890880305,0.3323805684523494,0.4581312969235096,0.5374297755920822,0.18359192191300155,0.4640581513960703,0.3625310103269397,0.40978854755160665,0.36579854371185955,0.6533340906957587,0.44883603723203425
2020-03-04,0.38287303425660446,0.40547967613098934,0.4000595575802346,0.41772675078305976,0.3657542033638847,0.3859448702054573,0.4143608285181175,0.5543163472290441,0.4985435764305484,0.5203171437786995,0.32627365081008186,0.46364146990489574,0.3623050747986174,0.4094627772570222,0.4154294687639569,0.6724979187154196,0.7990317788063359
2020-03-05,0.39605619217148624,0.39823242095221767,0.4066919728171743,0.39588141080351424,0.22165592171127524,0.3811688977231704,0.41303162273956984,0.4804258469894276,0.5115165220488221,0.5096508356289513,0.3835713537997337,0.4616873199824548,0.3604095321271894,0.40750808370510827,0.4287407846744934,0.660394521491694,0.41959121830967916
2020-03-06,0.3696897439688194,0.3802067033288139,0.38052095875712344,0.3868860328743515,0.3446556964178343,0.37525121454761945,0.41142495147496105,0.4518213658614614,0.5148414104397621,0.5018927702767566,0.4094210691927181,0.45934230502774664,0.3577746245424165,0.40497846041386965,0.4486650991663802,0.6422644639409222,0.4805951001496598
2020-03-09,0.32849290485818816,0.35437673734364705,0.34574645728296005,0.33768833033495493,0.2600005669636263,0.3670692620407079,0.4083729306516679,0.32017698342791234,0.47303302099504696,0.485941415111707,0.33659557815300634,0.4599816299223872,0.3470103335222414,0.3998042321061389,0.5077831566736538,0.6282822815499202,0.28150817336840284
2020-03-10,0.364379869479559,0.3571639293490467,0.34377442959922844,0.368712122180455,0.39500505045230266,0.36427214798709184,0.40654042094156995,0.42890304726998285,0.4712419773694049,0.47276286581481797,0.36124147174629384,0.4560217319047398,0.34345783260431917,0.39599063073333063,0.5408293976624852,0.64887932292384,0.6850569029153336
2020-03-11,0.3451547296529467,0.3331921209100108,0.325490925161235,0.31419071369388196,0.23961225655999296,0.35648977242100854,0.4027399075533613,0.3091689390432607,0.42095156628781566,0.450498092610902,0.280479197636592,0.4569813880539352,0.32991884437923225,0.3895611803318738,0.5972861311563595,0.6358961132686679,0.25078433184216975
2020-03-12,0.25067598465997765,0.2839472970251067,0.23658216672481658,0.2148767838787502,0.3732067910306354,0.343189290620203,0.39565507725101146,0.1651857415381342,0.29141401245804954,0.40249303057256336,0.05168841680399289,0.4752947872951193,0.2891269361752671,0.3779766511681887,0.7054549183929433,0.6163671283653281,0.0
2020-03-13,0.266788761463288,0.28246082568773767,0.25181861883449275,0.2963840025576958,0.34518685181510417,0.3405634549723904,0.39095122429847207,0.3721210225376598,0.27009471995527035,0.3591197764894023,0.09285792214826022,0.4706828387423906,0.27862005137931956,0.3702823975663364,0.7720026863678685,0.6345232111114132,1.0
2020-03-16,0.20416913315799567,0.2627629054585736,0.21632683784893858,0.2258913953308137,0.38399402002575206,0.32473230244237916,0.38423418121145847,0.28043095461492973,0.1918845824041146,0.3061915737322525,0.0079294202965704,0.4725861905984533,0.25418471032789425,0.3587649614850069,0.8721735633689994,0.6144656808088746,0.14589184575780628
2020-03-17,0.2488449539342571,0.29769859516963826,0.2681303053089953,0.3075818497441092,0.4568234818429898,0.31894782835106406,0.38038848989746166,0.4360440321087038,0.21208440083652425,0.26855728351448616,0.1438683063898616,0.46313362150608806,0.24975855655761003,0.3517318464694418,0.9329749957757828,0.6380916601530573,0.9956521961778431
2020-03-18,0.266422336756168,0.28933624945053626,0.26149800158909664,0.28059636314685243,0.5046692438644838,0.3047340014745239,0.37534909530350546,0.4000977269402124,0.20768657914961142,0.23742478565833186,0.20165903907330213,0.4535981361383795,0.24278752197534526,0.34335726250968024,0.9681445592418348,0.6121213663052087,0.38124032854657697
2020-03-19,0.2739296749439777,0.2603472167917402,0.2631115668596632,0.24645182000410015,0.37461077201049775,0.2892453386736151,0.3687804700057984,0.356756365865432,0.17738290520105238,0.2054554595686816,0.1942209490737723,0.4444318506471777,0.23186769490350068,0.33315255205253946,0.9571024519729853,0.5925235900850438,0.3383918460957805
2020-03-20,0.25342251088674583,0.23470266496346537,0.20162815617364482,0.18238419380240933,0.3760401171525893,0.26804833203921397,0.3598889406701118,0.2846663520016761,0.09918918536776467,0.16165422592792222,0.08905385538765798,0.44015230334869837,0.20936137591170445,0.3194983433890758,0.9955908057386887,0.5728557797718731,0.16304148429911458
2020-03-23,0.18487799817491068,0.1757908593882339,0.16529302729262774,0.15500416386015325,0.4494246065197833,0.2491127688856516,0.34998339608860407,0.2569241050397627,0.018620584562231923,0.10783391743128212,0.0,0.4405469725312322,0.18223070968550925,0.3058427117053618,0.9993074005703436,0.5495923255500453,0.3594447218626292
2020-03-24,0.19850495764104625,0.19074245002221168,0.2038725657718723,0.20079141657483313,0.3930206777602549,0.23170746667942788,0.34151302693319807,0.34444694546668375,0.0054247875371266074,0.06170193004254265,0.06833711155626349,0.4339266824518727,0.16885492211088127,0.29566933302939546,0.9979693338827441,0.5700921379639465,0.8095129517231283
2020-03-25,0.20310858061893555,0.21335647641013578,0.2089203509301636,0.1982066196882064,0.3554906697183235,0.21968549357013778,0.33310666268285005,0.34137463543454316,0.0,0.023531904251242852,0.1391064577184285,0.4260609492188544,0.15710307997430906,0.28569641019115266,0.9899652658368975,0.5514311956705771,0.509413887610171
2020-03-26,0.213973299288987,0.24157739509448262,0.23235652776248328,0.2497172183181372,0.35888797544749096,0.22329677121589664,0.3265302034736661,0.43528204647974866,0.051233572217891044,0.004937653972398648,0.3131043873340794,0.4209819487070624,0.15257039022230534,0.2808171946720671,0.9999999999999999,0.5702585968676777,0.8304033356537834
2020-03-27,0.232387865543366,0.25783704557600284,0.25254753175794975,0.24510145758566004,0.36262695136198086,0.2179812373755443,0.3195463211536549,0.428742978811669,0.09386931424907419,0.0,0.434490101090672,0.41771664878240033,0.1479679623101683,0.27681814040203545,0.9907240571325379,0.5512479958406474,0.49874062003528274
2020-03-30,0.25890504107660184,0.2722278356151464,0.28013010174144315,0.2836883144787943,0.21175345437509416,0.2239719985549422,0.3138219441264847,0.4962934767848882,0.16962068842657085,0.013706375779351077,0.6002062728169448,0.40699984470757766,0.14886048043600697,0.2718627911882633,0.9753493086904731,0.5628661986225361,0.7428369576230524
2020-03-31,0.28413328444385555,0.270545877326277,0.285718823215406,0.2628257328660837,0.20146754058638958,0.21933294146529048,0.3075126739038776,0.4634263950563121,0.21494695613928483,0.035236343473510456,0.6697457296046581,0.3972916303604167,0.14818073956561983,0.2666137888669161,0.935153794891629,0.5517519781341572,0.4112116276103662
2020-04-01,0.23975384942312428,0.2464366306807162,0.2590376321709904,0.24584006343758658,0.15337410498077544,0.2157303845451768,0.300651538029139,0.43689447102584267,0.23953917167210093,0.0581923909097094,0.682421340970544,0.37363794750978807,0.15399931521210997,0.2576419502180901,0.9057178854025133,0.5429942074933263,0.4303863760896209
2020-04-02,0.23643921850235394,0.2623225526547204,0.25579263961853504,0.2711337947691821,0.19467740515668336,0.21828871842236786,0.2946471932138752,0.48449828360704394,0.2870822124167902,0.08763879217614867,0.7401104030573189,0.35339210042556723,0.16126655855267513,0.25113059381131786,0.9048666750839657,0.5537757294876867,0.6675861695298371
2020-04-03,0.27124287776620815,0.26774240017557305,0.2880623428548159,0.27907263464509624,0.20401738489519378,0.22831066018735746,0.2888509091255691,0.4994036375394215,0.33586083985037485,0.12256547306553534,0.788821490263083,0.33336499739264547,0.17004837890687552,0.2455031398878481,0.8618173318817534,0.5650148855344653,0.5684363207748814
2020-04-06,0.30862473843605787,0.31054107532692,0.3142026766481776,0.3171056584974541,0.19597694546854322,0.24511279005018194,0.28535288140022175,0.5682629761005729,0.41315017135865284,0.16852179131384698,0.8868576607148373,0.32941444328951996,0.17185066175863062,0.24442880182514137,0.8615665723061322,0.5758600815319658,0.732559147504549
2020-04-07,0.33753569916756865,0.32829580183260765,0.32898545755774955,0.30492027991624737,0.3175787072334114,0.25590594583351023,0.2821621278338984,0.5441839250254622,0.46500791405163067,0.21737410095871496,0.9125984803755919,0.31494871936566626,0.17963322330557863,0.24109910756699604,0.8489374612680793,0.5590567241063196,0.46050874158261723
2020-04-08,0.31672714348942166,0.31240995055315013,0.32519961681960274,0.3204288994384492,0.1816864780667137,0.2685745188228521,0.27974233068028287,0.5728403822629671,0.5222071637934256,0.2697882281796146,0.9442574500804615,0.3161665399672223,0.17906673047380084,0.24142471740232418,0.8191800798881549,0.5692017253827238,0.6073740903274498
2020-04-09,0.3274077654769745,0.33315519794139026,0.3446697440848443,0.3303987840589926,0.27864621022116054,0.2769373173778378,0.2792925362028793,0.5914156370852239,0.5777680695910848,0.3246699362814091,0.9661903724396119,0.32607212235303085,0.18108031117668322,0.24745453135716333,0.7929569514871101,0.5840974944754943,0.5770769257551102
2020-04-10,0.3274077654769745,0.33315519794139026,0.3446697440848443,0.3303987840589926,0.27864621022116054,0.2769373173778378,0.2792925362028793,0.5914156370852239,0.5777680695910848,0.3246699362814091,0.9661903724396119,0.32607212235303085,0.18108031117668322,0.24745453135716333,0.7929569514871101,0.5840974944754943,0.524711458009463
2020-04-13,0.33090660492435053,0.3185776174785637,0.3361967293358885,0.32245994418307844,0.1339735048945373,0.28495567242576403,0.27931864260624395,0.5729653562366431,0.6146910653874318,0.3771814943185241,0.9451234571661802,0.33013767024019647,0.17972580046775455,0.2488155974437355,0.7593098829661324,0.5762903014039277,0.48340113263524187
2020-04-14,0.34471737965102034,0.3555822457287743,0.3599931895833812,0.3676930402618661,0.23939591517627345,0.29366292287312246,0.2789343856938935,0.6572459362812649,0.6862368544939255,0.43586698146955133,0.9999999999999999,0.3465869226511452,0.1779554853921792,0.2562171100222085,0.768070880126571,0.5892629109093231,0.7618392020275437
2020-04-15,0.3568710245554565,0.34623753983613814,0.3654014763595892,0.35015353779259284,0.16193227171880992,0.30271461682754075,0.27846918499783935,0.6144258311726278,0.7254834986014445,0.491963170003066,0.9769851979393005,0.35357704368943244,0.17539538776752728,0.25843919203494436,0.7443715264403162,0.5800858129642317,0.43650840948970626
2020-04-16,0.3598174527240816,0.3479196667020348,0.36522130853285684,0.35735401451291726,0.1907683401543036,0.3142732510750328,0.2763471333508487,0.6281058580727761,0.7620766744081737,0.5453694363372215,0.9530760101159172,0.36398200086667754,0.17295309114351898,0.2624456527664557,0.7130679092840246,0.5906758012178036,0.5615024520964543
2020-04-17,0.37473332097267753,0.3645531128054258,0.37892235906826466,0.37415491113026444,0.15491535083858396,0.32495158676579927,0.2755834648928106,0.6601393979548762,0.8051376883623322,0.5981313201047271,0.9473484601444675,0.3777001410575497,0.17244209996172832,0.2691112738580851,0.6876627339830842,0.5995090887877317,0.6099941743089333
2020-04-20,0.36699922277719144,0.3574511805833338,0.3744154416730463,0.35218450163844306,0.11285261780534347,0.33252977157207986,0.2743637348281873,0.6015335252819597,0.8165751275667866,0.6430067211118109,0.8772500024159444,0.38132185263726426,0.18621658205525127,0.2779742113429645,0.6654807739377258,0.5927367627522725,0.4148653316130913
2020-04-21,0.34066610438610345,0.3292301961775832,0.34881588409442443,0.32892149145636096,0.1689223364272638,0.33375450525055195,0.27405558770697724,0.5432639065859747,0.8018990367525927,0.675486267245451,0.7670703018762174,0.37356075275052236,0.21166644954289882,0.2870520417760575,0.6513631655801911,0.5832171703126795,0.4060690552376516
2020-04-22,0.3458225534655075,0.3316601264697816,0.3542245597365181,0.3392609216992044,0.1997308414784621,0.33731397843185107,0.27302040241725556,0.5667369364572076,0.7983050217864598,0.7006321936528381,0.7018859290709298,0.3715649836688141,0.22779278974389905,0.29427962918811656,0.62191415439619,0.5942462971849218,0.578587588426509
2020-04-23,0.3406661094144987,0.3299777203001588,0.3515200857135783,0.32966001640950826,0.2890634208496397,0.3382708013561164,0.2735641355877816,0.5416228671204557,0.7848164800142684,0.7176049598169504,0.6292393583211839,0.36458479019863954,0.24813028320763408,0.30114100212768136,0.5937228366006176,0.5788401126042945,0.4751616106906714
2020-04-24,0.33992958109777205,0.3309123211389111,0.35584679173908373,0.3411068700375679,0.11843870153393501,0.3393807149420267,0.2780010185051718,0.569793769776192,0.7833815402515486,0.7308487100048339,0.5960942571754,0.3648762242466185,0.2571831250499239,0.3059111982496835,0.566136799108644,0.58588614181743,0.5843170157693548
2020-04-27,0.35171491860357373,0.33558460818251734,0.36341845827752595,0.3442454999649709,0.13911347776980382,0.3416388294535566,0.2796833104746148,0.577708657958394,0.7836493819622824,0.7415061400046006,0.5731059286788281,0.3633027674734687,0.2688724304836023,0.3110861444014571,0.5317875270673175,0.5939451798267891,0.5408822023794491
2020-04-28,0.3607382575871725,0.3447424582380383,0.36900714371255416,0.35033822970496376,0.177678940434503,0.33983997015633505,0.2840575135696142,0.5937022691431166,0.7880064625401574,0.7510476535503833,0.5631871822928308,0.36560250660542903,0.2734109273511929,0.31456501931959,0.5072167859202836,0.6038938224666446,0.5560115847996271
2020-04-29,0.35981751347920743,0.34231287184765424,0.35891166541283126,0.3457226307700447,0.21393029629817512,0.3393806981714005,0.28539813041413575,0.5783849569637787,0.7855194873708948,0.7581011881110392,0.5410729527919937,0.3641281545907561,0.28334161376969513,0.31889192563193147,0.49426129682456954,0.5921689602466603,0.5011319382429458
2020-04-30,0.34655907042444434,0.32941733763338643,0.35025833743496415,0.3327988890332483,0.21928064251898954,0.33683551246518295,0.28723300593706425,0.5353803034397522,0.769941500999947,0.7601130228818569,0.49626015216412933,0.355580423770658,0.300681168381578,0.3234308492937018,0.48025911419698,0.580181945357032,0.4584085266056673
2020-05-01,0.3309065141939911,0.3221284725929412,0.34052334371974124,0.3209828133780046,0.16894770058949296,0.33132412286627,0.2898527085878313,0.49717529283666384,0.7453187641598289,0.7559833033627937,0.441671370719355,0.3497538364738181,0.3115372172619415,0.32603278059313856,0.467538885769637,0.5706611101412583,0.46336285309689074
2020-05-04,0.32298813723295794,0.3088590030756726,0.33403326802138045,0.3204288994384492,0.1434432894632794,0.3280325939804303,0.2947048655886757,0.49534455296960767,0.7244056138208108,0.7478049888871802,0.405685713862803,0.34379755995049555,0.32165344477735713,0.32819142208291463,0.44586686926909014,0.5623899229274075,0.5218036149787574
2020-05-05,0.3286968151286087,0.3189512927122087,0.34394864255430324,0.32135211630396787,0.11943685591813044,0.3272480137729774,0.3005518582589666,0.49879287231847924,0.7080163382784657,0.737442245200561,0.3862695655796819,0.3435511783873514,0.3223310838918061,0.3284130712103571,0.42546106942243855,0.5694848590384772,0.5295605294715275
2020-05-06,0.3272234945628991,0.3122230064617728,0.33295149744962793,0.3097204898647583,0.13428085886037328,0.3241860915310091,0.3043806249119432,0.4567929085118083,0.6836358936240962,0.7234693375573811,0.35418087240811796,0.34290837036952826,0.3234572830019202,0.3286636241170636,0.41355608542052624,0.5616626064437799,0.4636709174057867
2020-05-07,0.32188313022170467,0.305307810292446,0.32880502462406724,0.30676639005216844,0.1417931269088397,0.3218131233856647,0.30819641087312566,0.4461110522391636,0.6613744908686466,0.7071022153476275,0.33290006147041606,0.34416807831624385,0.32081531233218863,0.32795049250899766,0.3985571986414618,0.553472272786155,0.5090375929198367
2020-05-08,0.3213307811967383,0.31857743140361694,0.340703502561152,0.33021401124784266,0.174638224986087,0.32068405774458664,0.3110258064342215,0.5418410000031676,0.6656779280808754,0.6950115836690596,0.3709113524138471,0.34416603680798896,0.32079844509918987,0.3279408480631484,0.4012518318098047,0.5632719284932902,0.6494700132301209
2020-05-11,0.32943328541208317,0.3232497650102373,0.3480948973352551,0.3287370422403266,0.106038610222951,0.31907657644871956,0.3139655279232283,0.5357427240428472,0.6674734784307276,0.6857575939402666,0.396124648612902,0.34405507968562754,0.32154973834728917,0.32826848897485716,0.3840329253817254,0.556833470623549,0.5170246199412403
2020-05-12,0.3362468871011015,0.32437127343782857,0.3435881320871821,0.3196905362828597,0.2817988263852935,0.31589988442606787,0.31523097618339624,0.49774987661569237,0.660216123503978,0.6766628225510796,0.39753984983599777,0.33944460964889533,0.32120190506718815,0.3257629387947337,0.37677738914324205,0.5417832317619671,0.4775643117941215
2020-05-13,0.3228039841400081,0.3107278698170193,0.3280840258092297,0.3100897927907216,0.15646256473456405,0.3122064726382914,0.31689226872044096,0.45857830179406045,0.6454312573126929,0.6659408768734267,0.38307682347278965,0.3383795670335178,0.31816000964425717,0.32367176197717085,0.37370257096598725,0.532874134845017,0.4742498117608894
2020-05-14,0.30899300876823976,0.2961502481532019,0.3154646551900766,0.30750507680287376,0.15059449120236573,0.3095847206379687,0.31905974283637284,0.44797472665868165,0.6314680270766134,0.6541087026721477,0.3732086338632258,0.3356542706311657,0.31575951438122085,0.32106983490034613,0.36859352246481875,0.5242525578526932,0.5110022799686511
2020-05-15,0.3113870060731956,0.3058687807131695,0.327903878555561,0.31673643647026983,0.2856870032540728,0.3091445755522624,0.3206626378997324,0.4934047428540712,0.6293401642900822,0.6441469906970362,0.38983410827011855,0.32645085605924884,0.3189904731862714,0.31807280646221125,0.35906011376198915,0.5394933069923266,0.5737945234907394
2020-05-18,0.33753577001899027,0.3253055839326584,0.34953720397185006,0.3335373330876168,0.20162270957885045,0.3105032897637774,0.3225770269132706,0.569524675325924,0.6435768489773613,0.6394959768704271,0.4370378822439848,0.3232499356165096,0.3202493961101456,0.3170994943920379,0.3595044977354274,0.550615130346752,0.6132634115058411
2020-05-19,0.3390089352883774,0.3217545929175363,0.3378190665672942,0.31378233665767996,0.20310725907402902,0.30971866762975897,0.3224602149047504,0.4803445578963992,0.6363407746838633,0.6340885463965533,0.43031452507904694,0.3230901494938859,0.31885999983878444,0.3163092874468053,0.35907206743896525,0.5394205680335157,0.42221465177788653
2020-05-20,0.3266710247578799,0.31297054415884795,0.3401626613514839,0.32633685636729215,0.1017475907775906,0.3114409857888145,0.32321298981837177,0.5359944734557207,0.642530735485998,0.6312053882062875,0.45275134505864423,0.32170091081562113,0.3189126118062502,0.3156346998412408,0.34542929909564163,0.545648777415277,0.5910671686077126
2020-05-21,0.32869685772752466,0.3109149878709152,0.3363770409654119,0.3145210234083853,0.18223106154986965,0.31224476836331383,0.32300533287196953,0.4843727570321261,0.6364148592500393,0.6274733434564779,0.4452060754602472,0.3212857744985437,0.31777570570560454,0.31484450134123254,0.334169369895261,0.5354770930032285,0.4629933308508266
2020-05-22,0.31893679053482704,0.3051209541781339,0.3365569875119614,0.31821324368022763,0.08230223040506565,0.3110008658590475,0.3225770212262207,0.5016420858491797,0.6352070143984061,0.624206177300317,0.44933811675618685,0.3190772575447499,0.31761937164666865,0.3136495401436167,0.3124450505424418,0.540752531681289,0.544212700891082
2020-05-25,0.31893679053482704,0.3051209541781339,0.3365569875119614,0.31821324368022763,0.08230223040506565,0.3110008658590475,0.3225770212262207,0.5016420858491797,0.6352070143984061,0.624206177300317,0.44933811675618685,0.3190772575447499,0.31761937164666865,0.3136495401436167,0.3124450505424418,0.540752531681289,0.524711458009463
2020-05-26,0.33716743586399245,0.3211939465555107,0.34575128296104674,0.32393675139303646,0.131104370543554,0.3105033065344036,0.3226289297757712,0.5288702364748007,0.639754843576957,0.6226524745335315,0.46456811783756474,0.31609859304170806,0.31848871125802813,0.31258949984520334,0.30776762331000085,0.5484191448354754,0.5548361814430682
2020-05-27,0.3364308607254005,0.3271744848128493,0.3500779443832194,0.33999920395601513,0.13782736554383002,0.3126083387696017,0.3216555143804283,0.600756593606859,0.6584136102007495,0.62575858845257,0.5059865768511549,0.3133396446252007,0.3201598214573531,0.31204984158406546,0.3037057866401452,0.5564151667820255,0.6087998929459989
2020-05-28,0.35226744709136737,0.34212595819239033,0.3670240702336498,0.34959970475181623,0.12658507363813098,0.3167036166886883,0.3216360476080251,0.6402189543617808,0.6818818818822163,0.6337135785658317,0.5490854782571604,0.31449781539934685,0.31941097579411815,0.31225221026503325,0.29796199569845916,0.5638603464626057,0.5742254356970078
2020-05-29,0.3502420193029603,0.34063090813978314,0.3599933643374096,0.35070761352970603,0.1669678039260739,0.32118164222516987,0.32140243212155983,0.6448077781889362,0.7009214210100714,0.6445153990972845,0.5743893339545731,0.31845463786914474,0.31732918937793997,0.31318697833270515,0.2957274506024934,0.5732841720318045,0.5303752121809592
2020-06-01,0.3552138040452508,0.34885414049583074,0.37387466340011577,0.3582771504796569,0.11042810229814229,0.32548741665952585,0.32084434199312195,0.6766647187340996,0.7223073156851453,0.6581415839333923,0.5994935011523231,0.3248405194646543,0.3148271230361821,0.3151336024730521,0.2843556042812807,0.579937703285286,0.563368576678695
2020-06-02,0.3640527595958194,0.34829332873623176,0.3758575842057519,0.3612310075959102,0.12141675258154952,0.3283579189735746,0.32116231918038496,0.6891264974997277,0.7409782112145037,0.6733944349990835,0.6139520116692176,0.33097669929151785,0.3129304769819601,0.3172633190705042,0.26985188119753,0.5871296490429307,0.5396929061978246
2020-06-03,0.3699455413349382,0.35446086280941125,0.385232134587536,0.3627081384009838,0.126152390870692,0.3334291718720943,0.3223498918203649,0.6956285840700213,0.7559303974865424,0.689081844196669,0.6178145516334271,0.3365592072998208,0.3116378814303018,0.31942194789244416,0.2527218075257038,0.594553628423958,0.5321831641012238
2020-06-04,0.36442112234785773,0.35277886154891536,0.374595771295966,0.35735401451291726,0.10852429812141079,0.33664415961976824,0.3229858490384159,0.656925306015344,0.7614204194685812,0.7029114125969463,0.6013012619258795,0.33988812138414015,0.3132151201224356,0.3219082387391531,0.2492110862178324,0.5879933784885092,0.4976651129734165
2020-06-05,0.36939327827491364,0.3651140067877918,0.3852323542776692,0.3726781039203062,0.1462482674039183,0.34267225221317976,0.3244978991638934,0.7271757361911397,0.7787414693297733,0.7180123419162581,0.6126016657114401,0.3456376917799996,0.3142671966148145,0.3253485823226211,0.25553011085338884,0.5964020021270479,0.6024977809208675
2020-06-08,0.3767588404361817,0.37202869324800947,0.39172204303332325,0.3846784669940262,0.17000105932677545,0.3495614996934626,0.3260294046876737,0.7752676007916871,0.8020311337043629,0.735521553689412,0.6340075180942275,0.35414193684307793,0.3114255989605772,0.32819142208291463,0.2540725467057477,0.6059744491065608,0.5847894705566099
2020-06-09,0.3843091070804554,0.36885179798530765,0.39136172329788477,0.37544743092174615,0.17956782451580558,0.3549006801168151,0.32712612670272145,0.7068170836660951,0.8099081827513823,0.7513649440355445,0.6192009793072122,0.35935613554641843,0.3110444367710634,0.33062952870388507,0.25243703346723895,0.5959332561934847,0.4789895293714353
2020-06-10,0.3819149915923443,0.3679171548495772,0.3928037292664113,0.37230863919678514,0.12201206438916382,0.3582496148562795,0.327898368388746,0.6839780228922777,0.8113083003535408,0.7643660025372022,0.5939371088718057,0.3631681149868068,0.3126535287445118,0.3333759957900898,0.24331221391611213,0.5887121417478345,0.5090364835840893
2020-06-11,0.3642370825221153,0.35371339153318204,0.352421661393562,0.33002948113302955,0.19453417224056563,0.3562211237592472,0.32734676718444256,0.4435793453753999,0.77107311119944,0.7653886356353637,0.487467701366714,0.36221782719024886,0.31563115927638274,0.33441677253247637,0.28442268227180445,0.5779376377836709,0.31297708513887085
2020-06-12,0.34876868330516597,0.33128611141402486,0.3448498876865407,0.33021401124784266,0.2407715479748208,0.3540969226982553,0.3272559108724602,0.44459397308766413,0.7383239609716192,0.7585734107964424,0.417801442024586,0.3607917450229364,0.3193622706358974,0.335602093506855,0.29273392277139615,0.5909776496207485,0.5256720042873406
2020-06-15,0.3242771429588083,0.3303516027817903,0.337097876588051,0.3425839199438627,0.14422659447329825,0.35247028934722047,0.32801517186669105,0.5118977195367014,0.7231904742510383,0.7495938441893804,0.39856383959102953,0.36020220987857654,0.32258705184755154,0.3369512349370879,0.3111571263563688,0.5992872166872382,0.589090253083116
2020-06-16,0.3679201225285864,0.351844578214199,0.36864672530314246,0.35956967027113884,0.1363726562395093,0.3522980885569733,0.3293909375241948,0.5937698914192704,0.726340643750519,0.7431444477417977,0.42105308243326667,0.3615471830635194,0.3239180112906084,0.3383100250357821,0.31558701348965207,0.6072119617646017,0.6121057843529334
2020-06-17,0.3655260065569279,0.35277883934216026,0.3776604426031165,0.35790784755369365,0.09979007425731495,0.3518005292323294,0.33067584118266624,0.5844373947032163,0.7263687283611322,0.7379914766814545,0.43257627001463683,0.36105557111756637,0.32891418091468605,0.34061321075755,0.30279662627047593,0.6010796654621972,0.5162928650244563
2020-06-18,0.3568712474227864,0.3512838961737266,0.3745959086079682,0.3636314361652815,0.06449211249155148,0.35245119598924424,0.33257076626732607,0.6119864078197462,0.7308460739463365,0.7349127013323589,0.4510126154429495,0.3619275438881405,0.3318639331308688,0.3425598475657331,0.29345538113739883,0.6054824559479706,0.5537502407221699
2020-06-19,0.37767969131343637,0.36399240956339485,0.37928294706407195,0.35790784755369365,0.1354311982179438,0.35092023067560363,0.3343683461158693,0.576887721509329,0.7280702089229881,0.7318026689239633,0.45073478922857607,0.36022872647090864,0.3379782072319233,0.34482447661716364,0.2966138131033167,0.5976038397982549,0.49582288919971884
2020-06-22,0.360748100130287,0.3455175860796331,0.37401965536296355,0.35476339291420533,0.10950604040063441,0.3478194760485731,0.33523123653654885,0.5574321204958398,0.7220513654230365,0.7279117416619938,0.4437938592162278,0.35800754293006143,0.3439101821458115,0.3467322569495558,0.2799224921463405,0.5909954871141654,0.5087579817513673
2020-06-23,0.3659445784131421,0.3524866480330273,0.3751099138958942,0.3530889499872423,0.0932640245167008,0.34550197674952243,0.3360871859126129,0.5466812642763271,0.7149328477355344,0.7231397811056772,0.4359628555841472,0.3558940696776506,0.34897951103356406,0.34825389208072866,0.27322490991852444,0.5851829498126039,0.5161917882748216
2020-06-24,0.3514689967353499,0.3338398378033558,0.35439793471554615,0.33466837891628964,0.18863625851750948,0.3416004918019686,0.33661364466853927,0.438080927594364,0.6913982507119423,0.7138366542490608,0.3956878966434548,0.3563839962452381,0.3479502366427383,0.3479756430617954,0.2797824529366221,0.5746974278626911,0.4308432456358432
2020-06-25,0.33810719153139823,0.3298845451635366,0.35112767077939355,0.3422970528736622,0.15559869120922898,0.3428720490689072,0.33774570316922126,0.4865045341910811,0.6795920822932915,0.703642313570926,0.3877664040982213,0.35655649907827136,0.3470332685158606,0.3475944720975329,0.276501899475458,0.5835641972850165,0.5642505157437607
2020-06-26,0.3459015671607564,0.33120296266341764,0.34313362960784755,0.3201553806667774,0.19062510723818588,0.3418294527767298,0.3381903508663078,0.3745110296762597,0.649313226271797,0.6884292979069144,0.34315825785130527,0.3590827539903173,0.3414127096518027,0.34599976044277503,0.2879356221102681,0.5729812270616413,0.4107589951779025
2020-06-29,0.331055046854817,0.32856608443472246,0.34985587904051574,0.3402503137659143,0.11867593105125501,0.34158757003444973,0.33901684416651356,0.49203549058481477,0.6443422736644779,0.6751002315495434,0.35990361124216985,0.3587019240980044,0.3399467153014315,0.34505882736155635,0.29315818866372256,0.5800388798872904,0.6302845288270196
2020-06-30,0.3444170653840384,0.3387370972636845,0.36221042160195727,0.34825120300529266,0.08474166600769578,0.3404143892610436,0.33953402450024384,0.5336266189433418,0.6479640539374849,0.6652811606360249,0.39110196350168197,0.3579181581100429,0.3393949781820895,0.34438133037631136,0.2849473427982665,0.5854338443921405,0.5659659729478247
2020-07-01,0.3542527426943649,0.3425039690831635,0.37183945742740554,0.3491813771658019,0.08297811072799621,0.3395098739200251,0.3407782714377363,0.5385287990081525,0.6516749271989632,0.6582908523049359,0.4162452244878827,0.3569420703962972,0.33897749147623557,0.34367528431121197,0.2685212802357808,0.5907423994001922,0.5294724898849554
2020-07-02,0.3622327881377967,0.35210979637708784,0.37565480326224776,0.35476339291420533,0.07694442413653677,0.33859068428104533,0.341777440639339,0.5687308593975009,0.6597566752444453,0.6545823388064574,0.4454152313636885,0.35674641088989845,0.3389061578104635,0.3435400636065561,0.2663291153351305,0.5957553198862026,0.5532582812982262
2020-07-03,0.3622327881377967,0.35210979637708784,0.37565480326224776,0.35476339291420533,0.07694442413653677,0.33859068428104533,0.341777440639339,0.5687308593975009,0.6597566752444453,0.6545823388064574,0.4454152313636885,0.35674641088989845,0.3389061578104635,0.3435400636065561,0.2663291153351305,0.5957553198862026,0.524711458009463
2020-07-06,0.3670580150322562,0.35229832104963066,0.37710842747034734,0.3601593414709954,0.12519750476324046,0.338824055930508,0.3433815896972401,0.5976822694786217,0.6709970697161385,0.6542354938554719,0.47529519024172434,0.35493084753111004,0.33942171810045885,0.3428866312872022,0.2571954597192909,0.603132512399251,0.5521663798038714
2020-07-07,0.35815006500891866,0.3630342142687826,0.37656329933222743,0.3702068080205638,0.09639724455677617,0.3404247954346262,0.34520912039499785,0.6492189296153185,0.6889271511104806,0.6581372485275321,0.5130585747730507,0.35159715617065534,0.3412386976732249,0.3421312651137315,0.2657495671580683,0.6090985691113682,0.5755834975697907
2020-07-08,0.37652284153028925,0.36002077437248636,0.38564758543448496,0.3674159619439199,0.11380899592233792,0.3419098176176787,0.3467373786131862,0.6294515616746129,0.6999071494807244,0.6638179237223656,0.5288703870670978,0.3499720715510505,0.3420245740394836,0.3417120526377978,0.25495384933308224,0.6022793831034489,0.5107084847973477
2020-07-09,0.3698415489252227,0.3555000066635954,0.37547306561170624,0.3586706421405299,0.0891087779397437,0.3443976980940293,0.347393664191727,0.5687005129481895,0.6997571861268191,0.6683275096898681,0.518461241292968,0.34767091114340853,0.3429058633876092,0.3410002004811735,0.25401462124701174,0.5966704417820766,0.48072181956986704
2020-07-10,0.36390298910185415,0.3679311339967821,0.3827403842066739,0.378951723330059,0.18564627139355183,0.34819702477183334,0.34842536331975316,0.6739143168696403,0.7179904353270624,0.6761850729243639,0.5482195061691897,0.35150407650153215,0.3441162518958598,0.343553757537331,0.2622280393451496,0.6070094623516307,0.6275368194701108
2020-07-13,0.3882141205802352,0.37904366289377966,0.3956398149785212,0.37727703770675913,0.13735589052827582,0.35411779374261276,0.34935925656060673,0.6619779382458814,0.7299188967721302,0.6852514673585708,0.5589641188600485,0.35405510129155615,0.34640430586094784,0.34601027052408806,0.2647441089961269,0.5990365414211452,0.5163742845883258
2020-07-14,0.3780071262381475,0.38337575598707896,0.39454974953643895,0.39365078877118487,0.18754559954165465,0.3596528550804654,0.3506026106312372,0.7364645704437711,0.7536233546772568,0.6980297333184401,0.5919568327402007,0.36103104135368824,0.3447265271442477,0.34867576902484554,0.27531421128272543,0.6094686239952884,0.6063476164889812
2020-07-15,0.4032463630208214,0.3952419168393584,0.4132631593439362,0.3945812056280309,0.19773005668144253,0.3644550484368807,0.3517748424536422,0.7404491458424096,0.7718646515378235,0.7125041163346636,0.6070326521376823,0.36691032701332416,0.342492023274813,0.35050323949926543,0.27377251250973794,0.6203997177582188,0.5292834912561539
2020-07-16,0.3978645608633695,0.38620122777518207,0.41398999098744116,0.3970000791190058,0.09056647126315018,0.3694115483253435,0.35298017575100316,0.7513034992737212,0.7870075678724151,0.7276132073838928,0.6126742106845271,0.3727017135788663,0.3407615187858912,0.35254370696910275,0.2575770019247493,0.6260800821577401,0.5365879877662229
2020-07-17,0.40603025858744646,0.39204007807342034,0.42034898405603305,0.4031402964422499,0.06895471303434456,0.3744259068743392,0.35458952561619683,0.7788840985775946,0.8030249777864683,0.7434338960789804,0.6189991972486582,0.37897930102772637,0.3385928744234572,0.3546059208908333,0.2433901271530849,0.6307015281468334,0.5547955936925756
2020-07-20,0.4045455459966132,0.38827311652830443,0.4103563500176748,0.3916042923597738,0.07636850845298007,0.3776852361577956,0.35525476545507884,0.6813362893945638,0.8030409481759231,0.7560941694911486,0.5909080641232436,0.38245950946004126,0.33859600557029146,0.356364748584287,0.24100560534237098,0.625716825990573,0.46849338542398816
2020-07-21,0.4034321038007258,0.40089251585209884,0.42034896333364236,0.4014656917177286,0.09171681062072073,0.3809252792210742,0.3558448224919828,0.7297283778177502,0.8104984631478334,0.7679606221044935,0.5838522427386331,0.3874545517356641,0.3384307041045298,0.35880243294405567,0.24958031636467043,0.6314535539451125,0.5732574196499235
2020-07-22,0.4088137801430005,0.39938561113433546,0.41544338202116116,0.4105827414104508,0.07941369993002476,0.3853995984491565,0.3570797995378543,0.7707770620867521,0.8230062729247137,0.7803691653705095,0.5886705780923852,0.39369061445836284,0.33814136762399594,0.3618033926339793,0.25271592465757114,0.6365874623475368,0.5692063308795661
2020-07-23,0.4182786774175775,0.4065430393104168,0.4325217231942746,0.4146763005247256,0.11589780928238816,0.3912046920254355,0.35856898772203416,0.7885259878931915,0.8346379618498346,0.7930071706466618,0.590710135333107,0.39877784757320855,0.3412891021744624,0.36597950524854206,0.24001207799569269,0.6435089946291599,0.5445317585689553
2020-07-24,0.4203197872666091,0.41351172246406875,0.42943285598151526,0.4131875202954811,0.07622825955594811,0.3947532978409303,0.36149192388274765,0.7746541931312879,0.8402385215032516,0.8044229805681982,0.5798467362737065,0.4030756432300199,0.3442854804097941,0.36967972104344027,0.24326327301985884,0.6385311642941337,0.5175285361028995
2020-07-27,0.4158660836638344,0.4063547102407534,0.43143159082091986,0.418955765033056,0.07611934285931693,0.39907337761947015,0.3646111229850397,0.8015619231526018,0.8478257997006478,0.8153241082331606,0.5752720185570672,0.40406728937907566,0.3534034537217141,0.374836729539361,0.2323701493892833,0.643503658002031,0.5525773646308654
2020-07-28,0.42236140700800195,0.41633721123197165,0.4396073211062663,0.42323522954138637,0.07458854106830867,0.40213986147177616,0.3674459496789564,0.8211056919277536,0.8554931050400687,0.8258321432086,0.5717780413156286,0.4074534163895419,0.35853741155712116,0.379168230053578,0.22452642231360515,0.6484011465121997,0.5452825475727636
2020-07-29,0.42662971035040886,0.4159603604813411,0.44142405425532316,0.42490967246834965,0.08633214818041976,0.4052834650488537,0.36974259660674447,0.8288761231230634,0.8607034594984911,0.8354530259636807,0.5638926500319902,0.41085220416294554,0.3630122212638054,0.383169513862755,0.21383582274623936,0.6538740403940272,0.5327308496271999
2020-07-30,0.42588736632675883,0.41633706848696383,0.438335410671016,0.42490967246834965,0.13728278206067404,0.40817634776362155,0.37209765522584215,0.8288761231230634,0.8623660704083713,0.8435372616101531,0.5502342682591933,0.41306472644125736,0.368564859316876,0.3871222460789482,0.20930341638130523,0.6618433792049331,0.524711458009463
2020-07-31,0.4240315254205518,0.4112516376863944,0.43106808965153864,0.4237933502174478,0.12797115050347863,0.4103170762767745,0.3742122966465866,0.8150652655090515,0.8601878680022056,0.8494969441097072,0.5313503242393516,0.41457296676245525,0.3741292042064015,0.3907253502426534,0.21020532103858008,0.6543302854613023,0.5193727340601109
2020-08-03,0.42811433784628217,0.412193362674953,0.43651862037168976,0.42063020796001926,0.10316201582425322,0.41332566792729497,0.376416935634752,0.7750201881279649,0.8531142159642444,0.8526159288665551,0.5061009784047384,0.4151714048818643,0.3797182722619892,0.39388170205484385,0.20252509966348764,0.6480327730313474,0.509569502073145
2020-08-04,0.4227325299518663,0.4229294437934765,0.4385172205545831,0.4351433680070893,0.08530266159582356,0.41681642346757,0.3792422251456946,0.854844704986696,0.8587898341248754,0.8564340173748013,0.5123149138502303,0.41872688280911097,0.3828400533355847,0.3972711462730455,0.2084539416593006,0.6534552248211352,0.5943748100354049
2020-08-05,0.44073396948387544,0.42688475505127554,0.450689920952845,0.4327244945161144,0.08121753946738242,0.4191114585127702,0.38204134853924665,0.8246146829431479,0.8585803060260947,0.859439650352411,0.5050934589379785,0.42034508061484954,0.38791531030543847,0.4006800060613064,0.20089892798257797,0.6482329331009195,0.5132438825796702
2020-08-06,0.43368179875717683,0.4221759679851258,0.4492363825778538,0.432538346425722,0.15343229335294828,0.42096289372325857,0.3854813967890893,0.8221832246568305,0.8558469617233576,0.8612070555418779,0.494087556699659,0.4186943047439601,0.3970975536714245,0.4045356224236948,0.18905694290946112,0.639472311385321,0.5238271374120341
2020-08-07,0.4344240705487241,0.42744966259949146,0.4506898076032426,0.43886446914302124,0.11153666538851181,0.42362435856652114,0.3888756614423112,0.8575417630395478,0.8572478371707796,0.8629475025604653,0.49384794085832034,0.4205985744505144,0.4013384546839531,0.4076628424355718,0.18373915761643106,0.6461801592683468,0.5547692824253768
2020-08-10,0.44388891484049897,0.4349838169129563,0.45868395760087943,0.44500476736504435,0.03947111245723527,0.4263243874648257,0.3932640139178951,0.8891593313994676,0.861698307458915,0.8653771974494775,0.49997427298598607,0.4222729875205896,0.4066053972942578,0.4111979752136222,0.17766561196960456,0.6493569876041116,0.5537301735420627
2020-08-11,0.45428138538852925,0.44119932717905774,0.4546869216544185,0.4368178918328314,0.10344698964694579,0.4277322563818542,0.3966582842581672,0.7796708018844923,0.8551102549778549,0.8657853780259124,0.482006182533933,0.423673500240929,0.40963279788424267,0.4134511356508116,0.187641554750678,0.6430455122182442,0.4862207339767508
2020-08-12,0.4453736135149893,0.4449664119967691,0.4626810812235549,0.45207532064635547,0.09431738325398328,0.4305480277571643,0.4003076159507333,0.8613206458777326,0.8618384954557728,0.8676801735224047,0.49521985665178064,0.427682040149011,0.41154592388904043,0.4164521122311834,0.1974729016508157,0.648909661283545,0.5969423335786517
2020-08-13,0.45316780627711273,0.4423292429483525,0.46867637486281,0.4511446610931722,0.062022836698063515,0.4332673344903333,0.40389154088039825,0.8496347382463619,0.863808454150738,0.8696551774795429,0.4959327840186265,0.4307129596241931,0.4140832994301582,0.4192782557835576,0.1858755232506094,0.6446278587141857,0.5203618384543042
2020-08-14,0.45353912536130103,0.4425178549391955,0.4674047443525462,0.4509589174966746,0.03097710212954522,0.43608309748033003,0.4072727338490252,0.8471549672475976,0.8627234826061903,0.870982290197351,0.49017404745220866,0.43352079457605275,0.41619466603238653,0.42177420796656395,0.17737806394012412,0.6418672141899892,0.5238426723019061
2020-08-17,0.45743614943161814,0.44929827596383,0.4723100857489104,0.4576569319008641,0.051814507405589356,0.43992098821317627,0.4106996933531226,0.8823803206556419,0.8656846835328204,0.8727341914950393,0.4939497514275889,0.43510156166009695,0.4213829876944297,0.4252219073401674,0.17289421502492186,0.6456488358988619,0.5560452143372231
2020-08-18,0.4631894714996738,0.45363043363651845,0.47485382038896695,0.4624948406803717,0.04815013196824406,0.44275602065272435,0.41394354121893695,0.9060964472291605,0.8700454611972296,0.8751521438140815,0.49986989996322306,0.43825216267944433,0.424505705774195,0.42840739939789463,0.1704343728543961,0.6492509130018659,0.5472172431278464
2020-08-19,0.4644884408996399,0.4502400340844732,0.47176515121044993,0.4530054139080857,0.06223917808178301,0.44485817672552197,0.4169519395246375,0.7780363315766184,0.8620758379364662,0.8752289070934295,0.4790604027616209,0.43962793202338746,0.427481482293971,0.4306217033592933,0.16786639922571006,0.64495851028273,0.4807441574043263
2020-08-20,0.4498275397385705,0.439692573682156,0.46504291108829876,0.4505867022146688,0.1265000290941861,0.4467289233121272,0.42018271286233166,0.7476906883504187,0.8511382973556554,0.8727409425279156,0.4562639963178686,0.44048443770478773,0.43030504965935257,0.4324960912758463,0.16150670367586994,0.6375174975575792,0.5134159277940933
2020-08-21,0.4527968298841403,0.4428945407307192,0.4664963915976037,0.4535638581792629,0.05988627903264069,0.4482525430914741,0.42280526756871084,0.7678952338600665,0.8430381586084087,0.8688625511148412,0.4439052832439683,0.4410484228209969,0.43387430839966723,0.4346035842662471,0.1567372090783004,0.6416946145098358,0.5386431351810933
2020-08-24,0.45929221521508357,0.4515585181585988,0.47267352211003755,0.46379723012288676,0.07875423171206603,0.450200417788164,0.42584638062996194,0.831089483392572,0.8440283957352376,0.8659906472731524,0.4528513785592486,0.4436408524323582,0.4358943568135554,0.4369441401043751,0.1557154201539946,0.6467962107315623,0.5724796179915802
2020-08-25,0.47024150362543393,0.4553256308946323,0.47667059706468384,0.46119237033907745,0.04202990882329683,0.45272687909018283,0.42822041124810695,0.7959996054109212,0.8401425536874941,0.8627873932238412,0.44990619510701163,0.4454794704997883,0.43795607391787694,0.4389253601049864,0.154198868774511,0.6434940082105104,0.5126554046832393
2020-08-26,0.462447010116672,0.4521234818683548,0.4739452365796126,0.4626808269732061,0.054834334720404866,0.4538261600990561,0.4306140565019574,0.8055639788727832,0.8363025791105599,0.8593297500217547,0.4476450746792947,0.44721841376283333,0.4400973331997722,0.44089687232056807,0.15222267669804557,0.6474235933893664,0.5316153749943487
2020-08-27,0.4685710802176475,0.46380104874834305,0.48520946146684185,0.47012327194140724,0.10460628106177366,0.4557933294012364,0.4331842761300302,0.8512527697133115,0.8381014595707731,0.8569829272724766,0.4575185256105451,0.4498680030576637,0.4420989019287773,0.44325685217397937,0.15351054565695293,0.6537918709571393,0.5591891708233268
2020-08-28,0.47952059879662423,0.4696401118462181,0.48484627443714023,0.4809151690549873,0.07710854518625501,0.4588983521526453,0.43591799844773105,0.9074543142137604,0.847425084622196,0.8572786649759125,0.4810067418175537,0.45416812187346867,0.44368568108637163,0.446238396293844,0.16095298527165447,0.6588128329360835,0.5743990167305355
2020-08-31,0.4800771744344039,0.46888654598770896,0.4928402191257748,0.47737989241433176,0.0889401808613968,0.4609426747208494,0.4389329397045416,0.8568078315965731,0.8491608238341468,0.857919829681614,0.4840770458874644,0.4558386307795882,0.4478344110879433,0.4492005163984253,0.15423571482220055,0.6532121524210888,0.5085780413536586
2020-09-01,0.48081954297063456,0.4671914927199967,0.48938822557524864,0.47868236275562603,0.11970243361676541,0.4626205423350518,0.4416470416994871,0.8641082880645145,0.8494487968369276,0.8584998835951596,0.4835338668289633,0.45886522584472866,0.4492920586926543,0.45147308818306187,0.15083741275937262,0.6603201011298151,0.5306725693926809
2020-09-02,0.48787169186509916,0.49412560038962305,0.5024695000436152,0.5008240349625106,0.14136044414140073,0.4675770338382017,0.4448189483818652,0.9642631588705283,0.8680564800000361,0.8633010960768359,0.5210533434375285,0.4667909320225968,0.44841613303196737,0.4550276280859472,0.17351874061435374,0.668489234487887,0.6259408168582163
2020-09-03,0.507357733589632,0.5035429823040618,0.49084171517654984,0.47942663152207987,0.3670985039620313,0.47056634765385774,0.44709486885565863,0.7229844956130477,0.8601533114584011,0.865299957075645,0.49614483568701906,0.46793036535031163,0.45208201623087163,0.45747502023074527,0.2212685241129309,0.6492595393306494,0.4286264934165077
2020-09-04,0.486572513713156,0.4760439324028587,0.4821210069138562,0.4766356236478779,0.20745945091064802,0.47295778025869395,0.44932501710693096,0.6965487713153232,0.8489421377525157,0.8642858909452001,0.4693646408365275,0.46871901164428176,0.455162867233059,0.45944653244632716,0.23778320054213692,0.6378517312457032,0.5119590383650305
2020-09-07,0.486572513713156,0.4760439324028587,0.4821210069138562,0.4766356236478779,0.20745945091064802,0.47295778025869395,0.44932501710693096,0.6965487713153232,0.8489421377525157,0.8642858909452001,0.4693646408365275,0.46871901164428176,0.455162867233059,0.45944653244632716,0.23778320054213692,0.6378517312457032,0.524711458009463
2020-09-08,0.4772935700977783,0.46398971041807635,0.46685971808687365,0.4509589174966746,0.21807957483696064,0.4716270646076888,0.4504499013939449,0.49566747086872553,0.8138989170102972,0.8553065936032005,0.3985662329349536,0.4683876010909981,0.45609912176132594,0.4597573166908596,0.2596483328260774,0.6259235654634545,0.4071232737934376
2020-09-09,0.46151920898551113,0.4679451007329889,0.4763073622345211,0.46826284272160956,0.16633519187988727,0.4723599325891261,0.45203258468134155,0.6008438455417036,0.8007136532108663,0.8450498702736764,0.38721192020670203,0.46728076714711475,0.46040749492527877,0.46139862486923755,0.2773965799652689,0.6353163947326174,0.6056603697007809
2020-09-10,0.4719116867326887,0.45946921914189964,0.4715835150404868,0.4533777100888705,0.13965955326250265,0.4713956467361833,0.45303321261128837,0.5071340019001715,0.7747493396653573,0.8307926030467114,0.3516533618727889,0.46722267675626117,0.46059804894911816,0.4614666047001169,0.2813843802046103,0.6272306004831328,0.45607273359742284
2020-09-11,0.4607767322321572,0.4536303462003033,0.4723101887015828,0.4600759671893968,0.12700582032922683,0.47035422438784313,0.4542692787272491,0.5464637091779124,0.7592209595632251,0.81576735885799,0.34482725165032946,0.4669960655663109,0.4617349816487002,0.46193278528952797,0.2751501239008806,0.6346963956274162,0.5559829890030816
2020-09-14,0.46968486591472347,0.46135290258497297,0.4830295507320621,0.46789078923716176,0.07007819622014302,0.4690042225166604,0.4558192671637702,0.5905816819176279,0.7530883638177486,0.8023177482447676,0.3588321619434257,0.46696165232753295,0.4634996243019538,0.4628165653170814,0.26794191946361856,0.639372889290866,0.5609926330441324
2020-09-15,0.4745097777469265,0.46304772210329137,0.4850278252449771,0.46621602271508267,0.05927455512005455,0.46784706607662785,0.4574215707739222,0.5791239852256387,0.7455267238767651,0.7897955559160365,0.36707545535913155,0.46706628677839424,0.4642709985421105,0.4632633176685971,0.2569894927315427,0.6352257451759084,0.5169863563399965
2020-09-16,0.4750667639674031,0.4624829643041155,0.48030428954972404,0.46082039775340866,0.08311388359639948,0.4659956392514528,0.45832409709009236,0.5416768432873366,0.7334575196179436,0.7769646531864495,0.3643315042668478,0.4670524592802753,0.4641135244238044,0.4631759180450462,0.2533496779934595,0.6299105376600659,0.4997888862821298
2020-09-17,0.4544670523162291,0.44722655827235447,0.46558790637111525,0.4531915619984781,0.12545711442370386,0.4610584423537938,0.45904349755035434,0.49071880200181783,0.7159091698704129,0.7626096762399677,0.35078487577432205,0.4670407818324992,0.4641440966347219,0.4631856342752999,0.2519574778323455,0.6225206249672857,0.48931564993027954
2020-09-18,0.4587353597391337,0.44440129005827766,0.4552319975820296,0.44221375949084263,0.123669686991318,0.4572012570154569,0.4593835803012549,0.4235002600441524,0.6911411384313361,0.745352641374825,0.3249901342505251,0.46798293967753823,0.4623567486943594,0.4627485981540379,0.2606017448774329,0.6152182914430034,0.4734524340525918
2020-09-21,0.43784667906928876,0.4251057620718435,0.4412393977519531,0.4331733209417976,0.14362233060842655,0.45269630623854473,0.45918354115842686,0.37330359914910916,0.6628078085848927,0.7249429430705028,0.2969679028531951,0.47034879052890977,0.4579334201095482,0.46168428879487433,0.26834929395321006,0.6069383316914067,0.4821075895131741
2020-09-22,0.43766001318905623,0.4334425325385409,0.45403299575975375,0.4400987418136504,0.08129213994452708,0.4515706282639673,0.4590110984260829,0.4259570044130382,0.6469111482931325,0.7049099134809647,0.3003158967286723,0.47119297360151446,0.4546765097448564,0.46044731683029017,0.26117701651151376,0.6121642786356831,0.5575990098024881
2020-09-23,0.44755430441033917,0.43438978487124946,0.4425186509363377,0.4223171901977214,0.07931224328110803,0.4468082735301886,0.45850141078082474,0.33257287053039497,0.6178709090222517,0.6821146495081174,0.2757639670488944,0.4742769254590081,0.4476538428913255,0.4584181786284979,0.273938786629489,0.6070353413379815,0.4407644939194705
2020-09-24,0.4260855161765691,0.42453750141544266,0.4361221331313474,0.4309273281414656,0.11102938214392818,0.4444812485154328,0.4577580763703262,0.396387675156604,0.6035055013386809,0.6605300791939196,0.28652513407748714,0.4751963403354159,0.44349924061266655,0.4567607654078828,0.28093354493080275,0.6137183336973936,0.5659803905261356
2020-09-25,0.4286989388893152,0.42586360796773093,0.4437980378777042,0.4371038690164635,0.08552198699862884,0.44210014661636143,0.45726455416490386,0.44012321881199523,0.5985289604252413,0.642102466566812,0.3145855346010022,0.4745713202863341,0.4407422861102186,0.4550372767544085,0.27743228979500145,0.6191515318459202,0.5540988417541661
2020-09-28,0.45054143089790744,0.44481083109924935,0.4671919845208503,0.45039319233539077,0.06531271774014266,0.4402864872414818,0.45724466939431996,0.5266194641524948,0.6076061909965969,0.6294761415434267,0.3661498790894412,0.4718069702435942,0.44035582518108596,0.45344414435654545,0.28017910601763596,0.623594529796363,0.587609789235872
2020-09-29,0.4546485233240838,0.4414003743549777,0.46134355136593097,0.4425320152872807,0.09623909154522953,0.4378315945869484,0.45671304110987654,0.4789429605757536,0.6078428300892847,0.6194302385161085,0.38908578191304516,0.46938178269652264,0.4391918695197772,0.4516252162262381,0.272733188634299,0.6176362221592548,0.48791891394527975
2020-09-30,0.45110140328864756,0.4522001305774488,0.4677402619765827,0.4569441327594266,0.0982339083040775,0.43742981230876943,0.45651793832651255,0.5658839033331834,0.6219466577403051,0.6146809048831392,0.4361639734307171,0.46674395532123925,0.439578103407956,0.45049056237346485,0.27867143557020496,0.6236922704877501,0.5926116045943751
2020-10-01,0.46752994598372455,0.4542844104096311,0.47413707714572384,0.4636824347555393,0.11283769770991456,0.4385172113289504,0.4568932267608965,0.602930460574396,0.6395894264379192,0.6149937003679762,0.48115835873029095,0.45828973432256903,0.4441408203080559,0.44855191052460797,0.27076197121985557,0.6304638654783971,0.5560764301568746
2020-10-02,0.4553951914063006,0.45011593551867435,0.4686540711998932,0.4569441327594266,0.08598301794738278,0.4400440426832226,0.4571166851759296,0.5579956395481254,0.6472208891982915,0.6170227152365534,0.49641285627737575,0.45458363366091714,0.4455072210405122,0.4473784086412681,0.2677017120530571,0.6250080780451744,0.49352165726296454
2020-10-05,0.46342292847713695,0.45428452820622955,0.4785235721462595,0.46499275227839276,0.04179267930597683,0.44334218758111477,0.4575184013320073,0.6040419971417236,0.6607281171079445,0.621794257549073,0.5207896221866736,0.45225387836191133,0.4466207061846241,0.4467706945422344,0.25514951114828677,0.6282986569537128,0.5621756036032819
2020-10-06,0.4714502558797049,0.4603473861647027,0.4743197179227372,0.45713133253394544,0.07240274708797037,0.4451076481761762,0.4572841005560082,0.5505755226192914,0.6638299471584119,0.6263344810431232,0.5187335608332307,0.45270815666043995,0.44680243176387524,0.4470928713939918,0.2577741993879249,0.623508266508527,0.48836252135719377
2020-10-07,0.4677166385103846,0.46300003509207555,0.4821786630817779,0.470046337202614,0.0950857681685732,0.45005486552301455,0.45759531015368315,0.6236663893852576,0.6781427186866111,0.6333027502830216,0.5403150778730487,0.4530469045837412,0.44664979196484866,0.44718596309854297,0.2587833573340152,0.6294100643816545,0.5848179310879228
2020-10-08,0.4791043604819101,0.46716838164897556,0.49076858163466297,0.4780947140252434,0.07398726122252278,0.45494385525554226,0.4581370955095587,0.6650769912115149,0.6965319780942528,0.6431636237538395,0.5660257909458044,0.4568276894507247,0.4454379385128304,0.4484760977484349,0.2462964646720544,0.6342780917858927,0.5617697767029414
2020-10-09,0.4865717422425164,0.4811890900301714,0.5015516509967972,0.4876402845501291,0.09242402314405201,0.4601820513529824,0.4587528039858213,0.7109907098281991,0.7193034123905145,0.6563599992594386,0.5956731705814897,0.4620286907256771,0.44311289328651293,0.44991485145091603,0.2435552823500401,0.640049471264529,0.5683737914125702
2020-10-12,0.4964665379126998,0.4967261533530354,0.5119696378908456,0.5018658494379882,0.10422432661879305,0.46551729067916847,0.45948920303875473,0.771982149402579,0.7496183186715846,0.6739830455553715,0.635019328393633,0.46970017322013413,0.4390004432020562,0.4516882218201602,0.24986485349971238,0.6463990340851105,0.5892757405637878
2020-10-13,0.501693730012658,0.4929366229115877,0.5148936444144043,0.5009297696666146,0.0866201060221981,0.47157032957911404,0.46031696170760195,0.764332568258178,0.771341660465144,0.693144864819715,0.6486966057245678,0.47623895984294384,0.4360834306171417,0.4535001488597413,0.23858641028906447,0.6409120310384081,0.5205115134107067
2020-10-14,0.5043073070720028,0.4940733764147307,0.5094106225824193,0.49456594811831867,0.07260267636671802,0.4754699026752762,0.4608752565698424,0.7116267494142511,0.7810183508109925,0.710729810311158,0.6346806720224605,0.4810131416900808,0.43481218427813095,0.4552615396786902,0.23839562676978487,0.6361118445927393,0.4961371691846203
2020-10-15,0.48918558823435965,0.48687353263432365,0.5044760493143663,0.49531466631761534,0.07385298036366239,0.47874864395860706,0.46068160682777237,0.7153711226841977,0.7877873882189936,0.7263755268866696,0.6174439696395498,0.48576913648218667,0.43441519508631155,0.4574602073077859,0.2350767191215803,0.640973292593668,0.5280905782119751
2020-10-16,0.5026266140319,0.4940729299693185,0.5150759945561552,0.49568849957520067,0.07461688924962365,0.48276457165963227,0.46125319801308584,0.7173643634147021,0.7918511849229783,0.7398393096603788,0.5980500016289098,0.4899452739106259,0.43575178878536946,0.46025138763265006,0.2262824955523846,0.6458721700889798,0.5263976246190885
2020-10-19,0.4992664924856518,0.48914688948070406,0.49643416559024467,0.47959190772749993,0.09002487179908003,0.4842778020360228,0.4613571089485131,0.5820691079208247,0.7783709662323277,0.7474683009019008,0.5461878597845918,0.49061894793365235,0.4398301762802965,0.4626742632920712,0.2398230194771801,0.6402183426161403,0.4521300523076889
2020-10-20,0.4951594058643325,0.48213659356705163,0.49606874194770123,0.47828175200220424,0.08892526076596785,0.4864700834542419,0.46231748393803596,0.5719874187367804,0.7651049530049454,0.7504793869695388,0.5051419283523501,0.4912438614754223,0.4431150115830125,0.46466727282543696,0.2423999819897903,0.6346183931459577,0.5187260228465228
2020-10-21,0.480597924411035,0.4743682723117102,0.4966170788485582,0.4794049506493179,0.07928240309025017,0.48744012163198547,0.46270911979785767,0.5798574194081597,0.754429934361131,0.750400070525364,0.47767309891096793,0.48918901082648547,0.450981689319617,0.4676470392256419,0.2322258711654251,0.639745868354035,0.5298482868655826
2020-10-22,0.48321140481585134,0.47095765848889215,0.4933271893512301,0.47884318952820326,0.09070821216972502,0.4875177025489783,0.46360421029605625,0.5749416649121455,0.7443333256566522,0.7479832506753833,0.45689636121181704,0.48733608036990483,0.4577112560499974,0.47014806698829437,0.22277848100762954,0.6340585590287982,0.522144664594327
2020-10-23,0.48675853387506285,0.4739893021930348,0.4975308704131538,0.4810893441260933,0.05063880388578965,0.48683868504840233,0.4643428130808931,0.5925633562962601,0.7374266612295355,0.7444399558376281,0.4468837660269223,0.48567760889509815,0.46384682719758885,0.4724439433686586,0.21200662838738177,0.6377825744064719,0.5349792848825459
2020-10-26,0.47537068738172805,0.46205258382932857,0.47541635551594585,0.4653669900298727,0.11417155424126094,0.4830555084836685,0.4642541036303136,0.4594648628576571,0.7163209951415689,0.7366859085993676,0.40945678392111046,0.484751559333895,0.466292925786574,0.47322551929492607,0.22913728125519067,0.630945624009617,0.4529718976427708
2020-10-27,0.4697700740212336,0.4605369728561155,0.4821786743346279,0.4621849983569457,0.05417934253107482,0.47903953885607775,0.46411241646476964,0.43583528136976013,0.6960400427439482,0.7257554877213345,0.3812238060421764,0.4825179928591109,0.47051007433189285,0.47425133110032036,0.22162432778387708,0.6270481316980152,0.5100034038221726
2020-10-28,0.44867433521123146,0.438747568821064,0.4470877237022344,0.42699645647168394,0.13846594562818823,0.4720358318516975,0.46292353295974786,0.2408334257814097,0.6467522713386318,0.7055229173878584,0.298542292597533,0.48760831998907406,0.46241612003897137,0.4726881750251738,0.25349134178380134,0.6190208210335043,0.3616306893731116
2020-10-29,0.42776579095829703,0.4256743755462109,0.4341117983871563,0.4266224614165408,0.10806028315357105,0.4649157534718278,0.46198965109299484,0.23923888573330226,0.6078059164299797,0.680259055176293,0.2538220019749427,0.4916398676507562,0.4546420656111867,0.4707537837918433,0.2668019903140784,0.612483306591714,0.5229260464559765
2020-10-30,0.4258986971180967,0.41506377206957845,0.42990797381990675,0.4225043899722405,0.12522585294455543,0.4573300805809304,0.46129688308822936,0.22108750360661622,0.5739098503992903,0.6521473053724903,0.22850874965898169,0.4952845906097615,0.4475182936290061,0.4689561587391674,0.2697367244451696,0.6051047250935225,0.5050459475383602
2020-11-02,0.44288712083140047,0.4340108198919652,0.45311894952766574,0.4410344170911289,0.1377870812861719,0.45333352295321405,0.46157319410312514,0.38258476002686836,0.5655030674729933,0.6276984116511672,0.26106579315521783,0.4959997051603787,0.44436243869841086,0.4677056237447813,0.2790308981903317,0.6130987732190797,0.6135127756861369
2020-11-03,0.4567019020006031,0.4593998909655954,0.47230928845569475,0.4605003621838335,0.2816720055741476,0.4514904478999071,0.4622902941516325,0.514864986889637,0.5780361783781525,0.6110605751595628,0.3304938362595956,0.4959949462345977,0.44471149461882375,0.46788147442227535,0.2976575825682909,0.6281427981997582,0.6165378352861103
2020-11-04,0.47089024369256904,0.46944209469346543,0.48016820531305004,0.4610619615073901,0.35667532529538054,0.4495891620029162,0.4636521407540799,0.5183569034991412,0.5891816289019123,0.6003481418166227,0.3831613732033874,0.4957435198889154,0.44404179000831157,0.46741252379938036,0.3018158801316401,0.646861785451214,0.5273178253890782
2020-11-05,0.47873094305078867,0.4692524681074306,0.48693043754233,0.46985897563053736,0.18231461408427166,0.4486579310542953,0.465020555899363,0.572831977113592,0.6068021631457285,0.5958852750187819,0.4387102141241798,0.4952017417252129,0.44373568503732863,0.4669826492281014,0.30310636030315297,0.6570375637142105,0.5655191192325695
2020-11-06,0.47537075278227325,0.4696315288092707,0.4905858479450449,0.4754742407770942,0.16417327005223525,0.4480759148558995,0.46636924266793955,0.6060010352490697,0.6263242087722853,0.5968652749843149,0.4870887597096815,0.4939771903387905,0.44370294279435063,0.4663476274971462,0.2914524299982375,0.66632446459009,0.5505706393524773
2020-11-09,0.5080410725562257,0.5048733195853554,0.49131704297304046,0.4726668913495422,0.2005633828033964,0.4488325635853472,0.46715214472932787,0.5850141292480748,0.6392494874548202,0.6006619618163337,0.5121246865281244,0.4901227269676779,0.44452954144369694,0.46482355169622724,0.3320409417406308,0.6552545454173285,0.5118427587624452
2020-11-10,0.4761173641718457,0.4881996150418566,0.49186504521768026,0.496624660245353,0.2004395460113363,0.45240230038990625,0.469053456371221,0.7135218884841114,0.6718492922915467,0.6112978324488143,0.5729142997306305,0.4893007137169004,0.44490226668527044,0.46459884117507155,0.3437396647865563,0.6663183969181489,0.6347858899537758
2020-11-11,0.5072940540808906,0.5010836925838544,0.5150762580314392,0.5072935103161313,0.1295362685139734,0.46072524355162914,0.47082319526612704,0.7597762429575056,0.7070844199295561,0.6280193039856787,0.62700574337005,0.49181874057082886,0.4437134978162851,0.46526317205604417,0.33775153444328726,0.6739081772625763,0.5727822091724377
2020-11-12,0.5074807793132736,0.49558900839574793,0.5132486382455703,0.5039243997674645,0.10810205942077206,0.468737737265684,0.4722376669864343,0.7326829771957115,0.7308756647843024,0.6469418603522629,0.6465699339706197,0.4934140412695597,0.4430161746196404,0.4657125677626833,0.32676442894979607,0.6673686158953119,0.5096607724320944
2020-11-13,0.5121479928284915,0.5113151988463696,0.5243973339709391,0.5211442711610577,0.06665105030011773,0.4789619495537718,0.47449424864645073,0.8036692158170237,0.7646534340138622,0.6699529922859508,0.682910955724805,0.498797364057063,0.440295345993986,0.4670412633055244,0.32427383224674206,0.6718771885654063,0.6018449400993485
2020-11-16,0.5362307159195254,0.5219256503279006,0.5421254905792228,0.5327491201044305,0.16793761012895436,0.488468353882787,0.4768758288235688,0.8447456278761746,0.8006278006918622,0.6967469782969234,0.7165345931161733,0.5083864265147994,0.43624753743471434,0.46981586987821766,0.3116791777079141,0.6813485320473962,0.5759852227368052
2020-11-17,0.5267096925409269,0.5198415006994692,0.5392013723143816,0.5237648253079856,0.09620179130665718,0.4950258364494484,0.4792179408731736,0.7719352297876737,0.818689378214007,0.7223920474959789,0.7063225253262148,0.5148917329011654,0.4344643674348758,0.4721899152522614,0.30084071208608665,0.6753920520223184,0.48537723791451515
2020-11-18,0.5291364591387993,0.5187046064580525,0.5256767199755197,0.5063576732410946,0.08814195575594902,0.4997208235776156,0.48049425424250813,0.647343458170253,0.814646581062497,0.7419657880198138,0.6523579394107141,0.517762576858115,0.43438071844848225,0.4735967460078857,0.3079131774033078,0.6698304824047747,0.4479604721065529
2020-11-19,0.5065476936782769,0.49994717973310365,0.5196457681599957,0.5097271073848775,0.10638177241781638,0.5038532316632007,0.4816061066542774,0.6631225451889323,0.8127304316843468,0.7571781550163779,0.6135921718147987,0.5210083996849794,0.434328124689666,0.475208770371918,0.2956299622000528,0.6762857543051959,0.5397748655623454
2020-11-20,0.5114015434968635,0.5016524469431458,0.5203767963761619,0.5018658494379882,0.04421271878454935,0.5065887723625715,0.48210612347088455,0.6095662344048203,0.8020163500894759,0.7668507583326016,0.5643523646702039,0.5229045502343722,0.4345769140432547,0.4762932258130198,0.28565226724007814,0.6728765999281235,0.4896614229940237
2020-11-23,0.507667738211437,0.49426295167425316,0.5143454069766946,0.5022400062906891,0.06154837766342353,0.5096540822710407,0.4821192747741807,0.6115866878289876,0.792220695159849,0.7723056220614528,0.5268632774361469,0.5252113209757804,0.43606494324946765,0.4782178585899767,0.2746736592470801,0.6771351552724559,0.5263902017454622
2020-11-24,0.5132681888277126,0.5033574205281257,0.5264077345581397,0.5106627826623562,0.06512323252819524,0.5111091605009388,0.48246138211490774,0.657122562934915,0.79077112414858,0.7763316399785088,0.5141630800501384,0.5283131345519009,0.4379530164277625,0.48074821661570655,0.26647840823525504,0.6815688689537841,0.5624908915522666
2020-11-25,0.5136415502472111,0.5033573267945108,0.5276869916003013,0.5099139835642805,0.05289621432418682,0.511380777563545,0.48300085284140315,0.6512759922614159,0.7873136508069458,0.7787465695989826,0.49984303291560894,0.5280465376859266,0.4466916617764416,0.4850761996941123,0.24972905471241197,0.677734246496029,0.5213753706073306
2020-11-26,0.5136415502472111,0.5033573267945108,0.5276869916003013,0.5099139835642805,0.05289621432418682,0.511380777563545,0.48300085284140315,0.6512759922614159,0.7873136508069458,0.7787465695989826,0.49984303291560894,0.5280465376859266,0.4466916617764416,0.4850761996941123,0.24972905471241197,0.677734246496029,0.524711458009463
2020-11-27,0.5166288014753238,0.5014629846744567,0.5254942325268952,0.5097271073848775,0.022805365863120063,0.5119822393030677,0.48350743820084574,0.6497174280155503,0.7828470958685221,0.7796374269326496,0.4862964215785413,0.5261088331568801,0.4571017150266137,0.4894139496741162,0.2347472149905741,0.6753739952154578,0.5238783802008088
2020-11-30,0.5100945797209275,0.4991892079830311,0.516538598011314,0.5095398267115796,0.14743739900960406,0.5107794164477799,0.4839943008706318,0.6480413610751482,0.7776404731759494,0.7791365278430002,0.47392589066229357,0.5209017763071354,0.47114605937216303,0.49395687214946793,0.23140323521953898,0.6669071073053892,0.5238764524415052
2020-12-01,0.518681978851308,0.5103677605510466,0.5320733917583724,0.5205827527362799,0.15555840695157086,0.5095183492075557,0.4854350951022066,0.7153061361498271,0.782398852554103,0.7798449147946451,0.4846745461811732,0.5185181567430553,0.4816335116743309,0.4981089961051556,0.22572721394736966,0.6757719029067218,0.5739545724068076
2020-12-02,0.5198022564018501,0.5107468456715436,0.5254940503760308,0.5101013451363574,0.1446055648971931,0.5081021033627195,0.4865535274309116,0.6210834553365631,0.7748133632411242,0.7786435615901137,0.46769995260417274,0.5168244594562447,0.4883778763400135,0.5006979808761448,0.22645472755141727,0.667443767302003,0.47838081774892416
2020-12-03,0.510467927964203,0.5039260272721329,0.526225138872424,0.5132832559105052,0.13803027884166347,0.5088199532483575,0.48774432178475835,0.641579009567812,0.7704004521097769,0.776653896223402,0.46069309435618394,0.5142291600638987,0.49628151007231747,0.5034237360504007,0.21570596158027094,0.6754497314579986,0.5388940192652234
2020-12-04,0.5179351369846619,0.5116939740697539,0.5322559801642939,0.5230158644123521,0.13958793680444379,0.5101973583228188,0.4892969546995638,0.7009743900113931,0.774639766842387,0.7760502840396492,0.473012932414123,0.5132258992708029,0.5027066674574618,0.5061983257326458,0.2080099110152278,0.6835320166923847,0.5679822058704059
2020-12-07,0.5240956681952291,0.5111254135750825,0.5315248817823608,0.5181493174650917,0.11587244512015898,0.5118851709183823,0.49059958204959075,0.6558566432912197,0.7719785452278096,0.7749471038071865,0.4685725562909739,0.5113048802873384,0.50896789184031,0.5084258042435411,0.20172041617258096,0.6766117271869424,0.5032413594023338
2020-12-08,0.5171888189651495,0.5162417006154931,0.5304287978419344,0.5250752237296181,0.08043125043827778,0.5142520848676535,0.4926982769819275,0.6984336758643656,0.7749517022921852,0.7747575575394315,0.47669332873161324,0.5075563751534068,0.5180308575326678,0.5111613220967827,0.20473405089726998,0.6817954928455567,0.5553849057150161
2020-12-09,0.530443253442064,0.5160520129426098,0.5359114876120947,0.520021315210281,0.13010323214027275,0.5152221146600839,0.49473117558843316,0.6504520516344693,0.7711199850141305,0.773712805213999,0.46909188871019564,0.5073578572972165,0.5206185256310054,0.512382539495927,0.1986785116116923,0.6741779327982669,0.502450977496619
2020-12-10,0.5231624435914541,0.5113151961092064,0.5306112619294294,0.514406050063724,0.06002801993921552,0.5156877259417381,0.4978035503639411,0.5990405430856269,0.7614763486626039,0.7706292176595473,0.45096984248775834,0.5074331817486956,0.5212710268092691,0.5127537873219471,0.1941979852426463,0.6699938709202947,0.49987944111465754
2020-12-11,0.5130815389036838,0.5092310601706529,0.5286008963106206,0.517213723086392,0.04924675898227044,0.5164637279738682,0.5009877581356295,0.619460776325194,0.7552534971976173,0.766711895111384,0.4435592465365724,0.5074222278386394,0.5226401672793677,0.5134474400207732,0.19003749728963637,0.6736496798169931,0.5371831004142459
2020-12-14,0.5268962995372071,0.5168099139224338,0.5313423704526639,0.5123471761391316,0.07404992562332427,0.5167547151097833,0.5041456576136756,0.5735904994362322,0.7446163478743205,0.7610986785400956,0.4284854095545533,0.50673564184511,0.522419862246488,0.5129882647447005,0.19331449136555579,0.6687785820245438,0.5031424958137473
2020-12-15,0.5212958452859151,0.5099891489494495,0.5331701911269038,0.5153422107338763,0.0659647259103869,0.5162115229111366,0.5067575149788655,0.597575690124766,0.7379821767889141,0.7550617803995404,0.42471954516661087,0.5033286075455653,0.5240093447793714,0.5120796895393765,0.18550454770563973,0.6732535266332783,0.5380371802115091
2020-12-16,0.5198022378434575,0.5122626314392835,0.5326218427757312,0.5177753224099488,0.1313774082899034,0.5170069453284545,0.508770682365139,0.6172722130858893,0.73403518545493,0.7493122779379002,0.42727404182396495,0.5023128357378742,0.5244014829571546,0.511767060013392,0.1802511995823588,0.6809335179075274,0.5355112626809194
2020-12-17,0.5257760868009753,0.5158625050504413,0.5410288788083057,0.525823618333799,0.04436042772929575,0.5183067778712358,0.5110470009324375,0.6791199936312238,0.7374813361256993,0.7455159215385292,0.4446344458016048,0.5040266929373657,0.5246965589258707,0.5127831091398006,0.17394496974675727,0.6843499096282403,0.5603663189730295
2020-12-18,0.5311902407560836,0.520031118394291,0.5381049302222245,0.528631453154025,0.07878407190292389,0.5188888443815103,0.513112804810671,0.6994976977073234,0.7417876143080514,0.7434825646954101,0.46030474568351465,0.506252543308047,0.5244280079948491,0.5137698448935798,0.1726590589944657,0.6894529679395911,0.5370715710479804
2020-12-21,0.5180800495793383,0.505801623983785,0.521327949027719,0.5149286561758208,0.09780868558435299,0.5185550166808615,0.5144995948147435,0.5565984843450752,0.73130295298316,0.7394120633329481,0.44219772721734985,0.5054922660946223,0.5265148781204414,0.5144516742787554,0.1933987008709263,0.6834177543882426,0.4645248351336392
2020-12-22,0.5178916617169069,0.5027446803514761,0.5235393011931695,0.5060577814674811,0.11052508291843036,0.5165838224283832,0.515673256930242,0.4799472444551375,0.7138609327020015,0.7320901912696685,0.41329814313725616,0.5049401627943851,0.5274509790504758,0.5146509477851139,0.18829166676661757,0.6767594713434819,0.4853235353093583
2020-12-23,0.5133738698924504,0.5035090932432424,0.5268567709164138,0.5102102348928406,0.03882954835379127,0.5155668851943553,0.5161507786202815,0.5166646289539051,0.7033264654222322,0.7237772687167213,0.4044892592574327,0.5049604317610171,0.5273846832295435,0.5146273264934845,0.18066953090827187,0.6799048647523234,0.543279892820956
2020-12-24,0.514691814222412,0.5056109431246052,0.5275941637253552,0.5164388745814905,0.003801640315291458,0.5157775913424527,0.5164722305951397,0.5693915771799958,0.7002624566583588,0.7164127565998758,0.41291913996394913,0.5049507369289713,0.5280611819951062,0.5149679012658049,0.17359158797112673,0.681333984255634,0.5524716290460255
2020-12-25,0.514691814222412,0.5056109431246052,0.5275941637253552,0.5164388745814905,0.003801640315291458,0.5157775913424527,0.5164722305951397,0.5693915771799958,0.7002624566583588,0.7164127565998758,0.41291913996394913,0.5049507369289713,0.5280611819951062,0.5149679012658049,0.17359158797112673,0.681333984255634,0.524711458009463
2020-12-28,0.5246690763084398,0.5187938603665341,0.539020535817647,0.5264420894989663,0.06886071643314229,0.5167341291660721,0.5172637087280398,0.645325174268476,0.7066105586855131,0.7120007934215962,0.43916266743352295,0.5061688349651919,0.5285652546922046,0.515840360470538,0.17421914709166242,0.6859508246624108,0.5690738625237248
2020-12-29,0.5331402563618042,0.5218508464299836,0.5386518629106478,0.5226673524725822,0.04913933429518214,0.5178038351755687,0.5173172437739115,0.6082352865095423,0.7073961906751478,0.708654341806601,0.44863339342724384,0.5065106603599089,0.5295690525448664,0.5165255679453279,0.17480203219795198,0.68230027928836,0.5081031297262872
2020-12-30,0.5276809260701365,0.5142084459394964,0.5390204648151886,0.5213461136145687,0.08444475610866006,0.5184261511888224,0.5169164375458455,0.5950374296231467,0.7061056071660177,0.705676365029333,0.4519085565920015,0.5065901699648362,0.5295684622160839,0.5165654125123308,0.163246970859792,0.6769198625752719,0.518880847303708
2020-12-31,0.5261749535968243,0.5207043932227433,0.5357030718399605,0.5302166647277924,0.06508294827053712,0.5197157201083438,0.5171432143545966,0.6639457902294496,0.712719003409468,0.7048354661897736,0.47090382635038175,0.5082068977138235,0.5300259464256007,0.517615356545409,0.16749357039326218,0.6813516024356073,0.5638980027011863
2021-01-01,0.5261749535968243,0.5207043932227433,0.5357030718399605,0.5302166647277924,0.06508294827053712,0.5197157201083438,0.5171432143545966,0.6639457902294496,0.712719003409468,0.7048354661897736,0.47090382635038175,0.5082068977138235,0.5300259464256007,0.517615356545409,0.16749357039326218,0.6813516024356073,0.524711458009463
2021-01-04,0.5331402161208756,0.5186028621570029,0.5209595395409956,0.5164388745814905,0.1684851776311961,0.5187429734744622,0.517497560227083,0.5328447386625713,0.7043031593267094,0.7022011412213987,0.4549630819781375,0.5081491360689484,0.530405595112744,0.5177800679723993,0.19159682448383292,0.6718534296090108,0.46427079872350085
2021-01-05,0.5180803167213646,0.5075214894423878,0.5242768516331753,0.5164388745814905,0.1368441312550635,0.517479189392787,0.517733473281778,0.5328447386625713,0.6970723132618376,0.698408280455085,0.4446655164947819,0.5077241376647453,0.5301535676419686,0.5174367738379392,0.19180242137705938,0.679801275702439,0.524711458009463
2021-01-06,0.517515197545624,0.5121065750339309,0.531279900726737,0.5173822352429707,0.18659817348191757,0.5177335075544249,0.5182788613838758,0.5412986758214313,0.6917330903756539,0.6941294997869902,0.44034645098367986,0.5076976797571587,0.5301013235484913,0.5173967350307834,0.18796107910082394,0.6901869369310094,0.5288950877337735
2021-01-07,0.521845081165131,0.5098140549558869,0.5279626625674192,0.5136075791153654,0.18297109828314462,0.5185160585161026,0.5186784221479754,0.5046520416322029,0.6835316056545782,0.6887948332790444,0.4309612825683759,0.5069350358748025,0.5296832610741262,0.5167981671093808,0.1861222892248009,0.6799789926962774,0.5079840885704943
2021-01-08,0.51808010310295,0.5094318178491928,0.5270410938420305,0.5198359761076783,0.24261119574120793,0.5195137849977709,0.5190008522954463,0.5638532590972651,0.6825207880739155,0.6842914937915774,0.438350475415669,0.5069198912783365,0.5296792914399346,0.5167884931052472,0.18527881584100364,0.6931091423586956,0.5523954882583539
2021-01-11,0.5163859232669927,0.5096230622058573,0.5264883713032942,0.5090779755824832,0.11859387052639589,0.5187508137422299,0.5189714673077139,0.4629531337458572,0.671295233131436,0.6780723152234961,0.4230993581666722,0.5072090969613264,0.5288487579168191,0.516510387655123,0.18564763290061131,0.6860555102795134,0.47713007831073095
2021-01-12,0.5126209845179353,0.5002612837222893,0.519300885592388,0.5049256839546818,0.14009074402039876,0.5165205971674529,0.5188027012532426,0.42799219220591045,0.6583622666724471,0.6700824936050883,0.40736111961519705,0.5078336121674262,0.5269753098939371,0.5158689982252448,0.1831101157217327,0.6779485888349572,0.5061885407686719
2021-01-13,0.5071617253140088,0.49987908956863514,0.5226181999388768,0.5068130524678738,0.09903064139998238,0.5148772686579948,0.5187068573983453,0.44802398346612937,0.649878118071917,0.6617131096642106,0.40398740610750783,0.5081631500799372,0.526083838075198,0.51558013778231,0.17499364974172826,0.6840436749564224,0.5331588197479051
2021-01-14,0.5114913727763273,0.4968222267801141,0.5183793405897197,0.5002071817729226,0.14694652786999224,0.5126861779542387,0.5179906729649002,0.39133167518211465,0.6370461731046531,0.6520266703285046,0.39228085012746794,0.5091987670849526,0.523512926789856,0.5147901461902907,0.1694731659388095,0.6756008384206741,0.4951899843014126
2021-01-15,0.4992552929946399,0.48956199079495133,0.5106390348028607,0.4958661532938018,0.17247928717752078,0.5091256817647387,0.5174903177688137,0.3564547515941793,0.6230687205887083,0.6410195862025758,0.38054239005418716,0.5103992928274946,0.5200865754345889,0.5136465699583231,0.16549882323343668,0.6659069648978598,0.5052084114371389
2021-01-18,0.4992552929946399,0.48956199079495133,0.5106390348028607,0.4958661532938018,0.17247928717752078,0.5091256817647387,0.5174903177688137,0.3564547515941793,0.6230687205887083,0.6410195862025758,0.38054239005418716,0.5103992928274946,0.5200865754345889,0.5136465699583231,0.16549882323343668,0.6659069648978598,0.524711458009463
2021-01-19,0.5035847271323759,0.4907082001093226,0.5093487524854585,0.4903924610104289,0.09594665767482247,0.5064259211964539,0.5166857252984431,0.31472925309235333,0.6072955249419165,0.6285374256960747,0.3674312754482191,0.5108849653625015,0.5159849335702862,0.5117971967953655,0.16555254349593984,0.6599629857390701,0.5000334823824599
2021-01-20,0.4936075902746009,0.48383019821023643,0.5017926759471998,0.49265746502381735,0.13428831890808773,0.503960932624923,0.5156186527189563,0.34349187044938834,0.5975206758963103,0.6162733279034511,0.36936951083086833,0.5096829574836156,0.5134964770549579,0.5099194899057659,0.16704253266539643,0.6677856038561736,0.5349684847854697
2021-01-21,0.4943605254001915,0.47981792529594536,0.5063999660379146,0.48850509249723695,0.10087625720454108,0.5009677615652315,0.5145766827784966,0.31055415156827404,0.5865649625373551,0.6039084386807875,0.36847363316110143,0.5105693338578766,0.5099193170636496,0.5085402792553518,0.15661797380444603,0.6616000874914431,0.5059419925019966
2021-01-22,0.4911604040817499,0.48096431585559807,0.5025298810601204,0.4852966469235893,0.09890829661746517,0.49803327931207186,0.5131784987696009,0.285799097615117,0.5756902538823485,0.5914817972847186,0.36792475322963125,0.5119489482034282,0.5064332358912389,0.5074566261105334,0.1532740120738757,0.6555109959374377,0.5101598040510267
2021-01-25,0.48513638029966666,0.4899440052141997,0.501055453686454,0.4975647040568958,0.23552862644109468,0.495724819380565,0.512389167498104,0.43903836969885035,0.579453140560324,0.5824175561078435,0.3978112155210819,0.5118002159524896,0.5052877851197053,0.5067965769581472,0.1660091778337474,0.6682941186275189,0.5804976315253942
2021-01-26,0.5026437725791639,0.49949704117109883,0.5132191285009267,0.5087004209810659,0.11345389765112937,0.49568568512423083,0.5121886193642942,0.5493453550567114,0.5935840960321086,0.5784598750397171,0.4432005226172323,0.5111463107853546,0.5051433718098166,0.5063926587829432,0.17322653283553213,0.6750959057689084,0.5748477511085736
2021-01-27,0.5052792993884978,0.5069483155906305,0.5045572902262929,0.4875617318357568,0.24061190295373125,0.49388587828662667,0.5111463764454305,0.3806634586471921,0.5855429682180936,0.5734194649800626,0.43357676070083473,0.5092121823013823,0.50308172661482,0.5043632503339811,0.20469667520004914,0.6620637161113211,0.4303856386140678
2021-01-28,0.49360761293468336,0.4943382974935153,0.506400067439996,0.49228007221995806,0.271930675268599,0.492379507096369,0.5104410343729515,0.42421612201916536,0.5843645465348306,0.5691124646713052,0.4400956226552342,0.5071667630359663,0.5019982011888589,0.5027771485851283,0.21203062513514231,0.6766304419341339,0.5461275292328545
2021-01-29,0.49116048180592364,0.4759968584641825,0.48668059381863293,0.46680019279797014,0.2637067186681726,0.48891680881379607,0.5087348226708974,0.27621107887643537,0.5603806477505504,0.5600765805717098,0.39806326544541326,0.5081647961475794,0.49543623877094856,0.49993005665453205,0.22863285398442873,0.662466668011789,0.4095026601392308
2021-02-01,0.47553592371624553,0.46243200494621006,0.4844692803676056,0.4679329375010013,0.17282244937238617,0.4860214775875966,0.5069829041473985,0.286669534945693,0.5436503788622014,0.5489483007972848,0.37946515089687594,0.5055516305240898,0.4916539083713307,0.49667908032962826,0.22043293110270434,0.6721773555652832,0.5299411167958845
2021-02-02,0.47628874049140757,0.47389522463677913,0.48944505391350623,0.47604854120894813,0.17274934090478442,0.48453470287410205,0.5052333514367302,0.3606155480220474,0.5393136129312847,0.5390348424685553,0.3902630074757471,0.5039234113276517,0.4891354644549455,0.49457085682734847,0.224050415192747,0.6818844609991979,0.5621445452319559
2021-02-03,0.47685363021121474,0.46873690214733044,0.4901824093514595,0.4779360715196981,0.11700189634412902,0.4830088022895862,0.5034514507852412,0.3774535577117558,0.538921210157312,0.5310126126572826,0.407073061629578,0.5016029305441104,0.4874944093278639,0.49256115530867495,0.21675382895173434,0.6888600905969214,0.5333596921352515
2021-02-04,0.48268910250381314,0.4752325577563137,0.496632478478203,0.4868066226329222,0.08343764966720726,0.48283275264061687,0.5024629846118776,0.45406203276359225,0.5481435445494882,0.5267444153913081,0.44044052082300894,0.4983183215160628,0.48761686442502983,0.4909652233190439,0.20969035942355285,0.6941911617851879,0.5652914622298955
2021-02-05,0.4979372635217998,0.49032594583231326,0.5135873980720509,0.4983195705633936,0.10726355005766616,0.4841826035761634,0.5021909929115129,0.5417646367409394,0.5672608651113313,0.5277858156945499,0.48763451237384553,0.4960570311540996,0.4882900841742539,0.4901672467676984,0.21004318143169115,0.7006896384340083,0.5769996577391014
2021-02-08,0.5058438161218091,0.49414728168918454,0.5146933563666056,0.5030381536439319,0.11506526795745387,0.48474993709128467,0.5019389001993573,0.574851177016446,0.5875689997049715,0.5333524547831052,0.5278567850066739,0.49260344558321945,0.4899878487204299,0.4892904636082588,0.20374710778239435,0.7075703784151123,0.5459429945996276
2021-02-09,0.5067848499149346,0.49472029968556397,0.5181947356008261,0.5019054898396798,0.1588288918695924,0.48404562948633645,0.5014280637699844,0.5654445875706442,0.6031154462366627,0.5414294074724256,0.550169534197183,0.49138158265215026,0.49046284296341947,0.4889160868267334,0.19329281271788118,0.6985453377909521,0.5196342742677454
2021-02-10,0.5113032846665577,0.4989239306070774,0.5174580076046225,0.5005846554755611,0.07843643367942982,0.48539548042188296,0.5005191963929818,0.5539301749923454,0.6145783656881106,0.5505628026769369,0.5595596505828241,0.49072201674307714,0.49067127954969636,0.4886895014658418,0.1910731870183669,0.6934593128237249,0.5187854091221215
2021-02-11,0.505467374441755,0.4905172827555031,0.5130347647966216,0.4951111249897462,0.0862142794265312,0.48568892445454237,0.499550617833727,0.5062619035973704,0.6188339926497867,0.5588614410839008,0.5521399723987643,0.48905470003831353,0.4911237524158827,0.4880787048600347,0.18325212472749436,0.6879921941959135,0.5001278568239086
2021-02-12,0.49756109832073103,0.48669622925342226,0.5106391601107039,0.49699881709805394,0.08104148234132105,0.48881906960406085,0.4986948305385899,0.5230015996136671,0.6242674575439777,0.5667668102503955,0.5486444258964237,0.4886488179984837,0.4911971331907936,0.48791124029000865,0.17397347670326713,0.6932058595873456,0.5332272512880031
2021-02-15,0.49756109832073103,0.48669622925342226,0.5106391601107039,0.49699881709805394,0.08104148234132105,0.48881906960406085,0.4986948305385899,0.5230015996136671,0.6242674575439777,0.5667668102503955,0.5486444258964237,0.4886488179984837,0.4911971331907936,0.48791124029000865,0.17397347670326713,0.6932058595873456,0.524711458009463
2021-02-16,0.5028318304891004,0.4884155791557958,0.5102702582903786,0.49473365128710767,0.11259450015442299,0.4915970148318831,0.4974476320221093,0.5020543889249779,0.6266843426885742,0.5736544449355009,0.539598363197782,0.48853902623134415,0.49118993440524594,0.4878521279443674,0.16852586157611366,0.6864461806271369,0.5145083563684039
2021-02-17,0.49360792878146564,0.4899443797461398,0.5084276300823933,0.4992636593138846,0.10699051231131673,0.4940033062115692,0.4968439374391278,0.5451245522317703,0.6330548299477493,0.5806494168576048,0.5405524228209395,0.489341341495375,0.49130338801878826,0.4883151711330488,0.16865143653729242,0.6929312791558946,0.5451535513553386
2021-02-18,0.49172524666658135,0.4899441617786995,0.5071373641299608,0.49850846921227077,0.08601136612869775,0.4961356745675407,0.49621369854992614,0.5373290103882974,0.6375155523786321,0.5872851212887567,0.5373590985225434,0.4898885093951858,0.4913604188114207,0.48862057154725813,0.1707840534610764,0.6874741027375288,0.5213160193727044
2021-02-19,0.5030203165161964,0.4878426288778619,0.501792904395048,0.4828433105527765,0.1275071355356389,0.49572486969244367,0.49499968397062744,0.39578717407059205,0.6265079493580912,0.5900279791502563,0.5027578004539222,0.4898736779326661,0.49079638896002686,0.48832504782255903,0.17794841322823618,0.6799837444875565,0.4542358996740046
2021-02-22,0.48325381612456453,0.4752325446993091,0.4973696619791059,0.4839754889643548,0.10368720318335156,0.4942380782083229,0.49395814055892306,0.40802613367684937,0.6191901777384519,0.5905166036164908,0.4827212024965638,0.48988006265126727,0.4906550397939895,0.48825608834569134,0.17250471902085718,0.6863069896948998,0.5298700844212114
2021-02-23,0.49153689856204097,0.48421231803527354,0.5014242139614236,0.48567412062622783,0.16476708985030666,0.49243826298540583,0.4927573796498219,0.42710496053450864,0.6153755828338593,0.5900183788443869,0.47394966114922854,0.489150068777659,0.4901614662804279,0.48763544460865826,0.17464994562508468,0.6956229861543036,0.5324439137348227
2021-02-24,0.4860776019375601,0.4769521485735262,0.4990283980397967,0.48491925411973,0.11046241851762884,0.4906776071747623,0.49190822061154593,0.42010581849120965,0.6120583150746971,0.5888465941130425,0.46796276993742036,0.4863212144686392,0.49052776531228437,0.48639415713459166,0.1694418563737104,0.688967773497754,0.5212799305650976
2021-02-25,0.48664239852340363,0.47809851869438114,0.4892607245161422,0.4715186949797294,0.23660884135014926,0.487664864794247,0.4907339926345651,0.309459372052283,0.5973613820853305,0.584483533660317,0.4395973359345776,0.48687457788335775,0.48834086690400746,0.48555677094528094,0.18159808958816426,0.6761317231632717,0.4637567607583463
2021-02-26,0.47760646357726655,0.4618586324712197,0.4723056138255204,0.4518898197461947,0.23899456460923524,0.4831848938651213,0.4888034865211168,0.1936737162322531,0.5681009486609598,0.5741729210719918,0.38673292924902763,0.4898524945220143,0.48126818428508855,0.4834485516656132,0.19490203478593288,0.6631787787633235,0.43444093932850536
2021-03-01,0.4640526212085312,0.4616677048523672,0.4805990560991724,0.4639693018257398,0.1426928086632042,0.47976132145356964,0.48752975507251595,0.3248441017764314,0.5573694830453859,0.5634230887681546,0.3828289551205536,0.4901459364896684,0.48068870087102966,0.48330078980326363,0.20639187062880388,0.6714131944231222,0.5811760472402011
2021-03-02,0.46631132553669574,0.4589926311950083,0.48188884669640397,0.4618929537648917,0.16774066486929248,0.4763573203628415,0.48633562526380114,0.3122831599220224,0.5480602032599522,0.5526533706866383,0.38265220175807413,0.49076114188817066,0.47946307538648125,0.48298552536737993,0.19862854519527134,0.6619515007326531,0.5151028818276011
2021-03-03,0.4623583138194787,0.4534521668948439,0.4761759652392472,0.45623092912409446,0.1753230573662749,0.47189689559860026,0.4851348757287999,0.278365078580882,0.5366233624372786,0.5413718417020837,0.37810300586916895,0.4923506369854752,0.47586591581710147,0.48195112054652844,0.1919956558854649,0.6521182900686392,0.4984645287489206
2021-03-04,0.4623582037541103,0.46109438486231613,0.46696111844469734,0.4518898197461947,0.3620898279265394,0.46706478344497016,0.48370192678280177,0.25328473413143404,0.5248832841947346,0.5296101839414904,0.3738354143795508,0.4941608004781056,0.4714139406016933,0.4805916041585666,0.21175689291583394,0.6331340066548471,0.5044927497616116
2021-03-05,0.460664110911702,0.46988317766101195,0.47322729834020416,0.4783134643235576,0.2986883744108427,0.46659525622208897,0.48334369949863976,0.49735493534873965,0.5417640526056795,0.5241355093889365,0.4297168307265658,0.49375917008396886,0.4709429555996698,0.48014829323584596,0.23442695509621736,0.6490117882438051,0.6482267070255048
2021-03-08,0.48231275631425263,0.4847855267828123,0.4968169007899841,0.4835981770592743,0.25732539385321906,0.4665561471216939,0.4832839996904881,0.5355491550414797,0.5611390523386541,0.5242717889781855,0.4795894093746433,0.492260651095641,0.4709199107924986,0.47937989185907515,0.2402132262665711,0.662862894299985,0.5488798987085509
2021-03-09,0.4913486995929084,0.4817287154940908,0.5016086367980692,0.48246567505258,0.23214922482644196,0.46622358560332633,0.4827532813340565,0.5268330801288473,0.5762557573538741,0.5279042878239515,0.5106653129437909,0.489789248318261,0.4712607470549979,0.47830608584548295,0.23349010230133188,0.6502453532598603,0.5195545332171073
2021-03-10,0.48701900143008126,0.4922367589295842,0.4995813506999238,0.49850846921227077,0.2107836481722137,0.4676321337307179,0.48239504267579436,0.636362657302062,0.6039002637785291,0.5372538029972819,0.5614806180101016,0.48919862906864686,0.4714975013035807,0.4781287741442305,0.24625531187507882,0.661816038128958,0.5978309301849396
2021-03-11,0.5033967720432238,0.49185483942555264,0.513956447938505,0.4954888413887213,0.15944210779172144,0.4701166852377596,0.48267367400712025,0.6110902597167569,0.623246635856511,0.5492427616940885,0.5849411296066968,0.4883685031745538,0.47179742938521096,0.4778627918132098,0.2350685811898291,0.6527609515630176,0.5111265361165113
2021-03-12,0.5035849832119959,0.4956758517266333,0.5187480752865152,0.5056807122587377,0.13156689350185083,0.4756922140967328,0.48314469539892513,0.6742608075754591,0.648206547261248,0.5646517062757213,0.6153394381128332,0.49022880647602907,0.47103840675420683,0.4784144845185997,0.22842474694695036,0.6604502271063812,0.570675199410224
2021-03-15,0.5137503164956412,0.5006432117340489,0.5231709416284827,0.5111540000482158,0.09971994980879897,0.4805829982862684,0.4847036949662884,0.7056712642422107,0.672874409982873,0.5827285674368234,0.639053030502549,0.49290452412288766,0.46983964150479984,0.4791533318338558,0.21735958522095622,0.6665790874981686,0.5491936305965696
2021-03-16,0.5131857587053335,0.5050377708529343,0.5290685338832826,0.5126639757575484,0.1768046228423677,0.4858455117917584,0.4862759538908994,0.7143907490044178,0.6933318533633389,0.6019583768303511,0.6493009312954662,0.49603218552637707,0.46857988326835254,0.48008922733893666,0.20449286865115474,0.6764848909120309,0.5314361424731248
2021-03-17,0.5167624678936809,0.5067571339129711,0.5259354749312293,0.5107765263455772,0.15746817916647393,0.491499267236835,0.48749661378820974,0.6952064807682767,0.7070852718880485,0.6205479380695399,0.6436101297625036,0.498012072399466,0.4677990374020631,0.4806901557004576,0.2000331328216305,0.6675265215747406,0.5163158020603577
2021-03-18,0.5111150046203004,0.5010254396493443,0.519300937193349,0.5056807122587377,0.1909399212517363,0.4970747960958084,0.48847181491727554,0.6435162497605422,0.7124339083549072,0.636666273279132,0.6216448077506869,0.49909144889872936,0.4674648996520776,0.48106451981414666,0.19761990106099042,0.6569281263058288,0.5020103907237764
2021-03-19,0.5105501370417547,0.5017895433721864,0.5235395010742991,0.5100214980415214,0.28507826336057246,0.5003613944175331,0.48928779854894433,0.6741078351733297,0.7199474744940314,0.6513122400092578,0.6085577621368125,0.5021750178224523,0.4671939669866041,0.4824831189894655,0.18990712574476099,0.6721390488171255,0.54412791677892
2021-03-22,0.5114236496145346,0.5125078736033783,0.5264169324558459,0.5232480439079741,0.1909667774235084,0.5044711789283185,0.4901640137279475,0.7567822334359063,0.7373681002435447,0.6670894976251105,0.6186131630982856,0.5075587941206773,0.4658849119335793,0.48453299866149113,0.19440560326238654,0.6827387599666994,0.5836691930193999
2021-03-23,0.5265649127869063,0.5230727005824265,0.5388313505562061,0.5285612330138856,0.17182280297864785,0.5092490716473101,0.4910611288159723,0.7860025559264544,0.7549635471745482,0.6838125361213397,0.6270196711802192,0.5134475217728608,0.4644460400375541,0.4867715446384858,0.1951079514453956,0.6924004675177782,0.5481477416224603
2021-03-24,0.5290254496874878,0.5203835541686075,0.5397579695227852,0.5236275400800865,0.21083437649667205,0.5118527113712921,0.49182464088013345,0.7316155792639432,0.7629280688200178,0.6990473763848878,0.6137919238973885,0.5177528839282756,0.4641455763360567,0.4887919715916852,0.19025840911226705,0.6808272970963192,0.5030400637053931
2021-03-25,0.5288360078167926,0.5261460472271731,0.5382753339998483,0.5359616915158054,0.19491463467400336,0.5160477996724546,0.4930681143788156,0.8000634446528511,0.7793789833035216,0.7150697078062419,0.6207914847046578,0.523914635963672,0.4646399959745118,0.4921556536539643,0.19675870593700828,0.6916204427031931,0.5791006480345186
2021-03-26,0.5409492383970933,0.5482366091822941,0.552728139373976,0.5585432912826873,0.19990689860452346,0.5215271070633676,0.49529770245565574,0.8951712148173486,0.8118592105283684,0.735458222378458,0.6596000023079247,0.5327030205306286,0.4668517312834246,0.4977225637663186,0.21350852367852674,0.702658195904219,0.6233277916302998
2021-03-29,0.5581724875477072,0.5618749870692386,0.5725542672172348,0.5716365968601889,0.15154639329073147,0.5277962438677473,0.4979211585594716,0.937719643966339,0.8476687787810854,0.7601157024812533,0.6975444078028035,0.5440960773273534,0.46659175994267166,0.5033423916524841,0.21863772218019184,0.7113264135555591,0.5808991732790459
2021-03-30,0.572556907808528,0.5595698816529024,0.5734808133900149,0.5575944295042377,0.1841527698411159,0.5324533713071742,0.5001306628189754,0.8046358952709037,0.860342693825457,0.7827957843629714,0.6799684401853691,0.5497068461503295,0.4708259043755161,0.508337648772439,0.22021509143491758,0.7010605705717032,0.46505210320854357
2021-03-31,0.5604439100216609,0.5513101056530565,0.5690339824850437,0.5534198098134426,0.24679329848993714,0.5368734291740522,0.5020342066280226,0.7680996525706506,0.8639591489113925,0.8017827908202053,0.6471427941533208,0.5521675599108663,0.47832664657203616,0.5134105428369592,0.2144408280907789,0.687725509048434,0.5067837093051742
2021-04-01,0.5517373711095903,0.542665840207539,0.557360304499342,0.5471575971315235,0.29081802407208196,0.541172587596356,0.5037441831572256,0.7141298520798932,0.8584889328817518,0.8156973714115592,0.6020568869191263,0.550831259576079,0.489385271729909,0.5183831625338852,0.21429133063234063,0.6722333535978955,0.4977320096964634
2021-04-02,0.5517373711095903,0.542665840207539,0.557360304499342,0.5471575971315235,0.29081802407208196,0.541172587596356,0.5037441831572256,0.7141298520798932,0.8584889328817518,0.8156973714115592,0.6020568869191263,0.550831259576079,0.489385271729909,0.5183831625338852,0.21429133063234063,0.6722333535978955,0.524711458009463
2021-04-05,0.5560905927466413,0.559762041882184,0.5688485577844082,0.5636667727519322,0.27442382321477327,0.5467330228917118,0.506585060872421,0.7887166027153113,0.8672232068053412,0.828864862958393,0.5954164375074381,0.5549594644379822,0.4940275862188981,0.5228382842375444,0.2268932567036429,0.6869222370088218,0.5961831079802518
2021-04-06,0.5647970348811902,0.56321967915912,0.5786689749624017,0.5691698312920683,0.26262351974003223,0.5514929039581202,0.5095795714018405,0.8109544303787749,0.8767105556892434,0.8416102136463978,0.5916642676178882,0.5594736721016053,0.49831056354979375,0.5273048027710402,0.22353776400934783,0.7010329370778032,0.5482342978319439
2021-04-07,0.5748280857128627,0.5622590505930616,0.5823746327651704,0.5659438306833859,0.2844337152380426,0.5553676816833844,0.5124009851881577,0.7817284220152171,0.8785295978561408,0.852230485397909,0.5727756501536944,0.5617447825224798,0.5045973914836375,0.5316620485507316,0.213182930541358,0.6858535957023921,0.5109797478805009
2021-04-08,0.5687716491558408,0.5589936717436228,0.5820042336396987,0.567272269532727,0.12748624740203837,0.5598915413413841,0.5152956254312278,0.7877944260571114,0.8785723962690307,0.860736678461484,0.5539848076396182,0.5649469644417547,0.5084596732308131,0.5352512603208978,0.1992242745356042,0.6933429304896274,0.5303799942249178
2021-04-09,0.5708534775971592,0.559569789971323,0.575333610684607,0.5649949689049363,0.07937938371053821,0.5629008960553987,0.5185812389927857,0.7651727744145361,0.8738564326741656,0.8664424131661762,0.5290931267909881,0.566400302981558,0.5141269710763434,0.5388792187789421,0.1975555132860743,0.688210703490271,0.5150039193748458
2021-04-12,0.5700963411800788,0.5612986324160754,0.5831157640058295,0.5720160930323013,0.1255928872921071,0.5642973777172093,0.522803577946134,0.8002121768210003,0.8741476512234319,0.8710748795666846,0.5195534555411181,0.569216393224322,0.5181227848507772,0.5423416761815488,0.18645061435315513,0.695607268690842,0.5546927943567526
2021-04-13,0.5697177732183782,0.5589935415995162,0.5814482574107231,0.5649949689049363,0.15341588124797645,0.5636089602806251,0.5263545464206203,0.7290326294689145,0.8652474992253356,0.8727063619444453,0.4928794161685525,0.5705994075745536,0.5222584691149985,0.5451519722710191,0.1784551662376757,0.6868474511245369,0.4948902183606978
2021-04-14,0.5676358421895549,0.5547675504063259,0.5766306686671208,0.5638564803885988,0.15498099925847125,0.564258033828047,0.5299384798808604,0.7175785299787981,0.8547400947355197,0.871562430871121,0.46821034525440414,0.571299613621468,0.5267985685698342,0.5478240284882406,0.1690039800519082,0.6780109469574352,0.5198499277877137
2021-04-15,0.5702857927105718,0.5655247967204249,0.5849689303941334,0.57429355545765,0.08974138998593034,0.5664216374753932,0.5340882833540399,0.7762512430179688,0.8539011369115295,0.870451737639837,0.46850577751946265,0.5724841994744131,0.5321194421068887,0.5511393785333604,0.16804625003237322,0.6836508845788435,0.5693182888596946
2021-04-16,0.5831559652483358,0.5737846604146641,0.5925659047351415,0.5818838024950155,0.09116029106122162,0.5700210750590258,0.5386574641173016,0.8143715149618319,0.8579886887564098,0.8705159295319602,0.47894866285389115,0.5728700806345531,0.5395266729549211,0.5551168932594875,0.1636817340040077,0.6893603445618891,0.5568942232166814
2021-04-19,0.5854270439693474,0.5739766029475788,0.5905275080718415,0.5767601592282128,0.13677699082563333,0.5713782296023002,0.5421177838571334,0.7593137686726638,0.8540186719650604,0.8696419322108007,0.47060963278097834,0.5713691036291829,0.5478321410584523,0.5586004003830044,0.1625248099744201,0.6814157881701158,0.5031116054033243
2021-04-20,0.5708534179959261,0.5774341608197948,0.5836716042349239,0.5839709100934656,0.17111409844577366,0.57291238972024,0.5456458022410458,0.7974856685142825,0.8552974450449303,0.8692407970068144,0.47481263507478255,0.5721858581358216,0.5532311091410309,0.5617699056316311,0.17737644727299529,0.6910427710926166,0.5552280046529637
2021-04-21,0.5888337665852186,0.583773161079681,0.6031272224534783,0.5906124571499394,0.13569528390703586,0.5754693400207662,0.5494470720069144,0.8302452202779759,0.8601424870509495,0.8700491948140592,0.4855634857689,0.574074490509544,0.5577060465216435,0.5650087461695953,0.1726353512462655,0.6989343267355076,0.5526663268121514
2021-04-22,0.5916729628082074,0.5783948022941787,0.5957156904716845,0.58074515218112,0.1352178408533101,0.5768658300678897,0.5523376232609813,0.7252366932329642,0.8523123078061919,0.868870816773861,0.46790416576671084,0.5712905080664193,0.5662966934206113,0.5679900707136346,0.17170729753123654,0.691066164526606,0.48338594639836296
2021-04-23,0.5814522251426617,0.5707108795525015,0.5899714478142128,0.577329201239434,0.11091151339003963,0.5781442968328396,0.5552142440858918,0.6911177801981151,0.8406641747019723,0.8652131107890686,0.44586683044259434,0.5691421257126449,0.5726490726603659,0.570149299146481,0.16592328472262036,0.6843889474212101,0.5102983718186931
2021-04-26,0.5799379830432239,0.5657164164156294,0.5788539360198734,0.5625278797416999,0.10518667277395907,0.5771608253834768,0.5572123749117699,0.5589794011731992,0.8155271425601861,0.856427884213651,0.40029121754987895,0.5689994544425153,0.5731974039669867,0.5703572796788209,0.1715557401945037,0.6779922322102437,0.46209793386162035
2021-04-27,0.5651752861075032,0.5534227918754511,0.5742218079585397,0.5615791797608083,0.12501249557992172,0.5768067723075809,0.5589847781896353,0.5512106757019897,0.793042352425127,0.8441588386404946,0.3693255328250738,0.5687417250670351,0.5724242551558891,0.5698323203301178,0.16433466228726734,0.6706241046528663,0.5206526990880634
2021-04-28,0.5702852919529153,0.5589932758332881,0.5792244563385485,0.5625278797416999,0.0928805780641773,0.5766690603101994,0.5607374530907943,0.5587038986042463,0.7746633433479866,0.8300597332999896,0.35305917288500754,0.568552847906567,0.573115255585404,0.5700898278788181,0.1582086190383128,0.676417854102755,0.5287731688737964
2021-04-29,0.5653648972788752,0.5676377660881922,0.5801514200263629,0.5763807439548791,0.11193801595555006,0.5768854013887137,0.5630433869713529,0.6592068836394266,0.7717590057702701,0.818103491890249,0.3721058710433423,0.5685755337160295,0.5754396766181773,0.571288302289633,0.16410240732979586,0.6831453670912282,0.5839772294278688
2021-04-30,0.5797488903193413,0.5672533949986396,0.5890450804866589,0.5775191515724376,0.13554459094320367,0.5764329969752251,0.5655684485783132,0.6667788530828895,0.7691404798235972,0.807928159991061,0.38793536231799497,0.5670694434681535,0.5800320737782396,0.572873061247864,0.15509739344722173,0.6910295391815163,0.5295306871540804
2021-05-03,0.5837235723383016,0.5826206333908217,0.5968273570138851,0.5883353992184854,0.16369433498896657,0.577632792732476,0.5683211173033358,0.7348934681542302,0.7758117898042215,0.8013428758696786,0.41984525422301694,0.5693898132309757,0.5802592389273313,0.5741606707757695,0.16005525625303257,0.700292973518925,0.57046047796057
2021-05-04,0.5888336103601923,0.5799311020902944,0.5951595395365104,0.5815039018290082,0.1409531255361909,0.5773770826088598,0.5703687624306832,0.6661086006066906,0.7732079734634969,0.7954677383877197,0.4261573436165941,0.5703011497250495,0.5806188417658116,0.5748044628718857,0.16089465580436574,0.6921437976842254,0.4960513480468068
2021-05-05,0.5844807902362634,0.5722480026710612,0.5938628961081758,0.5805554445444534,0.10483008249320763,0.5763346540229448,0.5721963158766414,0.6566392207672795,0.7688599085679989,0.7897541602753089,0.4275933529227637,0.5709081378486466,0.5815121535533547,0.5755671341641481,0.15211876871542995,0.6857645544442699,0.5207118793345278
2021-05-06,0.5863734507500338,0.5874230443266644,0.6007185963795232,0.5976337430748622,0.12669995837293374,0.5780851887606517,0.5747975725804935,0.7614061329561693,0.7800261564968997,0.7877859811961299,0.46088407374003737,0.57488741052309,0.5806809730213194,0.5771518888997674,0.15989545378003467,0.6932153631699038,0.5967810745501568
2021-05-07,0.5988650439800012,0.5912647979215386,0.6097978305362035,0.5976337430748622,0.12147494095372233,0.5801897933448805,0.5769652940831032,0.7614061329561693,0.7872744651742664,0.7879009089951072,0.47939962546041254,0.5780434651728249,0.5808965011360092,0.5788555101636964,0.1549551465682676,0.7004101600023158,0.524711458009463
2021-05-10,0.606625074485265,0.6062478271731317,0.6194329017152465,0.6078807869121308,0.13216668133809384,0.584890708889424,0.5786994661668463,0.8158532268331119,0.8009380881207611,0.7911776349682715,0.5075030503194198,0.5835564438263455,0.5791113796255447,0.5807275123044592,0.164845730168669,0.7081288235471288,0.5674025723426119
2021-05-11,0.6117352216969609,0.600869296139819,0.6075742533458661,0.5961155965888545,0.189270362573239,0.5884704745284752,0.5795598827207435,0.6942431413338563,0.7989197175386868,0.7933285641086021,0.4974964828679129,0.5852555112277514,0.5806123111004731,0.5823518920312566,0.17750467302356748,0.6976122321926986,0.47606731462528556
2021-05-12,0.5964046370969138,0.5839654290676255,0.5959010035523487,0.5782783057142205,0.17192425962756458,0.5901030362958866,0.5802869038281047,0.545862712987086,0.7789684477900398,0.7903989683697521,0.45233858811295125,0.5847446993993851,0.5825914322394341,0.5831046570757242,0.18433662656457894,0.687945553536897,0.4503136857661332
2021-05-13,0.5814525141046833,0.5924173609003867,0.594418681257681,0.5968747507306373,0.2505203383280839,0.5922272792834442,0.581814308988782,0.6565403949801479,0.7792122384384819,0.7881121156894821,0.4580515654300755,0.5865545071663735,0.5831100501874027,0.5842833105457262,0.20342140654713703,0.7014632300542464,0.6033228472046797
2021-05-14,0.6053001817806658,0.6002930400886262,0.6185065059885044,0.6027573054428861,0.11895046080714733,0.5948432621883397,0.5837685926585894,0.6870472866739022,0.7834048037414244,0.7872598570702974,0.4708028557331806,0.5891721476373669,0.5826553915082218,0.5853728288986378,0.20203193602982905,0.7085343341044393,0.5492331733168945
2021-05-17,0.6068146911197494,0.5989488984667393,0.6153570534645403,0.6008600672786606,0.13436590340431817,0.5961414679803758,0.5850759061378774,0.6714814500449213,0.7833794721762912,0.7865721457704657,0.472265423224977,0.591238800327443,0.5830752865051354,0.5866307534640557,0.19697744842367843,0.7007079145543126,0.5168373033489821
2021-05-18,0.6056790131538234,0.597219886379506,0.6133187226113666,0.5966852048915285,0.14127539959745583,0.597715039069983,0.5860430487169885,0.6365755508621459,0.7779232222239871,0.7847502074374423,0.4621839245194018,0.5923773176226771,0.5832491307278067,0.5872943918366574,0.19286301842857134,0.6925429481516701,0.5073599579029805
2021-05-19,0.5935653977786663,0.5835809674060803,0.6005330964331339,0.5923203112726139,0.1791813940441963,0.598934490001189,0.5869701601506285,0.6003010462972657,0.7680967291222713,0.7810022499356634,0.4450646360625904,0.5925397121053436,0.5832631264716155,0.5873835353989717,0.19222840945373904,0.6825206892992292,0.506513612063842
2021-05-20,0.5958367876371964,0.5989484021250111,0.6092419320897673,0.6046548672022274,0.14377302357225877,0.599662242941623,0.5882841274785031,0.6759826019305213,0.7705502899466771,0.7785757718320916,0.4568105144913388,0.5948972070027893,0.583376015898394,0.5886315326035348,0.19742972272646714,0.6908080326034288,0.5763040472951686
2021-05-21,0.611357027342228,0.6031747189647465,0.6196184864159882,0.604844817535231,0.09070672016018214,0.600409684597264,0.5896848166329565,0.6770970745921652,0.7712577604154343,0.7767994900091831,0.46258973925856345,0.5969951845881237,0.5841140605328705,0.5900677442935812,0.19241456046222255,0.6964952688241846,0.5254987034117802
2021-05-24,0.609842675035382,0.6031745396546722,0.6211006792915059,0.6088297295893597,0.07215059747522146,0.60050804432017,0.5909787854492456,0.7012327568601755,0.7741324535996714,0.7760485120286886,0.47170308170027053,0.598086828800228,0.5877672545857264,0.5924845267238602,0.18544108322261382,0.7012733046120446,0.5412245195005648
2021-05-25,0.6130600697558408,0.5999087641330556,0.618321162968096,0.609209063963914,0.09805039113030167,0.6018652072487576,0.5925328742488702,0.7035992583290256,0.7753058740210552,0.7757212361868681,0.4754691289179707,0.5981423049438607,0.5925806833195053,0.5949706275530283,0.1783864651062665,0.7073203610893503,0.5262787459639439
2021-05-26,0.6132494644093809,0.600869363675465,0.6211006449754299,0.6063627213249019,0.13312305945508826,0.6047762106251795,0.5940269333914383,0.6732985715678035,0.7721212450047578,0.7747171266834586,0.46945313962877383,0.5966698456206144,0.5985169414265328,0.597258641429815,0.1689401864525999,0.6995548375720773,0.5129545827489399
2021-05-27,0.6119245374382274,0.6025980490011795,0.6140594278338753,0.5980133201457538,0.1640285451265746,0.6048942255220404,0.5948606634628633,0.5890459683899364,0.7604203503346546,0.7711865376055431,0.4469967002963663,0.5959434596012322,0.601446223585171,0.5983877805512928,0.17377802879492565,0.6902750278308759,0.49015133257815097
2021-05-28,0.6034078655995929,0.5960675090533174,0.6172099388041254,0.6008600672786606,0.10110304265506082,0.6046975731587334,0.5955276634437434,0.6115658995253159,0.7526342039353267,0.7665472334471267,0.43714196282157,0.5951873146534138,0.6045795398718066,0.5996060885707567,0.1663989260806008,0.6964716560767514,0.5365681852113252
2021-05-31,0.6034078655995929,0.5960675090533174,0.6172099388041254,0.6008600672786606,0.10110304265506082,0.6046975731587334,0.5955276634437434,0.6115658995253159,0.7526342039353267,0.7665472334471267,0.43714196282157,0.5951873146534138,0.6045795398718066,0.5996060885707567,0.1663989260806008,0.6964716560767514,0.524711458009463
2021-06-01,0.6092748628141185,0.5989484897960422,0.6092420155538849,0.5963054660230791,0.10733069048709634,0.6042254800300373,0.596214664779734,0.5659662963117643,0.7410933598686992,0.7601457940187921,0.42147934508908697,0.5951013423500765,0.6054791691418899,0.6000220960841683,0.17344520417616272,0.6899698897262763,0.5057816929434827
2021-06-02,0.601514548738985,0.5931854387877247,0.6123916713332613,0.6012389971593202,0.07029155358477673,0.6046974893056023,0.5968216237294575,0.6076930947345947,0.7356012619189113,0.7537445175572491,0.4214807936081678,0.59441040276919,0.6081794614792875,0.6010521938407615,0.16637878609471418,0.6946568373305401,0.5452858651390835
2021-06-03,0.6005685163861731,0.6002930677791867,0.6146154321937529,0.6095885601360265,0.1150324437475102,0.6064873763177845,0.5974886180232877,0.6724862779952083,0.7381003009313517,0.7492059845632648,0.43803766036187836,0.5940979556322371,0.611455881554182,0.6025676132870436,0.1670561314086027,0.7015359690130573,0.5594040022322679
2021-06-04,0.6168454543656123,0.6072082439365409,0.6270298217895407,0.6143324645343797,0.0653216697974,0.6074904777851633,0.5986691842175762,0.7063604179252565,0.7434651683834292,0.7468256275833456,0.4572204589158642,0.5961804262475595,0.6111036569572725,0.6034392237467608,0.15928788256673854,0.7059794055903873,0.5443007517068582
2021-06-07,0.6177918373366134,0.6058637489317023,0.6231388493606569,0.6120555684004838,0.08365399105092675,0.6082378858995519,0.5998897872443856,0.6797343164824815,0.7444589781779136,0.7451529840229453,0.46351092080224787,0.597554184210579,0.6112194382878133,0.6041919887912285,0.15554924281666477,0.7006377342523443,0.5153421966789854
2021-06-08,0.6157098400237406,0.6037506987826515,0.6177653447915656,0.6006699551480992,0.10212954522057122,0.6073921096769439,0.6012304495853076,0.5584636674518507,0.7335121583813614,0.741263331140868,0.44380518645394795,0.5969415090342355,0.6110881880039369,0.6038156104916069,0.15728974938702522,0.6943908101233915,0.4777817574927128
2021-06-09,0.6015150818849988,0.5943384791336641,0.6112804892042845,0.594218358424629,0.09808023132115953,0.6058382943850491,0.6023776896661623,0.4988209633993723,0.7179417192189672,0.7345223750975992,0.4184615750890655,0.597000395004852,0.6108360475068315,0.6037165817945579,0.15485188528801458,0.6883422915564615,0.4978936346623475
2021-06-10,0.6000005769230039,0.5954907871539941,0.6135035735257657,0.6025675169074403,0.09717308951908055,0.6054449141906173,0.6037850497303525,0.5719576737006963,0.7127454926330857,0.7279184484815441,0.41967955169573506,0.5940389354905166,0.616246761003713,0.6049843872720982,0.15374613893742617,0.6943463625988116,0.5595844778923659
2021-06-11,0.6085177257534768,0.5952986715369899,0.6142447710333285,0.6033265901504443,0.06762085650299818,0.6059956447857595,0.6047321738932032,0.57839418690619,0.7086496664298896,0.7216806320838439,0.4229336971043993,0.5940609538037346,0.6168844372287512,0.6053211490257663,0.14837642167591786,0.698902453181697,0.5278623029483105
2021-06-14,0.6054893574915994,0.5924172670975403,0.6118360197080457,0.6025675169074403,0.13054039093634043,0.6061726252044854,0.6056126031763107,0.5704002115298678,0.7040451804659732,0.7156171429682726,0.42448319312036253,0.5940522276125323,0.6168736667143837,0.6053112427779718,0.1433902795996484,0.6912634735214106,0.5215623897734655
2021-06-15,0.6070033376413173,0.5962589677048484,0.6153564084305287,0.5993414353999789,0.05149670937295315,0.6064873092352794,0.6059994562270201,0.5356924090694533,0.6967912323345066,0.7090755661420876,0.42023374349990916,0.5940508502036125,0.6167198083027778,0.605231975905168,0.13847064193606407,0.687497423067037,0.5113202830684699
2021-06-16,0.6030286851170286,0.590688273771959,0.598865308254986,0.5815039018290082,0.1314012804425897,0.6044417288701074,0.6059994562270201,0.37747459176885867,0.6739016451423508,0.6985070883001976,0.3844409117393494,0.596473447012369,0.6127728120605649,0.6044395689790741,0.15127622079173186,0.6798162621210885,0.4504914869487636
2021-06-17,0.5850484614970228,0.5783946385600929,0.5959008647270927,0.5862480489236983,0.11249155149596338,0.6020224402550842,0.606199546553299,0.42684256896971673,0.6601069740026844,0.6868369769420581,0.37464911825966524,0.5972090900674413,0.6114248064521093,0.6041226197209951,0.14926811003978951,0.686570896872093,0.5447171977087268
2021-06-18,0.5805060771584312,0.5680218753341217,0.5805217936905804,0.5627179918722616,0.22652285684019235,0.5966725014749976,0.6049722868343781,0.27395311346267315,0.6271959105694573,0.6698298170201867,0.3272111304386125,0.6026842387318644,0.6017249422504534,0.6019336725447652,0.16709335146412707,0.6742290328306376,0.42584101944406777
2021-06-21,0.5738177874409462,0.5682051033872577,0.5876807236364923,0.5776916277691855,0.18766943633371477,0.5931106133235198,0.6042713380080809,0.40911705867395964,0.6156330502664091,0.6535289613295554,0.33348906685223456,0.6031051196573652,0.5985334582927522,0.60051637815656,0.17204969004608917,0.6846671830767219,0.5887628226459956
2021-06-22,0.5812474453685124,0.5743922132833499,0.5936488303399605,0.5796018097380449,0.09923206268827295,0.5909268597687443,0.6032773553961455,0.4249151288990367,0.6087305899127629,0.6388794177251843,0.34816664036526196,0.6024163549540188,0.5962270601812294,0.5989907906605384,0.16604376216336592,0.6907721383031513,0.5327898176967598
2021-06-23,0.5818186762050763,0.567818539542337,0.5893591547264272,0.5713888847990061,0.08016268872055704,0.5885605411767048,0.6024082319685851,0.3727272796163341,0.596106292214609,0.6242172500947378,0.34805443258074054,0.6021384402715982,0.5926362202007227,0.5970167195420738,0.1587186119963349,0.685601531451156,0.49002830830849153
2021-06-24,0.5751513905406331,0.5685919947913283,0.588613239083901,0.5778827915838736,0.06928295513378102,0.5860019221988679,0.6023943299746792,0.4289181716793533,0.5928745105515083,0.6117342365920299,0.36742369365030403,0.601136298532324,0.5907161214141246,0.5955301743167715,0.1527908357073111,0.6902390604261172,0.5523065793877535
2021-06-25,0.5820092537874917,0.5788388581222768,0.594208099245646,0.5880053322003189,0.11251542364864967,0.584413844517562,0.6020825772637222,0.5091476569782711,0.6004263736280926,0.603508050788881,0.405260212871857,0.600644849965417,0.5901791110944317,0.5950077949840117,0.1539895015224873,0.6969948648488213,0.567514546538793
2021-06-28,0.5922962160295608,0.5821256788589189,0.6037194765968041,0.5891513443030998,0.0875884202155357,0.5830232325749356,0.6016043390053734,0.517913215637054,0.6079596365148977,0.5986829917226231,0.4354908931431387,0.5998477942148687,0.5897704320645603,0.594396643678795,0.14519342256423529,0.7025293127038335,0.5295205030860392
2021-06-29,0.5932484371839353,0.5815455074373641,0.5988703982592967,0.583230443569623,0.17091416916702598,0.5813532974669453,0.6009846723422592,0.47237530026076047,0.6087941962684994,0.5950174677185905,0.4457973405181418,0.5994087668308955,0.5888681076005968,0.5937141766792048,0.14372888553143665,0.6929121257818158,0.49988678113827845
2021-06-30,0.5894384003768647,0.5846386865487212,0.603159691585136,0.5935439053044196,0.10615647897683952,0.5826012668480751,0.6008742582650721,0.5535346853885701,0.6195287789253126,0.5945871172836834,0.474552957511038,0.5986819851200297,0.5888001818992423,0.5933125218240424,0.14382579549597974,0.6993563589055732,0.5681459859922493
2021-07-01,0.5974397534952411,0.5867659407255137,0.6050251103132815,0.5895335910336972,0.1482013078955653,0.5829418195698466,0.6007763073581227,0.521196482115974,0.6245235419223116,0.5954070406034256,0.48566592949129755,0.5963200019345475,0.5890857261642324,0.5922657278595299,0.14071015008234333,0.6908520415011214,0.5079526012727881
2021-07-02,0.5959154516790179,0.5861856539646952,0.6083817403089626,0.5927801399322361,0.28397716031791737,0.5860578186961305,0.6003589205355657,0.5470264477011447,0.6317400100871031,0.5977450287799086,0.4991591442008308,0.5927820726693845,0.5903809236545121,0.5911407775691743,0.13373644158809606,0.7060090129052802,0.5383194222255059
2021-07-05,0.5959154516790179,0.5861856539646952,0.6083817403089626,0.5927801399322361,0.28397716031791737,0.5860578186961305,0.6003589205355657,0.5470264477011447,0.6317400100871031,0.5977450287799086,0.4991591442008308,0.5927820726693845,0.5903809236545121,0.5911407775691743,0.13373644158809606,0.7060090129052802,0.524711458009463
2021-07-06,0.5930578724529214,0.5796121264877665,0.5986838373531882,0.5872412432330194,0.08796291461080186,0.5870476545981522,0.5997401694875137,0.5002832678142926,0.6324120394531412,0.5997720591963389,0.4963952176114248,0.5890399665955669,0.5915445867729787,0.5898455631170246,0.13425619686915047,0.7004562158254826,0.501551512920922
2021-07-07,0.5902005064059188,0.5888922552872855,0.6042787132252969,0.5943079942717193,0.09221215778896122,0.5885719787438015,0.5992297425257462,0.5586680087108865,0.6397187242970862,0.6030967611928126,0.5079294818915286,0.5881223349522041,0.591801621190849,0.5895134926853086,0.1361957560698494,0.7062172144677862,0.554382913696766
2021-07-08,0.5913435605787742,0.5846389099016323,0.6018544472656018,0.5893422654214513,0.11209169293846802,0.590432880972803,0.5985314410212585,0.5154565649599709,0.6409056698171941,0.6060331818284008,0.504478269812628,0.5876736725720094,0.5917468408345399,0.5892589789685293,0.13537368797571142,0.6994821717177476,0.5039718406286445
2021-07-09,0.5978203350126541,0.5888923191891522,0.6093140721774473,0.5969819416127624,0.06843549371341778,0.5924125443915333,0.5982017143885425,0.577908647463973,0.649053917976403,0.6102815516734118,0.5161394398160951,0.5866871702878435,0.5921513249049266,0.5889674329443512,0.1331531786495156,0.7040781773473775,0.5567378879799372
2021-07-12,0.5980109422211297,0.5861856652830197,0.6072626853657606,0.5948810812218888,0.08480731442758307,0.593125228924289,0.59809161878616,0.5584315067781478,0.6534687130352735,0.614709269467503,0.5177335616837536,0.5851779103204339,0.5927803621228955,0.588526609140109,0.12671981254825665,0.6986799962453537,0.5159546199748478
2021-07-13,0.5978204670368665,0.5921791698308563,0.6093142011694843,0.5944990771876286,0.15453488840514623,0.5936795316628207,0.5978680352560253,0.5547239859135737,0.6565129999399326,0.6189610209103366,0.5161694969149594,0.5836928716385504,0.5934239913891224,0.5881054669304832,0.12628331710399215,0.689865350318136,0.5231166823718254
2021-07-14,0.5995349018193401,0.5977858817235826,0.6117386133465645,0.6063405550594663,0.08826728455755203,0.596074938906076,0.5982207603192404,0.6514896685496424,0.6698617343320402,0.6254738100418414,0.5362665743646596,0.5853140144304861,0.5925364953827374,0.5884707946544537,0.13054094666977262,0.6954330607121019,0.5741609219578556
2021-07-15,0.6075362384007059,0.6016532414506741,0.6177069253652132,0.6118798562525776,0.10387967241438475,0.5979754952808256,0.5985947776979328,0.691138256408554,0.6852473741124541,0.6342702011453254,0.5565642128892618,0.5896635612661013,0.5913406919875865,0.5900563052376241,0.13099731083077376,0.7017657363975222,0.5476402986749694
2021-07-16,0.6174416163535084,0.6088061023507432,0.6292689763329018,0.6139802312507776,0.10345892572328894,0.6005094362821481,0.5987491412980916,0.7059382157628542,0.6988426660131872,0.644476170829398,0.5690931548204221,0.5938296684698156,0.5900560401657671,0.591503820860043,0.12471697162837748,0.7080777966192393,0.5333699950970427
2021-07-19,0.6126792974044732,0.6080328412517733,0.6152819685466104,0.6099695124861604,0.2839935724228892,0.6022911476140376,0.5985957871493208,0.6592520234282191,0.7051744857947575,0.6541167979468102,0.5640681464339133,0.5943738023986441,0.5943476431466739,0.5939701725328025,0.13899561042944558,0.6929200210657872,0.5082033587063561
2021-07-20,0.6130603103208148,0.6132531432322457,0.623860937339211,0.6103515165204205,0.27907740097905664,0.6046865716279191,0.5985358911379415,0.6623654903784412,0.7098448195977693,0.6629178837729535,0.5566059416076105,0.5963851081472055,0.5956971825157631,0.595674895898468,0.14671688839068409,0.7078369173536294,0.5262884463519487
2021-07-21,0.6199181338346405,0.607452849899397,0.6236743218563221,0.6069135611108567,0.11438043557726596,0.6059931627330757,0.5987553487132473,0.6203093870371387,0.7095935515918588,0.6699001856641885,0.5404398061259866,0.5975078421064454,0.5973786473395366,0.5971004666062288,0.14543481476083103,0.700989732329404,0.5105229034595762
2021-07-22,0.6067741479899522,0.5977862993310825,0.6134173977552106,0.6046221031967476,0.11834619694227563,0.607576947134064,0.5991210317200564,0.592429525710883,0.7065596604514952,0.6747788730649518,0.5217419739088824,0.5966887985755106,0.6015852520243747,0.5988351156232666,0.14570161923855196,0.6939482355941039,0.5152304482925305
2021-07-23,0.6082976185320459,0.6122861204481544,0.6203172308141465,0.6208558993735684,0.11984268251379734,0.6100515285038048,0.5997638532075471,0.7282394390999403,0.7186770055748054,0.6815061927591494,0.5381734144652766,0.599567363168913,0.6031314228575215,0.6010781502368366,0.15702405417091642,0.7010630561240646,0.5919937414990105
2021-07-26,0.6220136346443657,0.6149930542863042,0.6322530884491269,0.6231479235791302,0.0634417377733548,0.6129814407613139,0.6004605566509635,0.7443627089409806,0.7295096435769636,0.6894129724999315,0.5486569636886264,0.6033064928374822,0.6030263610934599,0.602912461342726,0.15296567305101194,0.7054143810550614,0.5340978529625865
2021-07-27,0.62601408696128,0.6217600453571039,0.6352369624182002,0.6260128729373036,0.19426859454193068,0.616247905946236,0.6012846414854629,0.7646485733460194,0.7397472282811696,0.6981246223593112,0.5558109961894779,0.6071361929497693,0.6030074428166121,0.604836494508776,0.15473485885067717,0.7161758724215683,0.5364244337532639
2021-07-28,0.626013925795103,0.6142195512059552,0.6281500528943564,0.6139802312507776,0.11061758751008971,0.6170397729907906,0.601799183027959,0.6171902299166554,0.7354922557090133,0.704102172531754,0.5315091398166809,0.6074860248476549,0.6058045066531832,0.606441517782082,0.1584177780287811,0.7095130568989721,0.47562051659239024
2021-07-29,0.6222044010454182,0.6142199162886526,0.6344913014319704,0.620665301850333,0.1060967985951238,0.617950401225074,0.6031756737843472,0.6705330393129285,0.7374076806527856,0.7093306692375219,0.5248512297742434,0.6094482841720238,0.6066364472159915,0.6078571526837643,0.15513468294240573,0.7159543658434809,0.5522271767078968
2021-07-30,0.6260141837934399,0.619826642902664,0.6376615811994737,0.6229571642583369,0.1298585425752383,0.6188808774955143,0.6044659687662886,0.6881368680188593,0.740033755194486,0.7141255648367979,0.5209971962642743,0.6111745539136272,0.6083458682778655,0.6096017375068811,0.15033681462674053,0.7235599367558512,0.5340985023551242
2021-08-02,0.6262046593627999,0.6140265180388425,0.6326260796159953,0.6172272655419904,0.15441851166080056,0.6196331574768259,0.6063819245621225,0.6208283335756892,0.7356968695600022,0.7169506189059389,0.5034883957727531,0.6118635486215752,0.6101633910388511,0.6108777855230806,0.14471623482636425,0.7147509929781682,0.5012822346246502
2021-08-03,0.6208702657843048,0.6155727511274496,0.6313201344965045,0.6233385211023657,0.10365885500203659,0.6209792853333469,0.6079863750336774,0.6713092579534914,0.7370100224597761,0.7195167382299349,0.5011868721609741,0.6124454488234773,0.6132775711385732,0.6127619276733954,0.14386878582908685,0.7210728492003685,0.5498053037506818
2021-08-04,0.6218232475634606,0.6117064915626942,0.6218095686136653,0.6055767896872823,0.10722177379046516,0.6208407264193401,0.608899374052559,0.4938815729437597,0.7204449931199981,0.7177085760325457,0.4623063727502228,0.6119017484568529,0.6149669371834317,0.6133501164144576,0.15415545594854568,0.7145764194770221,0.45210504208467395
2021-08-05,0.6159176431564339,0.6045526748822072,0.6259121009684858,0.612070372877034,0.08001497977581065,0.6216127538130514,0.6103292946443923,0.5495338347461831,0.7127084762576281,0.7144587812725597,0.4494925212121963,0.6105848322672859,0.6185920720228406,0.6145364381478845,0.14942731814249266,0.7197397889853769,0.551605584831449
2021-08-06,0.6183940526490952,0.6072595468915991,0.6266580973766498,0.612070372877034,0.17593776529794683,0.6207021171934546,0.6115309597944556,0.5495338347461831,0.7059140795314571,0.7102752744089169,0.441193285619206,0.6100385452894287,0.6206744028833782,0.6153239975153814,0.1429974119847311,0.7296031186956522,0.524711458009463
2021-08-09,0.6197276335447597,0.6089996299562415,0.6303881841984242,0.6170361826260811,0.10973431786069704,0.6200686235578112,0.6125513701280847,0.5927289986078625,0.7045717497154357,0.7066155921516835,0.44584926448139517,0.6091855900859456,0.6237822360291267,0.6164804104878839,0.13586093432568347,0.7362226563653679,0.5451795182535678
2021-08-10,0.6229662445065829,0.6171200036613278,0.6343047500300663,0.6267770428033821,0.14310758731612847,0.6201478312255493,0.6138738822486955,0.6691482685341201,0.7119746796705284,0.7054133572881347,0.4676921160388446,0.609097460951192,0.6271685232086677,0.6181651989022122,0.1338975131418227,0.7444773950709449,0.5647146925896785
2021-08-11,0.6334437475466634,0.6267870273810696,0.6456810506449961,0.631360929416948,0.19832686049859974,0.6219493738229693,0.6155656289388862,0.701780289317972,0.72132994835152,0.706632140951336,0.4892111721266916,0.611455334870257,0.6273945590614254,0.619471168347172,0.13178269405279136,0.755437730626362,0.5434024289173782
2021-08-12,0.6353486857268722,0.6229203150679705,0.6447485154308892,0.6305970831459853,0.07060189156969848,0.6229788219441732,0.6168680174328103,0.6927991040342165,0.7271151083414998,0.7089556011273636,0.4990300130714363,0.613492808828085,0.6272931369165062,0.6204481371993532,0.12194994995218215,0.7507355772900051,0.521607235370064
2021-08-13,0.6355386881543819,0.6333600567146449,0.6467994472526006,0.642056071590889,0.1060580063470086,0.624958460206964,0.6187141390972601,0.7710266498573087,0.7414495427713164,0.7141555090073813,0.5245971199696285,0.6182257527651637,0.6254831593667489,0.6219135904776248,0.12535153329969678,0.7571749855180022,0.5713059574893915
2021-08-16,0.6452541857323528,0.6405135888850948,0.6559377585490123,0.6500778327152397,0.09254935194565503,0.6283634843058927,0.6207281055140692,0.8175860030500234,0.7591094785306157,0.7224316990848936,0.5519404419717097,0.6243157660759832,0.6235612472619558,0.6240070939544095,0.12501277017238405,0.7629525057730608,0.5570596235616952
2021-08-17,0.6507786380762379,0.6463138176209802,0.6606001490178228,0.6508418407837604,0.20837256075089855,0.6312142559781686,0.6229636138100367,0.8218894295393969,0.7723971450964153,0.7321498051379829,0.5647568126064519,0.6294023373774208,0.6226705180989638,0.6261205366051438,0.12615550101320028,0.7744050538005118,0.5277746170465927
2021-08-18,0.6513500447046727,0.6403203149892538,0.6490375010814184,0.6334613853139268,0.1338198279116193,0.6341045476311822,0.6243398230574462,0.6243307060680371,0.7651665773868408,0.7382389540692479,0.5325010776824569,0.630043564766862,0.6247499837746799,0.6275062331876177,0.1371256046785045,0.7666053904905105,0.45506570963327114
2021-08-19,0.630585976744348,0.6374204030497914,0.6432562472235777,0.64453917871236,0.16912674173464012,0.6374700014374941,0.6262799488160942,0.6984298773135517,0.7685139527121568,0.7438904957459667,0.5286114358019917,0.6318905874767614,0.6270037170561804,0.6295897544095915,0.15110092130377095,0.7761349982440303,0.5696621981477965
2021-08-20,0.6475401044572795,0.6424471379366128,0.6555648773607061,0.6468310411203639,0.13061648342302798,0.6410730111645162,0.6280321033521714,0.7127321084198871,0.7719074382700553,0.7492026992164663,0.5255952515755201,0.6346955197341487,0.6268853181204852,0.6309455591215892,0.1524202946619458,0.7837777062328587,0.5339369700266529
2021-08-23,0.6502073035550551,0.6395472897852281,0.6581760392892688,0.6424383992202651,0.10584912501100358,0.6437059994844208,0.6297037036674751,0.6665203717486986,0.7690571463774201,0.7527881020868358,0.5102467036168175,0.6364087083717745,0.6271631202784134,0.6319524494025305,0.1451935993048839,0.777348532632232,0.5070587678748443
2021-08-24,0.6448730446704223,0.6320067372494544,0.6466129533888638,0.6319335309744436,0.10136862035369579,0.644240479342735,0.6310194936948983,0.5656410111675816,0.7556405847263791,0.7525292268982819,0.47607710340384385,0.636729681241004,0.6274509173410527,0.6322614854856875,0.1457696862034844,0.7711388917886999,0.4823617264407998
2021-08-25,0.6342056801161291,0.6227268648641024,0.641578068826389,0.6296419921615555,0.09410551789889246,0.644062308209546,0.6318385198983567,0.5450739097166902,0.7417671767842562,0.7490884453057014,0.447794947931682,0.6366399188616959,0.6291404668041991,0.6330789705045571,0.13960082012270053,0.765285123559732,0.5154026688995316
2021-08-26,0.6309665843074312,0.6184727070047091,0.6356095771922197,0.6233385211023657,0.16975935378082677,0.6433099443751031,0.6322412824716483,0.4897947636670208,0.7239480553323845,0.7421824524821953,0.4169946570579773,0.636615889703804,0.629437456663233,0.6332185024960834,0.13824528840252898,0.7557245195061763,0.4990624691499406
2021-08-27,0.6279192006760372,0.6204068582883369,0.6369156578655406,0.6281139760245142,0.11079812066477976,0.6418648195118792,0.6327380718873383,0.5323811952744801,0.7135848735464886,0.7342421573775848,0.4078013326150006,0.6367051247398036,0.6298763077951026,0.6334876686765653,0.1364027613704522,0.7623961806709997,0.5442325653950397
2021-08-30,0.6317290522774675,0.6254333679081905,0.643815845644603,0.6342255551800053,0.05887022053393053,0.6402217006352486,0.6335906516862335,0.5841180746578886,0.710428860042529,0.727154302306824,0.41537818702452134,0.6369400659061571,0.6313814189784803,0.6343749154685857,0.131485744584651,0.7665235134715475,0.5496073510442991
2021-08-31,0.6385867169144697,0.6287198379614287,0.6484779807195307,0.637281263858972,0.09454715272358882,0.638816120908702,0.6345372099876017,0.6091366676024125,0.7101022292793701,0.7214078855623038,0.4273014690076252,0.6375625844723539,0.6321910095469965,0.6351026742046825,0.1245883559970254,0.7723989206269556,0.5371038306305403
2021-09-01,0.641634842258372,0.6358736610488123,0.6523945973376348,0.64453917871236,0.09994971927840451,0.6399643553755738,0.6358597192646875,0.6656896303648864,0.7159196168825972,0.7181666971810942,0.4495690184159781,0.6370671780759402,0.6366632049959446,0.6371363643822306,0.12284681081405448,0.7785390391088505,0.5540806329831583
2021-09-02,0.6505881919128311,0.6422538241509583,0.6611598425451592,0.6498869115968884,0.07345461381570995,0.6405186581141058,0.6374507397674927,0.7042536853063229,0.7247008879370016,0.7176205278698513,0.4735235094219956,0.6378061401247875,0.6397978192909026,0.6391102454831544,0.11773245008311363,0.7833809682132942,0.5462378698126504
2021-09-03,0.6488737302040175,0.6403205595928794,0.6579894074895412,0.6481681361390539,0.06431456335594721,0.6406572505693651,0.6384107422552361,0.6840840790151643,0.7291063149206982,0.7182104307823858,0.4836214089767446,0.6374244258829179,0.6438648081743965,0.6409944129691415,0.11444075362161017,0.7789868771607856,0.5178193785520845
2021-09-06,0.6488737302040175,0.6403205595928794,0.6579894074895412,0.6481681361390539,0.06431456335594721,0.6406572505693651,0.6384107422552361,0.6840840790151643,0.7291063149206982,0.7182104307823858,0.4836214089767446,0.6374244258829179,0.6438648081743965,0.6409944129691415,0.11444075362161017,0.7789868771607856,0.524711458009463
2021-09-07,0.6490643627320467,0.6358738092115932,0.6477323674826043,0.6321247756879107,0.11199322030863709,0.6395882237702313,0.638726271167442,0.5203127234920921,0.716658497971587,0.7157809553573405,0.45678387300628265,0.6359856371631,0.6468296031381053,0.6417819807818627,0.12420731066633121,0.7722566593065074,0.46030005283429865
2021-09-08,0.6336338689461605,0.6354869150524558,0.6462401051080939,0.6439660917621906,0.13372583131041704,0.6408354217025536,0.6393573119307043,0.6136882395655883,0.7171839743099895,0.7139598555996279,0.46219137813817757,0.6362472581563982,0.6483278326752848,0.6426791844930216,0.1315278187291904,0.7800517170341921,0.5728070790280948
2021-09-09,0.6458257233918308,0.6329734776120945,0.6510890632759252,0.6359444924353979,0.0901382645243399,0.6414886879065362,0.640129337508826,0.5428793118912086,0.7093219872699624,0.7106704655917413,0.4491405815839072,0.6361815666225678,0.6488612729950278,0.6429184292447435,0.1284162249901935,0.7743923336207801,0.49240849678225973
2021-09-10,0.6418251895942282,0.6291066558172,0.6440020587824762,0.630023510803142,0.12786223380684741,0.6421815998709532,0.6404582707980566,0.49434721801778714,0.6969395394869023,0.7051527923937186,0.42933464023387796,0.6362151452111925,0.648769447490634,0.6428884909255351,0.1293158510853324,0.7668845765042781,0.5007289581067614
2021-09-13,0.6385867769755187,0.6352934779247479,0.646799511959727,0.6334613853139268,0.18050182248965663,0.6427358690682325,0.6408274854629614,0.5234230325462367,0.6898947684309054,0.6990966243123382,0.4245482656275047,0.635879345477404,0.6482229961849031,0.6424398806247315,0.13539717725083034,0.7769715328225961,0.5386963719371028
2021-09-14,0.6401109499409394,0.6277536078661172,0.6415779775470376,0.6271590468376425,0.11108607850655813,0.6420034119671381,0.6411765793447046,0.4709334768887953,0.6780179146475789,0.6914833749655844,0.410708256262569,0.6345061209926205,0.647238207791349,0.6412436061947778,0.13754674602467487,0.7702857624928978,0.4991382442003524
2021-09-15,0.6303957283254509,0.6242735379924926,0.6406454713587038,0.6321247756879107,0.10629971189295725,0.6414689321088236,0.6414854089119237,0.5151519321329315,0.6730114322855428,0.6842258402138753,0.4138700008908959,0.6324145916987977,0.6473930928676044,0.6402666457878209,0.13575411455159508,0.776737013646852,0.5449537591902407
2021-09-16,0.6336342013062919,0.6244669758320882,0.632999311052374,0.6275410508719028,0.12070058800096084,0.6397070436571517,0.6422574344900456,0.4758473966007496,0.6645285774159349,0.6764425873154563,0.4091971914264277,0.6325715957584929,0.6466327364381721,0.639957626595112,0.14633002074086637,0.7695801580401915,0.50609384065836
2021-09-17,0.6271569269497621,0.6186664635886716,0.636728861679013,0.6200920531026057,0.17083360065170977,0.6366187496054185,0.6425393899021397,0.4159490399777801,0.6507434728780244,0.6670028857421892,0.3944739617002412,0.6323257013417093,0.6443771049823406,0.6386815785789121,0.14157842439222906,0.7599669187601596,0.4943548219148317
2021-09-20,0.6139928158198005,0.6082553716988102,0.6134957099792315,0.6064854447725878,0.2414160960973506,0.6322982589465358,0.6423430843076852,0.3228669598167131,0.6272120014187547,0.6539662945937562,0.3625032569515693,0.63357743547833,0.6390157234711418,0.6365756901810785,0.16006714055079502,0.7468953257871963,0.4689578677689532
2021-09-21,0.6136093669785065,0.6107843817486951,0.6196882903789027,0.60494780168085,0.1408501768777313,0.6294813136273891,0.6419181877355056,0.3132786795250645,0.6075812824538631,0.6389613981606177,0.34500811127152264,0.6346634495519853,0.6341100063540344,0.6346188219839756,0.16908258559670508,0.7387511941617005,0.5183473722900469
2021-09-22,0.6170597035122276,0.6068935890117948,0.6232539769382224,0.6087917071632472,0.1242217305221884,0.6258354214090678,0.6412860180928037,0.35502189408386364,0.5962550998112999,0.6243175192419325,0.34821699053303135,0.6355071985785624,0.6309104221684865,0.6334109058126883,0.16777675065079706,0.7460805763440331,0.5406389857992021
2021-09-23,0.6139929720936332,0.6096174769600784,0.6264442535026498,0.6137885011446369,0.10056741122916221,0.6235389105487581,0.6406683618018909,0.4077792098862483,0.5926408300162291,0.611759984513355,0.3667613168772623,0.6357004032732033,0.6290989988316316,0.632583413203336,0.16480469083018656,0.7522509600811518,0.5453571886590117
2021-09-24,0.6151430865679799,0.6100065545326245,0.6288837993905831,0.6143652285398595,0.07485710278602942,0.6219158996529914,0.6400978255643661,0.4139217518683118,0.5909828888947348,0.6013275157450888,0.38564981900355527,0.6359512502021983,0.6279338119498252,0.6321150410782875,0.15793911115505205,0.7571616073979395,0.5270856007056173
2021-09-27,0.6155261378040757,0.6082551801281015,0.6241919798334674,0.6082149797680243,0.10096428576757177,0.6192990614461575,0.6389083392320363,0.3643438811736557,0.5845956909265978,0.5914927815430842,0.39096274144297805,0.6364391946056248,0.6254174756013813,0.631076388309746,0.15625593575048674,0.7509717778688172,0.49940424436360703
2021-09-28,0.607858981240537,0.5956102356119248,0.6050512511651576,0.592264005722456,0.1981806435633962,0.615682123714042,0.6368762311254912,0.25822044295595237,0.5654252183460947,0.5791566471342716,0.36872921833949746,0.6381708527910753,0.6194164088962184,0.6288861532368505,0.16876909252731725,0.7400186065525592,0.4587771623097288
2021-09-29,0.5982748431201617,0.6008629213202268,0.6095550611231659,0.6043715596783013,0.17351175778120276,0.6128054498095366,0.6352428392561098,0.38487461216348884,0.562655695693294,0.5686422057886966,0.3849212114075037,0.6373008127464456,0.6169129265760254,0.6271683904452731,0.17804271357474155,0.7497630683763757,0.5753566864332906
2021-09-30,0.6109255928885358,0.5983335639352962,0.5973569869232336,0.5801561281714951,0.21723360542614029,0.6078939119700268,0.6333692036434015,0.25112708487850577,0.5388532001033843,0.5546826511990375,0.3542995601027732,0.6378387543130831,0.6098004135828885,0.6238078373384993,0.2019034598869044,0.7378763528349771,0.4243299754461939
2021-10-01,0.5875407276884543,0.5792687664554887,0.5891006532227119,0.5836159262513789,0.2117027260506358,0.6041130916782802,0.6312278018085342,0.2834786694117811,0.524683121610481,0.5402121766697717,0.3497582834808405,0.6352698402845861,0.6055667899706869,0.6203487411350591,0.20822370276049063,0.7494920700645044,0.5393160499436473
2021-10-04,0.5865818942618664,0.5819920005769779,0.588161967717411,0.5793876706701315,0.27828215989269467,0.6013043555806787,0.6288572232297844,0.2622869762451936,0.5110430590309385,0.5254565048773685,0.3472233272904005,0.6324320782733049,0.6013424902094822,0.616758659506817,0.21966446366795028,0.7346141384651509,0.5069095871780885
2021-10-05,0.5860072225841311,0.5814087603089644,0.5975451755867656,0.5861144041408526,0.21613250238348522,0.59935223791555,0.6268774814803204,0.3271991774704337,0.5082022188921445,0.5129898105982004,0.367568745942462,0.6309701814717222,0.5980851699683283,0.6143570911476394,0.21533236351223767,0.7464469028994114,0.5531230276197977
2021-10-06,0.5825569259309229,0.589774159074689,0.5954809623454191,0.598990658294398,0.19709147659708431,0.5983363404603492,0.6257195668064768,0.4380295385358606,0.5195964067694917,0.505672267938129,0.41333662473887833,0.6259080591752811,0.5984932997619006,0.6120095426640094,0.22655869358932235,0.7573467079443809,0.5788213532489137
2021-10-07,0.609008837889748,0.6065044058969364,0.6211895819554698,0.60494780168085,0.09991540305891797,0.5974199850572042,0.6248515864759812,0.48420250735576076,0.5355532656926306,0.5035375361461265,0.45940368144678145,0.6221313071493525,0.5990593151289785,0.610391631978824,0.22965095038933442,0.7634851450232076,0.5495049414433826
2021-10-08,0.6092007573246361,0.5985282577849287,0.6181871881808652,0.6034106439817861,0.08333768502783342,0.5962845214222152,0.6241511381100906,0.4732149227170853,0.547905694513716,0.5047089149384857,0.48878981720387016,0.6191670001691588,0.5992701111311098,0.6090025404162877,0.21756685236118112,0.7581589718351827,0.5183421229461602
2021-10-11,0.6088177933362962,0.5998905500881471,0.6191258636603407,0.6030265365792729,0.0972521660248539,0.5957467293652181,0.6232693354043901,0.47031386695907795,0.5583699587246777,0.5080850796017571,0.508386904253651,0.6150618202916286,0.6002182807774414,0.607413955771568,0.2069325485895005,0.7521510262553281,0.5231180611793773
2021-10-12,0.6074756599174935,0.603586566171689,0.6179997686542467,0.6036028594806007,0.1596614331945267,0.5969220232375305,0.6221929730286078,0.4755455527877953,0.5681323816330448,0.5130614843752541,0.5226105280324402,0.6119956831654941,0.6008421848914818,0.6061844113815239,0.20438906099491344,0.7612168591800074,0.5271029067652454
2021-10-13,0.6082424202802792,0.5993065946872087,0.6118070519227348,0.6061013373700745,0.11709589294533126,0.5971013180026778,0.6210970244523704,0.4991079338888812,0.5790283663775612,0.5195822973464783,0.5363378937102372,0.6074076599078045,0.6027186515970757,0.6048260857701514,0.20525310651917034,0.7681970943600477,0.5350744408370344
2021-10-14,0.6143765177683369,0.6131193613569992,0.6271951355082621,0.6212840157118373,0.12346378967439875,0.6013643021841786,0.6202796247452329,0.6248773324735597,0.6025313654607017,0.5302771411332805,0.5734384785427716,0.6059113810436828,0.603558539203715,0.6044994920662233,0.2089882832828991,0.7754893394659219,0.5875682942314193
2021-10-15,0.629136018579751,0.6162318419788533,0.6311356483167501,0.618016514029547,0.14733743437023022,0.6049299888825002,0.6191594066828048,0.5935178224252077,0.6184171303321667,0.5425357475512148,0.5873378747661386,0.605496837916318,0.6037562703031725,0.6043911567322865,0.20483180104433002,0.7670273495560949,0.5113344458130098
2021-10-18,0.6153349373451245,0.6059212901625892,0.6200640099991328,0.6099450810549136,0.1244813401826518,0.6080973228957092,0.6178158979733206,0.5200600049339684,0.6236685764597649,0.5535666653065261,0.5764256488176397,0.6058589169700662,0.6037518816930758,0.6045717367352409,0.20537079556222082,0.7596852471940306,0.4915880149986059
2021-10-19,0.6109260913140089,0.6002794739508637,0.6183751241543476,0.6105215657537995,0.12686557143219487,0.6106271718642289,0.6170565630474389,0.5251380872905619,0.6286028899125,0.5635415133044724,0.5670388456642068,0.6064053522848701,0.603781299934312,0.6048626662580644,0.19736711402495505,0.7671441705170796,0.5270913440497851
2021-10-20,0.6151431394614215,0.6127302033847983,0.6277579537350306,0.6184011068247341,0.10637431237010192,0.6126391019678477,0.6161579750134449,0.5927843841368583,0.6400512713211102,0.5741898361581065,0.5730249804389599,0.6077851757402738,0.6033992030969748,0.6053642407814109,0.19433398935426732,0.7735990768950947,0.557226495982509
2021-10-21,0.6235772445418055,0.6111737656529126,0.6320740793223927,0.6166713291329609,0.09364299494059564,0.6138542680040491,0.615480539295679,0.5753718350505138,0.647500710037391,0.5844448458716566,0.5695290437379237,0.6082247223144858,0.6032592637179783,0.6055147135606763,0.18213309492836266,0.767767971055304,0.5176148241257007
2021-10-22,0.6226188751231208,0.6191502268016362,0.6350766286239216,0.627241563592184,0.11750470356008397,0.61632438838721,0.6153827561567065,0.6601469320870345,0.6632165355291075,0.5963119747333028,0.5838582535249885,0.6106704016625285,0.6021572335140393,0.60618680982515,0.18048165386699244,0.7747682368631977,0.568132371631644
2021-10-25,0.6295190985383456,0.6191497931208412,0.6335749220673927,0.6262801625029952,0.07675643093413226,0.6187346711759414,0.6151303421262218,0.6495985046529341,0.674462844595656,0.6084270222729709,0.5860618615844192,0.6133609382870463,0.6013434597219998,0.6071297444244653,0.17894799742511514,0.7697645275418208,0.5207926378535461
2021-10-26,0.62971115053887,0.6244027300224142,0.6422074537854334,0.6310850645806863,0.1060132460607218,0.6215832542814927,0.6152683383962676,0.6868408450243912,0.6874631521946297,0.6211492352692891,0.5914586098421857,0.6170105554408155,0.6017028805364903,0.6091560576988179,0.17195191973489615,0.7762017426353813,0.5443107382508419
2021-10-27,0.6414039649739649,0.6290719334399753,0.639205066950151,0.6230134698084948,0.1288320400097279,0.6233362291453175,0.6149480835454497,0.5968517113664243,0.6896669121047831,0.6318406687513792,0.5734081662847014,0.6188056962242333,0.6018333634706852,0.6101290952992101,0.17718592591496218,0.7686464676060885,0.4919024241614216
2021-10-28,0.6266438674718087,0.6181770816539209,0.6378911614097433,0.627817724695954,0.10316798386242479,0.6240134605741989,0.6149578084010763,0.6366935528280766,0.6954087314194396,0.6417321467269848,0.5662978169744333,0.6196984565235054,0.6058221815260014,0.6126168513922895,0.1676762703748485,0.7749442724539682,0.5443549676695675
2021-10-29,0.6276027594073996,0.6216792870307515,0.6397681071344099,0.6264728633944836,0.09556619524138477,0.6248899773547072,0.6151820885948451,0.621450830314675,0.6981157539233245,0.6502762950871115,0.5543221706735237,0.6200426184337656,0.6098623307132294,0.6148538223350014,0.16119199691346509,0.7690189349378889,0.5192318988095366
2021-11-01,0.6325861323724773,0.6214842321149001,0.6405183024381782,0.6285864248936546,0.07957782097974297,0.6268221882864873,0.6159589197302795,0.6401737042069152,0.7016433200750414,0.6579338360616832,0.546441622116438,0.6188845183572286,0.6160360197104624,0.6174218122790366,0.15370450234365313,0.7741608848332471,0.5333314993460238
2021-11-02,0.6325863195730308,0.6308225667254315,0.6420197768071425,0.6378113126587335,0.12298037858250141,0.6296508227321242,0.6171140449060619,0.7156895910800931,0.712413311525439,0.6665701908635943,0.5551417412676745,0.6197459148377297,0.6204683000012825,0.6201201964821911,0.15848219238287398,0.7814294440872072,0.5622766593206899
2021-11-03,0.6412121825542629,0.6407444455699087,0.65346699918275,0.6506878095086159,0.1308641570071482,0.6329974011986017,0.6185866581828012,0.800930194980258,0.7321442910093374,0.6780782674292296,0.5806668419719753,0.6253122167030306,0.6202487012322153,0.6228185933531817,0.15998608619601218,0.7890842874199177,0.5767962386757928
2021-11-04,0.6488794973950709,0.643273364133423,0.658345896009455,0.6520329944052021,0.14922482644198992,0.6366627054167973,0.6199309204264198,0.808950660135393,0.747904502728686,0.6909581955304976,0.5928604496677865,0.6305431901019868,0.6198892622698333,0.6252762633356316,0.15757028504022919,0.7976387544984842,0.5301023848771454
2021-11-05,0.6605720397297032,0.652611289104164,0.6707311286636306,0.6601044273798358,0.12277746528466796,0.6400690040833203,0.6215386153600422,0.8549953339064892,0.7666543176062786,0.7056324361140851,0.60880907233198,0.6367717912426859,0.6195255340002128,0.6282354656153085,0.1541536515226692,0.8048973715429987,0.5570271212462858
2021-11-08,0.6638307271709658,0.6518331883825368,0.6587211676305269,0.6489578700192846,0.16581448054941758,0.6424195918279456,0.6229706941873789,0.715852072753124,0.7695891627239819,0.7180558965641849,0.5888031684536008,0.6391177831044682,0.6219006401209415,0.6306329084825445,0.16447122984111107,0.7955300557377806,0.4803406470890406
2021-11-09,0.6525212646986984,0.6452184798106915,0.6609728096594445,0.6537622867043018,0.17646742868567386,0.6447701292606918,0.6251323077982092,0.7472434162038788,0.7749931257837613,0.7292542469340452,0.5779138620566558,0.6417764925596875,0.6243987075436703,0.6332510419442948,0.16056199946416666,0.8054193375388878,0.5439894413346121
2021-11-10,0.6582719133951562,0.6518332391907444,0.6686670236123544,0.657990542285549,0.14398339691780668,0.6483955697003116,0.6270169706010109,0.7739606511645215,0.781732045482689,0.739783667430084,0.5719681250395486,0.6448067566934187,0.6267062075592968,0.6359594632962161,0.15487920567862645,0.8137169885749391,0.5416191985094517
2021-11-11,0.6621059074890678,0.649888058477045,0.6697931347533832,0.6570297883865919,0.06891592078622935,0.651423455956323,0.6297190160497994,0.7616431338194464,0.7845951664208046,0.7488745539893017,0.5591818154228779,0.6480273151674684,0.627175526734929,0.6378252581973124,0.14491031676896782,0.8090974433023574,0.5208812387408923
2021-11-12,0.6630642416611425,0.653778865851991,0.6707314780699216,0.6570297883865919,0.0860844745962995,0.6545907396576534,0.6322994524633303,0.7616431338194464,0.7852861076846065,0.7563083111890903,0.5444525354787682,0.6506392582465993,0.6285805785231193,0.6398616043978201,0.14005218186683716,0.8145582018403029,0.524711458009463
2021-11-15,0.6626811476132604,0.6555298990309786,0.6727959243867339,0.6637565218573129,0.0698439507219088,0.6582361874543792,0.6352649476632724,0.8081578869995169,0.7905479851022333,0.7634817809457315,0.542138988504153,0.653229971028093,0.631519151193191,0.6426703592339039,0.1349544173140103,0.8192232181002016,0.5515472035107601
2021-11-16,0.6659392049589943,0.6576693354693757,0.6703557606918553,0.6549155796971893,0.0725429959850023,0.6600090774368657,0.6376832519662434,0.689742865253567,0.78479578715471,0.767879806458852,0.5174696438935653,0.6534712140219453,0.6358181654692565,0.6449875598049598,0.13725912444037297,0.8144259558337814,0.48960992517137775
2021-11-17,0.6567386350360751,0.6463861371141377,0.6654769691891238,0.6518407789063876,0.13047325050691025,0.660128584919462,0.6395408899070933,0.6519238502630326,0.7758636484080459,0.7693162804996743,0.49114609802422277,0.6536686286754773,0.6390408642939347,0.6467329849278679,0.13001496734501,0.8067902658751497,0.5124262408172717
2021-11-18,0.6513710311979952,0.6401604328885919,0.6564690507364166,0.646843661329882,0.14277636119760623,0.6595907006240209,0.6410134946532571,0.5925596402610889,0.7627470525558304,0.7674081797357354,0.46141807569872995,0.6526562480041188,0.6431257730729516,0.6483078671965886,0.1306201833634098,0.7985517563644029,0.5047016994743246
2021-11-19,0.653096446849956,0.6403550527564332,0.6574075695417929,0.6418471909436081,0.15254156365584112,0.6576983031589378,0.6423645074253139,0.5367751907261928,0.746502117043019,0.7620952504950084,0.4311544927678472,0.6522719989891596,0.6449985436677954,0.6490702260155617,0.12736918701694938,0.7898347780240911,0.5046323474171073
2021-11-22,0.6467709088674538,0.6526114584546905,0.6583458482657436,0.6528016946029027,0.17494259493283718,0.6580967229265555,0.6441140629795072,0.6377374615618775,0.74288453992763,0.7570017046224817,0.43310446669530067,0.6523382124438893,0.6476438583212827,0.6504545502491296,0.1416528626057612,0.7996493470453946,0.5688927229255123
2021-11-23,0.6561635874053888,0.6545570521569757,0.6667906892107183,0.6620265823679816,0.17464866905288726,0.6589533329737154,0.6461676084213064,0.7083216784380898,0.7475864992473608,0.7540228234860245,0.45190051825776356,0.6538238223770548,0.6493375356982716,0.6520695811129186,0.14435885210410299,0.8094495144838983,0.5616248750344571
2021-11-24,0.6632555943996541,0.6524166897079344,0.6675409773505996,0.6577981649891766,0.11721674571830562,0.6589333926991141,0.6479847090692286,0.6592786489201752,0.7461918607788971,0.7513146494552544,0.4543066796837483,0.6530829360217799,0.6536254410624276,0.65388521138324,0.14247263808437055,0.8024633578408795,0.5079025367674963
2021-11-25,0.6632555943996541,0.6524166897079344,0.6675409773505996,0.6577981649891766,0.11721674571830562,0.6589333926991141,0.6479847090692286,0.6592786489201752,0.7461918607788971,0.7513146494552544,0.4543066796837483,0.6530829360217799,0.6536254410624276,0.65388521138324,0.14247263808437055,0.8024633578408795,0.524711458009463
2021-11-26,0.651563044255423,0.6448297233163165,0.6515902038419004,0.6401175750493928,0.14943221576845206,0.657180409449976,0.6486466930719434,0.488873734026827,0.7274764668421972,0.7447858351284871,0.4203471820951769,0.6518148380700176,0.6561364289997151,0.6545272173144728,0.15890291137429752,0.7938987292394238,0.4542149054598593
2021-11-29,0.6448540536648932,0.6389932959524272,0.6512148870000007,0.6435768068378236,0.17824292004171657,0.6557859821898799,0.6495451161814854,0.5190553063132167,0.7151419276666657,0.7366877892467625,0.4063991757198283,0.6497843278097167,0.6598922698744702,0.6554199788377889,0.1612564890905499,0.8038750053731792,0.538680541880954
2021-11-30,0.6381450664671209,0.6259588650028667,0.6223156029207555,0.6080229260667678,0.32846590086790195,0.6500090884216259,0.649477554026606,0.2910904929031193,0.6715211812986992,0.7200420166861059,0.3304232970575365,0.6553484514483109,0.6522890190506943,0.6543466415341305,0.20039261044211304,0.7865382045480929,0.38149586376752587
2021-12-01,0.620510098817848,0.6183717937810842,0.6181872219363009,0.6014887316899773,0.31626573883566556,0.6444712934716956,0.6491600573950742,0.2610578009884468,0.6309808414831259,0.6972760589331444,0.27602445336177106,0.6614414978804036,0.642552058299314,0.652450739409345,0.220310827971697,0.7697991790659177,0.4976981386594848
2021-12-02,0.6093923935869825,0.6140916900074702,0.6232539250227247,0.6157102516388879,0.253699810663989,0.6407262952376007,0.6490654760652934,0.37850587470113595,0.6126952542583346,0.6748011990688028,0.27861185685458023,0.6627110933046377,0.6377216872444638,0.6506250424319727,0.2314746757759626,0.7834726412327403,0.5837910835771533
2021-12-03,0.6264521329656794,0.6245968868224687,0.6360144666315484,0.6326221413809712,0.31582111999188345,0.6392522075028579,0.6496261338968394,0.49462473918734906,0.6145660714998796,0.6572573703648128,0.32244098700707524,0.662120397918171,0.6363217330562825,0.6496118689043483,0.23597576279300592,0.8001898815795129,0.5942320723231878
2021-12-06,0.6456212219254405,0.6522226720228255,0.6585339100673329,0.6568378964828931,0.2510201615249531,0.6408060227947527,0.6506664204704775,0.6250186571154133,0.6390271442282482,0.6489238132793907,0.4043058506396262,0.6616965302549173,0.6364069516381232,0.6494413682762811,0.25599255093102613,0.8137320480980699,0.6230325082962451
2021-12-07,0.6622972983022661,0.6570858748322472,0.6724201402685908,0.659912373678579,0.17112155849348812,0.6415430582768109,0.6518485648211616,0.6395796736809747,0.6611690504162733,0.6474179108647661,0.46499298796879446,0.662840214445222,0.636395817830677,0.6500131521696529,0.24554608603225792,0.8233593965429767,0.5369785114507469
2021-12-08,0.6607640747880026,0.6539734019556409,0.659847279160628,0.6554923879911911,0.19082354450739067,0.6408657765360506,0.6527064620118761,0.6101361566239866,0.6742441374703755,0.6492607938569853,0.49475843594030433,0.6630187424076209,0.6363961357374246,0.650103456950272,0.2508020172364506,0.8127667034235997,0.5071145270470067
2021-12-09,0.6584633883245359,0.6545565778626796,0.6654766418424198,0.6593355653845774,0.10315455577653873,0.6410251310265969,0.6539831535700407,0.6303832853786376,0.6877817913604096,0.6538905225040019,0.5195291212081534,0.663188481347179,0.6363657845774491,0.6501736620976851,0.24776442774277802,0.8190638503311486,0.5400603525606348
2021-12-10,0.6707317101755332,0.6744004777284365,0.6808650470360968,0.6829746739900555,0.13711418498232714,0.6454673512760531,0.6559218746273205,0.738927248198459,0.7200107738397526,0.6651063935087174,0.578069593010376,0.6679173372004265,0.6343420428566922,0.6515278875527878,0.2596075336063483,0.827024928335677,0.618862641120905
2021-12-13,0.6856829642512574,0.696772883760959,0.6958774358176314,0.7016163414239123,0.22108597406589012,0.6514832600095,0.6585631056061425,0.8063501544987136,0.7618506343698309,0.6838313286295223,0.644813391166388,0.6770201455532444,0.6298989982781684,0.6538551379404468,0.27207026291826053,0.8391003996475779,0.5977275711423303
2021-12-14,0.701784616352501,0.6956057612532327,0.7082629661200694,0.7025772571204274,0.21407651323337862,0.6612839972143654,0.6611638220402374,0.8096089526960474,0.7942352981926721,0.7063596517784752,0.6786195431628502,0.6845068135947899,0.6264645601277716,0.6558814343243516,0.2625281895602756,0.8508324261067214,0.5284266209595521
2021-12-15,0.7058098134244801,0.7098071805175865,0.7170827239739306,0.7171830462694093,0.2920892162026268,0.6732759341320571,0.6639536726986439,0.8572827226932923,0.8315830226478166,0.7330874996761632,0.715946729060781,0.6955581573423913,0.6219021078306324,0.6591315619042396,0.2612922363830164,0.8663868665752568,0.5811438928447105
2021-12-16,0.7190360410640315,0.7238142817792299,0.7304063278977937,0.7275609034322601,0.19096080938533683,0.6848694680527576,0.6666556982427572,0.8877711057031478,0.8684460067645267,0.7630619817356407,0.7448042127406167,0.7078473694559474,0.6174907364462032,0.6630838676366188,0.26043788544636776,0.8769862853069057,0.5644072936115961
2021-12-17,0.7253617230669811,0.7207018792138624,0.7165199377751841,0.7023850416216129,0.32987734189547874,0.6921005260517801,0.6684255309739893,0.7089438708991772,0.8713130897783576,0.7877098410454997,0.6974588940487713,0.7132552567174727,0.6178206887469941,0.6659829188080976,0.2766535797110618,0.859580327642588,0.4290921631014438
2021-12-20,0.6944641178359701,0.6942908909795082,0.7048377758462607,0.7028105691989548,0.18525685690285673,0.6968656814801413,0.6699266164669242,0.7105851072642648,0.8714162061484727,0.8074521633587761,0.6538563670114524,0.7181659219565913,0.6191964475499065,0.6691649778822538,0.2701547237400195,0.8699002679425445,0.5263557889570315
2021-12-21,0.7058509900287555,0.6944868479641357,0.7074830114575106,0.7008756322037328,0.15176721070307966,0.7011116015494416,0.6717514827817224,0.697344861942474,0.8671487125419413,0.8222513330307074,0.6099194959117119,0.7222556848952691,0.6200664233532118,0.6716742566287895,0.2602816657826731,0.8612212308279842,0.5172366422299426
2021-12-22,0.7033416792822578,0.7013421182989406,0.709750011755232,0.7099697875420088,0.08877605981167855,0.7067582881755572,0.6737271298551326,0.7356096745008122,0.8698032989989748,0.8347094126989008,0.5891108789843719,0.7272069933889312,0.6200711968090873,0.6741767116343037,0.2579048640638059,0.866813869850045,0.5598899898058635
2021-12-23,0.7164660922044355,0.7091777530299272,0.7258106938782618,0.7132597790848503,0.0953229976858932,0.7123476360305534,0.675669797725164,0.7492032321368048,0.8724316464197468,0.8452885044418327,0.5724096244894857,0.7323829939425616,0.6206222706243263,0.6770715993103328,0.2441831893316408,0.872727291335686,0.5373583266682519
2021-12-24,0.7164660922044355,0.7091777530299272,0.7258106938782618,0.7132597790848503,0.0953229976858932,0.7123476360305534,0.675669797725164,0.7492032321368048,0.8724316464197468,0.8452885044418327,0.5724096244894857,0.7323829939425616,0.6206222706243263,0.6770715993103328,0.2441831893316408,0.872727291335686,0.524711458009463
2021-12-27,0.7172383116047061,0.7197553405612971,0.7288340649349774,0.7287400840344156,0.08419559051499692,0.7170913082866994,0.6781903551884658,0.8089042836179713,0.886391414699021,0.8570055885655942,0.5825245912276735,0.7394363497958408,0.6227065334314463,0.6816973609882556,0.24236617143940875,0.8780954996004108,0.5840839603673184
2021-12-28,0.7299757260096031,0.729744544138258,0.7413038738967628,0.7370601998555795,0.08333022498011897,0.7207651319830257,0.6810033578277233,0.8377545368706366,0.9023846191339489,0.8701070297894307,0.5948293537699553,0.7471146629065718,0.6246697131895969,0.6865768425318982,0.23477311538638113,0.8834213072660297,0.5562863897224662
2021-12-29,0.7415554761832654,0.7387547391401839,0.7501841256249324,0.7438325602376352,0.09237777084822232,0.7250413230326915,0.6838179642151019,0.860316463660311,0.9183435944392228,0.8843079784012025,0.6046022493048533,0.7512368899487639,0.6344751104251529,0.6936655946834142,0.22742708767707193,0.8891904205057484,0.5502681457301186
2021-12-30,0.7504339112653198,0.7403223263553551,0.7522630299099742,0.7391889703251953,0.07613277094520296,0.7273222791371623,0.6867801040555002,0.8203974832712532,0.9234349645927434,0.8968554586244939,0.5899055096483612,0.7505044465514245,0.6492737293058353,0.7008530292777931,0.21972001341771458,0.8842172688575202,0.5072678846452959
2021-12-31,0.74116967025096,0.7428684151648535,0.7515068483372047,0.7492506750598611,0.14306730305847035,0.7295704654379571,0.6902039811784575,0.8563242646606498,0.9336839432163537,0.9092823246200673,0.5888334384095089,0.7512027309669559,0.662232560467015,0.707823337162201,0.21758317175620767,0.8924700337421042,0.562626523136986
2022-01-03,0.7434858960180242,0.7411056411164174,0.7424376780577111,0.7490573269781409,0.30765535176362985,0.7344081370541862,0.6937967068181123,0.8545546839234434,0.9382819812218469,0.9202955504924073,0.5762683957368582,0.7521501723142981,0.6731967045496552,0.7139008159615007,0.22711441033814206,0.8761528942210322,0.5239877863507432
2022-01-04,0.7515913971818204,0.7552083997825247,0.7618986050820338,0.7591190317128067,0.3187812669249832,0.7402446168574763,0.6979187148340547,0.8899356573697333,0.9479752492835644,0.931365485284942,0.5767724490602292,0.7568833534139087,0.6789710616053828,0.7192395065621123,0.22681136912240063,0.8930151738585392,0.5623757273032315
2022-01-05,0.7600834756056991,0.7614767115277934,0.7702122699326279,0.7577647861529766,0.4184848046288104,0.7461412864383465,0.7016080805156171,0.8765009719689733,0.9508911233191457,0.9409010792300506,0.5631345663307823,0.7599785963753752,0.6859122426690978,0.7243470344904049,0.2229869025708412,0.871267687263708,0.5196760318748397
2022-01-06,0.7596976366258597,0.7575593273221644,0.7652999304503247,0.7537012404856969,0.34799332176528597,0.7506741351520114,0.7048303687746009,0.8351690218084477,0.9459342069635432,0.947374172197837,0.5359137377530877,0.7596038752790552,0.6963207300402197,0.7294731672472491,0.22120715114953715,0.8529740949884538,0.5095885358787808
2022-01-07,0.7542935837064897,0.7524663608612117,0.7611430294064516,0.7552491577223628,0.16337802896587325,0.7550264145329351,0.7082556904082771,0.841832487529428,0.9401049862802475,0.9511939434457686,0.5123298707657881,0.7577323449502472,0.7079745648856286,0.7344794960559157,0.21837342291613643,0.8622220311758445,0.5304878406275266
2022-01-10,0.7558376882874625,0.7473736019309003,0.7526405599391597,0.7434457022766372,0.25182435466857245,0.7565506799813924,0.7118875884488416,0.7232712994269335,0.921192769577132,0.9498416089336765,0.46635796567193083,0.7565981315062104,0.7152767824424904,0.73763585631333,0.22135227453424589,0.8486404613419116,0.48070986427025747
2022-01-11,0.7448366296041251,0.7342497237508747,0.7397922372052557,0.7417041133631352,0.26664448545812897,0.7570320304957738,0.715336681951827,0.7067572953578984,0.9016404952046213,0.944202402056974,0.42825439651860914,0.7568406875361003,0.7191343548148628,0.7397282872466621,0.22500435518554213,0.8343327446960505,0.5181675034522424
2022-01-12,0.743678913441647,0.7346417924103794,0.7494287664053907,0.7422849665960851,0.14107099429007947,0.7568716194557745,0.7200558814089912,0.7102541210756862,0.8839780019929561,0.9355741766786703,0.4016867118549481,0.7567352856684234,0.723297118863389,0.7418008803487331,0.21333659372695485,0.8424876957847662,0.5268965525410509
2022-01-13,0.7467666185362327,0.739342601077734,0.7530184096401429,0.7449936195133031,0.18780222518303227,0.7574732824428119,0.7250999592886833,0.7271948820410776,0.8699840863927939,0.9254098264228717,0.38803297189736174,0.7576675953286199,0.7252178477177629,0.7432524876821976,0.20397867237599554,0.8529323523296789,0.5348970736791249
2022-01-14,0.7442576886183518,0.7409096493429865,0.7486727829486528,0.747702757823195,0.2938005511483251,0.7573128378615603,0.7297393864944595,0.7443602625284732,0.859024340537294,0.9147237953157482,0.38339604765428786,0.7589309860029644,0.7260274007410026,0.7443038167320176,0.20444242026842935,0.8685706436381702,0.5348803522464642
2022-01-17,0.7442576886183518,0.7409096493429865,0.7486727829486528,0.747702757823195,0.2938005511483251,0.7573128378615603,0.7297393864944595,0.7443602625284732,0.859024340537294,0.9147237953157482,0.38339604765428786,0.7589309860029644,0.7260274007410026,0.7443038167320176,0.20444242026842935,0.8685706436381702,0.524711458009463
2022-01-18,0.7396255390192867,0.7281775340193959,0.7360133726375391,0.726223970211128,0.22355823387846388,0.7549461167744909,0.7330294132068749,0.5370887127643009,0.8279827504409727,0.8989396455383392,0.33808177170132914,0.7571282644466925,0.7302464059865135,0.7455481191510648,0.22170367377560907,0.8563740382008928,0.444236225381313
2022-01-19,0.731905640463598,0.7369920037537292,0.7428154182213433,0.7355121208213555,0.2509321329619224,0.7524992153233616,0.735794746992412,0.603160493509457,0.8102879471927456,0.8821879348589028,0.32948167340010515,0.7549384248482208,0.7357540225098593,0.74725501716192,0.2276927174170595,0.869911891555058,0.5600204643265362
2022-01-20,0.7371168535401416,0.7379716265281622,0.7388477892392138,0.7258372740476879,0.20854861787695994,0.7491898676471402,0.7381119526062174,0.5260579067119578,0.7855461835529863,0.8630196356339006,0.30800199289427876,0.7515492468478783,0.7416563657277451,0.7485579209905547,0.23738761309884598,0.8584507171988234,0.4881634977215178
2022-01-21,0.7361517446345751,0.7369921226175491,0.7390365726572814,0.7269981715257978,0.3516741093076031,0.7464220434922546,0.7406253216382257,0.5347990564530429,0.7656824427575487,0.8430550588771811,0.3009243350088925,0.7493305249431582,0.7455905750332541,0.7494467385942457,0.2446184772893386,0.8769246582292398,0.5291257844662877
2022-01-24,0.7241860249540497,0.7219097518141251,0.7063494904662242,0.722160748138964,0.5045797232919101,0.7429923665727509,0.7428335747467132,0.4961311183047522,0.744266330871826,0.8220916258863421,0.2920460703082214,0.7478830531987063,0.7479315143282412,0.7499113357041499,0.2796785828336442,0.8509587506502643,0.5063316262877307
2022-01-25,0.7124128931367744,0.7052598693912508,0.7037040818873783,0.7059065654698446,0.40192349870269767,0.7391013632665979,0.7436396117278028,0.38315752936615544,0.7112183579508863,0.7976178971286089,0.2608450486480819,0.7513355767056468,0.7421840559980235,0.7487195119072635,0.30308125168549177,0.8300227237969414,0.462749625827976
2022-01-26,0.7045003145225885,0.7052603054065243,0.7016261032053928,0.694877473136347,0.47030975610119996,0.7342476924729346,0.7434027460922201,0.3200225441487329,0.674312315030008,0.7694366740254628,0.22789124103248437,0.7560257913440992,0.7332351547912201,0.7465177322131106,0.31624917281835657,0.8057359530470386,0.4821962464547294
2022-01-27,0.7093250993553817,0.7183839961123542,0.7139072982633021,0.7045523199100145,0.3299787985443955,0.7303366314977968,0.7434721679124736,0.40283900993346233,0.6541351380349996,0.7421887009314124,0.2361863693298607,0.7570780189236114,0.7281799230614345,0.7444674513929431,0.33526752569826407,0.823146881816079,0.5622923908945672
2022-01-28,0.7000610137929777,0.7132909010635091,0.6997362887785417,0.7215800567035722,0.3493003221248603,0.7279097709450257,0.743626719185285,0.5262765104781294,0.6541598559407733,0.7203960838259461,0.2846759245316963,0.7567164485379344,0.7267376023436642,0.7435483323254098,0.3611951589276454,0.8415045136168792,0.5904118042628977
2022-01-31,0.7156939297770555,0.7195590534623026,0.7241101227680773,0.7271916814050758,0.2051945804245364,0.7257837586563998,0.7436137413370161,0.5621774932704817,0.6593529177347671,0.7041724142579177,0.3341751303759722,0.7551513428477857,0.7260304134777051,0.7423969358159849,0.35662976331504725,0.852801349099338,0.5461117605160919
2022-02-01,0.7301688990557185,0.7215178841266481,0.7254328089802626,0.7258372740476879,0.2076996644470538,0.7257436768596828,0.7444380678711435,0.5522859352762564,0.662031981450217,0.6918179278126599,0.3685660975301246,0.7534502313701091,0.7253390256852861,0.741184936378876,0.35327623801165486,0.8413817711929159,0.5195660530345059
2022-02-02,0.7303619048479364,0.7369921471687519,0.7403593397527988,0.7434457022766372,0.17800121449576792,0.726566007746805,0.7458663591231309,0.6588191047852465,0.6804162016962914,0.6862194221830502,0.4286161667443861,0.750909194421712,0.7262494567445372,0.7403668475264881,0.3504575291726541,0.8513462044007142,0.5916677156117222
2022-02-03,0.7396255218852061,0.7424764485627848,0.74867254227202,0.7438325602376352,0.189703045340678,0.7284312535680031,0.7473762595436804,0.6609660960388514,0.6948159771296394,0.6850969874176605,0.46840141370390725,0.7485523529126793,0.7271557266237507,0.739639637729954,0.34282069773935875,0.8618839960546972,0.5261650621850771
2022-02-04,0.7367306439765293,0.7318992062724736,0.7318566969935081,0.7256436023708519,0.24229339770857172,0.72829084988511,0.7479271811454997,0.5259320395430014,0.6885859478790006,0.6827469140675343,0.45748963286924826,0.7454967115029497,0.7273091571906363,0.7381751345393864,0.3507879053122327,0.8487694176467784,0.45638492036302036
2022-02-07,0.7344147400421588,0.7266105767736637,0.7343128950663718,0.7283525788831859,0.1380004386508056,0.7289326449807432,0.7484576805505037,0.543524404501805,0.6857760831495305,0.680211918441343,0.4558459639808981,0.7418122341515564,0.7282030123476089,0.7367712342765024,0.3416512713165406,0.8567739197131496,0.5350137319411186
2022-02-08,0.7348006055287051,0.7291568554282319,0.7403591640783265,0.7339640417871316,0.14581110860785065,0.7318408560478957,0.7486412983362434,0.5799768234582753,0.6883878681387832,0.6787926894966233,0.46576337912425525,0.7406239286483473,0.7284088050131954,0.7362763272575324,0.327556858830415,0.8651611237386917,0.546012631079462
2022-02-09,0.7440648387664428,0.7356210804711378,0.7460276250994813,0.7343512233432457,0.19693332358553764,0.7359323857320175,0.748546080056854,0.5825430214777919,0.6903397794367453,0.6781122673256661,0.47233021214391735,0.7397047951189387,0.7285660409173458,0.7358925340512067,0.3153551872662191,0.8760531797086523,0.5261756186530064
2022-02-10,0.7292037451173923,0.7240641257997393,0.7278889242999338,0.7184840604326823,0.27047745797382117,0.7373764372751619,0.7476551012958592,0.46703693525653234,0.6765759895104408,0.6743597984477749,0.4450245370073693,0.7379442367430352,0.727874060975974,0.7346502162598078,0.317016918014277,0.8615576576505447,0.464724132232932
2022-02-11,0.7257299337514209,0.7191673708524982,0.7237323023534179,0.7132597790848503,0.25063074703425803,0.7365140245913226,0.7467437117121485,0.43339570707592645,0.6605932955081216,0.6676324992434187,0.41858296295921,0.7355478472604758,0.7269999192824008,0.7329938291339132,0.31560711408064784,0.8480345714015853,0.5047461051307711
2022-02-14,0.7162728365799449,0.709569221197667,0.7050267147410663,0.7091960716200125,0.32601452918892865,0.7346487452288721,0.7453358255958267,0.4075448159559366,0.644137895038228,0.6584151550538782,0.39645036995944605,0.7322669283140061,0.7263080859289959,0.7309839249298632,0.3290614192069166,0.8308178812391384,0.5091256874562486
2022-02-15,0.7209047711195768,0.7181878691390589,0.7197643070948299,0.7117115382530685,0.15815748757529052,0.7331845857048642,0.7440231520718441,0.42906194327396185,0.6336425525342181,0.6485949741930673,0.39109209781177673,0.7319992422685383,0.7250894317996777,0.7302264305599352,0.33151569008009746,0.8398100248467509,0.5343861721292237
2022-02-16,0.7139567999235228,0.710548662620271,0.7152296839427812,0.7144205147654024,0.17617051878663814,0.7301760695221613,0.7424520362442981,0.4527324887629749,0.6281170537212782,0.6394509193498058,0.3971017972557664,0.730411517093496,0.7245034848913945,0.7291255280450225,0.3293655865009338,0.8496847588560961,0.5351124103461219
2022-02-17,0.7137639355283123,0.7207342264829031,0.7212759009146033,0.7256436023708519,0.16670521024652474,0.7282907492613524,0.7413230032542553,0.5441502791539292,0.6344977864109053,0.6336229277040082,0.4265763961275318,0.730394785021398,0.7245002331720984,0.7291154191118513,0.33327433756206254,0.8590957180366007,0.5677217242494881
2022-02-18,0.7274667862549584,0.7250435253798653,0.734124055247589,0.7283525788831859,0.22036980948530147,0.7285715398565125,0.7404320188062101,0.5647182701669311,0.6421845375772893,0.6307521997588265,0.4528618304341972,0.7305332251676192,0.7245017873903516,0.7291861140822583,0.32332157858174515,0.8711360991975174,0.5350137319411186
2022-02-21,0.7274667862549584,0.7250435253798653,0.734124055247589,0.7283525788831859,0.22036980948530147,0.7285715398565125,0.7404320188062101,0.5647182701669311,0.6421845375772893,0.6307521997588265,0.4528618304341972,0.7305332251676192,0.7245017873903516,0.7291861140822583,0.32332157858174515,0.8711360991975174,0.524711458009463
2022-02-22,0.732484330709986,0.7217133407706855,0.7224092029109375,0.7169358196009004,0.2960997378539233,0.7273881709276648,0.7390853367227848,0.4733224987777295,0.6376179153284779,0.6273912068642603,0.44850414426734586,0.730348107643643,0.7241507763573574,0.7289133924624568,0.32736693064384065,0.8553851538834708,0.48137331793203886
2022-02-23,0.7247647575450209,0.7134867935793143,0.7180638164115392,0.7051325259527328,0.2004395460113363,0.7243997291845734,0.7377386603264096,0.39295074892704385,0.6231422110989432,0.6213283449569668,0.42448876801785274,0.730409458483572,0.724011001586657,0.7288729905106678,0.3255131659689986,0.8443213023826504,0.47955560846829987
2022-02-24,0.689059867200176,0.6795999451616832,0.6700720555847701,0.6801708841087777,0.4241096806055171,0.7187838334282368,0.735575818312763,0.262954592568992,0.5887821741821222,0.6084692508044056,0.36408092674937925,0.7334319919012556,0.7195193479334623,0.7281053618718961,0.3722158961072,0.8222982118936312,0.42843728013711396
2022-02-25,0.6915693436231083,0.7191674384949474,0.7031375787188321,0.7260309457245238,0.29006903528154965,0.7195660825186423,0.7350045029493781,0.5543160646935436,0.6053600806689046,0.6020460346070365,0.42128578378045367,0.7336235177659022,0.721525323270436,0.7292264653627033,0.4108588394495155,0.8377536688945988,0.7046911283179451
2022-02-28,0.7072017450263182,0.7033010183600157,0.7059712068511268,0.7064869333101207,0.28758483939263274,0.7188640641041759,0.7336510248411146,0.4610069988677603,0.6005908086154276,0.5957958165080005,0.4228234654379816,0.7336470099614035,0.7199594182391995,0.7284386610837094,0.4272542349505456,0.8224199308548574,0.450404917261118
2022-03-01,0.705657999905899,0.7052600412760099,0.7054046681706241,0.697973145812121,0.25439061108234845,0.7177007863855653,0.731903070191517,0.42428718454172687,0.5894496620196983,0.58819880935892,0.41085262391562793,0.7337024005157321,0.7169182070699758,0.7269135634106817,0.4256473739240064,0.8087126213132313,0.49190544646511813
2022-03-02,0.7014122392560043,0.7107446552061181,0.7114509372027651,0.7132597790848503,0.2571463527080719,0.7178612645080698,0.7314473896172868,0.502230784748008,0.5956654024733115,0.5835699986751188,0.43723523334647785,0.7330175980570993,0.7163097415773774,0.726257065475003,0.42297419049609586,0.8225549548316652,0.5839632092368534
2022-03-03,0.7226417921749708,0.7248475713934208,0.7329902619681059,0.7250630727330181,0.26671759392573074,0.7189643859903521,0.7310801142364574,0.5570519991667733,0.6121566617390432,0.5837108130967837,0.47962971691960044,0.7299918152308146,0.7174225385339013,0.7252975613461287,0.41606250299879377,0.8368662535971059,0.5699813078114829
2022-03-04,0.7114478191142266,0.7193630087623952,0.7176858455215545,0.7252565826122961,0.30405364072708607,0.7189242706523826,0.7310597034137418,0.5579510542558892,0.6256707080847624,0.5869733843260356,0.5073772368550469,0.7265904570221325,0.7188869177284589,0.7243279651745312,0.4173219152493456,0.8530069189005202,0.5254476697155227
2022-03-07,0.7203259724973214,0.7146622545442245,0.7118288770686649,0.6985536754499551,0.27389117580796046,0.7158355573349935,0.7300599029495805,0.43234119591705766,0.6115853522099463,0.5863003580120473,0.4723959497081582,0.7260916195285759,0.7166112575478738,0.7229139728689239,0.42292006789858305,0.8383441337893882,0.4231331735130891
2022-03-08,0.7031490611293585,0.6944868855214936,0.6746068972804402,0.6596601312857744,0.41791634899296815,0.7098988227280323,0.7278630580635415,0.2984069227546532,0.5646548166114556,0.5748231393237699,0.3763636314432004,0.7316614385506007,0.7040830858722116,0.7193284854425578,0.4535118190068841,0.8166245000019007,0.37401886263389805
2022-03-09,0.684621251179212,0.6723527132919851,0.6789526825915804,0.669141629977722,0.2469857677209703,0.7061682975443837,0.7265708010493244,0.3466114800918614,0.5376928239678339,0.5593569319101465,0.3409077804589702,0.7315796910977191,0.6975383736146801,0.7159449993299137,0.44707658221761626,0.8299689920032469,0.5624661697544622
2022-03-10,0.662233084228588,0.6547236201660995,0.6589242882693056,0.6557897719026569,0.30127104292959056,0.7036411486466887,0.7251969007442449,0.30529933909042684,0.5053637631360404,0.5394485511426987,0.30142382918115507,0.7322569944046081,0.688838885686645,0.711844387018235,0.44759756498620207,0.8139646665573023,0.4719022417655879
2022-03-11,0.6639704142254552,0.6588372911608029,0.6540119727588714,0.6395360746262113,0.1876410881523998,0.6946757898761617,0.7229116336036552,0.25905448218876714,0.4664887485785929,0.5144606689402113,0.25627503123880613,0.7364945088985458,0.676579785008723,0.7077235990663334,0.4548721790987498,0.8035279052963611,0.45981119066529597
2022-03-14,0.6514257385231761,0.65100243908605,0.655712783590293,0.6468892882412169,0.24974449336577953,0.6884983800120095,0.72028631499094,0.29890321683435717,0.44496961215733366,0.48945457813261894,0.25611318530900273,0.7380167808782115,0.6682908927407452,0.7042593090501109,0.4471588754929954,0.8170075674834776,0.5544177259766707
2022-03-15,0.6626195713363567,0.670198185303494,0.6721508243299608,0.6780427608293937,0.22944122750609114,0.686432557500964,0.7185587711640582,0.4473638704874606,0.4595155990273985,0.4728401548980894,0.3307019433792341,0.7367919968873461,0.666317680173915,0.7026332233880584,0.45741707228817574,0.8294924238901935,0.6499025300496756
2022-03-16,0.684621258308413,0.677445563332886,0.6751737304502132,0.6795906780660597,0.2548814822219603,0.6829426908038798,0.7169332416414043,0.45405859813169236,0.474509662728162,0.463043505650393,0.3913012569309043,0.7351020999913628,0.664705447117873,0.7009566352862694,0.45897056152430227,0.84322378480614,0.5307954206030209
2022-03-17,0.6817260341358073,0.6825381821861138,0.69085587256675,0.6894588729214475,0.19074596001116023,0.6792522474169485,0.7150356493302594,0.4972840636787037,0.4974524422293125,0.4605538009554325,0.4562485292973796,0.7330774066845328,0.6641559870728102,0.6996537314576344,0.44358279965058023,0.8538126764924937,0.5634553858426591
2022-03-18,0.6938850888398065,0.6846930538816196,0.6953906824822174,0.6927487026667312,0.2771929929263827,0.6758827435043988,0.7132400940715427,0.5117266154792252,0.5202192611294967,0.46386863814942925,0.507841799275533,0.7293015428218733,0.6645271071708958,0.6979367414040564,0.4254557606724676,0.8686372418205588,0.5375388035834778
2022-03-21,0.6994016137430594,0.6981774577300641,0.7018820739281046,0.6945949746002102,0.23810980295029965,0.67547241659215,0.7121487605364403,0.5202015666681392,0.5412409377765119,0.4714203426050294,0.5455009015218919,0.7248050952078707,0.6655225159593263,0.6961747214159167,0.4188058255510988,0.8815468352631454,0.531893743295139
2022-03-22,0.7083198711598158,0.6989646190247862,0.7081456073827435,0.7052859100376454,0.14871157515923472,0.6802016157978492,0.711337986242639,0.5691306551809984,0.5689139174652983,0.4839118589532033,0.5894080786067392,0.7231821534638218,0.6659364305391549,0.6955666399496377,0.4040292407341233,0.8900761544001733,0.5662474427951029
2022-03-23,0.7100647926911221,0.7015226459195598,0.7073865116884193,0.6936233802648724,0.18393046041922484,0.6827391960250666,0.7099200454217864,0.5117288697843145,0.5806115414969718,0.49663161117060783,0.5914367373786424,0.7220976878856472,0.665832322536839,0.6949659058282697,0.39535040322118875,0.8798212039840186,0.47973518817366806
2022-03-24,0.7025034607460496,0.6950290811480611,0.7096637689111074,0.7037307119108729,0.115760544404442,0.6877083661216545,0.7088437598211799,0.5590937280945765,0.5999857809216529,0.5113232549594662,0.6089637595209432,0.7235612694723731,0.6667932930074632,0.6961956402358548,0.37542672748312145,0.8867360106533697,0.5640066098658928
2022-03-25,0.7102585984087528,0.709589988930458,0.720672392624671,0.7157823648104549,0.16126086742450804,0.6956114398847972,0.7087487974590441,0.6120308030963825,0.6269690600788467,0.5293659640177341,0.6387494718935224,0.7216878056459187,0.6675981381661287,0.6956607028549527,0.363452443882944,0.8958802115819137,0.5712383392843852
2022-03-28,0.7193706819709298,0.7127381480557757,0.7225703609211482,0.7218080294626881,0.14774624498498293,0.7033769106596288,0.7090492613756043,0.6374597606758091,0.653979951906937,0.5500959613872466,0.6626352485841766,0.7240407976414965,0.6668376317211242,0.6964604064546139,0.3508500991452029,0.9043622321195942,0.547782067228091
2022-03-29,0.7362375451705649,0.7286760337288725,0.7360459833037041,0.7348311149000504,0.22223482141391776,0.7092631321403511,0.7099503119022803,0.6898110861118415,0.6872380585574301,0.5744319206402738,0.6946865919194787,0.7296562684086457,0.6650526959607286,0.6983842538257351,0.34211417519109144,0.9164939938820321,0.5743681266377946
2022-03-30,0.7319724272530825,0.7271020061346134,0.7371850112535436,0.7358031946280621,0.1740787214075021,0.7150896669622797,0.7107971136583005,0.6936544331782833,0.7137598355057212,0.6000825128890039,0.7063716165720746,0.733527128748597,0.6635296179361758,0.6995609353359248,0.3298495339110581,0.926266235408711,0.5283853047999265
2022-03-31,0.737013127241493,0.7324145446913062,0.744017786672784,0.7323043224379397,0.1594719479825793,0.7195306797266465,0.7114257146770806,0.6705695774508608,0.7305271512959707,0.6245111942549302,0.6955107460207428,0.7348336174597968,0.6629779796432389,0.6999389013376655,0.3157913520063655,0.9172096867531463,0.5114966266092072
2022-04-01,0.7379825551134285,0.740088534669272,0.7436382483265196,0.747077248464258,0.16328403236467098,0.72516193737662,0.7121790895744851,0.731978826143824,0.7565211339812709,0.6501129433385121,0.7059374774695771,0.7391940704709775,0.660896951594885,0.701077858032085,0.31489834701164626,0.9264530173582204,0.5806394148843305
2022-04-04,0.7474822549514486,0.7357595945466504,0.7398422202870947,0.7424121394766141,0.1181417916348993,0.7301182779441335,0.7126732714777162,0.6996431427632057,0.7712987279373218,0.6740387761237002,0.6910412111150673,0.7450739541808452,0.6595661064646674,0.7033671049115812,0.3173319438180951,0.919421535936847,0.5072252128322203
2022-04-05,0.7385643142150806,0.7505172444221486,0.7497120210111858,0.743773018736319,0.1643761833500687,0.734107540349435,0.713616576786442,0.7056267330914942,0.7827465312550771,0.695847752062898,0.6722256751348603,0.7501570882733976,0.6631374649594581,0.7077574813051667,0.3225576324540199,0.9287183790221719,0.5298284688129621
2022-04-06,0.7467068468062137,0.7560265138729658,0.7514200284362407,0.7626272881612888,0.33047265370309303,0.7412599273407585,0.7156374700302413,0.7823072295522892,0.8077884073647215,0.7191318151707662,0.6853368856300958,0.7586231983584016,0.6643219539274394,0.7126370810819457,0.3330456667553044,0.9461535053744952,0.5955400649035358
2022-04-07,0.7705534483110261,0.7758999243899121,0.7768534450395748,0.7808990863777296,0.24784367320813383,0.7492585769028512,0.7191779828631666,0.8433319476811337,0.8426516872900041,0.7458851686133636,0.7161734333364382,0.7685950429199538,0.6672499442337654,0.7191673167870508,0.3341832297604149,0.9595400324525412,0.5924922840412639
2022-04-08,0.787808157597305,0.7837705214636179,0.79127828708323,0.787313550561656,0.18171631825757156,0.7566729210760663,0.7213320156362484,0.8627167001283121,0.8737414640940334,0.7745344078514979,0.7330248833850561,0.7752363232581904,0.675787906225789,0.7268807452700773,0.3233748728290146,0.9696864958185698,0.5482211335528318
2022-04-11,0.792848866740512,0.7869187878533643,0.7912782369793168,0.7810934052447973,0.24662619342113312,0.7628179636315722,0.7239543712958749,0.8138971225700625,0.8897237286781358,0.8011790232531605,0.7152069227641702,0.7786166079069184,0.6861627868510689,0.7338856954634817,0.3180843705048623,0.9563596219971968,0.5020095497224182
2022-04-12,0.7841248739438076,0.7837707446087039,0.789190681396448,0.7814823665740482,0.2701238517121555,0.7676534550663898,0.7268896511987739,0.8152833813124146,0.8998583229411559,0.8248569361279829,0.6888375921020327,0.7842937793055428,0.691122195798886,0.7392848538681928,0.3116886371246431,0.9708378182932559,0.5261368597844528
2022-04-13,0.783155218735609,0.7839673201179636,0.7931762561596787,0.7900348236883921,0.14943072375890915,0.7732746671112449,0.7295882303905423,0.8458828975698639,0.9129180610582248,0.8468432937468164,0.6738023199522651,0.7902532162878703,0.6965184572844914,0.7450496229118794,0.29981767706080265,0.9794023737902304,0.5560451046185118
2022-04-14,0.795369255767588,0.7922314725512918,0.80152756969687,0.7896460241566989,0.15659386157433863,0.7792182441337123,0.7318582676110339,0.8423948060591874,0.9197724189074681,0.8660300269279196,0.6489180513542452,0.7954971964535763,0.7015737421085755,0.7502790154230145,0.2882013012861686,0.9704868436789332,0.5232949602706235
2022-04-15,0.795369255767588,0.7922314725512918,0.80152756969687,0.7896460241566989,0.15659386157433863,0.7792182441337123,0.7318582676110339,0.8423948060591874,0.9197724189074681,0.8660300269279196,0.6489180513542452,0.7954971964535763,0.7015737421085755,0.7502790154230145,0.2882013012861686,0.9704868436789332,0.524711458009463
2022-04-18,0.788971381413208,0.783573592086632,0.7859637760051794,0.777011414655914,0.14512180019903406,0.7823209776946394,0.7336774070664076,0.7328826995906292,0.9102531516726435,0.8791606163376924,0.5950884354089809,0.7974714134812572,0.7082343088743452,0.7546772120940576,0.2886856707647792,0.9621334139237133,0.47866861358663215
2022-04-19,0.7804408954040494,0.7941989513755603,0.7893802016881428,0.8001423171319506,0.16582194059713204,0.7883048209907126,0.7372481636316264,0.8239119767360971,0.9214078034441897,0.8922650683874682,0.5948561152885242,0.8024814356539632,0.7140687845852569,0.7601863864322883,0.299813332981186,0.9715010952513375,0.6097054663209098
2022-04-20,0.8114605367629317,0.8189912939660333,0.8201276766076717,0.823273219607987,0.29779764471373554,0.796545168818197,0.7429990280945165,0.8934601555243039,0.9486328515680571,0.9090943767418547,0.6279642434802102,0.8122438499389425,0.7164759013750757,0.7663448802657674,0.31103596150900675,0.9873352334650091,0.6084313107324922
2022-04-21,0.8291033693584577,0.8306006327553921,0.8328446687582127,0.821912825740956,0.2506829673682593,0.8026902281443291,0.748368809018997,0.8826281026676083,0.9652712160889376,0.9264359744028663,0.6325176916263788,0.8178295477349672,0.7240656709524074,0.7730411068493038,0.30751637100878143,0.9738095885592071,0.5198603795394474
2022-04-22,0.8283274289505389,0.8197781900223324,0.8087394951144786,0.7974207204100985,0.2692748982822494,0.8044027271017202,0.7533470194847323,0.7068146047799844,0.9518277924321052,0.9371757939197851,0.5738382422159031,0.818085094842303,0.7333891163526929,0.7779313729440408,0.3256041752432212,0.9593729887129604,0.4372982284364625
2022-04-25,0.8050627103253005,0.8008889584415568,0.7899494906078117,0.804224145923276,0.4351908354805837,0.8061555426445957,0.7591356687083137,0.7324405882374798,0.9441894326078093,0.9439872634513871,0.5389213744874227,0.81951517253492,0.7410148378764916,0.7825477013067151,0.3432897868126215,0.9819390261839781,0.5493792470494216
2022-04-26,0.8046752752164992,0.8012826754795424,0.792986464005432,0.7803159679789688,0.3754552494117752,0.8060749597855057,0.763825505925946,0.5910709222169118,0.9125112366930777,0.9420527310025935,0.46118313949208894,0.8176662147037462,0.7488230994897243,0.7856015956608983,0.3555596600697833,0.9622998728274443,0.4384066523832423
2022-04-27,0.78645097053841,0.7938055220356144,0.7926068113796962,0.7859528330995089,0.41390731935121455,0.8065383321885564,0.7676184555375563,0.6154889278059169,0.8899452246026271,0.9352453091220856,0.41787079808192024,0.8170382329369755,0.7546691893831226,0.7882699570926036,0.35627521970985804,0.983823074873902,0.545379061768071
2022-04-28,0.7909101336463202,0.8022664414455847,0.7931761905136627,0.8085006171767848,0.304793677460361,0.8084523469908647,0.7721495330653223,0.7036275664443079,0.8905650473120457,0.9299438429113207,0.43125638111854203,0.8184592370963683,0.7606946415965528,0.7920644891495384,0.36880401602817015,0.9999999999999999,0.6070782363882351
2022-04-29,0.8035118347511179,0.7949859387313316,0.7778022646795113,0.766320479218479,0.38945626696228347,0.8060346096587687,0.7748511548288806,0.5033218730281716,0.8489077589506788,0.915992986435295,0.35437687268550117,0.8152494656101986,0.7673450669166804,0.7938400046056874,0.40179364169924403,0.9796748341917261,0.372867454421961
2022-05-02,0.779665282252272,0.7705870599323559,0.7388930691346649,0.7464939682679392,0.7974045001991832,0.8028714179902414,0.7767402563742647,0.4308525020019286,0.7954733847981259,0.8923775572745666,0.26847398538030687,0.8153179918841756,0.7672176951725425,0.7938095595730369,0.4481470610599484,0.939361294920145,0.45134327661067153
2022-05-03,0.7469007578222706,0.7475657424017141,0.7466751523780168,0.7422178206095464,0.6855306406539775,0.7968674331720522,0.7784141599448482,0.41596544273995073,0.7479400523024113,0.8624059134744224,0.2119772102335289,0.81534474695948,0.767171380045867,0.7937994168589696,0.4443254803732998,0.904529275859175,0.5086768806796375
2022-05-04,0.7457375410675027,0.7694066947681799,0.7523690641757108,0.7756508589913249,0.5290889640530141,0.7919312844385333,0.7808874295867847,0.5507408511890121,0.7407802917640119,0.83675976660316,0.25042409116069164,0.8132372264722275,0.7725134127476365,0.7954633202342559,0.4648022369535316,0.9316960707511016,0.6504387059288455
2022-05-05,0.7703595485523538,0.7625198845805228,0.7499018019308838,0.7468829295971904,0.454854029246371,0.7841542922434739,0.7827594586078468,0.4498596401500111,0.7072576353143766,0.8084292251940475,0.226564035575141,0.8147194595181307,0.7694386366675268,0.7946415239285164,0.48440933679149,0.9081665893221255,0.41890960107783315
2022-05-06,0.7443801812847719,0.7473686580648102,0.7480034879740263,0.7484376423312893,0.4826173428205246,0.7790771025432646,0.7843308701619967,0.45592341081864185,0.681774154825108,0.7798249784122607,0.22413122425996768,0.8158560796424682,0.7649969164747734,0.792947158630131,0.47562467241010165,0.9330563989375871,0.5305397536150995
2022-05-09,0.7399210114053945,0.7524845922126331,0.7442073812800365,0.7478545239325285,0.4718286218158651,0.7732342834432555,0.7854581799758671,0.45385305555906186,0.6608835199637327,0.7520722901435749,0.23170024333315095,0.81624565304177,0.7605786001603931,0.7908875458374037,0.48111162925796136,0.9086952078258054,0.5225277470564196
2022-05-10,0.7583391502784427,0.7516975542696132,0.7457258602977044,0.7375525498243445,0.4597000762416876,0.7688017733863932,0.7860115868185689,0.4166461797871045,0.6347549738697923,0.7237799708436112,0.22690377015440227,0.8176238775009347,0.7547655638540518,0.7886148769326905,0.48264729002794626,0.8849282830418365,0.48611666522038743
2022-05-11,0.7422476389038486,0.7473687412612264,0.7442074677370785,0.7311380856404182,0.4238799111359116,0.7631201200045639,0.7858817799006299,0.39381780321391635,0.6084501279534313,0.6950148538980061,0.22270134091136046,0.819058122335888,0.7482017559199923,0.7859870948024791,0.4799207746567029,0.8629164506429245,0.5005134047902822
2022-05-12,0.737013474739689,0.7326117065735194,0.7295932345937846,0.7307496097038408,0.40805864194307384,0.755061079417376,0.785704150578618,0.3923828935804905,0.587933309657666,0.6672206004826544,0.23133079439564055,0.819012375129624,0.7421874093795915,0.7828926295920263,0.47798213584902594,0.8416798181628375,0.5232395860184434
2022-05-13,0.7410842179692161,0.7454008859347514,0.74344817324535,0.7529081088567497,0.2044828918725764,0.7536708615844665,0.7864283565961927,0.49956365342686715,0.5932368872227344,0.6462213814204939,0.29172798828306523,0.8172278396659741,0.7401968367131275,0.78097504857714,0.47380904083147557,0.8529417828077559,0.6086885316375027
2022-05-16,0.7548494720317407,0.7579940981248592,0.759391582148814,0.759711696167485,0.19267214433103513,0.7550409043540076,0.786872446962372,0.5295609034646623,0.6043730059790597,0.6320176669273396,0.35212936165131054,0.8164819204187649,0.7391661381307522,0.7800720683327399,0.46400196959648643,0.8636250523793607,0.5501139549003357
2022-05-17,0.7573702915714777,0.7497305097280083,0.7483836072227721,0.7494100456544168,0.2825403551281114,0.7557863922316916,0.7871184175651229,0.4837391015620158,0.6039809423656973,0.6205633112377331,0.37656684762899123,0.8128495148937537,0.7375722471688224,0.7774240345552895,0.4617167016357615,0.848538480590614,0.4864224350697335
2022-05-18,0.7360439258830183,0.7247409362155794,0.6650608673839986,0.6533870781674744,0.5742565689450149,0.743113517576719,0.7839414266599787,0.2110765314815734,0.5145244576891529,0.5905488738741361,0.21159684259818606,0.8177422827242969,0.7153704295444545,0.7685566168790591,0.5740861898025186,0.8191585937388057,0.16535087818103927
2022-05-19,0.6488004976713493,0.6359994733858947,0.6362110332047095,0.6285064969000396,0.5531162857317635,0.730843573987823,0.7792271919975289,0.16765465491743686,0.42273228938847207,0.5451419586650147,0.07478186558376743,0.8226320185928581,0.6907675968220277,0.7584615338751323,0.5769894352768529,0.7908145242813609,0.425193476618668
2022-05-20,0.6394943676507068,0.6265546934425967,0.6267208841858107,0.6314219270962855,0.36531704456781705,0.7187146713656172,0.773973193725505,0.18071222419399052,0.3561089950724212,0.4932875448187538,0.017473718923208814,0.8257129602481427,0.6707545231153949,0.7497970211515957,0.5690070941437196,0.8099569326880254,0.5365842426205728
2022-05-23,0.6497699240888,0.6550857398684675,0.6587972072823391,0.6598013805538427,0.23888266389351825,0.709587794693759,0.7694912466233281,0.3012379497372174,0.3337395588610159,0.446590036682848,0.06331051942462373,0.8200017303992281,0.6616398748452477,0.7422586959437362,0.5713832117714073,0.8229043942518822,0.6400386318460649
2022-05-24,0.659657806290114,0.6753529926944264,0.6701857760285594,0.6827382877579276,0.32186077462151447,0.7039061916238085,0.7660341457538387,0.3865940652390386,0.3412152391309789,0.41097449811381,0.16181184109495705,0.8149977749350769,0.6566139848832846,0.7371655080058571,0.5694367226267982,0.8399175615386212,0.6160355346713963
2022-05-25,0.6831163243191019,0.6777140276237492,0.6866981474206029,0.6831269254920627,0.2230136503953079,0.6989297430754315,0.7625770335102489,0.38801426076044176,0.3509356374450687,0.3847477450045017,0.24526341268449983,0.8079867041022631,0.6530361752434284,0.7317983823359157,0.5453839182834412,0.8520874838402543,0.526233935667349
2022-05-26,0.6928101084011564,0.6964067791725828,0.7026415683146883,0.6982884892525163,0.22201698802065536,0.6955650858738658,0.759352225888082,0.4438787405622966,0.3760972259671084,0.3696311280252581,0.3440150909078882,0.7944913984763203,0.6551146042969485,0.7260457237434966,0.5328371935369417,0.8642085723484346,0.5840902801403779
2022-05-27,0.7034729765186756,0.7058513281866654,0.7128905751830241,0.7150047657470686,0.22710175654283482,0.6916363318880434,0.7567286475126895,0.5018004218158733,0.4145214856429204,0.3664939478888638,0.45049348852186616,0.7890407330139592,0.6552588563134858,0.7233672364881717,0.5128815406019516,0.8765788009286023,0.5894903995781399
2022-05-30,0.7034729765186756,0.7058513281866654,0.7128905751830241,0.7150047657470686,0.22710175654283482,0.6916363318880434,0.7567286475126895,0.5018004218158733,0.4145214856429204,0.3664939478888638,0.45049348852186616,0.7890407330139592,0.6552588563134858,0.7233672364881717,0.5128815406019516,0.8765788009286023,0.524711458009463
2022-05-31,0.7102585719239369,0.7050642911164731,0.70472918254469,0.7047027916388846,0.2612822031609714,0.6859345537547248,0.7541870593382141,0.4688512309649302,0.43767226756895544,0.3693803007004357,0.5040332454143022,0.7858243628204759,0.6541674915609033,0.7211858942361863,0.5071053626480754,0.8625338217882349,0.4852469996441126
2022-06-01,0.7096770830255421,0.6985711067982392,0.6918228376481643,0.685848198618799,0.2365118607298612,0.6793462467770317,0.7501697157918337,0.41166860060816834,0.44060735806746754,0.37237350812747605,0.5049830152892966,0.7827116965332618,0.6514835192242099,0.7182436119628658,0.5109365990633313,0.8497025232450318,0.45196987549637263
2022-06-02,0.6922280658252453,0.697390209597476,0.6813834132682679,0.7066463039046766,0.23750404707588507,0.6848666673581756,0.7460703763574861,0.48687342624614327,0.46469368506993985,0.38038223238928776,0.5495630905280725,0.7737063438612127,0.6533344268807613,0.714641833699334,0.5290280958083678,0.8625824362682443,0.6060101098945276
2022-06-03,0.7036670931061686,0.6969971497403584,0.7035904353384581,0.6920683439356576,0.1201097522219752,0.6914549743358689,0.7415064504284925,0.44176955550445096,0.4720468506880369,0.38850312342711696,0.5505600771754874,0.7690038753524769,0.6523812886120914,0.7117807184742256,0.5111237139843904,0.8554545300361457,0.4685446650331909
2022-06-06,0.705024211777368,0.697193814991514,0.7030210640449372,0.6926514623344184,0.13762445224599656,0.6978015327362916,0.7378238978329188,0.44398087488085536,0.4803618871761003,0.3969379454293294,0.5533504308863875,0.7635956409538435,0.6520266584085501,0.7088688896787801,0.49509194283821467,0.8634406097732503,0.5269809549460187
2022-06-07,0.6771064570602361,0.6928650803449623,0.689545356603458,0.7002323251134241,0.10996259532075967,0.7019922774452576,0.734168671512951,0.4737666306155115,0.49586946747795285,0.407300385319572,0.5704839294491355,0.7581011935645737,0.6525917155590539,0.7063831899977538,0.4947390114165471,0.8700713324285921,0.5542041922775881
2022-06-08,0.6951363846411984,0.6859779667570391,0.6969472347081442,0.6825436452957441,0.09245237132536699,0.7019721023818892,0.7307320553978278,0.41444581870902797,0.4932416760716788,0.41497783882195394,0.5466186132456113,0.7534338403339921,0.6515839961398926,0.703511932058578,0.47987810493144434,0.8642985639648126,0.4562565919995314
2022-06-09,0.6842795136932394,0.6855845171159989,0.6766385871288276,0.6611620980159898,0.11551287082032177,0.699695406016484,0.7263457644778957,0.35034663660148413,0.4729872259146096,0.4163987958076427,0.49100817575058237,0.7496440007130455,0.6481788536212667,0.6998594486699327,0.48980685465255913,0.8573958926393437,0.4409383952325337
2022-06-10,0.6470559463500398,0.6564634954212976,0.6531036567302206,0.6551365951613146,0.23902589680963598,0.6952226296860158,0.7209551462019441,0.3332612031801605,0.4534912669599874,0.4129913484008403,0.4480912365414033,0.7454534312282842,0.6445937626713056,0.6959127336758654,0.49190767376619526,0.8444414130452899,0.5007439645944581
2022-06-13,0.6375558837026005,0.633835145860038,0.6362111316888786,0.625007786507475,0.31500648278146387,0.6858942707104929,0.7159881221637046,0.2557016292555979,0.4123068121846659,0.4006659173213889,0.3688243541438314,0.7379490539677297,0.6389408308400784,0.689236817856136,0.5033503014301676,0.8277640877452618,0.4043522981431631
2022-06-14,0.627862211348666,0.6206519173307414,0.6164718654291994,0.6088743857153467,0.27101607341880557,0.6759614732092896,0.7111509078869296,0.21964940813669048,0.36766660819749813,0.3804006164592092,0.298251369552055,0.7280400879989092,0.6333209958935813,0.6813636775187485,0.507746424153623,0.813242174969435,0.4588418163031146
2022-06-15,0.6216583321106675,0.619077836560074,0.6124861433154103,0.6102351031774937,0.2740717089626505,0.6681240312919425,0.7065118247476829,0.22647286201779543,0.33716165088743943,0.35707813185924175,0.2710778028909929,0.7176228822206147,0.6293956931984928,0.6740992689298916,0.5156843580793178,0.8279138057227942,0.5303333203433028
2022-06-16,0.5950976750833801,0.5997948693051807,0.6009082552372669,0.5999330481705307,0.25837129254278707,0.65706299829566,0.700335489320556,0.20271040100901838,0.3071895785554629,0.3314341076931604,0.25044295867919564,0.7214686134416594,0.6201297152862704,0.6713091695937042,0.512081018114545,0.8140114534252811,0.4821908816433542
2022-06-17,0.6055665129385501,0.5992043743939202,0.6066019762299197,0.5950733776194823,0.34503019081310043,0.6470092845792557,0.69499950937819,0.19151978164367578,0.2830580517278301,0.3052941946448906,0.24603528457375337,0.7247466274116067,0.6134714088685207,0.6695640865023694,0.4989471175461825,0.7958630466497238,0.5044998244318268
2022-06-20,0.6055665129385501,0.5992043743939202,0.6066019762299197,0.5950733776194823,0.34503019081310043,0.6470092845792557,0.69499950937819,0.19151978164367578,0.2830580517278301,0.3052941946448906,0.24603528457375337,0.7247466274116067,0.6134714088685207,0.6695640865023694,0.4989471175461825,0.7958630466497238,0.524711458009463
2022-06-21,0.6142739953189886,0.6243537980858942,0.6217226227090447,0.6307750604597024,0.21555211067129984,0.6405956772151196,0.6908637671363189,0.3696388314046004,0.3016490425240248,0.28871554281899653,0.3310198950761186,0.7247716631830298,0.6133805384900077,0.6695303224966725,0.5154670383563327,0.807667373440791,0.6737360375950788
2022-06-22,0.6271657145324425,0.6291114736566157,0.6354906579962893,0.6297956998415839,0.2015272209681053,0.6332947863284277,0.6867140973088162,0.366660581714782,0.31925163268094126,0.2795555187396885,0.39695985580328697,0.7247433631521155,0.6103416205284768,0.6679641388087089,0.5020284804847348,0.7965502287731634,0.52072970120656
2022-06-23,0.6424011203906115,0.6479442046877291,0.6542305830311741,0.6564293576491333,0.22187077108545183,0.6305879904824347,0.6838626843333586,0.4796388837670631,0.3616611383694823,0.28211251345913707,0.5011057687431907,0.7228758654546165,0.6094990285409789,0.6665909115995244,0.5009050225125846,0.8086641530421844,0.6330723736097462
2022-06-24,0.671896029802227,0.6749053543686476,0.6794724835965331,0.68384676282727,0.17511566803981277,0.6329392993639884,0.6822004335283767,0.5763115084304222,0.42375473677711684,0.29863118734636973,0.6252031904574262,0.7229549476953337,0.6094944121938162,0.6666284844012619,0.49986238930673743,0.8184872021833091,0.6341378582882744
2022-06-27,0.688303871121261,0.6780775413216735,0.691328757777552,0.6799302911401437,0.1378079694197724,0.6355092133585989,0.680414176596531,0.5612934348162064,0.4713067076478017,0.3229297712508639,0.6943543837135104,0.7206294640382841,0.609917296116012,0.6656702555012167,0.47409074300781173,0.8104921305950148,0.5093807083356096
2022-06-28,0.6871315706784638,0.6836279428525716,0.6756478829022763,0.6609336398642001,0.1388150758612252,0.6392329967504984,0.6771813502337598,0.4909268435832087,0.4928436024328476,0.3473885626259186,0.6957783767588324,0.7135284118768569,0.6114117105518366,0.6628479460805551,0.4830317074944199,0.8024477134818991,0.4501457230850592
2022-06-29,0.6695518659951292,0.6659843238417151,0.6788986783988273,0.6697462674516867,0.1123557786275601,0.6455424836816146,0.6740191399717579,0.5238294655572885,0.5197180289392647,0.37321961784754054,0.7079756492519287,0.708644735048812,0.6126674440095963,0.6610233469823076,0.4629448015081571,0.8091956957251131,0.5597709333069075
2022-06-30,0.6656456051144755,0.6673722970885938,0.6701025709671389,0.6707257898673633,0.16368239891262343,0.6518124590173062,0.6712534535891159,0.52758620647556,0.5431543563888821,0.39934711528584443,0.7106105554358754,0.7068443125192033,0.6129019137350624,0.6602340141177631,0.45684370273801356,0.818458545226672,0.5285840028852125
2022-07-01,0.6742399432076591,0.6826368724220062,0.6844444492271669,0.6910928664589293,0.14866383085386214,0.6612613484836265,0.6725787807995134,0.602968401747996,0.5817318336348789,0.4292409393804203,0.744087289986218,0.7039442849008984,0.6141795456108752,0.6594221831763857,0.4517759645057523,0.826985525020301,0.6051769606715297
2022-07-04,0.6742399432076591,0.6826368724220062,0.6844444492271669,0.6910928664589293,0.14866383085386214,0.6612613484836265,0.6725787807995134,0.602968401747996,0.5817318336348789,0.4292409393804203,0.744087289986218,0.7039442849008984,0.6141795456108752,0.6594221831763857,0.4517759645057523,0.826985525020301,0.524711458009463
2022-07-05,0.6845924359194608,0.676887853911595,0.6748830550510148,0.6818883651861489,0.16603977399039443,0.6702598879381723,0.6744551092304316,0.5634698509019824,0.6041218223674318,0.4583747661966314,0.7373321066288662,0.7023759122421055,0.6146897483728202,0.6588908265704755,0.46051806881285207,0.8176071704384191,0.48886316653620265
2022-07-06,0.6902565372319025,0.6866013824939503,0.696873740834898,0.6860006119183641,0.1502155207784709,0.6759841219400282,0.6763735047707469,0.5791610173043078,0.6260078172620388,0.48678312185358386,0.7308838062983595,0.7012832056475814,0.6150903579156948,0.6585436771912428,0.4417403920035249,0.8262101788925138,0.5408306819887042
2022-07-07,0.6879128914084687,0.68025783327394,0.6943879201718215,0.6873716844242184,0.10110155064551793,0.6819519828292939,0.677342578103358,0.5846299695449337,0.644690134744607,0.5138643718603928,0.7190879193175719,0.6989353442166185,0.6160972762677457,0.6578724001135005,0.41862627483978765,0.8324067340339081,0.5300703334805169
2022-07-08,0.691038524745889,0.686800332551728,0.6957269208574577,0.6848262852429463,0.13476426995227062,0.6848953786703007,0.677415969484563,0.5718687454321831,0.6569927878712859,0.5383969341307022,0.6964340842699884,0.699281297311087,0.6159885304318551,0.6579915453342035,0.40493294228593235,0.8245607955872964,0.5147722311252719
2022-07-11,0.6861550716934106,0.6832317367731029,0.6934320972407477,0.6828677258042672,0.08164873022527852,0.6847938996109137,0.6774068588303448,0.5615853701351813,0.6647048516446061,0.5598205493040214,0.6688004225631139,0.7016784491699394,0.6158369285197174,0.6591244974743334,0.39042453715823366,0.8193173766720091,0.5170500766013755
2022-07-12,0.6879129456801976,0.6881876365806368,0.6892249389394438,0.6787548318818204,0.13923582255232103,0.6846720610112698,0.6767202669619594,0.5392497183276161,0.6667209400147024,0.5774293611318029,0.6348928063058642,0.7037947552629852,0.6161584975426524,0.6603572806077954,0.3909977169611233,0.8112523440951901,0.5086007717496687
2022-07-13,0.6736540892728695,0.683033557619728,0.682723448936333,0.6797343542974967,0.1813015396046473,0.6866207910098978,0.6754805412292759,0.5444642830127862,0.6690061146671982,0.5920490502234351,0.6083241951606188,0.7057990660396708,0.6197704019998038,0.6632138016310279,0.39392069610306635,0.8213784844154404,0.5285594626369772
2022-07-14,0.664668938049279,0.6735178230175334,0.6769867548052015,0.6809093281631462,0.1357967405559526,0.687777863596799,0.6746442207065424,0.5510936021956677,0.6716585604115077,0.6043630464596491,0.5878302033431761,0.7058568992120356,0.6270759563580619,0.6669737547181461,0.39125562602123887,0.8292750111630542,0.5293241055688409
2022-07-15,0.6933822655116566,0.685412363763003,0.6953442717938256,0.6856093854233021,0.11339272525987076,0.6893205767341222,0.6746358266206331,0.5783459963726065,0.6778598496737069,0.6156596701300583,0.5787873575062306,0.7054918959408824,0.6351408998256067,0.6709080087841478,0.37802306984635636,0.8360738010207139,0.5431474561327039
2022-07-18,0.6912335287457743,0.681050893970806,0.68482669459241,0.6717048268903658,0.10106126638785981,0.6873109693622377,0.6734076626607504,0.4905040733627535,0.6694000231316211,0.6227251115239862,0.541178785857779,0.7001477113773463,0.6477607191903749,0.6746542257143712,0.37559729852476403,0.8298792197003124,0.47035021513008035
2022-07-19,0.686545535289963,0.679861206882562,0.6949615209254181,0.6865882606487468,0.10487335076995152,0.6877981225132985,0.6732150422747436,0.5768681279124128,0.6764289357411292,0.6300157977982039,0.5431808594309062,0.6905667118344542,0.6665875800348726,0.6794309584397774,0.3676664432384752,0.8362605829702233,0.583471687106955
2022-07-20,0.6912336830564929,0.6800597755001583,0.6852093771304466,0.6769925328809041,0.12729676219009095,0.6868644178973069,0.6726646438815309,0.5186982425715063,0.672656935921856,0.634969150742273,0.5224056334374972,0.6863362845887179,0.6754942672823872,0.6818433366857214,0.3638883716291334,0.8287805324521026,0.48722170476105336
2022-07-21,0.6773655093908635,0.675103919372293,0.6857832396718491,0.6813012018484399,0.1528519016407629,0.686235200771355,0.6719992305876212,0.5438517135236481,0.6734480161948976,0.639116221937569,0.5152390537592537,0.6785315318456641,0.6884755074487008,0.6845317301888411,0.3520128261752566,0.8375127165245076,0.5416588569089797
2022-07-22,0.6875224119433878,0.6854124610762944,0.6976389820282543,0.6907011545711936,0.1144326559112672,0.6868441422101814,0.6722859602782529,0.5969204804669584,0.6825588070212802,0.644557466359678,0.526742223168108,0.6775827729645515,0.6929165199728207,0.6863205890989673,0.3394912265928767,0.8443624602055756,0.5615726738354468
2022-07-25,0.6955309954458615,0.6917562263731711,0.7047143889212852,0.6977513213602062,0.09634502422277491,0.6883868553475039,0.6735720411560895,0.6345436095073702,0.6958900994870423,0.6520177844255249,0.5446886199036237,0.6801217538294168,0.6918273346667536,0.6870463547621916,0.32487599104677545,0.8503259582608501,0.5521768780890743
2022-07-26,0.6877176779121115,0.6871964673645101,0.6953442618355796,0.6944220130107888,0.12031714154843734,0.6900107886277143,0.6749528910363594,0.6105619149603551,0.7026849532989402,0.6595698164736222,0.5455038133051939,0.6818504844870411,0.6915992862965115,0.6878027681434428,0.3208673344323128,0.8431878905058624,0.5118049061038945
2022-07-27,0.6947493376499196,0.6990907896995675,0.6961089699864282,0.7042136776212782,0.1386897470596222,0.6925481172955377,0.67773691246844,0.6637984686533402,0.7165321069396057,0.6688390040734803,0.56076663191712,0.6838265625881682,0.6940691484677335,0.6900618233470094,0.33208658899205357,0.8512261668425559,0.5627582106480543
2022-07-28,0.7082270126037191,0.7212939327950123,0.7175260587153338,0.727322413831879,0.11446548012121086,0.6973589223685279,0.6819002624948953,0.7676201388672,0.7481807345040032,0.6836311702924437,0.6098572462033525,0.6942197910016931,0.6896778949901592,0.6930670816559678,0.3425046928458829,0.8580775188222107,0.6138957868124749
2022-07-29,0.7135007935922861,0.7092010495343255,0.721350611757706,0.7159637398728886,0.17156319331818445,0.7005052092458037,0.6856165364538829,0.6847688741904062,0.7612339617543775,0.6985074130020941,0.6106045542882641,0.6984731528401108,0.6900962468151981,0.6954283325155964,0.34171932701446134,0.8484285314508636,0.4815635970667395
2022-08-01,0.7170173633343255,0.7300172667489959,0.7280441042687389,0.7341772909684765,0.17083956868988134,0.7069805995970135,0.6903351103355391,0.758660104192061,0.7871805760635296,0.716456170309012,0.6379143882357502,0.7074311018557834,0.6856428962239132,0.6976771774433034,0.34816219290707007,0.8580420631488205,0.5944374550538358
2022-08-02,0.7361590977443018,0.7270429421528133,0.734736362092377,0.7224264197290764,0.13327524442846336,0.7106952933094903,0.6948114642239678,0.6790495476913357,0.7949557820623834,0.7326274590088434,0.6221154811940813,0.7119239680379071,0.6853440625376157,0.6997931114351282,0.33920309923013153,0.8502690829744634,0.48028093476297984
2022-08-03,0.7258070325737223,0.7260522074227851,0.7312948061226139,0.7320229564847085,0.16573689605318714,0.7163993019360992,0.6983702438617307,0.7183239612551973,0.8083373102388156,0.7486835216807965,0.6210913025976369,0.7180180192962579,0.6840226340595297,0.7021953047408845,0.33476872065811775,0.8596325973466581,0.5612873473894039
2022-08-04,0.7316668805618702,0.7238714195031823,0.7309123202122991,0.7222309682791033,0.1534308013434054,0.7206417504857676,0.7016192669431127,0.6538278505573389,0.807855955815694,0.7614161753867801,0.5915514113694771,0.7213121127127095,0.6843286381050708,0.7040148282594864,0.3279614493115518,0.8508720487355409,0.4876334701751202
2022-08-05,0.7179937629914404,0.71078735839434,0.7200123512745853,0.718901659929686,0.08095046975920459,0.7235647867865176,0.7038151165953888,0.632304474479686,0.8025529711097654,0.7703662528679397,0.5579302436505293,0.7236818768125569,0.6854684349072049,0.705793434667633,0.32253703511808435,0.8456628427174631,0.5120205610271924
2022-08-08,0.7275649800298827,0.7201049101696397,0.7291912153464835,0.7181183979517722,0.07856922252874729,0.7256758732177888,0.7050197361679653,0.6270126477834417,0.7959099978664024,0.7759779383195284,0.52825717649561,0.7255723200822836,0.6872022807934617,0.7076333871831787,0.3136153807738784,0.8405703114514075,0.5217189633242573
2022-08-09,0.7232672728072602,0.713364132404448,0.7278522198397266,0.7159637398728886,0.09528122141869219,0.7279087143955727,0.7062862820287976,0.6117007320226524,0.7870124254127433,0.7783933971909249,0.49984773712590946,0.7266244796316855,0.6899651194955865,0.7095755522452344,0.29726231472356424,0.8346589368912406,0.5164750570275535
2022-08-10,0.7328387594571983,0.7222853874151729,0.7360753049456832,0.7267352504941702,0.1426689365105179,0.7302431184858746,0.7085991541104468,0.6694434148867712,0.7885188152596805,0.7806768809648084,0.4986746855799589,0.7288601552820332,0.6925586197688394,0.7120288222659618,0.2913417094047299,0.8428921828793398,0.5659474758404308
2022-08-11,0.7359642691838097,0.7288276083066225,0.7343545012557409,0.7232103288972218,0.10831094075677708,0.7298168930199489,0.7104783715628022,0.6424161218608158,0.784810904876759,0.7816394101863431,0.4869334722073995,0.7301103656701314,0.6956461046563278,0.7142367754188851,0.2897282043273558,0.8363423868847051,0.5113160919708025
2022-08-12,0.7306900646560499,0.7270432692075062,0.7364577829110421,0.7359395899693928,0.1401638524880005,0.731887428076968,0.7127705825915327,0.7082310121822402,0.7922362830203457,0.7841401768388331,0.5006059894506227,0.7332973226561131,0.6976393305977837,0.7168638228146057,0.2822533402154758,0.844452890448841,0.5732013563522647
2022-08-15,0.7381128376018207,0.7434974748165384,0.7469752664688372,0.7506275722778006,0.12692674382345348,0.733592531188187,0.7148631781626649,0.7733629515978652,0.8101285350168235,0.7903112033335127,0.5332288407540681,0.7371098815366294,0.7019364634386611,0.7209832933115575,0.283679736647638,0.8519148110556198,0.5801811340669034
2022-08-16,0.7590128804432772,0.7645111031076308,0.7685836666450379,0.7674694036773024,0.15833951273952349,0.7382613225981647,0.7178712807417615,0.8359918382375765,0.8380284487398294,0.8017510722020803,0.5800605825639591,0.7458366182446922,0.7015749464930408,0.7252049848002439,0.28948647036901703,0.8609158734099409,0.5876896848705437
2022-08-17,0.7640915998677773,0.7605462633648565,0.7729818849645098,0.7631610583048825,0.11887586033000266,0.7414888463889542,0.7205834064868062,0.8005175638301353,0.853703540595979,0.8145565939937215,0.5921990943198377,0.750330585835486,0.7059389424627713,0.7297026577652094,0.27545447069910023,0.8538484245838088,0.5087805156648775
2022-08-18,0.7637009647431481,0.7619340678887285,0.772599602620041,0.768252989250332,0.06083818112100644,0.746259116858319,0.7234263173224031,0.8198345745122194,0.8683990582285417,0.8282263141964326,0.5998804622537722,0.7550187150527882,0.7101910217593754,0.734241214059734,0.265114162023601,0.8580721821950819,0.5435937242691989
2022-08-19,0.76643535582404,0.7621321369950573,0.7741290916567398,0.7633568333499714,0.07096594189816438,0.7508669805831618,0.7261866010074747,0.777359776402437,0.8728338909399734,0.8401957827502613,0.5847678928159546,0.758336312137574,0.7143369798163732,0.7380335672488673,0.2534208378056966,0.8533521913653079,0.5066163605055567
2022-08-22,0.7617476465534125,0.7506341724258065,0.7594049197111907,0.748081525906297,0.08077142861405742,0.753972716086186,0.7284788120362047,0.6564001793732885,0.8594883123045264,0.846660705175207,0.5358411144469407,0.7588572330373721,0.718966208517068,0.7406606146445877,0.25451594674142086,0.8481517578849761,0.46807382194344876
2022-08-23,0.7455352640668667,0.734973125113968,0.749269984376052,0.741619007847667,0.12657164555224495,0.756631933665532,0.73068843572376,0.6102323973505416,0.8405926808924096,0.847428357385069,0.4852013213386308,0.7573853592716498,0.7252455354269607,0.7431241202768472,0.24806195948569892,0.8407072361447269,0.5005042947161789
2022-08-24,0.7470978187648136,0.7397307935773618,0.7530943283488669,0.7453397044897043,0.09491866309976918,0.7585603208945291,0.7329944094136691,0.6308502741779786,0.8270719825619739,0.8448910089840674,0.4558250515043737,0.7568723306228439,0.7299563013732437,0.7452707442128196,0.23669018229375943,0.8466008463159581,0.5387090386943201
2022-08-25,0.7488559755527584,0.7434975734433897,0.752903462504386,0.7521942580311858,0.06572152835489536,0.7615645605675401,0.7355000156223264,0.6682421229120185,0.8208425360835648,0.8414091405608394,0.44742975047308864,0.7584642084359404,0.730924522902813,0.7465689609421141,0.23210705575273982,0.8510638748942543,0.5504344045845456
2022-08-26,0.7558877178600347,0.7460746894285464,0.7280439061099586,0.7151808014900907,0.1419259157581572,0.7594128724501383,0.7365394263902532,0.43866937613026435,0.7794376304542205,0.8289727889103099,0.3678384443030128,0.7585278445227827,0.730781579070308,0.746528094503003,0.2705849139225334,0.8428670349378011,0.3864486389049623
2022-08-29,0.7095945367452048,0.711976720241426,0.7177175431175338,0.7128306919612339,0.17179296278779,0.755495153536383,0.7379849664651148,0.4270830288601376,0.7433101546937969,0.8106029397157872,0.31509896088497646,0.7591581513154683,0.7279765236952185,0.7454138823150093,0.27105182953865287,0.8332067894763466,0.5157098238714923
2022-08-30,0.7185799002086701,0.7064261640452225,0.7091126486296124,0.6977513213602062,0.12856049427292138,0.7482687410008297,0.7383773387979211,0.35653448359737583,0.6998439872099629,0.7857757545035049,0.25770337534570253,0.7613723650469225,0.7232651963698862,0.7441259349781427,0.27656553615153323,0.8256648194626351,0.46685963415267695
2022-08-31,0.7052973260514448,0.6955225855415506,0.7041405872137081,0.6889385319751615,0.12977051401220763,0.7405754342307147,0.7387972307660355,0.31918187104710016,0.656974495765983,0.7559217766322647,0.2130230757218492,0.7642161413919665,0.7160497699420405,0.7418770900504358,0.2730191656742177,0.8180635617146568,0.4905473879704625
2022-09-01,0.6871319201677553,0.6907650594609505,0.6940058887099376,0.6969680593822924,0.2128814135895213,0.7331866149506394,0.7393479078247016,0.37403066588140144,0.630786470755238,0.725934562014859,0.21183881009892241,0.7655526955599469,0.7121461347258022,0.7405584612146457,0.27839235071813306,0.8297370314843454,0.5560306941724776
2022-09-02,0.710962014211366,0.7044437222419373,0.6892250986561839,0.6781675067465536,0.21106862199490625,0.724356578363254,0.7389073604907186,0.29558312934175535,0.5929155259508325,0.6931176461970134,0.18668720627131702,0.768945307843803,0.7046282777708277,0.738432291611289,0.3114722826086016,0.8181523836593354,0.4517887105095481
2022-09-05,0.710962014211366,0.7044437222419373,0.6892250986561839,0.6781675067465536,0.21106862199490625,0.724356578363254,0.7389073604907186,0.29558312934175535,0.5929155259508325,0.6931176461970134,0.18668720627131702,0.768945307843803,0.7046282777708277,0.738432291611289,0.3114722826086016,0.8181523836593354,0.524711458009463
2022-09-06,0.682053064527071,0.6808526618619517,0.6838707033088676,0.6701381411369804,0.3009636889637546,0.7162775975014652,0.7379367800898378,0.2657382942452716,0.5563797861534754,0.6583481854999854,0.16933214586805184,0.7726750735692317,0.696036436727381,0.7359279026494704,0.31499527883884093,0.8021631177365214,0.49315546107993485
2022-09-07,0.677755820114722,0.6879894526195343,0.6890337683492569,0.6955969868764382,0.26755013525066507,0.7115073270321002,0.7379780794474755,0.42561560663921316,0.5525740000455295,0.6296455457944642,0.2232566655479643,0.7731547175577794,0.6934804975825422,0.7348648347382402,0.32603645068105575,0.8165152088024813,0.6253351679736916
2022-09-08,0.6916241633287814,0.6879894086291718,0.6905635686097285,0.6918761284368431,0.1961067502987749,0.7059657251500133,0.7375444248181817,0.4092847597467988,0.5472100146605371,0.605433170211268,0.2631680683026022,0.7733296283174288,0.6897445847904458,0.7330453196648624,0.3288180475898173,0.805663652715115,0.5102654012646037
2022-09-09,0.6986561962214881,0.7064261680117057,0.7054793137561828,0.7059766238124261,0.24526995674664331,0.7011751789935228,0.736794137988968,0.48769437742772204,0.5573259035686517,0.5884211303630474,0.32716775555004735,0.7730232979982278,0.6882859965911314,0.732145785071869,0.33588353120636893,0.8189240745630617,0.5795979415752177
2022-09-12,0.71018033312199,0.7074168937246457,0.7200121411200591,0.7116553945004687,0.10414077408439104,0.7008097638183481,0.7366427032195972,0.5175019353585757,0.5715913675965034,0.5781365622667141,0.38696442391863045,0.7717735723236091,0.6870395412624346,0.7308782413962739,0.32122685686745267,0.825269543532695,0.5466010618968076
2022-09-13,0.7025625730617486,0.6921523391175162,0.6750740301745739,0.66308781255041,0.16771231668797754,0.6956538192573092,0.7341439669674292,0.3203632878521837,0.5382962661562934,0.562148323506598,0.33626774086378824,0.7712026931256256,0.6786564964175854,0.7263089951576015,0.3703724519701352,0.8158092388273689,0.3382319512197345
2022-09-14,0.6705286931558299,0.6594423919925971,0.6702935431277339,0.6625004874151432,0.15802469872597305,0.6920000029180888,0.7320376201092178,0.3184595281937471,0.5129165633313755,0.5434421078470767,0.3121091907752471,0.7661883855334514,0.6728853791570455,0.7208300124953003,0.35863155043165296,0.8068236015185847,0.5223784692939518
2022-09-15,0.6648639625958086,0.6532967530245937,0.6632181306175007,0.650750101568417,0.14225714187667943,0.6880416990888292,0.7291809466124421,0.2803095523392505,0.4836048118198889,0.5216450096238169,0.28463609442545446,0.7616998910411558,0.6658337166053383,0.7149625833082293,0.34952221808177286,0.7986105323673014,0.4780167521828331
2022-09-16,0.6490425746519393,0.645763844701978,0.6618798128060737,0.6540795717153922,0.17534842152850408,0.6835962253378822,0.7267854815025683,0.3003940153241368,0.4656262905570685,0.5000168098120701,0.2861373362996248,0.7537018701372314,0.6620719028750937,0.709003160295732,0.33179974933777195,0.8084449858074959,0.5380539567335751
2022-09-19,0.651957703543866,0.6545733915447083,0.6649249633268133,0.663363353791556,0.11444160796852457,0.6820617465780441,0.7248333560682638,0.3561543290409763,0.46229142490269937,0.4819369432459519,0.3176764514643289,0.7441899811421079,0.6612562435003071,0.7037838767177681,0.3238640785731266,0.8152951681154512,0.5618265572664796
2022-09-20,0.6572658495058512,0.6489863577916377,0.6610754853157061,0.6556758664218778,0.11145012883502403,0.6805627041514537,0.7226385528332011,0.32690682505824686,0.45462166762052086,0.4656853456388368,0.33392689392801045,0.7372711625763756,0.6586522808369897,0.6989606488114307,0.32100695918483896,0.8085915602923359,0.49418099726181397
2022-09-21,0.6672926193119444,0.6683413076184386,0.6656949766321447,0.6503541829441752,0.18634602386916865,0.6758732010180675,0.7203324312799901,0.3068681791109521,0.4458519515454904,0.45063997945024753,0.34464839864322916,0.7307828701924494,0.6557392473470844,0.6941969681797725,0.3333928704951364,0.7982182537210911,0.5034604893882938
2022-09-22,0.6547099593725538,0.6479886434089146,0.6620377547241609,0.6483828414984201,0.13022706893233288,0.6713650386662302,0.7175784090370503,0.2992556153524316,0.439448553338162,0.43711115128139105,0.3581280421673911,0.7218262446118261,0.65468495414768,0.6891361845665204,0.31992937685543366,0.7905946260018603,0.5168092710837795
2022-09-23,0.6438971761700054,0.6306295545737104,0.6275859272719431,0.6247294947078446,0.2120056039878431,0.6629436183872173,0.714116889329653,0.2167375565558115,0.4147278851666998,0.42052607509927026,0.3309627926291753,0.7110573754429118,0.6523042579539005,0.6824830032898964,0.346829291792938,0.7789640685626459,0.4297618880293437
2022-09-26,0.6250236221388361,0.6274370145672243,0.6360545493872276,0.625715165430722,0.14827441636316704,0.6540357493234457,0.7102425921537838,0.22386248198072228,0.3989429148564511,0.4035787764519525,0.32774320324614303,0.7079470461084271,0.646235210918471,0.6778132335495207,0.3420309676219664,0.7874719680866773,0.5287365851520583
2022-09-27,0.635639812591954,0.6298313663703088,0.6168074814505673,0.6020617377413675,0.23065273925492025,0.6477102799855212,0.7050206261913019,0.15384897225801797,0.3673335393150613,0.3826532704475744,0.2923831817098397,0.7073333709885478,0.6355202095531851,0.6720315107185814,0.3712626810322792,0.7749277508412131,0.4281888772777665
2022-09-28,0.6114579292420905,0.614666711398548,0.6137279080312597,0.6182247474865963,0.1873829705014793,0.6431210148851803,0.6997748002102344,0.2642932094734065,0.3608624168150786,0.36440454491835694,0.3161755602246625,0.7051780428780351,0.6295227972313704,0.6678805226455263,0.3803595022170882,0.7853518650269038,0.5918278928103131
2022-09-29,0.6183390141325036,0.6074836380987649,0.605066782787518,0.5957541408444507,0.17617797883435263,0.6374205784019609,0.6938905857972091,0.19840270130149706,0.33808856532962456,0.3444973243558172,0.30143414158240855,0.7060445585317773,0.6191416087521944,0.6630166478759026,0.3921152037747837,0.7754767654951527,0.4325109792597604
2022-09-30,0.6024145775549212,0.5907231171628298,0.5894769063623098,0.5724950947025376,0.17497243512369504,0.6289641913672346,0.6870098580349651,0.14229157412216503,0.30206529622536116,0.3201750690262534,0.26219140976039046,0.7073019638085826,0.605175909626156,0.6565196272369319,0.4015273955439985,0.7656607343842248,0.42767382532443177
2022-10-03,0.5853101777793661,0.5879295473730399,0.5925562270743598,0.5951626898714566,0.16416879402360657,0.6218950621498864,0.6810979732798046,0.2743456015988285,0.2989530363157855,0.29999184407624735,0.29898089563292174,0.7061139672478606,0.5978665495317066,0.6521870879601587,0.40455222720231143,0.7749474159466605,0.6209538268616419
2022-10-04,0.6065431757217028,0.6122725261625463,0.6202720565926467,0.6154654519337477,0.17406230930253028,0.6177271758044875,0.6764366281830434,0.37571433092481954,0.31945320969843194,0.28862354429775344,0.3773317496557467,0.7038451893889414,0.594521639856096,0.64933337919653,0.4094668391137767,0.784718853324046,0.6094528028963555
2022-10-05,0.6116544411908524,0.6044903785067244,0.6108407059514991,0.6075805715434015,0.1327291689357645,0.6132936091981722,0.6717252882290814,0.3504331053471592,0.3319011110275682,0.282430321897738,0.42333006777515453,0.6971853553427957,0.5921102375356506,0.6447392533278468,0.4059098550142345,0.7769726293898144,0.49229281469833985
2022-10-06,0.6104750761027398,0.599103412346413,0.60256482624127,0.5878697458467781,0.13289179797593986,0.6070213111307461,0.6661903496834012,0.2914963611894562,0.32685667017046344,0.27629996115265393,0.4238888092566002,0.6913021884172551,0.5872965729298869,0.6393105113033372,0.40651640137550904,0.76921843706713,0.44319731643580146
2022-10-07,0.5886522913625647,0.5761569943749325,0.5810080166028497,0.5679612844331496,0.17966032910746496,0.601137177592991,0.6597147133414545,0.23921396937970762,0.3079803595167281,0.2669958902028852,0.3956795051366269,0.6822387288648092,0.5821512979287231,0.6321066296351477,0.40768152613045905,0.7591727116762184,0.44116047000522673
2022-10-10,0.5737107816128548,0.5673775154025786,0.5798532449676206,0.572691921431753,0.15067655172722483,0.5956412169702203,0.6547063472927017,0.26432724192097334,0.3014874223038695,0.25803922803791113,0.39876742414377353,0.667835416039917,0.582188812559826,0.6248532589541059,0.39582948247627814,0.767798309415009,0.5448663298065948
2022-10-11,0.5768563526451207,0.5849365202050782,0.5892842673880383,0.5835331668005002,0.13552370280960316,0.5937206951649303,0.6501616464364837,0.32143622763080026,0.310475944491559,0.25296898680244506,0.43331160835343885,0.6627930820742817,0.5790430142622243,0.6207008056346807,0.3965545961422693,0.7756814580425602,0.5707344709351089
2022-10-12,0.5998586314738454,0.5953122324797582,0.6079539447164142,0.5906292840959635,0.13820633596772483,0.5908603726210102,0.6463963956022589,0.35799970396143654,0.32799460634948674,0.25299612877909194,0.4786193472371882,0.6565285896985203,0.5778909359669964,0.616949399114287,0.39422007844294626,0.7836960485273394,0.5545895113006826
2022-10-13,0.5811814894797518,0.6074835428207195,0.5896691990881011,0.6127055091906675,0.2502920608680213,0.5926174143616985,0.6437168680282381,0.4625675233108353,0.3659835077747184,0.2618724803875794,0.5572749363194914,0.6521140544891743,0.5783671794020055,0.614963614470084,0.4284463734054159,0.7972025400590624,0.6171682926669537
2022-10-14,0.6240407710554188,0.6120732901807941,0.6037198168430278,0.5882641273942195,0.1478745578056717,0.5942519047511277,0.6398960149054396,0.3778340739806447,0.3761445621799241,0.27134194968657743,0.562546821977437,0.6461922610726837,0.577495225580076,0.6115282957949176,0.4451892439775327,0.7887142325359973,0.4240162441304559
2022-10-17,0.6055599774298206,0.5989037430432755,0.6168074603340703,0.6026530269168036,0.11048479866077224,0.5950282925076615,0.6372417435207978,0.44125798749670786,0.4006426867086852,0.28462766721750365,0.5964672810076493,0.6370003295820376,0.5803783684113093,0.6083594450511541,0.43757560845974486,0.7953705417597652,0.5850802907581296
2022-10-18,0.6260063974030143,0.6192561211807881,0.6291254925269016,0.6201959271347934,0.13876583954630972,0.5955186153070822,0.6354863160874031,0.5122050406697929,0.439039225481959,0.30420589336637055,0.6523978095792333,0.6301015790957388,0.5835729768160673,0.6065075256531492,0.43922886150151685,0.8034125464250007,0.5975258352327463
2022-10-19,0.6254165086861041,0.6192560069036921,0.6254685579139401,0.6138882493390974,0.1086958792188435,0.5961724181711043,0.6326143216777278,0.48810520150992776,0.46561830489497213,0.3260636554691274,0.6726593075826669,0.62312087702186,0.586747834521332,0.6046041410598678,0.4320414465511283,0.796843889474212,0.4988674802863767
2022-10-20,0.617749344654168,0.6072841720578186,0.6112259135110685,0.5949657822434622,0.12418144626453032,0.5969079359114877,0.6292080033218741,0.41966761106136596,0.4708575369844975,0.3447710508648599,0.6446574905305902,0.6142352655167896,0.5900735575063398,0.6018159714573724,0.4295783082177188,0.7895164811128723,0.44682139332986726
2022-10-21,0.5974995816546089,0.60848151150045,0.6073766146571056,0.6154654519337477,0.11806569914821174,0.6018318337025375,0.6260266106399723,0.5039283337949739,0.49612572645173625,0.3656265997567575,0.6637512046259284,0.6125839472752627,0.5907593898383097,0.6013324232647309,0.4351114216979516,0.7965442342057036,0.6102872660923586
2022-10-24,0.6283659599180036,0.6326250771353776,0.6389417912953128,0.6399074000216485,0.1398893227321082,0.6087988465767014,0.6235047280940034,0.5907448285118035,0.5404790145775685,0.3926491191235826,0.7185658960773855,0.6161395742472148,0.5886944146555426,0.6020732045362914,0.4375424062304277,0.8046412865452955,0.6252043960964846
2022-10-25,0.6462565394828985,0.6499844970498492,0.6516449014508168,0.6580416703138532,0.13307979117834437,0.6165217954286979,0.6233273603762952,0.6473804861425979,0.5933901710810646,0.42659992448093226,0.7801474879468541,0.6273584232159103,0.5833236913708966,0.6049951464875204,0.4358894907085191,0.8124046900326133,0.5979524729060886
2022-10-26,0.6643438119483356,0.6677428130405527,0.6728164873961617,0.6673058748855081,0.11613205478062238,0.6244694706723295,0.6234962657634933,0.6747711850635663,0.6441213733646931,0.46558524429181436,0.8248964222088628,0.6381104264863314,0.5777094235477589,0.6075569967536812,0.4280383116122032,0.8193376997177874,0.5616435379418185
2022-10-27,0.6718146864696415,0.6681419316488972,0.682055071997937,0.6684886150339377,0.12365924292451774,0.6302514962522137,0.6241197598113073,0.6783543057105907,0.6850209466325321,0.5063065717263147,0.8403268061604136,0.6487169954671189,0.5746565748816475,0.61135346276692,0.4069121354823505,0.8266395215107011,0.5293955170752624
2022-10-28,0.6741736321704104,0.6926841811244222,0.6860966158665855,0.699434824950413,0.11705262466858737,0.6417745516161346,0.6257139593751038,0.7644873031097809,0.74554133487583,0.5529900203040443,0.8933207084647962,0.6652224351716974,0.571311659977576,0.6179792392915467,0.4209817948218819,0.833617636660786,0.6471664185356957
2022-10-31,0.6983552587950246,0.6904891887610809,0.7024565490720225,0.6909588980809678,0.11191414380286377,0.6509276240061823,0.6266839198875263,0.7236417290883123,0.783936548143018,0.5992861223349445,0.8898778054161169,0.6772389069796024,0.5692219453682019,0.6229794410901751,0.4021642492202683,0.8268912933440123,0.49189163902761057
2022-11-01,0.6975690798104297,0.6920855778251815,0.6966826296478403,0.6864256541030322,0.1169004396952123,0.6577924618399702,0.6277647494411422,0.7015709253306396,0.8082409001538143,0.6419879806098603,0.8579306178486386,0.6864313666171254,0.5673859264344907,0.626683296776633,0.39612032819917964,0.8199206348510115,0.507054419251111
2022-11-02,0.6865590457824633,0.6882940843282703,0.6766653014424562,0.6615890817713532,0.2177065724512374,0.6627367443272163,0.6281596468241812,0.589273134985649,0.8022714871297416,0.6747580873904241,0.7696529301332864,0.6905711079212259,0.5688130632262536,0.6295023378955925,0.416074477080136,0.8080107451890671,0.4276658848162333
2022-11-03,0.6529405888468172,0.6533760648281399,0.6628076119542485,0.6568586065703075,0.13315289964594612,0.6691520539099161,0.6284575629423081,0.5694292580624596,0.7914241314923022,0.6984458183713925,0.6889248596609127,0.6931696838317435,0.573295154826073,0.633103296972393,0.40362316525573316,0.8002437595821698,0.5059008846960613
2022-11-04,0.6767294468902918,0.6717332719854325,0.6708916943223302,0.6734161596605357,0.15275939704910352,0.6751587555695564,0.6301688588671286,0.6278670712676293,0.7967549873807,0.7186385449906468,0.6578597546003753,0.695443342793815,0.5818257170338823,0.6386076448650871,0.40709994616819645,0.8089714111767393,0.5907745218722484
2022-11-07,0.6794815774619982,0.6791157632810076,0.6891760121040704,0.686031029859254,0.08106833851309311,0.6799395579922007,0.6322889115160182,0.6691384718898035,0.8110190998945792,0.7381174750508391,0.6515152231479924,0.6987447235907277,0.5901459872120574,0.6445235200798417,0.39318383167637694,0.8141863924488334,0.5744551513529039
2022-11-08,0.6934406007263247,0.6896913955789001,0.6909085816443623,0.6901707821763163,0.11028337737248167,0.6832698018687189,0.6353858714089962,0.6825122180032973,0.8242065454133581,0.7567744130806808,0.644209003716197,0.7023720776522976,0.5974589925164695,0.6500896025602406,0.3931956284534037,0.820832832567637,0.5408914519824285
2022-11-09,0.6897047910923093,0.686099439651189,0.6889835671659381,0.6745987380114078,0.11585603301518715,0.6840257210759251,0.6373673704569327,0.6069685417097337,0.8179955256646385,0.770252268793962,0.5981750879810486,0.7029892056157628,0.6054313864299081,0.6544724922627182,0.3908002887033808,0.813913347211488,0.4640248045059179
2022-11-10,0.7079887079170255,0.7024611899573374,0.6991845280134243,0.7079105900223006,0.26238479821316935,0.6881118841596496,0.6413095766977355,0.7134476313297702,0.8422992934281958,0.7866993938355927,0.6245672334812532,0.7100935144799535,0.6081380789606325,0.65944183943533,0.41143519960176067,0.8280123505634747,0.6559591066117891
2022-11-11,0.7148700487439426,0.7042571251987435,0.6989923677099841,0.7063338728203239,0.18783206537389013,0.6888269836625842,0.646013898831906,0.7057824504083701,0.8576587057906492,0.8034371404529566,0.6271504032998395,0.7125488651859634,0.6177783698982875,0.6656046361104554,0.4194671652620571,0.8175662319289376,0.5186418864298514
2022-11-14,0.7079888274791968,0.70884634689463,0.7091931556001314,0.6949014191749199,0.19549651839573165,0.6892356335122092,0.6495196325101036,0.6498679515829826,0.8566332280921312,0.8165883144141202,0.5952713997733704,0.7132208858759089,0.6265426848702804,0.6704196552590299,0.41790219081261115,0.8067445755743892,0.4806543542352058
2022-11-15,0.7160493489370412,0.708646607534974,0.7101552606041033,0.7069250810969809,0.19939364732176826,0.6913604383157457,0.6527343626795392,0.6892714472846032,0.8646829308627109,0.8289855174808127,0.5885697815133457,0.71659441547556,0.6320717991060003,0.6749465909252811,0.4149447670977259,0.8177571808338764,0.5714153403934689
2022-11-16,0.7119206870723553,0.712238122259379,0.7228582637798384,0.7140210365948862,0.12008438805974603,0.6967951106849173,0.6564756568153272,0.7118721165645147,0.8751501502416481,0.8413430303684847,0.5882169980963479,0.719022978341855,0.6399052285230935,0.6801731458411399,0.39926522129274844,0.8248838442897942,0.5520459015627537
2022-11-17,0.7042532968539763,0.70525452201553,0.7161218575622383,0.7136267359462236,0.09141393268351344,0.7026792358373593,0.6608959107983012,0.7096895812069443,0.8803985996647212,0.8524523748131112,0.5771227390329807,0.7148713721649452,0.6561384756713802,0.6863668013648935,0.38290115857655793,0.8191619565449417,0.5231999643159463
2022-11-18,0.7284352480514824,0.7220153899536073,0.733829243503159,0.7291987801111321,0.10997154737801704,0.7084612111053643,0.6665632751484794,0.7602487739390958,0.8964060185909002,0.865070937476439,0.5905373210108531,0.7153092311093924,0.6673303031105471,0.6923032533680126,0.37402260074547183,0.825793117827171,0.5844207654003817
2022-11-21,0.7349230256735733,0.7365812632306148,0.7432601574528359,0.7431936216813906,0.09481422243176665,0.714386223044583,0.6725562686117956,0.8013900702799105,0.9191877960626508,0.8804758751737268,0.6153038231978694,0.7218811800519184,0.67138933684575,0.6976944057003373,0.36427415444137856,0.8316816106847169,0.5778054871314711
2022-11-22,0.757138683256698,0.7467573460828076,0.7623146592675987,0.7540347052525798,0.06873687964108219,0.721005840781469,0.6785492563880613,0.8310834821862135,0.9440728767070204,0.8986001610379346,0.6394745617030754,0.7317654465814932,0.671427925659756,0.7027048811140056,0.3489055209933947,0.8362923834195527,0.5654533300690242
2022-11-23,0.7581217263600566,0.753541359830955,0.7669338752309911,0.7591594811022879,0.06842803366570333,0.7297707234859061,0.6844729531462257,0.8448431337579375,0.9649850143811116,0.9179738925527943,0.6505801731381053,0.7416771116008946,0.6710163310618997,0.7074992939159316,0.3295214112079786,0.8408880235267765,0.543831389421039
2022-11-24,0.7581217263600566,0.753541359830955,0.7669338752309911,0.7591594811022879,0.06842803366570333,0.7297707234859061,0.6844729531462257,0.8448431337579375,0.9649850143811116,0.9179738925527943,0.6505801731381053,0.7416771116008946,0.6710163310618997,0.7074992939159316,0.3295214112079786,0.8408880235267765,0.524711458009463
2022-11-25,0.7640198456525311,0.7527432646802821,0.7707832631779863,0.7601451518251654,0.019066389948630108,0.7351849356910631,0.6896553343966676,0.8475896476508343,0.9786815058676439,0.9366653226579398,0.6445155841470565,0.7500496229038621,0.6721064087774653,0.7122834204349814,0.3043032558040563,0.8430650749774179,0.5283763313543094
2022-11-28,0.7575321109327011,0.7541400975445718,0.7659716252319932,0.7544290059012424,0.10441381183074047,0.7401700881944593,0.6954958921697998,0.8063742858341564,0.9803112321328782,0.9519983312714484,0.6146644865009008,0.756595841685639,0.6712549234632168,0.7151539098587697,0.2905113086866028,0.836706227887722,0.5034718982254738
2022-11-29,0.7534033101633757,0.7449614025105584,0.7550006448937365,0.7487125363822034,0.09034117782217335,0.745747713381713,0.7006297628831106,0.7653059664276375,0.9724680655468562,0.962436614723553,0.5711580597143839,0.761470115969569,0.67233859376498,0.7181684325784955,0.28221655238592164,0.8310369022648645,0.5033896041827397
2022-11-30,0.7506510522823584,0.7707012510524349,0.7538460030273737,0.7786737227660327,0.14926212668056224,0.753184597276596,0.7062001260637016,0.8587366524488568,0.9906042436666579,0.9750145101458791,0.5901758530458695,0.7716153475840738,0.6717363819880784,0.7229834348366219,0.31391589455519087,0.8395931969554614,0.6368919564841599
2022-12-01,0.7787650343908947,0.7693046732786013,0.7788671250316872,0.7717748366936799,0.1270535646345994,0.7591708890841007,0.7117497087633222,0.8113565714398786,0.9944721767175769,0.9859783831435616,0.5758297261165645,0.776737108524289,0.6779344726866425,0.7287347168575228,0.3036482280614945,0.8321250624677791,0.49938934386350875
2022-12-02,0.7636265902739463,0.7722975477110741,0.7725155960535766,0.7786737227660327,0.06545595065626039,0.7659131336400642,0.718206890627779,0.8321730795543504,1.0,0.99603793349498,0.5677917166872907,0.7806614124355605,0.68650517507742,0.7350930078012506,0.3070474467722577,0.8365750784484187,0.5501489119834594
2022-12-05,0.7651991782128449,0.7555364832324094,0.7688583794816797,0.7595536199533925,0.10343803758968842,0.7690594708292189,0.7232714703229879,0.7065120202532477,0.9824717330092887,0.9999999999999999,0.5135946523378773,0.7816161214980123,0.6943653840704851,0.7395890592832012,0.31291137280031606,0.8302640416894386,0.4545318056965606
2022-12-06,0.7640201776798945,0.7583304889061762,0.756925736277493,0.7502899007744117,0.09602871819968159,0.7697950137255418,0.7271513237467793,0.6518456508788875,0.956282102398192,0.9970652466424582,0.45229274497516453,0.7817529710947543,0.7007980150552777,0.7429431306805269,0.3189575301605339,0.824316041784182,0.49027658022022746
2022-12-07,0.7559591208167344,0.7511470763829866,0.76404680798256,0.7565970931774337,0.08353164626840953,0.7700606101333272,0.7306154651842605,0.6772676415137071,0.9381433105659737,0.9904895660789719,0.4199306147845842,0.7821789106685512,0.7071663481003116,0.7464103342990419,0.3026150915947133,0.8296517185547653,0.5483018630864283
2022-12-08,0.7571389723539061,0.7563351166631271,0.7659717679016378,0.7646790429933326,0.09106181843139069,0.7706327232769274,0.7340380513468507,0.7091751053809346,0.9281759328876967,0.982905776730066,0.4109701094202498,0.7797996277576701,0.7187259917036883,0.7511121874455312,0.29225231418946257,0.8353563536420505,0.554812726644539
2022-12-09,0.7602843065440676,0.7553371965056443,0.7665488199027288,0.7530490345297023,0.12027984130986502,0.7698971971512307,0.7370102800140808,0.6368733590063088,0.9063194591266444,0.9717443319764388,0.3791703662681275,0.7796687512543486,0.7234690221991875,0.7534682444923776,0.28142734385553275,0.8282201134990933,0.4816276471728722
2022-12-12,0.7587114312370158,0.7605248935120603,0.7648166258318074,0.7688179863226052,0.07902726945841546,0.7713886424841336,0.739449040636168,0.7010377635115659,0.900979282711313,0.9615704618652792,0.3879483553199996,0.7805066256057759,0.7290271265332486,0.7567296802272502,0.2806988962917547,0.8333350878408824,0.5835823143895189
2022-12-13,0.7866286174160806,0.7788819892199703,0.770783132681806,0.7666497372488559,0.1439625087842062,0.773247867650511,0.7421095109053903,0.6872717943778811,0.8918923595271795,0.951313341496693,0.3872083911523986,0.7777526156946472,0.7390835520541239,0.7604746725999884,0.29837022949800635,0.8250384602675681,0.5167010893109083
2022-12-14,0.7718837101004565,0.7718983418608423,0.7703983638498679,0.7656642283235362,0.1808330486081789,0.7718994086769426,0.744894681121586,0.6806774788028152,0.8810778141849002,0.940586938341617,0.38303720349234993,0.7754226376080459,0.7473910471372549,0.7635406351793189,0.30485334532559644,0.8149352747544201,0.5210653688849484
2022-12-15,0.7559593589043523,0.7473561521757861,0.743260265871837,0.7400400254798793,0.1429479422950389,0.7686100348165747,0.7476521667780209,0.5274332635796023,0.8460281452557706,0.9238362684051258,0.32949092397194524,0.7722009441091179,0.7532358646888468,0.7648987285470302,0.33102539974377543,0.8066883582283333,0.42984761450496994
2022-12-16,0.735316269888127,0.7286000436188778,0.7344066709673192,0.7327468387588638,0.19189331534964496,0.7638496254754399,0.7503195752483338,0.49005605672580754,0.8095056927885985,0.9019229014887667,0.2836026481711533,0.7686357637832041,0.7587151602195463,0.7658967260070616,0.3300630560386952,0.7960432491959237,0.4972446465280737
2022-12-19,0.7353725719363335,0.7361300857652877,0.7374763628895502,0.731813428647196,0.09539610615349495,0.7609743016063466,0.7523721908574459,0.4851834548714825,0.7781835979987626,0.8770915016648549,0.2576659140611073,0.7682291403701978,0.7593844477985277,0.7660332008274867,0.33181298664791836,0.7901262455907031,0.5211787749906303
2022-12-20,0.7322047609307869,0.7274889322920117,0.7368951008952964,0.7306225986208699,0.08457903696752045,0.7589357481335697,0.7539395475448931,0.478592227766481,0.751052454961891,0.8509025229458506,0.24559916774570753,0.7694795635435251,0.756863218800296,0.7653770407007691,0.32132045593937797,0.7847392494743056,0.5202016634761731
2022-12-21,0.7407191159188444,0.7423600930990464,0.7508522424713582,0.7453133314877625,0.09329535671710154,0.7577661646594924,0.7558777624547164,0.5642130239272795,0.7423424089855488,0.8279211600647524,0.27410983974656583,0.7694406545868456,0.7560102724334874,0.7649218177895455,0.3215739620574737,0.7905533219699726,0.5803917227334239
2022-12-22,0.7428970334208522,0.7339194594440441,0.7398025993784407,0.7419382344294525,0.0774084391043765,0.7554090363706332,0.758244689947319,0.5433199784554145,0.7312962845444271,0.8069613853162683,0.2920785863429197,0.7691599454139667,0.7545276250961943,0.7640229334788028,0.3209010306178211,0.7855176659903039,0.5120455740279324
2022-12-23,0.7456691933396515,0.7419580559034769,0.751821381489391,0.7496807329688251,0.04736533494868233,0.755059905473539,0.7597128758555756,0.5874370593647934,0.7289261299952795,0.7896411183601855,0.3244281001741805,0.768606670930691,0.7540050921281749,0.7634767301690369,0.3096731511703221,0.7890812901361877,0.5538331407080561
2022-12-26,0.7456691933396515,0.7419580559034769,0.751821381489391,0.7496807329688251,0.04736533494868233,0.755059905473539,0.7597128758555756,0.5874370593647934,0.7289261299952795,0.7896411183601855,0.3244281001741805,0.768606670930691,0.7540050921281749,0.7634767301690369,0.3096731511703221,0.7890812901361877,0.524711458009463
2022-12-27,0.7545799124226718,0.7512026855674325,0.7622896177111973,0.7568279782925924,0.04684313160866977,0.7538171182159179,0.7614877018167725,0.626386669122183,0.7328246181652324,0.7766935833909895,0.36329482665448426,0.7687492681893681,0.7541093017028366,0.7636019475058219,0.29682372661783224,0.7926193277136455,0.5514547723405774
2022-12-28,0.7640839776709427,0.7546185329271506,0.7522088657953705,0.7381660861639951,0.04966601366382339,0.7508647333192453,0.7630084190065627,0.5071937581777493,0.7174923654014616,0.7627618393230138,0.35454675200540575,0.7690164103404088,0.752767209750099,0.7630514624674695,0.3057947408428656,0.7889429764577252,0.4552158343816343
2022-12-29,0.7470556097380741,0.7411545428499029,0.7556986660002327,0.7445193908710257,0.05781089375847647,0.7486730304876317,0.764329827839459,0.5440595202403158,0.7106243711849425,0.7500156185517473,0.36508419400903347,0.7651886362500272,0.7530609279554565,0.7612687347899932,0.29382911851192417,0.793018405076609,0.5486688629857742
2022-12-30,0.7444811063853796,0.7339195685592041,0.7407720124945085,0.7371737817412427,0.06788345018254735,0.7483759388437647,0.7651436276438996,0.49969644969131843,0.6976756952493602,0.7368005015295327,0.36091644204346746,0.7626220437095429,0.7520620121846389,0.759462689848953,0.29241152996180136,0.7884494481050294,0.4971305336730062
2023-01-02,0.7444811063853796,0.7339195685592041,0.7407720124945085,0.7371737817412427,0.06788345018254735,0.7483759388437647,0.7651436276438996,0.49969644969131843,0.6976756952493602,0.7368005015295327,0.36091644204346746,0.7626220437095429,0.7520620121846389,0.759462689848953,0.29241152996180136,0.7884494481050294,0.524711458009463
2023-01-03,0.7409168710441494,0.7296993074364475,0.7312732101529957,0.7316149030436223,0.1899805591156561,0.7482586115425798,0.7657758968099779,0.46703738254209326,0.6817787618005833,0.7225230732969138,0.3514741621654501,0.7580544105034394,0.7517682791893812,0.7570063964380208,0.2968508562380272,0.7778980590175401,0.5037356657972072
2023-01-04,0.7387387343618408,0.7377375500943215,0.7423224922814582,0.7373719837497004,0.1566192257365678,0.748834766407104,0.7660631781444662,0.5048406209501441,0.6743186602687441,0.7093622939392321,0.3613994186245411,0.7567729111497429,0.7507681434873439,0.7558485984487763,0.2958230036418565,0.7868148319050179,0.5465170443007675
2023-01-05,0.7375506953766053,0.7270866440377677,0.7339872061592212,0.7224827252792343,0.12157042956446748,0.7479910529715239,0.7653352072997428,0.4185171671970431,0.6542764192573038,0.6941621273773048,0.34327246620839813,0.7575851864006117,0.747122830038591,0.7543971684650169,0.2939593805746137,0.7796153563858079,0.46853606915536
2023-01-06,0.7442831881235621,0.7590399708764402,0.7541475443360701,0.7615922691832442,0.12357270637102993,0.749678395989553,0.7656008494086999,0.6299004327761963,0.6750227316199227,0.6868376455806259,0.4132749467020483,0.7583450335896028,0.7468821026805832,0.7546578978666866,0.33373166787073455,0.786912938118811,0.6737664162135928
2023-01-09,0.7634905972932617,0.7624567296582081,0.7607389179793389,0.7469018599114676,0.13997585928559597,0.7501928852613875,0.7651700041821428,0.5506838081876892,0.6772571720427554,0.6814988743915285,0.43092479839324505,0.7560225274343523,0.7473614285487205,0.7537299957661562,0.3385516455671072,0.7788116457193085,0.47017861410182715
2023-01-10,0.7516095116257253,0.7423600243974819,0.7539538476618375,0.7449162802806153,0.1003794180267577,0.7496990406304562,0.7646347219680267,0.5403236083171966,0.676824873437838,0.6771270951775216,0.4395198398266557,0.7553400457328842,0.7472049681406656,0.7533054965799758,0.32333646853245185,0.7726504731468232,0.5172680263523896
2023-01-11,0.7527976584752238,0.7455754952565365,0.7467813290707841,0.7457103826949099,0.1215719215740104,0.7485466805895287,0.7643282695877389,0.544440585140679,0.676903527492351,0.6736480048761325,0.4474544436173222,0.7515948349982403,0.7485461460098624,0.7520993665735721,0.32526387171072363,0.7798500217705144,0.5276923184601968
2023-01-12,0.7518074353425257,0.7403502908509232,0.7446488586954181,0.7339972102865062,0.12146748090600787,0.748114568633792,0.7638110380705576,0.4801424186346078,0.6657037304559742,0.6682542294350257,0.430435896895391,0.747609244172799,0.7491494035305086,0.7503950274655998,0.3225095205475012,0.7726555904605085,0.4807666150843524
2023-01-13,0.7329969091089918,0.732513108638811,0.7432922744839212,0.7409459300067001,0.11300629478826146,0.7477441725826239,0.76248493742135,0.519619570669286,0.6632195300680452,0.6633601795657074,0.43487767315155407,0.7432053979942815,0.7509771671083645,0.7491048252539155,0.3102579835688358,0.7794354462575329,0.5509880542858329
2023-01-16,0.7329969091089918,0.732513108638811,0.7432922744839212,0.7409459300067001,0.11300629478826146,0.7477441725826239,0.76248493742135,0.519619570669286,0.6632195300680452,0.6633601795657074,0.43487767315155407,0.7432053979942815,0.7509771671083645,0.7491048252539155,0.3102579835688358,0.7794354462575329,0.524711458009463
2023-01-17,0.7462631679122527,0.7457762231570861,0.7537598210005718,0.7419382344294525,0.10901666127056547,0.7482380172135552,0.7614362055783521,0.5253499402507349,0.6620306739552178,0.6591678353015941,0.4411147349950391,0.7433083563385833,0.7510693857174602,0.7492039046223086,0.302516630773444,0.7860198206717833,0.5284462860113428
2023-01-18,0.7413129965706782,0.7305032003925169,0.7142144850576881,0.7014391730979848,0.2143987872946435,0.7451102451076499,0.7587214751643736,0.33284859528904887,0.6231303084290802,0.6467468733746147,0.36797523479866256,0.7486244738154629,0.7426131792871742,0.7475697622165255,0.338042142878911,0.774272003644697,0.3723832647668902
2023-01-19,0.6987409816210863,0.6929231782841325,0.7025836880104748,0.6877410682489604,0.15996431113173398,0.7399659058199699,0.7561973234854249,0.28444467872180046,0.5801508890610583,0.626792251596088,0.30101281914551425,0.7552397430089136,0.7315677689484199,0.7452693507508535,0.3286192116152071,0.7651913305103306,0.47174434075174637
2023-01-20,0.6918105828380194,0.6901096252882823,0.6940541663201263,0.6988585020490852,0.1588915562703939,0.7375172099118326,0.7543895524431494,0.3519176711465144,0.557635357425839,0.6055805244819752,0.2898391251295813,0.7575992553238106,0.7259882089598555,0.7436113843680644,0.32895750710346155,0.774219441522702,0.5681113955037103
2023-01-23,0.704681362894781,0.7015646286165298,0.7124700977606799,0.7034245909312793,0.15367847492752562,0.7314880188424022,0.7525205830550272,0.37894436061827896,0.5452924711454302,0.585734202786546,0.3019754369597699,0.7577023342292145,0.7216048171690337,0.7414249496459852,0.317759937990836,0.7829921254777011,0.5423989769649837
2023-01-24,0.7060672203591682,0.7041768857385091,0.709562116536409,0.709380197240931,0.17554238276908019,0.7275988267638835,0.750576874454832,0.4143679058488141,0.542357639505063,0.569173080588336,0.3311757059619772,0.757178956607096,0.7187945217353071,0.7397255425488501,0.31584435242429154,0.7928360825004539,0.5477086718639588
2023-01-25,0.7036910480796572,0.703775029302516,0.708592810148106,0.7129536581052567,0.14780890938578442,0.7242858398617678,0.7491675552018919,0.4358215617040715,0.5446030591515421,0.5564475561688945,0.3652681521038658,0.7551866734414533,0.7170104644671407,0.7378085273639744,0.3149745954263133,0.8013211734263456,0.5384535718666663
2023-01-26,0.7143836387589075,0.7033730468565622,0.7178977031791223,0.7077919924123417,0.09521109697017621,0.7203555262077048,0.7470225420902272,0.41042479137218013,0.5427256215727583,0.5458295343454347,0.3840005434784561,0.7517304521379687,0.7154157524276572,0.7352490333153195,0.29962590782595766,0.7954132347767958,0.5049104623674169
2023-01-27,0.7098297977819037,0.7009620493991919,0.7116949536732142,0.7036234401299688,0.12893349665864462,0.71720722685528,0.7448072199784976,0.3898129786351002,0.5385666770939905,0.536365729866959,0.3942597246907611,0.7509589282931884,0.7126479597114916,0.7334460371001564,0.2908264573258607,0.7878529886427801,0.5086633074768209
2023-01-30,0.7036914476152671,0.707191779422603,0.715571812439318,0.7054100087645736,0.13074479624371677,0.7135238606726224,0.7426893340956859,0.4024844690408117,0.5382278386557928,0.5287157081719569,0.410381407783016,0.7488928606784314,0.7106933586016446,0.7314046744365713,0.28598784891998463,0.7955019836169932,0.5316092364334567
2023-01-31,0.7112156334272399,0.7122157172716173,0.71867334350657,0.7210933696493345,0.09403539345037651,0.7113632505820602,0.7420233748449696,0.5066518078150123,0.5538610696589022,0.5262395603813889,0.4563690289064389,0.7475852746116928,0.7103426256324845,0.7305653374005084,0.28422116306080825,0.801352315935344,0.5851887850907262
2023-02-01,0.7228980959335154,0.7305032420355437,0.728171746902915,0.7328062184626223,0.20511401190922016,0.7146145048089811,0.7420254619923468,0.5741454239219759,0.5781226602421683,0.5299136517574917,0.5110350052791702,0.7477035241364586,0.7103474732936661,0.7306275195850868,0.2953041368992532,0.8126452037758172,0.5693940327537776
2023-02-02,0.7258683956862673,0.7206560479320041,0.7281718623069966,0.7201007416314662,0.15723840969686842,0.7179686468278934,0.7416137707504391,0.4981535080342254,0.5860688149845793,0.5347050532777864,0.5209661393843938,0.7462596314214281,0.7100097959827234,0.7297260257001176,0.295598358459465,0.8036980925286342,0.4766268963194243
2023-02-03,0.727452192188192,0.715832644584792,0.7184790529670706,0.7143431755327143,0.1667275903896681,0.7195736628417033,0.7410415625201925,0.46592314937714596,0.5876288369049927,0.5389017919954888,0.5156805201043485,0.745989145434676,0.7094452864861995,0.7293011718145278,0.2989010500547014,0.7942860367809114,0.5027323955640157
2023-02-06,0.71497754031115,0.7098037616678596,0.7256516299735756,0.7161299059648774,0.08219182169889158,0.7208905930379377,0.7400157892983434,0.4775169778227718,0.5912117082829381,0.543094296067408,0.5156428807475577,0.7390656263050671,0.7116440747860535,0.7269282074291606,0.2816709763227238,0.7995560657273617,0.5315591128587726
2023-02-07,0.7086413222286434,0.7035740462812348,0.7105313025528677,0.7099757740516519,0.11291677421568788,0.7209523257131327,0.7388923353044232,0.44112044124845773,0.5889243267287627,0.5459151453001523,0.5034510213746386,0.7349516180563432,0.7119374999883121,0.7250008046187201,0.28505956507661306,0.7927805961992102,0.5011545959059609
2023-02-08,0.7050772211746037,0.695334715815797,0.7113068041043351,0.6988585020490852,0.1079230182756249,0.7194913358374839,0.737105976005676,0.37979152726768584,0.5774297942351102,0.5454926231115628,0.4746225383381632,0.7309804986372664,0.7111562901002042,0.7225967618089001,0.2776034302923964,0.7862498073696919,0.4819763635049382
2023-02-09,0.7094334454328288,0.7023683812522981,0.7058790071443304,0.6925056827347282,0.0990903217816981,0.7179068806114464,0.7348451006228536,0.3471622061142936,0.5633011789731746,0.5418614389548182,0.4461025678807883,0.7264008625629633,0.7102462505377662,0.7198196765629522,0.2815857096894681,0.7801517970689781,0.5001027359843908
2023-02-10,0.6955730287585358,0.6977463895845795,0.7047161767640042,0.705807059971721,0.09693735201130346,0.7181332169832007,0.733707707669202,0.4449645521171729,0.5656206917034985,0.539497134945125,0.45736314463381905,0.7233522206827004,0.7103792162720821,0.7183482567338987,0.2801334634530515,0.7861443176032958,0.5764646474450459
2023-02-13,0.7131957559939559,0.7138233596498393,0.724101023238189,0.7222845232707764,0.08564731580023185,0.7198822926764243,0.7329261704998311,0.547573899831434,0.5837659499177008,0.5418350768306066,0.4991587327464594,0.7193966419216525,0.7123828408727622,0.71737420148401,0.27817893355563084,0.7915836565282447,0.5882335445461756
2023-02-14,0.7242843560750711,0.71281856693698,0.7188670718182626,0.7089833078313417,0.11405816151600107,0.7186270616141319,0.7319352987042864,0.47081131018262656,0.5862995622695484,0.5442959770364513,0.5002516392910076,0.7129944161924889,0.7153446010609281,0.7156540782523143,0.2781818996651712,0.7847522620719622,0.47401078183656786
2023-02-15,0.709037503524045,0.7029712587967982,0.7149899919273917,0.7117625044838147,0.10900472519422233,0.7164458404239191,0.7312375033472556,0.4880277790570756,0.5915870189243515,0.5474971233310264,0.5068312655624295,0.7132881163488219,0.7161093635715476,0.7161929173267211,0.2687936183473225,0.7913360516503628,0.5354020683224103
2023-02-16,0.7019092408395249,0.7007607638498294,0.707817597897368,0.7012408092919691,0.09929323507953156,0.7144909723760868,0.7299675225081785,0.42928432462637733,0.586552926694642,0.5488846696500524,0.4907112073457954,0.711844835215318,0.7189162027934206,0.7168975530394063,0.2706784590753254,0.7852280991402035,0.48431545779574153
2023-02-17,0.7001270665244883,0.7114117934658286,0.7120823168591222,0.7199022160278925,0.1404861265492654,0.7150671775524902,0.729876819746548,0.5419445738169013,0.6007373880393406,0.5533008899879062,0.5176313673374863,0.71269382390873,0.7202276691187657,0.7179959557680039,0.2790934621894034,0.7933543932722822,0.5968803241474959
2023-02-20,0.7001270665244883,0.7114117934658286,0.7120823168591222,0.7199022160278925,0.1404861265492654,0.7150671775524902,0.729876819746548,0.5419445738169013,0.6007373880393406,0.5533008899879062,0.5176313673374863,0.71269382390873,0.7202276691187657,0.7179959557680039,0.2790934621894034,0.7933543932722822,0.524711458009463
2023-02-21,0.7169575335450971,0.7130191701893542,0.7213868319581132,0.7143431755327143,0.10853772620729682,0.7148819795269059,0.7282160532616353,0.5097678417284365,0.6072031695648732,0.5583409420835861,0.5231762528630267,0.7129718961111543,0.7210687247312786,0.7185658648216396,0.2747899154292667,0.7867934853965025,0.503487371480372
2023-02-22,0.7193340385019207,0.7174407254723594,0.7233256235116625,0.7121597174885201,0.10669211040273813,0.7151083494399129,0.7269948957474435,0.4969285827370731,0.6106996040508844,0.5631879497264473,0.5214603905671561,0.7130912262512153,0.7212348353485138,0.7187109453253581,0.2744290812000561,0.7803230077639882,0.5163433422627063
2023-02-23,0.7165618223021697,0.708397192706981,0.7163469268544076,0.7103728252587993,0.1641195577086911,0.7163018310563842,0.7257807219307426,0.4859662707973521,0.6122000497828993,0.5674152870342678,0.5159524935608442,0.7129541613786919,0.7211065676413004,0.7185762355567563,0.27136747836118713,0.7710387386494326,0.5178529060830828
2023-02-24,0.7027014350314065,0.6937272141750275,0.707042312280096,0.700645394278806,0.14383717998260317,0.7171455277213379,0.7241967249347789,0.42764080289762163,0.6047056136491371,0.5690503172328232,0.492910950728832,0.7131559063164389,0.720176637176517,0.7182032100110768,0.27215948124512684,0.7627482518525406,0.48732916657373315
2023-02-27,0.7106214264809427,0.7023683497004285,0.710919118261397,0.6990568658551009,0.12625683153869452,0.7164458571945453,0.7229686007842464,0.4183228616207916,0.5978484956039967,0.5687600509457382,0.4757980857910144,0.7134046299199882,0.7194639631028623,0.7179648520078789,0.2686542225709274,0.7553191551578281,0.518565641393036
2023-02-28,0.6961665552093061,0.6862909943286726,0.7018079293813277,0.6871451678431237,0.12021419288997773,0.7128035958168055,0.7210775485806866,0.3514999320997101,0.5819302404541228,0.5648175335353637,0.4433353037426368,0.7150902334899804,0.7159304874394594,0.7170114960021027,0.26055259578098017,0.7481861316120444,0.478575825319672
2023-03-01,0.6858703837160964,0.674836532288704,0.6810664100749317,0.6766237962463937,0.13092234537932104,0.7094494705685195,0.7187818002068105,0.2992208928154382,0.5603923374479699,0.5566433603545222,0.40572252347557225,0.7167074882007095,0.7097861887564063,0.7146903515114219,0.2672666686279285,0.7405284372045664,0.48362129604899484
2023-03-02,0.6799299904653708,0.6895067406728619,0.6909526252276426,0.6960791435990541,0.12198520821739176,0.7078238602256852,0.7185933996119589,0.4442209583181205,0.5626858807313315,0.5506386120404663,0.42500530668062236,0.7124251019177491,0.7102664362242024,0.7127733363265462,0.2759253681773868,0.7477482357695547,0.601255557045585
2023-03-03,0.6991372034406542,0.689305950335291,0.6992883870412712,0.6972704590180538,0.15940928358177778,0.7074123258283467,0.7189283498001677,0.4522987807343295,0.5665717675807527,0.5467405548077747,0.4437304849635418,0.7105518549846322,0.7097850834187549,0.7115816814341401,0.2706363508573947,0.7568017140369083,0.5293351338842279
2023-03-06,0.6963647229827752,0.6939278180591217,0.7078174915794988,0.7010422836883954,0.09930666316541759,0.7054574577805146,0.7190051079150166,0.47871216015907136,0.5740703201202164,0.5453699081411971,0.4661951993506036,0.7094619605080753,0.7095032076743248,0.7108874249017955,0.25936349682335597,0.7629103244873986,0.5393383717303419
2023-03-07,0.7042849827496587,0.6967412699565054,0.6996756597617093,0.6867482784335344,0.12472155371905758,0.7025971939337861,0.7184189493509388,0.3949447453584721,0.5674460334514686,0.5427293698323506,0.4549078551301702,0.7084711978234383,0.7074796949310116,0.7093538144429393,0.2658603952229418,0.7555564523038584,0.46942495126455214
2023-03-08,0.6884443722878146,0.6812671109259294,0.6957988193921609,0.689130585676418,0.14130374777877078,0.7002101803889647,0.7177071922859759,0.4128868610514492,0.565402782737538,0.5401406883648536,0.4553687810855933,0.7078795304157767,0.7059340975104995,0.7082657740042341,0.25462567976991185,0.763722807691644,0.5340179031111765
2023-03-09,0.6977509630667968,0.6876980277013003,0.6872694631434593,0.6758295320345411,0.20757731966453657,0.6966297019982979,0.7164023100205947,0.3409892582246251,0.5523286051703524,0.5350223502545738,0.43288410260107407,0.7093695814455411,0.7021070268745464,0.7070637483767118,0.2672166181493515,0.7523092243526817,0.4728375496408048
2023-03-10,0.6817119975422266,0.6746353299483168,0.6795153880662401,0.6688811359094633,0.25850855742073325,0.6933372758839542,0.7150346256612461,0.3069787362107772,0.536692347649395,0.5272831047654067,0.40958834824638296,0.7115826404886988,0.6975042187529352,0.7058306358795124,0.2713348118270762,0.7384001464428966,0.49735874706800787
2023-03-13,0.6706236477843954,0.688703029105963,0.682423329460019,0.6760282194356728,0.4197216805398687,0.6909503126510115,0.7140646765229235,0.3653844422703161,0.5323877127059544,0.5200883631118184,0.41442813300986076,0.7116207310279729,0.6944228435964483,0.7042762923956475,0.2918204063757975,0.7602082366526568,0.5529847906330649
2023-03-14,0.6832964410705891,0.6802627668082271,0.6907590418524592,0.6889325454655182,0.2601930361946595,0.6911355777591008,0.7134855073433861,0.4610674792999496,0.542385644970987,0.5166629364988474,0.44793142960821397,0.7078685339050729,0.6947238453289393,0.7025354445841671,0.28509326156447734,0.7741998495217358,0.575502873201595
2023-03-15,0.6827022616640053,0.6907126183694159,0.6919219255143716,0.6982629252383641,0.2944913515666846,0.693378514853882,0.712683036142693,0.522824372205667,0.560138410326381,0.5180604961560061,0.49080021021071474,0.7067024064434734,0.6947810992396282,0.7019758809299758,0.2927816370076668,0.7898719882050305,0.5611048314442051
2023-03-16,0.7003250891549184,0.6913154249301383,0.7043282579671906,0.6992555532562326,0.2090663451883438,0.6937077557882536,0.7115037580652464,0.529314195030868,0.5759797425561569,0.5228709186938576,0.5211352063862074,0.705089452395581,0.6950975398776063,0.7013230651119765,0.281441748335054,0.8013585298162474,0.5285581599381064
2023-03-17,0.7003248777142643,0.6903104850819033,0.6977372239367647,0.6887335344692709,0.17283140142964354,0.6928228872358773,0.7104012267285484,0.46009320419017175,0.5793919148242102,0.5275145824426101,0.5196529823981989,0.704409158755038,0.6944917936034454,0.7006702324035293,0.27969700934138425,0.7916474036358659,0.4839638575744105
2023-03-20,0.6972818521638038,0.7007629023595643,0.7087125568963488,0.7085817262925724,0.18546872225794755,0.6936043648774752,0.710198716562463,0.5859210222739096,0.6013835120634275,0.5363554219540189,0.5569592894954843,0.7020082907767901,0.6957085411572497,0.7000793454133877,0.2841391177924527,0.8019777247721551,0.6021405758070143
2023-03-21,0.713796055774552,0.7048017607783039,0.7122189523559608,0.707385071554161,0.16113106259427634,0.695743407942691,0.7098913428800631,0.577703718558564,0.6180317329980364,0.5473085419215289,0.575734148550001,0.7006411287667985,0.6963491097543262,0.6997161585537103,0.28141504382056653,0.7928398839334772,0.5201070666376072
2023-03-22,0.7129998293156532,0.7070226302903324,0.7089071979966475,0.6940196224842299,0.15281310939264767,0.6962501659558282,0.7093304973758643,0.49015368656302083,0.6189419855655754,0.5562832039939625,0.5581487620933562,0.6980793493043468,0.6970279200251281,0.6987693138156662,0.28740870862422063,0.7841096005775838,0.473242528575017
2023-03-23,0.7008632886083719,0.6936955200637653,0.698389252993391,0.6884343707846681,0.15606718220569737,0.6975566815931669,0.7089640978007461,0.4565049064977137,0.614775813120576,0.5624918619026552,0.5335633249803831,0.6954001456675957,0.6974345989967548,0.6976242089981483,0.28932147122336516,0.7752198763481563,0.503003177631682
2023-03-24,0.6952926301180531,0.7050037804539568,0.7057911579917124,0.7127711504599177,0.15893482454713778,0.7021059655205484,0.7096764121966159,0.6018554395854995,0.6346176594180793,0.5720836223301933,0.5636337982335136,0.697740082293211,0.6963604031756447,0.698257127868318,0.2999253936879551,0.7842501073904828,0.6196707001402147
2023-03-27,0.7207596027595833,0.7181290867344263,0.7320865523557907,0.7205507006400549,0.13674864264431835,0.7067208058259076,0.71019463894756,0.6407711077033575,0.6575838272742068,0.5851100968470242,0.5941630173685811,0.7020059095850889,0.6943395292670425,0.6993790252101847,0.2924209603595885,0.792193274797113,0.5545588295208936
2023-03-28,0.7257334416036474,0.7221673996588513,0.7355924266442395,0.7231436683033567,0.14760898010703677,0.7102668541209005,0.710224837183453,0.6536808192772398,0.6778934605697619,0.6002651446311872,0.6130826939512711,0.706908495313446,0.6931716009602507,0.7012580115512256,0.279668923992985,0.8006685697225217,0.5346068675773267
2023-03-29,0.7342889457676789,0.723984981171822,0.7418255718951028,0.7313225348564525,0.1161275787519937,0.7136935458689331,0.7110100425001213,0.6939188847629927,0.7011057929983975,0.6177996262699027,0.6342321275502676,0.7126292996045186,0.6931060343647855,0.704113079995924,0.26661091139334503,0.8076013600942521,0.5558688393581559
2023-03-30,0.7380691690535655,0.7304467679217181,0.7451368764119459,0.7355116354286817,0.13484334645804394,0.7174515581089915,0.7118448047711345,0.7139950090129256,0.7226026012237247,0.6368377922619036,0.6475975221473104,0.7188393471054245,0.6909963634356411,0.7061713077719093,0.252354675876525,0.8154511730783682,0.540581291218994
2023-03-31,0.7460274285457449,0.7393313055362813,0.7544862289621908,0.7474801243834905,0.12888873637235784,0.7235407544791135,0.7134700783765358,0.7680281458956933,0.7497738699000989,0.6584015365947166,0.6700459509262274,0.727250977887505,0.6878114519906142,0.7087920634757227,0.24550833028685531,0.8230092260779475,0.5699239572750312
2023-04-03,0.75139967098607,0.7498319116834451,0.7568238453487441,0.7552599981587438,0.11798214661380974,0.7283790466085136,0.7147128751162588,0.8001512810749177,0.7771704433463581,0.6820382587324489,0.6884714710781958,0.7363072482278396,0.6843988281345497,0.7116220242693615,0.24371731769038685,0.8300328853198305,0.5538649043123622
2023-04-04,0.7575673823717755,0.7524568770845437,0.7628619770372989,0.7522677141224836,0.08314670780634312,0.7330312183278862,0.7160458912183565,0.773764292680117,0.7943735075242304,0.7049574103644481,0.6820933951612866,0.7433011517193494,0.684180494149129,0.7150418924071534,0.23657516957091823,0.8247160695054013,0.5135567318049686
2023-04-05,0.7593582642529371,0.7573032893112086,0.7700691026205655,0.7592497641396099,0.1597912380247584,0.7397924472327551,0.7177010673330464,0.804089550236421,0.8127070588819325,0.7275660050455487,0.6793330311363859,0.7508735714150058,0.6838603035924993,0.7187018498190708,0.23237858977951714,0.8337882625199464,0.5507914456531452
2023-04-06,0.7607508191333192,0.7544761128950048,0.7651993864340028,0.7604464188780213,0.10319782405328265,0.7472566337071593,0.7194611126511012,0.8092981768632527,0.8263156446794142,0.748824836197867,0.667335751165056,0.7566485826269101,0.6867990931651327,0.7231185330855291,0.22543743656321308,0.8400875294574506,0.5291605345163124
2023-04-07,0.7607508191333192,0.7544761128950048,0.7651993864340028,0.7604464188780213,0.10319782405328265,0.7472566337071593,0.7194611126511012,0.8092981768632527,0.8263156446794142,0.748824836197867,0.667335751165056,0.7566485826269101,0.6867990931651327,0.7231185330855291,0.22543743656321308,0.8400875294574506,0.524711458009463
2023-04-10,0.7581642165715377,0.7522548765910495,0.7599401923633005,0.7604464188780213,0.11523237302625788,0.7521982664354592,0.7215630691066552,0.8092981768632527,0.8349499503970366,0.7678444271175039,0.6474324188985663,0.7602015701853061,0.6926450748025041,0.7278978964982225,0.22386246226329282,0.8469764571404509,0.524711458009463
2023-04-11,0.7661229100633584,0.7605342465185148,0.7755229833866546,0.7648351776367299,0.16776453702197877,0.756788437149617,0.7238751222530937,0.8302490939866695,0.8436863563358237,0.7850964238674425,0.631721280112135,0.76405242407285,0.697914615542147,0.7325332857315469,0.21296419482094153,0.8564393205026195,0.5410155594601362
2023-04-12,0.7675157907348182,0.7611401659833303,0.769679615547979,0.7580529476036406,0.1296004249243178,0.7604068506968418,0.7263674719480284,0.7563822450251901,0.841972993601243,0.7984986623426871,0.5975029693795019,0.7668054492457103,0.70225744270486,0.7361411107754886,0.21045389378235413,0.8488463966654999,0.49958902960461576
2023-04-13,0.7615468154531375,0.758716900837225,0.765394336191074,0.7664311487480995,0.16738705860762684,0.7640459256555958,0.7295241259621081,0.8004099644633479,0.846247105751418,0.810216683983936,0.5825329242871583,0.7709448045568127,0.7051322341955091,0.7396992356759774,0.21116677257480265,0.8582907645939206,0.5558858479683835
2023-04-14,0.7653268846268877,0.7605340841316772,0.7663680550200287,0.7568558074725555,0.10577750855294471,0.7662582898987391,0.7316603753296085,0.7025970053354775,0.8384005712761101,0.8177621928542074,0.5454458324892866,0.7727850154763108,0.7092001111658448,0.742705752323317,0.21304632297053278,0.8518651000083923,0.4892804200725269
2023-04-17,0.7627406906280363,0.758111137014764,0.7716273516885725,0.7664311487480995,0.11911159783777978,0.7682225998091454,0.7340913162578442,0.7556109366306601,0.839027956848484,0.8239448340329703,0.5333320770719516,0.7740066138841216,0.715933795482876,0.7467612755838667,0.20474702503136455,0.8589440993425567,0.5603687193623531
2023-04-18,0.7691074560148319,0.7639670982031805,0.7749387452729979,0.7710190803006134,0.08255288800827171,0.7698560588050607,0.736550942666653,0.7793636698906096,0.8416306266960566,0.8294975899306298,0.5277333852225482,0.7771734130255114,0.7191844314239073,0.750020270648993,0.19886641941273842,0.8642318195734616,0.541687894902043
2023-04-19,0.7756730530429581,0.7659861742287548,0.7788341438763557,0.7700214365584495,0.06838625739850232,0.7716962660812801,0.739477925163494,0.7686449062742772,0.8405360475781395,0.8336846648208963,0.5155946238411347,0.7792438457824579,0.7235394240420925,0.7532896533396839,0.19036198203199045,0.8596382263917118,0.5210311267683202
2023-04-20,0.7675155140639411,0.7700248298352372,0.7772758281036196,0.7736120479639153,0.08399118520762058,0.7731849442608532,0.7424473785502874,0.7886500830106257,0.8408412292039102,0.8371054579516908,0.5087835813071856,0.7788123799654428,0.7321012203735962,0.7574440786189217,0.1909881735311444,0.8649964193425099,0.5379660428936398
2023-04-21,0.7866159032082192,0.7843618632136193,0.7944167872390662,0.7845835403667918,0.1302658611804481,0.7756868030541759,0.7462699918150839,0.8447834810035136,0.849131040643722,0.8417743220512646,0.519876973977266,0.7767182491772392,0.7439992265441655,0.7624627036737849,0.19826638748771291,0.8726219477782524,0.5651163449655832
2023-04-24,0.787411855402119,0.783554214642489,0.7975333046322262,0.7907674430306753,0.10478383019737794,0.7788296351824462,0.7505541944991372,0.8730673424685641,0.8591120374406898,0.847835832639506,0.5322554161779588,0.7791345868619907,0.7495821586080922,0.7665338168179056,0.1870655261019249,0.8789989247792902,0.5473214296860698
2023-04-25,0.7931815722496769,0.7924389579200268,0.7998705468152312,0.7887724791414632,0.15635663205701864,0.7813107822523606,0.7545170617928585,0.8485197953064557,0.862667796086301,0.8535138346402525,0.528846626565947,0.7808768576930339,0.7548325049239506,0.7700947370875503,0.18640512544235155,0.8700950182805065,0.517446758188506
2023-04-26,0.7844271240818759,0.7793134376880428,0.7891574120022711,0.7768036665915385,0.10561487951276935,0.7832543301274799,0.7576056588787028,0.7125368326100451,0.851836566820139,0.8555316406104678,0.4963132267578704,0.7794708616798404,0.7617072837858014,0.7728955871939361,0.18457441276755804,0.8636773220834308,0.4810700237610797
2023-04-27,0.7804482764347849,0.7871890130923993,0.7897420572551557,0.7937597270669354,0.14304939894395563,0.7860869895234148,0.7609622923215851,0.8033853778167669,0.856863677498269,0.8583176288092544,0.5031411614802472,0.7816034112100417,0.7659805018117418,0.7761545738138383,0.19200620872833285,0.8719292097142404,0.5870246585775352
2023-04-28,0.8005436121531431,0.7966798585161485,0.806688266737263,0.801938593620031,0.12021866891860639,0.7907599065074482,0.7645715160935043,0.840073835521214,0.8660629769140693,0.8626906368469277,0.5172472777896394,0.7852397342412637,0.769174683037031,0.7796218112132492,0.18703609682244077,0.8790624525734677,0.5544369607285876
2023-05-01,0.8021350199026471,0.8015259468333464,0.8115576458323215,0.8031352483584424,0.13667851819580237,0.794564356611569,0.7685926415281841,0.8453515099672438,0.8719070528649603,0.8675512089414321,0.5215809572594338,0.7896263725614016,0.7705260055572305,0.7825267993772255,0.1818118752293047,0.8870021840694807,0.5290375868191084
2023-05-02,0.804522731161206,0.7944585602875576,0.7963647895558568,0.798946309583771,0.2601452918892869,0.7974590673245971,0.7717688817427188,0.7984127807990701,0.8700273373132629,0.8710015333681161,0.5090460681925902,0.7928269411780896,0.7718266967791787,0.7848070605383471,0.190962644534439,0.8730129105438007,0.5095793895095352
2023-05-03,0.7971607741378848,0.792640800386847,0.7988966008179392,0.7863788460695247,0.14855193013814516,0.7991545440963534,0.774545447452152,0.670859748619337,0.8542947238962996,0.8700947588073379,0.4703182945487569,0.7931300527302209,0.7750135197261125,0.7865875333410058,0.19185015585897797,0.864491413586263,0.4791895688346236
2023-05-04,0.790794210821707,0.7821407532328286,0.7907160046127921,0.7825889000726955,0.14893985261929735,0.8000850119814804,0.7776585841590655,0.63584277372762,0.8360834392133583,0.8651245642948102,0.4342008667455289,0.7933232930556636,0.7772079638061555,0.7878057484630053,0.18963040337921727,0.855950909463609,0.5108706887057312
2023-05-05,0.7878095127127427,0.789813774661505,0.7961696417735364,0.7967516875080798,0.13098799379920834,0.8013462636985935,0.7814658480757122,0.7218659346935394,0.8328999366561965,0.8604063824154127,0.43644086364239343,0.795174362474765,0.7790885309491402,0.7897007469488188,0.19152584957016,0.8636118204682605,0.5765620385273975
2023-05-08,0.7941766042256959,0.7859773857434753,0.7998707044481914,0.7921637559555659,0.09502757979640036,0.801490994203057,0.7842564323635777,0.6788441498899834,0.8240193233264407,0.8545619003371555,0.4264298220567058,0.7958875690409993,0.7816252074140293,0.7913562726618616,0.18476308448016548,0.8577128736699005,0.5080693550281651
2023-05-09,0.7951715227113514,0.7841601430122946,0.7975334625812931,0.7873764898116886,0.07817234799033773,0.801346297239846,0.7866053034721954,0.6348187266658362,0.8105902492222847,0.8467562007262331,0.408997675371507,0.7961151867325701,0.7837041153346482,0.7925328443841387,0.17543975301622455,0.8526397881958485,0.5072943931090437
2023-05-10,0.7905953343495469,0.7861792570751789,0.7875993995703527,0.7849825331446343,0.1575412876340757,0.8021940523963502,0.7887788883234317,0.6127909469854183,0.7959852049044942,0.8371074262286164,0.3926156314413771,0.7950931753946534,0.7874671031474456,0.7939384674727258,0.18535030130620272,0.8436778367389786,0.5159744998585086
2023-05-11,0.7874117063486701,0.782342535191729,0.7893523549623473,0.7895704646971482,0.1505512229256218,0.8017598273417073,0.7908262547853255,0.6455784379490501,0.787144150501305,0.827327690642912,0.3914515928482199,0.7950805981980763,0.7898446224577105,0.7951462527430405,0.18603001298071464,0.852297293701347,0.5414817595375034
2023-05-12,0.7939776091278263,0.7879966592359995,0.8008445339752894,0.7955550327696683,0.0792540549089352,0.8010981590539779,0.7929367304418908,0.6865847197600901,0.7842238160477688,0.8188232164073428,0.4027866653464309,0.7936693951204942,0.7951953998629215,0.7971662067636939,0.17722509911878254,0.8574233799242812,0.5465214018227323
2023-05-15,0.8007421332413196,0.7918331024537684,0.7979226686019589,0.7917647631777234,0.10372599543146677,0.799919586524235,0.7944932987953472,0.647259888390746,0.7768488683917818,0.8103006483271082,0.4026258394568732,0.7927813506188631,0.798662804802863,0.7984885261623879,0.17939832120413074,0.8510982340004263,0.5109520716091467
2023-05-16,0.7923858326941422,0.7813329047043591,0.789741928378715,0.7787986304807506,0.14339106912927815,0.7978312410621473,0.7953206622142144,0.5270030463704507,0.7575005045522076,0.7989727830552928,0.3776911489777616,0.7920028424609721,0.800227695577244,0.7988945894244971,0.1817206707331364,0.8428296054434181,0.47752571902989743
2023-05-17,0.7856213110915784,0.774669309494346,0.7819507318411709,0.7780008067226238,0.13713358110638474,0.7969628412647398,0.7962251590932352,0.5201598850763897,0.7403531391724507,0.7859136994629647,0.36230333441632956,0.7909874829475806,0.8020471932625481,0.7993110825382911,0.18265964446424648,0.8348675770806339,0.5217833148762572
2023-05-18,0.7752751286033794,0.7659862601006657,0.7749386475512559,0.7706200875227709,0.13525364908233953,0.7957222509591562,0.7966248165371863,0.45801684378294993,0.7189792536835341,0.7704845033377121,0.3412367527413116,0.7914566340395791,0.8012775171057387,0.7991549134554133,0.186879759319378,0.826997660364183,0.4976088059404556
2023-05-19,0.7766678702533549,0.7671979558186686,0.778249917787107,0.771617407669819,0.13066273571885764,0.7931170347963075,0.7970174675354462,0.46758934391045204,0.7023600314049466,0.7542674572270023,0.3342340025192275,0.7923511126846773,0.7990678384627894,0.7984781300915994,0.1819711612516664,0.8346426345919292,0.5283915654356571
2023-05-22,0.7705001292920641,0.7617458060042563,0.7616935161331604,0.7486772645145758,0.19210518070473578,0.7886095768107722,0.7966037915130628,0.3071975170701129,0.6673052788786754,0.733123088016441,0.2904378312065783,0.797105203855251,0.7900652397124064,0.7962811810655949,0.19719842100018498,0.8239871447231869,0.4401181643643438
2023-05-23,0.7476194223696893,0.737110335354902,0.7498117604859387,0.7377059339092571,0.17904562117579303,0.7834611287196629,0.7956502210789533,0.24959481789044036,0.6293813380302051,0.7073680959482016,0.24945662813933892,0.8023099831993835,0.779699549868397,0.7936156994552855,0.19490094771329547,0.8139715383785366,0.4836316948031063
2023-05-24,0.7412527113538618,0.7304468469680789,0.7412413733966747,0.728130916228829,0.15221033753731888,0.7775683499240804,0.7945984864735165,0.20531058966725846,0.5909453578173824,0.6778052569668018,0.21561084365117655,0.8079656071812783,0.7691327654787441,0.7910751649345921,0.1918545996730886,0.805270789233055,0.48859421159506405
2023-05-25,0.7181728645530543,0.7130807117947755,0.7207890344165022,0.7169599274370313,0.23909303723906616,0.7700421289032093,0.7928596140428872,0.1596383098145503,0.5510560873332941,0.6448574004856281,0.1855233492222253,0.8124194048892482,0.7568793854901559,0.7870665042222195,0.20394126859877298,0.7923130199373465,0.48229987520039314
2023-05-26,0.718570971512797,0.7153020482585097,0.7252691788993877,0.7219470135649455,0.20635834786799295,0.7624125169715594,0.7916325988671191,0.21116315284680293,0.5255693542825475,0.6125585435233338,0.19129193665492733,0.8125699838976693,0.7485545138959173,0.7828912445752844,0.2023799166288499,0.8036668769151546,0.543790233691406
2023-05-29,0.718570971512797,0.7153020482585097,0.7252691788993877,0.7219470135649455,0.20635834786799295,0.7624125169715594,0.7916325988671191,0.21116315284680293,0.5255693542825475,0.6125585435233338,0.19129193665492733,0.8125699838976693,0.7485545138959173,0.7828912445752844,0.2023799166288499,0.8036668769151546,0.524711458009463
2023-05-30,0.7163824954858224,0.7078307222069804,0.7153353746013948,0.7051907730735856,0.31431866638219014,0.7534389573648002,0.7894800504141064,0.14528607410580407,0.4913556568765379,0.5787447628521517,0.17782664182129893,0.8134975448250391,0.7376264366818486,0.7777789113145154,0.2128011787507761,0.7870232527809675,0.4608264334977351
2023-05-31,0.7100154932040534,0.7056092562680443,0.7145560102714934,0.7067864205898395,0.30777918855569,0.7459747541197692,0.787222325657025,0.16165991487864412,0.46782940419315955,0.5462101248430699,0.18919621309304213,0.812829061794602,0.7288676698760364,0.7729685117034889,0.2127377087253014,0.8033464599739806,0.5308654391603853
2023-06-01,0.7094188047892027,0.6987439046211399,0.7131927115816465,0.7055897658514281,0.1810702781254989,0.7384692112810536,0.7849576058283527,0.15691118068622706,0.45033747613280356,0.5161053107144297,0.21079353495947406,0.8126867950409821,0.7207508321040295,0.7687516255472789,0.20446029410125038,0.7932316508483189,0.520101364243458
2023-06-02,0.7092195497368727,0.7175230946876208,0.7205942740804965,0.7255374631728533,0.19425516645604465,0.7337963110676464,0.7832678240139623,0.3495478580712855,0.4575148297847076,0.49369439193118203,0.2791801927409744,0.8104530806535214,0.717128120678991,0.7657737550998701,0.21381961052708892,0.803992484274495,0.6016231420158056
2023-06-05,0.7263305653486904,0.7249946676210393,0.7320866025333381,0.7201517078622126,0.11830889670370331,0.728461792878389,0.7810030984982399,0.32107983537471807,0.4602846720660062,0.47641126522367466,0.32475821871040056,0.8056201573356653,0.7140772690287078,0.7617755242391825,0.21550967601901466,0.7969528151512253,0.5042278779603158
2023-06-06,0.7245400681429259,0.7153022279231462,0.7192311584309168,0.7127711504599177,0.13572512409789372,0.7247400555028909,0.778261593452513,0.28366397985707326,0.4577072509649931,0.4619840060037472,0.3501423997753793,0.8011202409240828,0.7104117258330043,0.7576315288116292,0.22255808916741837,0.7890597974187099,0.4965377335514997
2023-06-07,0.7064343306166629,0.7027824182673148,0.7139718433313236,0.7079835607209246,0.17747453512712666,0.7216592746917136,0.7754219299225085,0.260295881641434,0.45339076974537873,0.44943609217784675,0.3668468316067183,0.7968225464771933,0.706546205660832,0.753487516493628,0.21966715418284843,0.7791211700927811,0.5063431762611328
2023-06-08,0.712602137782125,0.7092441904926308,0.7209840374753007,0.7179575711791952,0.10714418929423472,0.7206047880255313,0.7733535384364909,0.3516100566463579,0.46154367468179824,0.4412980798779625,0.40604393697030894,0.7916004352333524,0.7048588261522266,0.7499890655461791,0.2145473344103947,0.7856137983831042,0.5631044719859672
2023-06-09,0.7159847821175727,0.7110616606017055,0.7246851125687286,0.7155639381072565,0.10527768535607554,0.7204600910623202,0.7706050212580224,0.3380159472125568,0.46782562917937953,0.4362518985651346,0.4335254633153069,0.7846289338939839,0.7041875395380084,0.7461262031815677,0.20674911241867727,0.7792126237987836,0.5155605432966004
2023-06-12,0.7203613854511048,0.7096477199412925,0.7225420778781246,0.7151644599367404,0.14409082160489498,0.7197570664102795,0.7675549823716803,0.3356372752244742,0.47443206562206885,0.43375481387289416,0.4561829327008886,0.7749121154365725,0.7055781262853991,0.7419301176121594,0.20072549720410843,0.7709097092400847,0.5231817371198059
2023-06-13,0.7161833243186564,0.714292289340057,0.7258534530633733,0.7211490280092607,0.0999900035360626,0.7214111700470982,0.7646732346711282,0.3935973322212428,0.48717813664469595,0.4347280623851616,0.4870287498832837,0.7644582014334617,0.7086965972828589,0.7382442418076748,0.1969586512004256,0.7770518015429724,0.5476344304916572
2023-06-14,0.7309069531787498,0.726206394467098,0.7379303100818935,0.730125880118041,0.1812761754424181,0.7238303496530507,0.7622542536091981,0.473624387779768,0.5073830635493404,0.44021612389049924,0.5271583535812931,0.7564358805694246,0.7116536734821344,0.7357037072869813,0.19620079508952348,0.7871766990870419,0.5589553573499471
2023-06-15,0.7382681338133328,0.7397354645469885,0.7466951284950909,0.7448871567201887,0.21710380059590859,0.727903599354569,0.760795855114119,0.5849397905687761,0.538602406952489,0.45188332959231814,0.582081250316608,0.7489683759220896,0.7156524888321212,0.7339752992905059,0.20219296782064,0.7990570545385747,0.5806779619179365
2023-06-16,0.7523944786258032,0.7455915019135961,0.7591612197518656,0.7466824624229216,0.1637152231225671,0.7300953189568089,0.7595337735875947,0.5972988268463261,0.5659893508353829,0.46760057631976115,0.6180797604583224,0.7431810059012055,0.7189279837253448,0.7327258452847963,0.194059930974878,0.8083215123387204,0.5314507153545287
2023-06-19,0.7523944786258032,0.7455915019135961,0.7591612197518656,0.7466824624229216,0.1637152231225671,0.7300953189568089,0.7595337735875947,0.5972988268463261,0.5659893508353829,0.46760057631976115,0.6180797604583224,0.7431810059012055,0.7189279837253448,0.7327258452847963,0.194059930974878,0.8083215123387204,0.524711458009463
2023-06-20,0.7477256374731889,0.7406838468831662,0.7490687387531862,0.735352103036568,0.11983373045654,0.7316708689803126,0.757375629077309,0.5063145118497456,0.5778063441435265,0.48292873601248265,0.6146213872031334,0.7340147584470199,0.7242842727006746,0.7308329327693196,0.19427300899919697,0.8012071304356471,0.4822305739434444
2023-06-21,0.737506705277791,0.7366168299164586,0.7431840701040919,0.7405754135990523,0.17804746679159758,0.7345528340173975,0.7555623415964616,0.5456410787068877,0.5927459299645327,0.49867345513724226,0.6183239469658565,0.7322031116342061,0.7252474158255231,0.7304100466209306,0.19753633723242853,0.8111738298823631,0.5444453119011603
2023-06-22,0.7511316802802048,0.742717161892321,0.7573074669571744,0.7492134616215382,0.2319701836812948,0.7388263920787437,0.754220942782555,0.6066607961417035,0.6131500340136471,0.5160251183107546,0.6326071582395684,0.7346460572071846,0.7240081819552195,0.7310106962900581,0.19198250954112833,0.8237825983847418,0.5572313994829033
2023-06-23,0.7545381864908445,0.7429207646061733,0.7525996186393034,0.7393698599949552,0.11946222008035964,0.7410458167555345,0.7526176951220909,0.527693187082421,0.6203468633936899,0.5315839208667272,0.6166714403752697,0.7360784382852118,0.7237406762763834,0.7315973268872852,0.19019812324789642,0.8166864194974914,0.4878674762987831
2023-06-26,0.742315194045787,0.7331592726284204,0.7431836497403221,0.7413785766765908,0.10824976836551847,0.7437215534017283,0.7509237901963968,0.5426968624727827,0.6281804474762743,0.5458568528136706,0.60524206821158,0.7381623438063339,0.7241760915323008,0.7328718885440545,0.18854119044117623,0.8232332182083962,0.532279890106843
2023-06-27,0.7403116063319399,0.7384466913443084,0.7510303419564752,0.7457984005664209,0.10839896931980778,0.7468968199211494,0.7491748858094374,0.5759838233098103,0.6386748601102078,0.5597212871417608,0.601611165318964,0.7407558551145207,0.7240496615683403,0.7341168412453528,0.18271067702560034,0.8297873273674228,0.5413419090896168
2023-06-28,0.7419146479111147,0.7311256641569739,0.7420066953646733,0.7357536845753372,0.1656175352897557,0.7484106204988321,0.7472061428148167,0.4940980440569406,0.6376290272664875,0.5705690667951983,0.5747978384384529,0.740903050863097,0.7270279780953788,0.7357121102848972,0.18925232176545126,0.8204296613537253,0.48702846729552063
2023-06-29,0.7314952158770551,0.7278720276687454,0.7380835522607021,0.7343475019994132,0.12410386176829988,0.7488481996787235,0.7456437224868335,0.4831362984431504,0.6356192919978515,0.5787788516406294,0.5513502036493297,0.7406891146622862,0.7300565394513441,0.7371506950828975,0.18766294900480535,0.813106054425409,0.5194002929029883
2023-06-30,0.7407123730516418,0.7406837749035782,0.750638015854439,0.7472047449399026,0.18748741116948184,0.7490884221290057,0.7445612664368968,0.5844830661520365,0.6461948334841627,0.5878116781952569,0.558665753079102,0.7415681835657465,0.7334408661579346,0.7393228404859077,0.18925256380065553,0.8235352859247848,0.5733196161416119
2023-07-03,0.7479257541951736,0.7502417368221557,0.7549535679594861,0.7588565960738527,0.16586670088341884,0.7503502943592895,0.744147789461266,0.6614172600949692,0.665384657475525,0.5995107970071895,0.582364907793363,0.7458389317839514,0.7326237977939647,0.7410619739169088,0.1950203404181946,0.8329051603868455,0.568382397402277
2023-07-04,0.7479257541951736,0.7502417368221557,0.7549535679594861,0.7588565960738527,0.16586670088341884,0.7503502943592895,0.744147789461266,0.6614172600949692,0.665384657475525,0.5995107970071895,0.582364907793363,0.7458389317839514,0.7326237977939647,0.7410619739169088,0.1950203404181946,0.8329051603868455,0.524711458009463
2023-07-05,0.7555402055556011,0.7490217794687792,0.7645657074390515,0.7562451834889474,0.2369176873255281,0.7525159020964718,0.7436074685207843,0.6378338537301617,0.6777874588204487,0.6117609973557041,0.5872631579982487,0.7488123883585461,0.7333729741600818,0.7429459176044589,0.18535493296611588,0.8200539774247513,0.5149998712822146
2023-07-06,0.7523339159323319,0.7445475451898973,0.7586806498471672,0.7524278937048292,0.1966647618678169,0.7537444343217878,0.7437393000285502,0.6030782091975856,0.6836055385404444,0.6229172639708671,0.5775398035074496,0.7499523446345125,0.7362991999355428,0.7450158504609586,0.18159184561882097,0.8091750802614098,0.5104906026469179
2023-07-07,0.7517328906449461,0.7400736280505555,0.7461262519295051,0.7329411576259315,0.21940447931104967,0.7520577788994345,0.7435718220909204,0.4519063485450272,0.6695679947930364,0.6285703382489541,0.528625058223481,0.7479912945223751,0.7407890899207445,0.7463185431589924,0.19189179175231108,0.7971819976998405,0.45193062823741037
2023-07-10,0.7381076296347626,0.7382435879201061,0.7449493046498497,0.7325395760871622,0.15298319848053749,0.7513498069126525,0.7437267828313372,0.4491549099600781,0.6579535742442406,0.6303856520052792,0.4945133886897561,0.7471295303591495,0.7431315819140547,0.747079668975256,0.195018820985926,0.7884433804330884,0.5231917900026929
2023-07-11,0.7367046762086868,0.7280751354340065,0.7402410803927781,0.7347490835381825,0.12103778215765468,0.750662647273036,0.7443520569258244,0.468073284386906,0.6508079086780338,0.6301723565039076,0.47648223530767003,0.7456451638762084,0.7465601523519239,0.7480810614153498,0.1899520848385826,0.795616757652504,0.5330749692716383
2023-07-12,0.7403116160003842,0.7333626509981057,0.7490685943664879,0.7381644681884159,0.16383458388599853,0.7498713755857132,0.7449220870158926,0.49773690706687346,0.6483707477832713,0.6294336547803746,0.4718121983630257,0.7435575371115141,0.7509751067359745,0.7492815753477696,0.17972941635924167,0.804887063811147,0.5376201692844833
2023-07-13,0.7437179919917618,0.7382435160317466,0.7488726006772726,0.7443922179904969,0.13251133554250213,0.7507667760913692,0.7462999853171739,0.5501396943177465,0.6522762275928495,0.6297530016426092,0.48121659019614393,0.742305437271292,0.754588802296271,0.7504947824519156,0.1775940172332453,0.812622614491121,0.5481954390209631
2023-07-14,0.7477252224872992,0.7433272293391568,0.7543648388075905,0.7494142523909229,0.16077148829443913,0.7523284735775972,0.7477983182778731,0.5903006968729645,0.6599807456992594,0.6318042857087018,0.4966107945025784,0.7425920176402047,0.7562769267638687,0.7515015629449445,0.17469152588367004,0.8217428371498258,0.5435695530422963
2023-07-17,0.7467236608551318,0.7412938591498863,0.7535805239687454,0.7449949138937666,0.11632004798302689,0.752099420364392,0.7491833765751976,0.5488265272034435,0.6617586350216637,0.6338597120574079,0.4966476128957061,0.7426004133739706,0.7562796395367728,0.7515071874641529,0.1701568922733624,0.8148006163000183,0.5081723777320976
2023-07-18,0.7465231506176806,0.7473946857312912,0.7527957593383874,0.7433877787509002,0.12568688389330937,0.750496047871954,0.7498108003746127,0.5336750909005489,0.6614986097035187,0.6354434451697378,0.492455000118199,0.742335632129233,0.7562046863217302,0.7513352173671034,0.1763690287762415,0.8073994455171307,0.5186789963168322
2023-07-19,0.7511317816753169,0.7514618374988551,0.7610345749982221,0.7584548527375257,0.19423875435107282,0.750725084314533,0.7511571241738833,0.6541923633103939,0.6752133750026429,0.6399071359020329,0.5180533046622977,0.7445931254493848,0.7563339703673035,0.7525410940167861,0.18121755088013314,0.8181594747940134,0.5813276258422571
2023-07-20,0.7627534756013385,0.764883801096754,0.7702542911055101,0.7713120956780151,0.2149418787682566,0.7526824679563016,0.7532147898834614,0.7352519001684119,0.6976574672699047,0.6487094667435984,0.5566170078412672,0.7501215286565784,0.7540094608047425,0.7541454332269454,0.18572002310860697,0.8299339018522628,0.5725390759875475
2023-07-21,0.7765792990600073,0.7724082581093972,0.7851629318940292,0.7765354062404994,0.18108072219229912,0.7572010951789137,0.7556243304422681,0.7645186429247196,0.7195573030090019,0.6608558517122282,0.5863404021589851,0.7558105884319141,0.7511770820679704,0.7555715359838203,0.17886503226859102,0.8400492227092929,0.5439766446879184
2023-07-24,0.7789838777713327,0.7762722290951887,0.7879092534588408,0.7823614127062535,0.1341674661351134,0.7623652238055585,0.7578880720983279,0.795805042632224,0.7413438851953803,0.6756510822932634,0.6098844835741406,0.7624068821373263,0.7490492898746319,0.7578155333529303,0.17311267501569833,0.8478659193634178,0.5461257014896759
2023-07-25,0.7833919362900228,0.7740350488286709,0.7873206081776296,0.7819595075723684,0.10259803621703964,0.7672586745246666,0.7602218213407987,0.7911490794954242,0.7569785387785145,0.6911314679054009,0.6159744367819548,0.7677615682728677,0.7479027271943832,0.759933705329125,0.16531901103584373,0.8415960404273628,0.5232398463788918
2023-07-26,0.7807870920869797,0.779932676645605,0.7886938544560407,0.7837675952821774,0.13139232838533235,0.7719855258426924,0.7626331646944793,0.8015628970593603,0.7696785730951143,0.7064759622016802,0.6147665761995199,0.7727639561369809,0.746837546917996,0.7619155544989266,0.16482592696257414,0.8492767627464242,0.5313336780667699
2023-07-27,0.7894031251743563,0.7819662329398316,0.7835935238280767,0.7703076564384184,0.12396212086172503,0.7746717105890346,0.7643610497443654,0.6492745768816139,0.765679124113695,0.7178193466057443,0.5792029870601189,0.7743783696017291,0.7487731029218416,0.7637191418797723,0.17540393183781156,0.8419601007438234,0.47547208410968006
2023-07-28,0.7863976551318594,0.7837965816693508,0.7926170474448437,0.7859774263283135,0.11894747678806153,0.7784615534776991,0.766324185307613,0.7468471750070793,0.7758396282337692,0.7292623138780672,0.5800881225119017,0.7783201455687841,0.7501528582029588,0.7664140297601757,0.1879854640390899,0.8490310585850539,0.5825447862609735
2023-07-31,0.7867983813979975,0.7803395119954724,0.7863398589429025,0.7789461898535781,0.12468723749957103,0.7819806681469483,0.7675213320963925,0.677897416853919,0.7757827000685922,0.7384034186021302,0.5596281761152857,0.7808720244319084,0.7508740393880822,0.7680708138115998,0.19016528282414075,0.8416788678045817,0.4990268506840347
2023-08-01,0.7797848196381527,0.7750515251836547,0.7828083982202403,0.7707089143820716,0.11453560456972683,0.7848125560940762,0.7683658419712325,0.6033939303784451,0.7665952475503561,0.7435748462352769,0.524343975260886,0.7818605467743259,0.751108085695938,0.7686894602531485,0.18973692558940858,0.8348240799143097,0.4944822468955097
2023-08-02,0.7675625325675126,0.7772890366682819,0.7781010041746717,0.7761336629041724,0.1463601681196353,0.7866449985703461,0.7697992800035369,0.6400509143727858,0.7631149981319746,0.746900794869809,0.5079405625478737,0.7835786321717223,0.7514421685925787,0.7697275640821278,0.2000684248575969,0.8432381863889398,0.5447275839750261
2023-08-03,0.7781822008457226,0.7707813549469826,0.7843781391294589,0.7719147915812847,0.10555669114059654,0.7867074691530953,0.7709008331676221,0.6016079618534017,0.7551417473352469,0.7477031096778121,0.48550941744995973,0.7847161940654924,0.7523091894043434,0.7707447068650494,0.19004268771015548,0.8368233412666315,0.5092003471198502
2023-08-04,0.7767796190552527,0.7691544483981179,0.7690774172644439,0.7568477175946593,0.12417547822635874,0.7846668025814121,0.7711691709383142,0.48022745415006285,0.7336103815314095,0.7433263259946034,0.4394753579475401,0.7836197763793781,0.7558367600519362,0.7719925393877439,0.20219157875846422,0.8294962253232168,0.4691615351661494
2023-08-07,0.7625530816495281,0.762240018530012,0.7728043875434711,0.769102264631879,0.10705914475028983,0.783292466531553,0.7722142403210643,0.5693694347779784,0.7272117616316484,0.738333477581234,0.4339995091113612,0.782665050629593,0.7605178256769567,0.7739009742249988,0.20090391117744105,0.8359846866581104,0.5703459613710296
2023-08-08,0.7709688584091772,0.7612234318152233,0.7679004185785394,0.758254061968141,0.14492634694891507,0.7808353517690423,0.7728073996437836,0.4909142815335821,0.7111714746820748,0.7306004507040581,0.40964362194988646,0.7809771122307191,0.7645892075634704,0.7751278457016358,0.20216098373727415,0.82764083358993,0.48464144702285045
2023-08-09,0.7619520905065682,0.7597998807112751,0.7702544153085673,0.7604638930142771,0.15236550652977976,0.7784198784714891,0.7733228795495417,0.5072125819755295,0.6999520803064924,0.7217989581591241,0.40014663860243105,0.7793814064798511,0.7684461754379819,0.7762917918139788,0.19750371349740942,0.8363491856014582,0.5329329012207578
2023-08-10,0.7681637527201477,0.7661041900817211,0.7690776105481483,0.7574505752954868,0.1291722181855075,0.7770872174278405,0.7740855072774164,0.4849979652074744,0.6877608113200172,0.7119161638157934,0.39053556219368324,0.7783903502146269,0.7707607700728119,0.7769733889554932,0.2045213603211356,0.8287772427504478,0.513517207102516
2023-08-11,0.7609504481127276,0.7551227773863434,0.768096881561539,0.7598615207061234,0.08612475885395762,0.7743802538755846,0.7749823038906372,0.5046708509157896,0.6800115952643239,0.7022037033492704,0.392049563102056,0.777796835736228,0.7724154202722833,0.7775186970715112,0.19601679338645545,0.8342399751093862,0.5336859297615743
2023-08-14,0.7647571247614002,0.7573592952366803,0.7635847429031453,0.7524278937048292,0.145973737648026,0.771631581775867,0.7751658932411263,0.44754443297430424,0.6666391858018307,0.6913168286981876,0.38161086367507036,0.7769216684420529,0.7740404581303495,0.7779066706637349,0.19854232537092348,0.8258448026953914,0.49708501737068994
2023-08-15,0.7511318453347788,0.7419038630913888,0.7498533101860201,0.7363563804786069,0.17243751091031978,0.7680708759535391,0.7743750293096343,0.3429441642868838,0.6409484547635275,0.6766192083562164,0.3477393136011305,0.7782765512142723,0.7719821547640582,0.7775396581175694,0.20180712894383707,0.8161529760980512,0.46468611238148744
2023-08-16,0.745320946109866,0.7378366335493161,0.7453415790439892,0.7329411576259315,0.19567406753133593,0.7635938901958843,0.7735559121133746,0.3232562521444251,0.6177163965344193,0.6594460708856792,0.32573585045227715,0.7812136305109719,0.7664703915789242,0.776207939184523,0.2029994499674233,0.8053226203102378,0.5118173843058675
2023-08-17,0.7363041165423485,0.7282785077366105,0.731021478415856,0.7186775703119603,0.1506616316317959,0.7580757504199092,0.7723696162161364,0.24871688200452868,0.5865464301539428,0.6384423134484514,0.29168764924949664,0.785379993277305,0.7569711561628314,0.7734606149080788,0.21207700481807362,0.7966977536162593,0.47073507909213214
2023-08-18,0.7192724248549196,0.7181105853579535,0.7294523024660964,0.7241018334413871,0.15866626282941704,0.7546815769161588,0.7720589212964932,0.3009176333773923,0.5678947986348685,0.6172918944511346,0.29038405809452816,0.7862827944200043,0.7507192573079595,0.7707237795998875,0.20763106392060787,0.8057148258519669,0.5454383257363856
2023-08-21,0.7232796947925777,0.7140431109077772,0.7227825243379009,0.7142577464221302,0.15375605942375606,0.7489968377391014,0.7714163301345307,0.2513357826844105,0.5450076809649149,0.5950369184805928,0.2805662796692796,0.7866913755096888,0.7433543610883133,0.7671690243437891,0.2093274495810616,0.7969383404639443,0.48723491626263443
2023-08-22,0.7126603849465576,0.7020451382368122,0.7188596065977284,0.7060216035335292,0.14615725482180184,0.7435828435520853,0.7704065830197901,0.21370146956235075,0.5205643000625266,0.5715355555232907,0.2694878549571569,0.7870121697765996,0.7352755204713013,0.7632053513398572,0.20201173792004407,0.7885341761987599,0.4931445414755074
2023-08-23,0.7140627837540043,0.7065189147017552,0.7233712342866228,0.7156642525931698,0.13572363208835084,0.7389392751639745,0.769615719088298,0.3059490070142282,0.5118733685160805,0.5507087405359,0.29326039000314824,0.7843273593337236,0.7309692013040279,0.7596506129742068,0.19429910688286722,0.796427120826794,0.5618792232066483
2023-08-24,0.713662027977696,0.7146535049322749,0.7184672156202716,0.7040124014592197,0.18049436244194217,0.7334003062702075,0.7681964020013274,0.24969848804316397,0.4957407539493661,0.5302870202291673,0.29686104611447073,0.7842350573897509,0.7242843844280116,0.7561902499871612,0.2030785025495957,0.7863405300308821,0.4800961186292333
2023-08-25,0.7130607903434452,0.7065188485389149,0.7178786102996069,0.712048077173552,0.16991601478283055,0.7284443514270977,0.7668830119090355,0.32178963025832097,0.49234358664838956,0.5131578156960616,0.32612634533459434,0.7793976764705745,0.721510906958079,0.7523314159944149,0.19988831029941095,0.7959088100549657,0.5557281278719912
2023-08-28,0.719873500066496,0.7122128914077674,0.7282751983058355,0.7186775703119603,0.07780382163324315,0.7249460658756404,0.7659579790921973,0.3779124064699505,0.49765011432685324,0.5006913233664855,0.3675705409574735,0.7746332137680857,0.7200616043316457,0.7491856207122704,0.191714568399531,0.8009638387221569,0.5501591102106906
2023-08-29,0.7224784673451925,0.7156703338792902,0.7259213428542586,0.7239010426720025,0.11641702860331493,0.7236550462969489,0.7652730364683338,0.42064899470441464,0.5084025203645035,0.4932243526314911,0.4120084436077397,0.7706533523516513,0.7192123704424103,0.7467424258438179,0.19056255460440374,0.8079108113632435,0.5446710761361137
2023-08-30,0.7286901411233102,0.7219746546806094,0.7367105503401403,0.7263118262850812,0.11905042544652114,0.7229679034279588,0.764143235726531,0.44042736560402396,0.5206729361336553,0.4901108242681741,0.4507037156745306,0.7648938410573477,0.7198146791699631,0.7441419133420192,0.1821354268141272,0.814986813413678,0.5338905927388481
2023-08-31,0.7238810844209644,0.7170938708820944,0.7331794639192266,0.7188786846764608,0.0899860795509648,0.7229887493163767,0.7623002447831466,0.3915215283281578,0.5248017017798936,0.48858235436806924,0.46479239843160464,0.759373200717704,0.7198522753083758,0.741373628019517,0.17277759341612897,0.8093348866573501,0.4964559785420593
2023-09-01,0.7266861633059789,0.7154667978794516,0.7165054430615856,0.7064230232747404,0.09916343024929986,0.721156306840107,0.7598358526263758,0.3187613551236381,0.5178151712780199,0.48573112391682105,0.45303513256340144,0.7568724962330825,0.7171708697525463,0.7387416486129593,0.18738593697509986,0.8032332942370567,0.4771231829956738
2023-09-04,0.7266861633059789,0.7154667978794516,0.7165054430615856,0.7064230232747404,0.09916343024929986,0.721156306840107,0.7598358526263758,0.3187613551236381,0.5178151712780199,0.48573112391682105,0.45303513256340144,0.7568724962330825,0.7171708697525463,0.7387416486129593,0.18738593697509986,0.8032332942370567,0.524711458009463
2023-09-05,0.7068492589237194,0.7000112672824315,0.709051149555946,0.6939675236705782,0.10345743371374602,0.7190531864563003,0.7567288806817427,0.2567956411763309,0.5021998450673412,0.4798104433265469,0.4257525368415017,0.7519887902054744,0.7143199916889815,0.7348198977011432,0.18930195982765124,0.7969213071198208,0.4767148074880999
2023-09-06,0.6954282067713944,0.6861828773178307,0.7029703449986788,0.6923607121228277,0.10966270140263817,0.7176372089414842,0.7535795572752084,0.24923454991640348,0.49013129250729914,0.4722609018888488,0.4112745196153942,0.7486100740614604,0.7109256459988145,0.7313805126506038,0.1797386406106653,0.7903052784652035,0.518466013350827
2023-09-07,0.6980327341701036,0.6916734610931301,0.7051278921014013,0.6957756113803872,0.12605839426948975,0.7155757132520089,0.750486711962959,0.2832869564431779,0.4856677882124457,0.4651808934348287,0.4154479311358851,0.7432242748045031,0.7096389440736592,0.7280040276286858,0.1757633475182217,0.7977246522639141,0.5379995391574514
2023-09-08,0.6994354511971097,0.6884197053680408,0.7070896057793703,0.6975836990901962,0.0988143000162629,0.7149093659595582,0.7479305251309436,0.3017202084066286,0.4857132629444875,0.45952748614347166,0.4281281771129965,0.737276348311868,0.7094008357616415,0.7248792018378228,0.1641016035214985,0.8038091382356027,0.5317304013323471
2023-09-11,0.7026416352672962,0.7020450614947356,0.7145440560196252,0.7100393604919164,0.10071959620253731,0.7147011586347709,0.7452613650492077,0.41984038218722974,0.49923239124613966,0.45815586452932744,0.4661865335964442,0.7288111962836982,0.7126782726685088,0.722278672445576,0.16522853544926142,0.8099869786298055,0.5730032745850452
2023-09-12,0.7138623650742295,0.7020449231031842,0.7114052319552866,0.6975836990901962,0.1730745989851351,0.7125147385504229,0.7424015409266909,0.3428555751354466,0.49989437063706577,0.45721286461614596,0.46999630800402187,0.7213055851374323,0.7144936728335742,0.7194160117444691,0.16811399713880787,0.8002639364189856,0.4768336539420076
2023-09-13,0.7030421346451126,0.6963507656506032,0.7119936552393675,0.7020033611824683,0.09196150018575519,0.7102450019949078,0.7399865976703137,0.3823704939303195,0.5062318031918359,0.4579356243082483,0.48480229729279195,0.7172532215769457,0.714989142510212,0.7176229133318764,0.16129033568408124,0.8060126535084448,0.5418469198851834
2023-09-14,0.7090533526571907,0.708552407153983,0.7202324501787207,0.7166686918327667,0.11422675859434797,0.7092454726709185,0.7378964532177632,0.5000317272644804,0.5265098369295579,0.46324033485390115,0.5255286512301456,0.7141740839385343,0.7163703743706351,0.7167735518148824,0.16568325795676447,0.8128523087711048,0.5813964501780389
2023-09-15,0.7166677057482014,0.7097729056664985,0.7182710537792769,0.7046152591600474,0.13713805713501342,0.7077670413439792,0.735530930426529,0.422223683562144,0.5325319565089354,0.46888776823021305,0.5285749194573602,0.7131325480680223,0.7159628596491985,0.7160395520582233,0.1694560921254296,0.8048900610948769,0.47859021194872975
2023-09-18,0.7123917150054497,0.7007598783910713,0.713029572097424,0.7041096417915325,0.07670570260967388,0.7075272549299791,0.7336772307678554,0.4190867790737659,0.5380983238044752,0.4747031509106969,0.5300677252564321,0.710954674419077,0.7160727849235584,0.7149960348406369,0.16756407834788833,0.7998888373258614,0.5227606531482433
2023-09-19,0.7047256186399815,0.6940032063934132,0.708487115419425,0.700671120090516,0.09001890376090846,0.7082220955164142,0.7312719327484036,0.3969725457989459,0.540505772625739,0.47991659694282685,0.5247174529003391,0.7102870636387538,0.7153441774781999,0.714286864042644,0.16395558402750054,0.7942353022709467,0.5114401005293695
2023-09-20,0.7077518856718319,0.7026025281052091,0.7128322471726996,0.7020871723174733,0.1363935443731098,0.7092302617129178,0.7292977131245617,0.4097612170487208,0.544943500196418,0.4851217209080727,0.5246434827831891,0.7102168726031263,0.7150114371519265,0.7140815015297554,0.16554247152060364,0.8021610708110474,0.5301898882828858
2023-09-21,0.7039186082763484,0.6931841594747374,0.6986123939076947,0.683479158775665,0.151734386493136,0.7079557108891952,0.7265917635158972,0.2976905779344957,0.5322251295157615,0.48632136034472706,0.48904100999027317,0.710732203371082,0.7112122533185059,0.712401560674024,0.1750404221138281,0.7934836419950738,0.4527912303219234
2023-09-22,0.6869735394390368,0.6780337281230726,0.6905153893531537,0.6757937747742397,0.1573010740976699,0.7056971435707569,0.7237215946492956,0.2591766156072035,0.5164086218731934,0.48359448331752786,0.45414043939077975,0.7129717577331068,0.7061136846075728,0.7109286544855401,0.17367537717220038,0.7845334603596799,0.49461981578013176
2023-09-25,0.6744658808366055,0.6647253227473418,0.6800480273797493,0.6707371156964179,0.11096820975266958,0.7016233907504512,0.7205889456735783,0.23499617346146745,0.5007994490490768,0.4777747197277798,0.4266495306358677,0.7145233072891611,0.7003571945789691,0.7087723776584943,0.1708649833104291,0.7778534652839977,0.5048051633965714
2023-09-26,0.6678087942512863,0.6589927101302795,0.6747158631673282,0.6602199508361941,0.1468271671065608,0.6977505668031438,0.7173479128975506,0.18833347053276406,0.48043219975680324,0.4683716112683646,0.39479921706723087,0.7158514100064141,0.6930690637029673,0.7057211097689869,0.1688719641775142,0.7694164771067468,0.48316095994195507
2023-09-27,0.661353428452486,0.6528504750008624,0.6577314718010536,0.6486913894413826,0.18624158320116616,0.6922246789978455,0.7142665611135006,0.14357754619666163,0.45562489087985525,0.4550669162165023,0.3601202339091937,0.7167781015107012,0.6844655863444069,0.701795448718442,0.18121833932130282,0.7590482878491871,0.4788237921457486
2023-09-28,0.6538892903472113,0.6467081845749019,0.6632610861618031,0.652938575336907,0.15508394791693086,0.6856189305688609,0.7114545366468559,0.18778970377664173,0.44235120965192437,0.4413292659545468,0.3562719414047862,0.7145359743474354,0.6791829302128443,0.6979656409607081,0.17478252997072263,0.7678898362254928,0.5417567860812813
2023-09-29,0.6605465781079001,0.6497792793266393,0.6577314136216341,0.6488934745912307,0.15065417158408145,0.6798432610563225,0.7090016835146853,0.17097157422838,0.43052271722807894,0.42758210316436407,0.35618738995414867,0.7131037583879859,0.6734457804104839,0.6943126761942925,0.18207723966919337,0.7592653350539204,0.5085265622007661
2023-10-02,0.6488459290324415,0.6374947042797443,0.6468690455855517,0.6393872208729205,0.1632616522215276,0.6731346583765996,0.706024035088735,0.1336416096226256,0.4148622880075845,0.4129341638739088,0.3481809001987807,0.7139859302809061,0.6657217754924853,0.6908136594168331,0.18946857645809084,0.7500231010160645,0.4865653328436571
2023-10-03,0.638557830388494,0.6323764494810431,0.645091918327672,0.6294769586524722,0.20434711900417313,0.6657552474178456,0.7030440606593045,0.09886676638732972,0.39600087824443736,0.39681950325994053,0.3351440489408572,0.7165769240113545,0.6565683491783996,0.6874474944586874,0.18923310479657585,0.7387677888789368,0.48467065071992854
2023-10-04,0.6361371282999735,0.6313529751821976,0.6417345469328855,0.6403989410026238,0.20031421720973325,0.659361144292028,0.7007374784550373,0.2134438041250683,0.3942973083198462,0.3835306983998713,0.3602614727822804,0.7167385606602076,0.6510974886211618,0.6847352854237857,0.19271832224617907,0.749825499603335,0.5691586348606512
2023-10-05,0.640978384319854,0.6293050319555074,0.629489672893276,0.613093985127245,0.2097347654635599,0.6520655864644813,0.6971322185570195,0.11730084350624576,0.3703639277535138,0.367321145691326,0.33430060710720977,0.7191867710688898,0.6402259175292926,0.6804196154820247,0.2135468157722959,0.7383062071845329,0.41447090302983786
2023-10-06,0.6105170552703916,0.5998227067613828,0.5933485407692369,0.6056106053768888,0.40319021480461387,0.6447909667637968,0.6936734769735835,0.09607167089427787,0.3477939121981917,0.34909277445594045,0.3163564779606316,0.7207145850328108,0.6293146878305473,0.675618965882148,0.24770099455836192,0.7173081146266568,0.4938897704504883
2023-10-09,0.6038600444985596,0.5969565220174813,0.608555604306017,0.6068244106564402,0.20832630845506886,0.6381662926830989,0.6899749522978771,0.10787930335098977,0.3346697126082097,0.33145102515483105,0.3215706265375927,0.7182978028215506,0.6211545807254104,0.6702315336710113,0.2470099325861138,0.7287583964151901,0.5297384844650131
2023-10-10,0.6212088929894577,0.6170209091677217,0.6306748286263615,0.6205777693714958,0.25527537274128403,0.6340573047770599,0.686526825593404,0.2351177854563506,0.3408036564992365,0.3187673552085148,0.3656401726996431,0.7152637338468554,0.6162836467084905,0.6662121137432165,0.2525403791863398,0.7425090569141779,0.5816203543084811
2023-10-11,0.62988326123446,0.6188635621716156,0.6223800666937436,0.6112737626005915,0.24757063546178437,0.6301788962112145,0.6825680700368861,0.1995331863921253,0.3404276358287291,0.30853277452357636,0.38740873357492234,0.7112124728965027,0.6110157411510113,0.6614763699126701,0.26292276262967884,0.7291359079561945,0.4866015213074163
2023-10-12,0.6185864524434379,0.6055555195755389,0.6093455433997021,0.5965092500472855,0.20119599484958303,0.6243298887501223,0.6780056170538618,0.1494083410878801,0.3298571001199466,0.29788127806833137,0.3837030065240933,0.7040105193130305,0.6058549926854198,0.6552044989465048,0.2728722448073512,0.7180349924833972,0.46381933157518207
2023-10-13,0.6022460182538094,0.5998227315522526,0.6138878694223482,0.6082400583895027,0.20799955836517528,0.6201160844300744,0.6741167610298033,0.24785364953670708,0.336158194408112,0.2908287706267531,0.4156923719869848,0.6966980262407899,0.6032345404512014,0.6501740759136628,0.2663709073762711,0.7294692643905439,0.5736252476338743
2023-10-16,0.6193932668042446,0.6162018095598847,0.627514902061894,0.6221955831531851,0.21593406511428045,0.6183341383094174,0.6711562363116259,0.3515389083560966,0.35768318259647797,0.29020391367744913,0.4728240997817358,0.6874808999102647,0.603975347757544,0.6458984701147296,0.26712352173236614,0.7412923059288026,0.5823963751798058
2023-10-17,0.6199983145225878,0.6205013662883945,0.6336370219156038,0.6280609064255149,0.17146322867881061,0.6181873617885523,0.6688396733344788,0.39195172567011816,0.3833367119764311,0.29568347759553104,0.5270828233634345,0.6776485589319649,0.6062753909696947,0.6421084900335506,0.2613414996095094,0.7509363952999081,0.5487078052184785
2023-10-18,0.6369439319939936,0.6336049866832285,0.6474617299405214,0.6331175655033368,0.22257201557061157,0.6174326332958093,0.6667573258275798,0.4264629554980268,0.41117746663807847,0.30655638732088597,0.5750212053483336,0.6657299881443478,0.6110102709539542,0.6385085359384103,0.258441960340216,0.7630846786751011,0.5453108667274832
2023-10-19,0.6353300100800816,0.6274625264966676,0.6393644064028414,0.6230045709428089,0.2467321260986785,0.6184598844649756,0.6641994840639927,0.3743195243167976,0.4262508848142888,0.3187681007684336,0.5869210698351867,0.6572265777260095,0.6132367440472295,0.6353519898860672,0.2548230539204783,0.7497526144355616,0.4836653610550794
2023-10-20,0.6292782897462346,0.621934898412795,0.6346247379876051,0.6177461503102548,0.1944148114771342,0.6197177569009009,0.6613932603884234,0.34847466539224503,0.43568227737954673,0.33073578640593365,0.5847520454872163,0.6494689768985017,0.6149738706424523,0.6323221221942675,0.2505370318545065,0.7389839588298954,0.5032108274423316
2023-10-23,0.6193933954957638,0.614768765874234,0.6283048675672864,0.61511677819642,0.18019297651427776,0.6205772766517137,0.6580568102862538,0.3354209440421966,0.44304050638877784,0.34202502674416146,0.5787217312676982,0.641775787475067,0.6168954059406511,0.6294189497534591,0.24563106809147295,0.7289121351391894,0.5139189303033551
2023-10-24,0.6204020875402203,0.6188637943314326,0.6336373918457354,0.6266455013887893,0.15450504821428837,0.6212062086770198,0.6555633914259051,0.4237970711644171,0.46190983009510395,0.3554545728167391,0.5977456910737572,0.6361782284615095,0.6189982422999945,0.6276664897589289,0.24138442164920437,0.7377253189767828,0.5721239121435069
2023-10-25,0.6276641535079683,0.6272577780935673,0.637586923715892,0.6312971811791255,0.14399384098460694,0.623281674298154,0.653078127795363,0.4572736097865454,0.4831617800541351,0.37115171759945437,0.6179010857099494,0.6333511012163001,0.6200156487132722,0.6267585775036918,0.2414529990493497,0.7460234817442026,0.5436806800208146
2023-10-26,0.635128563463675,0.6268486648943079,0.6387722697773406,0.6223981536957071,0.17847567353040789,0.6259651086617928,0.6497645965049916,0.4046729112001667,0.4933861599317137,0.38609258164712545,0.6111789365914048,0.6283257489720327,0.6218628341639787,0.6251644823502885,0.23904759532568232,0.7360358013113774,0.488544698826164
2023-10-27,0.6232260867386596,0.6151782308795246,0.6170476661163014,0.6037903828502356,0.23704450813667405,0.6255038912842141,0.6462206856596471,0.310685858666487,0.4857892658404074,0.3962745518381781,0.5688798369830456,0.6239226589635795,0.6216063077436111,0.6228102705848938,0.253171531545003,0.7231784044683798,0.448594208276907
2023-10-30,0.6121310281159809,0.6170208959777959,0.6259350224815332,0.624825117064578,0.15701759228452025,0.6257764475018897,0.6434339003212306,0.4552367968751587,0.5013300816674128,0.40804245697744496,0.5829763103165685,0.6214911828470459,0.6225219912503168,0.6220501835311868,0.262891560919599,0.7321146962523426,0.6119454636664875
2023-10-31,0.6292783124782233,0.6209111579165685,0.6360072063170175,0.6296793673974361,0.10274425315224317,0.6259442040761829,0.6409385990473075,0.48474697257502086,0.5197141300546902,0.4217418245577701,0.6001439809235748,0.6215217093060333,0.622512496999857,0.6220607485064559,0.25432558512757886,0.7383917394275568,0.5445330964254201
2023-11-01,0.6339180998551501,0.623367991937138,0.6373897028105295,0.6282634769680366,0.25378037917930524,0.6254410685183138,0.6383437573359392,0.47660655930393325,0.5342619316269066,0.43609219101318364,0.605930339495956,0.6190416576560857,0.623724237181219,0.6214273229228439,0.24791446672854173,0.7247143296187484,0.5189503196504613
2023-11-02,0.6363386719023472,0.6381090474872813,0.6444992141820947,0.6460618555299897,0.29058079455476193,0.627831000152101,0.6370285701358238,0.5817926339364689,0.5635784435716004,0.45440571945809716,0.6411566313210564,0.6239770480826811,0.6222141111533952,0.6231481217724625,0.25307194314781034,0.7401948614567734,0.5972063406410142
2023-11-03,0.6573189696568666,0.6497794504662924,0.6638538168234291,0.6476801547043529,0.23127639924384957,0.6309337169424019,0.636040399689064,0.5906403461485067,0.5890246692810321,0.47498767234313,0.6613193654012051,0.6281290396953852,0.6224088470588147,0.625343994032402,0.24767654592587862,0.7527696363753862,0.5312185112711149
2023-11-06,0.6512666905486406,0.6460939959234371,0.6632610928174445,0.6499047093282602,0.1934106890547672,0.6345395525199455,0.6353081578697348,0.6033372175395512,0.6117146865069283,0.49674193429310276,0.6717393536177332,0.6321016270383609,0.6228842755316668,0.6275926236068959,0.23556787289771164,0.7634890926651934,0.5336458065340084
2023-11-07,0.6534859516921419,0.6493699657092284,0.6648412730780582,0.6533432310292768,0.1621456290834436,0.637306823244165,0.6350664468674891,0.623473970471088,0.633120170120821,0.519134638149221,0.6774141004382875,0.6366207958438465,0.6217649939981533,0.6293028574812455,0.22679295959120993,0.772676644551099,0.5384993334576519
2023-11-08,0.6591344176719323,0.648141428843293,0.6602987250087224,0.647882239854201,0.13102231001869488,0.6390258962870428,0.6350380059300691,0.5813737342650211,0.6449659605000999,0.5398098757063713,0.6621485197712571,0.6391945935104343,0.6229619656850311,0.6312136823169027,0.22389169444916124,0.7650140521433795,0.5028677607107042
2023-11-09,0.6526790984159496,0.6407710059819951,0.6553616230883492,0.6422193253268351,0.12886188020058575,0.6410803986253755,0.6346612331756158,0.5388976929476543,0.6489984348602773,0.5572899745010584,0.6337487493943657,0.638423791745819,0.6283961393152899,0.6335995763402694,0.21780272877936846,0.7574573150244621,0.5019711307517114
2023-11-10,0.6486444985490996,0.6434325394889153,0.6543740650715402,0.6519275023974354,0.11288693402483002,0.6460699031062815,0.6347678767386036,0.6030751491534883,0.6612151920819038,0.5741215947660859,0.6279847927383863,0.6403220970001272,0.6309845394545883,0.6358798966179587,0.2177040192646223,0.7642313224629893,0.5638555684625899
2023-11-13,0.6538894934859263,0.650598349686081,0.6656311060674396,0.6563770970379235,0.10206389680068392,0.6493403261589965,0.6353650568057252,0.6308513294477642,0.6747950469473638,0.5907521496400835,0.6261976368867924,0.6436611322342284,0.631176832671374,0.6376640430930732,0.2108224851445452,0.7704750299947686,0.5425276844484371
2023-11-14,0.6665983685348893,0.6657490862502333,0.6786655813949416,0.6707371156964179,0.1776401481863878,0.6535960402740217,0.6368153171321487,0.7119826982937165,0.6985413288442237,0.6095914924913259,0.6458302963825049,0.650020004914274,0.6292515554690961,0.6398915807205366,0.21677746348306065,0.7804217719181124,0.582026285223223
2023-11-15,0.6841492369663611,0.6753719290281339,0.692885288842116,0.6820635919413813,0.1330693471115441,0.6591725250586908,0.6382797950837567,0.7666075246105223,0.7271497695953738,0.6313311613730966,0.6716096441381636,0.6583538904947107,0.6260143560969704,0.6424463792246272,0.21490032804852865,0.7881846636740615,0.5694593283321886
2023-11-16,0.6704313881385842,0.6637016344122506,0.6774807426503042,0.6644672985292763,0.22135751980269663,0.6610802844174108,0.6400855244750561,0.6265351286436933,0.732236772075843,0.6499085997738959,0.6435023767501401,0.6614191875175536,0.6272215211767038,0.6446105776718193,0.22272458132525264,0.7760958873465792,0.45574582130074265
2023-11-17,0.6694225089951342,0.6575593586496711,0.6735306329643982,0.6626467524075073,0.135190984681538,0.6626316008859954,0.6420902977754204,0.613276236366077,0.7335669281766121,0.6650805897520571,0.6132332834733544,0.6633702989793785,0.629881707617745,0.6469542202393327,0.21363273489516205,0.7682290410183394,0.5174869243921958
2023-11-20,0.6599412235544182,0.6542835573332326,0.6717533790290031,0.6616356794680356,0.14847285363237184,0.6638475383710041,0.6440168684502172,0.605535674985053,0.7326943218333846,0.6770147904013384,0.5844544164804074,0.6643433690417216,0.633674325023738,0.6493823319376558,0.20302967889587492,0.7597114185983063,0.5206939865093803
2023-11-21,0.6645812617057734,0.6571500586772074,0.671358452744373,0.6658831889586758,0.14892194850478263,0.6651473289872201,0.6456093164025911,0.6319702598375595,0.7350157161690818,0.6871032328102036,0.5680485217459138,0.6663912860998195,0.6356599864020844,0.6514303916639018,0.19812216141228206,0.7682510454671858,0.5416009742634621
2023-11-22,0.6720454041781945,0.6671824672269944,0.6845906334093779,0.6759960217216456,0.10685772346199926,0.6680613762323047,0.6478842501731963,0.6912098601104602,0.7452894512712065,0.697568638914732,0.5713991375385774,0.6700107480101157,0.636649994458488,0.6537635030370418,0.19263936915363727,0.7747296376971152,0.5648022124855159
2023-11-23,0.6720454041781945,0.6671824672269944,0.6845906334093779,0.6759960217216456,0.10685772346199926,0.6680613762323047,0.6478842501731963,0.6912098601104602,0.7452894512712065,0.697568638914732,0.5713991375385774,0.6700107480101157,0.636649994458488,0.6537635030370418,0.19263936915363727,0.7747296376971152,0.524711458009463
2023-11-24,0.6793076275221006,0.6729150460154107,0.6917002817930804,0.6812546041517578,0.04178671126780526,0.672107457519312,0.6508629791386606,0.7199194097742992,0.7571442251296777,0.7087041321836611,0.5773551610531273,0.673356400675518,0.6393577853220256,0.6568355884037987,0.18075810831908118,0.7780199241877287,0.545409703237906
2023-11-27,0.6829387599733241,0.6729151627287651,0.6918977785657177,0.6772095034060812,0.14989772274583468,0.674727985263919,0.6532871979737087,0.6825017185942295,0.7614158839504205,0.7186081858258938,0.5664095949193362,0.6714028798016046,0.6487935131992142,0.6606677903825467,0.16910853969936723,0.7694324869881333,0.5088483771001052
2023-11-28,0.6799129461268918,0.6778289198016729,0.6920953476508529,0.6836817293181867,0.10238467885240593,0.6775581626071705,0.6554483850557837,0.719997149863076,0.7695175619288088,0.7284198072718288,0.5655880177217731,0.6732476016123693,0.6529853432264145,0.6637398841945278,0.16538941733304102,0.7756919119833742,0.5501649416244827
2023-11-29,0.6881835636635079,0.6755764691507846,0.6859728252545705,0.6721528443282594,0.1219523840074481,0.677704905586783,0.6569981801326021,0.6163581663002757,0.7637202459318287,0.7349178378018381,0.5361353935538345,0.6728594982391224,0.6577103149049885,0.665956839956274,0.16810842676687282,0.7684737217169727,0.4795772372750919
2023-11-30,0.6766852730183792,0.677624242081289,0.680048352667028,0.6863112632295796,0.15074518416619792,0.6781451848374991,0.6588678945242841,0.6990208471001564,0.7710833601509104,0.7418324927225604,0.5398385306972552,0.6736631165843353,0.6628488495940996,0.6689867160932975,0.18297843349079312,0.7771026822618994,0.5805916087929751
2023-12-01,0.6883852815364884,0.6833566388033367,0.6964398821177893,0.6921761011092356,0.17591090912617477,0.6810172552051013,0.6612992164848746,0.7296530563851344,0.7809298378881762,0.7496592816106129,0.5479459705147268,0.677397970014945,0.6638694354587129,0.6713937062863066,0.17981183898853226,0.7869646960915126,0.5476293591727672
2023-12-04,0.6873767223216445,0.6894989140048036,0.699599849746696,0.6939966472310046,0.14451902834370528,0.6842667317456408,0.6639793582603031,0.7391919090899114,0.7888336595726331,0.7577629739452945,0.5504072076895317,0.6809014124642253,0.6651394972081994,0.6738112530093608,0.1811922176984363,0.7952885916363209,0.5317964918493935
2023-12-05,0.694840820056644,0.685813563906601,0.6962424831910052,0.6826703327835992,0.14719867748274118,0.6864470137807843,0.6663538097201536,0.6369298372087778,0.7828503388748248,0.7628513063053912,0.5236053886612219,0.6818788949921274,0.6675220208219723,0.675521495328934,0.18216530278793952,0.786833400443247,0.48068860022250437
2023-12-06,0.6825353634114415,0.6729151612794706,0.6887379647760177,0.6790298877302925,0.13888520030974116,0.6878096942454051,0.6681950774873653,0.6062768938935816,0.7732311569835024,0.7646798864639613,0.49463130619052786,0.682342187030723,0.6696893969149496,0.6768622422064751,0.17566159309767504,0.7787855474195141,0.5104494345682811
2023-12-07,0.6861663519878813,0.6802856352530824,0.6934775799095247,0.6850972961524702,0.10085835309002636,0.688753058742112,0.6700861069427246,0.6458449624869147,0.7699370780362234,0.7653749506382844,0.4845561275944233,0.6826037442557932,0.673234560100862,0.6788047281870443,0.17301763166298972,0.78497018653047,0.5485423564208532
2023-12-08,0.6855612663367063,0.6741434518427629,0.6887378682165939,0.675186872134464,0.09684932344827277,0.6881241267168059,0.6719415866480714,0.5623460910879291,0.7567178168203215,0.7628497922385301,0.4559334014891646,0.680031741199217,0.6791472224816899,0.6805255101462145,0.17087085641731653,0.7789819791605441,0.48595178276162293
2023-12-11,0.6861665029198183,0.67987622122307,0.6962426194347942,0.6887380648008927,0.21623246702285906,0.6893190841483865,0.674927427269653,0.6494088300006219,0.7577788575117769,0.7610769780469246,0.46262056106008037,0.6799643958313587,0.6829762395484991,0.6824468830666933,0.17227259076552198,0.7908196415950461,0.5780805862086248
2023-12-12,0.6948408426700299,0.6839709999914079,0.7005873785924424,0.693389906388787,0.10540152214813567,0.6903253552641246,0.677337422792466,0.6765136311229402,0.7617068732434054,0.7605742877170896,0.4739099693475256,0.6807759169148758,0.6859569625220114,0.6843788125172171,0.1643153715638348,0.7972268838513077,0.5428585443356767
2023-12-13,0.6962528852320675,0.7107918441125567,0.704734647224049,0.7194808951870566,0.1843019707954052,0.6952309982285103,0.6804938720727431,0.8011730896837236,0.7878537733231564,0.7662665821745736,0.5289736640812615,0.6899746819406506,0.6818439549255249,0.6869230544912629,0.1908756558199175,0.8075000372832853,0.626164152810496
2023-12-14,0.7236884771430332,0.7138630897731988,0.7120420532598684,0.6980417479766812,0.21420184203498163,0.6964468854016401,0.6829465204711112,0.6395820038642314,0.786732414026475,0.7705590458583006,0.5165313648583751,0.6918547517604084,0.6816182016087671,0.6877570541457348,0.20874890653385864,0.7957618700477196,0.4428344833889557
2023-12-15,0.699077220233224,0.6927748724971783,0.7074996443725379,0.6980417479766812,0.23476024152650476,0.6970548709147708,0.6847735706131379,0.6395820038642314,0.7842772554185066,0.773420756488262,0.5038142150837429,0.6931942598951976,0.6837254484975779,0.6895095141402653,0.2006553243704673,0.808507343929974,0.524711458009463
2023-12-18,0.7073144905976556,0.7092267970191626,0.7161338518616305,0.7130408669889781,0.15093019334951666,0.6990288407058922,0.6870709454833352,0.7110634891876236,0.794809551454952,0.7781650438105936,0.520547368087397,0.696925679654197,0.6851868774113103,0.69213989739948,0.2092981967181501,0.8171453694305716,0.5828460216491298
2023-12-19,0.7134119956822449,0.7084015377433783,0.7244911909530143,0.7158936815303072,0.09822048021819146,0.7024725043276809,0.6893904031689699,0.7237961886888974,0.8040563368931317,0.7841157594203023,0.5312706226578128,0.7002322299272333,0.6874633199173827,0.6949719610539037,0.19816804581696956,0.8232007598187359,0.5356546666386123
2023-12-20,0.7093468534042937,0.7003560025157625,0.7028013285760673,0.6875669740766335,0.22388050793972877,0.7033573896506837,0.6905933393747246,0.5367339587417511,0.7830786803491341,0.7839867576275134,0.47723147411885647,0.6992730571681037,0.690628000531678,0.6961037730887888,0.21924054679538202,0.8109883638135157,0.41626457861924004
2023-12-21,0.6983706172043267,0.689628729253295,0.70140826670299,0.6975524721615167,0.13833614079795653,0.704648392458749,0.6923392068769447,0.5875054236872027,0.7744315565502927,0.7818680424947467,0.4595460444170054,0.6997513225837716,0.6923584209880695,0.6972289387323573,0.21517420353110595,0.8190093143881607,0.5636973198654909
2023-12-22,0.7042653706332553,0.7020064144601239,0.7147407514805211,0.7085572948613257,0.09148554914157231,0.7081073005797915,0.6946709315295891,0.6394944728719995,0.7764953789186425,0.7806541161502826,0.46758819711761823,0.7018555616636178,0.6930685114088904,0.6986540365075719,0.21264248553376275,0.8247347111481116,0.567379156142145
2023-12-25,0.7042653706332553,0.7020064144601239,0.7147407514805211,0.7085572948613257,0.09148554914157231,0.7081073005797915,0.6946709315295891,0.6394944728719995,0.7764953789186425,0.7806541161502826,0.46758819711761823,0.7018555616636178,0.6930685114088904,0.6986540365075719,0.21264248553376275,0.8247347111481116,0.524711458009463
2023-12-26,0.7085339190949866,0.7092267086660602,0.720312546495343,0.7146709773850699,0.07781874172867209,0.710795296553768,0.6968763126777895,0.6670538730276471,0.7823606572811054,0.7810500827003534,0.48189761900355027,0.7045484738232101,0.69423489576975,0.7006093845643483,0.20904743598898978,0.829790470860115,0.5482355874082506
2023-12-27,0.7180869029853931,0.7123208245914849,0.7276749553153972,0.7213957692850959,0.08753023184336287,0.7136981577911494,0.6991616651241301,0.6968039567380502,0.7917080281588477,0.7835455866360321,0.5005592121554544,0.7085325673628916,0.6941504590430994,0.702577915615845,0.1988678257233777,0.8353220676403598,0.55047846589099
2023-12-28,0.7223556090371217,0.7147966436436204,0.7318539780696425,0.7220073640540514,0.07110768280473923,0.7139600311199095,0.7009637718645323,0.6995645815701227,0.7979692017565151,0.787001374598367,0.5090946304521559,0.7109972724655688,0.6968091805440304,0.7051801340528993,0.18661672913916505,0.8400490033958493,0.5270441087224024
2023-12-29,0.7229653352174463,0.7168595037176795,0.7330478409999648,0.7250642053159235,0.12999282343409868,0.7167609604909957,0.7024752077886016,0.7139902098854048,0.8040241557815354,0.7911773231204124,0.5154957278850901,0.7146360807804123,0.6971723261767377,0.7072028918879326,0.17648461351611133,0.8476611537115291,0.5363655240488436
2024-01-01,0.7229653352174463,0.7168595037176795,0.7330478409999648,0.7250642053159235,0.12999282343409868,0.7167609604909957,0.7024752077886016,0.7139902098854048,0.8040241557815354,0.7911773231204124,0.5154957278850901,0.7146360807804123,0.6971723261767377,0.7072028918879326,0.17648461351611133,0.8476611537115291,0.524711458009463
2024-01-02,0.7227620471875069,0.7352195247376372,0.7342417501435594,0.7415711157705211,0.16728261793962435,0.7212728626924849,0.7051853430661204,0.7855681262218553,0.82240668760915,0.7988027719198534,0.5461563730326379,0.7218747435965068,0.6950639030717447,0.7097811258887238,0.1928866710922309,0.8571004043262647,0.5875122378784048
2024-01-03,0.7471534857470881,0.737901329090153,0.7420025704923581,0.7299551836944305,0.18321280382909327,0.7230260639597639,0.7075511786451087,0.6955841878643173,0.823980171867395,0.8052698863280928,0.5358605977391664,0.7253960668176606,0.69525759238217,0.7116580262594275,0.20003166707753778,0.8468806171655754,0.48100991284252936
2024-01-04,0.7319089545560691,0.7290309332259757,0.7392165885797877,0.7279173434523682,0.1367411825966039,0.7242723395076436,0.7098809242043276,0.6803073223932452,0.821309178107815,0.809821009630108,0.5188304430240752,0.7275597544111724,0.6977430040303625,0.7140197500516027,0.19764866285897364,0.8389378152813513,0.5169842122249467
2024-01-05,0.7317054944443739,0.725317505934636,0.7306598465109164,0.724656637267511,0.16565334351878513,0.7281167540140976,0.7119467622048614,0.6551066414140891,0.8142014038483051,0.8118051936554614,0.4960143804213924,0.7282253932008865,0.7017484020653784,0.7164012947845902,0.20321008565871646,0.8295783947601046,0.5123301196337476
2024-01-08,0.7278436333326452,0.7271742063602078,0.7384207474561373,0.7354575950443349,0.11501752365208129,0.7320456924768086,0.7140367872293605,0.7105204106521362,0.8168277057414699,0.8140046921025916,0.49792818779937975,0.7307169440452735,0.7044322762476687,0.7190299129919816,0.19904487614557054,0.8364567953978096,0.5658152709530657
2024-01-09,0.7329250802890062,0.7304748866422854,0.7390176247781777,0.7393295724030318,0.09158700579048903,0.7352352978816663,0.7160780742347252,0.729392673585851,0.8205809956613762,0.8166391259411998,0.5017940810093618,0.7315627319756107,0.7101520813299986,0.7223779207184496,0.1992199243092076,0.8421871632624833,0.5393388828843431
2024-01-10,0.7410552479878705,0.736044412653067,0.7459819713755955,0.7362724075460438,0.14044584229160728,0.7374743274205333,0.7181540863678417,0.7027338023123767,0.8187048342585166,0.818309368181475,0.49322393053149266,0.7328463371507724,0.7137414507525481,0.7248590346428242,0.19689465938431833,0.8340628429513974,0.5131923753185137
2024-01-11,0.7376001443066835,0.727999321395173,0.7404105503779648,0.7360688662181747,0.1164916290804596,0.738995221973116,0.7199954508149049,0.7008778709545245,0.8151039046215796,0.8188062397690472,0.48279450646539546,0.7339521712660962,0.7170103169237374,0.7270867158390962,0.19131481519061827,0.82711221508625,0.5239429500685313
2024-01-12,0.7441043693333786,0.7356320806385834,0.7497630112295928,0.7407559796736964,0.0897100577855296,0.7409385518300944,0.7224067941685854,0.7277522738040274,0.8147590354744885,0.8191233532599045,0.4811967390287941,0.7364704941671131,0.7166949028835805,0.7281971952380658,0.18302389177019662,0.8327506175135527,0.5424109576833294
2024-01-15,0.7441043693333786,0.7356320806385834,0.7497630112295928,0.7407559796736964,0.0897100577855296,0.7409385518300944,0.7224067941685854,0.7277522738040274,0.8147590354744885,0.8191233532599045,0.4811967390287941,0.7364704941671131,0.7166949028835805,0.7281971952380658,0.18302389177019662,0.8327506175135527,0.524711458009463
2024-01-16,0.7439013127474567,0.7329504312172115,0.7410076288622438,0.732604618705448,0.1472135975781701,0.7417201300954497,0.7240339672487108,0.6500496443781721,0.8049820306201321,0.8170981721787722,0.46037741537968285,0.7368143205509866,0.7198876421582645,0.7300012471062335,0.18496513086784255,0.8242946952756667,0.49402749815474406
2024-01-17,0.7321123164868761,0.7277931311098587,0.7404106903077854,0.7315856176856379,0.11848495382976468,0.7406851141263335,0.7254191790963873,0.6405197017531487,0.7945859829824413,0.8130548659353742,0.44243944915627315,0.7365426411313639,0.7235848007395744,0.731752110953421,0.1799263624045831,0.8172463998236135,0.5208544668046687
2024-01-18,0.7308923791814301,0.7218103621732672,0.733047732622164,0.7297513187714453,0.1320234484219761,0.7406639831372694,0.7266759261699425,0.6226069921438732,0.7830621711464997,0.8071341947942745,0.425752620829836,0.7370222597967223,0.7248185706701964,0.7326243336918811,0.17897962147361962,0.8095347543089974,0.5177637079686813
2024-01-19,0.7339414962873825,0.7224293922267104,0.732450956403025,0.7254719351618939,0.14337465702430632,0.7404105118922564,0.728180367022421,0.5806208631396552,0.7685031662659727,0.7990041741686162,0.40611497041511974,0.737196495881996,0.7256252966116381,0.7331242825096008,0.17872192990576435,0.8012669299012826,0.5084823021602543
2024-01-22,0.7221520853523609,0.7154152718231519,0.7300627717513868,0.7183389280232237,0.19960849669594485,0.7397556692494074,0.7295620472120015,0.5145586736646647,0.7490676859275351,0.7879700413229316,0.3803019693754111,0.7327918385423658,0.7331255552245508,0.7347304627785999,0.17319685713055433,0.7902437975965,0.4975813648428646
2024-01-23,0.7290632860199302,0.7275867042976889,0.7400125380349929,0.7342348908990977,0.18142090036807873,0.7396289336269011,0.7312891929453782,0.6378153539503038,0.7475349307650361,0.7787854730135526,0.3967416961082269,0.7300304554733504,0.7396051635794962,0.7366451470816419,0.18050499324567654,0.8003757862752476,0.5854662317339118
2024-01-24,0.7359738088422552,0.724904689181431,0.730261795494987,0.7160972228581766,0.1580097786305441,0.7372208561755202,0.7327271578695413,0.49162486019181195,0.728269252445179,0.7669472803017682,0.3731551387479669,0.7288459211282367,0.7415470146589558,0.7370387029669535,0.1879132031749684,0.7913908800112756,0.45613486999210967
2024-01-25,0.7252011616491132,0.7211915687631669,0.7306598499653629,0.7301588868198576,0.15607613426295475,0.7365871780629878,0.7341830654366881,0.5873384797625243,0.7253938920850219,0.756806523145898,0.3882426775377917,0.728122120953922,0.7438456899120707,0.7378471135925958,0.18795072184788442,0.8002810428675904,0.5785380747020001
2024-01-26,0.7359738776773275,0.7306809185090246,0.7471760079926417,0.737291408565854,0.0855324310654291,0.7367138969148681,0.7357261668555695,0.6304778435601174,0.7289230699539133,0.7495165153745551,0.41358136669701373,0.7287138802587939,0.7448852999957216,0.7386768061828096,0.18083284140914313,0.8057147527474856,0.5517533848069489
2024-01-29,0.7443076198510281,0.7376949176928753,0.7501608727677676,0.7458506611776305,0.11371798334022143,0.7372419703939583,0.7366530422766318,0.6789162844485188,0.7387619492417101,0.7459778030253734,0.44692449716034627,0.7308342242284235,0.7452258801924319,0.7399213366229059,0.1757784353541737,0.8125294793820507,0.5570062509069531
2024-01-30,0.74654360164256,0.7463592608024319,0.7523498775667048,0.754206048866422,0.13963418910027348,0.7394809999328251,0.7386271709076726,0.7226715628938355,0.7532418568831692,0.746521880489377,0.4832140926401316,0.734947375230988,0.7441376703573108,0.74144243125974,0.18072500955801551,0.8206140308553546,0.5560557930662933
2024-01-31,0.7567066234487159,0.7494536633546185,0.7553347496535783,0.7432013879641708,0.23156734110471366,0.74068499673195,0.7402144948279292,0.6321599692173955,0.7531166684479074,0.7469279629308265,0.48198753340591993,0.735204461064319,0.7440501117668483,0.7415275253371291,0.18531825680296793,0.8080250005629044,0.4836590714258301
2024-02-01,0.7467467117022539,0.7651318969905447,0.7531458190124314,0.7735660974574645,0.28181971451889404,0.7452264823181292,0.7423419065196148,0.7734030830824724,0.7801761906512331,0.7535599940114166,0.5373264481995925,0.7448043329677486,0.7390158824450768,0.7438038510238497,0.21663776597521023,0.8230762628872234,0.6388244648674429
2024-02-02,0.7719512295741391,0.7665760177907033,0.7748357677703592,0.7686751190789576,0.32015391570444485,0.7497045749371158,0.7441971303077082,0.7363221617421932,0.7953081445172531,0.7623926483266127,0.5568865359438504,0.7506155321034055,0.7374360248667011,0.745931253629916,0.21400147816122644,0.8061467271269968,0.5066988295010576
2024-02-05,0.7719511355447917,0.7616247931942819,0.7724478895989701,0.7593007303703563,0.19194105965501754,0.7539503440707798,0.7467185123932707,0.6676711152194388,0.7967365937708308,0.7697917216827174,0.5441442505278975,0.7532639006185596,0.7383584848383842,0.7477395450005496,0.20782154979346684,0.7954992787511882,0.49007548906197695
2024-02-06,0.7621945802307932,0.7550234724281712,0.7680701042196318,0.7627651396806407,0.14210048087467567,0.75690755890781,0.7490106836126504,0.6842838104528262,0.7993998129075597,0.7763317364452459,0.5365085675070306,0.7563773264551364,0.7380712532770768,0.7491648961324852,0.19897340685511788,0.8037046719319437,0.537591446373387
2024-02-07,0.7719512748773121,0.761418755689601,0.7734428856497382,0.7613387324099763,0.08719303768666903,0.761596927876186,0.7508659074007438,0.6732466860525659,0.798433604803899,0.7813385397681618,0.5228807234409856,0.7588215620723765,0.7379041222285356,0.7503136915129073,0.19200141529683695,0.798189596764454,0.5194205605470122
2024-02-08,0.761788181668019,0.7583242807293327,0.7680701575201752,0.7609311643615637,0.21764689206952167,0.7647865332810435,0.7524919146356042,0.669902590228152,0.7955861157061275,0.7846802758095316,0.5080808878239781,0.7610553720391448,0.7382158632804656,0.7516007858821462,0.18925889378054778,0.7862826312817583,0.5231982536696054
2024-02-09,0.7599588048393593,0.7484222309405264,0.7587176367647728,0.7470735271204259,0.28346241702561925,0.7658004685729742,0.7533944665434995,0.5621484874630646,0.7787389903568487,0.7834268546752525,0.4672371504040906,0.7614986312698245,0.7389023906352217,0.7521751877949693,0.19230963458713202,0.7711508809236195,0.4732473643722067
2024-02-12,0.7516253059017133,0.7492475312445146,0.754737997787531,0.7576706199742644,0.17490529469426486,0.7670256299024156,0.7546480004337626,0.6256315644337656,0.7739485306641642,0.7813075341086267,0.4595406630599328,0.7629154460190949,0.7392303923818804,0.7530580684061629,0.19669724489934948,0.7809636223328925,0.5644326793426369
2024-02-13,0.7595523419902981,0.7523418257413275,0.7467782380242227,0.7415711157705211,0.2975141629005859,0.7657159949285963,0.7552282046564134,0.5153733538154108,0.7537325161304395,0.7749000306012556,0.42142544494108475,0.7629512298383733,0.740111482885073,0.7535260858318017,0.21787482014051496,0.7651433739706522,0.46479166190874116
2024-02-14,0.7432914859663076,0.7323315088913065,0.7459823199845927,0.7387181394316342,0.2012899914507853,0.7652512976460724,0.7551279249024581,0.49740403087624574,0.7340294392408624,0.765181538743732,0.3919959534994047,0.7628698252903009,0.7409209898578215,0.7538983766429898,0.20924135908643093,0.7540378529155383,0.5139779694252201
2024-02-15,0.7475599059701772,0.7416145638309128,0.7569268134964031,0.7482962312656629,0.18703234825889944,0.7626320276984335,0.755772597524748,0.5588809329222024,0.7265594937253416,0.7556656140025017,0.3937964573323594,0.7630218898989037,0.7426661252600673,0.7548663513315724,0.20402345525104815,0.7644447875481428,0.5608156167246982
2024-02-16,0.7497957951653116,0.7488349304391322,0.7545388835167595,0.7505379364307103,0.20691486742749204,0.7607520740380216,0.756567692621495,0.5728919719512828,0.7219091527139356,0.7469689500944716,0.40107840070677936,0.7628357501850703,0.7454121795762496,0.7561747023297104,0.20726356483420322,0.7758259124974449,0.5331071806835663
2024-02-19,0.7497957951653116,0.7488349304391322,0.7545388835167595,0.7505379364307103,0.20691486742749204,0.7607520740380216,0.756567692621495,0.5728919719512828,0.7219091527139356,0.7469689500944716,0.40107840070677936,0.7628357501850703,0.7454121795762496,0.7561747023297104,0.20726356483420322,0.7758259124974449,0.524711458009463
2024-02-20,0.7640240398075377,0.7663696461157246,0.7722489145263025,0.7662297107884832,0.20423521828845617,0.7614702761068108,0.7580289517027614,0.6633307678984985,0.7320790470585627,0.7423820674363582,0.43760790770912916,0.7631410329425347,0.7500052824114711,0.7586744210826372,0.22146697429613954,0.7870757417984813,0.5833926915777071
2024-02-21,0.7719511984512499,0.7657507979137914,0.7780196554657002,0.7717319603408297,0.18018253244747753,0.7623997042131108,0.759303965581154,0.6917845954473532,0.7442305188202007,0.741544885486402,0.4709368636670993,0.7656677186264981,0.751339658914141,0.7606316270887014,0.2122662285464374,0.7971470537578188,0.5450738064731044
2024-02-22,0.7678859408562055,0.769670295725889,0.7724479991130262,0.7764192355939095,0.1498693745645197,0.7639628272025696,0.7606076365048695,0.7156917872968458,0.7570350996809451,0.7438596939503188,0.4989531129254388,0.7655693989149664,0.7576024212770027,0.7637802092947782,0.21833800409987536,0.8057331019722711,0.5419947879062164
2024-02-23,0.7800814350640382,0.7806038010071064,0.7877700726290879,0.7811061872518734,0.16185617923212237,0.7660540069004922,0.7621835067062777,0.7393728683686401,0.7702051524190052,0.7487812807091636,0.5221232818924819,0.7680304509897854,0.760376448445854,0.7664394667749729,0.21651313710067532,0.8149064715888206,0.5419402749107103
2024-02-26,0.7843501147319558,0.7735898501936951,0.7859792994189747,0.774992666525687,0.15078099239522735,0.7689478790822084,0.7635516460296321,0.6846632595764234,0.773427202080588,0.753469561132313,0.5200495546293453,0.7693205068423171,0.7629543941800025,0.768407330653771,0.207044166841505,0.8062757565363446,0.5023078164421487
2024-02-27,0.7764228239232862,0.7676072161283356,0.7841881750136181,0.7751962078535564,0.0983860932774526,0.7707644397754276,0.7647621915083855,0.6858491965427715,0.774716669348249,0.7575207407771105,0.5143867283306258,0.7709788330609303,0.7643141757537755,0.7699390578276667,0.19203227409641455,0.812339261521924,0.5254603610209796
2024-02-28,0.7770326622526769,0.7698765265426168,0.7835913075647403,0.776826641844764,0.07562399569107645,0.7744187424628088,0.766316558973464,0.6958885772582395,0.7758095807585421,0.7610164256034003,0.5094492509739279,0.7729368295406719,0.7646903012226025,0.7711197677097216,0.18244620087898283,0.8172874845420574,0.5307096168052081
2024-02-29,0.7843500186371053,0.7754464652445561,0.7847851607968006,0.7743810717567314,0.18476001772507336,0.7781152735870662,0.7678207837180393,0.6709162195092355,0.7729303305585599,0.7631418638151922,0.49726990850885944,0.7735796243376983,0.7672416423818835,0.7727472299432917,0.18007539550847318,0.8069918880343462,0.5157241702098502
2024-03-01,0.7731708111707802,0.7678137895914896,0.7774228044354332,0.7745850984772746,0.20608232610255775,0.7808401649387737,0.7693966539194472,0.6723667527212601,0.769445692695077,0.7640299980324987,0.48627221734670667,0.7737229377394045,0.7672040961534055,0.7728004179642719,0.1778736985111754,0.8183322206831292,0.5254624495641746
2024-03-04,0.7715447053426365,0.7686389953121608,0.7816016000136619,0.7758078026225119,0.21205334829321568,0.7834594348864126,0.7711659179456718,0.6815660696924799,0.7664775846002971,0.7640486843265343,0.4785441894858678,0.774599145306402,0.767066795203597,0.7731727172206845,0.1705428563851486,0.8299651174657424,0.52921144223203
2024-03-05,0.7851628712059404,0.7818414215785643,0.7895609851025618,0.7794757532606658,0.2090051727970852,0.7848324125155461,0.7733148266866372,0.709486504532241,0.7662310833293994,0.7640061776458786,0.478000279953573,0.7764691499692812,0.7672799580156606,0.7742257775414315,0.1721315231942938,0.8414486617932294,0.5381999464455365
2024-03-06,0.7894316091375466,0.7867925223464913,0.7981176983984097,0.7923147130771095,0.15093317736860246,0.7869658541915969,0.775356284303504,0.79497242231495,0.7766825517847806,0.7664082514337536,0.49972876473480327,0.7806704003906949,0.7661463155356587,0.7757681541428373,0.17547304878892872,0.8500868335027895,0.5718115721304716
2024-03-07,0.8014242428520639,0.7944257270726678,0.8076694676607672,0.8010779924094293,0.11152472931216867,0.7895217814839222,0.7783432879268259,0.8432215326512545,0.7915911075107964,0.7718048691890794,0.5263455621203262,0.786475246881338,0.7644686359263906,0.7778423940635956,0.17049095197596442,0.8567940965499655,0.5565909465310893
2024-03-08,0.7934967347502839,0.785348455550142,0.7963266808402576,0.7888503037668251,0.1730954871187356,0.7903244739677158,0.7804062425929725,0.7021281723815836,0.7902228014692483,0.775803231961955,0.513917269209717,0.7889618995859661,0.7648636282761936,0.7792996681423879,0.17737068189276578,0.8470700308764086,0.48048145501012307
2024-03-11,0.7951229593965188,0.791331055349326,0.800704591449398,0.7972056914556165,0.11363741482490522,0.7926268964737755,0.7825121799835786,0.752623978115034,0.7953357023458058,0.7801936619998399,0.5174021320361366,0.791936862236501,0.7670462185902107,0.7819163785838882,0.17442931032792558,0.853880809868988,0.5551758481508755
2024-03-12,0.8034562902173494,0.801851724480221,0.811250782931477,0.8051531875008797,0.13062245146119955,0.7957319946930024,0.7845966146378549,0.7960245534697722,0.8050873622884774,0.7859789703886026,0.5298004119900539,0.7966650306070134,0.7672245364008168,0.7843947900365714,0.17325254708222348,0.8615238102757412,0.5535314294655663
2024-03-13,0.8077249972144944,0.8020581594297713,0.8150318927798452,0.8090254884546926,0.11994861519134276,0.7990694667094305,0.7865234725086805,0.8160856210938122,0.8145572929129485,0.7928145146174719,0.5391353607725629,0.799796231442602,0.7710231622095545,0.7879156546086125,0.16438581353261483,0.8686438212238683,0.5386814731572356
2024-03-14,0.8107739340102831,0.8037085308358713,0.8046843061775146,0.7970018265326313,0.18480030198273148,0.8014141511936186,0.7884145133381399,0.6872927331671776,0.8088567298951002,0.7969542350290785,0.5151737168257466,0.7986899093710372,0.778074233099024,0.7909578438822812,0.1748107232260362,0.8583462508951643,0.4814421954075835
2024-03-15,0.7924805108759996,0.7898870561786784,0.8001076838587657,0.7963905553587918,0.18722034146130398,0.8036743284921761,0.7892167741179803,0.6811318487746469,0.8019910114590304,0.7986657162914608,0.4935904807333693,0.7979801403008234,0.7836917571242417,0.7934681867270451,0.17080830342929754,0.8479301050979263,0.5224945144531579
2024-03-18,0.7973863807479855,0.8028251313866122,0.8072982711783112,0.8062856086087951,0.12725200190380417,0.8068334113572744,0.7905387516558842,0.7431182962403026,0.8041002771625435,0.8005265392168375,0.4949178937980455,0.7982427869133489,0.7891300733287407,0.7963780055591702,0.17535788502899674,0.8554079624816104,0.5606128504418909
2024-03-19,0.8111048441536299,0.8049029772624605,0.8199266782876966,0.8120334668540714,0.1275041515165531,0.8102080806227061,0.7923922636419052,0.7758200634751314,0.8093450083486768,0.803237665026866,0.5024757523044174,0.8013230547190974,0.7907661354801985,0.7987687893672536,0.1648589794390407,0.8628981745226203,0.5454327214761693
2024-03-20,0.8170431471363304,0.8094751789582977,0.8209293352266196,0.8167555285821049,0.13854800615304735,0.812741417881484,0.7942899810681514,0.8016312714051973,0.8160287594234623,0.8069644469036319,0.5115033411578657,0.8052841358677231,0.7914515633131234,0.8011188503050345,0.15855620572526896,0.8709295059335982,0.5416717535285026
2024-03-21,0.8203189590426896,0.8150856243453628,0.823334486075251,0.8175763275934571,0.1079618105237401,0.8144515018686964,0.7962666859328758,0.8061752148269093,0.8201212232575212,0.8108997637925381,0.5133568902211834,0.8090005190829864,0.7919837375890972,0.8032670957240219,0.15740230512989062,0.8774621954796282,0.527650607282547
2024-03-22,0.8203191499017704,0.8121764761611729,0.8219314909419246,0.8099807412366802,0.1378945059732602,0.8166417121145746,0.7979907379110118,0.7155792943665727,0.8142785730415719,0.8126861839565364,0.4942565699884564,0.8109342010453936,0.793023124891657,0.8047742388507485,0.15413803177446378,0.8694628838314233,0.4975271915362456
2024-03-25,0.812742887425786,0.8057341883601923,0.8149152454865118,0.8056694835082177,0.13881059983259653,0.8175190003438899,0.8000503372176151,0.6674572501577719,0.8037851178057241,0.8116694544722046,0.469340967799317,0.8115653732391531,0.7955345593959613,0.8063754533280144,0.15236021835888958,0.8614186860317512,0.509206182993878
2024-03-26,0.8102860135507597,0.8030329741581841,0.8177220223824027,0.8064909297098015,0.09346395379544847,0.8176576598816543,0.8017663306457965,0.6736976526496683,0.7945597894198269,0.8087057864470681,0.45203573894780136,0.8119396348328985,0.7983631668002891,0.8080089201158743,0.14225129426940947,0.8672410193337958,0.5276739833538263
2024-03-27,0.8170429057056379,0.8148780659409112,0.8265418243267628,0.8227087079283877,0.1215689375549246,0.819075951742892,0.8046182497687107,0.7818276465781314,0.8008084871722493,0.8077913289100241,0.47025000494446106,0.8148050115720492,0.8002197033511729,0.8104037914123913,0.14884045929486944,0.8744404217485245,0.5831694620475832
2024-03-28,0.8301473718422869,0.8221514435516628,0.8347605866263512,0.8247615953433369,0.11149190510222504,0.8219533048577603,0.8076426059369186,0.7936774089049575,0.8058839319817701,0.8082427722575786,0.48239072068924016,0.8169957544280148,0.8032030640498904,0.813033465272787,0.14117577459272235,0.8811460764971139,0.532034564321182
2024-03-29,0.8301473718422869,0.8221514435516628,0.8347605866263512,0.8247615953433369,0.11149190510222504,0.8219533048577603,0.8076426059369186,0.7936774089049575,0.8058839319817701,0.8082427722575786,0.48239072068924016,0.8169957544280148,0.8032030640498904,0.813033465272787,0.14117577459272235,0.8811460764971139,0.524711458009463
2024-04-01,0.8272808268178382,0.8190342888773201,0.8245373635440543,0.8122389497526359,0.17165718991938672,0.8235960212393609,0.8098901395002673,0.6536358890736248,0.7963733431467883,0.8063871526041835,0.4618845504278027,0.816192950345861,0.8078454478471193,0.8149988547009422,0.14533584270798,0.8714924835434501,0.48009889439092635
2024-04-02,0.8149954886251971,0.8065657161705935,0.8143141571242833,0.8042327211938458,0.21737236231362933,0.8233832355336095,0.8117774666860285,0.5771681884599693,0.7797602506110659,0.8010303964212585,0.4307649400168474,0.814074262423275,0.8128455969198909,0.8164825285500724,0.14637955653007312,0.8595989692852983,0.49595917405033046
2024-04-03,0.806395751680878,0.7955517802453123,0.7976765057964319,0.7871936585712338,0.214768805661281,0.8208085419105202,0.8125143320770678,0.4427039590790868,0.7493380060997357,0.7896540266663661,0.3772600202274799,0.812813157000246,0.814881347663047,0.8168853741818235,0.15768601225853063,0.8478330223468702,0.4632034317622687
2024-04-04,0.796771938949622,0.7884859161829574,0.7916625896956146,0.7806241923268156,0.24751543110869734,0.8170634598232942,0.8128268866620854,0.3988703993799325,0.7182186385777612,0.7732994772298464,0.33301181369759203,0.8143333100292315,0.8121834240453634,0.8162751729643113,0.16599210432701994,0.8344625782546918,0.500732740621017
2024-04-05,0.7822341968963065,0.7795500298250424,0.7892570671635053,0.7830877219437775,0.14097699768887723,0.8134886499042973,0.8130612784308855,0.4208854526240611,0.69534171510984,0.7548835730221646,0.31468960407900903,0.8153888113848832,0.8093010164092709,0.8153361485037248,0.16399398313179053,0.842612923761091,0.533742178409088
2024-04-08,0.7832578801678247,0.7780953497872023,0.7924644171149609,0.780829513427822,0.12444254793453657,0.8104670694037526,0.8130515535752589,0.40477427926233933,0.6747746294352246,0.7353569732318498,0.3048172630476962,0.8162402987518195,0.8076393112425417,0.8149174934125777,0.15493354611665638,0.8352727221155383,0.5164467610662169
2024-04-09,0.7881724697562345,0.780381595251799,0.7898586977905364,0.7882202640762661,0.1630691829904944,0.8086584244461195,0.8135164926670098,0.4732669356524666,0.6652607314891479,0.7175181477644407,0.31981892863469574,0.8165483132637207,0.8064163604727437,0.8144484878957264,0.1540386503763735,0.8445055256753172,0.5518005614320571
2024-04-10,0.7791629940848386,0.7768487323551292,0.7848472068232657,0.7826772415393226,0.19871030695112324,0.806190090134653,0.8137794448012816,0.4303729233182392,0.6524390693965105,0.7002585519899718,0.3249673717847199,0.8168995404178422,0.8037718096081838,0.8132753280439603,0.1604128832194225,0.8335264022682273,0.5044928521687182
2024-04-11,0.7928814516241649,0.7822516266617132,0.7874529963572225,0.7789817853163215,0.1320697007178058,0.801657710998523,0.8138551963082674,0.4025757633373416,0.6388970177492715,0.6832944280665033,0.32759365294027737,0.8169585042992314,0.8006427244807148,0.811707159728348,0.16570499084509704,0.8258124905146935,0.5111830155908634
2024-04-12,0.7756820027979989,0.7683282414938464,0.7754257817246464,0.7635851297042033,0.19255576758668946,0.7953166533635072,0.8134757278920792,0.3014066983136665,0.614019631681358,0.6639245867106792,0.30621059957394536,0.8195203925880886,0.7946941550216304,0.809962933827253,0.17187179769788657,0.8151349230926236,0.46821002521179167
2024-04-15,0.7756821017658302,0.7683283421962566,0.7688108152284976,0.7574266292569141,0.1554599343217399,0.7896352515410718,0.8128726219187805,0.26685550405057434,0.5891703294305717,0.6426367173217438,0.28916233977479744,0.8222521230781624,0.7880106709254229,0.8079291634200764,0.1844899503783483,0.8062749523870513,0.5018804906141128
2024-04-16,0.7633966608282443,0.7539894413502315,0.7680089339150535,0.7580424307623754,0.16468055329681888,0.7848475396204158,0.8122481838206541,0.27365178306063365,0.5709512874525575,0.6213598388386019,0.28926003168240366,0.823188911637109,0.7821534703884561,0.8054110509691991,0.17584522685927118,0.8155867087865445,0.5270037460891591
2024-04-17,0.7697440268572058,0.7604314776380345,0.7700134024477143,0.7635851297042033,0.16458954071470241,0.7824004704630236,0.8116896415717354,0.33511492369646745,0.5627346959207713,0.6024231729096567,0.3100608494600532,0.8220243910217783,0.7783529379793372,0.8028822299742436,0.17439637215351095,0.8248940058126835,0.5453353921959185
2024-04-18,0.771382135000348,0.7656267683128386,0.7788334986393,0.7705650763530765,0.15314135149208413,0.7813578238589678,0.8109251598655369,0.4074481647111917,0.5637903572558918,0.5875198988481438,0.34591137470822525,0.8190568623749795,0.7765658822396702,0.8004712620807136,0.1699184957293181,0.8336403721544445,0.5505877140438115
2024-04-19,0.7728155555329137,0.7778878344464051,0.7806376469981626,0.785346092257291,0.2110149096513621,0.7815919082600458,0.8103721966127404,0.5373128060258846,0.5793823269721355,0.5792315317828157,0.40470751901443114,0.8153974477137235,0.7768898007116367,0.7987889650074761,0.17860414172303118,0.8452223882181308,0.57925533122156
2024-04-22,0.7912433932040497,0.7959671116865219,0.7946694349740473,0.7999214634653833,0.1563849802383336,0.7835708253859084,0.8107613387011048,0.6388748069155925,0.6059934483428567,0.5788034878096597,0.47457345833713205,0.8139964154724791,0.777246885094506,0.7982639085386968,0.19199447026078842,0.8541276837020576,0.5779762496968116
2024-04-23,0.8051670759862966,0.7976298326368745,0.809904115189304,0.8042327211938458,0.16592638126513456,0.7852305471825176,0.8110083329728692,0.6656765682875916,0.6313510832499731,0.584371533584883,0.5278692882440382,0.813792576487545,0.7773015754353878,0.798188914949255,0.1831270353037457,0.863500482343367,0.5403178327598553
2024-04-24,0.796362523545268,0.8098906235409731,0.7992800182577888,0.8159342441780788,0.19859989824494917,0.7886776990945648,0.8113872781804508,0.7326559985624199,0.662337856949,0.5960485182241121,0.5821681697268832,0.8154187561622989,0.7766589219509428,0.7986818204501286,0.2099777338269042,0.8744741960188468,0.5669519027327077
2024-04-25,0.8219570970018781,0.819242144360008,0.8189246387293723,0.8122389497526359,0.1887765074145414,0.7921248677772383,0.8115002286819706,0.6977348834788668,0.6830059982289276,0.6102075368919646,0.604229557892132,0.8132651852718887,0.7777181120575221,0.7981353384479696,0.21830788709133142,0.8639818022476995,0.5114722310558191
2024-04-26,0.8094669520022739,0.8094748933916402,0.8181226991046626,0.8089541357316476,0.175879576925774,0.7968274519990926,0.8119203424450379,0.6665481835952325,0.695737466532757,0.6245022644195409,0.6054357967258092,0.8098792298496248,0.779450233919402,0.7973102485048554,0.21257292447669052,0.8541213236121917,0.5129149042649788
2024-04-29,0.8121287310560708,0.8065655433075527,0.8171203539508833,0.813881194965572,0.11255570790630776,0.8026790756778786,0.8125351239321381,0.6977106076673509,0.7097729710836265,0.6392095101497919,0.6091024363002393,0.8102071836759442,0.7792938294450416,0.797395967528823,0.20442839484007502,0.8608791018558888,0.5424431627048723
2024-04-30,0.8149954543066442,0.804695299009041,0.8159178031365975,0.8071067312152631,0.1613951482833684,0.8077646842324608,0.8125639857112639,0.6317880563836777,0.7137446535237422,0.6519010458063716,0.591185936425124,0.8106567661795617,0.7791430659031522,0.7975459800433783,0.19780514651159126,0.8517283215240353,0.5004084018953542
2024-05-01,0.8053718640153908,0.8005391621990721,0.8036900360988293,0.7972527745449727,0.3456583268306584,0.8112543999939088,0.8120444566258531,0.5451063209747157,0.7069110327143341,0.6604614607357662,0.5544667549518201,0.8114490845796144,0.7793878215643479,0.7980710280669338,0.20261917817250058,0.8335491377618858,0.48920636198782047
2024-05-02,0.8051669954863241,0.807812449614213,0.8091023499099337,0.8101860623376866,0.31511689148763794,0.8153611909479102,0.8118135453316979,0.6352074190987645,0.7129657372602486,0.6687210526816552,0.5517929106243006,0.8141181808729886,0.7797703300933305,0.7996140465053659,0.20959523161095694,0.8502318727935239,0.5716099512791795
2024-05-03,0.813562113259114,0.8100983837169056,0.8145145759878847,0.8149076386730465,0.24451201589885369,0.8184253017566032,0.8117197431277772,0.6648999331428901,0.7213819689147484,0.6772904224722014,0.5545463496171441,0.8172974837256751,0.7798791759742487,0.8012749264904476,0.211060991784983,0.8634551575650125,0.5416901833247788
2024-05-06,0.8211382906503499,0.812384426527696,0.8181228813964516,0.8157289230770723,0.16126086742450804,0.8200637751697646,0.8119217869557567,0.6701630629377278,0.72791083843618,0.6856676989871537,0.5528389417943913,0.8203023176541714,0.7804752822351777,0.8030965444246106,0.21022925988348679,0.8725993584935563,0.5276558340656293
2024-05-07,0.8250285443221201,0.8258921529121219,0.8343596894617076,0.8327679856996846,0.19309139901258807,0.8230215098962081,0.8128742768503519,0.7681863370885421,0.7480289231112471,0.6970587412851288,0.5796265909610254,0.8262607834052506,0.7791371897484902,0.8054217679585008,0.2144691399545639,0.8833031704243831,0.5857657906504162
2024-05-08,0.8352662362953451,0.8279700631172804,0.8379677296061478,0.8280460857692091,0.16391067637268608,0.8242769254353892,0.8136319227223618,0.7218645825020159,0.7582466456647247,0.7085531716235067,0.5805455484227954,0.8305810391747449,0.7795027799930336,0.807789851004375,0.20587584149521643,0.8740291359371979,0.5079749295416137
2024-05-09,0.832194899611407,0.8339966562025467,0.8403732990597108,0.8415953368649425,0.16638592020434562,0.827319771090008,0.814295772077501,0.7911899936137176,0.7776507602079004,0.7222715213471576,0.6003127023944683,0.837003303492626,0.7795526333580076,0.8110580429184765,0.20384840793334535,0.8834244507587221,0.572880430307909
2024-05-10,0.8440707255700561,0.8450104892033785,0.8515986248514265,0.8506280091312068,0.13539688199845726,0.8316393477497606,0.8152049550857827,0.831298510058437,0.7998139921759222,0.7384121150963804,0.6218426512440158,0.8432435648345425,0.7822793761212137,0.8156013538741341,0.20039932493708384,0.8913013855053697,0.5565489240218158
2024-05-13,0.8563562668042379,0.8510371762056581,0.8550064689341048,0.8461117538968537,0.15002603556652347,0.8349801068089322,0.816395556079927,0.785931072333273,0.8112359025485661,0.7539868645531443,0.6168131833023743,0.8460528150629117,0.7885663340029905,0.8202303838537587,0.20095578874660275,0.8827076613203897,0.5088832453642971
2024-05-14,0.8502135307847782,0.8427245840089135,0.8469882663105595,0.8430322609768721,0.12558990327302133,0.8387038566595792,0.8177593277488244,0.7549631658962749,0.8154535689394815,0.7674297383273325,0.5978641534297071,0.8465875482791844,0.7967244877662538,0.8246665333616204,0.20147226448356625,0.8753112423287812,0.5138880195205372
2024-05-15,0.8416138621015885,0.8389840738449279,0.8505965596542138,0.8440588664819046,0.24532963712835903,0.8435553975837098,0.8197580926807859,0.7605833282233653,0.8178126287679345,0.7787338984924838,0.5788543451196119,0.8464376566121098,0.8050979612990525,0.8288669597761834,0.19067454359746938,0.8885745883559766,0.5283266564821778
2024-05-16,0.861065809343124,0.8637137257056484,0.8662321291657449,0.8666407898439026,0.23365317044567818,0.8494070380331222,0.8227815047986815,0.8658851282536352,0.8388145410009813,0.7926724545392111,0.6022699910995412,0.8509592101797313,0.8104473018736389,0.8338817506993345,0.21009454050742715,0.901265818713168,0.6041824138453227
2024-05-17,0.8674133331677054,0.858934104312429,0.8698404306495788,0.8627403361150108,0.14271966483497628,0.8543649885807547,0.8255812281760164,0.8256551741164461,0.8494571003442585,0.8063039189031371,0.5995404278709683,0.8550294937846813,0.8143333842137832,0.8379214391648161,0.1993074379421279,0.8930300871727075,0.5111774616415972
2024-05-20,0.8649561299644175,0.854985580771435,0.8612206337218846,0.8516544528386816,0.11229311422675858,0.8580887384314018,0.8280706661013131,0.7187204319573083,0.845153136198641,0.8162059014848444,0.5663911864407897,0.8573632009414641,0.817313627492348,0.8406217066529303,0.1968094540723001,0.8862851753177047,0.48615163874051526
2024-05-21,0.8586085567805486,0.8543621775179733,0.8640270003849664,0.8610977673069589,0.07303535913415701,0.8610251744625188,0.830632249943849,0.7659905083460165,0.8483558158798212,0.8248739837169823,0.5554237483415703,0.8611179329320603,0.8194134047055015,0.8435898482022496,0.19010421863806654,0.8911065620629265,0.5577863309960387
2024-05-22,0.8528754918528356,0.852699763321551,0.8588152268700366,0.8547339457586631,0.11481013432561915,0.8637914221785377,0.8331649833813592,0.7078638532735212,0.8426443617739283,0.8304771959833982,0.5281818631739794,0.8637238168464437,0.8208026179953647,0.8456150467070297,0.18951616780771763,0.8842383229481107,0.5025536288091362
2024-05-23,0.8524658756741872,0.8450105224058964,0.8467877719459367,0.8358471550245503,0.1350447677463345,0.8631956121400584,0.8351637540003705,0.559708810987285,0.8183214601125822,0.8292904655035083,0.4678299256829578,0.863805137513442,0.8231352226844066,0.8468473062366014,0.1980550597634681,0.8763786408590302,0.4586886577929784
2024-05-24,0.8440709620423104,0.8385686376214987,0.8507970164392624,0.8399530916520064,0.0782275523434248,0.8620891365325278,0.8378480245741529,0.5850091417768318,0.8011621234349506,0.8243414994163505,0.4343895541393438,0.8637089918311253,0.8263987077316073,0.8484653351549231,0.19157424390746797,0.8814544311988871,0.5392363508402798
2024-05-27,0.8440709620423104,0.8385686376214987,0.8507970164392624,0.8399530916520064,0.0782275523434248,0.8620891365325278,0.8378480245741529,0.5850091417768318,0.8011621234349506,0.8243414994163505,0.4343895541393438,0.8637089918311253,0.8263987077316073,0.8484653351549231,0.19157424390746797,0.8814544311988871,0.524711458009463
2024-05-28,0.8375186076093124,0.8315028441267711,0.8339587137898281,0.827635605364754,0.10653843341982014,0.8601740484101401,0.840315811899818,0.5002366249057496,0.7744764860120246,0.814162308303418,0.38790105996297075,0.8632878346134151,0.8282209673410614,0.8491832636502415,0.19745995046783488,0.8749914833279381,0.48125095934998063
2024-05-29,0.8219569774391942,0.8169560879157352,0.8279449506872676,0.8163445627849761,0.1298391464511807,0.8574078174647473,0.8423650835234864,0.43185355100093725,0.7415897091205722,0.7983535454030657,0.33786299965672983,0.862495256518928,0.829948821394896,0.849665443716589,0.19352751746282704,0.8673868627738237,0.4845601559644852
2024-05-30,0.8235951195818296,0.8169561362671447,0.8289473348441123,0.8204504994124322,0.08510870035524745,0.8549607650779816,0.8443638541424978,0.46117991189296337,0.7185952194961835,0.780346867532402,0.3183269841327405,0.85977599105438,0.8350085077044807,0.8508762777127811,0.18455065053773573,0.8727998109810533,0.539418032148598
2024-05-31,0.8217524931400217,0.8381529131904395,0.8241365599494188,0.8448799890883727,0.15179406687485172,0.8527052164722668,0.8469759617378911,0.60989801196201,0.7225889701788737,0.76687240808163,0.3586112947658158,0.8589883947527698,0.839333319322503,0.852687170212418,0.21505860448336472,0.8814801639762755,0.6119827691171383
2024-06-03,0.8424327356360046,0.8443871883709217,0.8467878423887849,0.8442640257853531,0.15700864022726288,0.8507901115792529,0.8490468782741414,0.6056938348859086,0.7242972391597049,0.7564910121688049,0.38610377655433764,0.8582420538176422,0.8430717870940037,0.8542194632163246,0.21738718352147035,0.8725443108191999,0.5225448632783457
2024-06-04,0.8471420977612734,0.8533229470785542,0.8534027864682028,0.8580184361845353,0.11036991392596945,0.8514497506212069,0.851088938718316,0.6770271114987623,0.7376128451956323,0.7512895616972964,0.43214536411431265,0.8586678926311534,0.8469731827197728,0.8564268167583412,0.22268196537531215,0.8791949909979141,0.5731101185217068
2024-06-05,0.8586085182992014,0.8508292295903843,0.8534028555413655,0.8545284628600986,0.11033410569694002,0.8507688296545526,0.8528567923561226,0.6511179700011483,0.7437699254641927,0.7485635235541357,0.45414789575365966,0.8597222687236538,0.8481548361764448,0.8575626318294197,0.22383936802245802,0.8725460653267492,0.5125365436682631
2024-06-06,0.856151685881146,0.8578950452191862,0.8616215937040999,0.8594556838915808,0.12024552509037847,0.8512582468401564,0.85438653489438,0.6769101473884482,0.7521073288170887,0.7483260155892656,0.4762670244968931,0.8609447283285702,0.8501565422313666,0.8592020947263453,0.22272154395580873,0.8796806240666385,0.5419378244056593
2024-06-07,0.8616801205334781,0.8562325795633452,0.8612208087943762,0.8514494553327909,0.08639332057167837,0.8528754550992435,0.8557647516704656,0.6151792967707004,0.7499821619479919,0.7476406649808371,0.4722864060675911,0.8614611782312497,0.8506531057648783,0.8597164426510467,0.21980385468035019,0.874204732901081,0.49680645620836944
2024-06-10,0.8565611099293788,0.846881060810249,0.8515988060684427,0.8502175287267519,0.12433959927607696,0.8539393836279998,0.8572151257378906,0.6057333874484675,0.746009117453422,0.7461663279474343,0.4652735546812933,0.8614279232307175,0.8506440306863854,0.8596950171176668,0.21803454548158496,0.8668695754647324,0.5203961240890261
2024-06-11,0.8506230274570179,0.8418933726496853,0.8479905008016875,0.8493962443227259,0.10270396889458505,0.8561949154630883,0.8584634502902857,0.5990775508836135,0.7410169935334167,0.7438232697819537,0.4575519868538147,0.8616237384759954,0.8507861311297744,0.859866455165602,0.21576512689460303,0.860594506110511,0.5218323439906855
2024-06-12,0.8551279283509168,0.8458420559481301,0.8399724683381173,0.8319468630932165,0.18609387425641974,0.8578121237221759,0.8593365603399481,0.4707395230873993,0.7197579061639935,0.7369936517025658,0.41767350870005215,0.8618227645456141,0.8494563017455097,0.8592878390859852,0.2308869370031572,0.8502335541965919,0.4635089422302623
2024-06-13,0.8340379855014912,0.8277624539733093,0.83676528263639,0.8339997505081655,0.10478979823554951,0.8592165295048855,0.860628186091607,0.4860051484376696,0.7042053208183155,0.7279048849559392,0.3975932216869841,0.8618309608926079,0.8484200492651364,0.8587627910624297,0.2226870877834392,0.8566108236155545,0.5319916046171191
2024-06-14,0.8321948948962803,0.8292169267447782,0.8373664340007876,0.8368735987320248,0.08275132527747647,0.8583866518359546,0.8615662308790146,0.5079679360973783,0.6940673990892666,0.7182708754231697,0.3927468688124129,0.8587574438229949,0.8484164196503023,0.8572090556346953,0.2163260007055302,0.8619082667424613,0.5348897063123227
2024-06-17,0.8336282995242712,0.8472965011560387,0.8395714104619589,0.851859773939688,0.10536422190956332,0.8591739656554847,0.862865067810167,0.6118876595299603,0.6995963833651515,0.711852390360233,0.4213278361423348,0.8570317180933765,0.8490105958099703,0.8566411312087084,0.2342269501423328,0.8683136813866925,0.5776911241826665
2024-06-18,0.8520563385145783,0.8485433383720367,0.8586146251324531,0.8539126613546371,0.07261610445260408,0.8587483942439822,0.8642071945664831,0.6249125294687681,0.7052613643831666,0.708038023655682,0.44447436244699856,0.8573149140610722,0.8489614029799852,0.8567590012005818,0.22296931910776907,0.8731145257726923,0.5319006973956785
2024-06-19,0.8520563385145783,0.8485433383720367,0.8586146251324531,0.8539126613546371,0.07261610445260408,0.8587483942439822,0.8642071945664831,0.6249125294687681,0.7052613643831666,0.708038023655682,0.44447436244699856,0.8573149140610722,0.8489614029799852,0.8567590012005818,0.22296931910776907,0.8731145257726923,0.524711458009463
2024-06-20,0.8536945097331099,0.8512450619325596,0.8578130131625226,0.8504228498277584,0.11363443080581942,0.858322839603106,0.8648277484094089,0.5949154543571885,0.7057931941339539,0.7051104917586442,0.4523569324284624,0.8556783192162772,0.8494884714002462,0.8562018106543446,0.2178411339105133,0.8663038929890755,0.5125058036830438
2024-06-21,0.8563562111662886,0.8545698698307074,0.8618219752113343,0.8516544528386816,0.1476179321642941,0.8575142270882492,0.8656575629468577,0.6037735745645004,0.7067055844999027,0.7029811306278968,0.4594514181986902,0.855256365331707,0.8495909150297623,0.8560410727052633,0.2118261860253593,0.8747796265413713,0.5290284382381357
2024-06-24,0.8580635159419192,0.863484401564881,0.8634691964058905,0.8686569492132028,0.11969646557859384,0.8592978167302776,0.8666087561940363,0.7129587908630813,0.7226308076711832,0.7049895702443466,0.4962299745688477,0.859189748068328,0.8490553518458774,0.8577536205709985,0.21779932404146707,0.8818872828321728,0.5842620967106429
2024-06-25,0.8652841322168556,0.8576216681224567,0.8634690834213088,0.8583148493106534,0.13436441139477528,0.8601371194911565,0.8668789422560024,0.6212867153336441,0.7246054570864099,0.7070565828333581,0.4967505963930342,0.860695709047245,0.849443122369959,0.858712035265972,0.21949510930460348,0.8740609363865273,0.48887080112310777
2024-06-26,0.8498115073423373,0.8515497330084008,0.8553904034976534,0.8550054420608608,0.10004073186052098,0.8607185235616943,0.8671915480244707,0.593601049736156,0.7221939969324569,0.7081481180358791,0.4880801329660173,0.8610128753412917,0.8519270169459456,0.8601406378091617,0.21886023853060527,0.8679163585312782,0.5131685930628757
2024-06-27,0.8572382609233684,0.8486182541536649,0.853168571405585,0.8481795266871319,0.0431518999995524,0.8624010701806184,0.8673724701484749,0.5379681192647879,0.713090290975819,0.706899410107944,0.4672790434133969,0.8582915683744224,0.8578715393049938,0.8618023032000789,0.21732388269642539,0.8645591814403512,0.5008540712008934
2024-06-28,0.850636674087875,0.8423368951584667,0.8487253356110025,0.8411471576294911,0.09991689506846085,0.8631419125948334,0.8672701259953433,0.48422251167298136,0.6986543554128493,0.7025356456483031,0.4395910784176975,0.855319186887383,0.8629258546746372,0.8628825909231189,0.21337222587905408,0.8584206712570431,0.5000270398138296
2024-07-01,0.8520807789509375,0.8479900752265346,0.8406466999220796,0.8299777868132725,0.1130227068932333,0.8624271485044237,0.8659814518226727,0.40746881144477165,0.6763425964321719,0.6938441007113327,0.4011239003277557,0.8565346219292621,0.860200948391243,0.8621047520084876,0.23084927521447873,0.8516400113107252,0.4853316299941863
2024-07-02,0.8345448504801642,0.8335429166189801,0.8388288575104232,0.8409402185529053,0.09747745946583072,0.8612953157100158,0.865215195756851,0.494563931308558,0.6687787510851727,0.6851278468768358,0.4009042769973812,0.8565836030718105,0.8598127906357371,0.8619312617711118,0.22814086983298154,0.8576589956672435,0.5636361575985734
2024-07-03,0.8409402965972448,0.8362647435684807,0.8458976785726684,0.838251304937754,0.05819583222054287,0.8596719861723505,0.86474408621577,0.4754886176039973,0.6601096595884383,0.6761342097727663,0.39843877494945823,0.8555969721035729,0.8587678963335419,0.8608994918601595,0.21868217625724123,0.8535647060922057,0.5152299220177101
2024-07-04,0.8409402965972448,0.8362647435684807,0.8458976785726684,0.838251304937754,0.05819583222054287,0.8596719861723505,0.86474408621577,0.4754886176039973,0.6601096595884383,0.6761342097727663,0.39843877494945823,0.8555969721035729,0.8587678963335419,0.8608994918601595,0.21868217625724123,0.8535647060922057,0.524711458009463
2024-07-05,0.840940524107592,0.8513403636296153,0.8477156995582669,0.8576943556760119,0.082102301126318,0.8604256916568926,0.8646244591174634,0.6098325118105211,0.6713377441290657,0.6715563966786657,0.4376885219029202,0.8560322234785332,0.8586611359988245,0.8610647395588763,0.22978327222416117,0.858830348769783,0.5933873368039442
2024-07-08,0.8615706678926687,0.8534339683487138,0.8622573169558223,0.8552122193398886,0.04157782993180024,0.8607944609573155,0.8646412700374821,0.5906078617239503,0.677555577466249,0.6693434290583367,0.4587082876861647,0.8553919710381649,0.8588604487551177,0.8608432466680783,0.22052271449262528,0.8555502969065399,0.5160506708097176
2024-07-09,0.8578572549977888,0.8513402488541495,0.8618533399789983,0.8510753793788688,0.05871952757009833,0.8589720976274167,0.8651765295033977,0.5581696424488053,0.6782321673635989,0.6677307578281503,0.46404398072035036,0.8553587140071622,0.8588550966056319,0.8608237213101068,0.20939882429025158,0.8514303476585949,0.5102545807597858
2024-07-10,0.8566192304424336,0.8513401477539178,0.8614493733231265,0.8581079102340676,0.08279160953513459,0.8589506479964539,0.8658146563310523,0.6060297732495054,0.6849883076498342,0.66801537490245,0.4809078968729699,0.8562803748147577,0.8587502992309295,0.8612355695506805,0.1997006369806934,0.8567297646064945,0.5493515957761905
2024-07-11,0.858476087471228,0.8513401965456695,0.8590257399617909,0.8521095893691237,0.144941267044344,0.858650487327985,0.8666748965863971,0.557095413052498,0.684263904918644,0.6680742212478076,0.47890114933038874,0.8564920414099991,0.8588183497698074,0.8613771959577677,0.19448274081817746,0.848385180493502,0.5037872404150285
2024-07-12,0.8632211885926844,0.8603437675460581,0.8650850774375225,0.8591422820218806,0.12425604674167495,0.8597867978795992,0.8681792009496736,0.6059976357498685,0.6898538147258714,0.6694242217067281,0.49037748355948313,0.8569226822647386,0.8611722207464374,0.8627966945494466,0.1962659437942711,0.8557162440789025,0.5493361848593177
2024-07-15,0.8607454851160632,0.8548996711515948,0.8600356955806621,0.8498343921095861,0.10117465911311968,0.860687246343754,0.8692120204265645,0.5310214991799639,0.6850701513076607,0.6693892225233921,0.4780670098253674,0.8563031293123008,0.8634032628487114,0.8636232032901984,0.19508070581628528,0.8495161068179286,0.4922632838889649
2024-07-16,0.8531121745760348,0.8580403608435523,0.8596316311599654,0.8651404410892665,0.09380562398077097,0.8643319226916728,0.8699241585238822,0.632080734522294,0.6951952618727675,0.6717212332237511,0.49910601381683906,0.8577252048697209,0.8648863786461041,0.8650986261554449,0.1993459017500741,0.8553551810461718,0.5783816130456875
2024-07-17,0.8702354347642047,0.881909743166311,0.8782127864676501,0.8858244790968071,0.24764075991030038,0.8689842621173078,0.8713849740152426,0.7386771054666497,0.7219070057480098,0.6798129450462045,0.5503007197334294,0.8650411116670024,0.8611244402457634,0.8668714560303509,0.21340647836744014,0.8687317659147724,0.5965489712837954
2024-07-18,0.8824073936980248,0.8873538275617836,0.8883113749735547,0.8777579000489113,0.1966035894765583,0.8730791962385565,0.872078799811322,0.6751214069835265,0.734465504503789,0.6892135105134003,0.5619343750238766,0.8686539736340692,0.8599895143503877,0.8681160878131357,0.21573155401242794,0.8578558660351608,0.49705131228846766
2024-07-19,0.8844704369025842,0.8768847100468717,0.880838519583554,0.8723799110210511,0.15093765339723111,0.8746013821293599,0.8727062634200875,0.6342947172202154,0.7383024618895838,0.6976282995881999,0.5531723695936558,0.8708624363607614,0.8600501751207428,0.8692621638314179,0.21378729718431588,0.8492174750121572,0.5061786448971728
2024-07-22,0.8786936063642032,0.8701843389299839,0.8767988450294566,0.873413959213748,0.11500558757573814,0.876488027269642,0.8731968852299721,0.6401758736344354,0.741249409464201,0.7050470197308265,0.5443188796339711,0.8730175051886792,0.8601434360987983,0.8703979282311519,0.2081945909399478,0.8560952908140125,0.5282867032285429
2024-07-23,0.8776622890196033,0.8708125584148565,0.8772029693201873,0.8676225774253898,0.07814847583765144,0.8782031759859792,0.8737653570683201,0.5940625266500622,0.7370926605557111,0.7100131205794256,0.5225189423071115,0.8728761606626391,0.860177464575606,0.8703439379138883,0.2033168145031325,0.85102337501166,0.5047004342754351
2024-07-24,0.8644590139174597,0.8618093194848291,0.8669026246862739,0.8661748128770792,0.13309172725468751,0.8790393258691245,0.8743262423818694,0.5824508244263622,0.7314732846607639,0.7126762097765403,0.5020487821857907,0.8735892115451384,0.8602758180649583,0.8707541984523436,0.20131249410703556,0.8432593866884927,0.5196909921091667
2024-07-25,0.8743613061474005,0.8817001887538118,0.8753851133079762,0.8643130083780393,0.20867394667856295,0.8803042335827582,0.8748505542763927,0.5668858996356964,0.724385430896648,0.713154609683988,0.4826303222114376,0.8742214117546675,0.8606020718040812,0.8712400184102506,0.21617931908780347,0.8317920715558358,0.518249401423345
2024-07-26,0.8733301144973054,0.8754191184009184,0.8778090170750965,0.8806535909430904,0.12789207399770527,0.8825339218828085,0.8765625553954222,0.6745381800106653,0.7332231568041802,0.7155972697755906,0.5000895132944131,0.8772890311859437,0.8608882037980148,0.8729350424361108,0.22051603469957204,0.839301290761962,0.581492980934847
2024-07-29,0.8801378344011439,0.8777221473255519,0.8802325405433178,0.8812739227801738,0.11063101559597574,0.8857926893502859,0.8782242033730963,0.6782572637278113,0.7397596878526225,0.7190749643173905,0.5092893455718432,0.879609411724764,0.8626953442102823,0.8750295086684358,0.22043937955218473,0.8459647642248892,0.5268453389989045
2024-07-30,0.8644589621241823,0.8657875382933604,0.8660946807526675,0.8703114910405412,0.1509660015785461,0.886328678564962,0.8793995175766416,0.5816262924879728,0.7336041279691016,0.7204223520955287,0.49035426092666556,0.8780044528667451,0.8684047558083712,0.8771347763423029,0.23709611408096715,0.8373249842167424,0.48701616583952906
2024-07-31,0.87291735656654,0.8703938174755794,0.8715479732338107,0.8674158001463621,0.130908917293435,0.8844205837937171,0.8799462990060072,0.5576983800109637,0.7251065781394249,0.7195196120481779,0.4703541550429134,0.8771958494197151,0.8719103357802889,0.8785167021322443,0.23835997041547324,0.8296679477495954,0.5146867030925295
2024-08-01,0.8731235559669521,0.8787688993931515,0.8765970475667655,0.8823081327704287,0.22133812367863903,0.8848922241155046,0.8809443762939959,0.6574790373245802,0.7314794116817755,0.7202828310674183,0.4851619172297477,0.8772563366196534,0.8763536056060972,0.880816302856409,0.24426794246519784,0.8417557737188219,0.5763607743409412
2024-08-02,0.8972609860497658,0.8999163398107282,0.8774049544256652,0.8965801335574122,0.33401319234837823,0.8874006234530618,0.882566766565009,0.735327111835844,0.7488510101351941,0.7249424629937846,0.5197949144428718,0.8824923964697086,0.875151070228803,0.8828459942203758,0.2803693892329255,0.8593643770050731,0.5737557655741236
2024-08-05,0.8962295335145105,0.8915410748389718,0.8701340375536482,0.8643130083780393,0.4081735266778766,0.8864572924976075,0.8830117043016494,0.5063109819513338,0.7311889534910151,0.72455341041521,0.47492003065686855,0.8822437794651409,0.8763270838002897,0.8833210211819648,0.31262963903859775,0.8381221154799323,0.4147939969428289
2024-08-06,0.8747740108947164,0.8860971606767756,0.8812422349826627,0.8754823791942579,0.21039274167197572,0.8872719759791636,0.8832516125090213,0.5682958110511024,0.7268362238392403,0.7232276129414115,0.466593838305342,0.8820711716246948,0.8789924017355897,0.8845949747826033,0.32617331035619096,0.8496736469749511,0.5635236535072942
2024-08-07,0.8848829253484511,0.8925881629001773,0.8868974421492928,0.877137244616712,0.18623561516299458,0.8884082529895254,0.8839132041052813,0.5772851701729785,0.7240770679980011,0.7215238574907392,0.4632343849127603,0.882461991209044,0.8805509848363329,0.8855882344719505,0.33149053640073023,0.8600415438145859,0.5304222238285654
2024-08-08,0.8751866158222859,0.8875630442093414,0.8818481831253422,0.891822799961751,0.18187148725003244,0.8912596954868508,0.8852073037237222,0.6530438350703915,0.7347644614195629,0.7226519228019092,0.4884048283156091,0.8843327109512159,0.8827604508765599,0.8876611147116388,0.3357966513555622,0.870195610046661,0.5753379887045438
2024-08-09,0.8910720409834634,0.8902849305971241,0.8921486349083356,0.8943049362978746,0.12860674656875104,0.892674683534719,0.8868285736458708,0.6651232689774692,0.7444709391934844,0.7258168081295168,0.5065089624600976,0.88693502063647,0.8837814532762935,0.8894964730253087,0.3278013571113381,0.8777398462992902,0.533191424544067
2024-08-12,0.8960233698749711,0.8877724145787158,0.8925527560394464,0.8860314181733928,0.11988595079054126,0.8931678070287221,0.8884062182069019,0.6062487989492277,0.7432558687003553,0.7280655018476043,0.49836545657006065,0.8859214145757316,0.8884833613276744,0.8913858216562417,0.3159582124152857,0.8706229057393743,0.4964886789825739
2024-08-13,0.8885962932031688,0.8869347177590388,0.8885131383090998,0.8934775035866473,0.08674245080471535,0.8955690085233439,0.8906381806271482,0.6460156212779109,0.7481750583508118,0.7310110454863326,0.504559358996412,0.8878501920305836,0.8894726605502816,0.8928649097487201,0.31001108882235706,0.8761159033535364,0.5502406991120338
2024-08-14,0.8947854538204316,0.8990788040083149,0.900025356073106,0.9009237507974597,0.08301391895702565,0.8990421716766914,0.8927465520751858,0.6839440028532294,0.7578443842001882,0.7356212539246043,0.519355617179917,0.8907658952293332,0.8881331091202012,0.8936530349462274,0.3048044503309738,0.8814262128691374,0.5501250795169335
2024-08-15,0.926556050261665,0.9221106438748456,0.9228479874225988,0.9178846651995942,0.09019346887742694,0.9027297472865359,0.8955455986935617,0.7603489764826082,0.7800088513893397,0.7444756225568763,0.5570795421525606,0.8986580955260518,0.8844311972237178,0.8957475011785524,0.31732894245518906,0.8870883011483544,0.5823358738528137
2024-08-16,0.9187166496362356,0.917295051951776,0.9234539256958454,0.9224352215162275,0.07872737554029394,0.9054096765892901,0.8978211864749257,0.7789391358473808,0.8001229887752358,0.7562474184953366,0.5830108934166748,0.9063364203407992,0.8819555542291315,0.8983602001386354,0.30244650454982186,0.8921885814894189,0.5400139973882665
2024-08-19,0.9267624584419105,0.9254608632117776,0.933350353451383,0.9280198260255579,0.08399864525533504,0.9120130100480954,0.9003803135118291,0.8015797610318328,0.8193669983218745,0.7701503426472674,0.601953279461787,0.9141659644827912,0.8797955105936728,0.9012104210247368,0.2873645810315121,0.897547139962623,0.5434399601271189
2024-08-20,0.9300632830656357,0.9298577230959058,0.9345620192196522,0.9362933441500394,0.07804851119827763,0.9183161828384321,0.9033756543505598,0.8337906668565546,0.8402205811958655,0.7861333365545259,0.6204418359255065,0.9226082498680935,0.8784672104650035,0.9047947767910821,0.27620066524266923,0.9026141577647339,0.5523647500128045
2024-08-21,0.9527564886112958,0.953098819789381,0.9521332600948673,0.9476694922452857,0.09340874944236144,0.9256269851652321,0.9065236697355772,0.8743190149331762,0.8649944618758929,0.8046941483578374,0.6433545923858573,0.932425728183799,0.8770899492208795,0.9090484925693135,0.2835088368915208,0.9084337862009735,0.5625475849322328
2024-08-22,0.9546132985411218,0.9459799771382802,0.9472862077447628,0.9451875177067202,0.08851346613212938,0.9311583401946857,0.9097952817798527,0.8510563921106652,0.879618335362035,0.8229514014035618,0.6406564313192252,0.9395877355918082,0.8782748566125524,0.9132698378038143,0.2770387946432149,0.9028540135676068,0.5165121667267933
2024-08-23,0.9504872487190397,0.9440955806996378,0.9486999320544545,0.9499446895048234,0.07169105853601038,0.9369255069997198,0.9129869111518876,0.8688136708872946,0.8928823634619769,0.840648848062556,0.6356806308859442,0.947398412566174,0.8776344542249217,0.9168865725591145,0.26598105419946216,0.9076095331752521,0.5404500517018221
2024-08-26,0.9542007742494987,0.9593802989196136,0.960616076369929,0.961941493032269,0.08311388359639948,0.9447937314015329,0.9169273828424178,0.9104472509772427,0.9116893751029684,0.8591904351923005,0.6431837152016531,0.9568409190115911,0.8765434013979947,0.9210971163520728,0.26265699746550697,0.9129247406910945,0.5642900579956557
2024-08-27,0.966785385503075,0.9631492610970671,0.9684929553243413,0.9660784947908467,0.059299919282283724,0.952318962955456,0.920475271779289,0.9238661072042377,0.9272862643117472,0.8776591037392405,0.6425355834108875,0.9651120455849279,0.878153855098591,0.9260957937877626,0.2504171781327863,0.9170731275822329,0.5382637756152195
2024-08-28,0.9688481056952702,0.9627302879038959,0.961423809152526,0.9588387012639463,0.07410363796686842,0.9583219583066971,0.9230416611791372,0.8495603361078145,0.9295679977163334,0.8929658761033888,0.6144312874091635,0.9700105169518288,0.88265495708272,0.9308677254033043,0.24946724668363296,0.9121993980284597,0.5010521840722213
2024-08-29,0.9591518868641735,0.9505862580566922,0.9559707685770622,0.9503584058604369,0.06928295513378102,0.9616879236171094,0.9255935087919462,0.7682281414832949,0.9202333864669565,0.9030355373753629,0.5678815869068413,0.9734830457297424,0.8861770074126332,0.9344196937354706,0.241956798753581,0.9075618690534987,0.4968803812320593
2024-08-30,0.956057429630464,0.9591710375619231,0.9581925536461762,0.9638031357337511,0.10719640962823598,0.9659757870226398,0.9288069593751151,0.8261151717907224,0.9223751281655622,0.9115904739714022,0.5544180611638803,0.9791761940794269,0.8874188979369118,0.9379284816371402,0.24129549211429296,0.9140570560006642,0.5690560673476912
2024-09-02,0.956057429630464,0.9591710375619231,0.9581925536461762,0.9638031357337511,0.10719640962823598,0.9659757870226398,0.9288069593751151,0.8261151717907224,0.9223751281655622,0.9115904739714022,0.5544180611638803,0.9791761940794269,0.8874188979369118,0.9379284816371402,0.24129549211429296,0.9140570560006642,0.524711458009463
2024-09-03,0.966578828623784,0.9757119764040505,0.9709164306922606,0.9757996156660809,0.20595102926278316,0.9709282535754913,0.9324057303489983,0.8707194412735616,0.9321316957351669,0.9207085315002586,0.5594233227112978,0.9833965689238223,0.8946411813964432,0.9437476632592922,0.2457315043228237,0.9253909554551002,0.5639676074856039
2024-09-04,0.9750374993145545,0.9792715731644321,0.9796012592694652,0.9838666801066505,0.2622445493161374,0.975859320809259,0.9364916142228707,0.8979690526089915,0.9440742667765482,0.9307866101033305,0.567956403773382,0.9889261826161196,0.9002518861412354,0.9494049161557737,0.24164439438852753,0.9394830869858525,0.5509250947598794
2024-09-05,0.9865901445800422,0.9811556372182499,0.9771773120165179,0.9772475420119493,0.16525050094220403,0.9789251422218286,0.9403957286022777,0.8348506239602568,0.9438811117290988,0.9388040514672888,0.5496405718888897,0.9914888304267423,0.9079504423999878,0.9546302971854915,0.24447727184420193,0.9301434046745344,0.5033032936057193
2024-09-06,0.9793697797744159,0.9786433926946556,0.9802070777395828,0.973731357483129,0.16287372974037542,0.9818837657914627,0.9442416928946782,0.8017614278643966,0.9370792962600661,0.9436326043061101,0.5212963563151097,0.9937978078720816,0.9140394002937453,0.9589056158468078,0.23858608787773639,0.9209201778017949,0.5132953603438756
2024-09-09,0.976275106309505,0.984505909227503,0.9796011019883395,0.9869689864822995,0.12474542587174386,0.9857214049649152,0.947978590940759,0.8548921833886564,0.9408200786446075,0.9483673663408569,0.5204627032260895,0.9974918623652992,0.9198582098149557,0.9637423307759309,0.24289993867819237,0.9282752196570346,0.5677784872815403
2024-09-10,0.9867966599725151,0.988902926707383,0.9903054736891719,0.9865554319242438,0.18355298200487288,0.9882726867937717,0.951679148736867,0.8508153535028936,0.9400321752055625,0.9519715276005427,0.5104134362656395,0.9980473822928472,0.929583569541772,0.9689893062435094,0.23680573042209557,0.918038764674628,0.5233763044515516
2024-09-11,0.9826704918400055,0.9757120294622956,0.963847606533893,0.9704219502333362,0.1918172228629574,0.9887228942552229,0.9551979484126094,0.7030249231746293,0.9210276511412616,0.9504251896488709,0.46463357948841943,0.9953339644860338,0.9401309597508452,0.9730055169861705,0.26018410463936337,0.9073973839707604,0.4726123427596757
2024-09-12,0.9731805772007829,0.976968264651382,0.9737440370879806,0.9809706656173556,0.1038289440899264,0.9910169146775354,0.9591893078272018,0.7532303351749138,0.912880229209251,0.9472890785320494,0.4505029904285606,0.9934337622716652,0.9501914005636811,0.977183664899726,0.2607458891064466,0.9137275741038193,0.5590967234490826
2024-09-13,0.9845272659015118,0.9889028775503275,0.9868719952437266,0.9931742464238289,0.0634641179164982,0.9954548584173002,0.9630861598436644,0.8048463871238803,0.9148770575112368,0.9452456200973091,0.4602149583835529,0.9951959872549198,0.9561444220027329,0.9811134978909447,0.25874250338353244,0.9180799956020343,0.5642475992996797
2024-09-16,1.0,1.0,0.9999999999999998,1.0,0.0909305215916161,0.9992067326081542,0.9667212824416207,0.8313731624876847,0.9197776995949078,0.944753118856642,0.47400053436339346,0.9976826008261476,0.9616137645276122,0.9851620876225607,0.2530946536052713,0.9237781974949725,0.5466695129275948
2024-09-17,0.9962865772961007,0.9932998845768501,0.9896995888205944,0.983452801953479,0.1000362558318923,1.0,0.9709089474506678,0.6948779317406926,0.9050745520453727,0.9409320366765295,0.4444146724059379,0.9965906463948934,0.9683592566780217,0.9880554804939353,0.25542529000469394,0.9176338389531671,0.4716885572074513
2024-09-18,0.9845271972414404,0.985971499995425,0.9783892789689603,0.9768338256563358,0.1676347321917471,0.9992710311891639,0.9744713668004779,0.6461279771162648,0.88444971401034,0.9330678333070368,0.4084776687511067,0.9950603645055652,0.9740159673891366,0.9901715411641209,0.26263935221367035,0.9081773356808643,0.5032986844029342
2024-09-19,0.9837020666265559,0.9757120260701673,0.9727341226710966,0.9666988266279302,0.1974540349160073,0.9981776366701012,0.9776193821854953,0.5758400780232694,0.8561375527776047,0.9201773342827402,0.3638017867143738,0.9940728520733041,0.9769373553737897,0.9911648008534678,0.26271031204073314,0.8972597662469591,0.4917979481013748
2024-09-20,0.9674041693467559,0.9702681633256416,0.9709165379295366,0.9749725065499697,0.16440453153138368,0.9983062841439994,0.9805420254631296,0.6214997529791336,0.8393131409017048,0.9059434192628444,0.3518609263536641,0.9926341459434637,0.9814041963823674,0.9927194652558461,0.2574104293640951,0.9065579983174271,0.5517396084789896
2024-09-23,0.9737602088875321,0.9847777502033135,0.9787482335031514,0.9849326024182585,0.1534651175628919,0.9980952090421245,0.9837275128210847,0.6726220434089143,0.8332554174628929,0.8931443235863057,0.36461421906269453,0.9922597906937453,0.9853504706832286,0.9945457027275567,0.26212226715614284,0.9153202283316123,0.5570920160168631
2024-09-24,0.9849598228518845,0.9830938011494328,0.9850426707493598,0.980773919786919,0.1086928951997577,0.9974959442546396,0.9870576332365217,0.6416668560566098,0.8225196545399797,0.8804027031745891,0.3651250839873976,0.9924125883880067,0.9871242682685679,0.9955286845792516,0.25412261152417853,0.9087517175897861,0.5112694003886097
2024-09-25,0.9891076884245862,0.9826728274234564,0.9824029690133431,0.9764071654960882,0.06566035596363673,0.9981163232605625,0.9899725421260557,0.6090672016657577,0.808046832142083,0.8668360109649187,0.3577914902538114,0.9924043647783175,0.9881880990603793,0.9960678023460513,0.25018492378550267,0.9042916862952198,0.510562797515896
2024-09-26,0.9756265847646042,0.9824621721760172,0.9817937553279323,0.9803579382654946,0.10243391516732142,0.9980528128989863,0.9927645879857903,0.6322716912037146,0.7985770094089619,0.8537753848271643,0.3622896236077669,0.9918314906231783,0.9909540142220539,0.9971910255880917,0.24716299197206315,0.9105535237383409,0.5375448158196566
2024-09-27,0.9849596656553223,0.9877245054479182,0.988900209924364,0.9834769097896097,0.07060935161741294,0.9970476654152063,0.9950701010246437,0.6507832599544789,0.792358192363674,0.8418773717745368,0.37262342977689883,0.9890587725343986,0.9970805599686219,0.9989196869412879,0.2415011092141343,0.9152560425971038,0.5348196342759687
2024-09-30,0.9920111549601267,0.9873035786501154,0.9848394204462636,0.9830610900657433,0.10099114193934383,0.9952919150127384,0.9972010500614752,0.6471229962965503,0.7854569423514152,0.8307503843928299,0.3794766382403554,0.9882617756135968,0.999836946016265,0.9999248797321979,0.24163791012007763,0.9090648971873196,0.5233662757839134
2024-10-01,0.9859965316301171,0.9801467202009269,0.980575534017105,0.9772388049438214,0.2092647824575486,0.99464782234131,0.998931056381039,0.5953186667754419,0.7730517255484755,0.8189573261817861,0.3735563136428307,0.9882456402892322,1.0,1.0,0.2376398809062215,0.8975686326801008,0.5058717518028123
2024-10-02,0.9750045731195187,0.9668859232106375,0.9681901355082574,0.962683173037796,0.13559681127720494,0.9931810801408607,0.9998586369963105,0.4815190759144483,0.7483214459612637,0.8037586256903559,0.3432854972748306,0.9891699457699316,0.9969209276075004,0.9988943005978351,0.23995593375879315,0.8896819019329701,0.4774530282791907
2024-10-03,0.9582053808569102,0.9521514446254677,0.9519468138969691,0.9456322991934554,0.1463333119478632,0.9909974942923481,0.9997870313488284,0.37522342361223326,0.7118868309628179,0.7831073079147406,0.2948202848580326,0.9934682062654566,0.9894396741837843,0.9972441038211594,0.24527962732080638,0.8812691113390021,0.46887914717223506
2024-10-04,0.9453463412034668,0.9470994376533797,0.9497131218188566,0.9512465126558858,0.1605834950920346,0.9885382496603048,1.0,0.4196818194759966,0.6878594481706239,0.7609858343774683,0.2817529068336928,0.9952958199639296,0.9853344589490916,0.9960704794820706,0.23943512009304851,0.8903801228330734,0.5432805894708735
2024-10-07,0.9542645482333205,0.9456260252541766,0.9417945248620785,0.9344035486734785,0.11295556646380309,0.9833008166263586,0.9994537417792411,0.3280672864083687,0.6528586840386668,0.7351305071033526,0.2485648055865672,0.998474485264185,0.9768188559096209,0.99332676131629,0.244161677084185,0.8836027525884103,0.46918761251038876
2024-10-08,0.9374653532499555,0.9384694539903575,0.9399673193755598,0.9427210757337154,0.0972521660248539,0.9793565665818893,0.9987781600397994,0.39277335469136965,0.6331514215521032,0.7098527806331174,0.25369877046860223,0.9987180239751928,0.97209772403801,0.9910387727751752,0.24061811733511873,0.8896106981682648,0.5524060338139197
2024-10-09,0.9465907400425684,0.949204386898703,0.9507284460385967,0.9529101151464681,0.11303762698866221,0.9769210523859777,0.9983153024083757,0.4658521119085147,0.6273982372746936,0.6882896192661667,0.2867154260275504,0.9989169708452169,0.9701111228390134,0.9901247208420639,0.23669293187426604,0.8963920891593948,0.5584701306425018
2024-10-10,0.9548868297815121,0.9498359252456268,0.9505254429020642,0.945424389331522,0.11074440832123561,0.9733001232448166,0.9978438004608399,0.42215515277188953,0.6161406088412521,0.668415107349131,0.30172487012057525,0.9986437397719551,0.9667480690309374,0.9882693389022043,0.23431734809277016,0.8897230597558953,0.5000585213217983
2024-10-11,0.9536425382851446,0.9502570554895675,0.9529620554127771,0.9547816274989835,0.10505835995327026,0.9703258023690202,0.997999273035763,0.48749958773442503,0.6164247220371629,0.652581720301917,0.3376441296267889,0.9955149106583879,0.9659175180482362,0.9862653885810996,0.22893849496040736,0.8961134879814769,0.5556645354012297
2024-10-14,0.9563386496051578,0.9563613391448689,0.960271557683295,0.9616436237281296,0.06807890343266634,0.9681058410321899,0.9979233679784252,0.5325091455537979,0.6234184988036406,0.6415451541899296,0.3802803414558134,0.9902314582493109,0.9672210225657372,0.984263329990179,0.2217227529405934,0.900692021640096,0.547285335970518
2024-10-15,0.9662939073669892,0.981199503134752,0.9726571518893659,0.972456392726682,0.14304790693441274,0.9676101348617456,0.9978058564627461,0.5982853843806127,0.6392782165735676,0.6364125615036409,0.4327574017860014,0.9887740780343183,0.9675380353675278,0.9836893587837817,0.23659888095374848,0.9089438361664243,0.5601389721394795
2024-10-16,0.9689898425594619,0.9675172425678054,0.9714385996279624,0.9712086099599664,0.08982195850124658,0.9684938126996592,0.9973609357872559,0.5891485096526562,0.6506426724020213,0.6349553700272181,0.4654259517812052,0.9881529636580132,0.9675771960138488,0.9833957436797148,0.22820147267795915,0.9032999509030303,0.5206489298666928
2024-10-17,0.9758342164712643,0.9698328353984687,0.967783990926639,0.9635149742830871,0.08976377012907374,0.9703473861649932,0.9968782474122244,0.5331247454583231,0.6523372839807052,0.6341846051601123,0.4715272073242232,0.9879876456727344,0.9674152281475381,0.9832295585611303,0.2296056184247452,0.8976589167144038,0.49964430234552015
2024-10-18,0.9621455806527686,0.9618338035854739,0.9637230146657094,0.9672576753930022,0.09868300317648832,0.9720069737965924,0.9966507028517133,0.5584776419279495,0.6571144483328384,0.6346814779829493,0.48279451744496177,0.987257615843307,0.9673484964078902,0.9828268733886355,0.2251978085743574,0.9037369694917454,0.5369607883993668
2024-10-21,0.9689899065414735,0.9643598854646627,0.9602714449356171,0.9529101151464681,0.10450780843194274,0.9739252147967132,0.995453561749984,0.4594361168317801,0.6473616445171015,0.6328057452632628,0.46170577682618,0.9844620636605451,0.9668395180098335,0.9811554199830607,0.2303065806950263,0.8973735168197328,0.4778566976600354
2024-10-22,0.9528127649634546,0.958466097203396,0.9578348670291885,0.9624752631758628,0.10760820426207446,0.9759727740957822,0.9946071637745191,0.5260273204683837,0.6486630787144674,0.6316085037040075,0.467736498679442,0.9823140951799253,0.9670929722664054,0.9802002989254611,0.22997376168733752,0.9038888806037143,0.5562126102832997
2024-10-23,0.9563385694578199,0.9555192673896773,0.959662378110411,0.9591482199922563,0.07797838674976165,0.9766193655905204,0.9942109014994625,0.5032073847885326,0.6465731445161165,0.6301635784224372,0.4655349790075977,0.9806309845734967,0.9669930748632569,0.9792994468775184,0.2236358506935987,0.8988252987122206,0.5138158782164411
2024-10-24,0.9611088316396426,0.9561507275569505,0.9608805880694553,0.9568608879158742,0.06731051851807643,0.9778047805357699,0.9933634627938341,0.48715546456013115,0.6428207364563262,0.6281330086645247,0.4603295184980225,0.9779561818282733,0.9672360974714806,0.9780729892168593,0.21552963804989766,0.8942844138614283,0.5172061371786529
2024-10-25,0.9592421898138221,0.9534144155945337,0.950525435821767,0.9427210757337154,0.07231471852493968,0.9765546812851071,0.9915900756563056,0.39551960521044693,0.6267420820811502,0.6227608618454298,0.4306281414094391,0.9744874297100404,0.9665000945254159,0.9759456879534819,0.22006000697394718,0.8894983365806343,0.47825268519584635
2024-10-28,0.9517758197654618,0.9468890525052873,0.954180216903632,0.9458402090553886,0.05989075506126936,0.974916627137602,0.9896864038886317,0.4209636674841303,0.6173037893455002,0.6162632211853953,0.4206242670804747,0.9701318767726449,0.967002212181725,0.9740028979448473,0.21220924138747005,0.8936756728463345,0.5350458768334184
2024-10-29,0.940368907662877,0.9359434597029435,0.9377338216944475,0.9292051549349145,0.11577695650941383,0.9704335536426214,0.9877796440527677,0.32597302022411356,0.5947313997012758,0.6058038262246229,0.38541048739978223,0.9684130461796873,0.9637921307880568,0.9714957220590966,0.2160247426682672,0.8867600620276901,0.4696974338379591
2024-10-30,0.9293767604203118,0.9254188180120317,0.9314395618784792,0.926501841337108,0.10152677336524243,0.9657996115939735,0.9860105165157451,0.3120375144225329,0.5751338765931039,0.5928684241934535,0.363402669436776,0.9691039250795616,0.9594109184545316,0.9696071926148951,0.20814481255696476,0.8805426721091489,0.5156823456076425
2024-10-31,0.9248138454093424,0.9264710787223698,0.9296120014654403,0.9231747981535015,0.13734246244238976,0.9616182752063289,0.9844806829846862,0.2945699878306375,0.5575080550712854,0.5784117903075179,0.3498813050838654,0.9708873065576368,0.9553522319825472,0.9684349955186687,0.20526991799245659,0.8725704091189944,0.51358108305125
2024-11-01,0.9310358307460895,0.9233139190531321,0.9314395578153263,0.9237986895368593,0.09274331318623114,0.9571136682272543,0.9826819657261281,0.3007230587091928,0.5453168123661128,0.5640048890171598,0.35032334982734936,0.9719047278398832,0.9515408131342535,0.9670023223774936,0.19498523516056154,0.8783574329566112,0.5268028082645482
2024-11-04,0.92875440996588,0.9268922404976463,0.933469931906769,0.9283733536896235,0.07846179784165899,0.9545703859871153,0.9806939550058569,0.3467522995936241,0.5412111453383354,0.5515223991327309,0.36742834779523936,0.9723154866784948,0.9505183316005141,0.966687568877664,0.18765626471549568,0.8834447007000191,0.5400404782090894
2024-11-05,0.9266805404671694,0.9325755667248066,0.9308303768544739,0.9389782128262425,0.05378246799266528,0.9521348717912037,0.9792248705436888,0.44484717863847545,0.549117430988877,0.5433792427626339,0.4059982142572418,0.97232449426487,0.9501268651528318,0.9664922055100341,0.1935428534146813,0.8873227472196171,0.5601494936421544
2024-11-06,0.9457611769315899,0.9395217970502747,0.9174296210414341,0.911530227909658,0.2504725940227113,0.9471991758645935,0.9769444999532126,0.2875440110711338,0.5308152633797256,0.5325987593679046,0.38255651501455035,0.974208743386375,0.9440343785285605,0.9643323310175488,0.23042163117757308,0.8738074100456669,0.43356746859859563
2024-11-07,0.9175549617737369,0.9205773722839921,0.923723824979731,0.917560422893513,0.23719967712913492,0.9431256075211762,0.9747372193302877,0.33810477751614376,0.5234461039949879,0.5222567331187747,0.3864537110929877,0.975091026032389,0.940314041691872,0.9628779367601524,0.22976315041817613,0.886672409754711,0.5450675922581256
2024-11-08,0.9202510135395778,0.9355222481052734,0.9273785063007571,0.9377304300595268,0.14666752208547126,0.9426083175547595,0.9731292684794124,0.48432110573936804,0.5379288227127137,0.5173588146821569,0.43484328765810243,0.9740983727891411,0.9395526990973933,0.9619879283798723,0.242478331851519,0.8951015757524716,0.592552086994665
2024-11-11,0.9378799009964831,0.9445734149135716,0.9401702277508857,0.9319081449376052,0.11300032675008989,0.9411642324703626,0.971331284850314,0.4505878951090575,0.5450982608365622,0.5151115674627249,0.4584035958353529,0.9720869879436033,0.9385021436854541,0.9604358482160492,0.24793913509629883,0.8883220123733719,0.5053635785909052
2024-11-12,0.9405763362889581,0.9340490875688741,0.9403734516348348,0.9337798190876785,0.17632419576955613,0.9416384051567126,0.9698037375133848,0.4636142173222635,0.5536399637024444,0.5153047113616018,0.48009484386626805,0.9676501043865587,0.9389358885147412,0.9584170765267609,0.23682774470887696,0.8982042761442824,0.5309527911660393
2024-11-13,0.9364280896636947,0.934048758827364,0.9385458328052434,0.9387701411667513,0.07581646492210964,0.942910037891469,0.9689632142606466,0.4988549014185414,0.5660713009209577,0.5183567830599656,0.5055062263024228,0.9630326082808397,0.9401858118185515,0.9567239104501887,0.22936560833564695,0.9031619296424926,0.5413337385038083
2024-11-14,0.9370502891052728,0.938048198159394,0.9428097221512539,0.9346112967378537,0.08761229236822199,0.9440954528367183,0.9685758351578053,0.47101198913670406,0.5728659514510178,0.5223821706321562,0.5141574772733064,0.959567013299644,0.9406581035501671,0.9552152471831356,0.22180198798001488,0.897626312115781,0.5108998585181809
2024-11-15,0.9355985952623835,0.9279447367152902,0.9287998675812645,0.9198477549698951,0.14411320174803838,0.9436859309145287,0.9674721948463427,0.38123133492308514,0.565265499694633,0.5238309304049338,0.49125529890480474,0.9548789660970826,0.9404475418484362,0.9527406276360447,0.2217591263784195,0.8893223009898639,0.4755599029987377
2024-11-18,0.9260582914517836,0.9281551615048711,0.9314395584404371,0.9314923252137386,0.10514937253538673,0.9440092182765849,0.9673698677543612,0.46745467086696535,0.5711303466809856,0.5263569453015547,0.5008304067260677,0.952640445712248,0.9404717193810035,0.9516226995494753,0.2204503137549942,0.8957171885887998,0.5638234028757088
2024-11-19,0.9382950888767754,0.932786182738433,0.9332670117025312,0.9337798190876785,0.09430544717764014,0.9434703948260739,0.9670555899931714,0.4836300749450352,0.5787415173032838,0.5301518059092598,0.5121084542593493,0.9478086658439447,0.942316089376867,0.9501249052857571,0.22050414880054792,0.9015807528182508,0.5323412888050858
2024-11-20,0.921080716500664,0.9186830192805124,0.9208812531826351,0.9252542203679504,0.08932810334254898,0.9448929128851244,0.9660835082110708,0.4295020569127268,0.577538114527125,0.5329071994196807,0.5028692227042089,0.9429315693926511,0.9436739178797644,0.948355765973755,0.231659886358058,0.8959610651381396,0.49631351273538027
2024-11-21,0.9295840159972455,0.9388903063589253,0.9322515644582248,0.9433448053195153,0.09676726292341364,0.9475655134242114,0.9660104125564699,0.5526412571032172,0.5942935925950091,0.5390169626010193,0.5326843060215385,0.9394676301574792,0.9457173481165624,0.947650277293442,0.24170137052442786,0.9019452517615986,0.5852774270238096
2024-11-22,0.9550942969626883,0.9542564370293543,0.9596624494159431,0.9589403101303231,0.08957577692666921,0.9497639580475743,0.9661565868045219,0.638986777076217,0.6225988506137808,0.5505023004400856,0.5804647303701863,0.9436876353659,0.9432026599295271,0.948496860331728,0.24245874692267783,0.9075770747855918,0.5763639023439736
2024-11-25,0.9725156621270246,0.9694116696880475,0.9718448375666029,0.9682975482977845,0.09762218439149137,0.9535357892836553,0.9663904667388157,0.6847240996669648,0.6538059290725611,0.5669644684359636,0.624700941741887,0.9497730491900213,0.939481177811389,0.9496690489827303,0.24220961979745964,0.9136031502767881,0.5554186978249254
2024-11-26,0.9696121458955913,0.9710957127991033,0.9738752870937573,0.975367454388864,0.07868112324446427,0.9578464271996212,0.9664927881437471,0.7174245760390165,0.6847952262478516,0.5873573390358451,0.659638720559196,0.9582421870995229,0.935825723292379,0.9520785474072778,0.23499780192998138,0.9187011643789349,0.547785586298288
2024-11-27,0.985374412922682,0.982251669641657,0.9842303486059416,0.9789024074344035,0.08008659623386952,0.9620062133325455,0.9667632187488664,0.7336001382454115,0.7119602047042272,0.6100033808998723,0.679665877837403,0.9661058484287418,0.9334065416550188,0.9548136598897657,0.2295701483495537,0.9238680429023882,0.5362010503625494
2024-11-28,0.985374412922682,0.982251669641657,0.9842303486059416,0.9789024074344035,0.08008659623386952,0.9620062133325455,0.9667632187488664,0.7336001382454115,0.7119602047042272,0.6100033808998723,0.679665877837403,0.9661058484287418,0.9334065416550188,0.9548136598897657,0.2295701483495537,0.9238680429023882,0.524711458009463
2024-11-29,0.9808117178904727,0.9835148528988213,0.9846364774233802,0.9876359160160653,0.04897521324546391,0.9675023165056393,0.9676110498609498,0.7724680503747235,0.7406731708295163,0.6348127722747753,0.6988946606607415,0.9748773900786877,0.9313224235722757,0.9581782878171371,0.22516511609387374,0.9275105467835051,0.5530395379889682
2024-12-02,0.9882780414524353,0.9818308063189742,0.9815907526504264,0.9855564938016164,0.1350268636318198,0.9743131529229303,0.9682542381631702,0.7542880127411441,0.7601758468953425,0.6592060640270213,0.6951961878819684,0.9816240026293611,0.9309641160803912,0.9614018129413112,0.22329592081467137,0.9196517419481992,0.5180006676256865
2024-12-03,0.986411642529816,0.9795154950413354,0.9819970393403126,0.9766152371555794,0.13954914455632858,0.9789902290222714,0.9690874535565632,0.677872085315687,0.7658334287768701,0.6800393941478743,0.6635537146129318,0.9856771645515211,0.9318874464346243,0.9639198578303964,0.21775226751379234,0.9115713574303248,0.49582117869958886
2024-12-04,0.9743823695337968,0.9683593342294401,0.9720479532128612,0.9718325013433242,0.1253407376793582,0.9829344622961145,0.9694163527234936,0.6388974028625619,0.7644619955830911,0.6963863979213104,0.6236773124987991,0.9885346767870654,0.9324201816897555,0.9656347281327416,0.21450860679692735,0.9041871468870795,0.5091775014646437
2024-12-05,0.9760415792948611,0.9761474373171686,0.9777330822003161,0.9786944975724703,0.16320943188752635,0.9884736492080226,0.9701033881817844,0.6782063343440713,0.7684716573884711,0.7103985924277307,0.6029245214663466,0.9906246267433293,0.9372186769092719,0.9691404504180855,0.21086178830008434,0.9134268222680928,0.5470608579096609
2024-12-06,0.9814338172741477,0.9833042403883703,0.9787481691553079,0.9701688988527419,0.08176958299825285,0.9912540177913369,0.9705711537374218,0.6081965109890589,0.7622843928316988,0.7201661902980248,0.5651967172079864,0.991209080435865,0.9420179520549417,0.97188641501346,0.21667743558780767,0.9081774818898267,0.4970544164040747
2024-12-09,0.9750044842226153,0.9746739592109142,0.9716417259718215,0.9674657470524934,0.14791633407287272,0.9921376956292502,0.9714409084275406,0.586643140500063,0.7536149336878112,0.7259595488648003,0.5298719654417351,0.9924314623068419,0.9438486056581199,0.9734384867320592,0.220173713165997,0.8996871274412875,0.5158987903491439
2024-12-10,0.9685751713053594,0.9738319854476278,0.9681900646073818,0.9755753642507972,0.10141338063998256,0.9928920551682161,0.972486074490142,0.6389530284310438,0.7531952690040437,0.7304964182313197,0.5187037479021595,0.9940798568578212,0.9466820340377655,0.9757177513567444,0.22754507333512136,0.9058989614192562,0.5511917750001673
2024-12-11,0.9806042000223405,0.9795153648490604,0.970423526805553,0.9624752631758628,0.10960302102092245,0.9915557548986726,0.9736554912227604,0.5362476395950061,0.7394406731612789,0.7309199255851465,0.4821424135370012,0.9941288417180173,0.9495665800920572,0.9772155456204626,0.23946682814455605,0.8992858569438875,0.48213759396673606
2024-12-12,0.9756266569117988,0.9692012652608464,0.9734691845221293,0.9674657470524934,0.0553639981081319,0.9903703231827972,0.9750953385604981,0.5700635066992488,0.7322861643462434,0.7295911237343014,0.46656713410731065,0.9946425739311405,0.9519916307848146,0.9787133483294052,0.23372014807300506,0.9032413942135755,0.5410545627673277
2024-12-13,0.9665013004390024,0.9670964803091762,0.9635202729044083,0.9630993163567785,0.09629727991740233,0.9878270577132842,0.9764986522885604,0.5365094022479894,0.7216477718352855,0.7260484339526369,0.4468891440262269,0.9942916350743617,0.9552503943675195,0.980200315815909,0.2372683235855677,0.8972802355016999,0.5104537604988262
2024-12-16,0.9660863673927915,0.9662544427870818,0.9627078877089108,0.9541577361156257,0.07154036557217819,0.9845725164436201,0.9775657476162471,0.47138801146263754,0.7041293206448734,0.7191309962656953,0.4168929301792026,0.9911141741620276,0.9618989050677773,0.981991167798908,0.2405632966875726,0.8925320994466575,0.495439802468389
2024-12-17,0.9530201734359685,0.9538351967360175,0.9574288168054532,0.9512465126558858,0.10199078833308217,0.9819429996433473,0.97836972019816,0.4510282632100734,0.687050613339204,0.7096162578993173,0.3938070023433555,0.9893333572400428,0.965678748518626,0.9830222620919374,0.23315170399545793,0.8862919740344578,0.5151308983988513
2024-12-18,0.947213166727696,0.9441527050806786,0.934688201907653,0.9254622920274416,0.2316031493337431,0.9771366387863112,0.9778946467831775,0.3022145161999156,0.6491548549528896,0.6931715394118608,0.33221035231137985,0.9907281132757332,0.9634495650485593,0.9825881184599076,0.24848044912192957,0.8737011892344585,0.43971222129654575
2024-12-19,0.9264730964568673,0.9258396451967355,0.9235208524816254,0.9136096501241069,0.2100495794771103,0.9703904699038071,0.9779677367507287,0.24963238024894707,0.6083890287798557,0.6705138674598735,0.27698694423036174,0.9931711054368985,0.9598438948602035,0.9819803156860215,0.2512914386683612,0.8621664717701196,0.48503461997870406
2024-12-20,0.9152735369860674,0.922471870016143,0.9172264681567768,0.9194319352460285,0.1392835668576936,0.965131486615141,0.9780335188589349,0.29909384077225776,0.5823419827540471,0.6463165576457904,0.26330197935159677,0.9959942394664835,0.9546084146478178,0.9807321537995896,0.2586614382754253,0.8702338436903375,0.5443410776353991
2024-12-23,0.9158920043515897,0.9104987827075621,0.9051063190038608,0.9106741570306782,0.14575292023567782,0.9592449297218941,0.9770825132844088,0.25949027090973753,0.55451036851076,0.6204715816968304,0.24865681262581318,0.9995778879416243,0.9461318231841049,0.9782128421268991,0.2698497732788797,0.8618494907395629,0.49528835202046567
2024-12-24,0.9117122953800223,0.9160128468690056,0.9169718453956934,0.9215689573910986,0.03330911304508703,0.9536470623887672,0.9767190994105794,0.3495173283464752,0.5439471051885557,0.5973334641136248,0.27271653639534604,1.0,0.9409383081019151,0.9757737854182248,0.26655564235166723,0.8647243975679015,0.5615080855913065
2024-12-25,0.9117122953800223,0.9160128468690056,0.9169718453956934,0.9215689573910986,0.03330911304508703,0.9536470623887672,0.9767190994105794,0.3495173283464752,0.5439471051885557,0.5973334641136248,0.27271653639534604,1.0,0.9409383081019151,0.9757737854182248,0.26655564235166723,0.8647243975679015,0.524711458009463
2024-12-26,0.9209071172775147,0.9213150495535041,0.9267918388995602,0.9268068297337961,0.038099955687316577,0.9499499610632178,0.9764740046135396,0.3901913763399567,0.5417517583224544,0.5783112679152765,0.3093006195633569,0.99860713754472,0.9373520682496819,0.9732391034377884,0.25614341765323745,0.867834042885428,0.5422863032010963
2024-12-27,0.9215340452402765,0.920890976152341,0.922495655956961,0.9186357294634808,0.07313233975444505,0.9448886363754327,0.9757662967282297,0.3464617744778574,0.5336177127089429,0.5611975880185291,0.32626433499342833,0.9967489837363995,0.93302939521714,0.9700934094983317,0.25254945125244144,0.863007904348927,0.49738064452573466
2024-12-30,0.9140110984214762,0.9058327132281099,0.9042879061624771,0.8991507731577204,0.08279459355422036,0.9382602476010227,0.9745198887117095,0.2573686940901919,0.5103599413573214,0.542085609564436,0.30850259617951203,0.9945340718845358,0.9261752345382377,0.965474817815616,0.26423836184111593,0.857708341192065,0.45921737260341217
